location,latitude,longitude,timestamp,temperature,temp_min,temp_max,pressure,humidity,wind_speed,clouds,weather_description,rain_3h,pop,state,district
"Muzaffarnagar, Uttar Pradesh",29.4727,77.7085,2026-09-17 08:30:00,25.55,25.55,27.16,1007,89,3.05,48,light rain,0.99,97.0,Uttar Pradesh,Muzaffarnagar
"Muzaffarnagar, Uttar Pradesh",29.4727,77.7085,2026-09-17 11:30:00,29.59,29.59,32.02,1007,74,2.17,38,scattered clouds,0.0,75.0,Uttar Pradesh,Muzaffarnagar
"Muzaffarnagar, Uttar Pradesh",29.4727,77.7085,2026-09-17 14:30:00,33.81,33.81,33.81,1005,57,0.87,53,broken clouds,0.0,0.0,Uttar Pradesh,Muzaffarnagar
"Muzaffarnagar, Uttar Pradesh",29.4727,77.7085,2026-09-17 17:30:00,31.7,31.7,31.7,1003,71,2.92,43,scattered clouds,0.0,0.0,Uttar Pradesh,Muzaffarnagar
"Muzaffarnagar, Uttar Pradesh",29.4727,77.7085,2026-09-17 20:30:00,22.68,22.68,22.68,1006,89,3.91,41,moderate rain,3.73,100.0,Uttar Pradesh,Muzaffarnagar
"Muzaffarnagar, Uttar Pradesh",29.4727,77.7085,2026-09-17 23:30:00,23.82,23.82,23.82,1008,93,3.66,71,broken clouds,0.0,80.0,Uttar Pradesh,Muzaffarnagar
"Muzaffarnagar, Uttar Pradesh",29.4727,77.7085,2026-09-18 02:30:00,23.9,23.9,23.9,1007,93,0.46,100,overcast clouds,0.0,0.0,Uttar Pradesh,Muzaffarnagar
"Muzaffarnagar, Uttar Pradesh",29.4727,77.7085,2026-09-18 05:30:00,23.1,23.1,23.1,1008,95,1.24,97,overcast clouds,0.0,0.0,Uttar Pradesh,Muzaffarnagar
"Muzaffarnagar, Uttar Pradesh",29.4727,77.7085,2026-09-18 08:30:00,25.89,25.89,25.89,1009,81,0.76,87,overcast clouds,0.0,0.0,Uttar Pradesh,Muzaffarnagar
"Muzaffarnagar, Uttar Pradesh",29.4727,77.7085,2026-09-18 11:30:00,30.21,30.21,30.21,1009,64,2.29,68,broken clouds,0.0,0.0,Uttar Pradesh,Muzaffarnagar
"Muzaffarnagar, Uttar Pradesh",29.4727,77.7085,2026-09-18 14:30:00,31.63,31.63,31.63,1007,58,1.97,8,clear sky,0.0,0.0,Uttar Pradesh,Muzaffarnagar
"Muzaffarnagar, Uttar Pradesh",29.4727,77.7085,2026-09-18 17:30:00,30.33,30.33,30.33,1006,69,0.82,7,clear sky,0.0,0.0,Uttar Pradesh,Muzaffarnagar
"Muzaffarnagar, Uttar Pradesh",29.4727,77.7085,2026-09-18 20:30:00,27.35,27.35,27.35,1008,73,2.34,4,clear sky,0.0,0.0,Uttar Pradesh,Muzaffarnagar
"Muzaffarnagar, Uttar Pradesh",29.4727,77.7085,2026-09-18 23:30:00,25.88,25.88,25.88,1008,80,1.89,4,light rain,0.41,21.0,Uttar Pradesh,Muzaffarnagar
"Muzaffarnagar, Uttar Pradesh",29.4727,77.7085,2026-09-19 02:30:00,24.24,24.24,24.24,1008,85,1.86,0,light rain,0.33,49.0,Uttar Pradesh,Muzaffarnagar
"Muzaffarnagar, Uttar Pradesh",29.4727,77.7085,2026-09-19 05:30:00,23.19,23.19,23.19,1009,90,1.37,0,light rain,0.51,100.0,Uttar Pradesh,Muzaffarnagar
"Muzaffarnagar, Uttar Pradesh",29.4727,77.7085,2026-09-19 08:30:00,26.7,26.7,26.7,1011,78,1.3,0,clear sky,0.0,0.0,Uttar Pradesh,Muzaffarnagar
"Muzaffarnagar, Uttar Pradesh",29.4727,77.7085,2026-09-19 11:30:00,31.7,31.7,31.7,1011,59,1.09,0,clear sky,0.0,0.0,Uttar Pradesh,Muzaffarnagar
"Muzaffarnagar, Uttar Pradesh",29.4727,77.7085,2026-09-19 14:30:00,33.25,33.25,33.25,1008,51,1.0,0,clear sky,0.0,0.0,Uttar Pradesh,Muzaffarnagar
"Muzaffarnagar, Uttar Pradesh",29.4727,77.7085,2026-09-19 17:30:00,30.88,30.88,30.88,1008,63,1.58,0,clear sky,0.0,0.0,Uttar Pradesh,Muzaffarnagar
"Muzaffarnagar, Uttar Pradesh",29.4727,77.7085,2026-09-19 20:30:00,26.55,26.55,26.55,1010,73,2.28,0,clear sky,0.0,0.0,Uttar Pradesh,Muzaffarnagar
"Muzaffarnagar, Uttar Pradesh",29.4727,77.7085,2026-09-19 23:30:00,23.88,23.88,23.88,1011,84,2.11,0,light rain,0.56,38.0,Uttar Pradesh,Muzaffarnagar
"Muzaffarnagar, Uttar Pradesh",29.4727,77.7085,2026-09-20 02:30:00,23.79,23.79,23.79,1011,87,1.55,0,clear sky,0.0,0.0,Uttar Pradesh,Muzaffarnagar
"Muzaffarnagar, Uttar Pradesh",29.4727,77.7085,2026-09-20 05:30:00,23.34,23.34,23.34,1011,91,2.15,0,light rain,0.37,20.0,Uttar Pradesh,Muzaffarnagar
"Muzaffarnagar, Uttar Pradesh",29.4727,77.7085,2026-09-20 08:30:00,26.76,26.76,26.76,1013,81,2.7,0,clear sky,0.0,0.0,Uttar Pradesh,Muzaffarnagar
"Muzaffarnagar, Uttar Pradesh",29.4727,77.7085,2026-09-20 11:30:00,31.11,31.11,31.11,1013,63,1.97,0,clear sky,0.0,0.0,Uttar Pradesh,Muzaffarnagar
"Muzaffarnagar, Uttar Pradesh",29.4727,77.7085,2026-09-20 14:30:00,33.43,33.43,33.43,1010,52,0.6,0,clear sky,0.0,0.0,Uttar Pradesh,Muzaffarnagar
"Muzaffarnagar, Uttar Pradesh",29.4727,77.7085,2026-09-20 17:30:00,30.88,30.88,30.88,1009,65,1.42,0,clear sky,0.0,0.0,Uttar Pradesh,Muzaffarnagar
"Muzaffarnagar, Uttar Pradesh",29.4727,77.7085,2026-09-20 20:30:00,27.34,27.34,27.34,1009,70,1.6,0,clear sky,0.0,0.0,Uttar Pradesh,Muzaffarnagar
"Muzaffarnagar, Uttar Pradesh",29.4727,77.7085,2026-09-20 23:30:00,26.11,26.11,26.11,1010,74,1.18,0,clear sky,0.0,0.0,Uttar Pradesh,Muzaffarnagar
"Muzaffarnagar, Uttar Pradesh",29.4727,77.7085,2026-09-21 02:30:00,24.97,24.97,24.97,1009,79,0.98,0,clear sky,0.0,0.0,Uttar Pradesh,Muzaffarnagar
"Muzaffarnagar, Uttar Pradesh",29.4727,77.7085,2026-09-21 05:30:00,24.15,24.15,24.15,1009,82,1.5,0,clear sky,0.0,0.0,Uttar Pradesh,Muzaffarnagar
"Muzaffarnagar, Uttar Pradesh",29.4727,77.7085,2026-09-21 08:30:00,27.39,27.39,27.39,1010,73,1.97,0,clear sky,0.0,0.0,Uttar Pradesh,Muzaffarnagar
"Muzaffarnagar, Uttar Pradesh",29.4727,77.7085,2026-09-21 11:30:00,32.39,32.39,32.39,1010,56,0.27,0,clear sky,0.0,0.0,Uttar Pradesh,Muzaffarnagar
"Muzaffarnagar, Uttar Pradesh",29.4727,77.7085,2026-09-21 14:30:00,33.77,33.77,33.77,1006,49,1.69,0,clear sky,0.0,0.0,Uttar Pradesh,Muzaffarnagar
"Muzaffarnagar, Uttar Pradesh",29.4727,77.7085,2026-09-21 17:30:00,31.4,31.4,31.4,1005,64,1.14,0,clear sky,0.0,0.0,Uttar Pradesh,Muzaffarnagar
"Muzaffarnagar, Uttar Pradesh",29.4727,77.7085,2026-09-21 20:30:00,27.76,27.76,27.76,1006,68,1.6,0,clear sky,0.0,0.0,Uttar Pradesh,Muzaffarnagar
"Muzaffarnagar, Uttar Pradesh",29.4727,77.7085,2026-09-21 23:30:00,26.47,26.47,26.47,1006,73,1.85,0,clear sky,0.0,0.0,Uttar Pradesh,Muzaffarnagar
"Muzaffarnagar, Uttar Pradesh",29.4727,77.7085,2026-09-22 02:30:00,25.24,25.24,25.24,1006,79,2.43,0,clear sky,0.0,0.0,Uttar Pradesh,Muzaffarnagar
"Muzaffarnagar, Uttar Pradesh",29.4727,77.7085,2026-09-22 05:30:00,24.47,24.47,24.47,1007,82,2.68,0,clear sky,0.0,0.0,Uttar Pradesh,Muzaffarnagar
"Meerut, Uttar Pradesh",28.9845,77.7064,2026-09-17 08:30:00,27.48,27.48,28.85,1007,80,2.93,48,scattered clouds,0.0,15.0,Uttar Pradesh,Meerut
"Meerut, Uttar Pradesh",28.9845,77.7064,2026-09-17 11:30:00,31.67,31.67,34.11,1007,66,1.65,28,scattered clouds,0.0,4.0,Uttar Pradesh,Meerut
"Meerut, Uttar Pradesh",28.9845,77.7064,2026-09-17 14:30:00,35.51,35.51,35.51,1005,47,1.22,86,overcast clouds,0.0,0.0,Uttar Pradesh,Meerut
"Meerut, Uttar Pradesh",28.9845,77.7064,2026-09-17 17:30:00,33.65,33.65,33.65,1003,62,3.08,66,broken clouds,0.0,0.0,Uttar Pradesh,Meerut
"Meerut, Uttar Pradesh",28.9845,77.7064,2026-09-17 20:30:00,23.71,23.71,23.71,1007,87,4.22,41,moderate rain,4.38,100.0,Uttar Pradesh,Meerut
"Meerut, Uttar Pradesh",28.9845,77.7064,2026-09-17 23:30:00,25.07,25.07,25.07,1008,87,4.43,70,moderate rain,6.55,100.0,Uttar Pradesh,Meerut
"Meerut, Uttar Pradesh",28.9845,77.7064,2026-09-18 02:30:00,25.53,25.53,25.53,1007,85,1.18,100,overcast clouds,0.0,0.0,Uttar Pradesh,Meerut
"Meerut, Uttar Pradesh",28.9845,77.7064,2026-09-18 05:30:00,24.6,24.6,24.6,1008,86,2.06,95,overcast clouds,0.0,0.0,Uttar Pradesh,Meerut
"Meerut, Uttar Pradesh",28.9845,77.7064,2026-09-18 08:30:00,27.1,27.1,27.1,1009,69,1.32,95,overcast clouds,0.0,0.0,Uttar Pradesh,Meerut
"Meerut, Uttar Pradesh",28.9845,77.7064,2026-09-18 11:30:00,31.18,31.18,31.18,1009,54,3.16,69,broken clouds,0.0,0.0,Uttar Pradesh,Meerut
"Meerut, Uttar Pradesh",28.9845,77.7064,2026-09-18 14:30:00,32.68,32.68,32.68,1007,49,2.23,12,few clouds,0.0,0.0,Uttar Pradesh,Meerut
"Meerut, Uttar Pradesh",28.9845,77.7064,2026-09-18 17:30:00,31.51,31.51,31.51,1006,59,0.91,39,scattered clouds,0.0,0.0,Uttar Pradesh,Meerut
"Meerut, Uttar Pradesh",28.9845,77.7064,2026-09-18 20:30:00,28.64,28.64,28.64,1008,66,2.36,38,scattered clouds,0.0,0.0,Uttar Pradesh,Meerut
"Meerut, Uttar Pradesh",28.9845,77.7064,2026-09-18 23:30:00,28.56,28.56,28.56,1008,68,1.69,20,few clouds,0.0,0.0,Uttar Pradesh,Meerut
"Meerut, Uttar Pradesh",28.9845,77.7064,2026-09-19 02:30:00,26.24,26.24,26.24,1008,73,1.89,0,light rain,0.23,46.0,Uttar Pradesh,Meerut
"Meerut, Uttar Pradesh",28.9845,77.7064,2026-09-19 05:30:00,25.51,25.51,25.51,1009,75,1.25,0,light rain,0.1,24.0,Uttar Pradesh,Meerut
"Meerut, Uttar Pradesh",28.9845,77.7064,2026-09-19 08:30:00,28.34,28.34,28.34,1011,66,1.28,0,light rain,0.15,20.0,Uttar Pradesh,Meerut
"Meerut, Uttar Pradesh",28.9845,77.7064,2026-09-19 11:30:00,33.12,33.12,33.12,1011,48,0.98,0,clear sky,0.0,0.0,Uttar Pradesh,Meerut
"Meerut, Uttar Pradesh",28.9845,77.7064,2026-09-19 14:30:00,34.83,34.83,34.83,1008,42,1.34,0,clear sky,0.0,0.0,Uttar Pradesh,Meerut
"Meerut, Uttar Pradesh",28.9845,77.7064,2026-09-19 17:30:00,32.54,32.54,32.54,1007,53,2.1,0,clear sky,0.0,0.0,Uttar Pradesh,Meerut
"Meerut, Uttar Pradesh",28.9845,77.7064,2026-09-19 20:30:00,27.31,27.31,27.31,1010,67,2.29,40,light rain,0.37,57.99999999999999,Uttar Pradesh,Meerut
"Meerut, Uttar Pradesh",28.9845,77.7064,2026-09-19 23:30:00,25.85,25.85,25.85,1011,75,2.09,29,light rain,0.18,33.0,Uttar Pradesh,Meerut
"Meerut, Uttar Pradesh",28.9845,77.7064,2026-09-20 02:30:00,25.62,25.62,25.62,1010,79,1.44,38,scattered clouds,0.0,0.0,Uttar Pradesh,Meerut
"Meerut, Uttar Pradesh",28.9845,77.7064,2026-09-20 05:30:00,25.17,25.17,25.17,1011,83,2.3,19,few clouds,0.0,0.0,Uttar Pradesh,Meerut
"Meerut, Uttar Pradesh",28.9845,77.7064,2026-09-20 08:30:00,28.07,28.07,28.07,1013,74,3.03,0,clear sky,0.0,0.0,Uttar Pradesh,Meerut
"Meerut, Uttar Pradesh",28.9845,77.7064,2026-09-20 11:30:00,32.44,32.44,32.44,1013,56,2.4,0,clear sky,0.0,0.0,Uttar Pradesh,Meerut
"Meerut, Uttar Pradesh",28.9845,77.7064,2026-09-20 14:30:00,34.73,34.73,34.73,1010,45,0.89,0,clear sky,0.0,0.0,Uttar Pradesh,Meerut
"Meerut, Uttar Pradesh",28.9845,77.7064,2026-09-20 17:30:00,32.62,32.62,32.62,1009,54,2.0,0,clear sky,0.0,0.0,Uttar Pradesh,Meerut
"Meerut, Uttar Pradesh",28.9845,77.7064,2026-09-20 20:30:00,29.33,29.33,29.33,1009,62,1.71,0,clear sky,0.0,0.0,Uttar Pradesh,Meerut
"Meerut, Uttar Pradesh",28.9845,77.7064,2026-09-20 23:30:00,27.94,27.94,27.94,1010,66,1.13,0,clear sky,0.0,0.0,Uttar Pradesh,Meerut
"Meerut, Uttar Pradesh",28.9845,77.7064,2026-09-21 02:30:00,27.04,27.04,27.04,1009,69,1.47,0,clear sky,0.0,0.0,Uttar Pradesh,Meerut
"Meerut, Uttar Pradesh",28.9845,77.7064,2026-09-21 05:30:00,26.01,26.01,26.01,1009,73,1.8,0,clear sky,0.0,0.0,Uttar Pradesh,Meerut
"Meerut, Uttar Pradesh",28.9845,77.7064,2026-09-21 08:30:00,28.88,28.88,28.88,1010,65,1.91,0,clear sky,0.0,0.0,Uttar Pradesh,Meerut
"Meerut, Uttar Pradesh",28.9845,77.7064,2026-09-21 11:30:00,33.7,33.7,33.7,1009,49,0.79,0,clear sky,0.0,0.0,Uttar Pradesh,Meerut
"Meerut, Uttar Pradesh",28.9845,77.7064,2026-09-21 14:30:00,35.64,35.64,35.64,1006,40,1.24,0,clear sky,0.0,0.0,Uttar Pradesh,Meerut
"Meerut, Uttar Pradesh",28.9845,77.7064,2026-09-21 17:30:00,33.01,33.01,33.01,1005,52,2.27,0,clear sky,0.0,0.0,Uttar Pradesh,Meerut
"Meerut, Uttar Pradesh",28.9845,77.7064,2026-09-21 20:30:00,29.99,29.99,29.99,1006,58,1.82,0,clear sky,0.0,0.0,Uttar Pradesh,Meerut
"Meerut, Uttar Pradesh",28.9845,77.7064,2026-09-21 23:30:00,28.35,28.35,28.35,1006,65,2.26,0,clear sky,0.0,0.0,Uttar Pradesh,Meerut
"Meerut, Uttar Pradesh",28.9845,77.7064,2026-09-22 02:30:00,27.32,27.32,27.32,1006,69,1.83,0,clear sky,0.0,0.0,Uttar Pradesh,Meerut
"Meerut, Uttar Pradesh",28.9845,77.7064,2026-09-22 05:30:00,26.28,26.28,26.28,1007,74,2.8,0,clear sky,0.0,0.0,Uttar Pradesh,Meerut
"Bijnor, Uttar Pradesh",29.3732,78.1369,2026-09-17 08:30:00,25.48,25.48,27.07,1007,89,2.82,57,light rain,2.02,100.0,Uttar Pradesh,Bijnor
"Bijnor, Uttar Pradesh",29.3732,78.1369,2026-09-17 11:30:00,29.45,29.45,31.84,1007,74,2.51,45,scattered clouds,0.0,80.0,Uttar Pradesh,Bijnor
"Bijnor, Uttar Pradesh",29.3732,78.1369,2026-09-17 14:30:00,33.46,33.46,33.46,1005,57,0.97,62,light rain,0.26,32.0,Uttar Pradesh,Bijnor
"Bijnor, Uttar Pradesh",29.3732,78.1369,2026-09-17 17:30:00,31.54,31.54,31.54,1003,70,2.88,62,broken clouds,0.0,17.0,Uttar Pradesh,Bijnor
"Bijnor, Uttar Pradesh",29.3732,78.1369,2026-09-17 20:30:00,23.32,23.32,23.32,1006,86,4.33,17,light rain,2.19,100.0,Uttar Pradesh,Bijnor
"Bijnor, Uttar Pradesh",29.3732,78.1369,2026-09-17 23:30:00,23.4,23.4,23.4,1008,95,1.87,59,light rain,1.25,100.0,Uttar Pradesh,Bijnor
"Bijnor, Uttar Pradesh",29.3732,78.1369,2026-09-18 02:30:00,23.49,23.49,23.49,1007,94,1.81,100,overcast clouds,0.0,0.0,Uttar Pradesh,Bijnor
"Bijnor, Uttar Pradesh",29.3732,78.1369,2026-09-18 05:30:00,22.91,22.91,22.91,1008,94,1.86,99,overcast clouds,0.0,0.0,Uttar Pradesh,Bijnor
"Bijnor, Uttar Pradesh",29.3732,78.1369,2026-09-18 08:30:00,25.89,25.89,25.89,1009,82,2.0,94,overcast clouds,0.0,0.0,Uttar Pradesh,Bijnor
"Bijnor, Uttar Pradesh",29.3732,78.1369,2026-09-18 11:30:00,30.37,30.37,30.37,1009,62,2.37,82,broken clouds,0.0,0.0,Uttar Pradesh,Bijnor
"Bijnor, Uttar Pradesh",29.3732,78.1369,2026-09-18 14:30:00,31.78,31.78,31.78,1007,57,2.05,13,few clouds,0.0,0.0,Uttar Pradesh,Bijnor
"Bijnor, Uttar Pradesh",29.3732,78.1369,2026-09-18 17:30:00,30.29,30.29,30.29,1007,69,1.22,23,few clouds,0.0,0.0,Uttar Pradesh,Bijnor
"Bijnor, Uttar Pradesh",29.3732,78.1369,2026-09-18 20:30:00,26.89,26.89,26.89,1008,75,2.29,16,few clouds,0.0,16.0,Uttar Pradesh,Bijnor
"Bijnor, Uttar Pradesh",29.3732,78.1369,2026-09-18 23:30:00,25.66,25.66,25.66,1009,82,2.15,8,light rain,0.76,56.99999999999999,Uttar Pradesh,Bijnor
"Bijnor, Uttar Pradesh",29.3732,78.1369,2026-09-19 02:30:00,24.21,24.21,24.21,1008,85,0.81,0,light rain,0.48,94.0,Uttar Pradesh,Bijnor
"Bijnor, Uttar Pradesh",29.3732,78.1369,2026-09-19 05:30:00,23.57,23.57,23.57,1009,88,1.1,0,light rain,0.33,71.0,Uttar Pradesh,Bijnor
"Bijnor, Uttar Pradesh",29.3732,78.1369,2026-09-19 08:30:00,26.82,26.82,26.82,1011,77,0.56,0,clear sky,0.0,0.0,Uttar Pradesh,Bijnor
"Bijnor, Uttar Pradesh",29.3732,78.1369,2026-09-19 11:30:00,31.67,31.67,31.67,1011,59,0.93,0,clear sky,0.0,0.0,Uttar Pradesh,Bijnor
"Bijnor, Uttar Pradesh",29.3732,78.1369,2026-09-19 14:30:00,33.34,33.34,33.34,1008,50,1.01,0,clear sky,0.0,0.0,Uttar Pradesh,Bijnor
"Bijnor, Uttar Pradesh",29.3732,78.1369,2026-09-19 17:30:00,31.36,31.36,31.36,1008,62,0.71,0,clear sky,0.0,0.0,Uttar Pradesh,Bijnor
"Bijnor, Uttar Pradesh",29.3732,78.1369,2026-09-19 20:30:00,27.24,27.24,27.24,1010,70,2.52,0,clear sky,0.0,0.0,Uttar Pradesh,Bijnor
"Bijnor, Uttar Pradesh",29.3732,78.1369,2026-09-19 23:30:00,25.35,25.35,25.35,1011,80,0.4,8,clear sky,0.0,0.0,Uttar Pradesh,Bijnor
"Bijnor, Uttar Pradesh",29.3732,78.1369,2026-09-20 02:30:00,24.55,24.55,24.55,1011,86,2.17,0,clear sky,0.0,0.0,Uttar Pradesh,Bijnor
"Bijnor, Uttar Pradesh",29.3732,78.1369,2026-09-20 05:30:00,23.71,23.71,23.71,1011,88,1.69,0,light rain,0.37,23.0,Uttar Pradesh,Bijnor
"Bijnor, Uttar Pradesh",29.3732,78.1369,2026-09-20 08:30:00,26.98,26.98,26.98,1013,77,2.34,0,clear sky,0.0,0.0,Uttar Pradesh,Bijnor
"Bijnor, Uttar Pradesh",29.3732,78.1369,2026-09-20 11:30:00,31.34,31.34,31.34,1013,62,1.62,0,clear sky,0.0,0.0,Uttar Pradesh,Bijnor
"Bijnor, Uttar Pradesh",29.3732,78.1369,2026-09-20 14:30:00,33.45,33.45,33.45,1010,50,1.09,0,clear sky,0.0,0.0,Uttar Pradesh,Bijnor
"Bijnor, Uttar Pradesh",29.3732,78.1369,2026-09-20 17:30:00,30.87,30.87,30.87,1009,64,1.86,0,clear sky,0.0,0.0,Uttar Pradesh,Bijnor
"Bijnor, Uttar Pradesh",29.3732,78.1369,2026-09-20 20:30:00,27.5,27.5,27.5,1010,70,1.53,0,clear sky,0.0,0.0,Uttar Pradesh,Bijnor
"Bijnor, Uttar Pradesh",29.3732,78.1369,2026-09-20 23:30:00,25.95,25.95,25.95,1010,73,0.18,0,clear sky,0.0,0.0,Uttar Pradesh,Bijnor
"Bijnor, Uttar Pradesh",29.3732,78.1369,2026-09-21 02:30:00,24.95,24.95,24.95,1009,78,0.34,0,clear sky,0.0,0.0,Uttar Pradesh,Bijnor
"Bijnor, Uttar Pradesh",29.3732,78.1369,2026-09-21 05:30:00,24.12,24.12,24.12,1009,81,1.43,0,clear sky,0.0,0.0,Uttar Pradesh,Bijnor
"Bijnor, Uttar Pradesh",29.3732,78.1369,2026-09-21 08:30:00,27.37,27.37,27.37,1010,73,1.65,0,clear sky,0.0,0.0,Uttar Pradesh,Bijnor
"Bijnor, Uttar Pradesh",29.3732,78.1369,2026-09-21 11:30:00,32.23,32.23,32.23,1010,56,0.17,0,clear sky,0.0,0.0,Uttar Pradesh,Bijnor
"Bijnor, Uttar Pradesh",29.3732,78.1369,2026-09-21 14:30:00,33.83,33.83,33.83,1006,49,1.96,0,clear sky,0.0,0.0,Uttar Pradesh,Bijnor
"Bijnor, Uttar Pradesh",29.3732,78.1369,2026-09-21 17:30:00,31.17,31.17,31.17,1005,65,1.74,0,clear sky,0.0,0.0,Uttar Pradesh,Bijnor
"Bijnor, Uttar Pradesh",29.3732,78.1369,2026-09-21 20:30:00,27.72,27.72,27.72,1006,69,1.55,0,clear sky,0.0,0.0,Uttar Pradesh,Bijnor
"Bijnor, Uttar Pradesh",29.3732,78.1369,2026-09-21 23:30:00,26.12,26.12,26.12,1007,75,2.17,0,clear sky,0.0,0.0,Uttar Pradesh,Bijnor
"Bijnor, Uttar Pradesh",29.3732,78.1369,2026-09-22 02:30:00,25.04,25.04,25.04,1007,80,2.38,0,clear sky,0.0,0.0,Uttar Pradesh,Bijnor
"Bijnor, Uttar Pradesh",29.3732,78.1369,2026-09-22 05:30:00,24.47,24.47,24.47,1007,83,2.71,0,clear sky,0.0,0.0,Uttar Pradesh,Bijnor
"Saharanpur, Uttar Pradesh",29.968,77.546,2026-09-17 08:30:00,24.49,24.49,26.25,1007,86,2.54,59,light rain,0.93,100.0,Uttar Pradesh,Saharanpur
"Saharanpur, Uttar Pradesh",29.968,77.546,2026-09-17 11:30:00,28.47,28.47,30.9,1008,74,2.38,50,scattered clouds,0.0,72.0,Uttar Pradesh,Saharanpur
"Saharanpur, Uttar Pradesh",29.968,77.546,2026-09-17 14:30:00,32.7,32.7,32.7,1005,57,1.64,35,scattered clouds,0.0,0.0,Uttar Pradesh,Saharanpur
"Saharanpur, Uttar Pradesh",29.968,77.546,2026-09-17 17:30:00,30.29,30.29,30.29,1004,69,5.19,45,light rain,0.64,55.00000000000001,Uttar Pradesh,Saharanpur
"Saharanpur, Uttar Pradesh",29.968,77.546,2026-09-17 20:30:00,22.51,22.51,22.51,1006,76,1.84,54,moderate rain,3.52,100.0,Uttar Pradesh,Saharanpur
"Saharanpur, Uttar Pradesh",29.968,77.546,2026-09-17 23:30:00,21.51,21.51,21.51,1008,84,3.29,78,light rain,0.22,100.0,Uttar Pradesh,Saharanpur
"Saharanpur, Uttar Pradesh",29.968,77.546,2026-09-18 02:30:00,22.55,22.55,22.55,1007,93,1.72,100,overcast clouds,0.0,0.0,Uttar Pradesh,Saharanpur
"Saharanpur, Uttar Pradesh",29.968,77.546,2026-09-18 05:30:00,21.88,21.88,21.88,1008,91,2.29,98,overcast clouds,0.0,0.0,Uttar Pradesh,Saharanpur
"Saharanpur, Uttar Pradesh",29.968,77.546,2026-09-18 08:30:00,25.08,25.08,25.08,1009,79,1.45,70,broken clouds,0.0,0.0,Uttar Pradesh,Saharanpur
"Saharanpur, Uttar Pradesh",29.968,77.546,2026-09-18 11:30:00,29.7,29.7,29.7,1009,64,1.49,64,broken clouds,0.0,0.0,Uttar Pradesh,Saharanpur
"Saharanpur, Uttar Pradesh",29.968,77.546,2026-09-18 14:30:00,31.18,31.18,31.18,1007,59,1.83,3,clear sky,0.0,0.0,Uttar Pradesh,Saharanpur
"Saharanpur, Uttar Pradesh",29.968,77.546,2026-09-18 17:30:00,29.93,29.93,29.93,1006,68,1.02,5,clear sky,0.0,0.0,Uttar Pradesh,Saharanpur
"Saharanpur, Uttar Pradesh",29.968,77.546,2026-09-18 20:30:00,26.33,26.33,26.33,1008,76,2.81,0,clear sky,0.0,0.0,Uttar Pradesh,Saharanpur
"Saharanpur, Uttar Pradesh",29.968,77.546,2026-09-18 23:30:00,23.76,23.76,23.76,1009,90,2.85,2,light rain,0.61,64.0,Uttar Pradesh,Saharanpur
"Saharanpur, Uttar Pradesh",29.968,77.546,2026-09-19 02:30:00,22.61,22.61,22.61,1009,92,2.51,0,light rain,1.05,100.0,Uttar Pradesh,Saharanpur
"Saharanpur, Uttar Pradesh",29.968,77.546,2026-09-19 05:30:00,22.7,22.7,22.7,1009,88,1.72,0,light rain,0.25,97.0,Uttar Pradesh,Saharanpur
"Saharanpur, Uttar Pradesh",29.968,77.546,2026-09-19 08:30:00,26.18,26.18,26.18,1011,75,1.81,0,clear sky,0.0,0.0,Uttar Pradesh,Saharanpur
"Saharanpur, Uttar Pradesh",29.968,77.546,2026-09-19 11:30:00,30.35,30.35,30.35,1011,62,1.94,0,clear sky,0.0,0.0,Uttar Pradesh,Saharanpur
"Saharanpur, Uttar Pradesh",29.968,77.546,2026-09-19 14:30:00,32.71,32.71,32.71,1009,52,0.66,0,clear sky,0.0,0.0,Uttar Pradesh,Saharanpur
"Saharanpur, Uttar Pradesh",29.968,77.546,2026-09-19 17:30:00,30.49,30.49,30.49,1008,63,1.86,0,clear sky,0.0,0.0,Uttar Pradesh,Saharanpur
"Saharanpur, Uttar Pradesh",29.968,77.546,2026-09-19 20:30:00,26.7,26.7,26.7,1010,71,1.77,0,clear sky,0.0,0.0,Uttar Pradesh,Saharanpur
"Saharanpur, Uttar Pradesh",29.968,77.546,2026-09-19 23:30:00,24.64,24.64,24.64,1011,82,3.36,32,light rain,0.44,44.0,Uttar Pradesh,Saharanpur
"Saharanpur, Uttar Pradesh",29.968,77.546,2026-09-20 02:30:00,23.81,23.81,23.81,1011,83,2.4,32,scattered clouds,0.0,0.0,Uttar Pradesh,Saharanpur
"Saharanpur, Uttar Pradesh",29.968,77.546,2026-09-20 05:30:00,22.95,22.95,22.95,1011,86,2.47,16,light rain,0.17,20.0,Uttar Pradesh,Saharanpur
"Saharanpur, Uttar Pradesh",29.968,77.546,2026-09-20 08:30:00,26.27,26.27,26.27,1013,75,2.54,0,clear sky,0.0,0.0,Uttar Pradesh,Saharanpur
"Saharanpur, Uttar Pradesh",29.968,77.546,2026-09-20 11:30:00,30.64,30.64,30.64,1013,62,2.31,0,clear sky,0.0,0.0,Uttar Pradesh,Saharanpur
"Saharanpur, Uttar Pradesh",29.968,77.546,2026-09-20 14:30:00,32.89,32.89,32.89,1010,52,0.93,0,clear sky,0.0,0.0,Uttar Pradesh,Saharanpur
"Saharanpur, Uttar Pradesh",29.968,77.546,2026-09-20 17:30:00,30.89,30.89,30.89,1009,63,0.86,0,clear sky,0.0,0.0,Uttar Pradesh,Saharanpur
"Saharanpur, Uttar Pradesh",29.968,77.546,2026-09-20 20:30:00,27.16,27.16,27.16,1010,68,1.8,0,clear sky,0.0,0.0,Uttar Pradesh,Saharanpur
"Saharanpur, Uttar Pradesh",29.968,77.546,2026-09-20 23:30:00,25.43,25.43,25.43,1010,73,1.05,0,clear sky,0.0,0.0,Uttar Pradesh,Saharanpur
"Saharanpur, Uttar Pradesh",29.968,77.546,2026-09-21 02:30:00,24.56,24.56,24.56,1009,76,1.49,0,clear sky,0.0,0.0,Uttar Pradesh,Saharanpur
"Saharanpur, Uttar Pradesh",29.968,77.546,2026-09-21 05:30:00,23.7,23.7,23.7,1009,78,1.58,0,clear sky,0.0,0.0,Uttar Pradesh,Saharanpur
"Saharanpur, Uttar Pradesh",29.968,77.546,2026-09-21 08:30:00,26.68,26.68,26.68,1011,73,2.49,0,clear sky,0.0,0.0,Uttar Pradesh,Saharanpur
"Saharanpur, Uttar Pradesh",29.968,77.546,2026-09-21 11:30:00,31.58,31.58,31.58,1010,56,1.0,0,clear sky,0.0,0.0,Uttar Pradesh,Saharanpur
"Saharanpur, Uttar Pradesh",29.968,77.546,2026-09-21 14:30:00,33.46,33.46,33.46,1007,49,2.02,0,clear sky,0.0,0.0,Uttar Pradesh,Saharanpur
"Saharanpur, Uttar Pradesh",29.968,77.546,2026-09-21 17:30:00,31.22,31.22,31.22,1005,61,1.28,0,clear sky,0.0,0.0,Uttar Pradesh,Saharanpur
"Saharanpur, Uttar Pradesh",29.968,77.546,2026-09-21 20:30:00,27.06,27.06,27.06,1006,67,2.39,0,clear sky,0.0,0.0,Uttar Pradesh,Saharanpur
"Saharanpur, Uttar Pradesh",29.968,77.546,2026-09-21 23:30:00,25.72,25.72,25.72,1007,72,1.85,0,clear sky,0.0,0.0,Uttar Pradesh,Saharanpur
"Saharanpur, Uttar Pradesh",29.968,77.546,2026-09-22 02:30:00,24.77,24.77,24.77,1006,74,2.87,0,clear sky,0.0,0.0,Uttar Pradesh,Saharanpur
"Saharanpur, Uttar Pradesh",29.968,77.546,2026-09-22 05:30:00,24.05,24.05,24.05,1007,78,2.96,0,clear sky,0.0,0.0,Uttar Pradesh,Saharanpur
"Bareilly, Uttar Pradesh",28.367,79.4304,2026-09-17 08:30:00,25.75,25.75,27.72,1008,84,1.11,39,scattered clouds,0.0,4.0,Uttar Pradesh,Bareilly
"Bareilly, Uttar Pradesh",28.367,79.4304,2026-09-17 11:30:00,29.94,29.94,32.52,1008,68,1.18,29,light rain,1.41,100.0,Uttar Pradesh,Bareilly
"Bareilly, Uttar Pradesh",28.367,79.4304,2026-09-17 14:30:00,33.73,33.73,33.73,1005,55,2.15,77,broken clouds,0.0,0.0,Uttar Pradesh,Bareilly
"Bareilly, Uttar Pradesh",28.367,79.4304,2026-09-17 17:30:00,32.1,32.1,32.1,1002,68,0.52,57,broken clouds,0.0,0.0,Uttar Pradesh,Bareilly
"Bareilly, Uttar Pradesh",28.367,79.4304,2026-09-17 20:30:00,27.0,27.0,27.0,1005,82,2.16,44,light rain,1.97,100.0,Uttar Pradesh,Bareilly
"Bareilly, Uttar Pradesh",28.367,79.4304,2026-09-17 23:30:00,23.15,23.15,23.15,1008,93,9.39,71,moderate rain,7.85,100.0,Uttar Pradesh,Bareilly
"Bareilly, Uttar Pradesh",28.367,79.4304,2026-09-18 02:30:00,23.9,23.9,23.9,1006,91,4.28,100,light rain,1.12,100.0,Uttar Pradesh,Bareilly
"Bareilly, Uttar Pradesh",28.367,79.4304,2026-09-18 05:30:00,23.75,23.75,23.75,1007,93,1.77,100,overcast clouds,0.0,83.0,Uttar Pradesh,Bareilly
"Bareilly, Uttar Pradesh",28.367,79.4304,2026-09-18 08:30:00,26.13,26.13,26.13,1009,81,2.02,76,broken clouds,0.0,0.0,Uttar Pradesh,Bareilly
"Bareilly, Uttar Pradesh",28.367,79.4304,2026-09-18 11:30:00,29.87,29.87,29.87,1009,63,1.38,68,broken clouds,0.0,0.0,Uttar Pradesh,Bareilly
"Bareilly, Uttar Pradesh",28.367,79.4304,2026-09-18 14:30:00,31.85,31.85,31.85,1007,54,1.81,18,few clouds,0.0,0.0,Uttar Pradesh,Bareilly
"Bareilly, Uttar Pradesh",28.367,79.4304,2026-09-18 17:30:00,29.82,29.82,29.82,1007,70,1.84,40,scattered clouds,0.0,0.0,Uttar Pradesh,Bareilly
"Bareilly, Uttar Pradesh",28.367,79.4304,2026-09-18 20:30:00,27.18,27.18,27.18,1008,75,2.27,70,broken clouds,0.0,0.0,Uttar Pradesh,Bareilly
"Bareilly, Uttar Pradesh",28.367,79.4304,2026-09-18 23:30:00,26.34,26.34,26.34,1008,77,0.83,86,overcast clouds,0.0,0.0,Uttar Pradesh,Bareilly
"Bareilly, Uttar Pradesh",28.367,79.4304,2026-09-19 02:30:00,25.57,25.57,25.57,1008,80,0.71,65,broken clouds,0.0,0.0,Uttar Pradesh,Bareilly
"Bareilly, Uttar Pradesh",28.367,79.4304,2026-09-19 05:30:00,24.77,24.77,24.77,1009,83,1.88,73,broken clouds,0.0,0.0,Uttar Pradesh,Bareilly
"Bareilly, Uttar Pradesh",28.367,79.4304,2026-09-19 08:30:00,27.52,27.52,27.52,1011,75,1.4,4,clear sky,0.0,0.0,Uttar Pradesh,Bareilly
"Bareilly, Uttar Pradesh",28.367,79.4304,2026-09-19 11:30:00,31.35,31.35,31.35,1011,62,1.46,5,clear sky,0.0,0.0,Uttar Pradesh,Bareilly
"Bareilly, Uttar Pradesh",28.367,79.4304,2026-09-19 14:30:00,32.76,32.76,32.76,1009,55,1.64,1,clear sky,0.0,0.0,Uttar Pradesh,Bareilly
"Bareilly, Uttar Pradesh",28.367,79.4304,2026-09-19 17:30:00,30.44,30.44,30.44,1008,69,2.6,6,clear sky,0.0,0.0,Uttar Pradesh,Bareilly
"Bareilly, Uttar Pradesh",28.367,79.4304,2026-09-19 20:30:00,27.52,27.52,27.52,1010,72,2.9,0,clear sky,0.0,0.0,Uttar Pradesh,Bareilly
"Bareilly, Uttar Pradesh",28.367,79.4304,2026-09-19 23:30:00,26.6,26.6,26.6,1011,73,2.54,0,clear sky,0.0,0.0,Uttar Pradesh,Bareilly
"Bareilly, Uttar Pradesh",28.367,79.4304,2026-09-20 02:30:00,25.37,25.37,25.37,1010,77,1.31,0,clear sky,0.0,0.0,Uttar Pradesh,Bareilly
"Bareilly, Uttar Pradesh",28.367,79.4304,2026-09-20 05:30:00,24.69,24.69,24.69,1011,80,1.19,0,clear sky,0.0,0.0,Uttar Pradesh,Bareilly
"Bareilly, Uttar Pradesh",28.367,79.4304,2026-09-20 08:30:00,27.76,27.76,27.76,1013,73,1.24,0,clear sky,0.0,0.0,Uttar Pradesh,Bareilly
"Bareilly, Uttar Pradesh",28.367,79.4304,2026-09-20 11:30:00,31.41,31.41,31.41,1012,60,1.75,0,clear sky,0.0,0.0,Uttar Pradesh,Bareilly
"Bareilly, Uttar Pradesh",28.367,79.4304,2026-09-20 14:30:00,32.93,32.93,32.93,1010,51,1.75,0,clear sky,0.0,0.0,Uttar Pradesh,Bareilly
"Bareilly, Uttar Pradesh",28.367,79.4304,2026-09-20 17:30:00,30.57,30.57,30.57,1009,66,1.75,0,clear sky,0.0,0.0,Uttar Pradesh,Bareilly
"Bareilly, Uttar Pradesh",28.367,79.4304,2026-09-20 20:30:00,27.75,27.75,27.75,1010,70,1.42,0,clear sky,0.0,0.0,Uttar Pradesh,Bareilly
"Bareilly, Uttar Pradesh",28.367,79.4304,2026-09-20 23:30:00,26.86,26.86,26.86,1010,73,1.12,0,clear sky,0.0,0.0,Uttar Pradesh,Bareilly
"Bareilly, Uttar Pradesh",28.367,79.4304,2026-09-21 02:30:00,25.67,25.67,25.67,1009,77,0.99,0,clear sky,0.0,0.0,Uttar Pradesh,Bareilly
"Bareilly, Uttar Pradesh",28.367,79.4304,2026-09-21 05:30:00,24.92,24.92,24.92,1009,80,0.62,0,clear sky,0.0,0.0,Uttar Pradesh,Bareilly
"Bareilly, Uttar Pradesh",28.367,79.4304,2026-09-21 08:30:00,27.92,27.92,27.92,1010,72,0.56,0,clear sky,0.0,0.0,Uttar Pradesh,Bareilly
"Bareilly, Uttar Pradesh",28.367,79.4304,2026-09-21 11:30:00,32.22,32.22,32.22,1009,57,1.12,0,clear sky,0.0,0.0,Uttar Pradesh,Bareilly
"Bareilly, Uttar Pradesh",28.367,79.4304,2026-09-21 14:30:00,33.67,33.67,33.67,1006,47,1.72,0,clear sky,0.0,0.0,Uttar Pradesh,Bareilly
"Bareilly, Uttar Pradesh",28.367,79.4304,2026-09-21 17:30:00,31.12,31.12,31.12,1005,63,1.56,0,clear sky,0.0,0.0,Uttar Pradesh,Bareilly
"Bareilly, Uttar Pradesh",28.367,79.4304,2026-09-21 20:30:00,28.19,28.19,28.19,1007,69,1.09,0,clear sky,0.0,0.0,Uttar Pradesh,Bareilly
"Bareilly, Uttar Pradesh",28.367,79.4304,2026-09-21 23:30:00,27.07,27.07,27.07,1007,72,2.05,0,clear sky,0.0,0.0,Uttar Pradesh,Bareilly
"Bareilly, Uttar Pradesh",28.367,79.4304,2026-09-22 02:30:00,25.69,25.69,25.69,1006,77,1.84,0,clear sky,0.0,0.0,Uttar Pradesh,Bareilly
"Bareilly, Uttar Pradesh",28.367,79.4304,2026-09-22 05:30:00,25.15,25.15,25.15,1007,80,1.02,0,clear sky,0.0,0.0,Uttar Pradesh,Bareilly
"Pune, Maharashtra",18.5204,73.8567,2026-09-17 08:30:00,24.91,24.91,25.38,1012,47,2.61,91,overcast clouds,0.0,0.0,Maharashtra,Pune
"Pune, Maharashtra",18.5204,73.8567,2026-09-17 11:30:00,26.74,26.74,27.77,1012,52,4.1,73,broken clouds,0.0,0.0,Maharashtra,Pune
"Pune, Maharashtra",18.5204,73.8567,2026-09-17 14:30:00,26.93,26.93,26.93,1009,60,6.03,50,light rain,0.29,49.0,Maharashtra,Pune
"Pune, Maharashtra",18.5204,73.8567,2026-09-17 17:30:00,24.82,24.82,24.82,1010,71,4.99,46,light rain,0.21,40.0,Maharashtra,Pune
"Pune, Maharashtra",18.5204,73.8567,2026-09-17 20:30:00,23.64,23.64,23.64,1012,88,3.49,53,broken clouds,0.0,0.0,Maharashtra,Pune
"Pune, Maharashtra",18.5204,73.8567,2026-09-17 23:30:00,22.74,22.74,22.74,1012,92,3.33,37,scattered clouds,0.0,0.0,Maharashtra,Pune
"Pune, Maharashtra",18.5204,73.8567,2026-09-18 02:30:00,22.35,22.35,22.35,1011,93,2.8,24,few clouds,0.0,0.0,Maharashtra,Pune
"Pune, Maharashtra",18.5204,73.8567,2026-09-18 05:30:00,21.69,21.69,21.69,1012,94,2.3,35,scattered clouds,0.0,0.0,Maharashtra,Pune
"Pune, Maharashtra",18.5204,73.8567,2026-09-18 08:30:00,25.67,25.67,25.67,1014,79,2.97,38,scattered clouds,0.0,0.0,Maharashtra,Pune
"Pune, Maharashtra",18.5204,73.8567,2026-09-18 11:30:00,28.31,28.31,28.31,1013,59,4.59,31,scattered clouds,0.0,0.0,Maharashtra,Pune
"Pune, Maharashtra",18.5204,73.8567,2026-09-18 14:30:00,27.9,27.9,27.9,1010,55,5.75,48,scattered clouds,0.0,0.0,Maharashtra,Pune
"Pune, Maharashtra",18.5204,73.8567,2026-09-18 17:30:00,25.28,25.28,25.28,1010,66,5.27,57,broken clouds,0.0,0.0,Maharashtra,Pune
"Pune, Maharashtra",18.5204,73.8567,2026-09-18 20:30:00,23.78,23.78,23.78,1013,88,2.85,7,clear sky,0.0,0.0,Maharashtra,Pune
"Pune, Maharashtra",18.5204,73.8567,2026-09-18 23:30:00,22.75,22.75,22.75,1013,92,3.27,7,clear sky,0.0,0.0,Maharashtra,Pune
"Pune, Maharashtra",18.5204,73.8567,2026-09-19 02:30:00,21.32,21.32,21.32,1012,94,2.76,2,clear sky,0.0,0.0,Maharashtra,Pune
"Pune, Maharashtra",18.5204,73.8567,2026-09-19 05:30:00,20.99,20.99,20.99,1012,95,2.02,8,clear sky,0.0,0.0,Maharashtra,Pune
"Pune, Maharashtra",18.5204,73.8567,2026-09-19 08:30:00,24.16,24.16,24.16,1015,80,2.34,30,scattered clouds,0.0,0.0,Maharashtra,Pune
"Pune, Maharashtra",18.5204,73.8567,2026-09-19 11:30:00,29.29,29.29,29.29,1014,57,3.32,27,scattered clouds,0.0,0.0,Maharashtra,Pune
"Pune, Maharashtra",18.5204,73.8567,2026-09-19 14:30:00,29.85,29.85,29.85,1010,58,5.52,65,light rain,0.74,87.0,Maharashtra,Pune
"Pune, Maharashtra",18.5204,73.8567,2026-09-19 17:30:00,26.86,26.86,26.86,1011,70,4.86,83,light rain,0.15,67.0,Maharashtra,Pune
"Pune, Maharashtra",18.5204,73.8567,2026-09-19 20:30:00,23.66,23.66,23.66,1013,88,3.52,88,overcast clouds,0.0,0.0,Maharashtra,Pune
"Pune, Maharashtra",18.5204,73.8567,2026-09-19 23:30:00,22.38,22.38,22.38,1013,92,2.81,45,scattered clouds,0.0,0.0,Maharashtra,Pune
"Pune, Maharashtra",18.5204,73.8567,2026-09-20 02:30:00,21.72,21.72,21.72,1012,93,1.83,4,clear sky,0.0,0.0,Maharashtra,Pune
"Pune, Maharashtra",18.5204,73.8567,2026-09-20 05:30:00,21.43,21.43,21.43,1013,93,1.39,4,clear sky,0.0,0.0,Maharashtra,Pune
"Pune, Maharashtra",18.5204,73.8567,2026-09-20 08:30:00,24.32,24.32,24.32,1014,78,0.7,5,clear sky,0.0,0.0,Maharashtra,Pune
"Pune, Maharashtra",18.5204,73.8567,2026-09-20 11:30:00,29.66,29.66,29.66,1013,54,0.25,10,clear sky,0.0,0.0,Maharashtra,Pune
"Pune, Maharashtra",18.5204,73.8567,2026-09-20 14:30:00,30.85,30.85,30.85,1009,53,4.84,57,light rain,0.4,56.00000000000001,Maharashtra,Pune
"Pune, Maharashtra",18.5204,73.8567,2026-09-20 17:30:00,28.15,28.15,28.15,1010,68,5.41,80,light rain,0.31,56.00000000000001,Maharashtra,Pune
"Pune, Maharashtra",18.5204,73.8567,2026-09-20 20:30:00,24.05,24.05,24.05,1013,88,2.68,99,light rain,1.52,97.0,Maharashtra,Pune
"Pune, Maharashtra",18.5204,73.8567,2026-09-20 23:30:00,23.16,23.16,23.16,1013,92,3.04,91,light rain,2.98,100.0,Maharashtra,Pune
"Pune, Maharashtra",18.5204,73.8567,2026-09-21 02:30:00,22.56,22.56,22.56,1012,94,1.79,61,broken clouds,0.0,0.0,Maharashtra,Pune
"Pune, Maharashtra",18.5204,73.8567,2026-09-21 05:30:00,22.06,22.06,22.06,1011,94,2.18,67,broken clouds,0.0,0.0,Maharashtra,Pune
"Pune, Maharashtra",18.5204,73.8567,2026-09-21 08:30:00,24.37,24.37,24.37,1013,81,2.01,97,overcast clouds,0.0,0.0,Maharashtra,Pune
"Pune, Maharashtra",18.5204,73.8567,2026-09-21 11:30:00,29.38,29.38,29.38,1011,58,2.5,61,broken clouds,0.0,0.0,Maharashtra,Pune
"Pune, Maharashtra",18.5204,73.8567,2026-09-21 14:30:00,30.9,30.9,30.9,1008,55,4.87,68,light rain,0.46,63.0,Maharashtra,Pune
"Pune, Maharashtra",18.5204,73.8567,2026-09-21 17:30:00,27.63,27.63,27.63,1009,70,4.51,80,light rain,1.6,95.0,Maharashtra,Pune
"Pune, Maharashtra",18.5204,73.8567,2026-09-21 20:30:00,24.07,24.07,24.07,1011,89,3.22,32,light rain,0.13,37.0,Maharashtra,Pune
"Pune, Maharashtra",18.5204,73.8567,2026-09-21 23:30:00,22.46,22.46,22.46,1012,94,2.73,49,light rain,2.31,94.0,Maharashtra,Pune
"Pune, Maharashtra",18.5204,73.8567,2026-09-22 02:30:00,22.45,22.45,22.45,1010,94,2.68,92,light rain,0.66,97.0,Maharashtra,Pune
"Pune, Maharashtra",18.5204,73.8567,2026-09-22 05:30:00,22.04,22.04,22.04,1011,94,2.46,96,overcast clouds,0.0,45.0,Maharashtra,Pune
"Kolhapur, Maharashtra",16.705,74.2433,2026-09-17 08:30:00,22.11,22.11,23.44,1013,90,3.09,69,broken clouds,0.0,0.0,Maharashtra,Kolhapur
"Kolhapur, Maharashtra",16.705,74.2433,2026-09-17 11:30:00,26.48,26.48,29.0,1012,72,4.62,63,broken clouds,0.0,0.0,Maharashtra,Kolhapur
"Kolhapur, Maharashtra",16.705,74.2433,2026-09-17 14:30:00,28.54,28.54,28.54,1010,66,6.39,56,light rain,0.21,22.0,Maharashtra,Kolhapur
"Kolhapur, Maharashtra",16.705,74.2433,2026-09-17 17:30:00,26.25,26.25,26.25,1011,74,5.6,53,light rain,0.1,20.0,Maharashtra,Kolhapur
"Kolhapur, Maharashtra",16.705,74.2433,2026-09-17 20:30:00,22.25,22.25,22.25,1012,95,3.22,9,clear sky,0.0,0.0,Maharashtra,Kolhapur
"Kolhapur, Maharashtra",16.705,74.2433,2026-09-17 23:30:00,21.4,21.4,21.4,1013,98,3.04,13,few clouds,0.0,0.0,Maharashtra,Kolhapur
"Kolhapur, Maharashtra",16.705,74.2433,2026-09-18 02:30:00,21.39,21.39,21.39,1011,96,2.4,59,broken clouds,0.0,0.0,Maharashtra,Kolhapur
"Kolhapur, Maharashtra",16.705,74.2433,2026-09-18 05:30:00,21.52,21.52,21.52,1012,93,2.2,75,broken clouds,0.0,0.0,Maharashtra,Kolhapur
"Kolhapur, Maharashtra",16.705,74.2433,2026-09-18 08:30:00,23.8,23.8,23.8,1014,83,3.15,100,overcast clouds,0.0,0.0,Maharashtra,Kolhapur
"Kolhapur, Maharashtra",16.705,74.2433,2026-09-18 11:30:00,28.96,28.96,28.96,1013,59,4.56,100,overcast clouds,0.0,0.0,Maharashtra,Kolhapur
"Kolhapur, Maharashtra",16.705,74.2433,2026-09-18 14:30:00,29.88,29.88,29.88,1010,57,6.04,79,broken clouds,0.0,0.0,Maharashtra,Kolhapur
"Kolhapur, Maharashtra",16.705,74.2433,2026-09-18 17:30:00,26.67,26.67,26.67,1011,72,5.28,88,overcast clouds,0.0,0.0,Maharashtra,Kolhapur
"Kolhapur, Maharashtra",16.705,74.2433,2026-09-18 20:30:00,22.54,22.54,22.54,1013,94,3.25,60,broken clouds,0.0,0.0,Maharashtra,Kolhapur
"Kolhapur, Maharashtra",16.705,74.2433,2026-09-18 23:30:00,21.24,21.24,21.24,1013,98,2.73,37,scattered clouds,0.0,0.0,Maharashtra,Kolhapur
"Kolhapur, Maharashtra",16.705,74.2433,2026-09-19 02:30:00,20.71,20.71,20.71,1012,98,2.47,31,scattered clouds,0.0,0.0,Maharashtra,Kolhapur
"Kolhapur, Maharashtra",16.705,74.2433,2026-09-19 05:30:00,21.05,21.05,21.05,1013,93,1.93,56,broken clouds,0.0,0.0,Maharashtra,Kolhapur
"Kolhapur, Maharashtra",16.705,74.2433,2026-09-19 08:30:00,22.89,22.89,22.89,1015,83,2.27,100,overcast clouds,0.0,0.0,Maharashtra,Kolhapur
"Kolhapur, Maharashtra",16.705,74.2433,2026-09-19 11:30:00,28.4,28.4,28.4,1014,63,3.22,100,overcast clouds,0.0,0.0,Maharashtra,Kolhapur
"Kolhapur, Maharashtra",16.705,74.2433,2026-09-19 14:30:00,29.97,29.97,29.97,1010,59,6.04,97,light rain,0.17,20.0,Maharashtra,Kolhapur
"Kolhapur, Maharashtra",16.705,74.2433,2026-09-19 17:30:00,26.69,26.69,26.69,1011,72,5.56,69,broken clouds,0.0,0.0,Maharashtra,Kolhapur
"Kolhapur, Maharashtra",16.705,74.2433,2026-09-19 20:30:00,22.47,22.47,22.47,1013,95,3.73,2,clear sky,0.0,0.0,Maharashtra,Kolhapur
"Kolhapur, Maharashtra",16.705,74.2433,2026-09-19 23:30:00,21.37,21.37,21.37,1013,98,2.48,10,clear sky,0.0,0.0,Maharashtra,Kolhapur
"Kolhapur, Maharashtra",16.705,74.2433,2026-09-20 02:30:00,21.31,21.31,21.31,1012,95,1.76,54,broken clouds,0.0,0.0,Maharashtra,Kolhapur
"Kolhapur, Maharashtra",16.705,74.2433,2026-09-20 05:30:00,22.4,22.4,22.4,1012,85,1.98,78,broken clouds,0.0,0.0,Maharashtra,Kolhapur
"Kolhapur, Maharashtra",16.705,74.2433,2026-09-20 08:30:00,24.64,24.64,24.64,1014,75,1.58,62,broken clouds,0.0,0.0,Maharashtra,Kolhapur
"Kolhapur, Maharashtra",16.705,74.2433,2026-09-20 11:30:00,30.23,30.23,30.23,1013,56,0.99,54,broken clouds,0.0,0.0,Maharashtra,Kolhapur
"Kolhapur, Maharashtra",16.705,74.2433,2026-09-20 14:30:00,30.77,30.77,30.77,1009,53,4.41,69,light rain,0.19,36.0,Maharashtra,Kolhapur
"Kolhapur, Maharashtra",16.705,74.2433,2026-09-20 17:30:00,27.22,27.22,27.22,1010,74,5.39,70,light rain,0.45,86.0,Maharashtra,Kolhapur
"Kolhapur, Maharashtra",16.705,74.2433,2026-09-20 20:30:00,23.09,23.09,23.09,1012,95,3.14,21,light rain,1.96,100.0,Maharashtra,Kolhapur
"Kolhapur, Maharashtra",16.705,74.2433,2026-09-20 23:30:00,22.1,22.1,22.1,1013,98,2.44,53,light rain,0.15,100.0,Maharashtra,Kolhapur
"Kolhapur, Maharashtra",16.705,74.2433,2026-09-21 02:30:00,21.64,21.64,21.64,1011,97,2.32,100,overcast clouds,0.0,0.0,Maharashtra,Kolhapur
"Kolhapur, Maharashtra",16.705,74.2433,2026-09-21 05:30:00,21.17,21.17,21.17,1011,97,1.7,100,overcast clouds,0.0,0.0,Maharashtra,Kolhapur
"Kolhapur, Maharashtra",16.705,74.2433,2026-09-21 08:30:00,24.39,24.39,24.39,1013,80,2.0,97,overcast clouds,0.0,3.0,Maharashtra,Kolhapur
"Kolhapur, Maharashtra",16.705,74.2433,2026-09-21 11:30:00,28.4,28.4,28.4,1012,61,1.41,98,overcast clouds,0.0,0.0,Maharashtra,Kolhapur
"Kolhapur, Maharashtra",16.705,74.2433,2026-09-21 14:30:00,29.32,29.32,29.32,1008,62,5.0,100,light rain,0.62,100.0,Maharashtra,Kolhapur
"Kolhapur, Maharashtra",16.705,74.2433,2026-09-21 17:30:00,25.78,25.78,25.78,1009,80,4.68,100,light rain,1.12,100.0,Maharashtra,Kolhapur
"Kolhapur, Maharashtra",16.705,74.2433,2026-09-21 20:30:00,22.53,22.53,22.53,1011,95,3.04,91,light rain,1.14,100.0,Maharashtra,Kolhapur
"Kolhapur, Maharashtra",16.705,74.2433,2026-09-21 23:30:00,21.81,21.81,21.81,1012,97,2.36,76,broken clouds,0.0,75.0,Maharashtra,Kolhapur
"Kolhapur, Maharashtra",16.705,74.2433,2026-09-22 02:30:00,21.45,21.45,21.45,1011,96,1.66,97,overcast clouds,0.0,20.0,Maharashtra,Kolhapur
"Kolhapur, Maharashtra",16.705,74.2433,2026-09-22 05:30:00,21.67,21.67,21.67,1011,94,1.53,98,light rain,1.23,68.0,Maharashtra,Kolhapur
"Sangli, Maharashtra",16.8524,74.5653,2026-09-17 08:30:00,22.22,22.22,24.52,1012,89,3.96,30,scattered clouds,0.0,0.0,Maharashtra,Sangli
"Sangli, Maharashtra",16.8524,74.5653,2026-09-17 11:30:00,27.44,27.44,30.63,1012,66,4.9,28,scattered clouds,0.0,0.0,Maharashtra,Sangli
"Sangli, Maharashtra",16.8524,74.5653,2026-09-17 14:30:00,31.66,31.66,31.66,1008,48,8.28,46,scattered clouds,0.0,0.0,Maharashtra,Sangli
"Sangli, Maharashtra",16.8524,74.5653,2026-09-17 17:30:00,28.3,28.3,28.3,1010,62,8.25,53,broken clouds,0.0,0.0,Maharashtra,Sangli
"Sangli, Maharashtra",16.8524,74.5653,2026-09-17 20:30:00,23.79,23.79,23.79,1012,85,5.4,9,clear sky,0.0,0.0,Maharashtra,Sangli
"Sangli, Maharashtra",16.8524,74.5653,2026-09-17 23:30:00,22.27,22.27,22.27,1012,92,3.92,8,clear sky,0.0,0.0,Maharashtra,Sangli
"Sangli, Maharashtra",16.8524,74.5653,2026-09-18 02:30:00,21.37,21.37,21.37,1011,96,1.65,36,scattered clouds,0.0,0.0,Maharashtra,Sangli
"Sangli, Maharashtra",16.8524,74.5653,2026-09-18 05:30:00,21.41,21.41,21.41,1012,94,2.74,63,broken clouds,0.0,0.0,Maharashtra,Sangli
"Sangli, Maharashtra",16.8524,74.5653,2026-09-18 08:30:00,24.26,24.26,24.26,1014,78,3.64,98,overcast clouds,0.0,0.0,Maharashtra,Sangli
"Sangli, Maharashtra",16.8524,74.5653,2026-09-18 11:30:00,30.73,30.73,30.73,1012,49,5.33,76,broken clouds,0.0,0.0,Maharashtra,Sangli
"Sangli, Maharashtra",16.8524,74.5653,2026-09-18 14:30:00,32.66,32.66,32.66,1009,41,6.94,80,broken clouds,0.0,0.0,Maharashtra,Sangli
"Sangli, Maharashtra",16.8524,74.5653,2026-09-18 17:30:00,28.63,28.63,28.63,1010,60,8.53,84,broken clouds,0.0,0.0,Maharashtra,Sangli
"Sangli, Maharashtra",16.8524,74.5653,2026-09-18 20:30:00,24.02,24.02,24.02,1012,83,5.4,32,scattered clouds,0.0,3.0,Maharashtra,Sangli
"Sangli, Maharashtra",16.8524,74.5653,2026-09-18 23:30:00,22.43,22.43,22.43,1013,91,3.77,20,few clouds,0.0,0.0,Maharashtra,Sangli
"Sangli, Maharashtra",16.8524,74.5653,2026-09-19 02:30:00,20.98,20.98,20.98,1011,95,2.7,7,clear sky,0.0,0.0,Maharashtra,Sangli
"Sangli, Maharashtra",16.8524,74.5653,2026-09-19 05:30:00,20.58,20.58,20.58,1013,96,2.43,33,scattered clouds,0.0,0.0,Maharashtra,Sangli
"Sangli, Maharashtra",16.8524,74.5653,2026-09-19 08:30:00,23.9,23.9,23.9,1015,78,3.41,83,broken clouds,0.0,0.0,Maharashtra,Sangli
"Sangli, Maharashtra",16.8524,74.5653,2026-09-19 11:30:00,29.81,29.81,29.81,1014,51,3.61,90,overcast clouds,0.0,0.0,Maharashtra,Sangli
"Sangli, Maharashtra",16.8524,74.5653,2026-09-19 14:30:00,33.22,33.22,33.22,1009,40,5.31,59,broken clouds,0.0,0.0,Maharashtra,Sangli
"Sangli, Maharashtra",16.8524,74.5653,2026-09-19 17:30:00,29.04,29.04,29.04,1010,58,8.2,47,scattered clouds,0.0,0.0,Maharashtra,Sangli
"Sangli, Maharashtra",16.8524,74.5653,2026-09-19 20:30:00,24.03,24.03,24.03,1012,84,5.18,7,clear sky,0.0,0.0,Maharashtra,Sangli
"Sangli, Maharashtra",16.8524,74.5653,2026-09-19 23:30:00,22.42,22.42,22.42,1013,92,3.23,6,clear sky,0.0,0.0,Maharashtra,Sangli
"Sangli, Maharashtra",16.8524,74.5653,2026-09-20 02:30:00,21.48,21.48,21.48,1012,95,1.91,19,few clouds,0.0,0.0,Maharashtra,Sangli
"Sangli, Maharashtra",16.8524,74.5653,2026-09-20 05:30:00,20.98,20.98,20.98,1012,96,2.72,36,scattered clouds,0.0,0.0,Maharashtra,Sangli
"Sangli, Maharashtra",16.8524,74.5653,2026-09-20 08:30:00,24.84,24.84,24.84,1014,74,2.18,62,broken clouds,0.0,0.0,Maharashtra,Sangli
"Sangli, Maharashtra",16.8524,74.5653,2026-09-20 11:30:00,31.05,31.05,31.05,1012,50,0.81,47,scattered clouds,0.0,0.0,Maharashtra,Sangli
"Sangli, Maharashtra",16.8524,74.5653,2026-09-20 14:30:00,33.41,33.41,33.41,1008,40,4.15,67,light rain,0.24,39.0,Maharashtra,Sangli
"Sangli, Maharashtra",16.8524,74.5653,2026-09-20 17:30:00,27.97,27.97,27.97,1010,66,3.98,78,light rain,2.1,100.0,Maharashtra,Sangli
"Sangli, Maharashtra",16.8524,74.5653,2026-09-20 20:30:00,24.47,24.47,24.47,1012,86,4.62,62,light rain,2.12,100.0,Maharashtra,Sangli
"Sangli, Maharashtra",16.8524,74.5653,2026-09-20 23:30:00,23.21,23.21,23.21,1012,92,3.82,74,light rain,1.13,100.0,Maharashtra,Sangli
"Sangli, Maharashtra",16.8524,74.5653,2026-09-21 02:30:00,22.77,22.77,22.77,1011,91,3.62,99,light rain,0.34,51.0,Maharashtra,Sangli
"Sangli, Maharashtra",16.8524,74.5653,2026-09-21 05:30:00,22.35,22.35,22.35,1011,91,2.85,100,light rain,0.12,28.000000000000004,Maharashtra,Sangli
"Sangli, Maharashtra",16.8524,74.5653,2026-09-21 08:30:00,24.53,24.53,24.53,1013,78,2.36,100,light rain,0.14,36.0,Maharashtra,Sangli
"Sangli, Maharashtra",16.8524,74.5653,2026-09-21 11:30:00,28.76,28.76,28.76,1011,59,1.61,100,light rain,0.24,48.0,Maharashtra,Sangli
"Sangli, Maharashtra",16.8524,74.5653,2026-09-21 14:30:00,31.44,31.44,31.44,1007,49,3.99,99,light rain,0.77,91.0,Maharashtra,Sangli
"Sangli, Maharashtra",16.8524,74.5653,2026-09-21 17:30:00,28.5,28.5,28.5,1008,64,6.7,100,light rain,0.83,100.0,Maharashtra,Sangli
"Sangli, Maharashtra",16.8524,74.5653,2026-09-21 20:30:00,24.23,24.23,24.23,1011,85,4.81,77,light rain,0.62,81.0,Maharashtra,Sangli
"Sangli, Maharashtra",16.8524,74.5653,2026-09-21 23:30:00,22.96,22.96,22.96,1012,91,3.6,70,light rain,0.24,73.0,Maharashtra,Sangli
"Sangli, Maharashtra",16.8524,74.5653,2026-09-22 02:30:00,22.34,22.34,22.34,1010,93,3.37,100,moderate rain,3.51,100.0,Maharashtra,Sangli
"Sangli, Maharashtra",16.8524,74.5653,2026-09-22 05:30:00,21.78,21.78,21.78,1010,95,2.31,100,moderate rain,6.57,100.0,Maharashtra,Sangli
"Satara, Maharashtra",17.6805,74.0183,2026-09-17 08:30:00,21.95,21.95,23.97,1013,91,2.09,18,few clouds,0.0,0.0,Maharashtra,Satara
"Satara, Maharashtra",17.6805,74.0183,2026-09-17 11:30:00,25.58,25.58,27.9,1013,74,3.25,14,few clouds,0.0,0.0,Maharashtra,Satara
"Satara, Maharashtra",17.6805,74.0183,2026-09-17 14:30:00,28.52,28.52,28.52,1010,62,5.91,33,light rain,0.18,41.0,Maharashtra,Satara
"Satara, Maharashtra",17.6805,74.0183,2026-09-17 17:30:00,25.48,25.48,25.48,1011,75,4.68,33,light rain,0.13,34.0,Maharashtra,Satara
"Satara, Maharashtra",17.6805,74.0183,2026-09-17 20:30:00,22.08,22.08,22.08,1012,93,2.69,4,clear sky,0.0,0.0,Maharashtra,Satara
"Satara, Maharashtra",17.6805,74.0183,2026-09-17 23:30:00,21.0,21.0,21.0,1013,96,2.03,9,clear sky,0.0,0.0,Maharashtra,Satara
"Satara, Maharashtra",17.6805,74.0183,2026-09-18 02:30:00,20.87,20.87,20.87,1011,95,2.19,51,broken clouds,0.0,0.0,Maharashtra,Satara
"Satara, Maharashtra",17.6805,74.0183,2026-09-18 05:30:00,20.75,20.75,20.75,1012,93,1.68,68,broken clouds,0.0,0.0,Maharashtra,Satara
"Satara, Maharashtra",17.6805,74.0183,2026-09-18 08:30:00,22.97,22.97,22.97,1014,85,1.97,100,overcast clouds,0.0,0.0,Maharashtra,Satara
"Satara, Maharashtra",17.6805,74.0183,2026-09-18 11:30:00,27.93,27.93,27.93,1013,62,3.67,99,overcast clouds,0.0,0.0,Maharashtra,Satara
"Satara, Maharashtra",17.6805,74.0183,2026-09-18 14:30:00,28.73,28.73,28.73,1010,60,6.09,44,scattered clouds,0.0,0.0,Maharashtra,Satara
"Satara, Maharashtra",17.6805,74.0183,2026-09-18 17:30:00,25.75,25.75,25.75,1011,73,4.78,57,broken clouds,0.0,1.0,Maharashtra,Satara
"Satara, Maharashtra",17.6805,74.0183,2026-09-18 20:30:00,22.11,22.11,22.11,1013,94,2.57,7,clear sky,0.0,0.0,Maharashtra,Satara
"Satara, Maharashtra",17.6805,74.0183,2026-09-18 23:30:00,21.04,21.04,21.04,1013,97,2.37,8,clear sky,0.0,0.0,Maharashtra,Satara
"Satara, Maharashtra",17.6805,74.0183,2026-09-19 02:30:00,20.59,20.59,20.59,1012,98,1.93,14,few clouds,0.0,0.0,Maharashtra,Satara
"Satara, Maharashtra",17.6805,74.0183,2026-09-19 05:30:00,20.2,20.2,20.2,1013,98,1.44,31,scattered clouds,0.0,0.0,Maharashtra,Satara
"Satara, Maharashtra",17.6805,74.0183,2026-09-19 08:30:00,22.19,22.19,22.19,1015,88,1.52,78,broken clouds,0.0,0.0,Maharashtra,Satara
"Satara, Maharashtra",17.6805,74.0183,2026-09-19 11:30:00,27.77,27.77,27.77,1014,61,2.46,74,broken clouds,0.0,0.0,Maharashtra,Satara
"Satara, Maharashtra",17.6805,74.0183,2026-09-19 14:30:00,29.43,29.43,29.43,1010,58,5.46,90,light rain,0.1,35.0,Maharashtra,Satara
"Satara, Maharashtra",17.6805,74.0183,2026-09-19 17:30:00,26.68,26.68,26.68,1011,70,4.31,61,light rain,0.16,22.0,Maharashtra,Satara
"Satara, Maharashtra",17.6805,74.0183,2026-09-19 20:30:00,22.34,22.34,22.34,1013,93,2.77,7,clear sky,0.0,0.0,Maharashtra,Satara
"Satara, Maharashtra",17.6805,74.0183,2026-09-19 23:30:00,21.15,21.15,21.15,1013,97,1.91,8,clear sky,0.0,0.0,Maharashtra,Satara
"Satara, Maharashtra",17.6805,74.0183,2026-09-20 02:30:00,20.52,20.52,20.52,1012,97,1.57,16,few clouds,0.0,0.0,Maharashtra,Satara
"Satara, Maharashtra",17.6805,74.0183,2026-09-20 05:30:00,20.37,20.37,20.37,1013,95,0.93,21,few clouds,0.0,0.0,Maharashtra,Satara
"Satara, Maharashtra",17.6805,74.0183,2026-09-20 08:30:00,23.91,23.91,23.91,1014,77,0.35,19,few clouds,0.0,0.0,Maharashtra,Satara
"Satara, Maharashtra",17.6805,74.0183,2026-09-20 11:30:00,29.01,29.01,29.01,1013,56,0.9,14,few clouds,0.0,0.0,Maharashtra,Satara
"Satara, Maharashtra",17.6805,74.0183,2026-09-20 14:30:00,30.51,30.51,30.51,1010,53,4.38,50,light rain,0.33,56.99999999999999,Maharashtra,Satara
"Satara, Maharashtra",17.6805,74.0183,2026-09-20 17:30:00,27.24,27.24,27.24,1010,73,4.06,49,light rain,0.79,85.0,Maharashtra,Satara
"Satara, Maharashtra",17.6805,74.0183,2026-09-20 20:30:00,23.28,23.28,23.28,1012,91,2.41,92,light rain,2.06,100.0,Maharashtra,Satara
"Satara, Maharashtra",17.6805,74.0183,2026-09-20 23:30:00,22.48,22.48,22.48,1013,95,1.99,72,light rain,0.25,100.0,Maharashtra,Satara
"Satara, Maharashtra",17.6805,74.0183,2026-09-21 02:30:00,22.0,22.0,22.0,1012,93,2.15,84,light rain,1.0,69.0,Maharashtra,Satara
"Satara, Maharashtra",17.6805,74.0183,2026-09-21 05:30:00,21.46,21.46,21.46,1011,94,1.46,90,overcast clouds,0.0,56.99999999999999,Maharashtra,Satara
"Satara, Maharashtra",17.6805,74.0183,2026-09-21 08:30:00,23.66,23.66,23.66,1013,82,1.03,100,overcast clouds,0.0,0.0,Maharashtra,Satara
"Satara, Maharashtra",17.6805,74.0183,2026-09-21 11:30:00,28.51,28.51,28.51,1012,61,1.56,96,overcast clouds,0.0,0.0,Maharashtra,Satara
"Satara, Maharashtra",17.6805,74.0183,2026-09-21 14:30:00,29.01,29.01,29.01,1009,63,3.95,95,light rain,2.58,100.0,Maharashtra,Satara
"Satara, Maharashtra",17.6805,74.0183,2026-09-21 17:30:00,26.05,26.05,26.05,1009,77,3.18,98,light rain,2.34,100.0,Maharashtra,Satara
"Satara, Maharashtra",17.6805,74.0183,2026-09-21 20:30:00,22.88,22.88,22.88,1011,94,2.61,62,moderate rain,4.17,100.0,Maharashtra,Satara
"Satara, Maharashtra",17.6805,74.0183,2026-09-21 23:30:00,22.36,22.36,22.36,1012,94,1.99,66,light rain,1.75,100.0,Maharashtra,Satara
"Satara, Maharashtra",17.6805,74.0183,2026-09-22 02:30:00,21.74,21.74,21.74,1011,95,1.86,98,light rain,0.3,48.0,Maharashtra,Satara
"Satara, Maharashtra",17.6805,74.0183,2026-09-22 05:30:00,21.24,21.24,21.24,1011,96,1.65,95,overcast clouds,0.0,30.0,Maharashtra,Satara
"Ahmednagar, Maharashtra",19.0948,74.748,2026-09-17 08:30:00,24.6,24.6,25.97,1011,77,1.38,29,scattered clouds,0.0,0.0,Maharashtra,Ahmednagar
"Ahmednagar, Maharashtra",19.0948,74.748,2026-09-17 11:30:00,28.16,28.16,30.29,1011,59,2.99,21,light rain,0.32,27.0,Maharashtra,Ahmednagar
"Ahmednagar, Maharashtra",19.0948,74.748,2026-09-17 14:30:00,32.0,32.0,32.0,1008,39,5.45,44,light rain,0.14,38.0,Maharashtra,Ahmednagar
"Ahmednagar, Maharashtra",19.0948,74.748,2026-09-17 17:30:00,29.37,29.37,29.37,1008,51,6.58,70,broken clouds,0.0,1.0,Maharashtra,Ahmednagar
"Ahmednagar, Maharashtra",19.0948,74.748,2026-09-17 20:30:00,25.77,25.77,25.77,1011,68,6.12,66,light rain,0.74,92.0,Maharashtra,Ahmednagar
"Ahmednagar, Maharashtra",19.0948,74.748,2026-09-17 23:30:00,24.69,24.69,24.69,1012,68,4.29,69,broken clouds,0.0,62.0,Maharashtra,Ahmednagar
"Ahmednagar, Maharashtra",19.0948,74.748,2026-09-18 02:30:00,23.43,23.43,23.43,1010,76,3.01,52,broken clouds,0.0,0.0,Maharashtra,Ahmednagar
"Ahmednagar, Maharashtra",19.0948,74.748,2026-09-18 05:30:00,22.64,22.64,22.64,1011,80,2.25,40,scattered clouds,0.0,0.0,Maharashtra,Ahmednagar
"Ahmednagar, Maharashtra",19.0948,74.748,2026-09-18 08:30:00,25.49,25.49,25.49,1013,68,3.41,2,clear sky,0.0,0.0,Maharashtra,Ahmednagar
"Ahmednagar, Maharashtra",19.0948,74.748,2026-09-18 11:30:00,29.99,29.99,29.99,1012,47,4.63,3,clear sky,0.0,0.0,Maharashtra,Ahmednagar
"Ahmednagar, Maharashtra",19.0948,74.748,2026-09-18 14:30:00,32.46,32.46,32.46,1008,34,5.24,5,clear sky,0.0,0.0,Maharashtra,Ahmednagar
"Ahmednagar, Maharashtra",19.0948,74.748,2026-09-18 17:30:00,31.09,31.09,31.09,1008,41,7.45,10,clear sky,0.0,0.0,Maharashtra,Ahmednagar
"Ahmednagar, Maharashtra",19.0948,74.748,2026-09-18 20:30:00,26.24,26.24,26.24,1011,64,6.73,5,clear sky,0.0,0.0,Maharashtra,Ahmednagar
"Ahmednagar, Maharashtra",19.0948,74.748,2026-09-18 23:30:00,24.63,24.63,24.63,1012,70,4.0,5,clear sky,0.0,0.0,Maharashtra,Ahmednagar
"Ahmednagar, Maharashtra",19.0948,74.748,2026-09-19 02:30:00,23.81,23.81,23.81,1011,75,2.24,3,clear sky,0.0,0.0,Maharashtra,Ahmednagar
"Ahmednagar, Maharashtra",19.0948,74.748,2026-09-19 05:30:00,22.8,22.8,22.8,1012,82,1.37,2,clear sky,0.0,0.0,Maharashtra,Ahmednagar
"Ahmednagar, Maharashtra",19.0948,74.748,2026-09-19 08:30:00,24.92,24.92,24.92,1014,72,0.9,3,clear sky,0.0,0.0,Maharashtra,Ahmednagar
"Ahmednagar, Maharashtra",19.0948,74.748,2026-09-19 11:30:00,30.32,30.32,30.32,1013,46,1.4,3,clear sky,0.0,0.0,Maharashtra,Ahmednagar
"Ahmednagar, Maharashtra",19.0948,74.748,2026-09-19 14:30:00,33.65,33.65,33.65,1009,34,4.47,23,few clouds,0.0,0.0,Maharashtra,Ahmednagar
"Ahmednagar, Maharashtra",19.0948,74.748,2026-09-19 17:30:00,30.15,30.15,30.15,1009,49,7.2,50,scattered clouds,0.0,0.0,Maharashtra,Ahmednagar
"Ahmednagar, Maharashtra",19.0948,74.748,2026-09-19 20:30:00,27.24,27.24,27.24,1012,63,5.27,37,scattered clouds,0.0,0.0,Maharashtra,Ahmednagar
"Ahmednagar, Maharashtra",19.0948,74.748,2026-09-19 23:30:00,25.01,25.01,25.01,1012,75,4.45,19,few clouds,0.0,0.0,Maharashtra,Ahmednagar
"Ahmednagar, Maharashtra",19.0948,74.748,2026-09-20 02:30:00,23.81,23.81,23.81,1012,80,2.95,3,clear sky,0.0,0.0,Maharashtra,Ahmednagar
"Ahmednagar, Maharashtra",19.0948,74.748,2026-09-20 05:30:00,23.11,23.11,23.11,1012,82,2.71,5,clear sky,0.0,0.0,Maharashtra,Ahmednagar
"Ahmednagar, Maharashtra",19.0948,74.748,2026-09-20 08:30:00,25.52,25.52,25.52,1014,69,3.18,9,clear sky,0.0,0.0,Maharashtra,Ahmednagar
"Ahmednagar, Maharashtra",19.0948,74.748,2026-09-20 11:30:00,30.42,30.42,30.42,1013,49,1.25,10,clear sky,0.0,0.0,Maharashtra,Ahmednagar
"Ahmednagar, Maharashtra",19.0948,74.748,2026-09-20 14:30:00,31.27,31.27,31.27,1009,43,1.15,95,light rain,0.54,94.0,Maharashtra,Ahmednagar
"Ahmednagar, Maharashtra",19.0948,74.748,2026-09-20 17:30:00,31.06,31.06,31.06,1009,44,2.41,97,light rain,0.17,86.0,Maharashtra,Ahmednagar
"Ahmednagar, Maharashtra",19.0948,74.748,2026-09-20 20:30:00,27.33,27.33,27.33,1012,64,5.37,94,light rain,0.46,67.0,Maharashtra,Ahmednagar
"Ahmednagar, Maharashtra",19.0948,74.748,2026-09-20 23:30:00,25.45,25.45,25.45,1012,72,3.97,57,light rain,0.89,88.0,Maharashtra,Ahmednagar
"Ahmednagar, Maharashtra",19.0948,74.748,2026-09-21 02:30:00,23.89,23.89,23.89,1011,79,3.43,14,light rain,2.36,100.0,Maharashtra,Ahmednagar
"Ahmednagar, Maharashtra",19.0948,74.748,2026-09-21 05:30:00,23.71,23.71,23.71,1011,81,3.21,46,light rain,0.69,100.0,Maharashtra,Ahmednagar
"Ahmednagar, Maharashtra",19.0948,74.748,2026-09-21 08:30:00,25.99,25.99,25.99,1012,66,3.61,95,overcast clouds,0.0,0.0,Maharashtra,Ahmednagar
"Ahmednagar, Maharashtra",19.0948,74.748,2026-09-21 11:30:00,30.77,30.77,30.77,1011,48,2.98,81,broken clouds,0.0,0.0,Maharashtra,Ahmednagar
"Ahmednagar, Maharashtra",19.0948,74.748,2026-09-21 14:30:00,32.79,32.79,32.79,1007,39,4.07,87,light rain,0.13,20.0,Maharashtra,Ahmednagar
"Ahmednagar, Maharashtra",19.0948,74.748,2026-09-21 17:30:00,30.37,30.37,30.37,1007,49,5.74,93,light rain,0.22,23.0,Maharashtra,Ahmednagar
"Ahmednagar, Maharashtra",19.0948,74.748,2026-09-21 20:30:00,26.57,26.57,26.57,1010,68,5.9,80,moderate rain,3.36,100.0,Maharashtra,Ahmednagar
"Ahmednagar, Maharashtra",19.0948,74.748,2026-09-21 23:30:00,25.26,25.26,25.26,1011,75,4.27,82,light rain,1.35,100.0,Maharashtra,Ahmednagar
"Ahmednagar, Maharashtra",19.0948,74.748,2026-09-22 02:30:00,24.55,24.55,24.55,1009,79,2.95,96,overcast clouds,0.0,0.0,Maharashtra,Ahmednagar
"Ahmednagar, Maharashtra",19.0948,74.748,2026-09-22 05:30:00,23.66,23.66,23.66,1010,83,2.68,98,overcast clouds,0.0,0.0,Maharashtra,Ahmednagar
"Solapur, Maharashtra",17.6599,75.9064,2026-09-17 08:30:00,26.69,26.69,28.7,1011,70,4.17,46,light rain,0.23,30.0,Maharashtra,Solapur
"Solapur, Maharashtra",17.6599,75.9064,2026-09-17 11:30:00,30.3,30.3,32.61,1010,55,3.43,28,scattered clouds,0.0,5.0,Maharashtra,Solapur
"Solapur, Maharashtra",17.6599,75.9064,2026-09-17 14:30:00,35.53,35.53,35.53,1006,34,2.52,19,few clouds,0.0,0.0,Maharashtra,Solapur
"Solapur, Maharashtra",17.6599,75.9064,2026-09-17 17:30:00,35.18,35.18,35.18,1006,34,3.93,55,broken clouds,0.0,0.0,Maharashtra,Solapur
"Solapur, Maharashtra",17.6599,75.9064,2026-09-17 20:30:00,31.45,31.45,31.45,1009,49,8.72,87,overcast clouds,0.0,0.0,Maharashtra,Solapur
"Solapur, Maharashtra",17.6599,75.9064,2026-09-17 23:30:00,28.24,28.24,28.24,1010,62,7.51,78,light rain,0.35,49.0,Maharashtra,Solapur
"Solapur, Maharashtra",17.6599,75.9064,2026-09-18 02:30:00,25.73,25.73,25.73,1010,72,4.16,33,moderate rain,3.2,100.0,Maharashtra,Solapur
"Solapur, Maharashtra",17.6599,75.9064,2026-09-18 05:30:00,25.28,25.28,25.28,1010,73,4.21,60,light rain,2.24,100.0,Maharashtra,Solapur
"Solapur, Maharashtra",17.6599,75.9064,2026-09-18 08:30:00,27.32,27.32,27.32,1013,62,5.69,100,light rain,0.14,36.0,Maharashtra,Solapur
"Solapur, Maharashtra",17.6599,75.9064,2026-09-18 11:30:00,31.71,31.71,31.71,1011,44,4.86,62,broken clouds,0.0,3.0,Maharashtra,Solapur
"Solapur, Maharashtra",17.6599,75.9064,2026-09-18 14:30:00,34.27,34.27,34.27,1007,36,3.11,13,few clouds,0.0,0.0,Maharashtra,Solapur
"Solapur, Maharashtra",17.6599,75.9064,2026-09-18 17:30:00,34.64,34.64,34.64,1007,34,2.93,16,few clouds,0.0,0.0,Maharashtra,Solapur
"Solapur, Maharashtra",17.6599,75.9064,2026-09-18 20:30:00,33.01,33.01,33.01,1009,40,1.59,62,broken clouds,0.0,0.0,Maharashtra,Solapur
"Solapur, Maharashtra",17.6599,75.9064,2026-09-18 23:30:00,28.97,28.97,28.97,1011,57,7.66,79,light rain,0.1,20.0,Maharashtra,Solapur
"Solapur, Maharashtra",17.6599,75.9064,2026-09-19 02:30:00,26.98,26.98,26.98,1010,65,7.16,49,light rain,0.11,20.0,Maharashtra,Solapur
"Solapur, Maharashtra",17.6599,75.9064,2026-09-19 05:30:00,25.96,25.96,25.96,1011,68,5.19,39,scattered clouds,0.0,0.0,Maharashtra,Solapur
"Solapur, Maharashtra",17.6599,75.9064,2026-09-19 08:30:00,27.89,27.89,27.89,1013,58,5.25,26,scattered clouds,0.0,0.0,Maharashtra,Solapur
"Solapur, Maharashtra",17.6599,75.9064,2026-09-19 11:30:00,31.73,31.73,31.73,1012,45,3.12,22,few clouds,0.0,0.0,Maharashtra,Solapur
"Solapur, Maharashtra",17.6599,75.9064,2026-09-19 14:30:00,34.52,34.52,34.52,1008,36,2.79,21,few clouds,0.0,0.0,Maharashtra,Solapur
"Solapur, Maharashtra",17.6599,75.9064,2026-09-19 17:30:00,35.41,35.41,35.41,1007,30,3.19,50,scattered clouds,0.0,0.0,Maharashtra,Solapur
"Solapur, Maharashtra",17.6599,75.9064,2026-09-19 20:30:00,32.23,32.23,32.23,1009,44,4.28,47,scattered clouds,0.0,0.0,Maharashtra,Solapur
"Solapur, Maharashtra",17.6599,75.9064,2026-09-19 23:30:00,30.19,30.19,30.19,1011,54,6.82,74,broken clouds,0.0,0.0,Maharashtra,Solapur
"Solapur, Maharashtra",17.6599,75.9064,2026-09-20 02:30:00,28.32,28.32,28.32,1009,62,5.25,81,broken clouds,0.0,0.0,Maharashtra,Solapur
"Solapur, Maharashtra",17.6599,75.9064,2026-09-20 05:30:00,26.9,26.9,26.9,1010,70,5.51,89,light rain,0.78,50.0,Maharashtra,Solapur
"Solapur, Maharashtra",17.6599,75.9064,2026-09-20 08:30:00,28.27,28.27,28.27,1013,64,4.57,95,light rain,0.36,68.0,Maharashtra,Solapur
"Solapur, Maharashtra",17.6599,75.9064,2026-09-20 11:30:00,31.8,31.8,31.8,1012,49,2.32,97,light rain,0.19,38.0,Maharashtra,Solapur
"Solapur, Maharashtra",17.6599,75.9064,2026-09-20 14:30:00,32.17,32.17,32.17,1008,46,2.6,100,light rain,0.56,80.0,Maharashtra,Solapur
"Solapur, Maharashtra",17.6599,75.9064,2026-09-20 17:30:00,32.2,32.2,32.2,1008,46,1.51,100,overcast clouds,0.0,33.0,Maharashtra,Solapur
"Solapur, Maharashtra",17.6599,75.9064,2026-09-20 20:30:00,31.7,31.7,31.7,1010,50,0.84,90,overcast clouds,0.0,0.0,Maharashtra,Solapur
"Solapur, Maharashtra",17.6599,75.9064,2026-09-20 23:30:00,29.14,29.14,29.14,1010,58,5.19,86,light rain,0.14,20.0,Maharashtra,Solapur
"Solapur, Maharashtra",17.6599,75.9064,2026-09-21 02:30:00,25.82,25.82,25.82,1009,73,3.24,100,light rain,1.64,89.0,Maharashtra,Solapur
"Solapur, Maharashtra",17.6599,75.9064,2026-09-21 05:30:00,25.92,25.92,25.92,1009,67,2.37,91,light rain,0.86,91.0,Maharashtra,Solapur
"Solapur, Maharashtra",17.6599,75.9064,2026-09-21 08:30:00,28.43,28.43,28.43,1011,59,2.29,80,broken clouds,0.0,0.0,Maharashtra,Solapur
"Solapur, Maharashtra",17.6599,75.9064,2026-09-21 11:30:00,31.81,31.81,31.81,1010,48,1.55,69,light rain,0.27,32.0,Maharashtra,Solapur
"Solapur, Maharashtra",17.6599,75.9064,2026-09-21 14:30:00,32.69,32.69,32.69,1006,44,4.3,95,light rain,0.3,57.99999999999999,Maharashtra,Solapur
"Solapur, Maharashtra",17.6599,75.9064,2026-09-21 17:30:00,32.16,32.16,32.16,1006,46,1.29,98,light rain,0.14,39.0,Maharashtra,Solapur
"Solapur, Maharashtra",17.6599,75.9064,2026-09-21 20:30:00,29.87,29.87,29.87,1009,58,2.9,100,light rain,0.27,36.0,Maharashtra,Solapur
"Solapur, Maharashtra",17.6599,75.9064,2026-09-21 23:30:00,24.82,24.82,24.82,1010,82,5.68,100,moderate rain,5.33,100.0,Maharashtra,Solapur
"Solapur, Maharashtra",17.6599,75.9064,2026-09-22 02:30:00,24.97,24.97,24.97,1009,82,5.64,100,moderate rain,6.78,100.0,Maharashtra,Solapur
"Solapur, Maharashtra",17.6599,75.9064,2026-09-22 05:30:00,23.61,23.61,23.61,1009,90,5.76,100,light rain,2.76,100.0,Maharashtra,Solapur
"Mandya, Karnataka",12.5244,76.8958,2026-09-17 08:30:00,23.98,23.98,25.92,1013,78,3.41,61,light rain,0.82,79.0,Karnataka,Mandya
"Mandya, Karnataka",12.5244,76.8958,2026-09-17 11:30:00,28.0,28.0,30.5,1012,58,4.12,59,broken clouds,0.0,57.99999999999999,Karnataka,Mandya
"Mandya, Karnataka",12.5244,76.8958,2026-09-17 14:30:00,32.56,32.56,32.56,1008,38,6.35,49,scattered clouds,0.0,0.0,Karnataka,Mandya
"Mandya, Karnataka",12.5244,76.8958,2026-09-17 17:30:00,28.57,28.57,28.57,1009,53,6.45,36,light rain,0.67,43.0,Karnataka,Mandya
"Mandya, Karnataka",12.5244,76.8958,2026-09-17 20:30:00,25.66,25.66,25.66,1012,80,4.54,18,moderate rain,3.65,100.0,Karnataka,Mandya
"Mandya, Karnataka",12.5244,76.8958,2026-09-17 23:30:00,23.25,23.25,23.25,1013,84,4.67,32,moderate rain,4.44,100.0,Karnataka,Mandya
"Mandya, Karnataka",12.5244,76.8958,2026-09-18 02:30:00,22.32,22.32,22.32,1012,86,3.63,71,light rain,1.35,100.0,Karnataka,Mandya
"Mandya, Karnataka",12.5244,76.8958,2026-09-18 05:30:00,21.74,21.74,21.74,1012,85,2.15,86,light rain,0.17,100.0,Karnataka,Mandya
"Mandya, Karnataka",12.5244,76.8958,2026-09-18 08:30:00,25.19,25.19,25.19,1014,70,2.34,81,broken clouds,0.0,0.0,Karnataka,Mandya
"Mandya, Karnataka",12.5244,76.8958,2026-09-18 11:30:00,30.15,30.15,30.15,1012,47,1.8,80,broken clouds,0.0,0.0,Karnataka,Mandya
"Mandya, Karnataka",12.5244,76.8958,2026-09-18 14:30:00,32.37,32.37,32.37,1008,37,1.34,100,overcast clouds,0.0,0.0,Karnataka,Mandya
"Mandya, Karnataka",12.5244,76.8958,2026-09-18 17:30:00,28.92,28.92,28.92,1009,57,6.12,100,light rain,0.22,20.0,Karnataka,Mandya
"Mandya, Karnataka",12.5244,76.8958,2026-09-18 20:30:00,26.58,26.58,26.58,1012,70,6.07,99,light rain,0.69,91.0,Karnataka,Mandya
"Mandya, Karnataka",12.5244,76.8958,2026-09-18 23:30:00,24.0,24.0,24.0,1013,78,4.44,98,light rain,0.11,65.0,Karnataka,Mandya
"Mandya, Karnataka",12.5244,76.8958,2026-09-19 02:30:00,22.55,22.55,22.55,1012,85,4.08,99,light rain,1.84,100.0,Karnataka,Mandya
"Mandya, Karnataka",12.5244,76.8958,2026-09-19 05:30:00,22.01,22.01,22.01,1013,88,1.58,99,overcast clouds,0.0,77.0,Karnataka,Mandya
"Mandya, Karnataka",12.5244,76.8958,2026-09-19 08:30:00,24.68,24.68,24.68,1015,70,2.73,99,overcast clouds,0.0,0.0,Karnataka,Mandya
"Mandya, Karnataka",12.5244,76.8958,2026-09-19 11:30:00,29.59,29.59,29.59,1013,49,2.37,100,overcast clouds,0.0,0.0,Karnataka,Mandya
"Mandya, Karnataka",12.5244,76.8958,2026-09-19 14:30:00,32.29,32.29,32.29,1009,41,2.26,100,light rain,0.26,20.0,Karnataka,Mandya
"Mandya, Karnataka",12.5244,76.8958,2026-09-19 17:30:00,27.03,27.03,27.03,1010,62,5.77,100,light rain,0.2,20.0,Karnataka,Mandya
"Mandya, Karnataka",12.5244,76.8958,2026-09-19 20:30:00,25.91,25.91,25.91,1012,71,4.7,90,light rain,0.47,61.0,Karnataka,Mandya
"Mandya, Karnataka",12.5244,76.8958,2026-09-19 23:30:00,24.09,24.09,24.09,1013,80,4.22,97,light rain,1.22,82.0,Karnataka,Mandya
"Mandya, Karnataka",12.5244,76.8958,2026-09-20 02:30:00,23.06,23.06,23.06,1011,84,3.56,100,light rain,0.74,73.0,Karnataka,Mandya
"Mandya, Karnataka",12.5244,76.8958,2026-09-20 05:30:00,22.66,22.66,22.66,1012,84,2.66,100,overcast clouds,0.0,63.0,Karnataka,Mandya
"Mandya, Karnataka",12.5244,76.8958,2026-09-20 08:30:00,24.83,24.83,24.83,1014,71,2.22,99,overcast clouds,0.0,0.0,Karnataka,Mandya
"Mandya, Karnataka",12.5244,76.8958,2026-09-20 11:30:00,28.38,28.38,28.38,1013,59,2.56,100,light rain,0.46,20.0,Karnataka,Mandya
"Mandya, Karnataka",12.5244,76.8958,2026-09-20 14:30:00,27.51,27.51,27.51,1010,61,4.58,91,light rain,0.48,81.0,Karnataka,Mandya
"Mandya, Karnataka",12.5244,76.8958,2026-09-20 17:30:00,25.1,25.1,25.1,1011,71,2.64,96,light rain,0.24,55.00000000000001,Karnataka,Mandya
"Mandya, Karnataka",12.5244,76.8958,2026-09-20 20:30:00,23.53,23.53,23.53,1013,83,3.73,100,light rain,1.69,100.0,Karnataka,Mandya
"Mandya, Karnataka",12.5244,76.8958,2026-09-20 23:30:00,22.98,22.98,22.98,1013,86,2.94,99,light rain,1.06,100.0,Karnataka,Mandya
"Mandya, Karnataka",12.5244,76.8958,2026-09-21 02:30:00,22.16,22.16,22.16,1011,90,3.29,93,light rain,1.81,100.0,Karnataka,Mandya
"Mandya, Karnataka",12.5244,76.8958,2026-09-21 05:30:00,21.99,21.99,21.99,1012,89,3.51,96,light rain,2.51,100.0,Karnataka,Mandya
"Mandya, Karnataka",12.5244,76.8958,2026-09-21 08:30:00,22.14,22.14,22.14,1014,89,1.69,100,light rain,0.94,98.0,Karnataka,Mandya
"Mandya, Karnataka",12.5244,76.8958,2026-09-21 11:30:00,23.35,23.35,23.35,1013,82,1.77,100,overcast clouds,0.0,70.0,Karnataka,Mandya
"Mandya, Karnataka",12.5244,76.8958,2026-09-21 14:30:00,24.9,24.9,24.9,1009,72,2.46,100,overcast clouds,0.0,0.0,Karnataka,Mandya
"Mandya, Karnataka",12.5244,76.8958,2026-09-21 17:30:00,25.98,25.98,25.98,1009,68,2.43,100,light rain,0.14,27.0,Karnataka,Mandya
"Mandya, Karnataka",12.5244,76.8958,2026-09-21 20:30:00,23.42,23.42,23.42,1012,81,5.45,100,light rain,1.28,100.0,Karnataka,Mandya
"Mandya, Karnataka",12.5244,76.8958,2026-09-21 23:30:00,22.25,22.25,22.25,1012,88,4.73,100,light rain,0.45,100.0,Karnataka,Mandya
"Mandya, Karnataka",12.5244,76.8958,2026-09-22 02:30:00,21.8,21.8,21.8,1010,88,5.38,100,light rain,0.18,37.0,Karnataka,Mandya
"Mandya, Karnataka",12.5244,76.8958,2026-09-22 05:30:00,21.22,21.22,21.22,1011,89,3.83,97,overcast clouds,0.0,16.0,Karnataka,Mandya
"Belagavi, Karnataka",15.8497,74.4977,2026-09-17 08:30:00,22.68,22.09,22.68,1013,91,3.11,97,overcast clouds,0.0,0.0,Karnataka,Belagavi
"Belagavi, Karnataka",15.8497,74.4977,2026-09-17 11:30:00,26.2,26.2,27.81,1013,72,4.23,71,broken clouds,0.0,0.0,Karnataka,Belagavi
"Belagavi, Karnataka",15.8497,74.4977,2026-09-17 14:30:00,27.83,27.83,27.83,1010,63,4.86,66,light rain,0.22,25.0,Karnataka,Belagavi
"Belagavi, Karnataka",15.8497,74.4977,2026-09-17 17:30:00,25.43,25.43,25.43,1011,77,4.85,56,light rain,0.41,64.0,Karnataka,Belagavi
"Belagavi, Karnataka",15.8497,74.4977,2026-09-17 20:30:00,21.59,21.59,21.59,1013,98,3.02,22,few clouds,0.0,0.0,Karnataka,Belagavi
"Belagavi, Karnataka",15.8497,74.4977,2026-09-17 23:30:00,20.34,20.34,20.34,1013,98,4.06,39,scattered clouds,0.0,0.0,Karnataka,Belagavi
"Belagavi, Karnataka",15.8497,74.4977,2026-09-18 02:30:00,20.73,20.73,20.73,1011,92,4.68,75,broken clouds,0.0,0.0,Karnataka,Belagavi
"Belagavi, Karnataka",15.8497,74.4977,2026-09-18 05:30:00,20.01,20.01,20.01,1012,94,3.46,74,broken clouds,0.0,0.0,Karnataka,Belagavi
"Belagavi, Karnataka",15.8497,74.4977,2026-09-18 08:30:00,22.39,22.39,22.39,1015,85,3.65,96,overcast clouds,0.0,0.0,Karnataka,Belagavi
"Belagavi, Karnataka",15.8497,74.4977,2026-09-18 11:30:00,27.96,27.96,27.96,1013,57,4.65,81,broken clouds,0.0,0.0,Karnataka,Belagavi
"Belagavi, Karnataka",15.8497,74.4977,2026-09-18 14:30:00,29.82,29.82,29.82,1010,52,5.49,97,overcast clouds,0.0,0.0,Karnataka,Belagavi
"Belagavi, Karnataka",15.8497,74.4977,2026-09-18 17:30:00,26.02,26.02,26.02,1011,72,5.09,73,broken clouds,0.0,0.0,Karnataka,Belagavi
"Belagavi, Karnataka",15.8497,74.4977,2026-09-18 20:30:00,21.89,21.89,21.89,1014,98,3.12,4,clear sky,0.0,0.0,Karnataka,Belagavi
"Belagavi, Karnataka",15.8497,74.4977,2026-09-18 23:30:00,20.3,20.3,20.3,1014,99,3.92,27,scattered clouds,0.0,0.0,Karnataka,Belagavi
"Belagavi, Karnataka",15.8497,74.4977,2026-09-19 02:30:00,20.55,20.55,20.55,1012,94,4.22,87,overcast clouds,0.0,0.0,Karnataka,Belagavi
"Belagavi, Karnataka",15.8497,74.4977,2026-09-19 05:30:00,20.67,20.67,20.67,1013,91,3.46,93,overcast clouds,0.0,0.0,Karnataka,Belagavi
"Belagavi, Karnataka",15.8497,74.4977,2026-09-19 08:30:00,22.87,22.87,22.87,1015,80,3.11,100,overcast clouds,0.0,0.0,Karnataka,Belagavi
"Belagavi, Karnataka",15.8497,74.4977,2026-09-19 11:30:00,28.32,28.32,28.32,1014,59,3.49,97,overcast clouds,0.0,0.0,Karnataka,Belagavi
"Belagavi, Karnataka",15.8497,74.4977,2026-09-19 14:30:00,27.64,27.64,27.64,1011,64,5.93,100,light rain,0.41,62.0,Karnataka,Belagavi
"Belagavi, Karnataka",15.8497,74.4977,2026-09-19 17:30:00,25.37,25.37,25.37,1011,74,5.38,97,overcast clouds,0.0,32.0,Karnataka,Belagavi
"Belagavi, Karnataka",15.8497,74.4977,2026-09-19 20:30:00,21.08,21.08,21.08,1013,98,3.63,11,few clouds,0.0,0.0,Karnataka,Belagavi
"Belagavi, Karnataka",15.8497,74.4977,2026-09-19 23:30:00,20.77,20.77,20.77,1013,97,3.74,36,scattered clouds,0.0,0.0,Karnataka,Belagavi
"Belagavi, Karnataka",15.8497,74.4977,2026-09-20 02:30:00,20.05,20.05,20.05,1012,95,1.96,82,broken clouds,0.0,0.0,Karnataka,Belagavi
"Belagavi, Karnataka",15.8497,74.4977,2026-09-20 05:30:00,20.57,20.57,20.57,1013,90,2.16,90,overcast clouds,0.0,0.0,Karnataka,Belagavi
"Belagavi, Karnataka",15.8497,74.4977,2026-09-20 08:30:00,23.27,23.27,23.27,1015,78,2.23,94,overcast clouds,0.0,0.0,Karnataka,Belagavi
"Belagavi, Karnataka",15.8497,74.4977,2026-09-20 11:30:00,29.67,29.67,29.67,1013,51,1.35,79,broken clouds,0.0,0.0,Karnataka,Belagavi
"Belagavi, Karnataka",15.8497,74.4977,2026-09-20 14:30:00,27.67,27.67,27.67,1010,63,5.72,83,light rain,0.32,55.00000000000001,Karnataka,Belagavi
"Belagavi, Karnataka",15.8497,74.4977,2026-09-20 17:30:00,25.28,25.28,25.28,1011,82,4.91,66,light rain,1.44,100.0,Karnataka,Belagavi
"Belagavi, Karnataka",15.8497,74.4977,2026-09-20 20:30:00,21.84,21.84,21.84,1013,98,3.48,36,light rain,1.26,100.0,Karnataka,Belagavi
"Belagavi, Karnataka",15.8497,74.4977,2026-09-20 23:30:00,20.97,20.97,20.97,1013,98,3.0,62,light rain,0.27,94.0,Karnataka,Belagavi
"Belagavi, Karnataka",15.8497,74.4977,2026-09-21 02:30:00,20.88,20.88,20.88,1011,95,3.21,100,overcast clouds,0.0,0.0,Karnataka,Belagavi
"Belagavi, Karnataka",15.8497,74.4977,2026-09-21 05:30:00,20.19,20.19,20.19,1012,98,1.57,100,overcast clouds,0.0,10.0,Karnataka,Belagavi
"Belagavi, Karnataka",15.8497,74.4977,2026-09-21 08:30:00,23.25,23.25,23.25,1013,81,1.15,100,overcast clouds,0.0,21.0,Karnataka,Belagavi
"Belagavi, Karnataka",15.8497,74.4977,2026-09-21 11:30:00,26.2,26.2,26.2,1012,65,2.12,97,overcast clouds,0.0,15.0,Karnataka,Belagavi
"Belagavi, Karnataka",15.8497,74.4977,2026-09-21 14:30:00,28.58,28.58,28.58,1009,59,3.91,97,light rain,0.28,49.0,Karnataka,Belagavi
"Belagavi, Karnataka",15.8497,74.4977,2026-09-21 17:30:00,24.18,24.18,24.18,1010,83,4.59,99,light rain,0.42,67.0,Karnataka,Belagavi
"Belagavi, Karnataka",15.8497,74.4977,2026-09-21 20:30:00,21.58,21.58,21.58,1012,96,3.13,100,light rain,0.16,36.0,Karnataka,Belagavi
"Belagavi, Karnataka",15.8497,74.4977,2026-09-21 23:30:00,20.71,20.71,20.71,1012,98,2.36,95,overcast clouds,0.0,21.0,Karnataka,Belagavi
"Belagavi, Karnataka",15.8497,74.4977,2026-09-22 02:30:00,20.98,20.98,20.98,1011,92,2.98,100,overcast clouds,0.0,0.0,Karnataka,Belagavi
"Belagavi, Karnataka",15.8497,74.4977,2026-09-22 05:30:00,19.82,19.82,19.82,1011,97,1.67,100,overcast clouds,0.0,0.0,Karnataka,Belagavi
"Mysuru, Karnataka",12.2958,76.6394,2026-09-17 08:30:00,22.89,22.89,24.06,1013,79,3.57,91,light rain,0.38,51.0,Karnataka,Mysuru
"Mysuru, Karnataka",12.2958,76.6394,2026-09-17 11:30:00,26.18,26.18,28.11,1013,65,3.9,83,broken clouds,0.0,24.0,Karnataka,Mysuru
"Mysuru, Karnataka",12.2958,76.6394,2026-09-17 14:30:00,29.74,29.74,29.74,1010,50,6.4,54,broken clouds,0.0,0.0,Karnataka,Mysuru
"Mysuru, Karnataka",12.2958,76.6394,2026-09-17 17:30:00,27.36,27.36,27.36,1010,56,5.37,52,light rain,0.34,26.0,Karnataka,Mysuru
"Mysuru, Karnataka",12.2958,76.6394,2026-09-17 20:30:00,24.19,24.19,24.19,1013,82,5.4,87,light rain,0.83,90.0,Karnataka,Mysuru
"Mysuru, Karnataka",12.2958,76.6394,2026-09-17 23:30:00,22.44,22.44,22.44,1013,87,4.65,80,moderate rain,3.02,100.0,Karnataka,Mysuru
"Mysuru, Karnataka",12.2958,76.6394,2026-09-18 02:30:00,21.46,21.46,21.46,1012,88,3.62,87,light rain,0.37,53.0,Karnataka,Mysuru
"Mysuru, Karnataka",12.2958,76.6394,2026-09-18 05:30:00,20.43,20.43,20.43,1013,91,2.23,94,overcast clouds,0.0,22.0,Karnataka,Mysuru
"Mysuru, Karnataka",12.2958,76.6394,2026-09-18 08:30:00,24.19,24.19,24.19,1014,70,2.36,51,broken clouds,0.0,0.0,Karnataka,Mysuru
"Mysuru, Karnataka",12.2958,76.6394,2026-09-18 11:30:00,29.56,29.56,29.56,1012,45,2.91,54,broken clouds,0.0,0.0,Karnataka,Mysuru
"Mysuru, Karnataka",12.2958,76.6394,2026-09-18 14:30:00,31.91,31.91,31.91,1008,36,2.86,100,overcast clouds,0.0,0.0,Karnataka,Mysuru
"Mysuru, Karnataka",12.2958,76.6394,2026-09-18 17:30:00,27.8,27.8,27.8,1010,57,5.02,100,light rain,0.21,20.0,Karnataka,Mysuru
"Mysuru, Karnataka",12.2958,76.6394,2026-09-18 20:30:00,24.56,24.56,24.56,1013,78,5.56,99,light rain,2.47,100.0,Karnataka,Mysuru
"Mysuru, Karnataka",12.2958,76.6394,2026-09-18 23:30:00,22.7,22.7,22.7,1014,84,4.98,100,light rain,0.58,100.0,Karnataka,Mysuru
"Mysuru, Karnataka",12.2958,76.6394,2026-09-19 02:30:00,21.66,21.66,21.66,1013,89,2.99,78,light rain,1.32,97.0,Karnataka,Mysuru
"Mysuru, Karnataka",12.2958,76.6394,2026-09-19 05:30:00,20.75,20.75,20.75,1013,92,1.55,78,light rain,0.24,98.0,Karnataka,Mysuru
"Mysuru, Karnataka",12.2958,76.6394,2026-09-19 08:30:00,23.77,23.77,23.77,1015,73,2.75,92,light rain,0.12,20.0,Karnataka,Mysuru
"Mysuru, Karnataka",12.2958,76.6394,2026-09-19 11:30:00,28.39,28.39,28.39,1014,51,2.37,96,overcast clouds,0.0,0.0,Karnataka,Mysuru
"Mysuru, Karnataka",12.2958,76.6394,2026-09-19 14:30:00,31.56,31.56,31.56,1009,40,3.34,100,light rain,0.16,20.0,Karnataka,Mysuru
"Mysuru, Karnataka",12.2958,76.6394,2026-09-19 17:30:00,26.74,26.74,26.74,1010,62,4.96,100,light rain,0.18,20.0,Karnataka,Mysuru
"Mysuru, Karnataka",12.2958,76.6394,2026-09-19 20:30:00,23.91,23.91,23.91,1013,78,5.46,82,light rain,0.1,20.0,Karnataka,Mysuru
"Mysuru, Karnataka",12.2958,76.6394,2026-09-19 23:30:00,22.71,22.71,22.71,1013,84,3.79,92,overcast clouds,0.0,0.0,Karnataka,Mysuru
"Mysuru, Karnataka",12.2958,76.6394,2026-09-20 02:30:00,21.45,21.45,21.45,1012,92,3.34,82,broken clouds,0.0,0.0,Karnataka,Mysuru
"Mysuru, Karnataka",12.2958,76.6394,2026-09-20 05:30:00,21.52,21.52,21.52,1012,87,2.75,91,overcast clouds,0.0,0.0,Karnataka,Mysuru
"Mysuru, Karnataka",12.2958,76.6394,2026-09-20 08:30:00,24.18,24.18,24.18,1015,69,2.51,100,overcast clouds,0.0,0.0,Karnataka,Mysuru
"Mysuru, Karnataka",12.2958,76.6394,2026-09-20 11:30:00,29.45,29.45,29.45,1013,49,1.34,100,overcast clouds,0.0,0.0,Karnataka,Mysuru
"Mysuru, Karnataka",12.2958,76.6394,2026-09-20 14:30:00,29.45,29.45,29.45,1009,49,3.09,100,light rain,0.68,93.0,Karnataka,Mysuru
"Mysuru, Karnataka",12.2958,76.6394,2026-09-20 17:30:00,24.38,24.38,24.38,1011,76,1.04,100,light rain,2.03,100.0,Karnataka,Mysuru
"Mysuru, Karnataka",12.2958,76.6394,2026-09-20 20:30:00,23.33,23.33,23.33,1013,83,4.99,100,moderate rain,5.86,100.0,Karnataka,Mysuru
"Mysuru, Karnataka",12.2958,76.6394,2026-09-20 23:30:00,22.61,22.61,22.61,1013,87,4.73,100,moderate rain,3.09,100.0,Karnataka,Mysuru
"Mysuru, Karnataka",12.2958,76.6394,2026-09-21 02:30:00,21.11,21.11,21.11,1011,93,4.12,96,light rain,0.55,72.0,Karnataka,Mysuru
"Mysuru, Karnataka",12.2958,76.6394,2026-09-21 05:30:00,21.0,21.0,21.0,1012,92,3.4,98,light rain,0.45,64.0,Karnataka,Mysuru
"Mysuru, Karnataka",12.2958,76.6394,2026-09-21 08:30:00,22.76,22.76,22.76,1014,82,3.07,100,overcast clouds,0.0,5.0,Karnataka,Mysuru
"Mysuru, Karnataka",12.2958,76.6394,2026-09-21 11:30:00,24.93,24.93,24.93,1013,69,2.92,100,overcast clouds,0.0,0.0,Karnataka,Mysuru
"Mysuru, Karnataka",12.2958,76.6394,2026-09-21 14:30:00,26.61,26.61,26.61,1009,59,2.82,100,overcast clouds,0.0,0.0,Karnataka,Mysuru
"Mysuru, Karnataka",12.2958,76.6394,2026-09-21 17:30:00,24.75,24.75,24.75,1010,74,4.81,100,light rain,1.36,92.0,Karnataka,Mysuru
"Mysuru, Karnataka",12.2958,76.6394,2026-09-21 20:30:00,22.58,22.58,22.58,1012,85,4.7,100,light rain,1.76,100.0,Karnataka,Mysuru
"Mysuru, Karnataka",12.2958,76.6394,2026-09-21 23:30:00,21.39,21.39,21.39,1013,90,3.75,100,overcast clouds,0.0,80.0,Karnataka,Mysuru
"Mysuru, Karnataka",12.2958,76.6394,2026-09-22 02:30:00,20.99,20.99,20.99,1011,91,4.31,100,overcast clouds,0.0,0.0,Karnataka,Mysuru
"Mysuru, Karnataka",12.2958,76.6394,2026-09-22 05:30:00,20.72,20.72,20.72,1011,91,3.66,100,overcast clouds,0.0,0.0,Karnataka,Mysuru
"Bagalkot, Karnataka",16.1691,75.6948,2026-09-17 08:30:00,24.66,24.66,25.65,1012,74,5.2,36,scattered clouds,0.0,0.0,Karnataka,Bagalkot
"Bagalkot, Karnataka",16.1691,75.6948,2026-09-17 11:30:00,28.9,28.9,31.27,1011,55,4.0,21,few clouds,0.0,0.0,Karnataka,Bagalkot
"Bagalkot, Karnataka",16.1691,75.6948,2026-09-17 14:30:00,34.12,34.12,34.12,1007,33,3.86,22,few clouds,0.0,0.0,Karnataka,Bagalkot
"Bagalkot, Karnataka",16.1691,75.6948,2026-09-17 17:30:00,30.18,30.18,30.18,1008,51,8.28,54,broken clouds,0.0,0.0,Karnataka,Bagalkot
"Bagalkot, Karnataka",16.1691,75.6948,2026-09-17 20:30:00,27.67,27.67,27.67,1010,61,8.18,74,broken clouds,0.0,0.0,Karnataka,Bagalkot
"Bagalkot, Karnataka",16.1691,75.6948,2026-09-17 23:30:00,25.55,25.55,25.55,1012,72,6.5,38,light rain,0.2,20.0,Karnataka,Bagalkot
"Bagalkot, Karnataka",16.1691,75.6948,2026-09-18 02:30:00,24.05,24.05,24.05,1011,75,5.08,16,few clouds,0.0,0.0,Karnataka,Bagalkot
"Bagalkot, Karnataka",16.1691,75.6948,2026-09-18 05:30:00,23.21,23.21,23.21,1011,83,4.81,58,broken clouds,0.0,0.0,Karnataka,Bagalkot
"Bagalkot, Karnataka",16.1691,75.6948,2026-09-18 08:30:00,25.27,25.27,25.27,1014,70,5.62,100,overcast clouds,0.0,0.0,Karnataka,Bagalkot
"Bagalkot, Karnataka",16.1691,75.6948,2026-09-18 11:30:00,31.16,31.16,31.16,1012,44,5.08,100,overcast clouds,0.0,0.0,Karnataka,Bagalkot
"Bagalkot, Karnataka",16.1691,75.6948,2026-09-18 14:30:00,34.22,34.22,34.22,1007,34,4.63,100,overcast clouds,0.0,0.0,Karnataka,Bagalkot
"Bagalkot, Karnataka",16.1691,75.6948,2026-09-18 17:30:00,31.94,31.94,31.94,1008,39,6.67,100,overcast clouds,0.0,0.0,Karnataka,Bagalkot
"Bagalkot, Karnataka",16.1691,75.6948,2026-09-18 20:30:00,28.01,28.01,28.01,1011,55,8.98,97,overcast clouds,0.0,0.0,Karnataka,Bagalkot
"Bagalkot, Karnataka",16.1691,75.6948,2026-09-18 23:30:00,25.64,25.64,25.64,1012,69,6.85,58,broken clouds,0.0,0.0,Karnataka,Bagalkot
"Bagalkot, Karnataka",16.1691,75.6948,2026-09-19 02:30:00,24.42,24.42,24.42,1011,75,5.37,23,few clouds,0.0,0.0,Karnataka,Bagalkot
"Bagalkot, Karnataka",16.1691,75.6948,2026-09-19 05:30:00,23.53,23.53,23.53,1012,77,4.63,48,scattered clouds,0.0,0.0,Karnataka,Bagalkot
"Bagalkot, Karnataka",16.1691,75.6948,2026-09-19 08:30:00,26.05,26.05,26.05,1014,64,5.48,98,overcast clouds,0.0,0.0,Karnataka,Bagalkot
"Bagalkot, Karnataka",16.1691,75.6948,2026-09-19 11:30:00,31.35,31.35,31.35,1013,43,3.15,56,broken clouds,0.0,0.0,Karnataka,Bagalkot
"Bagalkot, Karnataka",16.1691,75.6948,2026-09-19 14:30:00,34.33,34.33,34.33,1008,34,3.61,22,few clouds,0.0,1.0,Karnataka,Bagalkot
"Bagalkot, Karnataka",16.1691,75.6948,2026-09-19 17:30:00,33.54,33.54,33.54,1008,35,3.09,47,scattered clouds,0.0,0.0,Karnataka,Bagalkot
"Bagalkot, Karnataka",16.1691,75.6948,2026-09-19 20:30:00,28.89,28.89,28.89,1011,57,6.53,55,light rain,0.13,32.0,Karnataka,Bagalkot
"Bagalkot, Karnataka",16.1691,75.6948,2026-09-19 23:30:00,26.09,26.09,26.09,1012,71,5.16,55,broken clouds,0.0,0.0,Karnataka,Bagalkot
"Bagalkot, Karnataka",16.1691,75.6948,2026-09-20 02:30:00,24.65,24.65,24.65,1011,76,4.73,41,scattered clouds,0.0,0.0,Karnataka,Bagalkot
"Bagalkot, Karnataka",16.1691,75.6948,2026-09-20 05:30:00,23.76,23.76,23.76,1011,79,4.78,44,light rain,0.11,20.0,Karnataka,Bagalkot
"Bagalkot, Karnataka",16.1691,75.6948,2026-09-20 08:30:00,26.44,26.44,26.44,1013,68,4.38,89,light rain,0.81,79.0,Karnataka,Bagalkot
"Bagalkot, Karnataka",16.1691,75.6948,2026-09-20 11:30:00,32.14,32.14,32.14,1012,46,2.68,90,overcast clouds,0.0,59.0,Karnataka,Bagalkot
"Bagalkot, Karnataka",16.1691,75.6948,2026-09-20 14:30:00,32.64,32.64,32.64,1008,42,3.47,100,light rain,0.4,100.0,Karnataka,Bagalkot
"Bagalkot, Karnataka",16.1691,75.6948,2026-09-20 17:30:00,31.73,31.73,31.73,1008,45,2.27,100,light rain,0.37,67.0,Karnataka,Bagalkot
"Bagalkot, Karnataka",16.1691,75.6948,2026-09-20 20:30:00,28.22,28.22,28.22,1011,61,2.64,100,light rain,1.38,100.0,Karnataka,Bagalkot
"Bagalkot, Karnataka",16.1691,75.6948,2026-09-20 23:30:00,26.32,26.32,26.32,1012,71,4.92,100,light rain,1.54,100.0,Karnataka,Bagalkot
"Bagalkot, Karnataka",16.1691,75.6948,2026-09-21 02:30:00,25.16,25.16,25.16,1010,76,4.47,100,moderate rain,3.82,100.0,Karnataka,Bagalkot
"Bagalkot, Karnataka",16.1691,75.6948,2026-09-21 05:30:00,24.48,24.48,24.48,1011,79,3.75,100,moderate rain,3.89,100.0,Karnataka,Bagalkot
"Bagalkot, Karnataka",16.1691,75.6948,2026-09-21 08:30:00,23.98,23.98,23.98,1013,82,3.66,100,light rain,2.85,100.0,Karnataka,Bagalkot
"Bagalkot, Karnataka",16.1691,75.6948,2026-09-21 11:30:00,26.41,26.41,26.41,1012,69,4.39,100,light rain,0.3,100.0,Karnataka,Bagalkot
"Bagalkot, Karnataka",16.1691,75.6948,2026-09-21 14:30:00,30.4,30.4,30.4,1008,52,3.78,100,overcast clouds,0.0,0.0,Karnataka,Bagalkot
"Bagalkot, Karnataka",16.1691,75.6948,2026-09-21 17:30:00,31.09,31.09,31.09,1007,49,4.06,100,overcast clouds,0.0,0.0,Karnataka,Bagalkot
"Bagalkot, Karnataka",16.1691,75.6948,2026-09-21 20:30:00,26.44,26.44,26.44,1010,72,4.84,96,light rain,2.76,100.0,Karnataka,Bagalkot
"Bagalkot, Karnataka",16.1691,75.6948,2026-09-21 23:30:00,24.63,24.63,24.63,1011,83,4.31,98,moderate rain,7.38,100.0,Karnataka,Bagalkot
"Bagalkot, Karnataka",16.1691,75.6948,2026-09-22 02:30:00,24.18,24.18,24.18,1010,84,4.27,100,moderate rain,3.45,100.0,Karnataka,Bagalkot
"Bagalkot, Karnataka",16.1691,75.6948,2026-09-22 05:30:00,23.13,23.13,23.13,1010,89,4.2,100,light rain,3.0,100.0,Karnataka,Bagalkot
"Shivamogga, Karnataka",13.9299,75.5681,2026-09-17 08:30:00,22.56,22.56,24.38,1013,89,2.58,76,broken clouds,0.0,0.0,Karnataka,Shivamogga
"Shivamogga, Karnataka",13.9299,75.5681,2026-09-17 11:30:00,27.16,27.16,29.92,1013,67,3.38,58,broken clouds,0.0,0.0,Karnataka,Shivamogga
"Shivamogga, Karnataka",13.9299,75.5681,2026-09-17 14:30:00,30.36,30.36,30.36,1009,53,6.58,49,scattered clouds,0.0,25.0,Karnataka,Shivamogga
"Shivamogga, Karnataka",13.9299,75.5681,2026-09-17 17:30:00,27.39,27.39,27.39,1010,66,5.26,45,scattered clouds,0.0,13.0,Karnataka,Shivamogga
"Shivamogga, Karnataka",13.9299,75.5681,2026-09-17 20:30:00,23.17,23.17,23.17,1013,88,4.01,0,clear sky,0.0,0.0,Karnataka,Shivamogga
"Shivamogga, Karnataka",13.9299,75.5681,2026-09-17 23:30:00,21.99,21.99,21.99,1014,95,3.57,5,clear sky,0.0,0.0,Karnataka,Shivamogga
"Shivamogga, Karnataka",13.9299,75.5681,2026-09-18 02:30:00,21.41,21.41,21.41,1012,94,3.06,52,broken clouds,0.0,0.0,Karnataka,Shivamogga
"Shivamogga, Karnataka",13.9299,75.5681,2026-09-18 05:30:00,22.44,22.44,22.44,1013,86,2.81,76,broken clouds,0.0,0.0,Karnataka,Shivamogga
"Shivamogga, Karnataka",13.9299,75.5681,2026-09-18 08:30:00,23.9,23.9,23.9,1015,78,2.48,100,overcast clouds,0.0,0.0,Karnataka,Shivamogga
"Shivamogga, Karnataka",13.9299,75.5681,2026-09-18 11:30:00,29.57,29.57,29.57,1013,54,3.11,89,overcast clouds,0.0,0.0,Karnataka,Shivamogga
"Shivamogga, Karnataka",13.9299,75.5681,2026-09-18 14:30:00,28.83,28.83,28.83,1010,60,5.64,76,broken clouds,0.0,0.0,Karnataka,Shivamogga
"Shivamogga, Karnataka",13.9299,75.5681,2026-09-18 17:30:00,27.19,27.19,27.19,1011,69,5.72,69,light rain,0.18,20.0,Karnataka,Shivamogga
"Shivamogga, Karnataka",13.9299,75.5681,2026-09-18 20:30:00,22.6,22.6,22.6,1013,93,4.56,15,light rain,1.68,90.0,Karnataka,Shivamogga
"Shivamogga, Karnataka",13.9299,75.5681,2026-09-18 23:30:00,21.65,21.65,21.65,1014,97,3.24,17,few clouds,0.0,72.0,Karnataka,Shivamogga
"Shivamogga, Karnataka",13.9299,75.5681,2026-09-19 02:30:00,21.27,21.27,21.27,1012,96,3.35,76,broken clouds,0.0,0.0,Karnataka,Shivamogga
"Shivamogga, Karnataka",13.9299,75.5681,2026-09-19 05:30:00,21.74,21.74,21.74,1013,92,2.77,87,overcast clouds,0.0,0.0,Karnataka,Shivamogga
"Shivamogga, Karnataka",13.9299,75.5681,2026-09-19 08:30:00,23.77,23.77,23.77,1015,81,2.83,100,overcast clouds,0.0,0.0,Karnataka,Shivamogga
"Shivamogga, Karnataka",13.9299,75.5681,2026-09-19 11:30:00,28.23,28.23,28.23,1014,63,2.89,100,overcast clouds,0.0,0.0,Karnataka,Shivamogga
"Shivamogga, Karnataka",13.9299,75.5681,2026-09-19 14:30:00,29.34,29.34,29.34,1010,59,4.95,99,light rain,0.56,72.0,Karnataka,Shivamogga
"Shivamogga, Karnataka",13.9299,75.5681,2026-09-19 17:30:00,24.95,24.95,24.95,1011,83,4.31,100,light rain,1.71,100.0,Karnataka,Shivamogga
"Shivamogga, Karnataka",13.9299,75.5681,2026-09-19 20:30:00,22.37,22.37,22.37,1013,96,3.57,86,light rain,1.09,97.0,Karnataka,Shivamogga
"Shivamogga, Karnataka",13.9299,75.5681,2026-09-19 23:30:00,21.49,21.49,21.49,1014,97,2.08,58,broken clouds,0.0,82.0,Karnataka,Shivamogga
"Shivamogga, Karnataka",13.9299,75.5681,2026-09-20 02:30:00,20.96,20.96,20.96,1012,97,2.07,54,broken clouds,0.0,0.0,Karnataka,Shivamogga
"Shivamogga, Karnataka",13.9299,75.5681,2026-09-20 05:30:00,21.35,21.35,21.35,1013,96,1.82,76,broken clouds,0.0,0.0,Karnataka,Shivamogga
"Shivamogga, Karnataka",13.9299,75.5681,2026-09-20 08:30:00,23.18,23.18,23.18,1015,85,2.15,100,overcast clouds,0.0,0.0,Karnataka,Shivamogga
"Shivamogga, Karnataka",13.9299,75.5681,2026-09-20 11:30:00,29.9,29.9,29.9,1013,55,2.56,83,broken clouds,0.0,0.0,Karnataka,Shivamogga
"Shivamogga, Karnataka",13.9299,75.5681,2026-09-20 14:30:00,28.56,28.56,28.56,1010,63,4.98,87,light rain,0.64,85.0,Karnataka,Shivamogga
"Shivamogga, Karnataka",13.9299,75.5681,2026-09-20 17:30:00,26.4,26.4,26.4,1011,78,4.37,91,light rain,2.2,100.0,Karnataka,Shivamogga
"Shivamogga, Karnataka",13.9299,75.5681,2026-09-20 20:30:00,22.58,22.58,22.58,1013,95,3.94,100,moderate rain,3.2,100.0,Karnataka,Shivamogga
"Shivamogga, Karnataka",13.9299,75.5681,2026-09-20 23:30:00,22.01,22.01,22.01,1013,95,3.85,79,light rain,0.29,100.0,Karnataka,Shivamogga
"Shivamogga, Karnataka",13.9299,75.5681,2026-09-21 02:30:00,22.21,22.21,22.21,1011,94,2.39,100,overcast clouds,0.0,20.0,Karnataka,Shivamogga
"Shivamogga, Karnataka",13.9299,75.5681,2026-09-21 05:30:00,22.01,22.01,22.01,1012,95,1.36,100,light rain,0.23,39.0,Karnataka,Shivamogga
"Shivamogga, Karnataka",13.9299,75.5681,2026-09-21 08:30:00,23.17,23.17,23.17,1014,86,1.03,100,overcast clouds,0.0,0.0,Karnataka,Shivamogga
"Shivamogga, Karnataka",13.9299,75.5681,2026-09-21 11:30:00,26.66,26.66,26.66,1013,68,1.92,100,overcast clouds,0.0,0.0,Karnataka,Shivamogga
"Shivamogga, Karnataka",13.9299,75.5681,2026-09-21 14:30:00,26.03,26.03,26.03,1009,73,2.31,100,overcast clouds,0.0,0.0,Karnataka,Shivamogga
"Shivamogga, Karnataka",13.9299,75.5681,2026-09-21 17:30:00,23.66,23.66,23.66,1010,89,3.68,100,light rain,0.77,69.0,Karnataka,Shivamogga
"Shivamogga, Karnataka",13.9299,75.5681,2026-09-21 20:30:00,22.41,22.41,22.41,1012,93,3.06,100,light rain,0.3,48.0,Karnataka,Shivamogga
"Shivamogga, Karnataka",13.9299,75.5681,2026-09-21 23:30:00,21.89,21.89,21.89,1013,96,2.93,99,overcast clouds,0.0,24.0,Karnataka,Shivamogga
"Shivamogga, Karnataka",13.9299,75.5681,2026-09-22 02:30:00,21.0,21.0,21.0,1011,98,2.91,92,overcast clouds,0.0,0.0,Karnataka,Shivamogga
"Shivamogga, Karnataka",13.9299,75.5681,2026-09-22 05:30:00,20.82,20.82,20.82,1011,98,2.04,96,overcast clouds,0.0,0.0,Karnataka,Shivamogga
"Coimbatore, Tamil Nadu",11.0168,76.9558,2026-09-17 08:30:00,25.24,25.24,26.14,1013,89,3.83,97,overcast clouds,0.0,6.0,Tamil Nadu,Coimbatore
"Coimbatore, Tamil Nadu",11.0168,76.9558,2026-09-17 11:30:00,30.94,30.94,34.01,1012,72,4.04,98,overcast clouds,0.0,0.0,Tamil Nadu,Coimbatore
"Coimbatore, Tamil Nadu",11.0168,76.9558,2026-09-17 14:30:00,32.89,32.89,32.89,1009,54,5.27,100,overcast clouds,0.0,0.0,Tamil Nadu,Coimbatore
"Coimbatore, Tamil Nadu",11.0168,76.9558,2026-09-17 17:30:00,28.69,28.69,28.69,1010,65,5.43,100,overcast clouds,0.0,0.0,Tamil Nadu,Coimbatore
"Coimbatore, Tamil Nadu",11.0168,76.9558,2026-09-17 20:30:00,26.73,26.73,26.73,1012,81,5.13,100,overcast clouds,0.0,22.0,Tamil Nadu,Coimbatore
"Coimbatore, Tamil Nadu",11.0168,76.9558,2026-09-17 23:30:00,23.91,23.91,23.91,1012,90,4.94,100,overcast clouds,0.0,31.0,Tamil Nadu,Coimbatore
"Coimbatore, Tamil Nadu",11.0168,76.9558,2026-09-18 02:30:00,23.25,23.25,23.25,1011,90,4.25,62,broken clouds,0.0,13.0,Tamil Nadu,Coimbatore
"Coimbatore, Tamil Nadu",11.0168,76.9558,2026-09-18 05:30:00,22.87,22.87,22.87,1012,85,3.11,75,broken clouds,0.0,0.0,Tamil Nadu,Coimbatore
"Coimbatore, Tamil Nadu",11.0168,76.9558,2026-09-18 08:30:00,25.56,25.56,25.56,1014,72,2.75,69,broken clouds,0.0,0.0,Tamil Nadu,Coimbatore
"Coimbatore, Tamil Nadu",11.0168,76.9558,2026-09-18 11:30:00,30.6,30.6,30.6,1012,51,3.27,78,broken clouds,0.0,0.0,Tamil Nadu,Coimbatore
"Coimbatore, Tamil Nadu",11.0168,76.9558,2026-09-18 14:30:00,32.11,32.11,32.11,1008,43,4.72,83,light rain,0.15,38.0,Tamil Nadu,Coimbatore
"Coimbatore, Tamil Nadu",11.0168,76.9558,2026-09-18 17:30:00,28.58,28.58,28.58,1009,59,5.72,82,light rain,0.42,46.0,Tamil Nadu,Coimbatore
"Coimbatore, Tamil Nadu",11.0168,76.9558,2026-09-18 20:30:00,24.98,24.98,24.98,1012,81,5.85,93,light rain,0.23,45.0,Tamil Nadu,Coimbatore
"Coimbatore, Tamil Nadu",11.0168,76.9558,2026-09-18 23:30:00,24.03,24.03,24.03,1013,85,4.92,63,light rain,0.22,48.0,Tamil Nadu,Coimbatore
"Coimbatore, Tamil Nadu",11.0168,76.9558,2026-09-19 02:30:00,23.38,23.38,23.38,1011,89,3.67,84,light rain,0.92,87.0,Tamil Nadu,Coimbatore
"Coimbatore, Tamil Nadu",11.0168,76.9558,2026-09-19 05:30:00,23.07,23.07,23.07,1012,89,2.89,91,light rain,0.61,91.0,Tamil Nadu,Coimbatore
"Coimbatore, Tamil Nadu",11.0168,76.9558,2026-09-19 08:30:00,25.51,25.51,25.51,1014,76,3.49,97,overcast clouds,0.0,0.0,Tamil Nadu,Coimbatore
"Coimbatore, Tamil Nadu",11.0168,76.9558,2026-09-19 11:30:00,30.93,30.93,30.93,1013,52,3.86,98,overcast clouds,0.0,14.000000000000002,Tamil Nadu,Coimbatore
"Coimbatore, Tamil Nadu",11.0168,76.9558,2026-09-19 14:30:00,32.1,32.1,32.1,1009,47,5.31,98,light rain,0.39,51.0,Tamil Nadu,Coimbatore
"Coimbatore, Tamil Nadu",11.0168,76.9558,2026-09-19 17:30:00,28.31,28.31,28.31,1010,62,5.45,99,light rain,0.36,54.0,Tamil Nadu,Coimbatore
"Coimbatore, Tamil Nadu",11.0168,76.9558,2026-09-19 20:30:00,24.53,24.53,24.53,1012,85,5.15,95,light rain,0.61,60.0,Tamil Nadu,Coimbatore
"Coimbatore, Tamil Nadu",11.0168,76.9558,2026-09-19 23:30:00,23.65,23.65,23.65,1013,89,4.47,74,broken clouds,0.0,53.0,Tamil Nadu,Coimbatore
"Coimbatore, Tamil Nadu",11.0168,76.9558,2026-09-20 02:30:00,23.24,23.24,23.24,1011,89,4.04,91,overcast clouds,0.0,0.0,Tamil Nadu,Coimbatore
"Coimbatore, Tamil Nadu",11.0168,76.9558,2026-09-20 05:30:00,23.05,23.05,23.05,1011,88,4.07,95,overcast clouds,0.0,0.0,Tamil Nadu,Coimbatore
"Coimbatore, Tamil Nadu",11.0168,76.9558,2026-09-20 08:30:00,25.92,25.92,25.92,1014,73,3.67,93,overcast clouds,0.0,0.0,Tamil Nadu,Coimbatore
"Coimbatore, Tamil Nadu",11.0168,76.9558,2026-09-20 11:30:00,31.3,31.3,31.3,1012,50,4.03,96,light rain,0.18,25.0,Tamil Nadu,Coimbatore
"Coimbatore, Tamil Nadu",11.0168,76.9558,2026-09-20 14:30:00,30.87,30.87,30.87,1009,53,5.28,81,light rain,0.8,94.0,Tamil Nadu,Coimbatore
"Coimbatore, Tamil Nadu",11.0168,76.9558,2026-09-20 17:30:00,24.56,24.56,24.56,1011,84,2.21,90,moderate rain,10.22,100.0,Tamil Nadu,Coimbatore
"Coimbatore, Tamil Nadu",11.0168,76.9558,2026-09-20 20:30:00,23.61,23.61,23.61,1013,91,3.46,100,moderate rain,9.56,100.0,Tamil Nadu,Coimbatore
"Coimbatore, Tamil Nadu",11.0168,76.9558,2026-09-20 23:30:00,23.46,23.46,23.46,1013,89,5.2,100,light rain,2.51,100.0,Tamil Nadu,Coimbatore
"Coimbatore, Tamil Nadu",11.0168,76.9558,2026-09-21 02:30:00,23.03,23.03,23.03,1010,88,4.1,100,overcast clouds,0.0,14.000000000000002,Tamil Nadu,Coimbatore
"Coimbatore, Tamil Nadu",11.0168,76.9558,2026-09-21 05:30:00,22.49,22.49,22.49,1011,89,4.1,100,overcast clouds,0.0,6.0,Tamil Nadu,Coimbatore
"Coimbatore, Tamil Nadu",11.0168,76.9558,2026-09-21 08:30:00,24.94,24.94,24.94,1013,78,3.89,100,overcast clouds,0.0,0.0,Tamil Nadu,Coimbatore
"Coimbatore, Tamil Nadu",11.0168,76.9558,2026-09-21 11:30:00,28.78,28.78,28.78,1012,61,3.82,100,light rain,0.13,36.0,Tamil Nadu,Coimbatore
"Coimbatore, Tamil Nadu",11.0168,76.9558,2026-09-21 14:30:00,29.56,29.56,29.56,1008,58,5.48,87,light rain,1.18,96.0,Tamil Nadu,Coimbatore
"Coimbatore, Tamil Nadu",11.0168,76.9558,2026-09-21 17:30:00,26.43,26.43,26.43,1009,71,6.03,93,light rain,0.34,84.0,Tamil Nadu,Coimbatore
"Coimbatore, Tamil Nadu",11.0168,76.9558,2026-09-21 20:30:00,23.98,23.98,23.98,1012,82,5.77,100,light rain,0.18,46.0,Tamil Nadu,Coimbatore
"Coimbatore, Tamil Nadu",11.0168,76.9558,2026-09-21 23:30:00,23.38,23.38,23.38,1012,85,5.09,100,overcast clouds,0.0,22.0,Tamil Nadu,Coimbatore
"Coimbatore, Tamil Nadu",11.0168,76.9558,2026-09-22 02:30:00,23.07,23.07,23.07,1010,86,4.67,100,overcast clouds,0.0,0.0,Tamil Nadu,Coimbatore
"Coimbatore, Tamil Nadu",11.0168,76.9558,2026-09-22 05:30:00,22.43,22.43,22.43,1010,89,4.12,87,overcast clouds,0.0,0.0,Tamil Nadu,Coimbatore
"Erode, Tamil Nadu",11.341,77.7172,2026-09-17 08:30:00,25.47,25.47,27.21,1012,86,1.37,95,overcast clouds,0.0,0.0,Tamil Nadu,Erode
"Erode, Tamil Nadu",11.341,77.7172,2026-09-17 11:30:00,30.31,30.31,33.16,1012,70,1.9,98,overcast clouds,0.0,0.0,Tamil Nadu,Erode
"Erode, Tamil Nadu",11.341,77.7172,2026-09-17 14:30:00,34.76,34.76,34.76,1008,43,1.92,100,overcast clouds,0.0,0.0,Tamil Nadu,Erode
"Erode, Tamil Nadu",11.341,77.7172,2026-09-17 17:30:00,31.85,31.85,31.85,1008,50,4.7,97,overcast clouds,0.0,0.0,Tamil Nadu,Erode
"Erode, Tamil Nadu",11.341,77.7172,2026-09-17 20:30:00,28.52,28.52,28.52,1010,68,5.13,27,light rain,0.44,61.0,Tamil Nadu,Erode
"Erode, Tamil Nadu",11.341,77.7172,2026-09-17 23:30:00,26.66,26.66,26.66,1011,74,4.19,43,scattered clouds,0.0,34.0,Tamil Nadu,Erode
"Erode, Tamil Nadu",11.341,77.7172,2026-09-18 02:30:00,25.51,25.51,25.51,1010,82,2.66,15,light rain,0.42,63.0,Tamil Nadu,Erode
"Erode, Tamil Nadu",11.341,77.7172,2026-09-18 05:30:00,24.94,24.94,24.94,1010,85,2.18,34,light rain,0.8,96.0,Tamil Nadu,Erode
"Erode, Tamil Nadu",11.341,77.7172,2026-09-18 08:30:00,27.88,27.88,27.88,1013,72,1.64,100,overcast clouds,0.0,0.0,Tamil Nadu,Erode
"Erode, Tamil Nadu",11.341,77.7172,2026-09-18 11:30:00,32.17,32.17,32.17,1011,53,1.5,100,overcast clouds,0.0,0.0,Tamil Nadu,Erode
"Erode, Tamil Nadu",11.341,77.7172,2026-09-18 14:30:00,34.72,34.72,34.72,1007,41,2.33,100,overcast clouds,0.0,0.0,Tamil Nadu,Erode
"Erode, Tamil Nadu",11.341,77.7172,2026-09-18 17:30:00,34.51,34.51,34.51,1007,42,0.47,99,overcast clouds,0.0,0.0,Tamil Nadu,Erode
"Erode, Tamil Nadu",11.341,77.7172,2026-09-18 20:30:00,28.88,28.88,28.88,1010,64,6.5,56,light rain,0.31,28.999999999999996,Tamil Nadu,Erode
"Erode, Tamil Nadu",11.341,77.7172,2026-09-18 23:30:00,26.79,26.79,26.79,1011,76,4.65,48,light rain,0.54,69.0,Tamil Nadu,Erode
"Erode, Tamil Nadu",11.341,77.7172,2026-09-19 02:30:00,25.7,25.7,25.7,1010,84,1.64,99,moderate rain,5.02,100.0,Tamil Nadu,Erode
"Erode, Tamil Nadu",11.341,77.7172,2026-09-19 05:30:00,25.66,25.66,25.66,1011,85,1.57,100,light rain,1.83,100.0,Tamil Nadu,Erode
"Erode, Tamil Nadu",11.341,77.7172,2026-09-19 08:30:00,27.03,27.03,27.03,1013,77,2.6,100,overcast clouds,0.0,0.0,Tamil Nadu,Erode
"Erode, Tamil Nadu",11.341,77.7172,2026-09-19 11:30:00,30.98,30.98,30.98,1012,59,2.9,100,overcast clouds,0.0,0.0,Tamil Nadu,Erode
"Erode, Tamil Nadu",11.341,77.7172,2026-09-19 14:30:00,33.6,33.6,33.6,1008,46,2.29,100,overcast clouds,0.0,0.0,Tamil Nadu,Erode
"Erode, Tamil Nadu",11.341,77.7172,2026-09-19 17:30:00,31.5,31.5,31.5,1008,58,2.08,100,overcast clouds,0.0,0.0,Tamil Nadu,Erode
"Erode, Tamil Nadu",11.341,77.7172,2026-09-19 20:30:00,28.42,28.42,28.42,1010,66,4.57,100,light rain,0.16,46.0,Tamil Nadu,Erode
"Erode, Tamil Nadu",11.341,77.7172,2026-09-19 23:30:00,25.96,25.96,25.96,1011,81,3.84,92,light rain,1.54,100.0,Tamil Nadu,Erode
"Erode, Tamil Nadu",11.341,77.7172,2026-09-20 02:30:00,25.65,25.65,25.65,1009,84,2.05,99,light rain,1.36,99.0,Tamil Nadu,Erode
"Erode, Tamil Nadu",11.341,77.7172,2026-09-20 05:30:00,25.08,25.08,25.08,1010,87,2.8,92,light rain,0.6,97.0,Tamil Nadu,Erode
"Erode, Tamil Nadu",11.341,77.7172,2026-09-20 08:30:00,26.96,26.96,26.96,1013,77,1.58,90,light rain,1.63,100.0,Tamil Nadu,Erode
"Erode, Tamil Nadu",11.341,77.7172,2026-09-20 11:30:00,30.11,30.11,30.11,1012,63,0.17,95,overcast clouds,0.0,78.0,Tamil Nadu,Erode
"Erode, Tamil Nadu",11.341,77.7172,2026-09-20 14:30:00,30.62,30.62,30.62,1009,62,1.1,99,moderate rain,3.38,100.0,Tamil Nadu,Erode
"Erode, Tamil Nadu",11.341,77.7172,2026-09-20 17:30:00,26.23,26.23,26.23,1010,84,3.16,99,light rain,1.92,100.0,Tamil Nadu,Erode
"Erode, Tamil Nadu",11.341,77.7172,2026-09-20 20:30:00,25.55,25.55,25.55,1012,85,5.18,100,light rain,0.88,100.0,Tamil Nadu,Erode
"Erode, Tamil Nadu",11.341,77.7172,2026-09-20 23:30:00,25.43,25.43,25.43,1012,86,2.97,100,overcast clouds,0.0,76.0,Tamil Nadu,Erode
"Erode, Tamil Nadu",11.341,77.7172,2026-09-21 02:30:00,24.83,24.83,24.83,1009,86,3.23,100,overcast clouds,0.0,0.0,Tamil Nadu,Erode
"Erode, Tamil Nadu",11.341,77.7172,2026-09-21 05:30:00,24.8,24.8,24.8,1010,85,1.52,100,overcast clouds,0.0,0.0,Tamil Nadu,Erode
"Erode, Tamil Nadu",11.341,77.7172,2026-09-21 08:30:00,26.79,26.79,26.79,1012,76,1.54,100,overcast clouds,0.0,0.0,Tamil Nadu,Erode
"Erode, Tamil Nadu",11.341,77.7172,2026-09-21 11:30:00,31.13,31.13,31.13,1011,56,1.38,100,overcast clouds,0.0,0.0,Tamil Nadu,Erode
"Erode, Tamil Nadu",11.341,77.7172,2026-09-21 14:30:00,34.09,34.09,34.09,1006,43,3.95,90,overcast clouds,0.0,0.0,Tamil Nadu,Erode
"Erode, Tamil Nadu",11.341,77.7172,2026-09-21 17:30:00,30.73,30.73,30.73,1007,56,5.9,95,overcast clouds,0.0,0.0,Tamil Nadu,Erode
"Erode, Tamil Nadu",11.341,77.7172,2026-09-21 20:30:00,25.71,25.71,25.71,1010,80,5.5,100,moderate rain,3.21,100.0,Tamil Nadu,Erode
"Erode, Tamil Nadu",11.341,77.7172,2026-09-21 23:30:00,25.3,25.3,25.3,1010,81,3.7,100,light rain,2.21,100.0,Tamil Nadu,Erode
"Erode, Tamil Nadu",11.341,77.7172,2026-09-22 02:30:00,25.03,25.03,25.03,1009,82,2.62,100,light rain,0.51,69.0,Tamil Nadu,Erode
"Erode, Tamil Nadu",11.341,77.7172,2026-09-22 05:30:00,24.6,24.6,24.6,1009,84,2.58,98,overcast clouds,0.0,33.0,Tamil Nadu,Erode
"Salem, Tamil Nadu",11.6643,78.146,2026-09-17 08:30:00,25.19,25.19,27.19,1012,88,2.01,97,overcast clouds,0.0,0.0,Tamil Nadu,Salem
"Salem, Tamil Nadu",11.6643,78.146,2026-09-17 11:30:00,29.34,29.34,31.91,1012,73,2.46,99,overcast clouds,0.0,0.0,Tamil Nadu,Salem
"Salem, Tamil Nadu",11.6643,78.146,2026-09-17 14:30:00,33.64,33.64,33.64,1008,53,2.42,100,light rain,0.16,38.0,Tamil Nadu,Salem
"Salem, Tamil Nadu",11.6643,78.146,2026-09-17 17:30:00,31.14,31.14,31.14,1008,61,1.72,94,overcast clouds,0.0,2.0,Tamil Nadu,Salem
"Salem, Tamil Nadu",11.6643,78.146,2026-09-17 20:30:00,26.63,26.63,26.63,1011,79,1.76,48,light rain,0.98,98.0,Tamil Nadu,Salem
"Salem, Tamil Nadu",11.6643,78.146,2026-09-17 23:30:00,25.19,25.19,25.19,1011,84,1.54,61,light rain,0.87,100.0,Tamil Nadu,Salem
"Salem, Tamil Nadu",11.6643,78.146,2026-09-18 02:30:00,24.02,24.02,24.02,1010,92,0.42,52,light rain,1.97,96.0,Tamil Nadu,Salem
"Salem, Tamil Nadu",11.6643,78.146,2026-09-18 05:30:00,23.86,23.86,23.86,1011,93,0.61,73,light rain,0.49,93.0,Tamil Nadu,Salem
"Salem, Tamil Nadu",11.6643,78.146,2026-09-18 08:30:00,26.39,26.39,26.39,1013,83,1.16,100,overcast clouds,0.0,0.0,Tamil Nadu,Salem
"Salem, Tamil Nadu",11.6643,78.146,2026-09-18 11:30:00,31.49,31.49,31.49,1012,56,2.35,100,overcast clouds,0.0,0.0,Tamil Nadu,Salem
"Salem, Tamil Nadu",11.6643,78.146,2026-09-18 14:30:00,32.89,32.89,32.89,1008,51,2.5,100,overcast clouds,0.0,0.0,Tamil Nadu,Salem
"Salem, Tamil Nadu",11.6643,78.146,2026-09-18 17:30:00,31.35,31.35,31.35,1008,62,1.42,97,overcast clouds,0.0,0.0,Tamil Nadu,Salem
"Salem, Tamil Nadu",11.6643,78.146,2026-09-18 20:30:00,28.45,28.45,28.45,1010,68,0.82,37,scattered clouds,0.0,0.0,Tamil Nadu,Salem
"Salem, Tamil Nadu",11.6643,78.146,2026-09-18 23:30:00,25.96,25.96,25.96,1012,82,0.75,67,moderate rain,3.92,100.0,Tamil Nadu,Salem
"Salem, Tamil Nadu",11.6643,78.146,2026-09-19 02:30:00,24.57,24.57,24.57,1011,91,0.93,100,light rain,1.66,100.0,Tamil Nadu,Salem
"Salem, Tamil Nadu",11.6643,78.146,2026-09-19 05:30:00,24.2,24.2,24.2,1011,90,1.74,100,light rain,0.2,100.0,Tamil Nadu,Salem
"Salem, Tamil Nadu",11.6643,78.146,2026-09-19 08:30:00,25.71,25.71,25.71,1013,83,0.94,100,overcast clouds,0.0,0.0,Tamil Nadu,Salem
"Salem, Tamil Nadu",11.6643,78.146,2026-09-19 11:30:00,30.04,30.04,30.04,1013,63,2.5,100,overcast clouds,0.0,0.0,Tamil Nadu,Salem
"Salem, Tamil Nadu",11.6643,78.146,2026-09-19 14:30:00,30.53,30.53,30.53,1009,58,1.96,100,overcast clouds,0.0,0.0,Tamil Nadu,Salem
"Salem, Tamil Nadu",11.6643,78.146,2026-09-19 17:30:00,30.37,30.37,30.37,1009,64,0.6,99,overcast clouds,0.0,0.0,Tamil Nadu,Salem
"Salem, Tamil Nadu",11.6643,78.146,2026-09-19 20:30:00,27.02,27.02,27.02,1011,73,0.42,99,light rain,1.06,90.0,Tamil Nadu,Salem
"Salem, Tamil Nadu",11.6643,78.146,2026-09-19 23:30:00,25.38,25.38,25.38,1012,85,1.22,97,light rain,2.63,99.0,Tamil Nadu,Salem
"Salem, Tamil Nadu",11.6643,78.146,2026-09-20 02:30:00,24.82,24.82,24.82,1010,90,1.3,100,light rain,0.92,53.0,Tamil Nadu,Salem
"Salem, Tamil Nadu",11.6643,78.146,2026-09-20 05:30:00,24.27,24.27,24.27,1010,92,1.06,100,overcast clouds,0.0,38.0,Tamil Nadu,Salem
"Salem, Tamil Nadu",11.6643,78.146,2026-09-20 08:30:00,26.66,26.66,26.66,1013,82,1.66,96,light rain,0.88,100.0,Tamil Nadu,Salem
"Salem, Tamil Nadu",11.6643,78.146,2026-09-20 11:30:00,29.71,29.71,29.71,1012,67,2.37,97,light rain,1.03,100.0,Tamil Nadu,Salem
"Salem, Tamil Nadu",11.6643,78.146,2026-09-20 14:30:00,28.74,28.74,28.74,1009,70,1.42,100,moderate rain,5.74,100.0,Tamil Nadu,Salem
"Salem, Tamil Nadu",11.6643,78.146,2026-09-20 17:30:00,26.27,26.27,26.27,1009,82,0.67,100,light rain,1.38,100.0,Tamil Nadu,Salem
"Salem, Tamil Nadu",11.6643,78.146,2026-09-20 20:30:00,24.21,24.21,24.21,1013,95,2.15,100,overcast clouds,0.0,0.0,Tamil Nadu,Salem
"Salem, Tamil Nadu",11.6643,78.146,2026-09-20 23:30:00,23.87,23.87,23.87,1013,94,1.17,100,overcast clouds,0.0,0.0,Tamil Nadu,Salem
"Salem, Tamil Nadu",11.6643,78.146,2026-09-21 02:30:00,23.87,23.87,23.87,1010,94,1.09,99,overcast clouds,0.0,0.0,Tamil Nadu,Salem
"Salem, Tamil Nadu",11.6643,78.146,2026-09-21 05:30:00,23.67,23.67,23.67,1010,94,0.83,100,overcast clouds,0.0,0.0,Tamil Nadu,Salem
"Salem, Tamil Nadu",11.6643,78.146,2026-09-21 08:30:00,26.31,26.31,26.31,1012,81,2.64,100,overcast clouds,0.0,0.0,Tamil Nadu,Salem
"Salem, Tamil Nadu",11.6643,78.146,2026-09-21 11:30:00,29.31,29.31,29.31,1011,63,3.66,100,overcast clouds,0.0,0.0,Tamil Nadu,Salem
"Salem, Tamil Nadu",11.6643,78.146,2026-09-21 14:30:00,32.38,32.38,32.38,1007,49,3.35,97,overcast clouds,0.0,0.0,Tamil Nadu,Salem
"Salem, Tamil Nadu",11.6643,78.146,2026-09-21 17:30:00,28.93,28.93,28.93,1008,66,0.73,98,overcast clouds,0.0,0.0,Tamil Nadu,Salem
"Salem, Tamil Nadu",11.6643,78.146,2026-09-21 20:30:00,25.54,25.54,25.54,1011,82,1.56,100,light rain,1.26,100.0,Tamil Nadu,Salem
"Salem, Tamil Nadu",11.6643,78.146,2026-09-21 23:30:00,23.49,23.49,23.49,1011,95,1.16,100,light rain,2.28,100.0,Tamil Nadu,Salem
"Salem, Tamil Nadu",11.6643,78.146,2026-09-22 02:30:00,23.65,23.65,23.65,1010,94,0.93,100,light rain,0.72,76.0,Tamil Nadu,Salem
"Salem, Tamil Nadu",11.6643,78.146,2026-09-22 05:30:00,23.11,23.11,23.11,1010,94,1.18,96,overcast clouds,0.0,52.0,Tamil Nadu,Salem
"Thanjavur, Tamil Nadu",10.787,79.1378,2026-09-17 08:30:00,28.06,28.06,30.03,1009,79,3.28,99,overcast clouds,0.0,0.0,Tamil Nadu,Thanjavur
"Thanjavur, Tamil Nadu",10.787,79.1378,2026-09-17 11:30:00,33.39,33.39,36.54,1010,63,3.95,98,overcast clouds,0.0,0.0,Tamil Nadu,Thanjavur
"Thanjavur, Tamil Nadu",10.787,79.1378,2026-09-17 14:30:00,38.3,38.3,38.3,1007,42,4.36,100,overcast clouds,0.0,0.0,Tamil Nadu,Thanjavur
"Thanjavur, Tamil Nadu",10.787,79.1378,2026-09-17 17:30:00,34.01,34.01,34.01,1007,46,4.54,71,broken clouds,0.0,0.0,Tamil Nadu,Thanjavur
"Thanjavur, Tamil Nadu",10.787,79.1378,2026-09-17 20:30:00,28.81,28.81,28.81,1010,73,6.54,25,scattered clouds,0.0,0.0,Tamil Nadu,Thanjavur
"Thanjavur, Tamil Nadu",10.787,79.1378,2026-09-17 23:30:00,28.35,28.35,28.35,1011,73,5.74,18,few clouds,0.0,0.0,Tamil Nadu,Thanjavur
"Thanjavur, Tamil Nadu",10.787,79.1378,2026-09-18 02:30:00,27.36,27.36,27.36,1009,79,3.13,19,few clouds,0.0,0.0,Tamil Nadu,Thanjavur
"Thanjavur, Tamil Nadu",10.787,79.1378,2026-09-18 05:30:00,26.08,26.08,26.08,1010,80,2.97,27,light rain,0.74,61.0,Tamil Nadu,Thanjavur
"Thanjavur, Tamil Nadu",10.787,79.1378,2026-09-18 08:30:00,29.44,29.44,29.44,1012,63,4.39,99,light rain,0.64,78.0,Tamil Nadu,Thanjavur
"Thanjavur, Tamil Nadu",10.787,79.1378,2026-09-18 11:30:00,33.91,33.91,33.91,1010,46,5.38,100,overcast clouds,0.0,41.0,Tamil Nadu,Thanjavur
"Thanjavur, Tamil Nadu",10.787,79.1378,2026-09-18 14:30:00,34.99,34.99,34.99,1006,41,4.45,100,overcast clouds,0.0,0.0,Tamil Nadu,Thanjavur
"Thanjavur, Tamil Nadu",10.787,79.1378,2026-09-18 17:30:00,32.51,32.51,32.51,1007,55,3.98,100,overcast clouds,0.0,0.0,Tamil Nadu,Thanjavur
"Thanjavur, Tamil Nadu",10.787,79.1378,2026-09-18 20:30:00,28.81,28.81,28.81,1010,75,6.61,98,overcast clouds,0.0,0.0,Tamil Nadu,Thanjavur
"Thanjavur, Tamil Nadu",10.787,79.1378,2026-09-18 23:30:00,28.29,28.29,28.29,1011,75,3.56,98,light rain,0.3,20.0,Tamil Nadu,Thanjavur
"Thanjavur, Tamil Nadu",10.787,79.1378,2026-09-19 02:30:00,26.08,26.08,26.08,1009,81,4.87,96,light rain,0.14,56.99999999999999,Tamil Nadu,Thanjavur
"Thanjavur, Tamil Nadu",10.787,79.1378,2026-09-19 05:30:00,26.6,26.6,26.6,1010,76,4.16,98,overcast clouds,0.0,30.0,Tamil Nadu,Thanjavur
"Thanjavur, Tamil Nadu",10.787,79.1378,2026-09-19 08:30:00,27.87,27.87,27.87,1012,72,4.44,100,overcast clouds,0.0,0.0,Tamil Nadu,Thanjavur
"Thanjavur, Tamil Nadu",10.787,79.1378,2026-09-19 11:30:00,33.33,33.33,33.33,1011,51,6.13,87,overcast clouds,0.0,0.0,Tamil Nadu,Thanjavur
"Thanjavur, Tamil Nadu",10.787,79.1378,2026-09-19 14:30:00,35.03,35.03,35.03,1007,44,5.36,100,overcast clouds,0.0,0.0,Tamil Nadu,Thanjavur
"Thanjavur, Tamil Nadu",10.787,79.1378,2026-09-19 17:30:00,34.31,34.31,34.31,1007,47,2.69,100,overcast clouds,0.0,13.0,Tamil Nadu,Thanjavur
"Thanjavur, Tamil Nadu",10.787,79.1378,2026-09-19 20:30:00,28.89,28.89,28.89,1010,67,2.46,99,light rain,1.29,95.0,Tamil Nadu,Thanjavur
"Thanjavur, Tamil Nadu",10.787,79.1378,2026-09-19 23:30:00,27.89,27.89,27.89,1011,77,3.54,100,light rain,1.17,100.0,Tamil Nadu,Thanjavur
"Thanjavur, Tamil Nadu",10.787,79.1378,2026-09-20 02:30:00,27.16,27.16,27.16,1008,74,5.33,100,light rain,0.24,54.0,Tamil Nadu,Thanjavur
"Thanjavur, Tamil Nadu",10.787,79.1378,2026-09-20 05:30:00,25.9,25.9,25.9,1009,80,4.72,100,moderate rain,4.62,100.0,Tamil Nadu,Thanjavur
"Thanjavur, Tamil Nadu",10.787,79.1378,2026-09-20 08:30:00,25.65,25.65,25.65,1012,82,4.14,100,moderate rain,3.38,100.0,Tamil Nadu,Thanjavur
"Thanjavur, Tamil Nadu",10.787,79.1378,2026-09-20 11:30:00,25.14,25.14,25.14,1012,87,3.15,100,moderate rain,7.0,100.0,Tamil Nadu,Thanjavur
"Thanjavur, Tamil Nadu",10.787,79.1378,2026-09-20 14:30:00,27.72,27.72,27.72,1009,74,4.26,100,light rain,1.43,100.0,Tamil Nadu,Thanjavur
"Thanjavur, Tamil Nadu",10.787,79.1378,2026-09-20 17:30:00,26.36,26.36,26.36,1009,80,3.11,100,overcast clouds,0.0,80.0,Tamil Nadu,Thanjavur
"Thanjavur, Tamil Nadu",10.787,79.1378,2026-09-20 20:30:00,25.88,25.88,25.88,1011,81,3.69,100,overcast clouds,0.0,0.0,Tamil Nadu,Thanjavur
"Thanjavur, Tamil Nadu",10.787,79.1378,2026-09-20 23:30:00,25.36,25.36,25.36,1011,81,4.33,100,overcast clouds,0.0,0.0,Tamil Nadu,Thanjavur
"Thanjavur, Tamil Nadu",10.787,79.1378,2026-09-21 02:30:00,25.52,25.52,25.52,1008,80,5.12,100,overcast clouds,0.0,0.0,Tamil Nadu,Thanjavur
"Thanjavur, Tamil Nadu",10.787,79.1378,2026-09-21 05:30:00,25.43,25.43,25.43,1009,78,5.27,100,light rain,0.13,20.0,Tamil Nadu,Thanjavur
"Thanjavur, Tamil Nadu",10.787,79.1378,2026-09-21 08:30:00,27.75,27.75,27.75,1011,69,5.64,100,light rain,0.45,74.0,Tamil Nadu,Thanjavur
"Thanjavur, Tamil Nadu",10.787,79.1378,2026-09-21 11:30:00,31.34,31.34,31.34,1010,57,6.39,100,overcast clouds,0.0,0.0,Tamil Nadu,Thanjavur
"Thanjavur, Tamil Nadu",10.787,79.1378,2026-09-21 14:30:00,33.08,33.08,33.08,1006,49,3.49,100,overcast clouds,0.0,0.0,Tamil Nadu,Thanjavur
"Thanjavur, Tamil Nadu",10.787,79.1378,2026-09-21 17:30:00,30.31,30.31,30.31,1007,59,5.01,100,overcast clouds,0.0,10.0,Tamil Nadu,Thanjavur
"Thanjavur, Tamil Nadu",10.787,79.1378,2026-09-21 20:30:00,27.41,27.41,27.41,1010,74,1.85,100,light rain,2.01,100.0,Tamil Nadu,Thanjavur
"Thanjavur, Tamil Nadu",10.787,79.1378,2026-09-21 23:30:00,26.91,26.91,26.91,1010,74,3.01,100,overcast clouds,0.0,80.0,Tamil Nadu,Thanjavur
"Thanjavur, Tamil Nadu",10.787,79.1378,2026-09-22 02:30:00,26.27,26.27,26.27,1008,73,4.6,100,overcast clouds,0.0,0.0,Tamil Nadu,Thanjavur
"Thanjavur, Tamil Nadu",10.787,79.1378,2026-09-22 05:30:00,26.13,26.13,26.13,1008,73,6.04,100,overcast clouds,0.0,0.0,Tamil Nadu,Thanjavur
"Tiruchirappalli, Tamil Nadu",10.7905,78.7047,2026-09-17 08:30:00,27.83,27.83,29.38,1011,84,4.71,94,overcast clouds,0.0,0.0,Tamil Nadu,Tiruchirappalli
"Tiruchirappalli, Tamil Nadu",10.7905,78.7047,2026-09-17 11:30:00,32.64,32.64,35.44,1011,67,3.49,97,overcast clouds,0.0,0.0,Tamil Nadu,Tiruchirappalli
"Tiruchirappalli, Tamil Nadu",10.7905,78.7047,2026-09-17 14:30:00,37.5,37.5,37.5,1007,41,2.97,98,overcast clouds,0.0,0.0,Tamil Nadu,Tiruchirappalli
"Tiruchirappalli, Tamil Nadu",10.7905,78.7047,2026-09-17 17:30:00,34.36,34.36,34.36,1007,45,2.88,96,overcast clouds,0.0,0.0,Tamil Nadu,Tiruchirappalli
"Tiruchirappalli, Tamil Nadu",10.7905,78.7047,2026-09-17 20:30:00,30.29,30.29,30.29,1010,61,2.43,13,light rain,0.27,39.0,Tamil Nadu,Tiruchirappalli
"Tiruchirappalli, Tamil Nadu",10.7905,78.7047,2026-09-17 23:30:00,27.58,27.58,27.58,1011,77,3.61,13,few clouds,0.0,24.0,Tamil Nadu,Tiruchirappalli
"Tiruchirappalli, Tamil Nadu",10.7905,78.7047,2026-09-18 02:30:00,26.76,26.76,26.76,1009,81,2.37,15,light rain,0.5,68.0,Tamil Nadu,Tiruchirappalli
"Tiruchirappalli, Tamil Nadu",10.7905,78.7047,2026-09-18 05:30:00,25.78,25.78,25.78,1010,78,4.06,24,light rain,1.87,99.0,Tamil Nadu,Tiruchirappalli
"Tiruchirappalli, Tamil Nadu",10.7905,78.7047,2026-09-18 08:30:00,28.34,28.34,28.34,1012,67,5.42,100,light rain,1.05,82.0,Tamil Nadu,Tiruchirappalli
"Tiruchirappalli, Tamil Nadu",10.7905,78.7047,2026-09-18 11:30:00,32.91,32.91,32.91,1011,52,4.61,100,overcast clouds,0.0,60.0,Tamil Nadu,Tiruchirappalli
"Tiruchirappalli, Tamil Nadu",10.7905,78.7047,2026-09-18 14:30:00,34.98,34.98,34.98,1006,43,3.51,100,overcast clouds,0.0,0.0,Tamil Nadu,Tiruchirappalli
"Tiruchirappalli, Tamil Nadu",10.7905,78.7047,2026-09-18 17:30:00,34.32,34.32,34.32,1007,47,2.11,100,overcast clouds,0.0,0.0,Tamil Nadu,Tiruchirappalli
"Tiruchirappalli, Tamil Nadu",10.7905,78.7047,2026-09-18 20:30:00,29.72,29.72,29.72,1010,67,4.57,93,overcast clouds,0.0,0.0,Tamil Nadu,Tiruchirappalli
"Tiruchirappalli, Tamil Nadu",10.7905,78.7047,2026-09-18 23:30:00,28.88,28.88,28.88,1011,67,3.52,79,light rain,0.14,26.0,Tamil Nadu,Tiruchirappalli
"Tiruchirappalli, Tamil Nadu",10.7905,78.7047,2026-09-19 02:30:00,26.39,26.39,26.39,1009,78,5.66,100,light rain,2.3,100.0,Tamil Nadu,Tiruchirappalli
"Tiruchirappalli, Tamil Nadu",10.7905,78.7047,2026-09-19 05:30:00,25.93,25.93,25.93,1010,78,7.2,100,light rain,0.61,100.0,Tamil Nadu,Tiruchirappalli
"Tiruchirappalli, Tamil Nadu",10.7905,78.7047,2026-09-19 08:30:00,27.06,27.06,27.06,1012,74,7.83,100,light rain,0.13,34.0,Tamil Nadu,Tiruchirappalli
"Tiruchirappalli, Tamil Nadu",10.7905,78.7047,2026-09-19 11:30:00,31.78,31.78,31.78,1011,56,6.77,100,overcast clouds,0.0,4.0,Tamil Nadu,Tiruchirappalli
"Tiruchirappalli, Tamil Nadu",10.7905,78.7047,2026-09-19 14:30:00,35.21,35.21,35.21,1007,44,5.4,95,overcast clouds,0.0,0.0,Tamil Nadu,Tiruchirappalli
"Tiruchirappalli, Tamil Nadu",10.7905,78.7047,2026-09-19 17:30:00,32.76,32.76,32.76,1008,52,4.3,95,overcast clouds,0.0,0.0,Tamil Nadu,Tiruchirappalli
"Tiruchirappalli, Tamil Nadu",10.7905,78.7047,2026-09-19 20:30:00,29.97,29.97,29.97,1010,62,3.48,100,light rain,0.14,22.0,Tamil Nadu,Tiruchirappalli
"Tiruchirappalli, Tamil Nadu",10.7905,78.7047,2026-09-19 23:30:00,27.91,27.91,27.91,1011,72,3.2,100,light rain,1.34,90.0,Tamil Nadu,Tiruchirappalli
"Tiruchirappalli, Tamil Nadu",10.7905,78.7047,2026-09-20 02:30:00,26.98,26.98,26.98,1009,74,5.5,100,overcast clouds,0.0,4.0,Tamil Nadu,Tiruchirappalli
"Tiruchirappalli, Tamil Nadu",10.7905,78.7047,2026-09-20 05:30:00,25.42,25.42,25.42,1009,82,4.86,100,moderate rain,4.96,100.0,Tamil Nadu,Tiruchirappalli
"Tiruchirappalli, Tamil Nadu",10.7905,78.7047,2026-09-20 08:30:00,24.98,24.98,24.98,1012,86,5.28,100,moderate rain,5.11,100.0,Tamil Nadu,Tiruchirappalli
"Tiruchirappalli, Tamil Nadu",10.7905,78.7047,2026-09-20 11:30:00,25.13,25.13,25.13,1012,85,3.73,100,moderate rain,3.69,100.0,Tamil Nadu,Tiruchirappalli
"Tiruchirappalli, Tamil Nadu",10.7905,78.7047,2026-09-20 14:30:00,24.65,24.65,24.65,1010,88,2.98,100,moderate rain,3.92,100.0,Tamil Nadu,Tiruchirappalli
"Tiruchirappalli, Tamil Nadu",10.7905,78.7047,2026-09-20 17:30:00,24.92,24.92,24.92,1008,87,1.99,100,light rain,1.29,100.0,Tamil Nadu,Tiruchirappalli
"Tiruchirappalli, Tamil Nadu",10.7905,78.7047,2026-09-20 20:30:00,25.14,25.14,25.14,1011,83,5.32,100,overcast clouds,0.0,16.0,Tamil Nadu,Tiruchirappalli
"Tiruchirappalli, Tamil Nadu",10.7905,78.7047,2026-09-20 23:30:00,24.8,24.8,24.8,1012,85,2.77,100,overcast clouds,0.0,6.0,Tamil Nadu,Tiruchirappalli
"Tiruchirappalli, Tamil Nadu",10.7905,78.7047,2026-09-21 02:30:00,24.82,24.82,24.82,1008,85,4.49,100,overcast clouds,0.0,0.0,Tamil Nadu,Tiruchirappalli
"Tiruchirappalli, Tamil Nadu",10.7905,78.7047,2026-09-21 05:30:00,24.51,24.51,24.51,1009,83,4.53,100,overcast clouds,0.0,0.0,Tamil Nadu,Tiruchirappalli
"Tiruchirappalli, Tamil Nadu",10.7905,78.7047,2026-09-21 08:30:00,27.31,27.31,27.31,1011,71,6.28,100,overcast clouds,0.0,0.0,Tamil Nadu,Tiruchirappalli
"Tiruchirappalli, Tamil Nadu",10.7905,78.7047,2026-09-21 11:30:00,30.16,30.16,30.16,1010,61,5.5,100,overcast clouds,0.0,0.0,Tamil Nadu,Tiruchirappalli
"Tiruchirappalli, Tamil Nadu",10.7905,78.7047,2026-09-21 14:30:00,34.48,34.48,34.48,1006,43,4.86,100,overcast clouds,0.0,0.0,Tamil Nadu,Tiruchirappalli
"Tiruchirappalli, Tamil Nadu",10.7905,78.7047,2026-09-21 17:30:00,29.6,29.6,29.6,1007,61,5.67,97,light rain,1.13,68.0,Tamil Nadu,Tiruchirappalli
"Tiruchirappalli, Tamil Nadu",10.7905,78.7047,2026-09-21 20:30:00,27.41,27.41,27.41,1010,70,3.79,100,light rain,1.72,100.0,Tamil Nadu,Tiruchirappalli
"Tiruchirappalli, Tamil Nadu",10.7905,78.7047,2026-09-21 23:30:00,26.03,26.03,26.03,1010,75,3.03,100,overcast clouds,0.0,80.0,Tamil Nadu,Tiruchirappalli
"Tiruchirappalli, Tamil Nadu",10.7905,78.7047,2026-09-22 02:30:00,25.97,25.97,25.97,1008,74,5.85,100,overcast clouds,0.0,0.0,Tamil Nadu,Tiruchirappalli
"Tiruchirappalli, Tamil Nadu",10.7905,78.7047,2026-09-22 05:30:00,25.85,25.85,25.85,1008,73,7.2,100,overcast clouds,0.0,0.0,Tamil Nadu,Tiruchirappalli
"Jalandhar, Punjab",31.326,75.5762,2026-09-17 08:30:00,23.68,23.68,26.14,1008,83,2.32,98,overcast clouds,0.0,0.0,Punjab,Jalandhar
"Jalandhar, Punjab",31.326,75.5762,2026-09-17 11:30:00,30.51,30.51,34.54,1007,55,2.99,97,overcast clouds,0.0,0.0,Punjab,Jalandhar
"Jalandhar, Punjab",31.326,75.5762,2026-09-17 14:30:00,38.18,38.18,38.18,1004,26,1.26,10,clear sky,0.0,0.0,Punjab,Jalandhar
"Jalandhar, Punjab",31.326,75.5762,2026-09-17 17:30:00,31.05,31.05,31.05,1003,54,13.15,22,few clouds,0.0,0.0,Punjab,Jalandhar
"Jalandhar, Punjab",31.326,75.5762,2026-09-17 20:30:00,23.47,23.47,23.47,1006,83,2.9,27,light rain,1.4,100.0,Punjab,Jalandhar
"Jalandhar, Punjab",31.326,75.5762,2026-09-17 23:30:00,22.83,22.83,22.83,1006,69,1.99,27,light rain,0.54,100.0,Punjab,Jalandhar
"Jalandhar, Punjab",31.326,75.5762,2026-09-18 02:30:00,21.31,21.31,21.31,1007,84,1.88,92,light rain,0.88,100.0,Punjab,Jalandhar
"Jalandhar, Punjab",31.326,75.5762,2026-09-18 05:30:00,21.41,21.41,21.41,1008,89,2.49,96,light rain,0.18,100.0,Punjab,Jalandhar
"Jalandhar, Punjab",31.326,75.5762,2026-09-18 08:30:00,25.23,25.23,25.23,1009,73,2.99,66,broken clouds,0.0,0.0,Punjab,Jalandhar
"Jalandhar, Punjab",31.326,75.5762,2026-09-18 11:30:00,32.69,32.69,32.69,1009,43,1.89,33,scattered clouds,0.0,0.0,Punjab,Jalandhar
"Jalandhar, Punjab",31.326,75.5762,2026-09-18 14:30:00,36.45,36.45,36.45,1006,32,1.24,0,clear sky,0.0,0.0,Punjab,Jalandhar
"Jalandhar, Punjab",31.326,75.5762,2026-09-18 17:30:00,34.31,34.31,34.31,1005,35,3.88,0,clear sky,0.0,0.0,Punjab,Jalandhar
"Jalandhar, Punjab",31.326,75.5762,2026-09-18 20:30:00,27.89,27.89,27.89,1007,59,3.21,0,clear sky,0.0,0.0,Punjab,Jalandhar
"Jalandhar, Punjab",31.326,75.5762,2026-09-18 23:30:00,26.44,26.44,26.44,1008,62,2.35,0,clear sky,0.0,0.0,Punjab,Jalandhar
"Jalandhar, Punjab",31.326,75.5762,2026-09-19 02:30:00,25.46,25.46,25.46,1008,69,2.93,0,clear sky,0.0,0.0,Punjab,Jalandhar
"Jalandhar, Punjab",31.326,75.5762,2026-09-19 05:30:00,24.45,24.45,24.45,1009,79,2.63,0,clear sky,0.0,0.0,Punjab,Jalandhar
"Jalandhar, Punjab",31.326,75.5762,2026-09-19 08:30:00,28.48,28.48,28.48,1010,63,2.67,0,light rain,0.2,40.0,Punjab,Jalandhar
"Jalandhar, Punjab",31.326,75.5762,2026-09-19 11:30:00,34.98,34.98,34.98,1010,38,2.39,0,clear sky,0.0,11.0,Punjab,Jalandhar
"Jalandhar, Punjab",31.326,75.5762,2026-09-19 14:30:00,38.01,38.01,38.01,1007,25,4.37,0,clear sky,0.0,0.0,Punjab,Jalandhar
"Jalandhar, Punjab",31.326,75.5762,2026-09-19 17:30:00,34.49,34.49,34.49,1007,35,5.72,0,clear sky,0.0,0.0,Punjab,Jalandhar
"Jalandhar, Punjab",31.326,75.5762,2026-09-19 20:30:00,28.16,28.16,28.16,1009,54,2.25,12,light rain,0.14,22.0,Punjab,Jalandhar
"Jalandhar, Punjab",31.326,75.5762,2026-09-19 23:30:00,26.72,26.72,26.72,1010,55,2.72,14,few clouds,0.0,0.0,Punjab,Jalandhar
"Jalandhar, Punjab",31.326,75.5762,2026-09-20 02:30:00,24.34,24.34,24.34,1010,63,2.74,0,clear sky,0.0,0.0,Punjab,Jalandhar
"Jalandhar, Punjab",31.326,75.5762,2026-09-20 05:30:00,23.43,23.43,23.43,1011,74,2.59,0,clear sky,0.0,0.0,Punjab,Jalandhar
"Jalandhar, Punjab",31.326,75.5762,2026-09-20 08:30:00,28.95,28.95,28.95,1013,56,3.52,0,clear sky,0.0,0.0,Punjab,Jalandhar
"Jalandhar, Punjab",31.326,75.5762,2026-09-20 11:30:00,35.63,35.63,35.63,1012,33,2.59,0,clear sky,0.0,0.0,Punjab,Jalandhar
"Jalandhar, Punjab",31.326,75.5762,2026-09-20 14:30:00,38.28,38.28,38.28,1009,24,3.78,0,clear sky,0.0,0.0,Punjab,Jalandhar
"Jalandhar, Punjab",31.326,75.5762,2026-09-20 17:30:00,35.3,35.3,35.3,1008,32,5.25,0,clear sky,0.0,0.0,Punjab,Jalandhar
"Jalandhar, Punjab",31.326,75.5762,2026-09-20 20:30:00,28.77,28.77,28.77,1009,51,2.86,0,clear sky,0.0,0.0,Punjab,Jalandhar
"Jalandhar, Punjab",31.326,75.5762,2026-09-20 23:30:00,27.26,27.26,27.26,1009,51,2.3,0,clear sky,0.0,0.0,Punjab,Jalandhar
"Jalandhar, Punjab",31.326,75.5762,2026-09-21 02:30:00,26.01,26.01,26.01,1008,52,2.7,0,clear sky,0.0,0.0,Punjab,Jalandhar
"Jalandhar, Punjab",31.326,75.5762,2026-09-21 05:30:00,24.77,24.77,24.77,1009,55,2.05,0,clear sky,0.0,0.0,Punjab,Jalandhar
"Jalandhar, Punjab",31.326,75.5762,2026-09-21 08:30:00,29.54,29.54,29.54,1010,46,2.59,0,clear sky,0.0,0.0,Punjab,Jalandhar
"Jalandhar, Punjab",31.326,75.5762,2026-09-21 11:30:00,36.62,36.62,36.62,1009,29,2.23,0,clear sky,0.0,0.0,Punjab,Jalandhar
"Jalandhar, Punjab",31.326,75.5762,2026-09-21 14:30:00,39.32,39.32,39.32,1005,23,3.67,0,clear sky,0.0,0.0,Punjab,Jalandhar
"Jalandhar, Punjab",31.326,75.5762,2026-09-21 17:30:00,36.06,36.06,36.06,1004,31,5.55,0,clear sky,0.0,0.0,Punjab,Jalandhar
"Jalandhar, Punjab",31.326,75.5762,2026-09-21 20:30:00,29.81,29.81,29.81,1006,46,3.13,2,clear sky,0.0,0.0,Punjab,Jalandhar
"Jalandhar, Punjab",31.326,75.5762,2026-09-21 23:30:00,28.13,28.13,28.13,1006,44,2.37,1,clear sky,0.0,0.0,Punjab,Jalandhar
"Jalandhar, Punjab",31.326,75.5762,2026-09-22 02:30:00,26.89,26.89,26.89,1005,50,2.44,0,clear sky,0.0,0.0,Punjab,Jalandhar
"Jalandhar, Punjab",31.326,75.5762,2026-09-22 05:30:00,24.79,24.79,24.79,1006,57,3.43,0,clear sky,0.0,0.0,Punjab,Jalandhar
"Gurdaspur, Punjab",32.0411,75.4056,2026-09-17 08:30:00,22.59,22.59,24.96,1008,85,3.69,99,light rain,0.19,31.0,Punjab,Gurdaspur
"Gurdaspur, Punjab",32.0411,75.4056,2026-09-17 11:30:00,28.79,28.79,32.49,1008,61,0.59,74,broken clouds,0.0,0.0,Punjab,Gurdaspur
"Gurdaspur, Punjab",32.0411,75.4056,2026-09-17 14:30:00,33.6,33.6,33.6,1006,43,2.89,4,clear sky,0.0,0.0,Punjab,Gurdaspur
"Gurdaspur, Punjab",32.0411,75.4056,2026-09-17 17:30:00,29.4,29.4,29.4,1005,62,5.57,37,scattered clouds,0.0,27.0,Punjab,Gurdaspur
"Gurdaspur, Punjab",32.0411,75.4056,2026-09-17 20:30:00,24.59,24.59,24.59,1005,58,1.81,14,light rain,0.34,46.0,Punjab,Gurdaspur
"Gurdaspur, Punjab",32.0411,75.4056,2026-09-17 23:30:00,21.41,21.41,21.41,1006,75,1.6,7,light rain,0.35,42.0,Punjab,Gurdaspur
"Gurdaspur, Punjab",32.0411,75.4056,2026-09-18 02:30:00,20.65,20.65,20.65,1007,82,1.71,64,light rain,2.15,100.0,Punjab,Gurdaspur
"Gurdaspur, Punjab",32.0411,75.4056,2026-09-18 05:30:00,20.28,20.28,20.28,1008,88,2.1,72,light rain,1.29,100.0,Punjab,Gurdaspur
"Gurdaspur, Punjab",32.0411,75.4056,2026-09-18 08:30:00,24.4,24.4,24.4,1009,72,2.0,27,scattered clouds,0.0,0.0,Punjab,Gurdaspur
"Gurdaspur, Punjab",32.0411,75.4056,2026-09-18 11:30:00,30.04,30.04,30.04,1009,54,1.43,13,few clouds,0.0,0.0,Punjab,Gurdaspur
"Gurdaspur, Punjab",32.0411,75.4056,2026-09-18 14:30:00,32.3,32.3,32.3,1007,47,1.04,0,clear sky,0.0,0.0,Punjab,Gurdaspur
"Gurdaspur, Punjab",32.0411,75.4056,2026-09-18 17:30:00,30.33,30.33,30.33,1006,59,2.5,0,clear sky,0.0,0.0,Punjab,Gurdaspur
"Gurdaspur, Punjab",32.0411,75.4056,2026-09-18 20:30:00,26.38,26.38,26.38,1007,64,2.16,0,clear sky,0.0,0.0,Punjab,Gurdaspur
"Gurdaspur, Punjab",32.0411,75.4056,2026-09-18 23:30:00,24.83,24.83,24.83,1008,73,2.89,0,clear sky,0.0,0.0,Punjab,Gurdaspur
"Gurdaspur, Punjab",32.0411,75.4056,2026-09-19 02:30:00,23.55,23.55,23.55,1008,72,2.71,0,clear sky,0.0,0.0,Punjab,Gurdaspur
"Gurdaspur, Punjab",32.0411,75.4056,2026-09-19 05:30:00,23.01,23.01,23.01,1009,73,2.53,0,clear sky,0.0,0.0,Punjab,Gurdaspur
"Gurdaspur, Punjab",32.0411,75.4056,2026-09-19 08:30:00,26.47,26.47,26.47,1011,66,2.11,0,light rain,0.19,34.0,Punjab,Gurdaspur
"Gurdaspur, Punjab",32.0411,75.4056,2026-09-19 11:30:00,31.24,31.24,31.24,1011,53,1.68,0,clear sky,0.0,0.0,Punjab,Gurdaspur
"Gurdaspur, Punjab",32.0411,75.4056,2026-09-19 14:30:00,33.73,33.73,33.73,1009,41,1.55,0,clear sky,0.0,0.0,Punjab,Gurdaspur
"Gurdaspur, Punjab",32.0411,75.4056,2026-09-19 17:30:00,30.89,30.89,30.89,1008,54,2.86,0,clear sky,0.0,0.0,Punjab,Gurdaspur
"Gurdaspur, Punjab",32.0411,75.4056,2026-09-19 20:30:00,27.03,27.03,27.03,1009,54,2.35,0,clear sky,0.0,0.0,Punjab,Gurdaspur
"Gurdaspur, Punjab",32.0411,75.4056,2026-09-19 23:30:00,25.04,25.04,25.04,1010,61,3.41,0,clear sky,0.0,0.0,Punjab,Gurdaspur
"Gurdaspur, Punjab",32.0411,75.4056,2026-09-20 02:30:00,23.82,23.82,23.82,1011,61,2.98,0,clear sky,0.0,0.0,Punjab,Gurdaspur
"Gurdaspur, Punjab",32.0411,75.4056,2026-09-20 05:30:00,22.92,22.92,22.92,1011,64,2.33,0,clear sky,0.0,0.0,Punjab,Gurdaspur
"Gurdaspur, Punjab",32.0411,75.4056,2026-09-20 08:30:00,26.58,26.58,26.58,1013,59,2.4,0,clear sky,0.0,0.0,Punjab,Gurdaspur
"Gurdaspur, Punjab",32.0411,75.4056,2026-09-20 11:30:00,31.8,31.8,31.8,1013,47,2.39,0,clear sky,0.0,0.0,Punjab,Gurdaspur
"Gurdaspur, Punjab",32.0411,75.4056,2026-09-20 14:30:00,34.1,34.1,34.1,1010,38,1.98,0,clear sky,0.0,0.0,Punjab,Gurdaspur
"Gurdaspur, Punjab",32.0411,75.4056,2026-09-20 17:30:00,31.67,31.67,31.67,1009,49,2.39,0,clear sky,0.0,0.0,Punjab,Gurdaspur
"Gurdaspur, Punjab",32.0411,75.4056,2026-09-20 20:30:00,27.98,27.98,27.98,1010,46,2.68,0,clear sky,0.0,0.0,Punjab,Gurdaspur
"Gurdaspur, Punjab",32.0411,75.4056,2026-09-20 23:30:00,25.97,25.97,25.97,1009,52,3.55,0,clear sky,0.0,0.0,Punjab,Gurdaspur
"Gurdaspur, Punjab",32.0411,75.4056,2026-09-21 02:30:00,24.66,24.66,24.66,1008,56,2.17,0,clear sky,0.0,0.0,Punjab,Gurdaspur
"Gurdaspur, Punjab",32.0411,75.4056,2026-09-21 05:30:00,23.66,23.66,23.66,1009,58,1.22,0,clear sky,0.0,0.0,Punjab,Gurdaspur
"Gurdaspur, Punjab",32.0411,75.4056,2026-09-21 08:30:00,27.02,27.02,27.02,1010,54,2.57,0,clear sky,0.0,0.0,Punjab,Gurdaspur
"Gurdaspur, Punjab",32.0411,75.4056,2026-09-21 11:30:00,32.56,32.56,32.56,1010,41,2.3,0,clear sky,0.0,0.0,Punjab,Gurdaspur
"Gurdaspur, Punjab",32.0411,75.4056,2026-09-21 14:30:00,35.04,35.04,35.04,1007,37,1.81,0,clear sky,0.0,0.0,Punjab,Gurdaspur
"Gurdaspur, Punjab",32.0411,75.4056,2026-09-21 17:30:00,32.88,32.88,32.88,1005,49,2.02,0,clear sky,0.0,0.0,Punjab,Gurdaspur
"Gurdaspur, Punjab",32.0411,75.4056,2026-09-21 20:30:00,28.27,28.27,28.27,1006,54,3.33,0,clear sky,0.0,0.0,Punjab,Gurdaspur
"Gurdaspur, Punjab",32.0411,75.4056,2026-09-21 23:30:00,26.42,26.42,26.42,1005,56,3.36,0,clear sky,0.0,0.0,Punjab,Gurdaspur
"Gurdaspur, Punjab",32.0411,75.4056,2026-09-22 02:30:00,25.26,25.26,25.26,1006,57,1.5,0,clear sky,0.0,0.0,Punjab,Gurdaspur
"Gurdaspur, Punjab",32.0411,75.4056,2026-09-22 05:30:00,24.03,24.03,24.03,1006,56,3.04,5,clear sky,0.0,0.0,Punjab,Gurdaspur
"Amritsar, Punjab",31.634,74.8723,2026-09-17 08:30:00,21.7,21.7,25.17,1009,88,3.65,100,overcast clouds,0.0,0.0,Punjab,Amritsar
"Amritsar, Punjab",31.634,74.8723,2026-09-17 11:30:00,30.36,30.36,35.56,1009,55,3.34,78,broken clouds,0.0,0.0,Punjab,Amritsar
"Amritsar, Punjab",31.634,74.8723,2026-09-17 14:30:00,38.84,38.84,38.84,1004,24,3.19,19,few clouds,0.0,0.0,Punjab,Amritsar
"Amritsar, Punjab",31.634,74.8723,2026-09-17 17:30:00,30.54,30.54,30.54,1004,52,6.22,48,light rain,0.24,31.0,Punjab,Amritsar
"Amritsar, Punjab",31.634,74.8723,2026-09-17 20:30:00,25.21,25.21,25.21,1005,57,3.07,15,light rain,0.12,23.0,Punjab,Amritsar
"Amritsar, Punjab",31.634,74.8723,2026-09-17 23:30:00,24.51,24.51,24.51,1005,70,2.62,9,clear sky,0.0,0.0,Punjab,Amritsar
"Amritsar, Punjab",31.634,74.8723,2026-09-18 02:30:00,21.85,21.85,21.85,1006,78,3.06,49,light rain,0.45,60.0,Punjab,Amritsar
"Amritsar, Punjab",31.634,74.8723,2026-09-18 05:30:00,21.54,21.54,21.54,1007,85,2.51,78,light rain,0.29,56.99999999999999,Punjab,Amritsar
"Amritsar, Punjab",31.634,74.8723,2026-09-18 08:30:00,25.82,25.82,25.82,1009,65,2.82,5,clear sky,0.0,0.0,Punjab,Amritsar
"Amritsar, Punjab",31.634,74.8723,2026-09-18 11:30:00,33.89,33.89,33.89,1008,38,2.2,3,clear sky,0.0,0.0,Punjab,Amritsar
"Amritsar, Punjab",31.634,74.8723,2026-09-18 14:30:00,38.56,38.56,38.56,1006,24,0.49,0,clear sky,0.0,0.0,Punjab,Amritsar
"Amritsar, Punjab",31.634,74.8723,2026-09-18 17:30:00,36.15,36.15,36.15,1005,26,3.58,0,clear sky,0.0,0.0,Punjab,Amritsar
"Amritsar, Punjab",31.634,74.8723,2026-09-18 20:30:00,27.48,27.48,27.48,1007,58,3.45,2,clear sky,0.0,0.0,Punjab,Amritsar
"Amritsar, Punjab",31.634,74.8723,2026-09-18 23:30:00,26.24,26.24,26.24,1008,62,2.78,1,clear sky,0.0,0.0,Punjab,Amritsar
"Amritsar, Punjab",31.634,74.8723,2026-09-19 02:30:00,25.14,25.14,25.14,1008,67,2.12,0,clear sky,0.0,0.0,Punjab,Amritsar
"Amritsar, Punjab",31.634,74.8723,2026-09-19 05:30:00,24.21,24.21,24.21,1009,70,2.18,0,clear sky,0.0,0.0,Punjab,Amritsar
"Amritsar, Punjab",31.634,74.8723,2026-09-19 08:30:00,29.34,29.34,29.34,1010,56,2.39,0,clear sky,0.0,0.0,Punjab,Amritsar
"Amritsar, Punjab",31.634,74.8723,2026-09-19 11:30:00,37.69,37.69,37.69,1010,30,1.19,0,clear sky,0.0,0.0,Punjab,Amritsar
"Amritsar, Punjab",31.634,74.8723,2026-09-19 14:30:00,39.66,39.66,39.66,1007,19,4.2,0,clear sky,0.0,0.0,Punjab,Amritsar
"Amritsar, Punjab",31.634,74.8723,2026-09-19 17:30:00,36.07,36.07,36.07,1007,26,5.93,21,few clouds,0.0,0.0,Punjab,Amritsar
"Amritsar, Punjab",31.634,74.8723,2026-09-19 20:30:00,27.98,27.98,27.98,1009,53,3.3,0,clear sky,0.0,0.0,Punjab,Amritsar
"Amritsar, Punjab",31.634,74.8723,2026-09-19 23:30:00,26.67,26.67,26.67,1010,54,3.02,0,clear sky,0.0,0.0,Punjab,Amritsar
"Amritsar, Punjab",31.634,74.8723,2026-09-20 02:30:00,25.4,25.4,25.4,1010,56,1.6,3,clear sky,0.0,0.0,Punjab,Amritsar
"Amritsar, Punjab",31.634,74.8723,2026-09-20 05:30:00,24.29,24.29,24.29,1011,59,2.29,4,clear sky,0.0,0.0,Punjab,Amritsar
"Amritsar, Punjab",31.634,74.8723,2026-09-20 08:30:00,29.79,29.79,29.79,1012,45,3.2,0,clear sky,0.0,0.0,Punjab,Amritsar
"Amritsar, Punjab",31.634,74.8723,2026-09-20 11:30:00,36.94,36.94,36.94,1012,28,2.91,0,clear sky,0.0,0.0,Punjab,Amritsar
"Amritsar, Punjab",31.634,74.8723,2026-09-20 14:30:00,40.14,40.14,40.14,1009,20,3.99,0,clear sky,0.0,0.0,Punjab,Amritsar
"Amritsar, Punjab",31.634,74.8723,2026-09-20 17:30:00,36.99,36.99,36.99,1008,26,6.82,3,clear sky,0.0,0.0,Punjab,Amritsar
"Amritsar, Punjab",31.634,74.8723,2026-09-20 20:30:00,28.65,28.65,28.65,1009,48,3.23,0,clear sky,0.0,0.0,Punjab,Amritsar
"Amritsar, Punjab",31.634,74.8723,2026-09-20 23:30:00,27.21,27.21,27.21,1009,48,2.75,0,clear sky,0.0,0.0,Punjab,Amritsar
"Amritsar, Punjab",31.634,74.8723,2026-09-21 02:30:00,25.8,25.8,25.8,1009,49,1.06,0,clear sky,0.0,0.0,Punjab,Amritsar
"Amritsar, Punjab",31.634,74.8723,2026-09-21 05:30:00,25.42,25.42,25.42,1008,51,1.44,0,clear sky,0.0,0.0,Punjab,Amritsar
"Amritsar, Punjab",31.634,74.8723,2026-09-21 08:30:00,30.8,30.8,30.8,1010,39,3.34,0,clear sky,0.0,0.0,Punjab,Amritsar
"Amritsar, Punjab",31.634,74.8723,2026-09-21 11:30:00,38.59,38.59,38.59,1008,24,2.13,0,clear sky,0.0,0.0,Punjab,Amritsar
"Amritsar, Punjab",31.634,74.8723,2026-09-21 14:30:00,41.04,41.04,41.04,1005,20,3.01,1,clear sky,0.0,0.0,Punjab,Amritsar
"Amritsar, Punjab",31.634,74.8723,2026-09-21 17:30:00,38.09,38.09,38.09,1004,25,5.37,3,clear sky,0.0,0.0,Punjab,Amritsar
"Amritsar, Punjab",31.634,74.8723,2026-09-21 20:30:00,29.5,29.5,29.5,1006,50,3.42,1,clear sky,0.0,0.0,Punjab,Amritsar
"Amritsar, Punjab",31.634,74.8723,2026-09-21 23:30:00,27.48,27.48,27.48,1006,55,2.99,0,clear sky,0.0,0.0,Punjab,Amritsar
"Amritsar, Punjab",31.634,74.8723,2026-09-22 02:30:00,27.06,27.06,27.06,1005,50,2.14,0,clear sky,0.0,0.0,Punjab,Amritsar
"Amritsar, Punjab",31.634,74.8723,2026-09-22 05:30:00,26.41,26.41,26.41,1005,47,2.85,0,clear sky,0.0,0.0,Punjab,Amritsar
"Ludhiana, Punjab",30.901,75.8573,2026-09-17 08:30:00,23.37,23.37,25.8,1007,83,2.74,98,overcast clouds,0.0,0.0,Punjab,Ludhiana
"Ludhiana, Punjab",30.901,75.8573,2026-09-17 11:30:00,30.31,30.31,34.38,1007,56,2.25,99,overcast clouds,0.0,0.0,Punjab,Ludhiana
"Ludhiana, Punjab",30.901,75.8573,2026-09-17 14:30:00,38.04,38.04,38.04,1004,27,2.55,77,broken clouds,0.0,0.0,Punjab,Ludhiana
"Ludhiana, Punjab",30.901,75.8573,2026-09-17 17:30:00,30.9,30.9,30.9,1003,50,7.91,60,light rain,0.54,43.0,Punjab,Ludhiana
"Ludhiana, Punjab",30.901,75.8573,2026-09-17 20:30:00,22.58,22.58,22.58,1006,80,1.47,81,moderate rain,9.81,100.0,Punjab,Ludhiana
"Ludhiana, Punjab",30.901,75.8573,2026-09-17 23:30:00,21.35,21.35,21.35,1006,85,2.47,65,light rain,0.34,100.0,Punjab,Ludhiana
"Ludhiana, Punjab",30.901,75.8573,2026-09-18 02:30:00,21.56,21.56,21.56,1007,90,1.46,96,light rain,0.85,100.0,Punjab,Ludhiana
"Ludhiana, Punjab",30.901,75.8573,2026-09-18 05:30:00,21.31,21.31,21.31,1007,93,2.44,98,overcast clouds,0.0,80.0,Punjab,Ludhiana
"Ludhiana, Punjab",30.901,75.8573,2026-09-18 08:30:00,24.68,24.68,24.68,1009,79,2.59,97,overcast clouds,0.0,0.0,Punjab,Ludhiana
"Ludhiana, Punjab",30.901,75.8573,2026-09-18 11:30:00,32.99,32.99,32.99,1009,44,1.16,48,scattered clouds,0.0,0.0,Punjab,Ludhiana
"Ludhiana, Punjab",30.901,75.8573,2026-09-18 14:30:00,35.64,35.64,35.64,1006,34,2.14,0,clear sky,0.0,0.0,Punjab,Ludhiana
"Ludhiana, Punjab",30.901,75.8573,2026-09-18 17:30:00,34.1,34.1,34.1,1005,38,1.5,0,clear sky,0.0,0.0,Punjab,Ludhiana
"Ludhiana, Punjab",30.901,75.8573,2026-09-18 20:30:00,27.58,27.58,27.58,1007,54,3.58,0,clear sky,0.0,0.0,Punjab,Ludhiana
"Ludhiana, Punjab",30.901,75.8573,2026-09-18 23:30:00,25.81,25.81,25.81,1008,69,2.25,0,clear sky,0.0,0.0,Punjab,Ludhiana
"Ludhiana, Punjab",30.901,75.8573,2026-09-19 02:30:00,24.71,24.71,24.71,1008,79,2.82,0,clear sky,0.0,0.0,Punjab,Ludhiana
"Ludhiana, Punjab",30.901,75.8573,2026-09-19 05:30:00,23.91,23.91,23.91,1009,83,2.87,0,clear sky,0.0,0.0,Punjab,Ludhiana
"Ludhiana, Punjab",30.901,75.8573,2026-09-19 08:30:00,28.67,28.67,28.67,1010,63,3.32,0,clear sky,0.0,0.0,Punjab,Ludhiana
"Ludhiana, Punjab",30.901,75.8573,2026-09-19 11:30:00,35.24,35.24,35.24,1010,38,2.25,0,clear sky,0.0,0.0,Punjab,Ludhiana
"Ludhiana, Punjab",30.901,75.8573,2026-09-19 14:30:00,37.81,37.81,37.81,1007,26,2.97,2,clear sky,0.0,0.0,Punjab,Ludhiana
"Ludhiana, Punjab",30.901,75.8573,2026-09-19 17:30:00,33.52,33.52,33.52,1006,35,4.1,13,light rain,0.15,20.0,Punjab,Ludhiana
"Ludhiana, Punjab",30.901,75.8573,2026-09-19 20:30:00,27.96,27.96,27.96,1009,47,1.59,14,few clouds,0.0,0.0,Punjab,Ludhiana
"Ludhiana, Punjab",30.901,75.8573,2026-09-19 23:30:00,24.89,24.89,24.89,1010,61,2.86,6,light rain,0.11,20.0,Punjab,Ludhiana
"Ludhiana, Punjab",30.901,75.8573,2026-09-20 02:30:00,23.95,23.95,23.95,1010,70,2.33,0,clear sky,0.0,0.0,Punjab,Ludhiana
"Ludhiana, Punjab",30.901,75.8573,2026-09-20 05:30:00,23.25,23.25,23.25,1011,73,2.56,0,clear sky,0.0,0.0,Punjab,Ludhiana
"Ludhiana, Punjab",30.901,75.8573,2026-09-20 08:30:00,28.54,28.54,28.54,1013,60,3.76,0,clear sky,0.0,0.0,Punjab,Ludhiana
"Ludhiana, Punjab",30.901,75.8573,2026-09-20 11:30:00,35.83,35.83,35.83,1012,33,2.03,0,clear sky,0.0,0.0,Punjab,Ludhiana
"Ludhiana, Punjab",30.901,75.8573,2026-09-20 14:30:00,38.23,38.23,38.23,1009,25,3.34,0,clear sky,0.0,0.0,Punjab,Ludhiana
"Ludhiana, Punjab",30.901,75.8573,2026-09-20 17:30:00,36.23,36.23,36.23,1008,26,4.34,0,clear sky,0.0,0.0,Punjab,Ludhiana
"Ludhiana, Punjab",30.901,75.8573,2026-09-20 20:30:00,28.8,28.8,28.8,1009,44,2.93,0,clear sky,0.0,0.0,Punjab,Ludhiana
"Ludhiana, Punjab",30.901,75.8573,2026-09-20 23:30:00,26.9,26.9,26.9,1009,50,1.88,0,clear sky,0.0,0.0,Punjab,Ludhiana
"Ludhiana, Punjab",30.901,75.8573,2026-09-21 02:30:00,25.33,25.33,25.33,1009,61,1.81,0,clear sky,0.0,0.0,Punjab,Ludhiana
"Ludhiana, Punjab",30.901,75.8573,2026-09-21 05:30:00,24.1,24.1,24.1,1009,70,2.35,0,clear sky,0.0,0.0,Punjab,Ludhiana
"Ludhiana, Punjab",30.901,75.8573,2026-09-21 08:30:00,29.49,29.49,29.49,1010,54,2.53,0,clear sky,0.0,0.0,Punjab,Ludhiana
"Ludhiana, Punjab",30.901,75.8573,2026-09-21 11:30:00,37.12,37.12,37.12,1009,31,1.78,0,clear sky,0.0,0.0,Punjab,Ludhiana
"Ludhiana, Punjab",30.901,75.8573,2026-09-21 14:30:00,39.32,39.32,39.32,1005,23,3.29,0,clear sky,0.0,0.0,Punjab,Ludhiana
"Ludhiana, Punjab",30.901,75.8573,2026-09-21 17:30:00,37.3,37.3,37.3,1004,25,4.82,1,clear sky,0.0,0.0,Punjab,Ludhiana
"Ludhiana, Punjab",30.901,75.8573,2026-09-21 20:30:00,29.09,29.09,29.09,1006,46,2.8,1,clear sky,0.0,0.0,Punjab,Ludhiana
"Ludhiana, Punjab",30.901,75.8573,2026-09-21 23:30:00,27.61,27.61,27.61,1006,49,1.62,0,clear sky,0.0,0.0,Punjab,Ludhiana
"Ludhiana, Punjab",30.901,75.8573,2026-09-22 02:30:00,26.19,26.19,26.19,1006,51,2.66,0,clear sky,0.0,0.0,Punjab,Ludhiana
"Ludhiana, Punjab",30.901,75.8573,2026-09-22 05:30:00,24.58,24.58,24.58,1006,64,3.1,0,clear sky,0.0,0.0,Punjab,Ludhiana
"Yamuna Nagar, Haryana",30.129,77.2674,2026-09-17 08:30:00,24.55,24.55,25.98,1007,85,2.85,68,light rain,1.3,100.0,Haryana,Yamuna Nagar
"Yamuna Nagar, Haryana",30.129,77.2674,2026-09-17 11:30:00,28.46,28.46,30.77,1007,72,2.46,50,scattered clouds,0.0,80.0,Haryana,Yamuna Nagar
"Yamuna Nagar, Haryana",30.129,77.2674,2026-09-17 14:30:00,32.87,32.87,32.87,1005,55,1.13,41,scattered clouds,0.0,0.0,Haryana,Yamuna Nagar
"Yamuna Nagar, Haryana",30.129,77.2674,2026-09-17 17:30:00,24.94,24.94,24.94,1006,87,10.33,68,moderate rain,7.98,100.0,Haryana,Yamuna Nagar
"Yamuna Nagar, Haryana",30.129,77.2674,2026-09-17 20:30:00,21.15,21.15,21.15,1007,84,4.94,79,light rain,2.2,100.0,Haryana,Yamuna Nagar
"Yamuna Nagar, Haryana",30.129,77.2674,2026-09-17 23:30:00,21.93,21.93,21.93,1007,82,3.07,83,light rain,0.11,99.0,Haryana,Yamuna Nagar
"Yamuna Nagar, Haryana",30.129,77.2674,2026-09-18 02:30:00,21.41,21.41,21.41,1007,90,2.55,100,light rain,0.16,20.0,Haryana,Yamuna Nagar
"Yamuna Nagar, Haryana",30.129,77.2674,2026-09-18 05:30:00,21.42,21.42,21.42,1008,91,2.52,91,overcast clouds,0.0,0.0,Haryana,Yamuna Nagar
"Yamuna Nagar, Haryana",30.129,77.2674,2026-09-18 08:30:00,24.67,24.67,24.67,1009,80,1.83,100,overcast clouds,0.0,0.0,Haryana,Yamuna Nagar
"Yamuna Nagar, Haryana",30.129,77.2674,2026-09-18 11:30:00,29.47,29.47,29.47,1009,64,1.28,86,overcast clouds,0.0,0.0,Haryana,Yamuna Nagar
"Yamuna Nagar, Haryana",30.129,77.2674,2026-09-18 14:30:00,31.66,31.66,31.66,1007,55,0.83,44,scattered clouds,0.0,0.0,Haryana,Yamuna Nagar
"Yamuna Nagar, Haryana",30.129,77.2674,2026-09-18 17:30:00,29.64,29.64,29.64,1006,68,2.54,24,few clouds,0.0,0.0,Haryana,Yamuna Nagar
"Yamuna Nagar, Haryana",30.129,77.2674,2026-09-18 20:30:00,26.33,26.33,26.33,1008,75,3.13,0,clear sky,0.0,0.0,Haryana,Yamuna Nagar
"Yamuna Nagar, Haryana",30.129,77.2674,2026-09-18 23:30:00,24.3,24.3,24.3,1009,87,2.99,0,light rain,0.36,39.0,Haryana,Yamuna Nagar
"Yamuna Nagar, Haryana",30.129,77.2674,2026-09-19 02:30:00,22.12,22.12,22.12,1008,93,2.41,0,light rain,0.9,93.0,Haryana,Yamuna Nagar
"Yamuna Nagar, Haryana",30.129,77.2674,2026-09-19 05:30:00,22.28,22.28,22.28,1009,89,2.26,0,light rain,0.51,94.0,Haryana,Yamuna Nagar
"Yamuna Nagar, Haryana",30.129,77.2674,2026-09-19 08:30:00,25.35,25.35,25.35,1011,77,2.42,0,clear sky,0.0,0.0,Haryana,Yamuna Nagar
"Yamuna Nagar, Haryana",30.129,77.2674,2026-09-19 11:30:00,30.22,30.22,30.22,1011,62,2.3,0,clear sky,0.0,0.0,Haryana,Yamuna Nagar
"Yamuna Nagar, Haryana",30.129,77.2674,2026-09-19 14:30:00,32.94,32.94,32.94,1009,50,0.58,0,clear sky,0.0,0.0,Haryana,Yamuna Nagar
"Yamuna Nagar, Haryana",30.129,77.2674,2026-09-19 17:30:00,30.08,30.08,30.08,1007,63,2.65,0,clear sky,0.0,0.0,Haryana,Yamuna Nagar
"Yamuna Nagar, Haryana",30.129,77.2674,2026-09-19 20:30:00,26.56,26.56,26.56,1010,70,2.51,0,clear sky,0.0,0.0,Haryana,Yamuna Nagar
"Yamuna Nagar, Haryana",30.129,77.2674,2026-09-19 23:30:00,23.64,23.64,23.64,1011,88,3.98,31,light rain,0.68,53.0,Haryana,Yamuna Nagar
"Yamuna Nagar, Haryana",30.129,77.2674,2026-09-20 02:30:00,23.22,23.22,23.22,1011,85,2.75,1,clear sky,0.0,0.0,Haryana,Yamuna Nagar
"Yamuna Nagar, Haryana",30.129,77.2674,2026-09-20 05:30:00,22.62,22.62,22.62,1011,88,3.03,0,clear sky,0.0,0.0,Haryana,Yamuna Nagar
"Yamuna Nagar, Haryana",30.129,77.2674,2026-09-20 08:30:00,25.88,25.88,25.88,1013,75,3.05,0,clear sky,0.0,0.0,Haryana,Yamuna Nagar
"Yamuna Nagar, Haryana",30.129,77.2674,2026-09-20 11:30:00,30.76,30.76,30.76,1013,62,2.6,0,clear sky,0.0,0.0,Haryana,Yamuna Nagar
"Yamuna Nagar, Haryana",30.129,77.2674,2026-09-20 14:30:00,33.01,33.01,33.01,1010,51,0.56,0,clear sky,0.0,0.0,Haryana,Yamuna Nagar
"Yamuna Nagar, Haryana",30.129,77.2674,2026-09-20 17:30:00,30.86,30.86,30.86,1009,61,1.31,0,clear sky,0.0,0.0,Haryana,Yamuna Nagar
"Yamuna Nagar, Haryana",30.129,77.2674,2026-09-20 20:30:00,26.93,26.93,26.93,1010,68,1.76,0,clear sky,0.0,0.0,Haryana,Yamuna Nagar
"Yamuna Nagar, Haryana",30.129,77.2674,2026-09-20 23:30:00,25.44,25.44,25.44,1010,75,1.33,0,clear sky,0.0,0.0,Haryana,Yamuna Nagar
"Yamuna Nagar, Haryana",30.129,77.2674,2026-09-21 02:30:00,24.37,24.37,24.37,1009,79,1.95,0,clear sky,0.0,0.0,Haryana,Yamuna Nagar
"Yamuna Nagar, Haryana",30.129,77.2674,2026-09-21 05:30:00,23.59,23.59,23.59,1009,79,2.12,0,clear sky,0.0,0.0,Haryana,Yamuna Nagar
"Yamuna Nagar, Haryana",30.129,77.2674,2026-09-21 08:30:00,26.45,26.45,26.45,1011,71,2.7,0,clear sky,0.0,0.0,Haryana,Yamuna Nagar
"Yamuna Nagar, Haryana",30.129,77.2674,2026-09-21 11:30:00,31.45,31.45,31.45,1010,56,1.43,0,clear sky,0.0,0.0,Haryana,Yamuna Nagar
"Yamuna Nagar, Haryana",30.129,77.2674,2026-09-21 14:30:00,33.65,33.65,33.65,1007,47,1.81,0,clear sky,0.0,0.0,Haryana,Yamuna Nagar
"Yamuna Nagar, Haryana",30.129,77.2674,2026-09-21 17:30:00,30.91,30.91,30.91,1005,58,2.24,0,clear sky,0.0,0.0,Haryana,Yamuna Nagar
"Yamuna Nagar, Haryana",30.129,77.2674,2026-09-21 20:30:00,26.96,26.96,26.96,1006,68,2.44,0,clear sky,0.0,0.0,Haryana,Yamuna Nagar
"Yamuna Nagar, Haryana",30.129,77.2674,2026-09-21 23:30:00,25.61,25.61,25.61,1007,74,1.89,0,clear sky,0.0,0.0,Haryana,Yamuna Nagar
"Yamuna Nagar, Haryana",30.129,77.2674,2026-09-22 02:30:00,24.56,24.56,24.56,1006,77,2.96,0,clear sky,0.0,0.0,Haryana,Yamuna Nagar
"Yamuna Nagar, Haryana",30.129,77.2674,2026-09-22 05:30:00,23.77,23.77,23.77,1007,78,2.9,0,clear sky,0.0,0.0,Haryana,Yamuna Nagar
"Karnal, Haryana",29.6857,76.9905,2026-09-17 08:30:00,25.79,25.79,27.06,1007,86,2.94,79,light rain,0.67,75.0,Haryana,Karnal
"Karnal, Haryana",29.6857,76.9905,2026-09-17 11:30:00,29.98,29.98,32.39,1007,70,2.58,74,broken clouds,0.0,46.0,Haryana,Karnal
"Karnal, Haryana",29.6857,76.9905,2026-09-17 14:30:00,34.63,34.63,34.63,1005,49,1.32,82,broken clouds,0.0,0.0,Haryana,Karnal
"Karnal, Haryana",29.6857,76.9905,2026-09-17 17:30:00,31.73,31.73,31.73,1003,67,3.85,60,light rain,1.18,76.0,Haryana,Karnal
"Karnal, Haryana",29.6857,76.9905,2026-09-17 20:30:00,23.75,23.75,23.75,1006,78,1.31,76,moderate rain,9.56,100.0,Haryana,Karnal
"Karnal, Haryana",29.6857,76.9905,2026-09-17 23:30:00,24.0,24.0,24.0,1007,87,0.53,88,light rain,0.62,100.0,Haryana,Karnal
"Karnal, Haryana",29.6857,76.9905,2026-09-18 02:30:00,24.01,24.01,24.01,1007,85,0.68,100,overcast clouds,0.0,0.0,Haryana,Karnal
"Karnal, Haryana",29.6857,76.9905,2026-09-18 05:30:00,23.48,23.48,23.48,1007,85,1.13,94,light rain,0.1,20.0,Haryana,Karnal
"Karnal, Haryana",29.6857,76.9905,2026-09-18 08:30:00,25.79,25.79,25.79,1009,78,1.12,86,overcast clouds,0.0,0.0,Haryana,Karnal
"Karnal, Haryana",29.6857,76.9905,2026-09-18 11:30:00,30.71,30.71,30.71,1009,59,1.44,59,broken clouds,0.0,0.0,Haryana,Karnal
"Karnal, Haryana",29.6857,76.9905,2026-09-18 14:30:00,33.11,33.11,33.11,1006,48,1.3,2,clear sky,0.0,0.0,Haryana,Karnal
"Karnal, Haryana",29.6857,76.9905,2026-09-18 17:30:00,30.26,30.26,30.26,1006,68,3.76,3,clear sky,0.0,0.0,Haryana,Karnal
"Karnal, Haryana",29.6857,76.9905,2026-09-18 20:30:00,27.3,27.3,27.3,1008,73,3.3,11,few clouds,0.0,0.0,Haryana,Karnal
"Karnal, Haryana",29.6857,76.9905,2026-09-18 23:30:00,26.43,26.43,26.43,1008,77,3.1,5,clear sky,0.0,0.0,Haryana,Karnal
"Karnal, Haryana",29.6857,76.9905,2026-09-19 02:30:00,24.87,24.87,24.87,1008,80,2.59,0,clear sky,0.0,0.0,Haryana,Karnal
"Karnal, Haryana",29.6857,76.9905,2026-09-19 05:30:00,23.82,23.82,23.82,1009,84,2.3,1,clear sky,0.0,0.0,Haryana,Karnal
"Karnal, Haryana",29.6857,76.9905,2026-09-19 08:30:00,27.24,27.24,27.24,1011,69,1.88,0,clear sky,0.0,4.0,Haryana,Karnal
"Karnal, Haryana",29.6857,76.9905,2026-09-19 11:30:00,32.47,32.47,32.47,1011,50,0.8,0,clear sky,0.0,0.0,Haryana,Karnal
"Karnal, Haryana",29.6857,76.9905,2026-09-19 14:30:00,34.32,34.32,34.32,1008,44,1.69,0,clear sky,0.0,0.0,Haryana,Karnal
"Karnal, Haryana",29.6857,76.9905,2026-09-19 17:30:00,30.76,30.76,30.76,1007,63,3.29,0,clear sky,0.0,0.0,Haryana,Karnal
"Karnal, Haryana",29.6857,76.9905,2026-09-19 20:30:00,23.76,23.76,23.76,1011,86,5.83,0,light rain,1.92,100.0,Haryana,Karnal
"Karnal, Haryana",29.6857,76.9905,2026-09-19 23:30:00,25.7,25.7,25.7,1010,73,2.14,32,light rain,0.33,100.0,Haryana,Karnal
"Karnal, Haryana",29.6857,76.9905,2026-09-20 02:30:00,23.88,23.88,23.88,1011,84,1.94,5,clear sky,0.0,0.0,Haryana,Karnal
"Karnal, Haryana",29.6857,76.9905,2026-09-20 05:30:00,23.37,23.37,23.37,1011,87,2.68,3,clear sky,0.0,0.0,Haryana,Karnal
"Karnal, Haryana",29.6857,76.9905,2026-09-20 08:30:00,26.84,26.84,26.84,1013,76,2.7,0,clear sky,0.0,0.0,Haryana,Karnal
"Karnal, Haryana",29.6857,76.9905,2026-09-20 11:30:00,31.78,31.78,31.78,1013,58,2.75,0,clear sky,0.0,0.0,Haryana,Karnal
"Karnal, Haryana",29.6857,76.9905,2026-09-20 14:30:00,34.27,34.27,34.27,1010,46,0.72,0,clear sky,0.0,0.0,Haryana,Karnal
"Karnal, Haryana",29.6857,76.9905,2026-09-20 17:30:00,31.65,31.65,31.65,1008,57,2.67,0,clear sky,0.0,0.0,Haryana,Karnal
"Karnal, Haryana",29.6857,76.9905,2026-09-20 20:30:00,27.98,27.98,27.98,1009,65,2.27,0,clear sky,0.0,0.0,Haryana,Karnal
"Karnal, Haryana",29.6857,76.9905,2026-09-20 23:30:00,26.9,26.9,26.9,1010,69,2.25,0,clear sky,0.0,0.0,Haryana,Karnal
"Karnal, Haryana",29.6857,76.9905,2026-09-21 02:30:00,25.73,25.73,25.73,1009,73,1.31,0,clear sky,0.0,0.0,Haryana,Karnal
"Karnal, Haryana",29.6857,76.9905,2026-09-21 05:30:00,24.75,24.75,24.75,1009,77,2.6,0,clear sky,0.0,0.0,Haryana,Karnal
"Karnal, Haryana",29.6857,76.9905,2026-09-21 08:30:00,27.99,27.99,27.99,1010,69,2.66,0,clear sky,0.0,0.0,Haryana,Karnal
"Karnal, Haryana",29.6857,76.9905,2026-09-21 11:30:00,32.75,32.75,32.75,1009,52,1.76,0,clear sky,0.0,0.0,Haryana,Karnal
"Karnal, Haryana",29.6857,76.9905,2026-09-21 14:30:00,35.23,35.23,35.23,1006,42,1.69,0,clear sky,0.0,0.0,Haryana,Karnal
"Karnal, Haryana",29.6857,76.9905,2026-09-21 17:30:00,32.06,32.06,32.06,1005,57,3.08,0,clear sky,0.0,0.0,Haryana,Karnal
"Karnal, Haryana",29.6857,76.9905,2026-09-21 20:30:00,28.62,28.62,28.62,1006,62,2.77,0,clear sky,0.0,0.0,Haryana,Karnal
"Karnal, Haryana",29.6857,76.9905,2026-09-21 23:30:00,27.28,27.28,27.28,1006,67,1.5,1,clear sky,0.0,0.0,Haryana,Karnal
"Karnal, Haryana",29.6857,76.9905,2026-09-22 02:30:00,25.92,25.92,25.92,1006,72,2.48,0,clear sky,0.0,0.0,Haryana,Karnal
"Karnal, Haryana",29.6857,76.9905,2026-09-22 05:30:00,24.93,24.93,24.93,1007,78,2.67,0,clear sky,0.0,0.0,Haryana,Karnal
"Kurukshetra, Haryana",29.9729,76.8783,2026-09-17 08:30:00,24.89,24.89,26.14,1007,89,2.49,71,light rain,0.91,95.0,Haryana,Kurukshetra
"Kurukshetra, Haryana",29.9729,76.8783,2026-09-17 11:30:00,29.59,29.59,32.26,1007,70,2.55,61,broken clouds,0.0,81.0,Haryana,Kurukshetra
"Kurukshetra, Haryana",29.9729,76.8783,2026-09-17 14:30:00,35.14,35.14,35.14,1005,45,2.02,71,broken clouds,0.0,0.0,Haryana,Kurukshetra
"Kurukshetra, Haryana",29.9729,76.8783,2026-09-17 17:30:00,26.02,26.02,26.02,1003,85,8.88,84,moderate rain,3.04,84.0,Haryana,Kurukshetra
"Kurukshetra, Haryana",29.9729,76.8783,2026-09-17 20:30:00,21.8,21.8,21.8,1007,89,5.08,72,moderate rain,5.1,100.0,Haryana,Kurukshetra
"Kurukshetra, Haryana",29.9729,76.8783,2026-09-17 23:30:00,22.18,22.18,22.18,1007,90,3.68,88,light rain,0.28,100.0,Haryana,Kurukshetra
"Kurukshetra, Haryana",29.9729,76.8783,2026-09-18 02:30:00,22.43,22.43,22.43,1007,93,2.56,93,overcast clouds,0.0,0.0,Haryana,Kurukshetra
"Kurukshetra, Haryana",29.9729,76.8783,2026-09-18 05:30:00,22.61,22.61,22.61,1007,93,1.58,85,overcast clouds,0.0,0.0,Haryana,Kurukshetra
"Kurukshetra, Haryana",29.9729,76.8783,2026-09-18 08:30:00,25.38,25.38,25.38,1009,81,1.63,100,overcast clouds,0.0,0.0,Haryana,Kurukshetra
"Kurukshetra, Haryana",29.9729,76.8783,2026-09-18 11:30:00,31.15,31.15,31.15,1009,56,1.09,79,broken clouds,0.0,0.0,Haryana,Kurukshetra
"Kurukshetra, Haryana",29.9729,76.8783,2026-09-18 14:30:00,33.82,33.82,33.82,1006,45,1.44,35,scattered clouds,0.0,0.0,Haryana,Kurukshetra
"Kurukshetra, Haryana",29.9729,76.8783,2026-09-18 17:30:00,30.61,30.61,30.61,1006,62,4.13,18,few clouds,0.0,0.0,Haryana,Kurukshetra
"Kurukshetra, Haryana",29.9729,76.8783,2026-09-18 20:30:00,27.13,27.13,27.13,1007,72,3.26,12,few clouds,0.0,0.0,Haryana,Kurukshetra
"Kurukshetra, Haryana",29.9729,76.8783,2026-09-18 23:30:00,26.22,26.22,26.22,1008,76,2.98,6,clear sky,0.0,0.0,Haryana,Kurukshetra
"Kurukshetra, Haryana",29.9729,76.8783,2026-09-19 02:30:00,24.68,24.68,24.68,1008,82,2.92,0,clear sky,0.0,0.0,Haryana,Kurukshetra
"Kurukshetra, Haryana",29.9729,76.8783,2026-09-19 05:30:00,23.23,23.23,23.23,1009,89,2.57,0,clear sky,0.0,0.0,Haryana,Kurukshetra
"Kurukshetra, Haryana",29.9729,76.8783,2026-09-19 08:30:00,27.32,27.32,27.32,1011,71,2.37,0,clear sky,0.0,0.0,Haryana,Kurukshetra
"Kurukshetra, Haryana",29.9729,76.8783,2026-09-19 11:30:00,32.3,32.3,32.3,1011,50,2.22,0,clear sky,0.0,0.0,Haryana,Kurukshetra
"Kurukshetra, Haryana",29.9729,76.8783,2026-09-19 14:30:00,34.95,34.95,34.95,1008,41,3.03,0,clear sky,0.0,0.0,Haryana,Kurukshetra
"Kurukshetra, Haryana",29.9729,76.8783,2026-09-19 17:30:00,31.55,31.55,31.55,1007,57,3.38,0,clear sky,0.0,0.0,Haryana,Kurukshetra
"Kurukshetra, Haryana",29.9729,76.8783,2026-09-19 20:30:00,25.06,25.06,25.06,1011,84,9.36,18,light rain,2.72,95.0,Haryana,Kurukshetra
"Kurukshetra, Haryana",29.9729,76.8783,2026-09-19 23:30:00,25.0,25.0,25.0,1011,67,1.78,48,light rain,0.53,100.0,Haryana,Kurukshetra
"Kurukshetra, Haryana",29.9729,76.8783,2026-09-20 02:30:00,23.66,23.66,23.66,1011,86,2.72,2,clear sky,0.0,0.0,Haryana,Kurukshetra
"Kurukshetra, Haryana",29.9729,76.8783,2026-09-20 05:30:00,23.3,23.3,23.3,1011,88,2.7,1,clear sky,0.0,0.0,Haryana,Kurukshetra
"Kurukshetra, Haryana",29.9729,76.8783,2026-09-20 08:30:00,27.03,27.03,27.03,1013,74,2.97,0,clear sky,0.0,0.0,Haryana,Kurukshetra
"Kurukshetra, Haryana",29.9729,76.8783,2026-09-20 11:30:00,32.27,32.27,32.27,1013,54,3.08,0,clear sky,0.0,0.0,Haryana,Kurukshetra
"Kurukshetra, Haryana",29.9729,76.8783,2026-09-20 14:30:00,34.85,34.85,34.85,1010,42,1.37,0,clear sky,0.0,0.0,Haryana,Kurukshetra
"Kurukshetra, Haryana",29.9729,76.8783,2026-09-20 17:30:00,32.29,32.29,32.29,1008,52,2.79,0,clear sky,0.0,0.0,Haryana,Kurukshetra
"Kurukshetra, Haryana",29.9729,76.8783,2026-09-20 20:30:00,28.01,28.01,28.01,1009,64,2.11,1,clear sky,0.0,0.0,Haryana,Kurukshetra
"Kurukshetra, Haryana",29.9729,76.8783,2026-09-20 23:30:00,26.39,26.39,26.39,1010,70,1.77,1,clear sky,0.0,0.0,Haryana,Kurukshetra
"Kurukshetra, Haryana",29.9729,76.8783,2026-09-21 02:30:00,25.33,25.33,25.33,1009,74,1.85,0,clear sky,0.0,0.0,Haryana,Kurukshetra
"Kurukshetra, Haryana",29.9729,76.8783,2026-09-21 05:30:00,24.36,24.36,24.36,1009,79,2.65,0,clear sky,0.0,0.0,Haryana,Kurukshetra
"Kurukshetra, Haryana",29.9729,76.8783,2026-09-21 08:30:00,28.28,28.28,28.28,1010,66,2.51,0,clear sky,0.0,0.0,Haryana,Kurukshetra
"Kurukshetra, Haryana",29.9729,76.8783,2026-09-21 11:30:00,33.49,33.49,33.49,1009,48,1.97,0,clear sky,0.0,0.0,Haryana,Kurukshetra
"Kurukshetra, Haryana",29.9729,76.8783,2026-09-21 14:30:00,36.58,36.58,36.58,1006,35,1.94,0,clear sky,0.0,0.0,Haryana,Kurukshetra
"Kurukshetra, Haryana",29.9729,76.8783,2026-09-21 17:30:00,32.95,32.95,32.95,1004,50,3.41,0,clear sky,0.0,0.0,Haryana,Kurukshetra
"Kurukshetra, Haryana",29.9729,76.8783,2026-09-21 20:30:00,28.52,28.52,28.52,1006,60,2.16,0,clear sky,0.0,0.0,Haryana,Kurukshetra
"Kurukshetra, Haryana",29.9729,76.8783,2026-09-21 23:30:00,26.74,26.74,26.74,1006,67,1.17,0,clear sky,0.0,0.0,Haryana,Kurukshetra
"Kurukshetra, Haryana",29.9729,76.8783,2026-09-22 02:30:00,25.53,25.53,25.53,1006,73,2.75,0,clear sky,0.0,0.0,Haryana,Kurukshetra
"Kurukshetra, Haryana",29.9729,76.8783,2026-09-22 05:30:00,24.55,24.55,24.55,1007,79,2.68,0,clear sky,0.0,0.0,Haryana,Kurukshetra
"Surat, Gujarat",21.1702,72.8311,2026-09-17 08:30:00,27.14,27.14,27.55,1009,87,4.48,19,few clouds,0.0,0.0,Gujarat,Surat
"Surat, Gujarat",21.1702,72.8311,2026-09-17 11:30:00,28.44,28.44,29.19,1010,81,5.98,25,light rain,0.42,37.0,Gujarat,Surat
"Surat, Gujarat",21.1702,72.8311,2026-09-17 14:30:00,29.48,29.48,29.48,1008,74,6.07,52,light rain,1.24,100.0,Gujarat,Surat
"Surat, Gujarat",21.1702,72.8311,2026-09-17 17:30:00,28.3,28.3,28.3,1009,80,4.99,42,scattered clouds,0.0,88.0,Gujarat,Surat
"Surat, Gujarat",21.1702,72.8311,2026-09-17 20:30:00,27.04,27.04,27.04,1010,86,4.46,30,scattered clouds,0.0,0.0,Gujarat,Surat
"Surat, Gujarat",21.1702,72.8311,2026-09-17 23:30:00,26.51,26.51,26.51,1010,86,4.26,38,scattered clouds,0.0,0.0,Gujarat,Surat
"Surat, Gujarat",21.1702,72.8311,2026-09-18 02:30:00,26.05,26.05,26.05,1008,88,4.11,50,light rain,0.5,94.0,Gujarat,Surat
"Surat, Gujarat",21.1702,72.8311,2026-09-18 05:30:00,25.8,25.8,25.8,1009,90,3.4,45,light rain,0.51,100.0,Gujarat,Surat
"Surat, Gujarat",21.1702,72.8311,2026-09-18 08:30:00,27.67,27.67,27.67,1011,84,3.89,10,light rain,2.2,100.0,Gujarat,Surat
"Surat, Gujarat",21.1702,72.8311,2026-09-18 11:30:00,29.5,29.5,29.5,1011,75,4.91,14,light rain,1.33,100.0,Gujarat,Surat
"Surat, Gujarat",21.1702,72.8311,2026-09-18 14:30:00,29.79,29.79,29.79,1008,71,5.27,22,light rain,0.22,57.99999999999999,Gujarat,Surat
"Surat, Gujarat",21.1702,72.8311,2026-09-18 17:30:00,28.54,28.54,28.54,1008,79,4.84,15,few clouds,0.0,23.0,Gujarat,Surat
"Surat, Gujarat",21.1702,72.8311,2026-09-18 20:30:00,26.83,26.83,26.83,1010,87,4.44,0,light rain,0.79,85.0,Gujarat,Surat
"Surat, Gujarat",21.1702,72.8311,2026-09-18 23:30:00,26.08,26.08,26.08,1010,88,4.1,19,light rain,2.03,100.0,Gujarat,Surat
"Surat, Gujarat",21.1702,72.8311,2026-09-19 02:30:00,25.83,25.83,25.83,1009,89,3.29,32,light rain,0.41,76.0,Gujarat,Surat
"Surat, Gujarat",21.1702,72.8311,2026-09-19 05:30:00,25.62,25.62,25.62,1010,88,2.42,27,light rain,0.99,100.0,Gujarat,Surat
"Surat, Gujarat",21.1702,72.8311,2026-09-19 08:30:00,27.0,27.0,27.0,1012,84,1.83,58,moderate rain,3.03,100.0,Gujarat,Surat
"Surat, Gujarat",21.1702,72.8311,2026-09-19 11:30:00,29.94,29.94,29.94,1012,69,2.35,45,light rain,0.35,100.0,Gujarat,Surat
"Surat, Gujarat",21.1702,72.8311,2026-09-19 14:30:00,30.14,30.14,30.14,1009,69,3.18,59,light rain,0.56,61.0,Gujarat,Surat
"Surat, Gujarat",21.1702,72.8311,2026-09-19 17:30:00,29.02,29.02,29.02,1009,75,2.77,39,scattered clouds,0.0,43.0,Gujarat,Surat
"Surat, Gujarat",21.1702,72.8311,2026-09-19 20:30:00,27.02,27.02,27.02,1011,81,2.62,2,clear sky,0.0,0.0,Gujarat,Surat
"Surat, Gujarat",21.1702,72.8311,2026-09-19 23:30:00,26.53,26.53,26.53,1011,84,2.98,2,clear sky,0.0,0.0,Gujarat,Surat
"Surat, Gujarat",21.1702,72.8311,2026-09-20 02:30:00,26.24,26.24,26.24,1010,86,2.76,0,clear sky,0.0,0.0,Gujarat,Surat
"Surat, Gujarat",21.1702,72.8311,2026-09-20 05:30:00,25.75,25.75,25.75,1010,88,2.83,0,clear sky,0.0,0.0,Gujarat,Surat
"Surat, Gujarat",21.1702,72.8311,2026-09-20 08:30:00,27.76,27.76,27.76,1012,81,3.41,1,light rain,0.15,23.0,Gujarat,Surat
"Surat, Gujarat",21.1702,72.8311,2026-09-20 11:30:00,30.71,30.71,30.71,1012,66,2.11,0,clear sky,0.0,0.0,Gujarat,Surat
"Surat, Gujarat",21.1702,72.8311,2026-09-20 14:30:00,30.99,30.99,30.99,1009,66,1.82,23,light rain,1.02,94.0,Gujarat,Surat
"Surat, Gujarat",21.1702,72.8311,2026-09-20 17:30:00,30.15,30.15,30.15,1009,73,2.17,23,light rain,0.74,89.0,Gujarat,Surat
"Surat, Gujarat",21.1702,72.8311,2026-09-20 20:30:00,27.29,27.29,27.29,1011,84,3.15,1,light rain,0.55,56.00000000000001,Gujarat,Surat
"Surat, Gujarat",21.1702,72.8311,2026-09-20 23:30:00,27.05,27.05,27.05,1011,85,2.72,6,light rain,0.13,47.0,Gujarat,Surat
"Surat, Gujarat",21.1702,72.8311,2026-09-21 02:30:00,26.71,26.71,26.71,1009,85,2.5,48,scattered clouds,0.0,0.0,Gujarat,Surat
"Surat, Gujarat",21.1702,72.8311,2026-09-21 05:30:00,26.24,26.24,26.24,1009,86,1.88,29,light rain,0.14,27.0,Gujarat,Surat
"Surat, Gujarat",21.1702,72.8311,2026-09-21 08:30:00,28.28,28.28,28.28,1011,79,0.87,0,light rain,0.26,48.0,Gujarat,Surat
"Surat, Gujarat",21.1702,72.8311,2026-09-21 11:30:00,31.36,31.36,31.36,1010,65,2.94,1,light rain,0.44,70.0,Gujarat,Surat
"Surat, Gujarat",21.1702,72.8311,2026-09-21 14:30:00,31.4,31.4,31.4,1008,65,3.04,26,light rain,0.4,49.0,Gujarat,Surat
"Surat, Gujarat",21.1702,72.8311,2026-09-21 17:30:00,29.5,29.5,29.5,1008,75,3.32,30,light rain,0.16,41.0,Gujarat,Surat
"Surat, Gujarat",21.1702,72.8311,2026-09-21 20:30:00,27.52,27.52,27.52,1009,81,3.31,6,light rain,0.19,27.0,Gujarat,Surat
"Surat, Gujarat",21.1702,72.8311,2026-09-21 23:30:00,27.21,27.21,27.21,1009,82,3.13,33,light rain,0.19,57.99999999999999,Gujarat,Surat
"Surat, Gujarat",21.1702,72.8311,2026-09-22 02:30:00,27.02,27.02,27.02,1008,83,1.82,3,light rain,0.54,100.0,Gujarat,Surat
"Surat, Gujarat",21.1702,72.8311,2026-09-22 05:30:00,26.47,26.47,26.47,1008,86,1.48,13,light rain,0.27,100.0,Gujarat,Surat
"Navsari, Gujarat",20.95,72.9333,2026-09-17 08:30:00,26.87,26.76,26.87,1010,89,4.57,22,few clouds,0.0,0.0,Gujarat,Navsari
"Navsari, Gujarat",20.95,72.9333,2026-09-17 11:30:00,28.22,28.22,28.87,1010,82,5.58,26,light rain,0.26,22.0,Gujarat,Navsari
"Navsari, Gujarat",20.95,72.9333,2026-09-17 14:30:00,28.87,28.87,28.87,1009,78,6.39,29,light rain,0.43,98.0,Gujarat,Navsari
"Navsari, Gujarat",20.95,72.9333,2026-09-17 17:30:00,27.91,27.91,27.91,1009,84,4.9,42,scattered clouds,0.0,47.0,Gujarat,Navsari
"Navsari, Gujarat",20.95,72.9333,2026-09-17 20:30:00,26.45,26.45,26.45,1010,89,4.01,85,light rain,0.18,20.0,Gujarat,Navsari
"Navsari, Gujarat",20.95,72.9333,2026-09-17 23:30:00,25.87,25.87,25.87,1010,91,3.96,87,light rain,0.24,39.0,Gujarat,Navsari
"Navsari, Gujarat",20.95,72.9333,2026-09-18 02:30:00,25.41,25.41,25.41,1008,93,3.81,89,light rain,1.12,100.0,Gujarat,Navsari
"Navsari, Gujarat",20.95,72.9333,2026-09-18 05:30:00,25.44,25.44,25.44,1009,92,3.71,61,light rain,0.63,100.0,Gujarat,Navsari
"Navsari, Gujarat",20.95,72.9333,2026-09-18 08:30:00,27.37,27.37,27.37,1011,86,4.11,13,light rain,1.09,100.0,Gujarat,Navsari
"Navsari, Gujarat",20.95,72.9333,2026-09-18 11:30:00,28.93,28.93,28.93,1011,78,5.04,16,light rain,1.6,100.0,Gujarat,Navsari
"Navsari, Gujarat",20.95,72.9333,2026-09-18 14:30:00,29.1,29.1,29.1,1009,76,5.31,22,few clouds,0.0,8.0,Gujarat,Navsari
"Navsari, Gujarat",20.95,72.9333,2026-09-18 17:30:00,27.96,27.96,27.96,1009,84,4.94,16,few clouds,0.0,0.0,Gujarat,Navsari
"Navsari, Gujarat",20.95,72.9333,2026-09-18 20:30:00,26.51,26.51,26.51,1010,89,4.19,2,light rain,0.34,54.0,Gujarat,Navsari
"Navsari, Gujarat",20.95,72.9333,2026-09-18 23:30:00,26.05,26.05,26.05,1011,89,4.08,2,light rain,0.61,70.0,Gujarat,Navsari
"Navsari, Gujarat",20.95,72.9333,2026-09-19 02:30:00,25.8,25.8,25.8,1010,89,3.32,1,light rain,0.58,69.0,Gujarat,Navsari
"Navsari, Gujarat",20.95,72.9333,2026-09-19 05:30:00,25.53,25.53,25.53,1010,89,2.69,3,light rain,0.99,95.0,Gujarat,Navsari
"Navsari, Gujarat",20.95,72.9333,2026-09-19 08:30:00,26.92,26.92,26.92,1012,85,2.63,22,light rain,1.49,100.0,Gujarat,Navsari
"Navsari, Gujarat",20.95,72.9333,2026-09-19 11:30:00,29.2,29.2,29.2,1012,72,3.36,21,light rain,0.7,100.0,Gujarat,Navsari
"Navsari, Gujarat",20.95,72.9333,2026-09-19 14:30:00,29.22,29.22,29.22,1010,72,4.12,22,few clouds,0.0,38.0,Gujarat,Navsari
"Navsari, Gujarat",20.95,72.9333,2026-09-19 17:30:00,28.3,28.3,28.3,1010,79,2.95,10,light rain,0.16,37.0,Gujarat,Navsari
"Navsari, Gujarat",20.95,72.9333,2026-09-19 20:30:00,26.64,26.64,26.64,1011,84,2.63,0,clear sky,0.0,0.0,Gujarat,Navsari
"Navsari, Gujarat",20.95,72.9333,2026-09-19 23:30:00,25.98,25.98,25.98,1011,86,2.93,1,clear sky,0.0,0.0,Gujarat,Navsari
"Navsari, Gujarat",20.95,72.9333,2026-09-20 02:30:00,25.57,25.57,25.57,1010,88,3.32,2,clear sky,0.0,0.0,Gujarat,Navsari
"Navsari, Gujarat",20.95,72.9333,2026-09-20 05:30:00,24.97,24.97,24.97,1010,90,3.0,1,clear sky,0.0,0.0,Gujarat,Navsari
"Navsari, Gujarat",20.95,72.9333,2026-09-20 08:30:00,26.69,26.69,26.69,1012,86,3.94,0,clear sky,0.0,0.0,Gujarat,Navsari
"Navsari, Gujarat",20.95,72.9333,2026-09-20 11:30:00,29.66,29.66,29.66,1012,74,3.08,0,light rain,0.1,20.0,Gujarat,Navsari
"Navsari, Gujarat",20.95,72.9333,2026-09-20 14:30:00,30.04,30.04,30.04,1010,71,2.28,13,light rain,0.47,70.0,Gujarat,Navsari
"Navsari, Gujarat",20.95,72.9333,2026-09-20 17:30:00,28.81,28.81,28.81,1010,80,2.83,17,light rain,0.78,74.0,Gujarat,Navsari
"Navsari, Gujarat",20.95,72.9333,2026-09-20 20:30:00,26.89,26.89,26.89,1011,86,3.19,2,light rain,0.34,51.0,Gujarat,Navsari
"Navsari, Gujarat",20.95,72.9333,2026-09-20 23:30:00,26.38,26.38,26.38,1011,87,2.98,0,light rain,0.26,47.0,Gujarat,Navsari
"Navsari, Gujarat",20.95,72.9333,2026-09-21 02:30:00,25.96,25.96,25.96,1009,89,2.89,9,clear sky,0.0,0.0,Gujarat,Navsari
"Navsari, Gujarat",20.95,72.9333,2026-09-21 05:30:00,25.39,25.39,25.39,1009,91,2.48,6,light rain,0.49,41.0,Gujarat,Navsari
"Navsari, Gujarat",20.95,72.9333,2026-09-21 08:30:00,27.22,27.22,27.22,1011,85,2.54,1,light rain,0.49,64.0,Gujarat,Navsari
"Navsari, Gujarat",20.95,72.9333,2026-09-21 11:30:00,30.06,30.06,30.06,1011,72,4.01,2,light rain,0.87,100.0,Gujarat,Navsari
"Navsari, Gujarat",20.95,72.9333,2026-09-21 14:30:00,29.64,29.64,29.64,1008,74,4.41,23,light rain,0.32,42.0,Gujarat,Navsari
"Navsari, Gujarat",20.95,72.9333,2026-09-21 17:30:00,28.32,28.32,28.32,1008,81,3.61,25,scattered clouds,0.0,25.0,Gujarat,Navsari
"Navsari, Gujarat",20.95,72.9333,2026-09-21 20:30:00,26.64,26.64,26.64,1009,86,3.72,32,light rain,0.28,45.0,Gujarat,Navsari
"Navsari, Gujarat",20.95,72.9333,2026-09-21 23:30:00,26.16,26.16,26.16,1010,88,3.49,29,light rain,0.39,52.0,Gujarat,Navsari
"Navsari, Gujarat",20.95,72.9333,2026-09-22 02:30:00,25.99,25.99,25.99,1008,90,2.85,3,light rain,0.42,90.0,Gujarat,Navsari
"Navsari, Gujarat",20.95,72.9333,2026-09-22 05:30:00,25.71,25.71,25.71,1008,91,3.1,20,light rain,0.45,75.0,Gujarat,Navsari
"Bharuch, Gujarat",21.7051,72.9959,2026-09-17 08:30:00,26.41,26.41,27.52,1010,89,4.11,16,few clouds,0.0,0.0,Gujarat,Bharuch
"Bharuch, Gujarat",21.7051,72.9959,2026-09-17 11:30:00,28.97,28.97,30.52,1010,77,5.56,30,light rain,0.68,46.0,Gujarat,Bharuch
"Bharuch, Gujarat",21.7051,72.9959,2026-09-17 14:30:00,30.12,30.12,30.12,1008,70,6.43,64,moderate rain,3.51,100.0,Gujarat,Bharuch
"Bharuch, Gujarat",21.7051,72.9959,2026-09-17 17:30:00,29.03,29.03,29.03,1008,76,5.88,61,broken clouds,0.0,78.0,Gujarat,Bharuch
"Bharuch, Gujarat",21.7051,72.9959,2026-09-17 20:30:00,27.25,27.25,27.25,1009,87,4.47,53,broken clouds,0.0,0.0,Gujarat,Bharuch
"Bharuch, Gujarat",21.7051,72.9959,2026-09-17 23:30:00,25.83,25.83,25.83,1010,90,4.2,35,scattered clouds,0.0,0.0,Gujarat,Bharuch
"Bharuch, Gujarat",21.7051,72.9959,2026-09-18 02:30:00,25.21,25.21,25.21,1008,92,3.19,14,light rain,0.1,23.0,Gujarat,Bharuch
"Bharuch, Gujarat",21.7051,72.9959,2026-09-18 05:30:00,25.69,25.69,25.69,1009,93,2.77,30,light rain,0.4,35.0,Gujarat,Bharuch
"Bharuch, Gujarat",21.7051,72.9959,2026-09-18 08:30:00,28.07,28.07,28.07,1011,82,4.01,25,light rain,0.78,94.0,Gujarat,Bharuch
"Bharuch, Gujarat",21.7051,72.9959,2026-09-18 11:30:00,30.97,30.97,30.97,1011,66,5.35,27,light rain,0.64,81.0,Gujarat,Bharuch
"Bharuch, Gujarat",21.7051,72.9959,2026-09-18 14:30:00,30.57,30.57,30.57,1008,64,5.71,47,light rain,0.48,53.0,Gujarat,Bharuch
"Bharuch, Gujarat",21.7051,72.9959,2026-09-18 17:30:00,28.8,28.8,28.8,1008,76,5.64,49,light rain,0.86,100.0,Gujarat,Bharuch
"Bharuch, Gujarat",21.7051,72.9959,2026-09-18 20:30:00,27.26,27.26,27.26,1010,87,4.15,97,light rain,0.49,72.0,Gujarat,Bharuch
"Bharuch, Gujarat",21.7051,72.9959,2026-09-18 23:30:00,26.05,26.05,26.05,1010,87,4.31,96,light rain,0.32,59.0,Gujarat,Bharuch
"Bharuch, Gujarat",21.7051,72.9959,2026-09-19 02:30:00,25.39,25.39,25.39,1009,88,3.1,32,light rain,0.98,85.0,Gujarat,Bharuch
"Bharuch, Gujarat",21.7051,72.9959,2026-09-19 05:30:00,25.29,25.29,25.29,1010,89,2.59,45,light rain,0.91,84.0,Gujarat,Bharuch
"Bharuch, Gujarat",21.7051,72.9959,2026-09-19 08:30:00,27.9,27.9,27.9,1012,78,2.34,44,light rain,2.21,100.0,Gujarat,Bharuch
"Bharuch, Gujarat",21.7051,72.9959,2026-09-19 11:30:00,30.53,30.53,30.53,1012,68,3.86,43,light rain,0.63,100.0,Gujarat,Bharuch
"Bharuch, Gujarat",21.7051,72.9959,2026-09-19 14:30:00,31.46,31.46,31.46,1009,62,4.12,87,light rain,0.32,50.0,Gujarat,Bharuch
"Bharuch, Gujarat",21.7051,72.9959,2026-09-19 17:30:00,30.76,30.76,30.76,1009,67,3.63,73,light rain,0.16,36.0,Gujarat,Bharuch
"Bharuch, Gujarat",21.7051,72.9959,2026-09-19 20:30:00,26.8,26.8,26.8,1011,83,3.18,62,light rain,0.21,39.0,Gujarat,Bharuch
"Bharuch, Gujarat",21.7051,72.9959,2026-09-19 23:30:00,26.42,26.42,26.42,1011,84,2.94,74,broken clouds,0.0,0.0,Gujarat,Bharuch
"Bharuch, Gujarat",21.7051,72.9959,2026-09-20 02:30:00,25.38,25.38,25.38,1010,88,2.98,59,broken clouds,0.0,11.0,Gujarat,Bharuch
"Bharuch, Gujarat",21.7051,72.9959,2026-09-20 05:30:00,24.88,24.88,24.88,1010,90,2.63,36,scattered clouds,0.0,0.0,Gujarat,Bharuch
"Bharuch, Gujarat",21.7051,72.9959,2026-09-20 08:30:00,27.12,27.12,27.12,1012,82,2.53,4,clear sky,0.0,0.0,Gujarat,Bharuch
"Bharuch, Gujarat",21.7051,72.9959,2026-09-20 11:30:00,31.02,31.02,31.02,1012,63,0.65,2,light rain,0.25,20.0,Gujarat,Bharuch
"Bharuch, Gujarat",21.7051,72.9959,2026-09-20 14:30:00,32.65,32.65,32.65,1009,56,2.1,19,light rain,1.35,100.0,Gujarat,Bharuch
"Bharuch, Gujarat",21.7051,72.9959,2026-09-20 17:30:00,31.31,31.31,31.31,1009,66,1.47,46,scattered clouds,0.0,73.0,Gujarat,Bharuch
"Bharuch, Gujarat",21.7051,72.9959,2026-09-20 20:30:00,28.09,28.09,28.09,1011,74,3.41,94,overcast clouds,0.0,2.0,Gujarat,Bharuch
"Bharuch, Gujarat",21.7051,72.9959,2026-09-20 23:30:00,27.18,27.18,27.18,1011,82,3.25,84,broken clouds,0.0,0.0,Gujarat,Bharuch
"Bharuch, Gujarat",21.7051,72.9959,2026-09-21 02:30:00,26.99,26.99,26.99,1009,83,2.81,44,scattered clouds,0.0,8.0,Gujarat,Bharuch
"Bharuch, Gujarat",21.7051,72.9959,2026-09-21 05:30:00,26.04,26.04,26.04,1009,87,2.86,62,light rain,0.19,31.0,Gujarat,Bharuch
"Bharuch, Gujarat",21.7051,72.9959,2026-09-21 08:30:00,27.79,27.79,27.79,1011,81,2.83,0,clear sky,0.0,0.0,Gujarat,Bharuch
"Bharuch, Gujarat",21.7051,72.9959,2026-09-21 11:30:00,31.86,31.86,31.86,1010,60,1.61,0,light rain,1.22,100.0,Gujarat,Bharuch
"Bharuch, Gujarat",21.7051,72.9959,2026-09-21 14:30:00,32.78,32.78,32.78,1007,59,3.1,42,light rain,0.94,100.0,Gujarat,Bharuch
"Bharuch, Gujarat",21.7051,72.9959,2026-09-21 17:30:00,30.7,30.7,30.7,1007,71,2.94,64,light rain,0.57,96.0,Gujarat,Bharuch
"Bharuch, Gujarat",21.7051,72.9959,2026-09-21 20:30:00,27.89,27.89,27.89,1008,81,3.39,80,light rain,0.17,27.0,Gujarat,Bharuch
"Bharuch, Gujarat",21.7051,72.9959,2026-09-21 23:30:00,25.15,25.15,25.15,1009,92,2.83,57,moderate rain,4.9,100.0,Gujarat,Bharuch
"Bharuch, Gujarat",21.7051,72.9959,2026-09-22 02:30:00,25.54,25.54,25.54,1008,90,2.77,18,light rain,2.79,100.0,Gujarat,Bharuch
"Bharuch, Gujarat",21.7051,72.9959,2026-09-22 05:30:00,25.17,25.17,25.17,1008,91,2.3,13,few clouds,0.0,80.0,Gujarat,Bharuch
"Valsad, Gujarat",20.5992,72.9342,2026-09-17 08:30:00,25.75,25.75,26.5,1010,90,4.04,18,few clouds,0.0,0.0,Gujarat,Valsad
"Valsad, Gujarat",20.5992,72.9342,2026-09-17 11:30:00,27.85,27.85,29.09,1010,81,4.92,21,light rain,0.19,23.0,Gujarat,Valsad
"Valsad, Gujarat",20.5992,72.9342,2026-09-17 14:30:00,28.55,28.55,28.55,1009,82,5.7,32,light rain,1.08,100.0,Gujarat,Valsad
"Valsad, Gujarat",20.5992,72.9342,2026-09-17 17:30:00,27.83,27.83,27.83,1009,84,4.14,29,light rain,0.13,69.0,Gujarat,Valsad
"Valsad, Gujarat",20.5992,72.9342,2026-09-17 20:30:00,26.23,26.23,26.23,1010,90,3.58,35,light rain,0.36,59.0,Gujarat,Valsad
"Valsad, Gujarat",20.5992,72.9342,2026-09-17 23:30:00,25.63,25.63,25.63,1010,92,3.73,32,light rain,0.36,59.0,Gujarat,Valsad
"Valsad, Gujarat",20.5992,72.9342,2026-09-18 02:30:00,25.32,25.32,25.32,1009,93,3.73,8,light rain,1.16,97.0,Gujarat,Valsad
"Valsad, Gujarat",20.5992,72.9342,2026-09-18 05:30:00,25.23,25.23,25.23,1009,92,3.47,11,light rain,1.09,93.0,Gujarat,Valsad
"Valsad, Gujarat",20.5992,72.9342,2026-09-18 08:30:00,26.94,26.94,26.94,1011,87,3.68,9,light rain,0.66,87.0,Gujarat,Valsad
"Valsad, Gujarat",20.5992,72.9342,2026-09-18 11:30:00,29.12,29.12,29.12,1011,76,4.53,13,light rain,0.95,100.0,Gujarat,Valsad
"Valsad, Gujarat",20.5992,72.9342,2026-09-18 14:30:00,29.25,29.25,29.25,1009,74,4.75,21,light rain,0.12,22.0,Gujarat,Valsad
"Valsad, Gujarat",20.5992,72.9342,2026-09-18 17:30:00,28.01,28.01,28.01,1009,82,4.31,12,few clouds,0.0,10.0,Gujarat,Valsad
"Valsad, Gujarat",20.5992,72.9342,2026-09-18 20:30:00,26.39,26.39,26.39,1010,88,3.75,1,light rain,0.35,57.99999999999999,Gujarat,Valsad
"Valsad, Gujarat",20.5992,72.9342,2026-09-18 23:30:00,25.77,25.77,25.77,1011,91,3.55,0,light rain,0.53,66.0,Gujarat,Valsad
"Valsad, Gujarat",20.5992,72.9342,2026-09-19 02:30:00,25.48,25.48,25.48,1010,92,2.99,5,light rain,0.71,87.0,Gujarat,Valsad
"Valsad, Gujarat",20.5992,72.9342,2026-09-19 05:30:00,25.15,25.15,25.15,1010,91,2.36,8,light rain,2.34,98.0,Gujarat,Valsad
"Valsad, Gujarat",20.5992,72.9342,2026-09-19 08:30:00,26.62,26.62,26.62,1012,87,2.8,10,light rain,0.55,92.0,Gujarat,Valsad
"Valsad, Gujarat",20.5992,72.9342,2026-09-19 11:30:00,28.84,28.84,28.84,1012,75,2.82,8,light rain,1.9,100.0,Gujarat,Valsad
"Valsad, Gujarat",20.5992,72.9342,2026-09-19 14:30:00,29.41,29.41,29.41,1010,71,3.71,32,light rain,0.13,37.0,Gujarat,Valsad
"Valsad, Gujarat",20.5992,72.9342,2026-09-19 17:30:00,28.04,28.04,28.04,1010,82,2.11,20,light rain,0.46,44.0,Gujarat,Valsad
"Valsad, Gujarat",20.5992,72.9342,2026-09-19 20:30:00,26.07,26.07,26.07,1011,88,1.74,0,light rain,0.6,81.0,Gujarat,Valsad
"Valsad, Gujarat",20.5992,72.9342,2026-09-19 23:30:00,25.46,25.46,25.46,1012,89,2.38,1,clear sky,0.0,46.0,Gujarat,Valsad
"Valsad, Gujarat",20.5992,72.9342,2026-09-20 02:30:00,25.09,25.09,25.09,1010,90,2.71,0,clear sky,0.0,0.0,Gujarat,Valsad
"Valsad, Gujarat",20.5992,72.9342,2026-09-20 05:30:00,24.78,24.78,24.78,1011,91,2.89,1,clear sky,0.0,0.0,Gujarat,Valsad
"Valsad, Gujarat",20.5992,72.9342,2026-09-20 08:30:00,26.47,26.47,26.47,1013,87,3.27,0,clear sky,0.0,0.0,Gujarat,Valsad
"Valsad, Gujarat",20.5992,72.9342,2026-09-20 11:30:00,28.93,28.93,28.93,1013,79,3.18,0,light rain,0.88,75.0,Gujarat,Valsad
"Valsad, Gujarat",20.5992,72.9342,2026-09-20 14:30:00,29.83,29.83,29.83,1010,72,3.17,6,light rain,0.1,23.0,Gujarat,Valsad
"Valsad, Gujarat",20.5992,72.9342,2026-09-20 17:30:00,28.53,28.53,28.53,1010,81,2.77,6,clear sky,0.0,0.0,Gujarat,Valsad
"Valsad, Gujarat",20.5992,72.9342,2026-09-20 20:30:00,26.65,26.65,26.65,1011,87,2.61,1,light rain,0.12,20.0,Gujarat,Valsad
"Valsad, Gujarat",20.5992,72.9342,2026-09-20 23:30:00,26.12,26.12,26.12,1012,89,2.29,0,light rain,0.33,36.0,Gujarat,Valsad
"Valsad, Gujarat",20.5992,72.9342,2026-09-21 02:30:00,25.65,25.65,25.65,1010,91,2.62,0,light rain,0.16,26.0,Gujarat,Valsad
"Valsad, Gujarat",20.5992,72.9342,2026-09-21 05:30:00,25.36,25.36,25.36,1010,90,2.36,1,light rain,1.12,76.0,Gujarat,Valsad
"Valsad, Gujarat",20.5992,72.9342,2026-09-21 08:30:00,26.98,26.98,26.98,1011,85,2.74,2,light rain,0.46,67.0,Gujarat,Valsad
"Valsad, Gujarat",20.5992,72.9342,2026-09-21 11:30:00,29.64,29.64,29.64,1011,74,3.56,7,light rain,0.33,71.0,Gujarat,Valsad
"Valsad, Gujarat",20.5992,72.9342,2026-09-21 14:30:00,29.66,29.66,29.66,1008,73,3.55,29,scattered clouds,0.0,0.0,Gujarat,Valsad
"Valsad, Gujarat",20.5992,72.9342,2026-09-21 17:30:00,28.37,28.37,28.37,1008,81,2.89,34,scattered clouds,0.0,0.0,Gujarat,Valsad
"Valsad, Gujarat",20.5992,72.9342,2026-09-21 20:30:00,26.54,26.54,26.54,1010,87,3.0,11,light rain,0.2,33.0,Gujarat,Valsad
"Valsad, Gujarat",20.5992,72.9342,2026-09-21 23:30:00,25.97,25.97,25.97,1010,90,3.22,7,light rain,0.24,39.0,Gujarat,Valsad
"Valsad, Gujarat",20.5992,72.9342,2026-09-22 02:30:00,25.88,25.88,25.88,1009,90,3.24,4,light rain,0.27,51.0,Gujarat,Valsad
"Valsad, Gujarat",20.5992,72.9342,2026-09-22 05:30:00,25.71,25.71,25.71,1009,91,2.96,14,light rain,0.42,56.99999999999999,Gujarat,Valsad
"East Godavari, Andhra Pradesh",17.284,81.9849,2026-09-17 08:30:00,27.22,27.22,28.78,1009,81,1.95,100,overcast clouds,0.0,0.0,Andhra Pradesh,East Godavari
"East Godavari, Andhra Pradesh",17.284,81.9849,2026-09-17 11:30:00,31.37,31.37,33.84,1009,64,3.01,100,overcast clouds,0.0,0.0,Andhra Pradesh,East Godavari
"East Godavari, Andhra Pradesh",17.284,81.9849,2026-09-17 14:30:00,33.75,33.75,33.75,1006,51,3.23,100,overcast clouds,0.0,0.0,Andhra Pradesh,East Godavari
"East Godavari, Andhra Pradesh",17.284,81.9849,2026-09-17 17:30:00,31.77,31.77,31.77,1006,57,4.0,87,overcast clouds,0.0,0.0,Andhra Pradesh,East Godavari
"East Godavari, Andhra Pradesh",17.284,81.9849,2026-09-17 20:30:00,28.46,28.46,28.46,1008,69,1.15,84,broken clouds,0.0,0.0,Andhra Pradesh,East Godavari
"East Godavari, Andhra Pradesh",17.284,81.9849,2026-09-17 23:30:00,27.26,27.26,27.26,1008,74,1.46,89,overcast clouds,0.0,0.0,Andhra Pradesh,East Godavari
"East Godavari, Andhra Pradesh",17.284,81.9849,2026-09-18 02:30:00,26.04,26.04,26.04,1007,80,1.16,98,overcast clouds,0.0,0.0,Andhra Pradesh,East Godavari
"East Godavari, Andhra Pradesh",17.284,81.9849,2026-09-18 05:30:00,25.32,25.32,25.32,1008,85,1.45,99,overcast clouds,0.0,0.0,Andhra Pradesh,East Godavari
"East Godavari, Andhra Pradesh",17.284,81.9849,2026-09-18 08:30:00,29.82,29.82,29.82,1010,68,2.12,87,light rain,0.56,78.0,Andhra Pradesh,East Godavari
"East Godavari, Andhra Pradesh",17.284,81.9849,2026-09-18 11:30:00,35.11,35.11,35.11,1008,46,2.8,92,light rain,0.15,55.00000000000001,Andhra Pradesh,East Godavari
"East Godavari, Andhra Pradesh",17.284,81.9849,2026-09-18 14:30:00,35.02,35.02,35.02,1004,45,4.22,73,broken clouds,0.0,0.0,Andhra Pradesh,East Godavari
"East Godavari, Andhra Pradesh",17.284,81.9849,2026-09-18 17:30:00,32.29,32.29,32.29,1005,56,4.32,74,broken clouds,0.0,0.0,Andhra Pradesh,East Godavari
"East Godavari, Andhra Pradesh",17.284,81.9849,2026-09-18 20:30:00,28.85,28.85,28.85,1008,70,2.04,78,broken clouds,0.0,0.0,Andhra Pradesh,East Godavari
"East Godavari, Andhra Pradesh",17.284,81.9849,2026-09-18 23:30:00,27.76,27.76,27.76,1008,74,1.6,82,broken clouds,0.0,0.0,Andhra Pradesh,East Godavari
"East Godavari, Andhra Pradesh",17.284,81.9849,2026-09-19 02:30:00,27.02,27.02,27.02,1006,75,1.63,71,broken clouds,0.0,0.0,Andhra Pradesh,East Godavari
"East Godavari, Andhra Pradesh",17.284,81.9849,2026-09-19 05:30:00,26.46,26.46,26.46,1008,76,0.44,51,broken clouds,0.0,0.0,Andhra Pradesh,East Godavari
"East Godavari, Andhra Pradesh",17.284,81.9849,2026-09-19 08:30:00,31.18,31.18,31.18,1010,60,0.37,80,broken clouds,0.0,0.0,Andhra Pradesh,East Godavari
"East Godavari, Andhra Pradesh",17.284,81.9849,2026-09-19 11:30:00,36.49,36.49,36.49,1008,44,1.13,89,overcast clouds,0.0,0.0,Andhra Pradesh,East Godavari
"East Godavari, Andhra Pradesh",17.284,81.9849,2026-09-19 14:30:00,32.1,32.1,32.1,1005,59,1.98,100,light rain,0.33,82.0,Andhra Pradesh,East Godavari
"East Godavari, Andhra Pradesh",17.284,81.9849,2026-09-19 17:30:00,27.39,27.39,27.39,1007,82,0.33,100,moderate rain,3.69,100.0,Andhra Pradesh,East Godavari
"East Godavari, Andhra Pradesh",17.284,81.9849,2026-09-19 20:30:00,26.44,26.44,26.44,1009,87,1.05,99,moderate rain,4.03,100.0,Andhra Pradesh,East Godavari
"East Godavari, Andhra Pradesh",17.284,81.9849,2026-09-19 23:30:00,26.24,26.24,26.24,1010,87,1.76,99,light rain,0.62,100.0,Andhra Pradesh,East Godavari
"East Godavari, Andhra Pradesh",17.284,81.9849,2026-09-20 02:30:00,25.77,25.77,25.77,1008,89,1.29,100,overcast clouds,0.0,23.0,Andhra Pradesh,East Godavari
"East Godavari, Andhra Pradesh",17.284,81.9849,2026-09-20 05:30:00,25.32,25.32,25.32,1008,89,1.37,100,overcast clouds,0.0,12.0,Andhra Pradesh,East Godavari
"East Godavari, Andhra Pradesh",17.284,81.9849,2026-09-20 08:30:00,29.37,29.37,29.37,1011,70,2.71,100,overcast clouds,0.0,0.0,Andhra Pradesh,East Godavari
"East Godavari, Andhra Pradesh",17.284,81.9849,2026-09-20 11:30:00,33.16,33.16,33.16,1009,54,2.69,100,light rain,0.99,79.0,Andhra Pradesh,East Godavari
"East Godavari, Andhra Pradesh",17.284,81.9849,2026-09-20 14:30:00,29.97,29.97,29.97,1007,71,3.06,92,moderate rain,3.83,100.0,Andhra Pradesh,East Godavari
"East Godavari, Andhra Pradesh",17.284,81.9849,2026-09-20 17:30:00,28.06,28.06,28.06,1008,78,2.16,96,moderate rain,3.48,100.0,Andhra Pradesh,East Godavari
"East Godavari, Andhra Pradesh",17.284,81.9849,2026-09-20 20:30:00,25.5,25.5,25.5,1010,90,1.61,100,light rain,0.44,65.0,Andhra Pradesh,East Godavari
"East Godavari, Andhra Pradesh",17.284,81.9849,2026-09-20 23:30:00,25.07,25.07,25.07,1010,93,1.46,100,overcast clouds,0.0,48.0,Andhra Pradesh,East Godavari
"East Godavari, Andhra Pradesh",17.284,81.9849,2026-09-21 02:30:00,24.35,24.35,24.35,1007,94,1.18,64,broken clouds,0.0,0.0,Andhra Pradesh,East Godavari
"East Godavari, Andhra Pradesh",17.284,81.9849,2026-09-21 05:30:00,24.1,24.1,24.1,1008,94,0.85,39,scattered clouds,0.0,0.0,Andhra Pradesh,East Godavari
"East Godavari, Andhra Pradesh",17.284,81.9849,2026-09-21 08:30:00,28.6,28.6,28.6,1009,73,0.9,26,scattered clouds,0.0,0.0,Andhra Pradesh,East Godavari
"East Godavari, Andhra Pradesh",17.284,81.9849,2026-09-21 11:30:00,33.63,33.63,33.63,1008,53,1.15,25,scattered clouds,0.0,3.0,Andhra Pradesh,East Godavari
"East Godavari, Andhra Pradesh",17.284,81.9849,2026-09-21 14:30:00,28.77,28.77,28.77,1005,74,1.81,79,light rain,1.23,100.0,Andhra Pradesh,East Godavari
"East Godavari, Andhra Pradesh",17.284,81.9849,2026-09-21 17:30:00,27.89,27.89,27.89,1006,80,0.04,87,light rain,1.34,100.0,Andhra Pradesh,East Godavari
"East Godavari, Andhra Pradesh",17.284,81.9849,2026-09-21 20:30:00,26.36,26.36,26.36,1008,85,0.84,99,overcast clouds,0.0,0.0,Andhra Pradesh,East Godavari
"East Godavari, Andhra Pradesh",17.284,81.9849,2026-09-21 23:30:00,24.94,24.94,24.94,1007,92,0.25,71,light rain,0.59,26.0,Andhra Pradesh,East Godavari
"East Godavari, Andhra Pradesh",17.284,81.9849,2026-09-22 02:30:00,24.4,24.4,24.4,1005,94,1.21,18,light rain,1.77,100.0,Andhra Pradesh,East Godavari
"East Godavari, Andhra Pradesh",17.284,81.9849,2026-09-22 05:30:00,24.26,24.26,24.26,1006,93,1.13,57,broken clouds,0.0,72.0,Andhra Pradesh,East Godavari
"West Godavari, Andhra Pradesh",16.7148,81.1027,2026-09-17 08:30:00,27.74,27.74,30.29,1009,84,2.23,96,overcast clouds,0.0,0.0,Andhra Pradesh,West Godavari
"West Godavari, Andhra Pradesh",16.7148,81.1027,2026-09-17 11:30:00,31.52,31.52,34.05,1009,67,2.95,69,broken clouds,0.0,0.0,Andhra Pradesh,West Godavari
"West Godavari, Andhra Pradesh",16.7148,81.1027,2026-09-17 14:30:00,35.75,35.75,35.75,1006,49,1.96,51,broken clouds,0.0,0.0,Andhra Pradesh,West Godavari
"West Godavari, Andhra Pradesh",16.7148,81.1027,2026-09-17 17:30:00,31.18,31.18,31.18,1006,67,1.89,76,broken clouds,0.0,0.0,Andhra Pradesh,West Godavari
"West Godavari, Andhra Pradesh",16.7148,81.1027,2026-09-17 20:30:00,28.72,28.72,28.72,1008,77,1.56,100,overcast clouds,0.0,0.0,Andhra Pradesh,West Godavari
"West Godavari, Andhra Pradesh",16.7148,81.1027,2026-09-17 23:30:00,27.28,27.28,27.28,1008,87,2.12,99,light rain,0.91,87.0,Andhra Pradesh,West Godavari
"West Godavari, Andhra Pradesh",16.7148,81.1027,2026-09-18 02:30:00,26.99,26.99,26.99,1007,89,1.59,84,broken clouds,0.0,0.0,Andhra Pradesh,West Godavari
"West Godavari, Andhra Pradesh",16.7148,81.1027,2026-09-18 05:30:00,26.96,26.96,26.96,1008,91,1.63,88,overcast clouds,0.0,0.0,Andhra Pradesh,West Godavari
"West Godavari, Andhra Pradesh",16.7148,81.1027,2026-09-18 08:30:00,31.71,31.71,31.71,1010,70,1.03,46,scattered clouds,0.0,0.0,Andhra Pradesh,West Godavari
"West Godavari, Andhra Pradesh",16.7148,81.1027,2026-09-18 11:30:00,35.68,35.68,35.68,1008,52,2.69,38,scattered clouds,0.0,26.0,Andhra Pradesh,West Godavari
"West Godavari, Andhra Pradesh",16.7148,81.1027,2026-09-18 14:30:00,35.6,35.6,35.6,1005,55,4.1,64,light rain,0.14,20.0,Andhra Pradesh,West Godavari
"West Godavari, Andhra Pradesh",16.7148,81.1027,2026-09-18 17:30:00,32.17,32.17,32.17,1005,64,2.94,81,broken clouds,0.0,0.0,Andhra Pradesh,West Godavari
"West Godavari, Andhra Pradesh",16.7148,81.1027,2026-09-18 20:30:00,30.18,30.18,30.18,1008,71,3.06,75,broken clouds,0.0,0.0,Andhra Pradesh,West Godavari
"West Godavari, Andhra Pradesh",16.7148,81.1027,2026-09-18 23:30:00,28.45,28.45,28.45,1008,74,2.37,86,overcast clouds,0.0,0.0,Andhra Pradesh,West Godavari
"West Godavari, Andhra Pradesh",16.7148,81.1027,2026-09-19 02:30:00,26.25,26.25,26.25,1007,86,1.72,62,light rain,2.15,100.0,Andhra Pradesh,West Godavari
"West Godavari, Andhra Pradesh",16.7148,81.1027,2026-09-19 05:30:00,26.1,26.1,26.1,1008,88,2.51,64,light rain,0.87,99.0,Andhra Pradesh,West Godavari
"West Godavari, Andhra Pradesh",16.7148,81.1027,2026-09-19 08:30:00,30.3,30.3,30.3,1010,73,2.91,99,overcast clouds,0.0,0.0,Andhra Pradesh,West Godavari
"West Godavari, Andhra Pradesh",16.7148,81.1027,2026-09-19 11:30:00,33.72,33.72,33.72,1009,58,2.86,99,light rain,1.58,92.0,Andhra Pradesh,West Godavari
"West Godavari, Andhra Pradesh",16.7148,81.1027,2026-09-19 14:30:00,34.1,34.1,34.1,1006,54,3.88,100,light rain,0.49,55.00000000000001,Andhra Pradesh,West Godavari
"West Godavari, Andhra Pradesh",16.7148,81.1027,2026-09-19 17:30:00,30.73,30.73,30.73,1006,72,3.27,100,overcast clouds,0.0,17.0,Andhra Pradesh,West Godavari
"West Godavari, Andhra Pradesh",16.7148,81.1027,2026-09-19 20:30:00,28.73,28.73,28.73,1009,77,2.72,100,light rain,0.29,32.0,Andhra Pradesh,West Godavari
"West Godavari, Andhra Pradesh",16.7148,81.1027,2026-09-19 23:30:00,27.4,27.4,27.4,1009,82,2.58,100,light rain,0.16,30.0,Andhra Pradesh,West Godavari
"West Godavari, Andhra Pradesh",16.7148,81.1027,2026-09-20 02:30:00,25.6,25.6,25.6,1007,90,2.22,100,moderate rain,7.69,100.0,Andhra Pradesh,West Godavari
"West Godavari, Andhra Pradesh",16.7148,81.1027,2026-09-20 05:30:00,26.11,26.11,26.11,1008,88,2.41,95,light rain,0.21,100.0,Andhra Pradesh,West Godavari
"West Godavari, Andhra Pradesh",16.7148,81.1027,2026-09-20 08:30:00,29.37,29.37,29.37,1010,76,3.31,79,broken clouds,0.0,0.0,Andhra Pradesh,West Godavari
"West Godavari, Andhra Pradesh",16.7148,81.1027,2026-09-20 11:30:00,31.5,31.5,31.5,1010,68,2.91,89,light rain,1.99,100.0,Andhra Pradesh,West Godavari
"West Godavari, Andhra Pradesh",16.7148,81.1027,2026-09-20 14:30:00,31.16,31.16,31.16,1007,69,1.86,99,moderate rain,3.2,100.0,Andhra Pradesh,West Godavari
"West Godavari, Andhra Pradesh",16.7148,81.1027,2026-09-20 17:30:00,28.76,28.76,28.76,1008,81,2.36,77,light rain,2.62,100.0,Andhra Pradesh,West Godavari
"West Godavari, Andhra Pradesh",16.7148,81.1027,2026-09-20 20:30:00,25.89,25.89,25.89,1010,92,2.26,53,light rain,2.69,100.0,Andhra Pradesh,West Godavari
"West Godavari, Andhra Pradesh",16.7148,81.1027,2026-09-20 23:30:00,25.29,25.29,25.29,1010,94,1.1,72,light rain,2.92,100.0,Andhra Pradesh,West Godavari
"West Godavari, Andhra Pradesh",16.7148,81.1027,2026-09-21 02:30:00,25.15,25.15,25.15,1007,94,1.49,100,overcast clouds,0.0,8.0,Andhra Pradesh,West Godavari
"West Godavari, Andhra Pradesh",16.7148,81.1027,2026-09-21 05:30:00,24.67,24.67,24.67,1008,95,1.03,90,overcast clouds,0.0,0.0,Andhra Pradesh,West Godavari
"West Godavari, Andhra Pradesh",16.7148,81.1027,2026-09-21 08:30:00,28.35,28.35,28.35,1009,80,1.76,27,scattered clouds,0.0,0.0,Andhra Pradesh,West Godavari
"West Godavari, Andhra Pradesh",16.7148,81.1027,2026-09-21 11:30:00,33.3,33.3,33.3,1008,57,0.45,37,scattered clouds,0.0,1.0,Andhra Pradesh,West Godavari
"West Godavari, Andhra Pradesh",16.7148,81.1027,2026-09-21 14:30:00,30.78,30.78,30.78,1005,69,3.07,70,light rain,1.25,100.0,Andhra Pradesh,West Godavari
"West Godavari, Andhra Pradesh",16.7148,81.1027,2026-09-21 17:30:00,28.45,28.45,28.45,1006,82,2.17,70,moderate rain,3.11,100.0,Andhra Pradesh,West Godavari
"West Godavari, Andhra Pradesh",16.7148,81.1027,2026-09-21 20:30:00,26.2,26.2,26.2,1008,89,2.0,55,light rain,0.43,70.0,Andhra Pradesh,West Godavari
"West Godavari, Andhra Pradesh",16.7148,81.1027,2026-09-21 23:30:00,25.59,25.59,25.59,1007,90,1.54,77,broken clouds,0.0,45.0,Andhra Pradesh,West Godavari
"West Godavari, Andhra Pradesh",16.7148,81.1027,2026-09-22 02:30:00,25.16,25.16,25.16,1005,92,1.05,60,broken clouds,0.0,0.0,Andhra Pradesh,West Godavari
"West Godavari, Andhra Pradesh",16.7148,81.1027,2026-09-22 05:30:00,25.06,25.06,25.06,1006,92,0.33,49,scattered clouds,0.0,0.0,Andhra Pradesh,West Godavari
"Krishna, Andhra Pradesh",16.5193,80.6305,2026-09-17 08:30:00,28.63,28.63,31.22,1009,85,2.68,61,broken clouds,0.0,0.0,Andhra Pradesh,Krishna
"Krishna, Andhra Pradesh",16.5193,80.6305,2026-09-17 11:30:00,31.91,31.91,34.2,1009,68,2.76,35,scattered clouds,0.0,0.0,Andhra Pradesh,Krishna
"Krishna, Andhra Pradesh",16.5193,80.6305,2026-09-17 14:30:00,36.4,36.4,36.4,1006,48,0.46,54,broken clouds,0.0,0.0,Andhra Pradesh,Krishna
"Krishna, Andhra Pradesh",16.5193,80.6305,2026-09-17 17:30:00,31.48,31.48,31.48,1006,71,1.77,78,broken clouds,0.0,0.0,Andhra Pradesh,Krishna
"Krishna, Andhra Pradesh",16.5193,80.6305,2026-09-17 20:30:00,29.54,29.54,29.54,1008,76,1.0,96,overcast clouds,0.0,0.0,Andhra Pradesh,Krishna
"Krishna, Andhra Pradesh",16.5193,80.6305,2026-09-17 23:30:00,28.5,28.5,28.5,1008,81,1.65,98,overcast clouds,0.0,0.0,Andhra Pradesh,Krishna
"Krishna, Andhra Pradesh",16.5193,80.6305,2026-09-18 02:30:00,28.07,28.07,28.07,1007,87,0.62,86,overcast clouds,0.0,0.0,Andhra Pradesh,Krishna
"Krishna, Andhra Pradesh",16.5193,80.6305,2026-09-18 05:30:00,28.23,28.23,28.23,1008,87,0.81,87,overcast clouds,0.0,0.0,Andhra Pradesh,Krishna
"Krishna, Andhra Pradesh",16.5193,80.6305,2026-09-18 08:30:00,32.75,32.75,32.75,1010,68,0.64,82,broken clouds,0.0,0.0,Andhra Pradesh,Krishna
"Krishna, Andhra Pradesh",16.5193,80.6305,2026-09-18 11:30:00,36.1,36.1,36.1,1008,51,2.27,86,overcast clouds,0.0,0.0,Andhra Pradesh,Krishna
"Krishna, Andhra Pradesh",16.5193,80.6305,2026-09-18 14:30:00,35.51,35.51,35.51,1005,66,3.12,93,light rain,0.33,50.0,Andhra Pradesh,Krishna
"Krishna, Andhra Pradesh",16.5193,80.6305,2026-09-18 17:30:00,32.14,32.14,32.14,1005,65,2.97,79,broken clouds,0.0,0.0,Andhra Pradesh,Krishna
"Krishna, Andhra Pradesh",16.5193,80.6305,2026-09-18 20:30:00,30.97,30.97,30.97,1008,66,2.45,100,overcast clouds,0.0,0.0,Andhra Pradesh,Krishna
"Krishna, Andhra Pradesh",16.5193,80.6305,2026-09-18 23:30:00,28.51,28.51,28.51,1008,75,1.44,79,broken clouds,0.0,32.0,Andhra Pradesh,Krishna
"Krishna, Andhra Pradesh",16.5193,80.6305,2026-09-19 02:30:00,27.36,27.36,27.36,1007,80,1.2,92,light rain,0.21,44.0,Andhra Pradesh,Krishna
"Krishna, Andhra Pradesh",16.5193,80.6305,2026-09-19 05:30:00,26.98,26.98,26.98,1008,81,0.72,93,overcast clouds,0.0,34.0,Andhra Pradesh,Krishna
"Krishna, Andhra Pradesh",16.5193,80.6305,2026-09-19 08:30:00,30.5,30.5,30.5,1010,70,1.21,100,overcast clouds,0.0,0.0,Andhra Pradesh,Krishna
"Krishna, Andhra Pradesh",16.5193,80.6305,2026-09-19 11:30:00,34.16,34.16,34.16,1009,54,2.94,100,overcast clouds,0.0,12.0,Andhra Pradesh,Krishna
"Krishna, Andhra Pradesh",16.5193,80.6305,2026-09-19 14:30:00,35.59,35.59,35.59,1005,47,2.91,100,overcast clouds,0.0,0.0,Andhra Pradesh,Krishna
"Krishna, Andhra Pradesh",16.5193,80.6305,2026-09-19 17:30:00,31.36,31.36,31.36,1006,70,2.69,100,light rain,0.12,20.0,Andhra Pradesh,Krishna
"Krishna, Andhra Pradesh",16.5193,80.6305,2026-09-19 20:30:00,29.19,29.19,29.19,1008,73,1.91,100,overcast clouds,0.0,0.0,Andhra Pradesh,Krishna
"Krishna, Andhra Pradesh",16.5193,80.6305,2026-09-19 23:30:00,28.44,28.44,28.44,1009,75,1.58,100,overcast clouds,0.0,0.0,Andhra Pradesh,Krishna
"Krishna, Andhra Pradesh",16.5193,80.6305,2026-09-20 02:30:00,26.97,26.97,26.97,1007,82,2.12,100,light rain,0.57,60.0,Andhra Pradesh,Krishna
"Krishna, Andhra Pradesh",16.5193,80.6305,2026-09-20 05:30:00,26.24,26.24,26.24,1008,86,1.4,100,light rain,0.31,53.0,Andhra Pradesh,Krishna
"Krishna, Andhra Pradesh",16.5193,80.6305,2026-09-20 08:30:00,29.95,29.95,29.95,1010,71,2.36,96,overcast clouds,0.0,0.0,Andhra Pradesh,Krishna
"Krishna, Andhra Pradesh",16.5193,80.6305,2026-09-20 11:30:00,31.97,31.97,31.97,1010,65,3.3,96,moderate rain,4.43,100.0,Andhra Pradesh,Krishna
"Krishna, Andhra Pradesh",16.5193,80.6305,2026-09-20 14:30:00,32.64,32.64,32.64,1007,61,2.52,88,light rain,2.93,100.0,Andhra Pradesh,Krishna
"Krishna, Andhra Pradesh",16.5193,80.6305,2026-09-20 17:30:00,29.28,29.28,29.28,1008,79,2.36,58,moderate rain,3.2,100.0,Andhra Pradesh,Krishna
"Krishna, Andhra Pradesh",16.5193,80.6305,2026-09-20 20:30:00,25.3,25.3,25.3,1010,92,1.79,68,moderate rain,3.24,100.0,Andhra Pradesh,Krishna
"Krishna, Andhra Pradesh",16.5193,80.6305,2026-09-20 23:30:00,25.31,25.31,25.31,1010,91,1.4,84,light rain,1.15,100.0,Andhra Pradesh,Krishna
"Krishna, Andhra Pradesh",16.5193,80.6305,2026-09-21 02:30:00,25.08,25.08,25.08,1007,91,1.09,100,overcast clouds,0.0,8.0,Andhra Pradesh,Krishna
"Krishna, Andhra Pradesh",16.5193,80.6305,2026-09-21 05:30:00,24.91,24.91,24.91,1008,92,1.0,100,overcast clouds,0.0,2.0,Andhra Pradesh,Krishna
"Krishna, Andhra Pradesh",16.5193,80.6305,2026-09-21 08:30:00,28.67,28.67,28.67,1009,78,0.87,70,broken clouds,0.0,0.0,Andhra Pradesh,Krishna
"Krishna, Andhra Pradesh",16.5193,80.6305,2026-09-21 11:30:00,32.52,32.52,32.52,1008,62,0.58,57,light rain,1.2,100.0,Andhra Pradesh,Krishna
"Krishna, Andhra Pradesh",16.5193,80.6305,2026-09-21 14:30:00,31.84,31.84,31.84,1005,64,2.15,51,light rain,2.93,100.0,Andhra Pradesh,Krishna
"Krishna, Andhra Pradesh",16.5193,80.6305,2026-09-21 17:30:00,29.85,29.85,29.85,1005,76,1.73,47,light rain,1.46,100.0,Andhra Pradesh,Krishna
"Krishna, Andhra Pradesh",16.5193,80.6305,2026-09-21 20:30:00,26.61,26.61,26.61,1007,87,2.0,93,light rain,2.6,100.0,Andhra Pradesh,Krishna
"Krishna, Andhra Pradesh",16.5193,80.6305,2026-09-21 23:30:00,25.67,25.67,25.67,1007,92,1.37,97,light rain,0.15,99.0,Andhra Pradesh,Krishna
"Krishna, Andhra Pradesh",16.5193,80.6305,2026-09-22 02:30:00,25.39,25.39,25.39,1005,92,0.6,92,overcast clouds,0.0,0.0,Andhra Pradesh,Krishna
"Krishna, Andhra Pradesh",16.5193,80.6305,2026-09-22 05:30:00,25.22,25.22,25.22,1006,91,0.47,78,broken clouds,0.0,0.0,Andhra Pradesh,Krishna
"Visakhapatnam, Andhra Pradesh",17.6868,83.2185,2026-09-17 08:30:00,27.47,27.47,28.84,1009,94,2.41,94,light rain,1.12,77.0,Andhra Pradesh,Visakhapatnam
"Visakhapatnam, Andhra Pradesh",17.6868,83.2185,2026-09-17 11:30:00,31.35,31.35,33.64,1009,77,2.96,97,overcast clouds,0.0,59.0,Andhra Pradesh,Visakhapatnam
"Visakhapatnam, Andhra Pradesh",17.6868,83.2185,2026-09-17 14:30:00,32.67,32.67,32.67,1006,60,4.1,100,overcast clouds,0.0,1.0,Andhra Pradesh,Visakhapatnam
"Visakhapatnam, Andhra Pradesh",17.6868,83.2185,2026-09-17 17:30:00,29.81,29.81,29.81,1006,74,3.9,94,light rain,0.24,21.0,Andhra Pradesh,Visakhapatnam
"Visakhapatnam, Andhra Pradesh",17.6868,83.2185,2026-09-17 20:30:00,29.05,29.05,29.05,1008,78,2.74,100,light rain,0.26,37.0,Andhra Pradesh,Visakhapatnam
"Visakhapatnam, Andhra Pradesh",17.6868,83.2185,2026-09-17 23:30:00,28.58,28.58,28.58,1008,83,1.26,100,light rain,0.24,36.0,Andhra Pradesh,Visakhapatnam
"Visakhapatnam, Andhra Pradesh",17.6868,83.2185,2026-09-18 02:30:00,28.25,28.25,28.25,1006,82,1.36,100,overcast clouds,0.0,0.0,Andhra Pradesh,Visakhapatnam
"Visakhapatnam, Andhra Pradesh",17.6868,83.2185,2026-09-18 05:30:00,27.75,27.75,27.75,1008,79,2.07,94,light rain,0.65,37.0,Andhra Pradesh,Visakhapatnam
"Visakhapatnam, Andhra Pradesh",17.6868,83.2185,2026-09-18 08:30:00,30.35,30.35,30.35,1010,66,2.24,100,overcast clouds,0.0,0.0,Andhra Pradesh,Visakhapatnam
"Visakhapatnam, Andhra Pradesh",17.6868,83.2185,2026-09-18 11:30:00,33.43,33.43,33.43,1008,56,2.05,100,overcast clouds,0.0,0.0,Andhra Pradesh,Visakhapatnam
"Visakhapatnam, Andhra Pradesh",17.6868,83.2185,2026-09-18 14:30:00,33.19,33.19,33.19,1005,57,3.27,97,overcast clouds,0.0,0.0,Andhra Pradesh,Visakhapatnam
"Visakhapatnam, Andhra Pradesh",17.6868,83.2185,2026-09-18 17:30:00,30.86,30.86,30.86,1006,67,3.07,98,overcast clouds,0.0,0.0,Andhra Pradesh,Visakhapatnam
"Visakhapatnam, Andhra Pradesh",17.6868,83.2185,2026-09-18 20:30:00,29.77,29.77,29.77,1008,73,1.15,95,light rain,0.11,20.0,Andhra Pradesh,Visakhapatnam
"Visakhapatnam, Andhra Pradesh",17.6868,83.2185,2026-09-18 23:30:00,29.34,29.34,29.34,1008,75,0.43,66,broken clouds,0.0,0.0,Andhra Pradesh,Visakhapatnam
"Visakhapatnam, Andhra Pradesh",17.6868,83.2185,2026-09-19 02:30:00,28.85,28.85,28.85,1006,76,0.86,66,broken clouds,0.0,0.0,Andhra Pradesh,Visakhapatnam
"Visakhapatnam, Andhra Pradesh",17.6868,83.2185,2026-09-19 05:30:00,28.43,28.43,28.43,1007,77,0.59,69,broken clouds,0.0,7.000000000000001,Andhra Pradesh,Visakhapatnam
"Visakhapatnam, Andhra Pradesh",17.6868,83.2185,2026-09-19 08:30:00,31.6,31.6,31.6,1010,65,1.14,23,light rain,0.1,20.0,Andhra Pradesh,Visakhapatnam
"Visakhapatnam, Andhra Pradesh",17.6868,83.2185,2026-09-19 11:30:00,32.08,32.08,32.08,1009,63,3.24,53,light rain,1.95,80.0,Andhra Pradesh,Visakhapatnam
"Visakhapatnam, Andhra Pradesh",17.6868,83.2185,2026-09-19 14:30:00,32.43,32.43,32.43,1006,59,3.78,85,overcast clouds,0.0,9.0,Andhra Pradesh,Visakhapatnam
"Visakhapatnam, Andhra Pradesh",17.6868,83.2185,2026-09-19 17:30:00,30.77,30.77,30.77,1007,67,2.99,75,broken clouds,0.0,30.0,Andhra Pradesh,Visakhapatnam
"Visakhapatnam, Andhra Pradesh",17.6868,83.2185,2026-09-19 20:30:00,28.69,28.69,28.69,1010,80,1.69,90,light rain,2.22,100.0,Andhra Pradesh,Visakhapatnam
"Visakhapatnam, Andhra Pradesh",17.6868,83.2185,2026-09-19 23:30:00,28.1,28.1,28.1,1010,82,1.53,95,light rain,2.79,100.0,Andhra Pradesh,Visakhapatnam
"Visakhapatnam, Andhra Pradesh",17.6868,83.2185,2026-09-20 02:30:00,27.71,27.71,27.71,1008,84,1.71,100,light rain,0.32,57.99999999999999,Andhra Pradesh,Visakhapatnam
"Visakhapatnam, Andhra Pradesh",17.6868,83.2185,2026-09-20 05:30:00,27.05,27.05,27.05,1009,86,2.44,100,light rain,0.28,45.0,Andhra Pradesh,Visakhapatnam
"Visakhapatnam, Andhra Pradesh",17.6868,83.2185,2026-09-20 08:30:00,29.17,29.17,29.17,1011,73,4.08,100,light rain,0.16,27.0,Andhra Pradesh,Visakhapatnam
"Visakhapatnam, Andhra Pradesh",17.6868,83.2185,2026-09-20 11:30:00,31.05,31.05,31.05,1010,66,5.1,92,overcast clouds,0.0,18.0,Andhra Pradesh,Visakhapatnam
"Visakhapatnam, Andhra Pradesh",17.6868,83.2185,2026-09-20 14:30:00,30.95,30.95,30.95,1007,66,4.22,96,light rain,0.3,64.0,Andhra Pradesh,Visakhapatnam
"Visakhapatnam, Andhra Pradesh",17.6868,83.2185,2026-09-20 17:30:00,29.17,29.17,29.17,1008,74,3.19,96,light rain,0.74,85.0,Andhra Pradesh,Visakhapatnam
"Visakhapatnam, Andhra Pradesh",17.6868,83.2185,2026-09-20 20:30:00,27.64,27.64,27.64,1010,86,1.62,100,light rain,2.74,100.0,Andhra Pradesh,Visakhapatnam
"Visakhapatnam, Andhra Pradesh",17.6868,83.2185,2026-09-20 23:30:00,27.14,27.14,27.14,1010,87,1.07,68,light rain,0.21,100.0,Andhra Pradesh,Visakhapatnam
"Visakhapatnam, Andhra Pradesh",17.6868,83.2185,2026-09-21 02:30:00,26.19,26.19,26.19,1007,90,1.78,26,scattered clouds,0.0,0.0,Andhra Pradesh,Visakhapatnam
"Visakhapatnam, Andhra Pradesh",17.6868,83.2185,2026-09-21 05:30:00,25.98,25.98,25.98,1008,89,1.43,37,scattered clouds,0.0,0.0,Andhra Pradesh,Visakhapatnam
"Visakhapatnam, Andhra Pradesh",17.6868,83.2185,2026-09-21 08:30:00,28.62,28.62,28.62,1009,75,1.19,52,broken clouds,0.0,0.0,Andhra Pradesh,Visakhapatnam
"Visakhapatnam, Andhra Pradesh",17.6868,83.2185,2026-09-21 11:30:00,31.31,31.31,31.31,1008,62,3.51,57,broken clouds,0.0,0.0,Andhra Pradesh,Visakhapatnam
"Visakhapatnam, Andhra Pradesh",17.6868,83.2185,2026-09-21 14:30:00,30.97,30.97,30.97,1005,64,4.17,27,scattered clouds,0.0,0.0,Andhra Pradesh,Visakhapatnam
"Visakhapatnam, Andhra Pradesh",17.6868,83.2185,2026-09-21 17:30:00,28.99,28.99,28.99,1006,74,2.79,60,broken clouds,0.0,0.0,Andhra Pradesh,Visakhapatnam
"Visakhapatnam, Andhra Pradesh",17.6868,83.2185,2026-09-21 20:30:00,28.12,28.12,28.12,1008,78,1.55,98,light rain,0.12,20.0,Andhra Pradesh,Visakhapatnam
"Visakhapatnam, Andhra Pradesh",17.6868,83.2185,2026-09-21 23:30:00,27.67,27.67,27.67,1007,81,1.27,91,overcast clouds,0.0,6.0,Andhra Pradesh,Visakhapatnam
"Visakhapatnam, Andhra Pradesh",17.6868,83.2185,2026-09-22 02:30:00,27.15,27.15,27.15,1005,81,1.89,100,light rain,0.24,27.0,Andhra Pradesh,Visakhapatnam
"Visakhapatnam, Andhra Pradesh",17.6868,83.2185,2026-09-22 05:30:00,26.83,26.83,26.83,1005,82,1.26,99,overcast clouds,0.0,10.0,Andhra Pradesh,Visakhapatnam
"Champaran, Bihar",27.0534,84.6325,2026-09-17 08:30:00,26.51,26.51,28.78,1008,86,1.37,66,broken clouds,0.0,0.0,Bihar,Champaran
"Champaran, Bihar",27.0534,84.6325,2026-09-17 11:30:00,29.76,29.76,31.95,1008,70,2.14,38,light rain,0.75,74.0,Bihar,Champaran
"Champaran, Bihar",27.0534,84.6325,2026-09-17 14:30:00,33.7,33.7,33.7,1004,55,3.29,32,scattered clouds,0.0,0.0,Bihar,Champaran
"Champaran, Bihar",27.0534,84.6325,2026-09-17 17:30:00,30.46,30.46,30.46,1004,70,2.66,42,light rain,0.15,20.0,Bihar,Champaran
"Champaran, Bihar",27.0534,84.6325,2026-09-17 20:30:00,28.5,28.5,28.5,1006,73,1.52,26,scattered clouds,0.0,0.0,Bihar,Champaran
"Champaran, Bihar",27.0534,84.6325,2026-09-17 23:30:00,27.36,27.36,27.36,1007,78,1.49,14,light rain,0.12,20.0,Bihar,Champaran
"Champaran, Bihar",27.0534,84.6325,2026-09-18 02:30:00,26.32,26.32,26.32,1006,80,1.51,1,light rain,0.16,52.0,Bihar,Champaran
"Champaran, Bihar",27.0534,84.6325,2026-09-18 05:30:00,25.91,25.91,25.91,1007,81,1.54,2,clear sky,0.0,3.0,Bihar,Champaran
"Champaran, Bihar",27.0534,84.6325,2026-09-18 08:30:00,29.82,29.82,29.82,1009,68,1.64,81,broken clouds,0.0,23.0,Bihar,Champaran
"Champaran, Bihar",27.0534,84.6325,2026-09-18 11:30:00,32.68,32.68,32.68,1008,55,1.81,70,light rain,0.98,81.0,Bihar,Champaran
"Champaran, Bihar",27.0534,84.6325,2026-09-18 14:30:00,34.07,34.07,34.07,1005,47,0.9,33,scattered clouds,0.0,0.0,Bihar,Champaran
"Champaran, Bihar",27.0534,84.6325,2026-09-18 17:30:00,30.17,30.17,30.17,1006,68,0.98,60,broken clouds,0.0,0.0,Bihar,Champaran
"Champaran, Bihar",27.0534,84.6325,2026-09-18 20:30:00,28.7,28.7,28.7,1008,70,1.15,72,broken clouds,0.0,0.0,Bihar,Champaran
"Champaran, Bihar",27.0534,84.6325,2026-09-18 23:30:00,27.59,27.59,27.59,1008,74,2.32,43,scattered clouds,0.0,0.0,Bihar,Champaran
"Champaran, Bihar",27.0534,84.6325,2026-09-19 02:30:00,26.21,26.21,26.21,1007,77,1.89,49,scattered clouds,0.0,0.0,Bihar,Champaran
"Champaran, Bihar",27.0534,84.6325,2026-09-19 05:30:00,25.5,25.5,25.5,1009,79,2.1,65,light rain,0.4,28.000000000000004,Bihar,Champaran
"Champaran, Bihar",27.0534,84.6325,2026-09-19 08:30:00,28.85,28.85,28.85,1011,71,2.69,56,light rain,0.7,87.0,Bihar,Champaran
"Champaran, Bihar",27.0534,84.6325,2026-09-19 11:30:00,32.83,32.83,32.83,1010,58,2.88,35,scattered clouds,0.0,44.0,Bihar,Champaran
"Champaran, Bihar",27.0534,84.6325,2026-09-19 14:30:00,33.79,33.79,33.79,1008,51,0.38,71,broken clouds,0.0,16.0,Bihar,Champaran
"Champaran, Bihar",27.0534,84.6325,2026-09-19 17:30:00,30.51,30.51,30.51,1008,67,2.66,86,overcast clouds,0.0,14.000000000000002,Bihar,Champaran
"Champaran, Bihar",27.0534,84.6325,2026-09-19 20:30:00,28.16,28.16,28.16,1010,70,2.58,76,broken clouds,0.0,0.0,Bihar,Champaran
"Champaran, Bihar",27.0534,84.6325,2026-09-19 23:30:00,27.12,27.12,27.12,1010,72,2.54,72,broken clouds,0.0,0.0,Bihar,Champaran
"Champaran, Bihar",27.0534,84.6325,2026-09-20 02:30:00,26.57,26.57,26.57,1009,73,1.94,27,scattered clouds,0.0,0.0,Bihar,Champaran
"Champaran, Bihar",27.0534,84.6325,2026-09-20 05:30:00,26.06,26.06,26.06,1010,74,1.92,17,few clouds,0.0,0.0,Bihar,Champaran
"Champaran, Bihar",27.0534,84.6325,2026-09-20 08:30:00,30.12,30.12,30.12,1012,64,1.49,9,clear sky,0.0,0.0,Bihar,Champaran
"Champaran, Bihar",27.0534,84.6325,2026-09-20 11:30:00,34.11,34.11,34.11,1011,51,0.15,11,few clouds,0.0,0.0,Bihar,Champaran
"Champaran, Bihar",27.0534,84.6325,2026-09-20 14:30:00,34.91,34.91,34.91,1008,46,1.44,12,few clouds,0.0,0.0,Bihar,Champaran
"Champaran, Bihar",27.0534,84.6325,2026-09-20 17:30:00,32.11,32.11,32.11,1007,58,0.98,20,few clouds,0.0,0.0,Bihar,Champaran
"Champaran, Bihar",27.0534,84.6325,2026-09-20 20:30:00,29.12,29.12,29.12,1009,67,2.71,26,scattered clouds,0.0,0.0,Bihar,Champaran
"Champaran, Bihar",27.0534,84.6325,2026-09-20 23:30:00,28.19,28.19,28.19,1010,71,1.63,19,few clouds,0.0,0.0,Bihar,Champaran
"Champaran, Bihar",27.0534,84.6325,2026-09-21 02:30:00,27.54,27.54,27.54,1008,75,2.41,75,light rain,0.15,32.0,Bihar,Champaran
"Champaran, Bihar",27.0534,84.6325,2026-09-21 05:30:00,26.71,26.71,26.71,1008,77,2.03,78,light rain,0.14,20.0,Bihar,Champaran
"Champaran, Bihar",27.0534,84.6325,2026-09-21 08:30:00,30.4,30.4,30.4,1009,66,1.94,58,broken clouds,0.0,0.0,Bihar,Champaran
"Champaran, Bihar",27.0534,84.6325,2026-09-21 11:30:00,33.89,33.89,33.89,1008,53,1.41,75,broken clouds,0.0,0.0,Bihar,Champaran
"Champaran, Bihar",27.0534,84.6325,2026-09-21 14:30:00,34.98,34.98,34.98,1005,48,1.64,8,clear sky,0.0,0.0,Bihar,Champaran
"Champaran, Bihar",27.0534,84.6325,2026-09-21 17:30:00,32.44,32.44,32.44,1004,59,1.63,4,clear sky,0.0,0.0,Bihar,Champaran
"Champaran, Bihar",27.0534,84.6325,2026-09-21 20:30:00,29.49,29.49,29.49,1006,68,1.7,3,clear sky,0.0,0.0,Bihar,Champaran
"Champaran, Bihar",27.0534,84.6325,2026-09-21 23:30:00,28.81,28.81,28.81,1007,71,2.04,42,scattered clouds,0.0,0.0,Bihar,Champaran
"Champaran, Bihar",27.0534,84.6325,2026-09-22 02:30:00,27.44,27.44,27.44,1006,78,1.23,87,light rain,1.5,88.0,Bihar,Champaran
"Champaran, Bihar",27.0534,84.6325,2026-09-22 05:30:00,27.27,27.27,27.27,1006,78,1.8,90,light rain,0.15,65.0,Bihar,Champaran
"Siwan, Bihar",26.219,84.356,2026-09-17 08:30:00,26.63,26.63,28.88,1008,84,1.45,56,light rain,0.1,32.0,Bihar,Siwan
"Siwan, Bihar",26.219,84.356,2026-09-17 11:30:00,30.16,30.16,32.49,1007,66,2.68,32,light rain,0.82,95.0,Bihar,Siwan
"Siwan, Bihar",26.219,84.356,2026-09-17 14:30:00,33.26,33.26,33.26,1004,55,3.69,75,broken clouds,0.0,0.0,Bihar,Siwan
"Siwan, Bihar",26.219,84.356,2026-09-17 17:30:00,31.13,31.13,31.13,1004,63,0.97,87,overcast clouds,0.0,0.0,Bihar,Siwan
"Siwan, Bihar",26.219,84.356,2026-09-17 20:30:00,29.53,29.53,29.53,1006,67,2.31,97,overcast clouds,0.0,0.0,Bihar,Siwan
"Siwan, Bihar",26.219,84.356,2026-09-17 23:30:00,28.93,28.93,28.93,1006,70,1.53,95,overcast clouds,0.0,0.0,Bihar,Siwan
"Siwan, Bihar",26.219,84.356,2026-09-18 02:30:00,28.77,28.77,28.77,1005,70,1.13,94,overcast clouds,0.0,0.0,Bihar,Siwan
"Siwan, Bihar",26.219,84.356,2026-09-18 05:30:00,27.65,27.65,27.65,1006,74,1.94,77,light rain,0.14,20.0,Bihar,Siwan
"Siwan, Bihar",26.219,84.356,2026-09-18 08:30:00,30.52,30.52,30.52,1009,63,1.6,34,light rain,1.48,100.0,Bihar,Siwan
"Siwan, Bihar",26.219,84.356,2026-09-18 11:30:00,33.67,33.67,33.67,1008,49,1.58,32,light rain,0.4,100.0,Bihar,Siwan
"Siwan, Bihar",26.219,84.356,2026-09-18 14:30:00,34.7,34.7,34.7,1005,46,3.25,42,scattered clouds,0.0,0.0,Bihar,Siwan
"Siwan, Bihar",26.219,84.356,2026-09-18 17:30:00,31.07,31.07,31.07,1005,63,2.47,66,broken clouds,0.0,0.0,Bihar,Siwan
"Siwan, Bihar",26.219,84.356,2026-09-18 20:30:00,29.94,29.94,29.94,1007,65,2.6,72,broken clouds,0.0,0.0,Bihar,Siwan
"Siwan, Bihar",26.219,84.356,2026-09-18 23:30:00,28.53,28.53,28.53,1008,71,2.62,77,broken clouds,0.0,4.0,Bihar,Siwan
"Siwan, Bihar",26.219,84.356,2026-09-19 02:30:00,27.72,27.72,27.72,1007,73,2.0,58,broken clouds,0.0,1.0,Bihar,Siwan
"Siwan, Bihar",26.219,84.356,2026-09-19 05:30:00,26.89,26.89,26.89,1008,75,2.06,36,light rain,0.29,39.0,Bihar,Siwan
"Siwan, Bihar",26.219,84.356,2026-09-19 08:30:00,30.85,30.85,30.85,1011,64,2.71,39,scattered clouds,0.0,0.0,Bihar,Siwan
"Siwan, Bihar",26.219,84.356,2026-09-19 11:30:00,34.36,34.36,34.36,1010,51,2.63,27,scattered clouds,0.0,4.0,Bihar,Siwan
"Siwan, Bihar",26.219,84.356,2026-09-19 14:30:00,33.85,33.85,33.85,1008,56,1.01,73,light rain,0.48,100.0,Bihar,Siwan
"Siwan, Bihar",26.219,84.356,2026-09-19 17:30:00,31.0,31.0,31.0,1007,68,2.16,87,overcast clouds,0.0,0.0,Bihar,Siwan
"Siwan, Bihar",26.219,84.356,2026-09-19 20:30:00,29.84,29.84,29.84,1009,68,1.56,79,broken clouds,0.0,0.0,Bihar,Siwan
"Siwan, Bihar",26.219,84.356,2026-09-19 23:30:00,28.6,28.6,28.6,1010,71,2.27,44,scattered clouds,0.0,0.0,Bihar,Siwan
"Siwan, Bihar",26.219,84.356,2026-09-20 02:30:00,27.79,27.79,27.79,1009,74,2.85,3,clear sky,0.0,0.0,Bihar,Siwan
"Siwan, Bihar",26.219,84.356,2026-09-20 05:30:00,27.02,27.02,27.02,1010,76,2.75,4,clear sky,0.0,0.0,Bihar,Siwan
"Siwan, Bihar",26.219,84.356,2026-09-20 08:30:00,31.64,31.64,31.64,1012,62,2.73,38,scattered clouds,0.0,0.0,Bihar,Siwan
"Siwan, Bihar",26.219,84.356,2026-09-20 11:30:00,34.56,34.56,34.56,1010,50,2.36,28,scattered clouds,0.0,0.0,Bihar,Siwan
"Siwan, Bihar",26.219,84.356,2026-09-20 14:30:00,35.69,35.69,35.69,1007,43,0.59,37,scattered clouds,0.0,0.0,Bihar,Siwan
"Siwan, Bihar",26.219,84.356,2026-09-20 17:30:00,32.22,32.22,32.22,1007,56,1.82,67,broken clouds,0.0,0.0,Bihar,Siwan
"Siwan, Bihar",26.219,84.356,2026-09-20 20:30:00,31.16,31.16,31.16,1009,60,1.56,93,overcast clouds,0.0,0.0,Bihar,Siwan
"Siwan, Bihar",26.219,84.356,2026-09-20 23:30:00,29.85,29.85,29.85,1009,67,2.92,67,broken clouds,0.0,0.0,Bihar,Siwan
"Siwan, Bihar",26.219,84.356,2026-09-21 02:30:00,29.3,29.3,29.3,1008,69,2.73,99,overcast clouds,0.0,0.0,Bihar,Siwan
"Siwan, Bihar",26.219,84.356,2026-09-21 05:30:00,28.84,28.84,28.84,1008,70,2.64,99,overcast clouds,0.0,0.0,Bihar,Siwan
"Siwan, Bihar",26.219,84.356,2026-09-21 08:30:00,31.17,31.17,31.17,1009,65,2.56,90,overcast clouds,0.0,0.0,Bihar,Siwan
"Siwan, Bihar",26.219,84.356,2026-09-21 11:30:00,35.14,35.14,35.14,1008,49,2.25,51,broken clouds,0.0,0.0,Bihar,Siwan
"Siwan, Bihar",26.219,84.356,2026-09-21 14:30:00,33.91,33.91,33.91,1005,57,1.01,79,light rain,0.28,32.0,Bihar,Siwan
"Siwan, Bihar",26.219,84.356,2026-09-21 17:30:00,31.37,31.37,31.37,1004,64,0.87,92,overcast clouds,0.0,0.0,Bihar,Siwan
"Siwan, Bihar",26.219,84.356,2026-09-21 20:30:00,29.27,29.27,29.27,1006,71,2.24,94,overcast clouds,0.0,0.0,Bihar,Siwan
"Siwan, Bihar",26.219,84.356,2026-09-21 23:30:00,28.99,28.99,28.99,1006,69,2.09,84,broken clouds,0.0,0.0,Bihar,Siwan
"Siwan, Bihar",26.219,84.356,2026-09-22 02:30:00,29.1,29.1,29.1,1006,71,0.95,74,broken clouds,0.0,22.0,Bihar,Siwan
"Siwan, Bihar",26.219,84.356,2026-09-22 05:30:00,27.78,27.78,27.78,1006,77,0.85,45,light rain,0.21,23.0,Bihar,Siwan
"Gopalganj, Bihar",26.4697,84.4387,2026-09-17 08:30:00,26.76,26.76,28.88,1008,82,0.22,57,broken clouds,0.0,4.0,Bihar,Gopalganj
"Gopalganj, Bihar",26.4697,84.4387,2026-09-17 11:30:00,30.25,30.25,32.52,1007,65,2.43,30,light rain,0.63,56.99999999999999,Bihar,Gopalganj
"Gopalganj, Bihar",26.4697,84.4387,2026-09-17 14:30:00,33.8,33.8,33.8,1004,50,4.17,69,broken clouds,0.0,0.0,Bihar,Gopalganj
"Gopalganj, Bihar",26.4697,84.4387,2026-09-17 17:30:00,31.11,31.11,31.11,1004,64,1.37,83,broken clouds,0.0,0.0,Bihar,Gopalganj
"Gopalganj, Bihar",26.4697,84.4387,2026-09-17 20:30:00,30.17,30.17,30.17,1006,63,1.48,100,overcast clouds,0.0,0.0,Bihar,Gopalganj
"Gopalganj, Bihar",26.4697,84.4387,2026-09-17 23:30:00,29.61,29.61,29.61,1006,66,1.03,100,overcast clouds,0.0,0.0,Bihar,Gopalganj
"Gopalganj, Bihar",26.4697,84.4387,2026-09-18 02:30:00,28.25,28.25,28.25,1005,71,1.61,100,light rain,0.2,28.999999999999996,Bihar,Gopalganj
"Gopalganj, Bihar",26.4697,84.4387,2026-09-18 05:30:00,26.86,26.86,26.86,1006,77,1.56,57,light rain,0.41,35.0,Bihar,Gopalganj
"Gopalganj, Bihar",26.4697,84.4387,2026-09-18 08:30:00,30.84,30.84,30.84,1009,59,1.57,32,light rain,1.86,100.0,Bihar,Gopalganj
"Gopalganj, Bihar",26.4697,84.4387,2026-09-18 11:30:00,33.51,33.51,33.51,1008,48,1.28,40,scattered clouds,0.0,80.0,Bihar,Gopalganj
"Gopalganj, Bihar",26.4697,84.4387,2026-09-18 14:30:00,34.66,34.66,34.66,1005,46,2.98,44,scattered clouds,0.0,0.0,Bihar,Gopalganj
"Gopalganj, Bihar",26.4697,84.4387,2026-09-18 17:30:00,31.19,31.19,31.19,1005,64,2.52,60,broken clouds,0.0,0.0,Bihar,Gopalganj
"Gopalganj, Bihar",26.4697,84.4387,2026-09-18 20:30:00,29.13,29.13,29.13,1008,68,3.1,11,few clouds,0.0,0.0,Bihar,Gopalganj
"Gopalganj, Bihar",26.4697,84.4387,2026-09-18 23:30:00,28.17,28.17,28.17,1008,73,2.6,13,few clouds,0.0,0.0,Bihar,Gopalganj
"Gopalganj, Bihar",26.4697,84.4387,2026-09-19 02:30:00,27.5,27.5,27.5,1007,74,2.42,71,broken clouds,0.0,0.0,Bihar,Gopalganj
"Gopalganj, Bihar",26.4697,84.4387,2026-09-19 05:30:00,26.72,26.72,26.72,1008,78,2.71,49,scattered clouds,0.0,16.0,Bihar,Gopalganj
"Gopalganj, Bihar",26.4697,84.4387,2026-09-19 08:30:00,30.58,30.58,30.58,1011,66,3.17,24,few clouds,0.0,0.0,Bihar,Gopalganj
"Gopalganj, Bihar",26.4697,84.4387,2026-09-19 11:30:00,34.0,34.0,34.0,1010,52,2.78,19,light rain,0.19,21.0,Bihar,Gopalganj
"Gopalganj, Bihar",26.4697,84.4387,2026-09-19 14:30:00,34.12,34.12,34.12,1008,53,1.59,75,light rain,0.35,62.0,Bihar,Gopalganj
"Gopalganj, Bihar",26.4697,84.4387,2026-09-19 17:30:00,31.16,31.16,31.16,1007,67,1.38,87,overcast clouds,0.0,0.0,Bihar,Gopalganj
"Gopalganj, Bihar",26.4697,84.4387,2026-09-19 20:30:00,30.25,30.25,30.25,1009,66,1.11,95,overcast clouds,0.0,0.0,Bihar,Gopalganj
"Gopalganj, Bihar",26.4697,84.4387,2026-09-19 23:30:00,29.13,29.13,29.13,1010,69,1.91,82,broken clouds,0.0,0.0,Bihar,Gopalganj
"Gopalganj, Bihar",26.4697,84.4387,2026-09-20 02:30:00,28.02,28.02,28.02,1009,72,2.65,62,broken clouds,0.0,0.0,Bihar,Gopalganj
"Gopalganj, Bihar",26.4697,84.4387,2026-09-20 05:30:00,27.25,27.25,27.25,1010,74,2.62,57,broken clouds,0.0,0.0,Bihar,Gopalganj
"Gopalganj, Bihar",26.4697,84.4387,2026-09-20 08:30:00,31.39,31.39,31.39,1012,62,3.0,20,few clouds,0.0,0.0,Bihar,Gopalganj
"Gopalganj, Bihar",26.4697,84.4387,2026-09-20 11:30:00,34.55,34.55,34.55,1010,49,2.25,17,few clouds,0.0,0.0,Bihar,Gopalganj
"Gopalganj, Bihar",26.4697,84.4387,2026-09-20 14:30:00,35.8,35.8,35.8,1007,42,1.54,33,scattered clouds,0.0,0.0,Bihar,Gopalganj
"Gopalganj, Bihar",26.4697,84.4387,2026-09-20 17:30:00,32.56,32.56,32.56,1007,56,1.46,63,broken clouds,0.0,0.0,Bihar,Gopalganj
"Gopalganj, Bihar",26.4697,84.4387,2026-09-20 20:30:00,31.36,31.36,31.36,1009,60,2.93,100,overcast clouds,0.0,0.0,Bihar,Gopalganj
"Gopalganj, Bihar",26.4697,84.4387,2026-09-20 23:30:00,29.42,29.42,29.42,1009,69,3.04,61,broken clouds,0.0,0.0,Bihar,Gopalganj
"Gopalganj, Bihar",26.4697,84.4387,2026-09-21 02:30:00,29.21,29.21,29.21,1008,69,2.56,75,broken clouds,0.0,0.0,Bihar,Gopalganj
"Gopalganj, Bihar",26.4697,84.4387,2026-09-21 05:30:00,28.76,28.76,28.76,1008,69,2.72,88,overcast clouds,0.0,0.0,Bihar,Gopalganj
"Gopalganj, Bihar",26.4697,84.4387,2026-09-21 08:30:00,29.93,29.93,29.93,1009,69,2.49,100,overcast clouds,0.0,0.0,Bihar,Gopalganj
"Gopalganj, Bihar",26.4697,84.4387,2026-09-21 11:30:00,34.51,34.51,34.51,1008,51,1.71,91,overcast clouds,0.0,0.0,Bihar,Gopalganj
"Gopalganj, Bihar",26.4697,84.4387,2026-09-21 14:30:00,34.27,34.27,34.27,1005,52,1.12,72,light rain,0.15,20.0,Bihar,Gopalganj
"Gopalganj, Bihar",26.4697,84.4387,2026-09-21 17:30:00,31.95,31.95,31.95,1004,59,1.97,87,overcast clouds,0.0,0.0,Bihar,Gopalganj
"Gopalganj, Bihar",26.4697,84.4387,2026-09-21 20:30:00,30.41,30.41,30.41,1006,66,2.7,100,overcast clouds,0.0,0.0,Bihar,Gopalganj
"Gopalganj, Bihar",26.4697,84.4387,2026-09-21 23:30:00,28.95,28.95,28.95,1007,72,2.69,74,broken clouds,0.0,0.0,Bihar,Gopalganj
"Gopalganj, Bihar",26.4697,84.4387,2026-09-22 02:30:00,27.91,27.91,27.91,1006,79,1.27,59,light rain,1.95,89.0,Bihar,Gopalganj
"Gopalganj, Bihar",26.4697,84.4387,2026-09-22 05:30:00,27.56,27.56,27.56,1006,81,1.6,44,light rain,0.51,88.0,Bihar,Gopalganj
"Darbhanga, Bihar",26.1542,85.8918,2026-09-17 08:30:00,27.18,27.18,29.26,1008,79,1.78,78,light rain,1.3,97.0,Bihar,Darbhanga
"Darbhanga, Bihar",26.1542,85.8918,2026-09-17 11:30:00,30.47,30.47,32.64,1007,64,2.42,72,light rain,0.1,88.0,Bihar,Darbhanga
"Darbhanga, Bihar",26.1542,85.8918,2026-09-17 14:30:00,34.51,34.51,34.51,1004,46,2.8,85,overcast clouds,0.0,0.0,Bihar,Darbhanga
"Darbhanga, Bihar",26.1542,85.8918,2026-09-17 17:30:00,30.78,30.78,30.78,1004,64,1.98,92,overcast clouds,0.0,0.0,Bihar,Darbhanga
"Darbhanga, Bihar",26.1542,85.8918,2026-09-17 20:30:00,30.6,30.6,30.6,1006,63,1.7,100,overcast clouds,0.0,0.0,Bihar,Darbhanga
"Darbhanga, Bihar",26.1542,85.8918,2026-09-17 23:30:00,30.35,30.35,30.35,1006,64,1.11,97,overcast clouds,0.0,0.0,Bihar,Darbhanga
"Darbhanga, Bihar",26.1542,85.8918,2026-09-18 02:30:00,29.39,29.39,29.39,1005,68,1.83,99,overcast clouds,0.0,0.0,Bihar,Darbhanga
"Darbhanga, Bihar",26.1542,85.8918,2026-09-18 05:30:00,29.09,29.09,29.09,1007,69,1.51,100,overcast clouds,0.0,0.0,Bihar,Darbhanga
"Darbhanga, Bihar",26.1542,85.8918,2026-09-18 08:30:00,29.08,29.08,29.08,1009,74,3.66,100,light rain,0.12,38.0,Bihar,Darbhanga
"Darbhanga, Bihar",26.1542,85.8918,2026-09-18 11:30:00,33.46,33.46,33.46,1008,53,3.84,68,light rain,1.8,100.0,Bihar,Darbhanga
"Darbhanga, Bihar",26.1542,85.8918,2026-09-18 14:30:00,34.78,34.78,34.78,1005,44,0.38,26,scattered clouds,0.0,0.0,Bihar,Darbhanga
"Darbhanga, Bihar",26.1542,85.8918,2026-09-18 17:30:00,30.88,30.88,30.88,1005,59,3.0,58,broken clouds,0.0,0.0,Bihar,Darbhanga
"Darbhanga, Bihar",26.1542,85.8918,2026-09-18 20:30:00,29.55,29.55,29.55,1007,65,2.76,73,broken clouds,0.0,0.0,Bihar,Darbhanga
"Darbhanga, Bihar",26.1542,85.8918,2026-09-18 23:30:00,29.1,29.1,29.1,1008,68,2.19,68,broken clouds,0.0,0.0,Bihar,Darbhanga
"Darbhanga, Bihar",26.1542,85.8918,2026-09-19 02:30:00,28.06,28.06,28.06,1007,74,2.43,80,broken clouds,0.0,0.0,Bihar,Darbhanga
"Darbhanga, Bihar",26.1542,85.8918,2026-09-19 05:30:00,27.4,27.4,27.4,1009,79,2.63,94,overcast clouds,0.0,0.0,Bihar,Darbhanga
"Darbhanga, Bihar",26.1542,85.8918,2026-09-19 08:30:00,30.2,30.2,30.2,1011,68,4.0,95,overcast clouds,0.0,0.0,Bihar,Darbhanga
"Darbhanga, Bihar",26.1542,85.8918,2026-09-19 11:30:00,34.62,34.62,34.62,1010,49,3.62,50,scattered clouds,0.0,0.0,Bihar,Darbhanga
"Darbhanga, Bihar",26.1542,85.8918,2026-09-19 14:30:00,33.56,33.56,33.56,1007,54,1.27,75,light rain,0.21,20.0,Bihar,Darbhanga
"Darbhanga, Bihar",26.1542,85.8918,2026-09-19 17:30:00,32.19,32.19,32.19,1007,58,0.68,83,broken clouds,0.0,0.0,Bihar,Darbhanga
"Darbhanga, Bihar",26.1542,85.8918,2026-09-19 20:30:00,31.25,31.25,31.25,1009,58,1.07,87,overcast clouds,0.0,0.0,Bihar,Darbhanga
"Darbhanga, Bihar",26.1542,85.8918,2026-09-19 23:30:00,30.46,30.46,30.46,1010,61,1.51,80,broken clouds,0.0,0.0,Bihar,Darbhanga
"Darbhanga, Bihar",26.1542,85.8918,2026-09-20 02:30:00,29.13,29.13,29.13,1009,67,2.4,95,overcast clouds,0.0,0.0,Bihar,Darbhanga
"Darbhanga, Bihar",26.1542,85.8918,2026-09-20 05:30:00,28.12,28.12,28.12,1010,72,2.51,92,overcast clouds,0.0,0.0,Bihar,Darbhanga
"Darbhanga, Bihar",26.1542,85.8918,2026-09-20 08:30:00,31.94,31.94,31.94,1012,60,2.8,37,scattered clouds,0.0,0.0,Bihar,Darbhanga
"Darbhanga, Bihar",26.1542,85.8918,2026-09-20 11:30:00,35.28,35.28,35.28,1010,45,2.38,19,few clouds,0.0,0.0,Bihar,Darbhanga
"Darbhanga, Bihar",26.1542,85.8918,2026-09-20 14:30:00,36.34,36.34,36.34,1007,41,1.92,44,scattered clouds,0.0,0.0,Bihar,Darbhanga
"Darbhanga, Bihar",26.1542,85.8918,2026-09-20 17:30:00,32.7,32.7,32.7,1007,57,2.4,74,broken clouds,0.0,0.0,Bihar,Darbhanga
"Darbhanga, Bihar",26.1542,85.8918,2026-09-20 20:30:00,31.82,31.82,31.82,1009,59,2.03,100,overcast clouds,0.0,0.0,Bihar,Darbhanga
"Darbhanga, Bihar",26.1542,85.8918,2026-09-20 23:30:00,31.18,31.18,31.18,1009,63,1.36,100,overcast clouds,0.0,0.0,Bihar,Darbhanga
"Darbhanga, Bihar",26.1542,85.8918,2026-09-21 02:30:00,30.08,30.08,30.08,1008,69,0.58,85,light rain,1.34,78.0,Bihar,Darbhanga
"Darbhanga, Bihar",26.1542,85.8918,2026-09-21 05:30:00,27.61,27.61,27.61,1008,80,2.65,54,light rain,2.45,100.0,Bihar,Darbhanga
"Darbhanga, Bihar",26.1542,85.8918,2026-09-21 08:30:00,31.65,31.65,31.65,1009,64,3.41,20,light rain,0.16,22.0,Bihar,Darbhanga
"Darbhanga, Bihar",26.1542,85.8918,2026-09-21 11:30:00,35.26,35.26,35.26,1007,49,3.11,38,scattered clouds,0.0,0.0,Bihar,Darbhanga
"Darbhanga, Bihar",26.1542,85.8918,2026-09-21 14:30:00,35.4,35.4,35.4,1004,46,0.84,60,light rain,0.25,39.0,Bihar,Darbhanga
"Darbhanga, Bihar",26.1542,85.8918,2026-09-21 17:30:00,32.02,32.02,32.02,1004,62,2.53,77,broken clouds,0.0,0.0,Bihar,Darbhanga
"Darbhanga, Bihar",26.1542,85.8918,2026-09-21 20:30:00,31.92,31.92,31.92,1006,60,1.66,96,overcast clouds,0.0,0.0,Bihar,Darbhanga
"Darbhanga, Bihar",26.1542,85.8918,2026-09-21 23:30:00,30.78,30.78,30.78,1006,66,1.7,96,overcast clouds,0.0,0.0,Bihar,Darbhanga
"Darbhanga, Bihar",26.1542,85.8918,2026-09-22 02:30:00,30.13,30.13,30.13,1005,69,1.76,100,overcast clouds,0.0,0.0,Bihar,Darbhanga
"Darbhanga, Bihar",26.1542,85.8918,2026-09-22 05:30:00,29.88,29.88,29.88,1006,69,1.35,96,overcast clouds,0.0,4.0,Bihar,Darbhanga
