system_index,latitude,longitude,ndvi,region
0,15.662171894388065,74.38099959850264,0.778039,Belagavi
1,15.662171894388065,74.38117926155947,0.7924866,Belagavi
2,15.662171894388065,74.38225723990041,0.7338642,Belagavi
3,15.662171894388065,74.38234707142882,0.75334686,Belagavi
4,15.662171894388065,74.38270639754248,0.70239747,Belagavi
5,15.662171894388065,74.38288606059929,0.74977267,Belagavi
6,15.662171894388065,74.38558100645166,0.7252356,Belagavi
7,15.662171894388065,74.38576066950847,0.7052174,Belagavi
8,15.662171894388065,74.38692847937783,0.71995866,Belagavi
9,15.662171894388065,74.3896234252302,0.6885215,Belagavi
10,15.662171894388065,74.39106072968478,0.700022,Belagavi
11,15.662171894388065,74.39124039274161,0.78061056,Belagavi
12,15.662171894388065,74.39186921344049,0.64625853,Belagavi
13,15.662171894388065,74.39294719178143,0.66302836,Belagavi
14,15.662171894388065,74.3933963494235,0.68832576,Belagavi
15,15.662171894388065,74.39384550706555,0.65587044,Belagavi
16,15.662171894388065,74.39447432776444,0.56349546,Belagavi
17,15.662171894388065,74.39456415929286,0.5398079,Belagavi
18,15.662171894388065,74.39627095833268,0.47676656,Belagavi
19,15.662171894388065,74.39663028444632,0.5704745,Belagavi
20,15.662171894388065,74.39707944208838,0.42420602,Belagavi
21,15.662171894388065,74.39752859973045,0.4110964,Belagavi
22,15.662171894388065,74.39914556724186,0.57469404,Belagavi
23,15.662171894388065,74.39959472488391,0.5937888,Belagavi
24,15.662171894388065,74.40219983920787,0.6939343,Belagavi
25,15.662171894388065,74.40327781754881,0.70212764,Belagavi
26,15.662171894388065,74.40561343728751,0.5803624,Belagavi
27,15.662171894388065,74.40606259492958,0.69381106,Belagavi
28,15.662171894388065,74.40642192104323,0.54651576,Belagavi
29,15.662171894388065,74.40651175257165,0.5153106,Belagavi
30,15.662171894388065,74.40767956244099,0.6596815,Belagavi
31,15.662171894388065,74.4077693939694,0.6596815,Belagavi
32,15.662171894388065,74.40929652995241,0.5303644,Belagavi
33,15.662171894388065,74.40956602453764,0.3920757,Belagavi
34,15.662171894388065,74.40965585606605,0.43076017,Belagavi
35,15.662171894388065,74.41028467676495,0.38972467,Belagavi
36,15.662261725916474,74.38010128321852,0.34287617,Belagavi
37,15.662261725916474,74.38019111474694,0.33197695,Belagavi
38,15.662261725916474,74.38046060933218,0.41013134,Belagavi
39,15.662261725916474,74.38073010391741,0.7398735,Belagavi
40,15.662261725916474,74.38117926155947,0.78413045,Belagavi
41,15.662261725916474,74.3813589246163,0.80892944,Belagavi
42,15.662261725916474,74.38198774531517,0.76666665,Belagavi
43,15.662261725916474,74.3829758921277,0.74744415,Belagavi
44,15.662261725916474,74.38306572365612,0.7442177,Belagavi
45,15.662261725916474,74.38342504976977,0.76203966,Belagavi
46,15.662261725916474,74.38764713160514,0.6720345,Belagavi
47,15.662261725916474,74.38998275134384,0.5989414,Belagavi
48,15.662261725916474,74.39070140357113,0.74489796,Belagavi
49,15.662261725916474,74.39079123509954,0.76605165,Belagavi
50,15.662261725916474,74.39159971885526,0.6761327,Belagavi
51,15.662261725916474,74.39213870802573,0.6611889,Belagavi
52,15.662261725916474,74.3927675287246,0.6476209,Belagavi
53,15.662261725916474,74.39465399082125,0.50793976,Belagavi
54,15.662261725916474,74.39483365387808,0.5315162,Belagavi
55,15.662261725916474,74.39501331693491,0.5615639,Belagavi
56,15.662261725916474,74.39510314846332,0.4754927,Belagavi
57,15.662261725916474,74.39654045291792,0.5352443,Belagavi
58,15.662261725916474,74.39663028444632,0.5361794,Belagavi
59,15.662261725916474,74.39743876820204,0.3600144,Belagavi
60,15.662261725916474,74.39896590418503,0.6183901,Belagavi
61,15.662261725916474,74.39977438794074,0.4739454,Belagavi
62,15.662261725916474,74.40714057327052,0.50809675,Belagavi
63,15.662261725916474,74.40749989938418,0.65010184,Belagavi
64,15.662261725916474,74.40812872008306,0.5438067,Belagavi
65,15.662261725916474,74.40902703536717,0.6200942,Belagavi
66,15.662261725916474,74.4100151821797,0.3052604,Belagavi
67,15.662261725916474,74.41028467676495,0.40245363,Belagavi
68,15.662351557444888,74.38073010391741,0.6988821,Belagavi
69,15.662351557444888,74.3813589246163,0.7841044,Belagavi
70,15.662351557444888,74.38288606059929,0.73279816,Belagavi
71,15.662351557444888,74.38387420741182,0.7024894,Belagavi
72,15.662351557444888,74.38432336505389,0.6135519,Belagavi
73,15.662351557444888,74.38531151186642,0.76999813,Belagavi
74,15.662351557444888,74.3881861207756,0.73640084,Belagavi
75,15.662351557444888,74.38917426758813,0.6588599,Belagavi
76,15.662351557444888,74.3896234252302,0.6807904,Belagavi
77,15.662351557444888,74.38998275134384,0.6610758,Belagavi
78,15.662351557444888,74.39088106662795,0.7219444,Belagavi
79,15.662351557444888,74.39106072968478,0.74220455,Belagavi
80,15.662351557444888,74.39124039274161,0.779664,Belagavi
81,15.662351557444888,74.39133022427002,0.7545631,Belagavi
82,15.662351557444888,74.39168955038366,0.6928052,Belagavi
83,15.662351557444888,74.39393533859396,0.58739257,Belagavi
84,15.662351557444888,74.39474382234967,0.4719216,Belagavi
85,15.662351557444888,74.39510314846332,0.4751972,Belagavi
86,15.662351557444888,74.39654045291792,0.5221371,Belagavi
87,15.662351557444888,74.39672011597473,0.48137736,Belagavi
88,15.662351557444888,74.39779809431568,0.46963492,Belagavi
89,15.662351557444888,74.39959472488391,0.4622905,Belagavi
90,15.662351557444888,74.40300832296357,0.7079145,Belagavi
91,15.662351557444888,74.40336764907723,0.6835469,Belagavi
92,15.662351557444888,74.40489478506022,0.6556264,Belagavi
93,15.662351557444888,74.40507444811705,0.65541995,Belagavi
94,15.662351557444888,74.40579310034434,0.61591625,Belagavi
95,15.662351557444888,74.40687107868528,0.57380813,Belagavi
96,15.662351557444888,74.40723040479894,0.5408345,Belagavi
97,15.662351557444888,74.40732023632735,0.5964246,Belagavi
98,15.662351557444888,74.40821855161147,0.6009029,Belagavi
99,15.662351557444888,74.40911686689559,0.47178024,Belagavi
100,15.662351557444888,74.40974568759447,0.51374817,Belagavi
101,15.6624413889733,74.38108943003105,0.76995385,Belagavi
102,15.6624413889733,74.38162841920153,0.73986554,Belagavi
103,15.6624413889733,74.38270639754248,0.7541475,Belagavi
104,15.6624413889733,74.38324538671294,0.76083946,Belagavi
105,15.6624413889733,74.38333521824136,0.7907628,Belagavi
106,15.6624413889733,74.38549117492325,0.7392505,Belagavi
107,15.6624413889733,74.38746746854831,0.70621216,Belagavi
108,15.6624413889733,74.38809628924719,0.703259,Belagavi
109,15.6624413889733,74.38854544688925,0.72720367,Belagavi
110,15.6624413889733,74.38917426758813,0.6832653,Belagavi
111,15.6624413889733,74.3904319089859,0.7418557,Belagavi
112,15.6624413889733,74.39052174051432,0.7574508,Belagavi
113,15.6624413889733,74.39070140357113,0.7975442,Belagavi
114,15.6624413889733,74.39168955038366,0.67446434,Belagavi
115,15.6624413889733,74.39177938191207,0.659513,Belagavi
116,15.6624413889733,74.39294719178143,0.7037336,Belagavi
117,15.6624413889733,74.39321668636667,0.7079968,Belagavi
118,15.6624413889733,74.39411500165079,0.56341815,Belagavi
119,15.6624413889733,74.3942048331792,0.5549631,Belagavi
120,15.6624413889733,74.39465399082125,0.48882034,Belagavi
121,15.6624413889733,74.39474382234967,0.4515748,Belagavi
122,15.6624413889733,74.3949234854065,0.375,Belagavi
123,15.6624413889733,74.39510314846332,0.42256674,Belagavi
124,15.6624413889733,74.39555230610539,0.621364,Belagavi
125,15.6624413889733,74.3957319691622,0.5965332,Belagavi
126,15.6624413889733,74.39591163221903,0.5705288,Belagavi
127,15.6624413889733,74.39654045291792,0.5304221,Belagavi
128,15.6624413889733,74.39663028444632,0.5406977,Belagavi
129,15.6624413889733,74.39770826278726,0.4089884,Belagavi
130,15.6624413889733,74.39860657807138,0.6025431,Belagavi
131,15.6624413889733,74.39887607265662,0.6552419,Belagavi
132,15.6624413889733,74.39923539877027,0.51401484,Belagavi
133,15.6624413889733,74.39950489335551,0.46279144,Belagavi
134,15.6624413889733,74.39995405099756,0.4620969,Belagavi
135,15.6624413889733,74.40013371405439,0.44853443,Belagavi
136,15.6624413889733,74.40130152392375,0.63809526,Belagavi
137,15.6624413889733,74.40336764907723,0.65451056,Belagavi
138,15.6624413889733,74.40552360575911,0.60166466,Belagavi
139,15.6624413889733,74.40570326881593,0.61725926,Belagavi
140,15.6624413889733,74.40660158410004,0.5165094,Belagavi
141,15.6624413889733,74.40705074174211,0.5301611,Belagavi
142,15.6624413889733,74.4077693939694,0.56825656,Belagavi
143,15.6624413889733,74.40794905702623,0.50277656,Belagavi
144,15.6624413889733,74.40875754078193,0.378125,Belagavi
145,15.6624413889733,74.40992535065129,0.6431676,Belagavi
146,15.66253122050171,74.38117926155947,0.79452056,Belagavi
147,15.66253122050171,74.38198774531517,0.73690724,Belagavi
148,15.66253122050171,74.382167408372,0.7773153,Belagavi
149,15.66253122050171,74.38351488129818,0.68022025,Belagavi
150,15.66253122050171,74.38369454435501,0.68526787,Belagavi
151,15.66253122050171,74.38719797396307,0.6921692,Belagavi
152,15.66253122050171,74.38881494147448,0.74880576,Belagavi
153,15.66253122050171,74.39052174051432,0.7516711,Belagavi
154,15.66253122050171,74.39079123509954,0.77322316,Belagavi
155,15.66253122050171,74.3919590449689,0.662206,Belagavi
156,15.66253122050171,74.39213870802573,0.5990757,Belagavi
157,15.66253122050171,74.39240820261097,0.627562,Belagavi
158,15.66253122050171,74.39725910514521,0.481954,Belagavi
159,15.66253122050171,74.39770826278726,0.3744076,Belagavi
160,15.66253122050171,74.39851674654298,0.62611955,Belagavi
161,15.66253122050171,74.3986964095998,0.63598996,Belagavi
162,15.66253122050171,74.39986421946915,0.4333552,Belagavi
163,15.66253122050171,74.40040320863963,0.5444079,Belagavi
164,15.66253122050171,74.40228967073628,0.73434734,Belagavi
165,15.66253122050171,74.40327781754881,0.64993,Belagavi
166,15.66253122050171,74.4047151220034,0.6816261,Belagavi
167,15.66253122050171,74.40534394270229,0.5924637,Belagavi
168,15.66253122050171,74.40579310034434,0.59333986,Belagavi
169,15.66253122050171,74.4062422579864,0.65983605,Belagavi
170,15.66253122050171,74.40669141562846,0.52478045,Belagavi
171,15.66253122050171,74.40875754078193,0.3278589,Belagavi
172,15.662621052030122,74.38019111474694,0.4428773,Belagavi
173,15.662621052030122,74.38037077780376,0.49938434,Belagavi
174,15.662621052030122,74.3813589246163,0.79447347,Belagavi
175,15.662621052030122,74.38270639754248,0.78037137,Belagavi
176,15.662621052030122,74.38315555518453,0.65408933,Belagavi
177,15.662621052030122,74.38486235422435,0.66913474,Belagavi
178,15.662621052030122,74.38629965867895,0.74348617,Belagavi
179,15.662621052030122,74.38683864784942,0.74207187,Belagavi
180,15.662621052030122,74.38872510994607,0.7799353,Belagavi
181,15.662621052030122,74.38881494147448,0.76658523,Belagavi
182,15.662621052030122,74.38926409911655,0.69142646,Belagavi
183,15.662621052030122,74.39007258287225,0.69695824,Belagavi
184,15.662621052030122,74.39070140357113,0.75123006,Belagavi
185,15.662621052030122,74.39142005579843,0.67243737,Belagavi
186,15.662621052030122,74.39375567553714,0.6419811,Belagavi
187,15.662621052030122,74.39447432776444,0.35027224,Belagavi
188,15.662621052030122,74.39474382234967,0.33908045,Belagavi
189,15.662621052030122,74.3957319691622,0.53489816,Belagavi
190,15.662621052030122,74.39609129527585,0.44642106,Belagavi
191,15.662621052030122,74.3964506213895,0.44728634,Belagavi
192,15.662621052030122,74.39734893667362,0.4628866,Belagavi
193,15.662621052030122,74.39743876820204,0.41202027,Belagavi
194,15.662621052030122,74.39914556724186,0.6740088,Belagavi
195,15.662621052030122,74.39950489335551,0.45310014,Belagavi
196,15.662621052030122,74.39968455641232,0.41003516,Belagavi
197,15.662621052030122,74.40004388252598,0.4407491,Belagavi
198,15.662621052030122,74.40049304016804,0.5817832,Belagavi
199,15.662621052030122,74.40112186086692,0.65429187,Belagavi
200,15.662621052030122,74.40354731213405,0.7039312,Belagavi
201,15.662621052030122,74.40498461658864,0.63413507,Belagavi
202,15.662621052030122,74.40525411117387,0.63319147,Belagavi
203,15.662621052030122,74.40588293187275,0.6338656,Belagavi
204,15.662621052030122,74.40660158410004,0.55396736,Belagavi
205,15.662621052030122,74.40741006785576,0.6209998,Belagavi
206,15.662621052030122,74.40794905702623,0.5751926,Belagavi
207,15.662621052030122,74.40929652995241,0.42421228,Belagavi
208,15.662621052030122,74.40956602453764,0.56839854,Belagavi
209,15.662710883558535,74.38037077780376,0.5322144,Belagavi
210,15.662710883558535,74.38153858767312,0.7759391,Belagavi
211,15.662710883558535,74.38261656601406,0.72181857,Belagavi
212,15.662710883558535,74.3829758921277,0.6171875,Belagavi
213,15.662710883558535,74.38306572365612,0.6203896,Belagavi
214,15.662710883558535,74.38423353352547,0.6431945,Belagavi
215,15.662710883558535,74.3844131965823,0.648361,Belagavi
216,15.662710883558535,74.38585050103688,0.71998227,Belagavi
217,15.662710883558535,74.38611999562212,0.71421945,Belagavi
218,15.662710883558535,74.38926409911655,0.6952829,Belagavi
219,15.662710883558535,74.38935393064496,0.67810744,Belagavi
220,15.662710883558535,74.39025224592908,0.6955708,Belagavi
221,15.662710883558535,74.3904319089859,0.7572559,Belagavi
222,15.662710883558535,74.39150988732685,0.6619411,Belagavi
223,15.662710883558535,74.39348618095191,0.7011236,Belagavi
224,15.662710883558535,74.39519297999173,0.4749703,Belagavi
225,15.662710883558535,74.39698961055997,0.39604455,Belagavi
226,15.662710883558535,74.39761843125885,0.44686347,Belagavi
227,15.662710883558535,74.3979777573725,0.49207357,Belagavi
228,15.662710883558535,74.39986421946915,0.45912373,Belagavi
229,15.662710883558535,74.40031337711122,0.44536698,Belagavi
230,15.662710883558535,74.40112186086692,0.65488565,Belagavi
231,15.662710883558535,74.40291849143516,0.67053366,Belagavi
232,15.662710883558535,74.40300832296357,0.67053366,Belagavi
233,15.662710883558535,74.40363714366245,0.6640361,Belagavi
234,15.662710883558535,74.40408630130452,0.6889353,Belagavi
235,15.662710883558535,74.40417613283293,0.650935,Belagavi
236,15.662710883558535,74.4047151220034,0.7121097,Belagavi
237,15.662710883558535,74.409206698424,0.39813665,Belagavi
238,15.662800715086949,74.38010128321852,0.38653848,Belagavi
239,15.662800715086949,74.38055044086059,0.5831987,Belagavi
240,15.662800715086949,74.38073010391741,0.644267,Belagavi
241,15.662800715086949,74.38099959850264,0.7378896,Belagavi
242,15.662800715086949,74.38387420741182,0.6355005,Belagavi
243,15.662800715086949,74.38432336505389,0.67505723,Belagavi
244,15.662800715086949,74.38495218575277,0.6916933,Belagavi
245,15.662800715086949,74.38692847937783,0.6625104,Belagavi
246,15.662800715086949,74.38710814243466,0.650786,Belagavi
247,15.662800715086949,74.38773696313353,0.68280315,Belagavi
248,15.662800715086949,74.38935393064496,0.73572826,Belagavi
249,15.662800715086949,74.3897132567586,0.7327629,Belagavi
250,15.662800715086949,74.38998275134384,0.6925247,Belagavi
251,15.662800715086949,74.39168955038366,0.655,Belagavi
252,15.662800715086949,74.3927675287246,0.62973946,Belagavi
253,15.662800715086949,74.39312685483826,0.7028434,Belagavi
254,15.662800715086949,74.39447432776444,0.5073617,Belagavi
255,15.662800715086949,74.39528281152015,0.6427374,Belagavi
256,15.662800715086949,74.3986964095998,0.5917667,Belagavi
257,15.662800715086949,74.39905573571345,0.59850085,Belagavi
258,15.662800715086949,74.39977438794074,0.41742203,Belagavi
259,15.662800715086949,74.39986421946915,0.46261457,Belagavi
260,15.662800715086949,74.40013371405439,0.43851733,Belagavi
261,15.662800715086949,74.4017506815658,0.64811695,Belagavi
262,15.662800715086949,74.40417613283293,0.6609507,Belagavi
263,15.662800715086949,74.40588293187275,0.682384,Belagavi
264,15.662800715086949,74.40794905702623,0.6422213,Belagavi
265,15.662800715086949,74.40857787772511,0.48833165,Belagavi
266,15.662800715086949,74.40893720383876,0.18033609,Belagavi
267,15.662800715086949,74.40938636148083,0.09981711,Belagavi
268,15.662890546615358,74.38288606059929,0.70247024,Belagavi
269,15.662890546615358,74.38342504976977,0.67670804,Belagavi
270,15.662890546615358,74.38351488129818,0.57724553,Belagavi
271,15.662890546615358,74.38540134339483,0.682636,Belagavi
272,15.662890546615358,74.38656915326419,0.72359943,Belagavi
273,15.662890546615358,74.38926409911655,0.6859768,Belagavi
274,15.662890546615358,74.39204887649731,0.5973304,Belagavi
275,15.662890546615358,74.39240820261097,0.53596985,Belagavi
276,15.662890546615358,74.3927675287246,0.60206944,Belagavi
277,15.662890546615358,74.39788792584409,0.70539623,Belagavi
278,15.662890546615358,74.39815742042933,0.6268493,Belagavi
279,15.662890546615358,74.40067270322486,0.64714944,Belagavi
280,15.662890546615358,74.40076253475327,0.55946666,Belagavi
281,15.662890546615358,74.40085236628168,0.55111724,Belagavi
282,15.662890546615358,74.40130152392375,0.6567352,Belagavi
283,15.662890546615358,74.40139135545216,0.66151863,Belagavi
284,15.662890546615358,74.40273882837833,0.68640953,Belagavi
285,15.662890546615358,74.40462529047498,0.6814753,Belagavi
286,15.662890546615358,74.40489478506022,0.6802362,Belagavi
287,15.662890546615358,74.40678124715687,0.54245204,Belagavi
288,15.662890546615358,74.40884737231035,0.3653425,Belagavi
289,15.662890546615358,74.41019484523653,0.5508293,Belagavi
290,15.66298037814377,74.38108943003105,0.79154277,Belagavi
291,15.66298037814377,74.3813589246163,0.729434,Belagavi
292,15.66298037814377,74.38387420741182,0.6651357,Belagavi
293,15.66298037814377,74.38513184880959,0.67138565,Belagavi
294,15.66298037814377,74.38692847937783,0.685085,Belagavi
295,15.66298037814377,74.38719797396307,0.6923077,Belagavi
296,15.66298037814377,74.3873776370199,0.7373984,Belagavi
297,15.66298037814377,74.38764713160514,0.6776881,Belagavi
298,15.66298037814377,74.3881861207756,0.7375215,Belagavi
299,15.66298037814377,74.38827595230401,0.73568285,Belagavi
300,15.66298037814377,74.3889946045313,0.74350375,Belagavi
301,15.66298037814377,74.38998275134384,0.69207025,Belagavi
302,15.66298037814377,74.3911505612132,0.6655474,Belagavi
303,15.66298037814377,74.39204887649731,0.5449393,Belagavi
304,15.66298037814377,74.39294719178143,0.6417975,Belagavi
305,15.66298037814377,74.39402517012238,0.38841978,Belagavi
306,15.66298037814377,74.3942048331792,0.44037,Belagavi
307,15.66298037814377,74.39788792584409,0.7781946,Belagavi
308,15.66298037814377,74.39842691501457,0.66134375,Belagavi
309,15.66298037814377,74.40031337711122,0.47512126,Belagavi
310,15.66298037814377,74.40121169239534,0.6565174,Belagavi
311,15.66298037814377,74.4017506815658,0.6619224,Belagavi
312,15.66298037814377,74.40193034462263,0.7042758,Belagavi
313,15.66298037814377,74.40211000767945,0.6749046,Belagavi
314,15.66298037814377,74.4047151220034,0.69420624,Belagavi
315,15.66298037814377,74.40489478506022,0.6749057,Belagavi
316,15.66298037814377,74.40516427964546,0.6465707,Belagavi
317,15.66298037814377,74.40525411117387,0.61859584,Belagavi
318,15.66298037814377,74.40606259492958,0.7455843,Belagavi
319,15.66298037814377,74.40794905702623,0.625,Belagavi
320,15.66298037814377,74.40938636148083,0.24967091,Belagavi
321,15.663070209672185,74.38001145169011,0.3671171,Belagavi
322,15.663070209672185,74.38099959850264,0.7370006,Belagavi
323,15.663070209672185,74.38189791378676,0.73322076,Belagavi
324,15.663070209672185,74.38369454435501,0.67151344,Belagavi
325,15.663070209672185,74.38423353352547,0.706854,Belagavi
326,15.663070209672185,74.38773696313353,0.66410077,Belagavi
327,15.663070209672185,74.38980308828701,0.6989126,Belagavi
328,15.663070209672185,74.39142005579843,0.69004893,Belagavi
329,15.663070209672185,74.39294719178143,0.6266786,Belagavi
330,15.663070209672185,74.39330651789508,0.6114113,Belagavi
331,15.663070209672185,74.3933963494235,0.6114113,Belagavi
332,15.663070209672185,74.39357601248032,0.6606727,Belagavi
333,15.663070209672185,74.39447432776444,0.4976372,Belagavi
334,15.663070209672185,74.39546247457697,0.43125,Belagavi
335,15.663070209672185,74.39555230610539,0.51308984,Belagavi
336,15.663070209672185,74.39618112680427,0.48671582,Belagavi
337,15.663070209672185,74.39654045291792,0.5202331,Belagavi
338,15.663070209672185,74.39734893667362,0.6152947,Belagavi
339,15.663070209672185,74.40004388252598,0.43264335,Belagavi
340,15.663070209672185,74.40300832296357,0.6424985,Belagavi
341,15.663070209672185,74.40417613283293,0.70548093,Belagavi
342,15.663070209672185,74.40570326881593,0.7100784,Belagavi
343,15.663070209672185,74.40633208951482,0.6958715,Belagavi
344,15.663070209672185,74.4077693939694,0.64645267,Belagavi
345,15.663070209672185,74.40911686689559,0.5907102,Belagavi
346,15.663160041200594,74.38225723990041,0.72639084,Belagavi
347,15.663160041200594,74.38342504976977,0.6971917,Belagavi
348,15.663160041200594,74.38351488129818,0.68252647,Belagavi
349,15.663160041200594,74.38513184880959,0.67229015,Belagavi
350,15.663160041200594,74.38719797396307,0.70082986,Belagavi
351,15.663160041200594,74.38764713160514,0.6666667,Belagavi
352,15.663160041200594,74.39411500165079,0.45454547,Belagavi
353,15.663160041200594,74.39600146374744,0.5648094,Belagavi
354,15.663160041200594,74.39654045291792,0.5827129,Belagavi
355,15.663160041200594,74.39707944208838,0.35231787,Belagavi
356,15.663160041200594,74.39779809431568,0.73006517,Belagavi
357,15.663160041200594,74.39815742042933,0.60160476,Belagavi
358,15.663160041200594,74.40004388252598,0.42975065,Belagavi
359,15.663160041200594,74.40067270322486,0.61195284,Belagavi
360,15.663160041200594,74.40085236628168,0.58886,Belagavi
361,15.663160041200594,74.40390663824769,0.70941174,Belagavi
362,15.663160041200594,74.40498461658864,0.68820393,Belagavi
363,15.663160041200594,74.40588293187275,0.68551993,Belagavi
364,15.663160041200594,74.4069609102137,0.71510935,Belagavi
365,15.663160041200594,74.40866770925352,0.5060241,Belagavi
366,15.663160041200594,74.40929652995241,0.5623932,Belagavi
367,15.663160041200594,74.41019484523653,0.4884419,Belagavi
368,15.663249872729006,74.38028094627535,0.5608592,Belagavi
369,15.663249872729006,74.38055044086059,0.5650398,Belagavi
370,15.663249872729006,74.38342504976977,0.6912013,Belagavi
371,15.663249872729006,74.38423353352547,0.7269585,Belagavi
372,15.663249872729006,74.38531151186642,0.688332,Belagavi
373,15.663249872729006,74.38540134339483,0.67930967,Belagavi
374,15.663249872729006,74.38611999562212,0.575419,Belagavi
375,15.663249872729006,74.38647932173578,0.5584642,Belagavi
376,15.663249872729006,74.38791662619036,0.6661718,Belagavi
377,15.663249872729006,74.38836578383243,0.74060553,Belagavi
378,15.663249872729006,74.3897132567586,0.70276815,Belagavi
379,15.663249872729006,74.39150988732685,0.5785408,Belagavi
380,15.663249872729006,74.39303702330984,0.60669816,Belagavi
381,15.663249872729006,74.39393533859396,0.5253309,Belagavi
382,15.663249872729006,74.3957319691622,0.5838212,Belagavi
383,15.663249872729006,74.3987862411282,0.36185384,Belagavi
384,15.663249872729006,74.39905573571345,0.40078655,Belagavi
385,15.663249872729006,74.40040320863963,0.5780942,Belagavi
386,15.663249872729006,74.40103202933851,0.60469013,Belagavi
387,15.663249872729006,74.40139135545216,0.6737531,Belagavi
388,15.663249872729006,74.4023795022647,0.7410312,Belagavi
389,15.663249872729006,74.40498461658864,0.6650292,Belagavi
390,15.663249872729006,74.40579310034434,0.6461149,Belagavi
391,15.663249872729006,74.40660158410004,0.6770318,Belagavi
392,15.663249872729006,74.40758973091258,0.6567911,Belagavi
393,15.663249872729006,74.409206698424,0.41860145,Belagavi
394,15.66333970425742,74.38028094627535,0.6101083,Belagavi
395,15.66333970425742,74.38090976697423,0.67286247,Belagavi
396,15.66333970425742,74.38315555518453,0.69991654,Belagavi
397,15.66333970425742,74.3836047128266,0.7176857,Belagavi
398,15.66333970425742,74.38396403894023,0.72761714,Belagavi
399,15.66333970425742,74.38558100645166,0.66225165,Belagavi
400,15.66333970425742,74.3896234252302,0.71748555,Belagavi
401,15.66333970425742,74.39088106662795,0.69265366,Belagavi
402,15.66333970425742,74.39204887649731,0.5453321,Belagavi
403,15.66333970425742,74.39402517012238,0.41172266,Belagavi
404,15.66333970425742,74.3949234854065,0.50044763,Belagavi
405,15.66333970425742,74.39627095833268,0.6242868,Belagavi
406,15.66333970425742,74.39779809431568,0.77132994,Belagavi
407,15.66333970425742,74.39914556724186,0.3707064,Belagavi
408,15.66333970425742,74.40148118698058,0.6298874,Belagavi
409,15.66333970425742,74.40264899684992,0.62160844,Belagavi
410,15.66333970425742,74.4031879860204,0.75811094,Belagavi
411,15.66333970425742,74.40498461658864,0.64703065,Belagavi
412,15.66333970425742,74.406152426458,0.6785856,Belagavi
413,15.66333970425742,74.40741006785576,0.6764592,Belagavi
414,15.66342953578583,74.38117926155947,0.68967646,Belagavi
415,15.66342953578583,74.38207757684359,0.70498085,Belagavi
416,15.66342953578583,74.382167408372,0.7358413,Belagavi
417,15.66342953578583,74.38225723990041,0.75682753,Belagavi
418,15.66342953578583,74.38243690295724,0.736893,Belagavi
419,15.66342953578583,74.3829758921277,0.7332504,Belagavi
420,15.66342953578583,74.38405387046865,0.70762116,Belagavi
421,15.66342953578583,74.38450302811071,0.7105559,Belagavi
422,15.66342953578583,74.38576066950847,0.59387535,Belagavi
423,15.66342953578583,74.3859403325653,0.35209358,Belagavi
424,15.66342953578583,74.38620982715054,0.49332184,Belagavi
425,15.66342953578583,74.38629965867895,0.5791014,Belagavi
426,15.66342953578583,74.38656915326419,0.52675486,Belagavi
427,15.66342953578583,74.38917426758813,0.53751284,Belagavi
428,15.66342953578583,74.39025224592908,0.61076957,Belagavi
429,15.66342953578583,74.3919590449689,0.55525553,Belagavi
430,15.66342953578583,74.39294719178143,0.56357235,Belagavi
431,15.66342953578583,74.39357601248032,0.637407,Belagavi
432,15.66342953578583,74.39456415929286,0.38938054,Belagavi
433,15.66342953578583,74.39519297999173,0.5257503,Belagavi
434,15.66342953578583,74.39636078986109,0.63973063,Belagavi
435,15.66342953578583,74.39672011597473,0.440694,Belagavi
436,15.66342953578583,74.3971692736168,0.40034422,Belagavi
437,15.66342953578583,74.39779809431568,0.7537883,Belagavi
438,15.66342953578583,74.39851674654298,0.43052873,Belagavi
439,15.66342953578583,74.39860657807138,0.28553647,Belagavi
440,15.66342953578583,74.39932523029869,0.45206812,Belagavi
441,15.66342953578583,74.39995405099756,0.47007942,Belagavi
442,15.66342953578583,74.4017506815658,0.6413094,Belagavi
443,15.66342953578583,74.40300832296357,0.6935622,Belagavi
444,15.66342953578583,74.40372697519086,0.72137934,Belagavi
445,15.66342953578583,74.4039964697761,0.68666226,Belagavi
446,15.66342953578583,74.40570326881593,0.62020826,Belagavi
447,15.66342953578583,74.40606259492958,0.73419076,Belagavi
448,15.66342953578583,74.40794905702623,0.6730842,Belagavi
449,15.663519367314242,74.38180808225835,0.71816707,Belagavi
450,15.663519367314242,74.38198774531517,0.75977945,Belagavi
451,15.663519367314242,74.38243690295724,0.7325357,Belagavi
452,15.663519367314242,74.38252673448565,0.7439406,Belagavi
453,15.663519367314242,74.38270639754248,0.7270512,Belagavi
454,15.663519367314242,74.38342504976977,0.6783708,Belagavi
455,15.663519367314242,74.38387420741182,0.7164601,Belagavi
456,15.663519367314242,74.3844131965823,0.7406199,Belagavi
457,15.663519367314242,74.38576066950847,0.589723,Belagavi
458,15.663519367314242,74.38603016409371,0.37397504,Belagavi
459,15.663519367314242,74.38809628924719,0.63782525,Belagavi
460,15.663519367314242,74.38854544688925,0.62775385,Belagavi
461,15.663519367314242,74.38998275134384,0.50908417,Belagavi
462,15.663519367314242,74.39034207745749,0.65145385,Belagavi
463,15.663519367314242,74.39150988732685,0.52313554,Belagavi
464,15.663519367314242,74.39213870802573,0.65368855,Belagavi
465,15.663519367314242,74.3942048331792,0.53401154,Belagavi
466,15.663519367314242,74.39555230610539,0.57197756,Belagavi
467,15.663519367314242,74.39600146374744,0.5782249,Belagavi
468,15.663519367314242,74.39609129527585,0.6245853,Belagavi
469,15.663519367314242,74.39618112680427,0.6442353,Belagavi
470,15.663519367314242,74.39734893667362,0.34847298,Belagavi
471,15.663519367314242,74.39815742042933,0.55888146,Belagavi
472,15.663519367314242,74.40013371405439,0.4911898,Belagavi
473,15.663519367314242,74.40067270322486,0.6800774,Belagavi
474,15.663519367314242,74.40148118698058,0.6019316,Belagavi
475,15.663519367314242,74.40184051309421,0.61906874,Belagavi
476,15.663519367314242,74.4023795022647,0.72832817,Belagavi
477,15.663519367314242,74.40291849143516,0.72793555,Belagavi
478,15.663519367314242,74.40444562741817,0.69490194,Belagavi
479,15.663519367314242,74.4054337742307,0.637263,Belagavi
480,15.663519367314242,74.40552360575911,0.637263,Belagavi
481,15.663519367314242,74.40588293187275,0.65936524,Belagavi
482,15.663519367314242,74.40687107868528,0.647873,Belagavi
483,15.663519367314242,74.409206698424,0.557121,Belagavi
484,15.663609198842654,74.38126909308788,0.680077,Belagavi
485,15.663609198842654,74.38207757684359,0.70735586,Belagavi
486,15.663609198842654,74.38243690295724,0.7429316,Belagavi
487,15.663609198842654,74.3829758921277,0.72420716,Belagavi
488,15.663609198842654,74.386748816321,0.45761335,Belagavi
489,15.663609198842654,74.38755730007672,0.64125764,Belagavi
490,15.663609198842654,74.38791662619036,0.6697909,Belagavi
491,15.663609198842654,74.38998275134384,0.46636334,Belagavi
492,15.663609198842654,74.39025224592908,0.5755363,Belagavi
493,15.663609198842654,74.39177938191207,0.54418796,Belagavi
494,15.663609198842654,74.39186921344049,0.6460143,Belagavi
495,15.663609198842654,74.39294719178143,0.49257532,Belagavi
496,15.663609198842654,74.39357601248032,0.59821236,Belagavi
497,15.663609198842654,74.39537264304856,0.6701677,Belagavi
498,15.663609198842654,74.3987862411282,0.4092827,Belagavi
499,15.663609198842654,74.39914556724186,0.44165537,Belagavi
500,15.663609198842654,74.39923539877027,0.4680958,Belagavi
501,15.663609198842654,74.39932523029869,0.46585485,Belagavi
502,15.663609198842654,74.39950489335551,0.43831223,Belagavi
503,15.663609198842654,74.39986421946915,0.45004213,Belagavi
504,15.663609198842654,74.40031337711122,0.47102413,Belagavi
505,15.663609198842654,74.40166085003739,0.5811408,Belagavi
506,15.663609198842654,74.40273882837833,0.623176,Belagavi
507,15.663609198842654,74.40300832296357,0.7493374,Belagavi
508,15.663609198842654,74.40363714366245,0.66538626,Belagavi
509,15.663609198842654,74.40435579588976,0.7139562,Belagavi
510,15.663609198842654,74.40633208951482,0.6775153,Belagavi
511,15.663609198842654,74.40678124715687,0.62714934,Belagavi
512,15.663609198842654,74.40983551912288,0.5505081,Belagavi
513,15.663699030371069,74.38037077780376,0.6399759,Belagavi
514,15.663699030371069,74.3813589246163,0.6654561,Belagavi
515,15.663699030371069,74.3814487561447,0.6855371,Belagavi
516,15.663699030371069,74.38189791378676,0.7468643,Belagavi
517,15.663699030371069,74.38252673448565,0.73086864,Belagavi
518,15.663699030371069,74.3829758921277,0.72451234,Belagavi
519,15.663699030371069,74.38324538671294,0.7161263,Belagavi
520,15.663699030371069,74.38351488129818,0.72298926,Belagavi
521,15.663699030371069,74.38405387046865,0.7399752,Belagavi
522,15.663699030371069,74.38558100645166,0.63959956,Belagavi
523,15.663699030371069,74.38611999562212,0.39634043,Belagavi
524,15.663699030371069,74.38638949020736,0.49568966,Belagavi
525,15.663699030371069,74.3866589847926,0.5327869,Belagavi
526,15.663699030371069,74.3873776370199,0.62369645,Belagavi
527,15.663699030371069,74.38836578383243,0.70767534,Belagavi
528,15.663699030371069,74.38908443605972,0.6236559,Belagavi
529,15.663699030371069,74.39213870802573,0.65091807,Belagavi
530,15.663699030371069,74.39258786566779,0.53833264,Belagavi
531,15.663699030371069,74.39384550706555,0.6144423,Belagavi
532,15.663699030371069,74.39393533859396,0.6132574,Belagavi
533,15.663699030371069,74.39564213763379,0.5763853,Belagavi
534,15.663699030371069,74.39815742042933,0.48664945,Belagavi
535,15.663699030371069,74.39824725195774,0.48664945,Belagavi
536,15.663699030371069,74.39842691501457,0.5103735,Belagavi
537,15.663699030371069,74.39914556724186,0.4309419,Belagavi
538,15.663699030371069,74.40130152392375,0.59611493,Belagavi
539,15.663699030371069,74.4017506815658,0.61480236,Belagavi
540,15.663699030371069,74.40273882837833,0.6353078,Belagavi
541,15.663699030371069,74.40300832296357,0.7081165,Belagavi
542,15.663699030371069,74.40390663824769,0.7033493,Belagavi
543,15.663699030371069,74.40444562741817,0.6646532,Belagavi
544,15.663699030371069,74.40453545894658,0.652459,Belagavi
545,15.663699030371069,74.40830838313988,0.5089317,Belagavi
546,15.663699030371069,74.40911686689559,0.5326241,Belagavi
547,15.663699030371069,74.41019484523653,0.6853314,Belagavi
548,15.663788861899478,74.38019111474694,0.45887446,Belagavi
549,15.663788861899478,74.3813589246163,0.6510377,Belagavi
550,15.663788861899478,74.38153858767312,0.68094003,Belagavi
551,15.663788861899478,74.38180808225835,0.7320999,Belagavi
552,15.663788861899478,74.38207757684359,0.73651373,Belagavi
553,15.663788861899478,74.38225723990041,0.71961135,Belagavi
554,15.663788861899478,74.38270639754248,0.7162954,Belagavi
555,15.663788861899478,74.38279622907088,0.74753064,Belagavi
556,15.663788861899478,74.3829758921277,0.74707633,Belagavi
557,15.663788861899478,74.38378437588341,0.70095646,Belagavi
558,15.663788861899478,74.38450302811071,0.70887095,Belagavi
559,15.663788861899478,74.38728780549148,0.6622476,Belagavi
560,15.663788861899478,74.3873776370199,0.6631709,Belagavi
561,15.663788861899478,74.38764713160514,0.69566154,Belagavi
562,15.663788861899478,74.39016241440066,0.48228884,Belagavi
563,15.663788861899478,74.39034207745749,0.6543312,Belagavi
564,15.663788861899478,74.39213870802573,0.5675676,Belagavi
565,15.663788861899478,74.3942048331792,0.58320373,Belagavi
566,15.663788861899478,74.39474382234967,0.6067146,Belagavi
567,15.663788861899478,74.39591163221903,0.57613873,Belagavi
568,15.663788861899478,74.39627095833268,0.62747526,Belagavi
569,15.663788861899478,74.39905573571345,0.401222,Belagavi
570,15.663788861899478,74.39932523029869,0.42478162,Belagavi
571,15.663788861899478,74.4017506815658,0.6006937,Belagavi
572,15.663788861899478,74.40273882837833,0.6722818,Belagavi
573,15.663788861899478,74.40363714366245,0.6918063,Belagavi
574,15.663788861899478,74.40435579588976,0.6960524,Belagavi
575,15.663788861899478,74.40525411117387,0.614948,Belagavi
576,15.663788861899478,74.40570326881593,0.6821164,Belagavi
577,15.663788861899478,74.40606259492958,0.67342293,Belagavi
578,15.663788861899478,74.40714057327052,0.5977288,Belagavi
579,15.663788861899478,74.40857787772511,0.35783923,Belagavi
580,15.663788861899478,74.40902703536717,0.5666897,Belagavi
581,15.663788861899478,74.41028467676495,0.6401869,Belagavi
582,15.66387869342789,74.380640272389,0.65632147,Belagavi
583,15.66387869342789,74.38162841920153,0.67306525,Belagavi
584,15.66387869342789,74.38225723990041,0.7453484,Belagavi
585,15.66387869342789,74.38270639754248,0.7198107,Belagavi
586,15.66387869342789,74.3844131965823,0.7081545,Belagavi
587,15.66387869342789,74.38459285963913,0.7125447,Belagavi
588,15.66387869342789,74.38477252269594,0.6945706,Belagavi
589,15.66387869342789,74.38504201728118,0.69819,Belagavi
590,15.66387869342789,74.38531151186642,0.6675212,Belagavi
591,15.66387869342789,74.38558100645166,0.6834361,Belagavi
592,15.66387869342789,74.3859403325653,0.44628793,Belagavi
593,15.66387869342789,74.38620982715054,0.39808592,Belagavi
594,15.66387869342789,74.3889946045313,0.6394265,Belagavi
595,15.66387869342789,74.39088106662795,0.67768747,Belagavi
596,15.66387869342789,74.39133022427002,0.5644755,Belagavi
597,15.66387869342789,74.39150988732685,0.5541938,Belagavi
598,15.66387869342789,74.39249803413938,0.61715776,Belagavi
599,15.66387869342789,74.39698961055997,0.39142656,Belagavi
600,15.66387869342789,74.39707944208838,0.6008677,Belagavi
601,15.66387869342789,74.39986421946915,0.44170663,Belagavi
602,15.66387869342789,74.4009421978101,0.5670923,Belagavi
603,15.66387869342789,74.40184051309421,0.6062813,Belagavi
604,15.66387869342789,74.40417613283293,0.67564076,Belagavi
605,15.66387869342789,74.40597276340117,0.6893127,Belagavi
606,15.66387869342789,74.40660158410004,0.70893824,Belagavi
607,15.66387869342789,74.40678124715687,0.66397995,Belagavi
608,15.66387869342789,74.40911686689559,0.49640897,Belagavi
609,15.6639685249563,74.38010128321852,0.45174617,Belagavi
610,15.6639685249563,74.38028094627535,0.6270455,Belagavi
611,15.6639685249563,74.3814487561447,0.6978808,Belagavi
612,15.6639685249563,74.38279622907088,0.7445663,Belagavi
613,15.6639685249563,74.38306572365612,0.7342717,Belagavi
614,15.6639685249563,74.38504201728118,0.67792743,Belagavi
615,15.6639685249563,74.38540134339483,0.6144428,Belagavi
616,15.6639685249563,74.38567083798007,0.7010395,Belagavi
617,15.6639685249563,74.38710814243466,0.51701003,Belagavi
618,15.6639685249563,74.38746746854831,0.6875138,Belagavi
619,15.6639685249563,74.3881861207756,0.5242678,Belagavi
620,15.6639685249563,74.38890477300289,0.6048118,Belagavi
621,15.6639685249563,74.38917426758813,0.4273319,Belagavi
622,15.6639685249563,74.38935393064496,0.56235296,Belagavi
623,15.6639685249563,74.38953359370178,0.55406415,Belagavi
624,15.6639685249563,74.39070140357113,0.66275775,Belagavi
625,15.6639685249563,74.39142005579843,0.5665932,Belagavi
626,15.6639685249563,74.39510314846332,0.6226008,Belagavi
627,15.6639685249563,74.39546247457697,0.6075235,Belagavi
628,15.6639685249563,74.39779809431568,0.43281224,Belagavi
629,15.6639685249563,74.39833708348615,0.5172953,Belagavi
630,15.6639685249563,74.40327781754881,0.7138588,Belagavi
631,15.6639685249563,74.40390663824769,0.6564781,Belagavi
632,15.6639685249563,74.4047151220034,0.608415,Belagavi
633,15.6639685249563,74.40525411117387,0.64922523,Belagavi
634,15.6639685249563,74.4069609102137,0.646411,Belagavi
635,15.6639685249563,74.4077693939694,0.66195315,Belagavi
636,15.6639685249563,74.40812872008306,0.5576235,Belagavi
637,15.6639685249563,74.40974568759447,0.6327462,Belagavi
638,15.664058356484714,74.38001145169011,0.29422414,Belagavi
639,15.664058356484714,74.38037077780376,0.65773195,Belagavi
640,15.664058356484714,74.38234707142882,0.7441816,Belagavi
641,15.664058356484714,74.38252673448565,0.7015899,Belagavi
642,15.664058356484714,74.38315555518453,0.73935825,Belagavi
643,15.664058356484714,74.38351488129818,0.7297073,Belagavi
644,15.664058356484714,74.38432336505389,0.70564693,Belagavi
645,15.664058356484714,74.38603016409371,0.36188295,Belagavi
646,15.664058356484714,74.38683864784942,0.56338274,Belagavi
647,15.664058356484714,74.38944376217337,0.40839836,Belagavi
648,15.664058356484714,74.38953359370178,0.39780053,Belagavi
649,15.664058356484714,74.3897132567586,0.5790265,Belagavi
650,15.664058356484714,74.39016241440066,0.5037745,Belagavi
651,15.664058356484714,74.39061157204273,0.6679749,Belagavi
652,15.664058356484714,74.39231837108255,0.55649596,Belagavi
653,15.664058356484714,74.39258786566779,0.56049496,Belagavi
654,15.664058356484714,74.39267769719619,0.55217785,Belagavi
655,15.664058356484714,74.3957319691622,0.55831164,Belagavi
656,15.664058356484714,74.39582180069061,0.5730519,Belagavi
657,15.664058356484714,74.39600146374744,0.56931466,Belagavi
658,15.664058356484714,74.39672011597473,0.48472542,Belagavi
659,15.664058356484714,74.39905573571345,0.39417905,Belagavi
660,15.664058356484714,74.39923539877027,0.4233896,Belagavi
661,15.664058356484714,74.39950489335551,0.37827024,Belagavi
662,15.664058356484714,74.39968455641232,0.46167067,Belagavi
663,15.664058356484714,74.40121169239534,0.52710027,Belagavi
664,15.664058356484714,74.40157101850897,0.58876544,Belagavi
665,15.664058356484714,74.40300832296357,0.6773867,Belagavi
666,15.664058356484714,74.40408630130452,0.64968884,Belagavi
667,15.664058356484714,74.40453545894658,0.6082765,Belagavi
668,15.664058356484714,74.40516427964546,0.63720113,Belagavi
669,15.664058356484714,74.4077693939694,0.65145946,Belagavi
670,15.664058356484714,74.40785922549782,0.6836502,Belagavi
671,15.664058356484714,74.409206698424,0.5570834,Belagavi
672,15.664148188013126,74.38037077780376,0.6521575,Belagavi
673,15.664148188013126,74.38055044086059,0.6731165,Belagavi
674,15.664148188013126,74.38126909308788,0.6725262,Belagavi
675,15.664148188013126,74.38171825072995,0.7234439,Belagavi
676,15.664148188013126,74.38270639754248,0.72317386,Belagavi
677,15.664148188013126,74.38540134339483,0.6796096,Belagavi
678,15.664148188013126,74.38549117492325,0.7018405,Belagavi
679,15.664148188013126,74.38953359370178,0.36432981,Belagavi
680,15.664148188013126,74.39007258287225,0.5798784,Belagavi
681,15.664148188013126,74.3911505612132,0.623086,Belagavi
682,15.664148188013126,74.39222853955414,0.522943,Belagavi
683,15.664148188013126,74.39267769719619,0.52420354,Belagavi
684,15.664148188013126,74.39348618095191,0.5936426,Belagavi
685,15.664148188013126,74.39546247457697,0.71505016,Belagavi
686,15.664148188013126,74.39564213763379,0.6684229,Belagavi
687,15.664148188013126,74.39582180069061,0.6015466,Belagavi
688,15.664148188013126,74.39680994750314,0.5442454,Belagavi
689,15.664148188013126,74.39851674654298,0.49716282,Belagavi
690,15.664148188013126,74.3994150618271,0.4402899,Belagavi
691,15.664148188013126,74.39959472488391,0.43730688,Belagavi
692,15.664148188013126,74.40049304016804,0.6240364,Belagavi
693,15.664148188013126,74.40067270322486,0.6020509,Belagavi
694,15.664148188013126,74.40085236628168,0.5649163,Belagavi
695,15.664148188013126,74.40130152392375,0.48864686,Belagavi
696,15.664148188013126,74.40139135545216,0.5246327,Belagavi
697,15.664148188013126,74.4023795022647,0.609404,Belagavi
698,15.664148188013126,74.4039964697761,0.64885855,Belagavi
699,15.664148188013126,74.4054337742307,0.7077551,Belagavi
700,15.664148188013126,74.40570326881593,0.7036738,Belagavi
701,15.664148188013126,74.40723040479894,0.63974875,Belagavi
702,15.664148188013126,74.40956602453764,0.5520833,Belagavi
703,15.664148188013126,74.41028467676495,0.68671376,Belagavi
704,15.664238019541536,74.38055044086059,0.7165049,Belagavi
705,15.664238019541536,74.38153858767312,0.6680304,Belagavi
706,15.664238019541536,74.38270639754248,0.7266543,Belagavi
707,15.664238019541536,74.38620982715054,0.41088462,Belagavi
708,15.664238019541536,74.38638949020736,0.60189754,Belagavi
709,15.664238019541536,74.38656915326419,0.56518346,Belagavi
710,15.664238019541536,74.38692847937783,0.3609666,Belagavi
711,15.664238019541536,74.38773696313353,0.6806651,Belagavi
712,15.664238019541536,74.38872510994607,0.6465284,Belagavi
713,15.664238019541536,74.39097089815637,0.63256943,Belagavi
714,15.664238019541536,74.39159971885526,0.58494323,Belagavi
715,15.664238019541536,74.39411500165079,0.57385397,Belagavi
716,15.664238019541536,74.39734893667362,0.3670344,Belagavi
717,15.664238019541536,74.3979777573725,0.4654078,Belagavi
718,15.664238019541536,74.39824725195774,0.5809385,Belagavi
719,15.664238019541536,74.39986421946915,0.5542022,Belagavi
720,15.664238019541536,74.40004388252598,0.5908063,Belagavi
721,15.664238019541536,74.40085236628168,0.56867284,Belagavi
722,15.664238019541536,74.40130152392375,0.52253574,Belagavi
723,15.664238019541536,74.40193034462263,0.580673,Belagavi
724,15.664238019541536,74.40202017615104,0.58772516,Belagavi
725,15.664238019541536,74.40336764907723,0.6637824,Belagavi
726,15.664238019541536,74.40390663824769,0.64028776,Belagavi
727,15.664238019541536,74.40633208951482,0.673737,Belagavi
728,15.664238019541536,74.40651175257165,0.66403234,Belagavi
729,15.664238019541536,74.40660158410004,0.6105069,Belagavi
730,15.664238019541536,74.40669141562846,0.6102184,Belagavi
731,15.664238019541536,74.40749989938418,0.64761513,Belagavi
732,15.664238019541536,74.40758973091258,0.66506624,Belagavi
733,15.664238019541536,74.40902703536717,0.52171564,Belagavi
734,15.664238019541536,74.409206698424,0.45944092,Belagavi
735,15.66432785106995,74.38037077780376,0.69456065,Belagavi
736,15.66432785106995,74.38225723990041,0.703237,Belagavi
737,15.66432785106995,74.38378437588341,0.74523264,Belagavi
738,15.66432785106995,74.385221680338,0.68196374,Belagavi
739,15.66432785106995,74.3866589847926,0.4196396,Belagavi
740,15.66432785106995,74.38701831090624,0.42967317,Belagavi
741,15.66432785106995,74.38872510994607,0.6979374,Belagavi
742,15.66432785106995,74.38881494147448,0.70551324,Belagavi
743,15.66432785106995,74.39456415929286,0.5814959,Belagavi
744,15.66432785106995,74.39627095833268,0.64500254,Belagavi
745,15.66432785106995,74.39806758890091,0.5471001,Belagavi
746,15.66432785106995,74.39824725195774,0.5868663,Belagavi
747,15.66432785106995,74.40166085003739,0.5797423,Belagavi
748,15.66432785106995,74.40184051309421,0.572284,Belagavi
749,15.66432785106995,74.4047151220034,0.63406545,Belagavi
750,15.66432785106995,74.40507444811705,0.6627615,Belagavi
751,15.66432785106995,74.40561343728751,0.6640979,Belagavi
752,15.66432785106995,74.40857787772511,0.39965457,Belagavi
753,15.66432785106995,74.40875754078193,0.30152905,Belagavi
754,15.66432785106995,74.409206698424,0.43578643,Belagavi
755,15.66432785106995,74.40956602453764,0.43135738,Belagavi
756,15.664417682598362,74.38001145169011,0.36585367,Belagavi
757,15.664417682598362,74.38037077780376,0.69975877,Belagavi
758,15.664417682598362,74.38046060933218,0.7092031,Belagavi
759,15.664417682598362,74.38207757684359,0.66491044,Belagavi
760,15.664417682598362,74.38531151186642,0.71716356,Belagavi
761,15.664417682598362,74.38647932173578,0.6203966,Belagavi
762,15.664417682598362,74.38872510994607,0.70397425,Belagavi
763,15.664417682598362,74.38926409911655,0.5535931,Belagavi
764,15.664417682598362,74.39061157204273,0.69577664,Belagavi
765,15.664417682598362,74.3933963494235,0.6824605,Belagavi
766,15.664417682598362,74.39519297999173,0.54901636,Belagavi
767,15.664417682598362,74.3964506213895,0.66235864,Belagavi
768,15.664417682598362,74.39707944208838,0.42143765,Belagavi
769,15.664417682598362,74.39725910514521,0.404305,Belagavi
770,15.664417682598362,74.4024693337931,0.65185183,Belagavi
771,15.664417682598362,74.40732023632735,0.6360153,Belagavi
772,15.664417682598362,74.40902703536717,0.42380592,Belagavi
773,15.664417682598362,74.40965585606605,0.39527407,Belagavi
774,15.664507514126774,74.38019111474694,0.6400468,Belagavi
775,15.664507514126774,74.38108943003105,0.7091319,Belagavi
776,15.664507514126774,74.38189791378676,0.6556017,Belagavi
777,15.664507514126774,74.38279622907088,0.7464951,Belagavi
778,15.664507514126774,74.38504201728118,0.71682084,Belagavi
779,15.664507514126774,74.38629965867895,0.5194293,Belagavi
780,15.664507514126774,74.38656915326419,0.5390729,Belagavi
781,15.664507514126774,74.38683864784942,0.46997777,Belagavi
782,15.664507514126774,74.38764713160514,0.70750237,Belagavi
783,15.664507514126774,74.3897132567586,0.42689416,Belagavi
784,15.664507514126774,74.39034207745749,0.45472586,Belagavi
785,15.664507514126774,74.39052174051432,0.61787975,Belagavi
786,15.664507514126774,74.39142005579843,0.61473846,Belagavi
787,15.664507514126774,74.39222853955414,0.42992058,Belagavi
788,15.664507514126774,74.3927675287246,0.5550501,Belagavi
789,15.664507514126774,74.3942048331792,0.588671,Belagavi
790,15.664507514126774,74.39447432776444,0.62461025,Belagavi
791,15.664507514126774,74.39627095833268,0.68349516,Belagavi
792,15.664507514126774,74.39636078986109,0.6780718,Belagavi
793,15.664507514126774,74.39680994750314,0.46274576,Belagavi
794,15.664507514126774,74.3971692736168,0.35124636,Belagavi
795,15.664507514126774,74.39860657807138,0.61649877,Belagavi
796,15.664507514126774,74.3986964095998,0.5251306,Belagavi
797,15.664507514126774,74.39959472488391,0.43723702,Belagavi
798,15.664507514126774,74.40103202933851,0.5715155,Belagavi
799,15.664507514126774,74.4017506815658,0.60111755,Belagavi
800,15.664507514126774,74.40417613283293,0.66034245,Belagavi
801,15.664507514126774,74.40507444811705,0.6571561,Belagavi
802,15.664507514126774,74.40534394270229,0.6817142,Belagavi
803,15.664507514126774,74.40570326881593,0.6674938,Belagavi
804,15.664507514126774,74.40597276340117,0.65287846,Belagavi
805,15.664507514126774,74.40678124715687,0.6347399,Belagavi
806,15.664507514126774,74.40687107868528,0.6663296,Belagavi
807,15.664507514126774,74.40947619300924,0.42983857,Belagavi
808,15.664507514126774,74.41010501370812,0.592212,Belagavi
809,15.664507514126774,74.41028467676495,0.5798829,Belagavi
810,15.664597345655183,74.382167408372,0.71712536,Belagavi
811,15.664597345655183,74.38270639754248,0.735774,Belagavi
812,15.664597345655183,74.38414370199706,0.7443068,Belagavi
813,15.664597345655183,74.38486235422435,0.7132571,Belagavi
814,15.664597345655183,74.38620982715054,0.48485434,Belagavi
815,15.664597345655183,74.38638949020736,0.53874844,Belagavi
816,15.664597345655183,74.38791662619036,0.7134809,Belagavi
817,15.664597345655183,74.38935393064496,0.5359154,Belagavi
818,15.664597345655183,74.3896234252302,0.39943555,Belagavi
819,15.664597345655183,74.39052174051432,0.567412,Belagavi
820,15.664597345655183,74.39097089815637,0.59363157,Belagavi
821,15.664597345655183,74.39285736025302,0.59530663,Belagavi
822,15.664597345655183,74.39348618095191,0.64577657,Belagavi
823,15.664597345655183,74.39546247457697,0.68336743,Belagavi
824,15.664597345655183,74.39743876820204,0.38201192,Belagavi
825,15.664597345655183,74.39752859973045,0.33354172,Belagavi
826,15.664597345655183,74.39887607265662,0.48811516,Belagavi
827,15.664597345655183,74.39914556724186,0.4168581,Belagavi
828,15.664597345655183,74.4009421978101,0.5597336,Belagavi
829,15.664597345655183,74.40193034462263,0.6323009,Belagavi
830,15.664597345655183,74.40255916532152,0.62813187,Belagavi
831,15.664597345655183,74.40300832296357,0.6913521,Belagavi
832,15.664597345655183,74.4039964697761,0.62774813,Belagavi
833,15.664597345655183,74.40561343728751,0.64546627,Belagavi
834,15.664597345655183,74.40588293187275,0.62792677,Belagavi
835,15.664597345655183,74.40606259492958,0.6778495,Belagavi
836,15.664597345655183,74.406152426458,0.6894282,Belagavi
837,15.664597345655183,74.40633208951482,0.698193,Belagavi
838,15.664597345655183,74.40857787772511,0.5375,Belagavi
839,15.664597345655183,74.40884737231035,0.37452948,Belagavi
840,15.664687177183598,74.38090976697423,0.61509144,Belagavi
841,15.664687177183598,74.3814487561447,0.682243,Belagavi
842,15.664687177183598,74.38189791378676,0.6840455,Belagavi
843,15.664687177183598,74.38306572365612,0.7306452,Belagavi
844,15.664687177183598,74.38315555518453,0.7328739,Belagavi
845,15.664687177183598,74.3866589847926,0.5489099,Belagavi
846,15.664687177183598,74.38710814243466,0.4248458,Belagavi
847,15.664687177183598,74.38719797396307,0.3613209,Belagavi
848,15.664687177183598,74.38782679466195,0.6959831,Belagavi
849,15.664687177183598,74.38836578383243,0.7303371,Belagavi
850,15.664687177183598,74.38854544688925,0.7082991,Belagavi
851,15.664687177183598,74.38917426758813,0.6193223,Belagavi
852,15.664687177183598,74.39061157204273,0.541675,Belagavi
853,15.664687177183598,74.39124039274161,0.4664614,Belagavi
854,15.664687177183598,74.39213870802573,0.50973696,Belagavi
855,15.664687177183598,74.39258786566779,0.5901193,Belagavi
856,15.664687177183598,74.39393533859396,0.59720457,Belagavi
857,15.664687177183598,74.39447432776444,0.57548517,Belagavi
858,15.664687177183598,74.39465399082125,0.48343584,Belagavi
859,15.664687177183598,74.39564213763379,0.7101055,Belagavi
860,15.664687177183598,74.39707944208838,0.3299748,Belagavi
861,15.664687177183598,74.39734893667362,0.44442275,Belagavi
862,15.664687177183598,74.39806758890091,0.57230616,Belagavi
863,15.664687177183598,74.39896590418503,0.41029957,Belagavi
864,15.664687177183598,74.40013371405439,0.61864233,Belagavi
865,15.664687177183598,74.40103202933851,0.6067839,Belagavi
866,15.664687177183598,74.4023795022647,0.6013333,Belagavi
867,15.664687177183598,74.40327781754881,0.6609603,Belagavi
868,15.664687177183598,74.40498461658864,0.67325485,Belagavi
869,15.664687177183598,74.40606259492958,0.7045637,Belagavi
870,15.664687177183598,74.4062422579864,0.70288426,Belagavi
871,15.664687177183598,74.40633208951482,0.71020645,Belagavi
872,15.664687177183598,74.40678124715687,0.7113402,Belagavi
873,15.664687177183598,74.40705074174211,0.66870695,Belagavi
874,15.664687177183598,74.40723040479894,0.6378081,Belagavi
875,15.664687177183598,74.40794905702623,0.4880163,Belagavi
876,15.664687177183598,74.40965585606605,0.49168736,Belagavi
877,15.664687177183598,74.41010501370812,0.54858,Belagavi
878,15.66477700871201,74.38099959850264,0.63858414,Belagavi
879,15.66477700871201,74.38162841920153,0.66058177,Belagavi
880,15.66477700871201,74.38333521824136,0.78830445,Belagavi
881,15.66477700871201,74.38405387046865,0.7229122,Belagavi
882,15.66477700871201,74.38620982715054,0.6038221,Belagavi
883,15.66477700871201,74.386748816321,0.58445555,Belagavi
884,15.66477700871201,74.38701831090624,0.33064374,Belagavi
885,15.66477700871201,74.38719797396307,0.35338867,Belagavi
886,15.66477700871201,74.3897132567586,0.49596348,Belagavi
887,15.66477700871201,74.39366584400872,0.63113004,Belagavi
888,15.66477700871201,74.39375567553714,0.61216104,Belagavi
889,15.66477700871201,74.39447432776444,0.5728442,Belagavi
890,15.66477700871201,74.39465399082125,0.5317619,Belagavi
891,15.66477700871201,74.3964506213895,0.64345664,Belagavi
892,15.66477700871201,74.3994150618271,0.39470765,Belagavi
893,15.66477700871201,74.40031337711122,0.6236058,Belagavi
894,15.66477700871201,74.40067270322486,0.5313115,Belagavi
895,15.66477700871201,74.40534394270229,0.67141694,Belagavi
896,15.66477700871201,74.40758973091258,0.59183675,Belagavi
897,15.66477700871201,74.40803888855464,0.5376569,Belagavi
898,15.66486684024042,74.38171825072995,0.70743126,Belagavi
899,15.66486684024042,74.38315555518453,0.72177833,Belagavi
900,15.66486684024042,74.38414370199706,0.7132659,Belagavi
901,15.66486684024042,74.3844131965823,0.74243003,Belagavi
902,15.66486684024042,74.38459285963913,0.73708147,Belagavi
903,15.66486684024042,74.38540134339483,0.68445575,Belagavi
904,15.66486684024042,74.38603016409371,0.6836591,Belagavi
905,15.66486684024042,74.38764713160514,0.6835552,Belagavi
906,15.66486684024042,74.38800645771877,0.68704057,Belagavi
907,15.66486684024042,74.38845561536084,0.7000655,Belagavi
908,15.66486684024042,74.38881494147448,0.7108535,Belagavi
909,15.66486684024042,74.38953359370178,0.579735,Belagavi
910,15.66486684024042,74.39052174051432,0.40597308,Belagavi
911,15.66486684024042,74.39079123509954,0.4933423,Belagavi
912,15.66486684024042,74.39097089815637,0.5541543,Belagavi
913,15.66486684024042,74.39150988732685,0.30569947,Belagavi
914,15.66486684024042,74.39177938191207,0.5812362,Belagavi
915,15.66486684024042,74.39348618095191,0.5899978,Belagavi
916,15.66486684024042,74.39698961055997,0.4670286,Belagavi
917,15.66486684024042,74.39743876820204,0.39168316,Belagavi
918,15.66486684024042,74.4009421978101,0.6037697,Belagavi
919,15.66486684024042,74.40130152392375,0.6359569,Belagavi
920,15.66486684024042,74.4054337742307,0.64396554,Belagavi
921,15.66486684024042,74.40929652995241,0.6242013,Belagavi
922,15.664956671768833,74.38162841920153,0.7138543,Belagavi
923,15.664956671768833,74.38207757684359,0.63350576,Belagavi
924,15.664956671768833,74.38234707142882,0.62575597,Belagavi
925,15.664956671768833,74.38351488129818,0.7448341,Belagavi
926,15.664956671768833,74.38369454435501,0.71968436,Belagavi
927,15.664956671768833,74.38432336505389,0.7462629,Belagavi
928,15.664956671768833,74.38450302811071,0.7433919,Belagavi
929,15.664956671768833,74.38459285963913,0.7443895,Belagavi
930,15.664956671768833,74.38549117492325,0.74488133,Belagavi
931,15.664956671768833,74.38692847937783,0.40219197,Belagavi
932,15.664956671768833,74.3881861207756,0.6833527,Belagavi
933,15.664956671768833,74.39213870802573,0.6685446,Belagavi
934,15.664956671768833,74.3942048331792,0.6100547,Belagavi
935,15.664956671768833,74.39501331693491,0.31750923,Belagavi
936,15.664956671768833,74.39555230610539,0.5503341,Belagavi
937,15.664956671768833,74.39600146374744,0.6489933,Belagavi
938,15.664956671768833,74.39905573571345,0.49005362,Belagavi
939,15.664956671768833,74.40139135545216,0.62343097,Belagavi
940,15.664956671768833,74.40193034462263,0.61790395,Belagavi
941,15.664956671768833,74.40264899684992,0.64355534,Belagavi
942,15.664956671768833,74.40381680671928,0.65296406,Belagavi
943,15.664956671768833,74.40390663824769,0.6524645,Belagavi
944,15.664956671768833,74.40453545894658,0.61419475,Belagavi
945,15.664956671768833,74.40480495353181,0.67645365,Belagavi
946,15.664956671768833,74.40516427964546,0.6480302,Belagavi
947,15.664956671768833,74.40525411117387,0.6438297,Belagavi
948,15.664956671768833,74.40534394270229,0.6376429,Belagavi
949,15.664956671768833,74.4054337742307,0.6623822,Belagavi
950,15.664956671768833,74.40561343728751,0.67562914,Belagavi
951,15.664956671768833,74.40588293187275,0.7044435,Belagavi
952,15.664956671768833,74.40606259492958,0.67148715,Belagavi
953,15.664956671768833,74.40642192104323,0.70280415,Belagavi
954,15.664956671768833,74.40723040479894,0.6424632,Belagavi
955,15.664956671768833,74.40785922549782,0.5508021,Belagavi
956,15.664956671768833,74.4083982146683,0.55575967,Belagavi
957,15.664956671768833,74.40875754078193,0.44064918,Belagavi
958,15.664956671768833,74.40938636148083,0.6224,Belagavi
959,15.665046503297246,74.38028094627535,0.6137441,Belagavi
960,15.665046503297246,74.38306572365612,0.72839993,Belagavi
961,15.665046503297246,74.38324538671294,0.7361769,Belagavi
962,15.665046503297246,74.38333521824136,0.7277529,Belagavi
963,15.665046503297246,74.38638949020736,0.5799931,Belagavi
964,15.665046503297246,74.38845561536084,0.6694995,Belagavi
965,15.665046503297246,74.38863527841767,0.6856369,Belagavi
966,15.665046503297246,74.38989291981542,0.5380938,Belagavi
967,15.665046503297246,74.39016241440066,0.5866878,Belagavi
968,15.665046503297246,74.39052174051432,0.3876937,Belagavi
969,15.665046503297246,74.39079123509954,0.4042702,Belagavi
970,15.665046503297246,74.39258786566779,0.6667322,Belagavi
971,15.665046503297246,74.39267769719619,0.66197723,Belagavi
972,15.665046503297246,74.39384550706555,0.52037805,Belagavi
973,15.665046503297246,74.39411500165079,0.60208374,Belagavi
974,15.665046503297246,74.3942048331792,0.61276776,Belagavi
975,15.665046503297246,74.39546247457697,0.5067375,Belagavi
976,15.665046503297246,74.39555230610539,0.53614193,Belagavi
977,15.665046503297246,74.39582180069061,0.6871004,Belagavi
978,15.665046503297246,74.39600146374744,0.65671104,Belagavi
979,15.665046503297246,74.39618112680427,0.6624957,Belagavi
980,15.665046503297246,74.39752859973045,0.38619572,Belagavi
981,15.665046503297246,74.39851674654298,0.53488374,Belagavi
982,15.665046503297246,74.3987862411282,0.5558901,Belagavi
983,15.665046503297246,74.39986421946915,0.57317835,Belagavi
984,15.665046503297246,74.40058287169644,0.60392,Belagavi
985,15.665046503297246,74.40103202933851,0.6338607,Belagavi
986,15.665046503297246,74.4024693337931,0.61237204,Belagavi
987,15.665046503297246,74.40300832296357,0.707026,Belagavi
988,15.665046503297246,74.40309815449199,0.6893641,Belagavi
989,15.665046503297246,74.40345748060564,0.61875635,Belagavi
990,15.665046503297246,74.40453545894658,0.64321065,Belagavi
991,15.665046503297246,74.4047151220034,0.6494401,Belagavi
992,15.665046503297246,74.40498461658864,0.6344377,Belagavi
993,15.665046503297246,74.40552360575911,0.66312593,Belagavi
994,15.665046503297246,74.40579310034434,0.6939734,Belagavi
995,15.665046503297246,74.40597276340117,0.67573965,Belagavi
996,15.665046503297246,74.4062422579864,0.71417415,Belagavi
997,15.665046503297246,74.40821855161147,0.50087076,Belagavi
998,15.665046503297246,74.40929652995241,0.59322035,Belagavi
999,15.665046503297246,74.40947619300924,0.52705413,Belagavi
1000,15.665136334825656,74.38037077780376,0.6320338,Belagavi
1001,15.665136334825656,74.38046060933218,0.68591225,Belagavi
1002,15.665136334825656,74.38162841920153,0.5982939,Belagavi
1003,15.665136334825656,74.38270639754248,0.66629934,Belagavi
1004,15.665136334825656,74.38414370199706,0.71076417,Belagavi
1005,15.665136334825656,74.38513184880959,0.73640245,Belagavi
1006,15.665136334825656,74.3881861207756,0.69175625,Belagavi
1007,15.665136334825656,74.39510314846332,0.4042728,Belagavi
1008,15.665136334825656,74.39582180069061,0.6260268,Belagavi
1009,15.665136334825656,74.39680994750314,0.626137,Belagavi
1010,15.665136334825656,74.39851674654298,0.5154553,Belagavi
1011,15.665136334825656,74.39905573571345,0.47710183,Belagavi
1012,15.665136334825656,74.3994150618271,0.45834017,Belagavi
1013,15.665136334825656,74.39968455641232,0.37025318,Belagavi
1014,15.665136334825656,74.39995405099756,0.61858284,Belagavi
1015,15.665136334825656,74.40040320863963,0.59654754,Belagavi
1016,15.665136334825656,74.40157101850897,0.62359315,Belagavi
1017,15.665136334825656,74.40282865990675,0.65256524,Belagavi
1018,15.665136334825656,74.4031879860204,0.67763287,Belagavi
1019,15.665136334825656,74.4047151220034,0.6299484,Belagavi
1020,15.665136334825656,74.40597276340117,0.6575713,Belagavi
1021,15.665136334825656,74.40947619300924,0.37885907,Belagavi
1022,15.665136334825656,74.41010501370812,0.2508263,Belagavi
1023,15.665226166354069,74.38081993544581,0.66985047,Belagavi
1024,15.665226166354069,74.38198774531517,0.6798986,Belagavi
1025,15.665226166354069,74.38243690295724,0.6975666,Belagavi
1026,15.665226166354069,74.38333521824136,0.7169771,Belagavi
1027,15.665226166354069,74.38378437588341,0.76846534,Belagavi
1028,15.665226166354069,74.38405387046865,0.75328696,Belagavi
1029,15.665226166354069,74.38513184880959,0.74576586,Belagavi
1030,15.665226166354069,74.38540134339483,0.7459626,Belagavi
1031,15.665226166354069,74.38629965867895,0.67895365,Belagavi
1032,15.665226166354069,74.386748816321,0.4772103,Belagavi
1033,15.665226166354069,74.38692847937783,0.4748515,Belagavi
1034,15.665226166354069,74.38719797396307,0.42454875,Belagavi
1035,15.665226166354069,74.38746746854831,0.3880301,Belagavi
1036,15.665226166354069,74.38863527841767,0.6640589,Belagavi
1037,15.665226166354069,74.38908443605972,0.6727727,Belagavi
1038,15.665226166354069,74.38926409911655,0.47767937,Belagavi
1039,15.665226166354069,74.38980308828701,0.4860301,Belagavi
1040,15.665226166354069,74.38998275134384,0.5534419,Belagavi
1041,15.665226166354069,74.39025224592908,0.5653584,Belagavi
1042,15.665226166354069,74.39088106662795,0.45476004,Belagavi
1043,15.665226166354069,74.39133022427002,0.32711548,Belagavi
1044,15.665226166354069,74.39447432776444,0.4897413,Belagavi
1045,15.665226166354069,74.39537264304856,0.41230488,Belagavi
1046,15.665226166354069,74.39833708348615,0.53894615,Belagavi
1047,15.665226166354069,74.39842691501457,0.53894615,Belagavi
1048,15.665226166354069,74.40103202933851,0.6444356,Belagavi
1049,15.665226166354069,74.40148118698058,0.60528,Belagavi
1050,15.665226166354069,74.40327781754881,0.6817582,Belagavi
1051,15.665226166354069,74.40723040479894,0.6134454,Belagavi
1052,15.665226166354069,74.40741006785576,0.6612683,Belagavi
1053,15.665226166354069,74.40785922549782,0.628704,Belagavi
1054,15.665226166354069,74.40857787772511,0.46456164,Belagavi
1055,15.665315997882482,74.38288606059929,0.702519,Belagavi
1056,15.665315997882482,74.385221680338,0.73889107,Belagavi
1057,15.665315997882482,74.38647932173578,0.6223067,Belagavi
1058,15.665315997882482,74.3873776370199,0.39982253,Belagavi
1059,15.665315997882482,74.38872510994607,0.6809925,Belagavi
1060,15.665315997882482,74.38881494147448,0.6911504,Belagavi
1061,15.665315997882482,74.39007258287225,0.5797407,Belagavi
1062,15.665315997882482,74.39106072968478,0.44566995,Belagavi
1063,15.665315997882482,74.39249803413938,0.57715887,Belagavi
1064,15.665315997882482,74.39348618095191,0.49857953,Belagavi
1065,15.665315997882482,74.39555230610539,0.39019963,Belagavi
1066,15.665315997882482,74.39600146374744,0.5318308,Belagavi
1067,15.665315997882482,74.39636078986109,0.65298945,Belagavi
1068,15.665315997882482,74.39663028444632,0.61685246,Belagavi
1069,15.665315997882482,74.39896590418503,0.5468259,Belagavi
1070,15.665315997882482,74.39914556724186,0.54770076,Belagavi
1071,15.665315997882482,74.39932523029869,0.55958635,Belagavi
1072,15.665315997882482,74.40004388252598,0.57430214,Belagavi
1073,15.665315997882482,74.40049304016804,0.57214344,Belagavi
1074,15.665315997882482,74.40184051309421,0.6122229,Belagavi
1075,15.665315997882482,74.40219983920787,0.6172542,Belagavi
1076,15.665315997882482,74.40264899684992,0.67939216,Belagavi
1077,15.665315997882482,74.40426596436134,0.6164143,Belagavi
1078,15.665315997882482,74.40489478506022,0.6314787,Belagavi
1079,15.665315997882482,74.40525411117387,0.66327775,Belagavi
1080,15.665315997882482,74.40803888855464,0.57267123,Belagavi
1081,15.665405829410894,74.38028094627535,0.51165646,Belagavi
1082,15.665405829410894,74.38055044086059,0.5560933,Belagavi
1083,15.665405829410894,74.38108943003105,0.6874429,Belagavi
1084,15.665405829410894,74.38225723990041,0.68217844,Belagavi
1085,15.665405829410894,74.38243690295724,0.6996149,Belagavi
1086,15.665405829410894,74.38342504976977,0.69576603,Belagavi
1087,15.665405829410894,74.38513184880959,0.75412846,Belagavi
1088,15.665405829410894,74.3859403325653,0.7133503,Belagavi
1089,15.665405829410894,74.3866589847926,0.5692932,Belagavi
1090,15.665405829410894,74.38728780549148,0.44500723,Belagavi
1091,15.665405829410894,74.38881494147448,0.6951086,Belagavi
1092,15.665405829410894,74.39249803413938,0.5472103,Belagavi
1093,15.665405829410894,74.39366584400872,0.40707964,Belagavi
1094,15.665405829410894,74.39411500165079,0.4744352,Belagavi
1095,15.665405829410894,74.39591163221903,0.45072463,Belagavi
1096,15.665405829410894,74.3979777573725,0.59069276,Belagavi
1097,15.665405829410894,74.3986964095998,0.6199961,Belagavi
1098,15.665405829410894,74.39887607265662,0.60820127,Belagavi
1099,15.665405829410894,74.39914556724186,0.5104377,Belagavi
1100,15.665405829410894,74.40130152392375,0.6085159,Belagavi
1101,15.665405829410894,74.40148118698058,0.6311942,Belagavi
1102,15.665405829410894,74.40255916532152,0.6559406,Belagavi
1103,15.665405829410894,74.4031879860204,0.65361756,Belagavi
1104,15.665405829410894,74.40336764907723,0.667833,Belagavi
1105,15.665405829410894,74.40381680671928,0.6929049,Belagavi
1106,15.665405829410894,74.40561343728751,0.64946765,Belagavi
1107,15.665405829410894,74.406152426458,0.66370934,Belagavi
1108,15.665405829410894,74.40893720383876,0.57721263,Belagavi
1109,15.665405829410894,74.40965585606605,0.6275455,Belagavi
1110,15.665405829410894,74.40983551912288,0.34163645,Belagavi
1111,15.665405829410894,74.41019484523653,0.19970304,Belagavi
1112,15.665495660939303,74.38090976697423,0.69325155,Belagavi
1113,15.665495660939303,74.38162841920153,0.6228522,Belagavi
1114,15.665495660939303,74.38180808225835,0.66283524,Belagavi
1115,15.665495660939303,74.38288606059929,0.72898275,Belagavi
1116,15.665495660939303,74.3829758921277,0.69200087,Belagavi
1117,15.665495660939303,74.38369454435501,0.72485805,Belagavi
1118,15.665495660939303,74.38378437588341,0.7090179,Belagavi
1119,15.665495660939303,74.38468269116754,0.7282747,Belagavi
1120,15.665495660939303,74.38773696313353,0.6576264,Belagavi
1121,15.665495660939303,74.38782679466195,0.69190174,Belagavi
1122,15.665495660939303,74.38989291981542,0.48024452,Belagavi
1123,15.665495660939303,74.38998275134384,0.5332527,Belagavi
1124,15.665495660939303,74.39034207745749,0.5707527,Belagavi
1125,15.665495660939303,74.39079123509954,0.4506814,Belagavi
1126,15.665495660939303,74.39088106662795,0.45961538,Belagavi
1127,15.665495660939303,74.39860657807138,0.45342162,Belagavi
1128,15.665495660939303,74.39914556724186,0.5897702,Belagavi
1129,15.665495660939303,74.39923539877027,0.6069343,Belagavi
1130,15.665495660939303,74.40085236628168,0.6643625,Belagavi
1131,15.665495660939303,74.40444562741817,0.6630362,Belagavi
1132,15.665495660939303,74.4047151220034,0.64500487,Belagavi
1133,15.665495660939303,74.40498461658864,0.6201767,Belagavi
1134,15.665495660939303,74.40660158410004,0.71935296,Belagavi
1135,15.665495660939303,74.40821855161147,0.5897833,Belagavi
1136,15.665495660939303,74.40830838313988,0.56198347,Belagavi
1137,15.665495660939303,74.40857787772511,0.5251641,Belagavi
1138,15.665495660939303,74.40956602453764,0.5970766,Belagavi
1139,15.665585492467716,74.38081993544581,0.63854426,Belagavi
1140,15.665585492467716,74.38090976697423,0.66589427,Belagavi
1141,15.665585492467716,74.38153858767312,0.6448635,Belagavi
1142,15.665585492467716,74.38180808225835,0.54033846,Belagavi
1143,15.665585492467716,74.38432336505389,0.7360681,Belagavi
1144,15.665585492467716,74.38468269116754,0.7092797,Belagavi
1145,15.665585492467716,74.38495218575277,0.7184273,Belagavi
1146,15.665585492467716,74.38585050103688,0.74302375,Belagavi
1147,15.665585492467716,74.38647932173578,0.684678,Belagavi
1148,15.665585492467716,74.3881861207756,0.6223897,Belagavi
1149,15.665585492467716,74.38881494147448,0.70865697,Belagavi
1150,15.665585492467716,74.38980308828701,0.47983995,Belagavi
1151,15.665585492467716,74.39061157204273,0.39181286,Belagavi
1152,15.665585492467716,74.39258786566779,0.59800035,Belagavi
1153,15.665585492467716,74.39375567553714,0.5024355,Belagavi
1154,15.665585492467716,74.39438449623603,0.43207207,Belagavi
1155,15.665585492467716,74.39510314846332,0.27031413,Belagavi
1156,15.665585492467716,74.39672011597473,0.61569226,Belagavi
1157,15.665585492467716,74.39752859973045,0.36686096,Belagavi
1158,15.665585492467716,74.39824725195774,0.5688149,Belagavi
1159,15.665585492467716,74.39923539877027,0.6485373,Belagavi
1160,15.665585492467716,74.40327781754881,0.65896684,Belagavi
1161,15.665585492467716,74.40552360575911,0.6244898,Belagavi
1162,15.665585492467716,74.40741006785576,0.6504547,Belagavi
1163,15.665585492467716,74.4077693939694,0.67276764,Belagavi
1164,15.665585492467716,74.40794905702623,0.64409447,Belagavi
1165,15.665585492467716,74.40965585606605,0.6200706,Belagavi
1166,15.66567532399613,74.38090976697423,0.6181735,Belagavi
1167,15.66567532399613,74.38162841920153,0.5964061,Belagavi
1168,15.66567532399613,74.38369454435501,0.73173875,Belagavi
1169,15.66567532399613,74.38378437588341,0.7553539,Belagavi
1170,15.66567532399613,74.38396403894023,0.76778096,Belagavi
1171,15.66567532399613,74.386748816321,0.42886493,Belagavi
1172,15.66567532399613,74.38719797396307,0.32356492,Belagavi
1173,15.66567532399613,74.38980308828701,0.45494506,Belagavi
1174,15.66567532399613,74.39079123509954,0.3556601,Belagavi
1175,15.66567532399613,74.39177938191207,0.39737108,Belagavi
1176,15.66567532399613,74.39186921344049,0.3296842,Belagavi
1177,15.66567532399613,74.39402517012238,0.36156136,Belagavi
1178,15.66567532399613,74.39474382234967,0.52138376,Belagavi
1179,15.66567532399613,74.39698961055997,0.63430357,Belagavi
1180,15.66567532399613,74.39707944208838,0.6418595,Belagavi
1181,15.66567532399613,74.39770826278726,0.274493,Belagavi
1182,15.66567532399613,74.39851674654298,0.5132743,Belagavi
1183,15.66567532399613,74.39860657807138,0.4848255,Belagavi
1184,15.66567532399613,74.39923539877027,0.6437296,Belagavi
1185,15.66567532399613,74.40067270322486,0.6844612,Belagavi
1186,15.66567532399613,74.40444562741817,0.6986465,Belagavi
1187,15.66567532399613,74.4054337742307,0.65536726,Belagavi
1188,15.66567532399613,74.40803888855464,0.6117582,Belagavi
1189,15.66567532399613,74.40857787772511,0.5093361,Belagavi
1190,15.66567532399613,74.40866770925352,0.51338637,Belagavi
1191,15.66567532399613,74.41010501370812,0.21655172,Belagavi
1192,15.66576515552454,74.38306572365612,0.7277869,Belagavi
1193,15.66576515552454,74.38333521824136,0.7102639,Belagavi
1194,15.66576515552454,74.38405387046865,0.74868375,Belagavi
1195,15.66576515552454,74.38620982715054,0.6754754,Belagavi
1196,15.66576515552454,74.38638949020736,0.6651376,Belagavi
1197,15.66576515552454,74.38647932173578,0.67721766,Belagavi
1198,15.66576515552454,74.3873776370199,0.4222375,Belagavi
1199,15.66576515552454,74.38746746854831,0.3860215,Belagavi
1200,15.66576515552454,74.38890477300289,0.63617927,Belagavi
1201,15.66576515552454,74.3889946045313,0.6415863,Belagavi
1202,15.66576515552454,74.3897132567586,0.4639706,Belagavi
1203,15.66576515552454,74.39168955038366,0.44328195,Belagavi
1204,15.66576515552454,74.39411500165079,0.34002006,Belagavi
1205,15.66576515552454,74.39447432776444,0.54796565,Belagavi
1206,15.66576515552454,74.39483365387808,0.32890806,Belagavi
1207,15.66576515552454,74.3949234854065,0.24281587,Belagavi
1208,15.66576515552454,74.39555230610539,0.24624005,Belagavi
1209,15.66576515552454,74.39833708348615,0.50575167,Belagavi
1210,15.66576515552454,74.39842691501457,0.50575167,Belagavi
1211,15.66576515552454,74.40085236628168,0.69762766,Belagavi
1212,15.66576515552454,74.40112186086692,0.6242025,Belagavi
1213,15.66576515552454,74.40130152392375,0.6254019,Belagavi
1214,15.66576515552454,74.40462529047498,0.6556718,Belagavi
1215,15.66576515552454,74.40588293187275,0.6603774,Belagavi
1216,15.66576515552454,74.40741006785576,0.62430465,Belagavi
1217,15.66576515552454,74.40749989938418,0.64119196,Belagavi
1218,15.66576515552454,74.40830838313988,0.5047231,Belagavi
1219,15.66576515552454,74.40875754078193,0.5954099,Belagavi
1220,15.665854987052953,74.38073010391741,0.6083195,Belagavi
1221,15.665854987052953,74.38099959850264,0.59641254,Belagavi
1222,15.665854987052953,74.38171825072995,0.67517215,Belagavi
1223,15.665854987052953,74.38279622907088,0.7228251,Belagavi
1224,15.665854987052953,74.38495218575277,0.74680734,Belagavi
1225,15.665854987052953,74.38567083798007,0.7489274,Belagavi
1226,15.665854987052953,74.3859403325653,0.702191,Belagavi
1227,15.665854987052953,74.38647932173578,0.6671779,Belagavi
1228,15.665854987052953,74.38764713160514,0.5600254,Belagavi
1229,15.665854987052953,74.38836578383243,0.40765026,Belagavi
1230,15.665854987052953,74.38989291981542,0.52177685,Belagavi
1231,15.665854987052953,74.39321668636667,0.5915881,Belagavi
1232,15.665854987052953,74.39438449623603,0.38279346,Belagavi
1233,15.665854987052953,74.39510314846332,0.24784829,Belagavi
1234,15.665854987052953,74.39618112680427,0.38815674,Belagavi
1235,15.665854987052953,74.39860657807138,0.4584724,Belagavi
1236,15.665854987052953,74.40139135545216,0.6678226,Belagavi
1237,15.665854987052953,74.40157101850897,0.60213727,Belagavi
1238,15.665854987052953,74.40327781754881,0.6311668,Belagavi
1239,15.665854987052953,74.40345748060564,0.61097044,Belagavi
1240,15.665854987052953,74.40390663824769,0.66448176,Belagavi
1241,15.665854987052953,74.40408630130452,0.6911451,Belagavi
1242,15.665854987052953,74.40435579588976,0.63089937,Belagavi
1243,15.665854987052953,74.40480495353181,0.67106557,Belagavi
1244,15.665854987052953,74.40552360575911,0.6801889,Belagavi
1245,15.665854987052953,74.40561343728751,0.6828812,Belagavi
1246,15.665854987052953,74.40588293187275,0.6414858,Belagavi
1247,15.665854987052953,74.40597276340117,0.642669,Belagavi
1248,15.665854987052953,74.40606259492958,0.63725895,Belagavi
1249,15.665854987052953,74.40732023632735,0.63863635,Belagavi
1250,15.665854987052953,74.40785922549782,0.6541787,Belagavi
1251,15.665854987052953,74.40812872008306,0.5997015,Belagavi
1252,15.665854987052953,74.409206698424,0.5403636,Belagavi
1253,15.665854987052953,74.40974568759447,0.6498237,Belagavi
1254,15.665854987052953,74.41010501370812,0.3086822,Belagavi
1255,15.665944818581366,74.38055044086059,0.6607747,Belagavi
1256,15.665944818581366,74.38180808225835,0.66560173,Belagavi
1257,15.665944818581366,74.38198774531517,0.6844566,Belagavi
1258,15.665944818581366,74.38459285963913,0.73311,Belagavi
1259,15.665944818581366,74.38468269116754,0.7124498,Belagavi
1260,15.665944818581366,74.38585050103688,0.70504797,Belagavi
1261,15.665944818581366,74.38728780549148,0.4077064,Belagavi
1262,15.665944818581366,74.38746746854831,0.40864024,Belagavi
1263,15.665944818581366,74.38881494147448,0.5048909,Belagavi
1264,15.665944818581366,74.39097089815637,0.38431752,Belagavi
1265,15.665944818581366,74.39393533859396,0.38743633,Belagavi
1266,15.665944818581366,74.39456415929286,0.5402483,Belagavi
1267,15.665944818581366,74.39546247457697,0.21088818,Belagavi
1268,15.665944818581366,74.3957319691622,0.22571428,Belagavi
1269,15.665944818581366,74.39905573571345,0.5021552,Belagavi
1270,15.665944818581366,74.39968455641232,0.61001045,Belagavi
1271,15.665944818581366,74.40157101850897,0.6203852,Belagavi
1272,15.665944818581366,74.40408630130452,0.65521497,Belagavi
1273,15.665944818581366,74.40651175257165,0.5798651,Belagavi
1274,15.665944818581366,74.40741006785576,0.67603105,Belagavi
1275,15.665944818581366,74.40902703536717,0.5850654,Belagavi
1276,15.665944818581366,74.4100151821797,0.33294082,Belagavi
1277,15.666034650109776,74.38046060933218,0.67314106,Belagavi
1278,15.666034650109776,74.38126909308788,0.6723277,Belagavi
1279,15.666034650109776,74.38324538671294,0.7059794,Belagavi
1280,15.666034650109776,74.38396403894023,0.73766816,Belagavi
1281,15.666034650109776,74.38405387046865,0.7242842,Belagavi
1282,15.666034650109776,74.38540134339483,0.7311049,Belagavi
1283,15.666034650109776,74.38656915326419,0.62063575,Belagavi
1284,15.666034650109776,74.38710814243466,0.37078273,Belagavi
1285,15.666034650109776,74.38746746854831,0.43589744,Belagavi
1286,15.666034650109776,74.38845561536084,0.44791466,Belagavi
1287,15.666034650109776,74.38854544688925,0.5428339,Belagavi
1288,15.666034650109776,74.3889946045313,0.63862807,Belagavi
1289,15.666034650109776,74.38953359370178,0.6761488,Belagavi
1290,15.666034650109776,74.39375567553714,0.37659907,Belagavi
1291,15.666034650109776,74.39384550706555,0.41550016,Belagavi
1292,15.666034650109776,74.39429466470762,0.39820465,Belagavi
1293,15.666034650109776,74.39770826278726,0.44503763,Belagavi
1294,15.666034650109776,74.39860657807138,0.49399814,Belagavi
1295,15.666034650109776,74.3987862411282,0.5881557,Belagavi
1296,15.666034650109776,74.40112186086692,0.6647749,Belagavi
1297,15.666034650109776,74.40219983920787,0.65166175,Belagavi
1298,15.666034650109776,74.4023795022647,0.6647445,Belagavi
1299,15.666034650109776,74.40291849143516,0.6303502,Belagavi
1300,15.666034650109776,74.40309815449199,0.62031186,Belagavi
1301,15.666034650109776,74.40390663824769,0.7041136,Belagavi
1302,15.666034650109776,74.4054337742307,0.64882505,Belagavi
1303,15.666034650109776,74.40588293187275,0.6253467,Belagavi
1304,15.666034650109776,74.4062422579864,0.6367774,Belagavi
1305,15.666034650109776,74.40714057327052,0.6394867,Belagavi
1306,15.666034650109776,74.40812872008306,0.627907,Belagavi
1307,15.666034650109776,74.40893720383876,0.61428845,Belagavi
1308,15.666034650109776,74.40911686689559,0.52804077,Belagavi
1309,15.666034650109776,74.40974568759447,0.43792546,Belagavi
1310,15.666124481638189,74.38037077780376,0.66007906,Belagavi
1311,15.666124481638189,74.38108943003105,0.63284016,Belagavi
1312,15.666124481638189,74.38126909308788,0.6602459,Belagavi
1313,15.666124481638189,74.38207757684359,0.71610785,Belagavi
1314,15.666124481638189,74.38288606059929,0.7388159,Belagavi
1315,15.666124481638189,74.38315555518453,0.7129753,Belagavi
1316,15.666124481638189,74.38396403894023,0.69862443,Belagavi
1317,15.666124481638189,74.38549117492325,0.6714731,Belagavi
1318,15.666124481638189,74.38585050103688,0.6954453,Belagavi
1319,15.666124481638189,74.38692847937783,0.39726028,Belagavi
1320,15.666124481638189,74.38791662619036,0.64589125,Belagavi
1321,15.666124481638189,74.39088106662795,0.61523664,Belagavi
1322,15.666124481638189,74.39133022427002,0.50400984,Belagavi
1323,15.666124481638189,74.39249803413938,0.3495878,Belagavi
1324,15.666124481638189,74.39393533859396,0.53301007,Belagavi
1325,15.666124481638189,74.39474382234967,0.38788927,Belagavi
1326,15.666124481638189,74.39483365387808,0.3239796,Belagavi
1327,15.666124481638189,74.3957319691622,0.25,Belagavi
1328,15.666124481638189,74.39591163221903,0.26018625,Belagavi
1329,15.666124481638189,74.39663028444632,0.37019017,Belagavi
1330,15.666124481638189,74.39734893667362,0.6284394,Belagavi
1331,15.666124481638189,74.39779809431568,0.50166917,Belagavi
1332,15.666124481638189,74.39833708348615,0.5269257,Belagavi
1333,15.666124481638189,74.40372697519086,0.646355,Belagavi
1334,15.666124481638189,74.4039964697761,0.6399507,Belagavi
1335,15.666124481638189,74.4062422579864,0.6311185,Belagavi
1336,15.666124481638189,74.40794905702623,0.67006344,Belagavi
1337,15.666124481638189,74.40857787772511,0.47631,Belagavi
1338,15.666124481638189,74.4100151821797,0.37057343,Belagavi
1339,15.6662143131666,74.38001145169011,0.6749311,Belagavi
1340,15.6662143131666,74.38099959850264,0.67394835,Belagavi
1341,15.6662143131666,74.38279622907088,0.7346862,Belagavi
1342,15.6662143131666,74.3844131965823,0.7191152,Belagavi
1343,15.6662143131666,74.38558100645166,0.75409025,Belagavi
1344,15.6662143131666,74.38647932173578,0.47888774,Belagavi
1345,15.6662143131666,74.38755730007672,0.28,Belagavi
1346,15.6662143131666,74.39007258287225,0.512273,Belagavi
1347,15.6662143131666,74.39186921344049,0.3663423,Belagavi
1348,15.6662143131666,74.39375567553714,0.44222444,Belagavi
1349,15.6662143131666,74.39654045291792,0.2973265,Belagavi
1350,15.6662143131666,74.39698961055997,0.6427507,Belagavi
1351,15.6662143131666,74.39761843125885,0.46296296,Belagavi
1352,15.6662143131666,74.39887607265662,0.58932495,Belagavi
1353,15.6662143131666,74.39977438794074,0.60350585,Belagavi
1354,15.6662143131666,74.40013371405439,0.6293735,Belagavi
1355,15.6662143131666,74.40031337711122,0.61893207,Belagavi
1356,15.6662143131666,74.40058287169644,0.68572676,Belagavi
1357,15.6662143131666,74.4017506815658,0.61358124,Belagavi
1358,15.6662143131666,74.40300832296357,0.59468156,Belagavi
1359,15.6662143131666,74.40426596436134,0.6579163,Belagavi
1360,15.6662143131666,74.4047151220034,0.66625965,Belagavi
1361,15.6662143131666,74.40561343728751,0.60781574,Belagavi
1362,15.6662143131666,74.40597276340117,0.67821586,Belagavi
1363,15.6662143131666,74.406152426458,0.6271024,Belagavi
1364,15.6662143131666,74.40714057327052,0.6411206,Belagavi
1365,15.6662143131666,74.41028467676495,0.57695615,Belagavi
1366,15.666304144695014,74.38198774531517,0.72665477,Belagavi
1367,15.666304144695014,74.38252673448565,0.768751,Belagavi
1368,15.666304144695014,74.38261656601406,0.8168837,Belagavi
1369,15.666304144695014,74.38315555518453,0.7365362,Belagavi
1370,15.666304144695014,74.38396403894023,0.66984,Belagavi
1371,15.666304144695014,74.38450302811071,0.6791765,Belagavi
1372,15.666304144695014,74.38504201728118,0.7397914,Belagavi
1373,15.666304144695014,74.38611999562212,0.70877606,Belagavi
1374,15.666304144695014,74.38719797396307,0.29179093,Belagavi
1375,15.666304144695014,74.38926409911655,0.6953169,Belagavi
1376,15.666304144695014,74.38944376217337,0.6567135,Belagavi
1377,15.666304144695014,74.39034207745749,0.45590714,Belagavi
1378,15.666304144695014,74.39097089815637,0.59918284,Belagavi
1379,15.666304144695014,74.39142005579843,0.48381263,Belagavi
1380,15.666304144695014,74.39519297999173,0.20767564,Belagavi
1381,15.666304144695014,74.39609129527585,0.25952595,Belagavi
1382,15.666304144695014,74.39788792584409,0.44754446,Belagavi
1383,15.666304144695014,74.4002235455828,0.6191442,Belagavi
1384,15.666304144695014,74.40121169239534,0.78541374,Belagavi
1385,15.666304144695014,74.40507444811705,0.65122616,Belagavi
1386,15.666304144695014,74.40534394270229,0.66652304,Belagavi
1387,15.666304144695014,74.40678124715687,0.49714285,Belagavi
1388,15.666304144695014,74.4077693939694,0.67453957,Belagavi
1389,15.666304144695014,74.40803888855464,0.6239889,Belagavi
1390,15.666304144695014,74.40848804619671,0.61524355,Belagavi
1391,15.666304144695014,74.40902703536717,0.50987464,Belagavi
1392,15.666393976223423,74.38019111474694,0.64956945,Belagavi
1393,15.666393976223423,74.38180808225835,0.7378641,Belagavi
1394,15.666393976223423,74.38207757684359,0.7428064,Belagavi
1395,15.666393976223423,74.38225723990041,0.7771218,Belagavi
1396,15.666393976223423,74.3829758921277,0.7327103,Belagavi
1397,15.666393976223423,74.38405387046865,0.67751175,Belagavi
1398,15.666393976223423,74.38710814243466,0.32487553,Belagavi
1399,15.666393976223423,74.38782679466195,0.37222323,Belagavi
1400,15.666393976223423,74.3897132567586,0.41288784,Belagavi
1401,15.666393976223423,74.38980308828701,0.55398506,Belagavi
1402,15.666393976223423,74.39267769719619,0.4700939,Belagavi
1403,15.666393976223423,74.39680994750314,0.37460226,Belagavi
1404,15.666393976223423,74.39788792584409,0.50421584,Belagavi
1405,15.666393976223423,74.39842691501457,0.54781485,Belagavi
1406,15.666393976223423,74.39905573571345,0.44491598,Belagavi
1407,15.666393976223423,74.40004388252598,0.5768797,Belagavi
1408,15.666393976223423,74.40067270322486,0.6161196,Belagavi
1409,15.666393976223423,74.40426596436134,0.67896897,Belagavi
1410,15.666393976223423,74.40516427964546,0.62861735,Belagavi
1411,15.666393976223423,74.40669141562846,0.61984265,Belagavi
1412,15.666393976223423,74.40803888855464,0.63898915,Belagavi
1413,15.666393976223423,74.40911686689559,0.47286245,Belagavi
1414,15.666393976223423,74.40965585606605,0.4391245,Belagavi
1415,15.666483807751836,74.38234707142882,0.80527806,Belagavi
1416,15.666483807751836,74.38324538671294,0.71359515,Belagavi
1417,15.666483807751836,74.38567083798007,0.6922097,Belagavi
1418,15.666483807751836,74.38647932173578,0.38652715,Belagavi
1419,15.666483807751836,74.38773696313353,0.32979077,Belagavi
1420,15.666483807751836,74.39061157204273,0.42770872,Belagavi
1421,15.666483807751836,74.39079123509954,0.5,Belagavi
1422,15.666483807751836,74.39097089815637,0.41787395,Belagavi
1423,15.666483807751836,74.3919590449689,0.64134574,Belagavi
1424,15.666483807751836,74.39249803413938,0.64775795,Belagavi
1425,15.666483807751836,74.3927675287246,0.45394844,Belagavi
1426,15.666483807751836,74.39663028444632,0.32811427,Belagavi
1427,15.666483807751836,74.39672011597473,0.32692835,Belagavi
1428,15.666483807751836,74.39806758890091,0.6017365,Belagavi
1429,15.666483807751836,74.39905573571345,0.40938586,Belagavi
1430,15.666483807751836,74.40148118698058,0.7132737,Belagavi
1431,15.666483807751836,74.40273882837833,0.7156908,Belagavi
1432,15.666483807751836,74.40309815449199,0.6568073,Belagavi
1433,15.666483807751836,74.40345748060564,0.66748273,Belagavi
1434,15.666483807751836,74.40390663824769,0.63305783,Belagavi
1435,15.666483807751836,74.40426596436134,0.69613147,Belagavi
1436,15.666483807751836,74.40489478506022,0.6428139,Belagavi
1437,15.666483807751836,74.40498461658864,0.62873214,Belagavi
1438,15.666483807751836,74.40507444811705,0.6372549,Belagavi
1439,15.666483807751836,74.40651175257165,0.5707234,Belagavi
1440,15.666483807751836,74.40669141562846,0.61643374,Belagavi
1441,15.666483807751836,74.40821855161147,0.6326254,Belagavi
1442,15.666483807751836,74.40938636148083,0.43261203,Belagavi
1443,15.666573639280248,74.38279622907088,0.70870405,Belagavi
1444,15.666573639280248,74.3829758921277,0.71296465,Belagavi
1445,15.666573639280248,74.38315555518453,0.71315217,Belagavi
1446,15.666573639280248,74.38405387046865,0.68934053,Belagavi
1447,15.666573639280248,74.38414370199706,0.67668563,Belagavi
1448,15.666573639280248,74.38477252269594,0.74472064,Belagavi
1449,15.666573639280248,74.38486235422435,0.7480372,Belagavi
1450,15.666573639280248,74.38567083798007,0.725197,Belagavi
1451,15.666573639280248,74.38683864784942,0.36020473,Belagavi
1452,15.666573639280248,74.38881494147448,0.68381774,Belagavi
1453,15.666573639280248,74.3889946045313,0.6581673,Belagavi
1454,15.666573639280248,74.3904319089859,0.4723645,Belagavi
1455,15.666573639280248,74.39061157204273,0.43682775,Belagavi
1456,15.666573639280248,74.3942048331792,0.58213085,Belagavi
1457,15.666573639280248,74.39429466470762,0.5669369,Belagavi
1458,15.666573639280248,74.39528281152015,0.18986529,Belagavi
1459,15.666573639280248,74.39546247457697,0.25312743,Belagavi
1460,15.666573639280248,74.3986964095998,0.5607493,Belagavi
1461,15.666573639280248,74.3994150618271,0.5479204,Belagavi
1462,15.666573639280248,74.40013371405439,0.6125856,Belagavi
1463,15.666573639280248,74.40121169239534,0.7083172,Belagavi
1464,15.666573639280248,74.40211000767945,0.61604816,Belagavi
1465,15.666573639280248,74.4023795022647,0.56827587,Belagavi
1466,15.666573639280248,74.40273882837833,0.7613401,Belagavi
1467,15.666573639280248,74.40444562741817,0.66213435,Belagavi
1468,15.666573639280248,74.40534394270229,0.6442308,Belagavi
1469,15.666573639280248,74.406152426458,0.58348626,Belagavi
1470,15.666573639280248,74.40902703536717,0.5945294,Belagavi
1471,15.66666347080866,74.38001145169011,0.65604836,Belagavi
1472,15.66666347080866,74.38288606059929,0.697327,Belagavi
1473,15.66666347080866,74.38504201728118,0.7236738,Belagavi
1474,15.66666347080866,74.3859403325653,0.7055735,Belagavi
1475,15.66666347080866,74.38647932173578,0.31882873,Belagavi
1476,15.66666347080866,74.38692847937783,0.3340074,Belagavi
1477,15.66666347080866,74.38755730007672,0.30426657,Belagavi
1478,15.66666347080866,74.38809628924719,0.42697048,Belagavi
1479,15.66666347080866,74.38989291981542,0.54102564,Belagavi
1480,15.66666347080866,74.3911505612132,0.2676153,Belagavi
1481,15.66666347080866,74.39213870802573,0.5348764,Belagavi
1482,15.66666347080866,74.39231837108255,0.5684071,Belagavi
1483,15.66666347080866,74.39258786566779,0.6338409,Belagavi
1484,15.66666347080866,74.39330651789508,0.33040422,Belagavi
1485,15.66666347080866,74.39348618095191,0.43439746,Belagavi
1486,15.66666347080866,74.39375567553714,0.37103853,Belagavi
1487,15.66666347080866,74.39393533859396,0.45260003,Belagavi
1488,15.66666347080866,74.39429466470762,0.46294045,Belagavi
1489,15.66666347080866,74.39501331693491,0.30882105,Belagavi
1490,15.66666347080866,74.39537264304856,0.22578616,Belagavi
1491,15.66666347080866,74.39680994750314,0.28988138,Belagavi
1492,15.66666347080866,74.3986964095998,0.6140569,Belagavi
1493,15.66666347080866,74.39905573571345,0.5276901,Belagavi
1494,15.66666347080866,74.39932523029869,0.5347883,Belagavi
1495,15.66666347080866,74.39995405099756,0.5751295,Belagavi
1496,15.66666347080866,74.4024693337931,0.46579924,Belagavi
1497,15.66666347080866,74.40309815449199,0.741527,Belagavi
1498,15.66666347080866,74.40372697519086,0.6591469,Belagavi
1499,15.66666347080866,74.40390663824769,0.60068846,Belagavi
1500,15.66666347080866,74.40812872008306,0.6731941,Belagavi
1501,15.66666347080866,74.40911686689559,0.6250962,Belagavi
1502,15.666753302337073,74.38028094627535,0.7288712,Belagavi
1503,15.666753302337073,74.3813589246163,0.79008454,Belagavi
1504,15.666753302337073,74.38171825072995,0.82182056,Belagavi
1505,15.666753302337073,74.38369454435501,0.6960743,Belagavi
1506,15.666753302337073,74.38531151186642,0.7258361,Belagavi
1507,15.666753302337073,74.3866589847926,0.3243111,Belagavi
1508,15.666753302337073,74.38800645771877,0.41845018,Belagavi
1509,15.666753302337073,74.39025224592908,0.5290047,Belagavi
1510,15.666753302337073,74.3911505612132,0.25450763,Belagavi
1511,15.666753302337073,74.39240820261097,0.5952381,Belagavi
1512,15.666753302337073,74.39474382234967,0.31005767,Belagavi
1513,15.666753302337073,74.39510314846332,0.3198244,Belagavi
1514,15.666753302337073,74.39555230610539,0.26082003,Belagavi
1515,15.666753302337073,74.3964506213895,0.26853284,Belagavi
1516,15.666753302337073,74.39896590418503,0.6787565,Belagavi
1517,15.666753302337073,74.3994150618271,0.5356784,Belagavi
1518,15.666753302337073,74.39986421946915,0.5003864,Belagavi
1519,15.666753302337073,74.40193034462263,0.62281585,Belagavi
1520,15.666753302337073,74.40228967073628,0.5258914,Belagavi
1521,15.666753302337073,74.40291849143516,0.7669173,Belagavi
1522,15.666753302337073,74.40363714366245,0.6368003,Belagavi
1523,15.666753302337073,74.4047151220034,0.63035494,Belagavi
1524,15.666753302337073,74.40705074174211,0.50904745,Belagavi
1525,15.666753302337073,74.40714057327052,0.47955647,Belagavi
1526,15.666753302337073,74.40767956244099,0.63072115,Belagavi
1527,15.666753302337073,74.4083982146683,0.6537546,Belagavi
1528,15.666843133865484,74.38001145169011,0.65654296,Belagavi
1529,15.666843133865484,74.3844131965823,0.70274574,Belagavi
1530,15.666843133865484,74.38504201728118,0.709011,Belagavi
1531,15.666843133865484,74.38998275134384,0.4354501,Belagavi
1532,15.666843133865484,74.39007258287225,0.43479922,Belagavi
1533,15.666843133865484,74.39016241440066,0.46076608,Belagavi
1534,15.666843133865484,74.39564213763379,0.24403772,Belagavi
1535,15.666843133865484,74.3957319691622,0.23281062,Belagavi
1536,15.666843133865484,74.39627095833268,0.35403925,Belagavi
1537,15.666843133865484,74.39654045291792,0.25249797,Belagavi
1538,15.666843133865484,74.39842691501457,0.5014785,Belagavi
1539,15.666843133865484,74.39923539877027,0.4815331,Belagavi
1540,15.666843133865484,74.39932523029869,0.48292324,Belagavi
1541,15.666843133865484,74.39950489335551,0.55923676,Belagavi
1542,15.666843133865484,74.39995405099756,0.6065643,Belagavi
1543,15.666843133865484,74.4002235455828,0.5980985,Belagavi
1544,15.666843133865484,74.40040320863963,0.60513246,Belagavi
1545,15.666843133865484,74.40085236628168,0.578243,Belagavi
1546,15.666843133865484,74.4009421978101,0.578243,Belagavi
1547,15.666843133865484,74.40417613283293,0.58713603,Belagavi
1548,15.666843133865484,74.40525411117387,0.6643253,Belagavi
1549,15.666843133865484,74.40552360575911,0.5969837,Belagavi
1550,15.666843133865484,74.40678124715687,0.62780815,Belagavi
1551,15.666843133865484,74.40687107868528,0.60106385,Belagavi
1552,15.666843133865484,74.40741006785576,0.59490335,Belagavi
1553,15.666843133865484,74.40974568759447,0.6784033,Belagavi
1554,15.666932965393896,74.38378437588341,0.7091449,Belagavi
1555,15.666932965393896,74.38405387046865,0.7081127,Belagavi
1556,15.666932965393896,74.3859403325653,0.6526112,Belagavi
1557,15.666932965393896,74.38656915326419,0.3900415,Belagavi
1558,15.666932965393896,74.38683864784942,0.33469042,Belagavi
1559,15.666932965393896,74.38728780549148,0.40773407,Belagavi
1560,15.666932965393896,74.38809628924719,0.5601762,Belagavi
1561,15.666932965393896,74.38935393064496,0.5218894,Belagavi
1562,15.666932965393896,74.38989291981542,0.533211,Belagavi
1563,15.666932965393896,74.39168955038366,0.31416592,Belagavi
1564,15.666932965393896,74.39240820261097,0.58606374,Belagavi
1565,15.666932965393896,74.39375567553714,0.3517952,Belagavi
1566,15.666932965393896,74.39438449623603,0.3625897,Belagavi
1567,15.666932965393896,74.39483365387808,0.32160637,Belagavi
1568,15.666932965393896,74.39609129527585,0.39449212,Belagavi
1569,15.666932965393896,74.39851674654298,0.42572027,Belagavi
1570,15.666932965393896,74.39914556724186,0.574939,Belagavi
1571,15.666932965393896,74.3994150618271,0.5602264,Belagavi
1572,15.666932965393896,74.40013371405439,0.5889856,Belagavi
1573,15.666932965393896,74.40067270322486,0.60435945,Belagavi
1574,15.666932965393896,74.40085236628168,0.5896382,Belagavi
1575,15.666932965393896,74.40157101850897,0.726647,Belagavi
1576,15.666932965393896,74.40255916532152,0.4234109,Belagavi
1577,15.666932965393896,74.40390663824769,0.61333895,Belagavi
1578,15.666932965393896,74.40651175257165,0.70328015,Belagavi
1579,15.666932965393896,74.40687107868528,0.6127416,Belagavi
1580,15.666932965393896,74.40893720383876,0.6651719,Belagavi
1581,15.666932965393896,74.40983551912288,0.68442833,Belagavi
1582,15.667022796922309,74.38396403894023,0.72949356,Belagavi
1583,15.667022796922309,74.3844131965823,0.71213025,Belagavi
1584,15.667022796922309,74.38450302811071,0.71192116,Belagavi
1585,15.667022796922309,74.38468269116754,0.7189097,Belagavi
1586,15.667022796922309,74.38549117492325,0.7064819,Belagavi
1587,15.667022796922309,74.3873776370199,0.4746927,Belagavi
1588,15.667022796922309,74.38746746854831,0.5149445,Belagavi
1589,15.667022796922309,74.3881861207756,0.56668586,Belagavi
1590,15.667022796922309,74.38836578383243,0.6071355,Belagavi
1591,15.667022796922309,74.39330651789508,0.31405437,Belagavi
1592,15.667022796922309,74.39474382234967,0.30532753,Belagavi
1593,15.667022796922309,74.39483365387808,0.30180854,Belagavi
1594,15.667022796922309,74.39672011597473,0.2807908,Belagavi
1595,15.667022796922309,74.40004388252598,0.65818185,Belagavi
1596,15.667022796922309,74.40049304016804,0.6398452,Belagavi
1597,15.667022796922309,74.40264899684992,0.44007188,Belagavi
1598,15.667022796922309,74.40291849143516,0.70286524,Belagavi
1599,15.667022796922309,74.40327781754881,0.6982136,Belagavi
1600,15.667022796922309,74.40336764907723,0.6982136,Belagavi
1601,15.667022796922309,74.40354731213405,0.6905116,Belagavi
1602,15.667022796922309,74.4054337742307,0.6093435,Belagavi
1603,15.667022796922309,74.4062422579864,0.6260427,Belagavi
1604,15.667022796922309,74.40633208951482,0.640198,Belagavi
1605,15.667022796922309,74.40642192104323,0.67817837,Belagavi
1606,15.667022796922309,74.40705074174211,0.62263364,Belagavi
1607,15.667022796922309,74.40965585606605,0.6687662,Belagavi
1608,15.66711262845072,74.38037077780376,0.7440372,Belagavi
1609,15.66711262845072,74.38189791378676,0.75395256,Belagavi
1610,15.66711262845072,74.38279622907088,0.6962439,Belagavi
1611,15.66711262845072,74.38432336505389,0.74261755,Belagavi
1612,15.66711262845072,74.38513184880959,0.7516269,Belagavi
1613,15.66711262845072,74.38719797396307,0.360572,Belagavi
1614,15.66711262845072,74.38845561536084,0.67897546,Belagavi
1615,15.66711262845072,74.38926409911655,0.5763824,Belagavi
1616,15.66711262845072,74.39007258287225,0.31598794,Belagavi
1617,15.66711262845072,74.3911505612132,0.19907139,Belagavi
1618,15.66711262845072,74.39124039274161,0.18958254,Belagavi
1619,15.66711262845072,74.39133022427002,0.18958254,Belagavi
1620,15.66711262845072,74.39150988732685,0.24672931,Belagavi
1621,15.66711262845072,74.39177938191207,0.282298,Belagavi
1622,15.66711262845072,74.39222853955414,0.5719819,Belagavi
1623,15.66711262845072,74.39609129527585,0.3389318,Belagavi
1624,15.66711262845072,74.39725910514521,0.52160496,Belagavi
1625,15.66711262845072,74.39761843125885,0.49573973,Belagavi
1626,15.66711262845072,74.39815742042933,0.48785752,Belagavi
1627,15.66711262845072,74.39923539877027,0.65272266,Belagavi
1628,15.66711262845072,74.40004388252598,0.64802295,Belagavi
1629,15.66711262845072,74.40390663824769,0.6053697,Belagavi
1630,15.66711262845072,74.40435579588976,0.6237756,Belagavi
1631,15.66711262845072,74.40516427964546,0.7065278,Belagavi
1632,15.66711262845072,74.40552360575911,0.6037625,Belagavi
1633,15.66711262845072,74.40660158410004,0.6964993,Belagavi
1634,15.66711262845072,74.40794905702623,0.63927335,Belagavi
1635,15.66711262845072,74.40929652995241,0.6899254,Belagavi
1636,15.66711262845072,74.41028467676495,0.3628556,Belagavi
1637,15.667202459979132,74.38019111474694,0.70413315,Belagavi
1638,15.667202459979132,74.38117926155947,0.80151707,Belagavi
1639,15.667202459979132,74.38261656601406,0.70468473,Belagavi
1640,15.667202459979132,74.38279622907088,0.6962439,Belagavi
1641,15.667202459979132,74.3829758921277,0.68970937,Belagavi
1642,15.667202459979132,74.38378437588341,0.76355153,Belagavi
1643,15.667202459979132,74.38477252269594,0.7365477,Belagavi
1644,15.667202459979132,74.38486235422435,0.72645915,Belagavi
1645,15.667202459979132,74.38495218575277,0.7110439,Belagavi
1646,15.667202459979132,74.38611999562212,0.382949,Belagavi
1647,15.667202459979132,74.38629965867895,0.3562543,Belagavi
1648,15.667202459979132,74.3866589847926,0.34146756,Belagavi
1649,15.667202459979132,74.38872510994607,0.53084415,Belagavi
1650,15.667202459979132,74.39079123509954,0.24212489,Belagavi
1651,15.667202459979132,74.3919590449689,0.3507684,Belagavi
1652,15.667202459979132,74.39249803413938,0.5434846,Belagavi
1653,15.667202459979132,74.39285736025302,0.5989046,Belagavi
1654,15.667202459979132,74.39294719178143,0.6209029,Belagavi
1655,15.667202459979132,74.39411500165079,0.28651872,Belagavi
1656,15.667202459979132,74.3949234854065,0.1981747,Belagavi
1657,15.667202459979132,74.39537264304856,0.35248333,Belagavi
1658,15.667202459979132,74.39555230610539,0.33896515,Belagavi
1659,15.667202459979132,74.3971692736168,0.50150985,Belagavi
1660,15.667202459979132,74.39761843125885,0.5484112,Belagavi
1661,15.667202459979132,74.39770826278726,0.53258353,Belagavi
1662,15.667202459979132,74.39860657807138,0.52827543,Belagavi
1663,15.667202459979132,74.40184051309421,0.69864863,Belagavi
1664,15.667202459979132,74.40453545894658,0.61124694,Belagavi
1665,15.667202459979132,74.40507444811705,0.68736464,Belagavi
1666,15.667202459979132,74.40705074174211,0.56484705,Belagavi
1667,15.667202459979132,74.40741006785576,0.6686561,Belagavi
1668,15.667202459979132,74.40911686689559,0.6651422,Belagavi
1669,15.667292291507543,74.3814487561447,0.7601205,Belagavi
1670,15.667292291507543,74.38342504976977,0.69016963,Belagavi
1671,15.667292291507543,74.38908443605972,0.45135975,Belagavi
1672,15.667292291507543,74.38998275134384,0.20335111,Belagavi
1673,15.667292291507543,74.3904319089859,0.16025138,Belagavi
1674,15.667292291507543,74.39133022427002,0.22327162,Belagavi
1675,15.667292291507543,74.39213870802573,0.5992991,Belagavi
1676,15.667292291507543,74.3927675287246,0.5460398,Belagavi
1677,15.667292291507543,74.39357601248032,0.276499,Belagavi
1678,15.667292291507543,74.39366584400872,0.29001674,Belagavi
1679,15.667292291507543,74.39402517012238,0.3352804,Belagavi
1680,15.667292291507543,74.39483365387808,0.18103883,Belagavi
1681,15.667292291507543,74.39501331693491,0.21666667,Belagavi
1682,15.667292291507543,74.39788792584409,0.6044396,Belagavi
1683,15.667292291507543,74.39905573571345,0.6431115,Belagavi
1684,15.667292291507543,74.39950489335551,0.64657855,Belagavi
1685,15.667292291507543,74.40121169239534,0.7116393,Belagavi
1686,15.667292291507543,74.40148118698058,0.67103744,Belagavi
1687,15.667292291507543,74.40202017615104,0.71897036,Belagavi
1688,15.667292291507543,74.40282865990675,0.45461628,Belagavi
1689,15.667292291507543,74.40381680671928,0.6373178,Belagavi
1690,15.667292291507543,74.406152426458,0.60969144,Belagavi
1691,15.667292291507543,74.4069609102137,0.60840464,Belagavi
1692,15.667292291507543,74.40714057327052,0.58895206,Belagavi
1693,15.667292291507543,74.4077693939694,0.67918706,Belagavi
1694,15.667292291507543,74.40785922549782,0.6230607,Belagavi
1695,15.667292291507543,74.40938636148083,0.6588056,Belagavi
1696,15.667292291507543,74.40992535065129,0.6081745,Belagavi
1697,15.667382123035956,74.38153858767312,0.7721788,Belagavi
1698,15.667382123035956,74.38207757684359,0.7242973,Belagavi
1699,15.667382123035956,74.38243690295724,0.68600684,Belagavi
1700,15.667382123035956,74.38261656601406,0.6911315,Belagavi
1701,15.667382123035956,74.3844131965823,0.7356845,Belagavi
1702,15.667382123035956,74.38450302811071,0.7132118,Belagavi
1703,15.667382123035956,74.385221680338,0.7125447,Belagavi
1704,15.667382123035956,74.38611999562212,0.33197832,Belagavi
1705,15.667382123035956,74.3866589847926,0.39483944,Belagavi
1706,15.667382123035956,74.386748816321,0.40042827,Belagavi
1707,15.667382123035956,74.38746746854831,0.36091194,Belagavi
1708,15.667382123035956,74.38827595230401,0.5866608,Belagavi
1709,15.667382123035956,74.38863527841767,0.66388655,Belagavi
1710,15.667382123035956,74.38872510994607,0.66422826,Belagavi
1711,15.667382123035956,74.38881494147448,0.5572866,Belagavi
1712,15.667382123035956,74.38998275134384,0.25028616,Belagavi
1713,15.667382123035956,74.39052174051432,0.13977636,Belagavi
1714,15.667382123035956,74.39249803413938,0.5206716,Belagavi
1715,15.667382123035956,74.39330651789508,0.59183675,Belagavi
1716,15.667382123035956,74.39366584400872,0.30936074,Belagavi
1717,15.667382123035956,74.39375567553714,0.30936074,Belagavi
1718,15.667382123035956,74.39438449623603,0.2536981,Belagavi
1719,15.667382123035956,74.39465399082125,0.17815344,Belagavi
1720,15.667382123035956,74.39537264304856,0.22288215,Belagavi
1721,15.667382123035956,74.39609129527585,0.31996298,Belagavi
1722,15.667382123035956,74.39689977903156,0.3641683,Belagavi
1723,15.667382123035956,74.39752859973045,0.5522135,Belagavi
1724,15.667382123035956,74.39788792584409,0.56127024,Belagavi
1725,15.667382123035956,74.39806758890091,0.50601816,Belagavi
1726,15.667382123035956,74.39905573571345,0.6624908,Belagavi
1727,15.667382123035956,74.39923539877027,0.683477,Belagavi
1728,15.667382123035956,74.39986421946915,0.6576309,Belagavi
1729,15.667382123035956,74.40076253475327,0.6992761,Belagavi
1730,15.667382123035956,74.40085236628168,0.7154487,Belagavi
1731,15.667382123035956,74.40228967073628,0.6550396,Belagavi
1732,15.667382123035956,74.40264899684992,0.4366568,Belagavi
1733,15.667382123035956,74.40282865990675,0.42379376,Belagavi
1734,15.667382123035956,74.40354731213405,0.66012526,Belagavi
1735,15.667382123035956,74.4047151220034,0.6748444,Belagavi
1736,15.667382123035956,74.40687107868528,0.62378305,Belagavi
1737,15.667382123035956,74.4069609102137,0.62126243,Belagavi
1738,15.667382123035956,74.40714057327052,0.61378443,Belagavi
1739,15.667382123035956,74.40893720383876,0.65363127,Belagavi
1740,15.667382123035956,74.409206698424,0.65893644,Belagavi
1741,15.667382123035956,74.40947619300924,0.62887406,Belagavi
1742,15.667382123035956,74.41010501370812,0.64463127,Belagavi
1743,15.667471954564368,74.38037077780376,0.7483262,Belagavi
1744,15.667471954564368,74.38108943003105,0.75857145,Belagavi
1745,15.667471954564368,74.38153858767312,0.7517582,Belagavi
1746,15.667471954564368,74.38270639754248,0.68872595,Belagavi
1747,15.667471954564368,74.3844131965823,0.7641699,Belagavi
1748,15.667471954564368,74.3859403325653,0.38005477,Belagavi
1749,15.667471954564368,74.38638949020736,0.35881105,Belagavi
1750,15.667471954564368,74.38656915326419,0.40039518,Belagavi
1751,15.667471954564368,74.38764713160514,0.41252372,Belagavi
1752,15.667471954564368,74.3881861207756,0.47121182,Belagavi
1753,15.667471954564368,74.38863527841767,0.6229345,Belagavi
1754,15.667471954564368,74.38998275134384,0.26932344,Belagavi
1755,15.667471954564368,74.39402517012238,0.38558587,Belagavi
1756,15.667471954564368,74.39600146374744,0.2287483,Belagavi
1757,15.667471954564368,74.39743876820204,0.5555556,Belagavi
1758,15.667471954564368,74.39995405099756,0.702485,Belagavi
1759,15.667471954564368,74.40300832296357,0.6530082,Belagavi
1760,15.667471954564368,74.40453545894658,0.645785,Belagavi
1761,15.667471954564368,74.40507444811705,0.6616672,Belagavi
1762,15.667471954564368,74.40687107868528,0.6448859,Belagavi
1763,15.667471954564368,74.4077693939694,0.67644817,Belagavi
1764,15.667471954564368,74.40947619300924,0.65465695,Belagavi
1765,15.667471954564368,74.41028467676495,0.6280926,Belagavi
1766,15.66756178609278,74.38037077780376,0.7367857,Belagavi
1767,15.66756178609278,74.38090976697423,0.73634577,Belagavi
1768,15.66756178609278,74.3814487561447,0.7408844,Belagavi
1769,15.66756178609278,74.38198774531517,0.7276896,Belagavi
1770,15.66756178609278,74.38252673448565,0.7087615,Belagavi
1771,15.66756178609278,74.38495218575277,0.7507225,Belagavi
1772,15.66756178609278,74.38603016409371,0.34299824,Belagavi
1773,15.66756178609278,74.3866589847926,0.3953668,Belagavi
1774,15.66756178609278,74.38935393064496,0.49371698,Belagavi
1775,15.66756178609278,74.39079123509954,0.17200239,Belagavi
1776,15.66756178609278,74.39097089815637,0.16889147,Belagavi
1777,15.66756178609278,74.3911505612132,0.28854036,Belagavi
1778,15.66756178609278,74.39231837108255,0.54100806,Belagavi
1779,15.66756178609278,74.39663028444632,0.40782455,Belagavi
1780,15.66756178609278,74.3971692736168,0.40786886,Belagavi
1781,15.66756178609278,74.39743876820204,0.55277413,Belagavi
1782,15.66756178609278,74.39788792584409,0.559796,Belagavi
1783,15.66756178609278,74.39824725195774,0.6292938,Belagavi
1784,15.66756178609278,74.39887607265662,0.6188056,Belagavi
1785,15.66756178609278,74.39905573571345,0.6687451,Belagavi
1786,15.66756178609278,74.39977438794074,0.659146,Belagavi
1787,15.66756178609278,74.4002235455828,0.6970152,Belagavi
1788,15.66756178609278,74.40085236628168,0.70178574,Belagavi
1789,15.66756178609278,74.40193034462263,0.7191834,Belagavi
1790,15.66756178609278,74.40255916532152,0.60015994,Belagavi
1791,15.66756178609278,74.40264899684992,0.6683232,Belagavi
1792,15.66756178609278,74.40282865990675,0.6475806,Belagavi
1793,15.66756178609278,74.40291849143516,0.6416484,Belagavi
1794,15.66756178609278,74.40300832296357,0.6362919,Belagavi
1795,15.66756178609278,74.40354731213405,0.65691334,Belagavi
1796,15.66756178609278,74.40516427964546,0.6129392,Belagavi
1797,15.66756178609278,74.40525411117387,0.6153065,Belagavi
1798,15.66756178609278,74.40687107868528,0.6454997,Belagavi
1799,15.66756178609278,74.40803888855464,0.63809526,Belagavi
1800,15.66756178609278,74.40938636148083,0.6857317,Belagavi
1801,15.66756178609278,74.40956602453764,0.63795733,Belagavi
1802,15.66756178609278,74.40965585606605,0.61343855,Belagavi
1803,15.66756178609278,74.41010501370812,0.65707576,Belagavi
1804,15.667651617621193,74.38189791378676,0.7247818,Belagavi
1805,15.667651617621193,74.38468269116754,0.69374865,Belagavi
1806,15.667651617621193,74.385221680338,0.7240552,Belagavi
1807,15.667651617621193,74.38540134339483,0.72873384,Belagavi
1808,15.667651617621193,74.38764713160514,0.4133682,Belagavi
1809,15.667651617621193,74.38863527841767,0.472096,Belagavi
1810,15.667651617621193,74.39016241440066,0.3542285,Belagavi
1811,15.667651617621193,74.39052174051432,0.1855061,Belagavi
1812,15.667651617621193,74.39079123509954,0.16748479,Belagavi
1813,15.667651617621193,74.39124039274161,0.29138947,Belagavi
1814,15.667651617621193,74.39213870802573,0.47593936,Belagavi
1815,15.667651617621193,74.3927675287246,0.45554036,Belagavi
1816,15.667651617621193,74.39357601248032,0.502945,Belagavi
1817,15.667651617621193,74.39429466470762,0.4704245,Belagavi
1818,15.667651617621193,74.39555230610539,0.47810745,Belagavi
1819,15.667651617621193,74.39707944208838,0.48934355,Belagavi
1820,15.667651617621193,74.39761843125885,0.493918,Belagavi
1821,15.667651617621193,74.39788792584409,0.4716223,Belagavi
1822,15.667651617621193,74.39887607265662,0.5512442,Belagavi
1823,15.667651617621193,74.39959472488391,0.73528457,Belagavi
1824,15.667651617621193,74.40130152392375,0.5926125,Belagavi
1825,15.667651617621193,74.40166085003739,0.7199499,Belagavi
1826,15.667651617621193,74.4023795022647,0.69605523,Belagavi
1827,15.667651617621193,74.40273882837833,0.66183573,Belagavi
1828,15.667651617621193,74.40390663824769,0.68060696,Belagavi
1829,15.667651617621193,74.40498461658864,0.65830433,Belagavi
1830,15.667651617621193,74.40579310034434,0.5924703,Belagavi
1831,15.667651617621193,74.40714057327052,0.6203154,Belagavi
1832,15.667651617621193,74.40848804619671,0.65881395,Belagavi
1833,15.667741449149604,74.38037077780376,0.7657443,Belagavi
1834,15.667741449149604,74.38090976697423,0.72734797,Belagavi
1835,15.667741449149604,74.3813589246163,0.76251334,Belagavi
1836,15.667741449149604,74.38243690295724,0.7929477,Belagavi
1837,15.667741449149604,74.38279622907088,0.6801721,Belagavi
1838,15.667741449149604,74.38288606059929,0.6873336,Belagavi
1839,15.667741449149604,74.38315555518453,0.66473764,Belagavi
1840,15.667741449149604,74.3836047128266,0.69884455,Belagavi
1841,15.667741449149604,74.38387420741182,0.6921172,Belagavi
1842,15.667741449149604,74.38513184880959,0.7247485,Belagavi
1843,15.667741449149604,74.38603016409371,0.30803117,Belagavi
1844,15.667741449149604,74.38620982715054,0.33663365,Belagavi
1845,15.667741449149604,74.386748816321,0.40058693,Belagavi
1846,15.667741449149604,74.38746746854831,0.3395319,Belagavi
1847,15.667741449149604,74.38791662619036,0.610247,Belagavi
1848,15.667741449149604,74.38989291981542,0.36758894,Belagavi
1849,15.667741449149604,74.39025224592908,0.25096384,Belagavi
1850,15.667741449149604,74.39097089815637,0.19214056,Belagavi
1851,15.667741449149604,74.39186921344049,0.4019757,Belagavi
1852,15.667741449149604,74.39240820261097,0.4933183,Belagavi
1853,15.667741449149604,74.39402517012238,0.3941857,Belagavi
1854,15.667741449149604,74.3942048331792,0.441201,Belagavi
1855,15.667741449149604,74.39618112680427,0.2816305,Belagavi
1856,15.667741449149604,74.3971692736168,0.4932059,Belagavi
1857,15.667741449149604,74.39833708348615,0.53647095,Belagavi
1858,15.667741449149604,74.40121169239534,0.4013082,Belagavi
1859,15.667741449149604,74.4017506815658,0.72381693,Belagavi
1860,15.667741449149604,74.40489478506022,0.62761366,Belagavi
1861,15.667741449149604,74.40830838313988,0.68973297,Belagavi
1862,15.667741449149604,74.40956602453764,0.6937283,Belagavi
1863,15.667831280678016,74.38028094627535,0.75598633,Belagavi
1864,15.667831280678016,74.380640272389,0.7799736,Belagavi
1865,15.667831280678016,74.38081993544581,0.75389534,Belagavi
1866,15.667831280678016,74.3814487561447,0.73589164,Belagavi
1867,15.667831280678016,74.38234707142882,0.8012237,Belagavi
1868,15.667831280678016,74.38315555518453,0.6403088,Belagavi
1869,15.667831280678016,74.38863527841767,0.33136386,Belagavi
1870,15.667831280678016,74.38935393064496,0.4670999,Belagavi
1871,15.667831280678016,74.39034207745749,0.27381793,Belagavi
1872,15.667831280678016,74.3904319089859,0.23787965,Belagavi
1873,15.667831280678016,74.39240820261097,0.57746476,Belagavi
1874,15.667831280678016,74.3957319691622,0.38898394,Belagavi
1875,15.667831280678016,74.39672011597473,0.6265403,Belagavi
1876,15.667831280678016,74.39842691501457,0.65553606,Belagavi
1877,15.667831280678016,74.39950489335551,0.73270214,Belagavi
1878,15.667831280678016,74.40031337711122,0.7275771,Belagavi
1879,15.667831280678016,74.40121169239534,0.41566265,Belagavi
1880,15.667831280678016,74.4017506815658,0.70835805,Belagavi
1881,15.667831280678016,74.40363714366245,0.6905813,Belagavi
1882,15.667831280678016,74.406152426458,0.6892779,Belagavi
1883,15.667831280678016,74.4062422579864,0.7089448,Belagavi
1884,15.667831280678016,74.40758973091258,0.6611091,Belagavi
1885,15.667831280678016,74.40821855161147,0.6723825,Belagavi
1886,15.667921112206429,74.38117926155947,0.7539385,Belagavi
1887,15.667921112206429,74.3813589246163,0.7542294,Belagavi
1888,15.667921112206429,74.3814487561447,0.7327994,Belagavi
1889,15.667921112206429,74.38387420741182,0.72543794,Belagavi
1890,15.667921112206429,74.38450302811071,0.7083756,Belagavi
1891,15.667921112206429,74.38638949020736,0.46522948,Belagavi
1892,15.667921112206429,74.38746746854831,0.35047808,Belagavi
1893,15.667921112206429,74.38773696313353,0.38379908,Belagavi
1894,15.667921112206429,74.3896234252302,0.37592137,Belagavi
1895,15.667921112206429,74.38998275134384,0.43663472,Belagavi
1896,15.667921112206429,74.39007258287225,0.44119647,Belagavi
1897,15.667921112206429,74.39294719178143,0.48536542,Belagavi
1898,15.667921112206429,74.39375567553714,0.35348147,Belagavi
1899,15.667921112206429,74.39474382234967,0.4651024,Belagavi
1900,15.667921112206429,74.39501331693491,0.26338798,Belagavi
1901,15.667921112206429,74.39600146374744,0.38732284,Belagavi
1902,15.667921112206429,74.39618112680427,0.38238022,Belagavi
1903,15.667921112206429,74.39627095833268,0.5149065,Belagavi
1904,15.667921112206429,74.39743876820204,0.5460751,Belagavi
1905,15.667921112206429,74.39851674654298,0.66991514,Belagavi
1906,15.667921112206429,74.39932523029869,0.7080914,Belagavi
1907,15.667921112206429,74.39986421946915,0.64438653,Belagavi
1908,15.667921112206429,74.4002235455828,0.6957655,Belagavi
1909,15.667921112206429,74.40076253475327,0.47636503,Belagavi
1910,15.667921112206429,74.40264899684992,0.320925,Belagavi
1911,15.667921112206429,74.40300832296357,0.4360705,Belagavi
1912,15.667921112206429,74.40336764907723,0.5991806,Belagavi
1913,15.667921112206429,74.40498461658864,0.54492635,Belagavi
1914,15.667921112206429,74.40507444811705,0.5956658,Belagavi
1915,15.667921112206429,74.40767956244099,0.694407,Belagavi
1916,15.667921112206429,74.40902703536717,0.62660444,Belagavi
1917,15.667921112206429,74.40938636148083,0.6823931,Belagavi
1918,15.66801094373484,74.3813589246163,0.7470051,Belagavi
1919,15.66801094373484,74.382167408372,0.7123671,Belagavi
1920,15.66801094373484,74.38378437588341,0.72614574,Belagavi
1921,15.66801094373484,74.38396403894023,0.72554404,Belagavi
1922,15.66801094373484,74.38513184880959,0.6213549,Belagavi
1923,15.66801094373484,74.38558100645166,0.6972212,Belagavi
1924,15.66801094373484,74.38791662619036,0.38938802,Belagavi
1925,15.66801094373484,74.38854544688925,0.50928056,Belagavi
1926,15.66801094373484,74.38917426758813,0.55846655,Belagavi
1927,15.66801094373484,74.39052174051432,0.36832514,Belagavi
1928,15.66801094373484,74.39088106662795,0.24874976,Belagavi
1929,15.66801094373484,74.39097089815637,0.32939002,Belagavi
1930,15.66801094373484,74.39150988732685,0.38973033,Belagavi
1931,15.66801094373484,74.39159971885526,0.4494886,Belagavi
1932,15.66801094373484,74.39213870802573,0.30417806,Belagavi
1933,15.66801094373484,74.39429466470762,0.3731642,Belagavi
1934,15.66801094373484,74.39663028444632,0.5072612,Belagavi
1935,15.66801094373484,74.39743876820204,0.5579399,Belagavi
1936,15.66801094373484,74.39833708348615,0.7254832,Belagavi
1937,15.66801094373484,74.39842691501457,0.74458057,Belagavi
1938,15.66801094373484,74.39887607265662,0.70688844,Belagavi
1939,15.66801094373484,74.39950489335551,0.6553889,Belagavi
1940,15.66801094373484,74.39995405099756,0.6105392,Belagavi
1941,15.66801094373484,74.40184051309421,0.6598229,Belagavi
1942,15.66801094373484,74.40264899684992,0.26823598,Belagavi
1943,15.66801094373484,74.40336764907723,0.4428747,Belagavi
1944,15.66801094373484,74.40417613283293,0.598301,Belagavi
1945,15.66801094373484,74.4054337742307,0.7321733,Belagavi
1946,15.66801094373484,74.40660158410004,0.62905914,Belagavi
1947,15.66801094373484,74.40749989938418,0.6789711,Belagavi
1948,15.66801094373484,74.40785922549782,0.6862442,Belagavi
1949,15.66801094373484,74.40830838313988,0.6687363,Belagavi
1950,15.66801094373484,74.4083982146683,0.63595134,Belagavi
1951,15.66801094373484,74.40956602453764,0.68452764,Belagavi
1952,15.668100775263252,74.38019111474694,0.78527504,Belagavi
1953,15.668100775263252,74.38090976697423,0.7718447,Belagavi
1954,15.668100775263252,74.38189791378676,0.7496774,Belagavi
1955,15.668100775263252,74.38243690295724,0.7780939,Belagavi
1956,15.668100775263252,74.386748816321,0.64387465,Belagavi
1957,15.668100775263252,74.38845561536084,0.5862557,Belagavi
1958,15.668100775263252,74.38854544688925,0.48795518,Belagavi
1959,15.668100775263252,74.3889946045313,0.3317647,Belagavi
1960,15.668100775263252,74.3904319089859,0.33097458,Belagavi
1961,15.668100775263252,74.39124039274161,0.34304264,Belagavi
1962,15.668100775263252,74.39384550706555,0.33722752,Belagavi
1963,15.668100775263252,74.39402517012238,0.32494202,Belagavi
1964,15.668100775263252,74.39465399082125,0.3867774,Belagavi
1965,15.668100775263252,74.39474382234967,0.36997885,Belagavi
1966,15.668100775263252,74.39806758890091,0.78120005,Belagavi
1967,15.668100775263252,74.3987862411282,0.5906256,Belagavi
1968,15.668100775263252,74.39932523029869,0.6270191,Belagavi
1969,15.668100775263252,74.40121169239534,0.45842054,Belagavi
1970,15.668100775263252,74.40157101850897,0.42929658,Belagavi
1971,15.668100775263252,74.40282865990675,0.27905604,Belagavi
1972,15.668100775263252,74.40336764907723,0.41464806,Belagavi
1973,15.668100775263252,74.40435579588976,0.5531401,Belagavi
1974,15.668100775263252,74.4077693939694,0.6715341,Belagavi
1975,15.668100775263252,74.40830838313988,0.67239404,Belagavi
1976,15.668100775263252,74.40929652995241,0.6793289,Belagavi
1977,15.668190606791663,74.38019111474694,0.7706455,Belagavi
1978,15.668190606791663,74.3814487561447,0.7699849,Belagavi
1979,15.668190606791663,74.38270639754248,0.72194064,Belagavi
1980,15.668190606791663,74.38315555518453,0.7276,Belagavi
1981,15.668190606791663,74.38324538671294,0.737366,Belagavi
1982,15.668190606791663,74.38450302811071,0.72679794,Belagavi
1983,15.668190606791663,74.38638949020736,0.6745676,Belagavi
1984,15.668190606791663,74.38881494147448,0.4567282,Belagavi
1985,15.668190606791663,74.38998275134384,0.34550196,Belagavi
1986,15.668190606791663,74.39034207745749,0.23870794,Belagavi
1987,15.668190606791663,74.3904319089859,0.26287115,Belagavi
1988,15.668190606791663,74.39258786566779,0.3406683,Belagavi
1989,15.668190606791663,74.39312685483826,0.563931,Belagavi
1990,15.668190606791663,74.39393533859396,0.35956416,Belagavi
1991,15.668190606791663,74.3949234854065,0.36125,Belagavi
1992,15.668190606791663,74.39519297999173,0.3679417,Belagavi
1993,15.668190606791663,74.39609129527585,0.57209665,Belagavi
1994,15.668190606791663,74.39618112680427,0.57209665,Belagavi
1995,15.668190606791663,74.39698961055997,0.44355473,Belagavi
1996,15.668190606791663,74.39779809431568,0.6908297,Belagavi
1997,15.668190606791663,74.40031337711122,0.57140654,Belagavi
1998,15.668190606791663,74.4009421978101,0.37814072,Belagavi
1999,15.668190606791663,74.40184051309421,0.38419986,Belagavi
2000,15.668190606791663,74.40219983920787,0.56643355,Belagavi
2001,15.668190606791663,74.40264899684992,0.34796238,Belagavi
2002,15.668190606791663,74.40408630130452,0.476137,Belagavi
2003,15.668190606791663,74.40597276340117,0.4793633,Belagavi
2004,15.668190606791663,74.40767956244099,0.68620443,Belagavi
2005,15.668190606791663,74.40821855161147,0.6804669,Belagavi
2006,15.668190606791663,74.40830838313988,0.64489883,Belagavi
2007,15.668190606791663,74.4083982146683,0.64823246,Belagavi
2008,15.668190606791663,74.40866770925352,0.6265298,Belagavi
2009,15.668190606791663,74.40929652995241,0.70378953,Belagavi
2010,15.668190606791663,74.40938636148083,0.7782977,Belagavi
2011,15.668190606791663,74.40947619300924,0.75660574,Belagavi
2012,15.668190606791663,74.41019484523653,0.541412,Belagavi
2013,15.668280438320076,74.38019111474694,0.7528958,Belagavi
2014,15.668280438320076,74.38171825072995,0.7155124,Belagavi
2015,15.668280438320076,74.38180808225835,0.7575433,Belagavi
2016,15.668280438320076,74.38189791378676,0.7766837,Belagavi
2017,15.668280438320076,74.382167408372,0.76562786,Belagavi
2018,15.668280438320076,74.38279622907088,0.7014493,Belagavi
2019,15.668280438320076,74.38369454435501,0.71739525,Belagavi
2020,15.668280438320076,74.38387420741182,0.7160735,Belagavi
2021,15.668280438320076,74.38423353352547,0.721519,Belagavi
2022,15.668280438320076,74.38629965867895,0.66792905,Belagavi
2023,15.668280438320076,74.386748816321,0.61456025,Belagavi
2024,15.668280438320076,74.38701831090624,0.56028366,Belagavi
2025,15.668280438320076,74.38836578383243,0.57219845,Belagavi
2026,15.668280438320076,74.38863527841767,0.5934605,Belagavi
2027,15.668280438320076,74.38926409911655,0.33826247,Belagavi
2028,15.668280438320076,74.39150988732685,0.3420314,Belagavi
2029,15.668280438320076,74.39249803413938,0.35949266,Belagavi
2030,15.668280438320076,74.39321668636667,0.57276237,Belagavi
2031,15.668280438320076,74.39555230610539,0.2825051,Belagavi
2032,15.668280438320076,74.3971692736168,0.63131934,Belagavi
2033,15.668280438320076,74.40076253475327,0.27224934,Belagavi
2034,15.668280438320076,74.4009421978101,0.3729293,Belagavi
2035,15.668280438320076,74.40157101850897,0.39736414,Belagavi
2036,15.668280438320076,74.40219983920787,0.48196247,Belagavi
2037,15.668280438320076,74.4024693337931,0.27324143,Belagavi
2038,15.668280438320076,74.40291849143516,0.28249568,Belagavi
2039,15.668280438320076,74.4047151220034,0.52915764,Belagavi
2040,15.668280438320076,74.40588293187275,0.46959618,Belagavi
2041,15.668280438320076,74.40893720383876,0.63220143,Belagavi
2042,15.668370269848488,74.38108943003105,0.7671309,Belagavi
2043,15.668370269848488,74.38701831090624,0.5868124,Belagavi
2044,15.668370269848488,74.3896234252302,0.2027054,Belagavi
2045,15.668370269848488,74.39034207745749,0.26075187,Belagavi
2046,15.668370269848488,74.39052174051432,0.40896064,Belagavi
2047,15.668370269848488,74.39133022427002,0.26676506,Belagavi
2048,15.668370269848488,74.3927675287246,0.3066453,Belagavi
2049,15.668370269848488,74.3933963494235,0.31946835,Belagavi
2050,15.668370269848488,74.3949234854065,0.37814644,Belagavi
2051,15.668370269848488,74.39510314846332,0.39310345,Belagavi
2052,15.668370269848488,74.39564213763379,0.24069251,Belagavi
2053,15.668370269848488,74.39618112680427,0.5986065,Belagavi
2054,15.668370269848488,74.3971692736168,0.65998393,Belagavi
2055,15.668370269848488,74.39950489335551,0.70608974,Belagavi
2056,15.668370269848488,74.40049304016804,0.7129992,Belagavi
2057,15.668370269848488,74.40103202933851,0.35054618,Belagavi
2058,15.668370269848488,74.40211000767945,0.63223493,Belagavi
2059,15.668370269848488,74.40255916532152,0.26815948,Belagavi
2060,15.668370269848488,74.40354731213405,0.47703058,Belagavi
2061,15.668370269848488,74.40408630130452,0.5532213,Belagavi
2062,15.668370269848488,74.40714057327052,0.61583865,Belagavi
2063,15.668370269848488,74.40785922549782,0.66706264,Belagavi
2064,15.668370269848488,74.40866770925352,0.6129722,Belagavi
2065,15.668370269848488,74.40929652995241,0.70658857,Belagavi
2066,15.668370269848488,74.41010501370812,0.71772254,Belagavi
2067,15.6684601013769,74.380640272389,0.7426859,Belagavi
2068,15.6684601013769,74.38099959850264,0.756064,Belagavi
2069,15.6684601013769,74.38207757684359,0.77682406,Belagavi
2070,15.6684601013769,74.38288606059929,0.72157854,Belagavi
2071,15.6684601013769,74.3836047128266,0.7182685,Belagavi
2072,15.6684601013769,74.38719797396307,0.5605346,Belagavi
2073,15.6684601013769,74.38728780549148,0.58400327,Belagavi
2074,15.6684601013769,74.38782679466195,0.6108427,Belagavi
2075,15.6684601013769,74.38845561536084,0.5136755,Belagavi
2076,15.6684601013769,74.38863527841767,0.61030596,Belagavi
2077,15.6684601013769,74.3897132567586,0.2152424,Belagavi
2078,15.6684601013769,74.39034207745749,0.35988253,Belagavi
2079,15.6684601013769,74.39150988732685,0.20347574,Belagavi
2080,15.6684601013769,74.39213870802573,0.34399405,Belagavi
2081,15.6684601013769,74.39285736025302,0.23369566,Belagavi
2082,15.6684601013769,74.39357601248032,0.22101556,Belagavi
2083,15.6684601013769,74.39663028444632,0.4913958,Belagavi
2084,15.6684601013769,74.3979777573725,0.69624776,Belagavi
2085,15.6684601013769,74.3987862411282,0.49237782,Belagavi
2086,15.6684601013769,74.39914556724186,0.506426,Belagavi
2087,15.6684601013769,74.40058287169644,0.5545818,Belagavi
2088,15.6684601013769,74.4024693337931,0.32932332,Belagavi
2089,15.6684601013769,74.40309815449199,0.5354413,Belagavi
2090,15.6684601013769,74.40327781754881,0.46176568,Belagavi
2091,15.6684601013769,74.4039964697761,0.64983517,Belagavi
2092,15.6684601013769,74.40408630130452,0.61644256,Belagavi
2093,15.6684601013769,74.40462529047498,0.5680364,Belagavi
2094,15.6684601013769,74.40525411117387,0.6229885,Belagavi
2095,15.6684601013769,74.40588293187275,0.36,Belagavi
2096,15.6684601013769,74.40749989938418,0.6745465,Belagavi
2097,15.6684601013769,74.40902703536717,0.6248247,Belagavi
2098,15.6684601013769,74.41028467676495,0.6294406,Belagavi
2099,15.66854993290531,74.38090976697423,0.73647606,Belagavi
2100,15.66854993290531,74.3814487561447,0.72691756,Belagavi
2101,15.66854993290531,74.38153858767312,0.746888,Belagavi
2102,15.66854993290531,74.38171825072995,0.75245285,Belagavi
2103,15.66854993290531,74.382167408372,0.7623941,Belagavi
2104,15.66854993290531,74.38576066950847,0.62614965,Belagavi
2105,15.66854993290531,74.38585050103688,0.6518065,Belagavi
2106,15.66854993290531,74.38683864784942,0.6177924,Belagavi
2107,15.66854993290531,74.38701831090624,0.6409336,Belagavi
2108,15.66854993290531,74.3881861207756,0.49196392,Belagavi
2109,15.66854993290531,74.38872510994607,0.53643686,Belagavi
2110,15.66854993290531,74.38890477300289,0.46878064,Belagavi
2111,15.66854993290531,74.39016241440066,0.2917115,Belagavi
2112,15.66854993290531,74.3904319089859,0.35581672,Belagavi
2113,15.66854993290531,74.39061157204273,0.39266327,Belagavi
2114,15.66854993290531,74.39267769719619,0.3217153,Belagavi
2115,15.66854993290531,74.3927675287246,0.2458153,Belagavi
2116,15.66854993290531,74.39725910514521,0.5646372,Belagavi
2117,15.66854993290531,74.39761843125885,0.7859832,Belagavi
2118,15.66854993290531,74.39887607265662,0.50015473,Belagavi
2119,15.66854993290531,74.39923539877027,0.43793762,Belagavi
2120,15.66854993290531,74.39932523029869,0.46347854,Belagavi
2121,15.66854993290531,74.40112186086692,0.28710687,Belagavi
2122,15.66854993290531,74.40184051309421,0.35603327,Belagavi
2123,15.66854993290531,74.40417613283293,0.6164891,Belagavi
2124,15.66854993290531,74.40444562741817,0.6599881,Belagavi
2125,15.66854993290531,74.40453545894658,0.7309091,Belagavi
2126,15.66854993290531,74.40489478506022,0.73974043,Belagavi
2127,15.66854993290531,74.40570326881593,0.3218799,Belagavi
2128,15.66854993290531,74.40651175257165,0.6698762,Belagavi
2129,15.66854993290531,74.40678124715687,0.5546759,Belagavi
2130,15.66854993290531,74.40749989938418,0.68409216,Belagavi
2131,15.66854993290531,74.4083982146683,0.6476254,Belagavi
2132,15.66854993290531,74.40875754078193,0.6552563,Belagavi
2133,15.66854993290531,74.40893720383876,0.6526621,Belagavi
2134,15.66854993290531,74.40911686689559,0.6588077,Belagavi
2135,15.66854993290531,74.40965585606605,0.78198475,Belagavi
2136,15.66854993290531,74.40983551912288,0.7392554,Belagavi
2137,15.668639764433724,74.38207757684359,0.7697293,Belagavi
2138,15.668639764433724,74.38225723990041,0.8005957,Belagavi
2139,15.668639764433724,74.38791662619036,0.47801715,Belagavi
2140,15.668639764433724,74.39079123509954,0.46675667,Belagavi
2141,15.668639764433724,74.39204887649731,0.2362502,Belagavi
2142,15.668639764433724,74.39357601248032,0.21986069,Belagavi
2143,15.668639764433724,74.39402517012238,0.14520267,Belagavi
2144,15.668639764433724,74.39465399082125,0.43181038,Belagavi
2145,15.668639764433724,74.39510314846332,0.33161953,Belagavi
2146,15.668639764433724,74.39528281152015,0.22236025,Belagavi
2147,15.668639764433724,74.39609129527585,0.6787799,Belagavi
2148,15.668639764433724,74.39680994750314,0.46883708,Belagavi
2149,15.668639764433724,74.39806758890091,0.5031447,Belagavi
2150,15.668639764433724,74.39923539877027,0.34371185,Belagavi
2151,15.668639764433724,74.40211000767945,0.4284727,Belagavi
2152,15.668639764433724,74.40327781754881,0.36877078,Belagavi
2153,15.668639764433724,74.40336764907723,0.47957063,Belagavi
2154,15.668639764433724,74.40444562741817,0.59694433,Belagavi
2155,15.668639764433724,74.40588293187275,0.39078856,Belagavi
2156,15.668639764433724,74.40749989938418,0.7235719,Belagavi
2157,15.668639764433724,74.4077693939694,0.5795429,Belagavi
2158,15.668639764433724,74.40956602453764,0.7749296,Belagavi
2159,15.668639764433724,74.41028467676495,0.56688786,Belagavi
2160,15.668729595962136,74.38108943003105,0.71748304,Belagavi
2161,15.668729595962136,74.38153858767312,0.7992239,Belagavi
2162,15.668729595962136,74.38315555518453,0.72164947,Belagavi
2163,15.668729595962136,74.38333521824136,0.7367417,Belagavi
2164,15.668729595962136,74.38387420741182,0.694598,Belagavi
2165,15.668729595962136,74.38450302811071,0.7117046,Belagavi
2166,15.668729595962136,74.38567083798007,0.6530082,Belagavi
2167,15.668729595962136,74.38611999562212,0.70835805,Belagavi
2168,15.668729595962136,74.38647932173578,0.6746939,Belagavi
2169,15.668729595962136,74.386748816321,0.6585062,Belagavi
2170,15.668729595962136,74.38683864784942,0.61928105,Belagavi
2171,15.668729595962136,74.38782679466195,0.6035527,Belagavi
2172,15.668729595962136,74.3897132567586,0.26215968,Belagavi
2173,15.668729595962136,74.39061157204273,0.39758614,Belagavi
2174,15.668729595962136,74.39079123509954,0.4249407,Belagavi
2175,15.668729595962136,74.39088106662795,0.39470014,Belagavi
2176,15.668729595962136,74.39097089815637,0.45821956,Belagavi
2177,15.668729595962136,74.3927675287246,0.22939202,Belagavi
2178,15.668729595962136,74.3933963494235,0.23776758,Belagavi
2179,15.668729595962136,74.39384550706555,0.17208622,Belagavi
2180,15.668729595962136,74.39483365387808,0.3593029,Belagavi
2181,15.668729595962136,74.39564213763379,0.18181819,Belagavi
2182,15.668729595962136,74.39842691501457,0.5879699,Belagavi
2183,15.668729595962136,74.39887607265662,0.60190326,Belagavi
2184,15.668729595962136,74.39932523029869,0.32608697,Belagavi
2185,15.668729595962136,74.39986421946915,0.65335464,Belagavi
2186,15.668729595962136,74.40193034462263,0.29553726,Belagavi
2187,15.668729595962136,74.40211000767945,0.23781094,Belagavi
2188,15.668729595962136,74.40309815449199,0.32472214,Belagavi
2189,15.668729595962136,74.40417613283293,0.5918434,Belagavi
2190,15.668729595962136,74.4047151220034,0.5954798,Belagavi
2191,15.668729595962136,74.40498461658864,0.4248951,Belagavi
2192,15.668729595962136,74.40516427964546,0.56342185,Belagavi
2193,15.668729595962136,74.40552360575911,0.36473292,Belagavi
2194,15.668729595962136,74.40633208951482,0.40848324,Belagavi
2195,15.668729595962136,74.40705074174211,0.49059996,Belagavi
2196,15.668729595962136,74.40821855161147,0.6348846,Belagavi
2197,15.668729595962136,74.40830838313988,0.6348846,Belagavi
2198,15.668729595962136,74.40947619300924,0.7305371,Belagavi
2199,15.668729595962136,74.41010501370812,0.49158612,Belagavi
2200,15.668819427490549,74.38090976697423,0.7014162,Belagavi
2201,15.668819427490549,74.3814487561447,0.7698496,Belagavi
2202,15.668819427490549,74.38567083798007,0.6289479,Belagavi
2203,15.668819427490549,74.38620982715054,0.7467057,Belagavi
2204,15.668819427490549,74.38836578383243,0.4132515,Belagavi
2205,15.668819427490549,74.38854544688925,0.415835,Belagavi
2206,15.668819427490549,74.38926409911655,0.39887825,Belagavi
2207,15.668819427490549,74.38989291981542,0.26199764,Belagavi
2208,15.668819427490549,74.39088106662795,0.28127623,Belagavi
2209,15.668819427490549,74.39213870802573,0.2511913,Belagavi
2210,15.668819427490549,74.39294719178143,0.20407394,Belagavi
2211,15.668819427490549,74.39321668636667,0.20680529,Belagavi
2212,15.668819427490549,74.39348618095191,0.21610638,Belagavi
2213,15.668819427490549,74.39465399082125,0.5314735,Belagavi
2214,15.668819427490549,74.39483365387808,0.4687778,Belagavi
2215,15.668819427490549,74.39896590418503,0.49615115,Belagavi
2216,15.668819427490549,74.39914556724186,0.38010964,Belagavi
2217,15.668819427490549,74.39950489335551,0.5829447,Belagavi
2218,15.668819427490549,74.39959472488391,0.6108884,Belagavi
2219,15.668819427490549,74.4009421978101,0.3132303,Belagavi
2220,15.668819427490549,74.40139135545216,0.26388568,Belagavi
2221,15.668819427490549,74.40309815449199,0.33922932,Belagavi
2222,15.668819427490549,74.40336764907723,0.3932895,Belagavi
2223,15.668819427490549,74.40444562741817,0.41799265,Belagavi
2224,15.668819427490549,74.40633208951482,0.37850866,Belagavi
2225,15.668819427490549,74.40651175257165,0.4187059,Belagavi
2226,15.668819427490549,74.40678124715687,0.69864005,Belagavi
2227,15.668819427490549,74.40741006785576,0.47558486,Belagavi
2228,15.668819427490549,74.4077693939694,0.45271245,Belagavi
2229,15.668819427490549,74.40857787772511,0.708626,Belagavi
2230,15.668819427490549,74.40974568759447,0.6955503,Belagavi
2231,15.668819427490549,74.40983551912288,0.6658815,Belagavi
2232,15.66890925901896,74.38010128321852,0.77019453,Belagavi
2233,15.66890925901896,74.38046060933218,0.7525206,Belagavi
2234,15.66890925901896,74.38108943003105,0.70500785,Belagavi
2235,15.66890925901896,74.38207757684359,0.7601973,Belagavi
2236,15.66890925901896,74.38432336505389,0.699619,Belagavi
2237,15.66890925901896,74.3866589847926,0.6685691,Belagavi
2238,15.66890925901896,74.38845561536084,0.4289004,Belagavi
2239,15.66890925901896,74.39249803413938,0.24211985,Belagavi
2240,15.66890925901896,74.39402517012238,0.17410073,Belagavi
2241,15.66890925901896,74.39663028444632,0.59363526,Belagavi
2242,15.66890925901896,74.39689977903156,0.561674,Belagavi
2243,15.66890925901896,74.39761843125885,0.6432844,Belagavi
2244,15.66890925901896,74.39833708348615,0.48604947,Belagavi
2245,15.66890925901896,74.40013371405439,0.63426834,Belagavi
2246,15.66890925901896,74.4002235455828,0.5976143,Belagavi
2247,15.66890925901896,74.40040320863963,0.39889094,Belagavi
2248,15.66890925901896,74.40112186086692,0.27562723,Belagavi
2249,15.66890925901896,74.40219983920787,0.17845912,Belagavi
2250,15.66890925901896,74.406152426458,0.7318454,Belagavi
2251,15.66890925901896,74.4069609102137,0.49891794,Belagavi
2252,15.66890925901896,74.40821855161147,0.67558056,Belagavi
2253,15.66890925901896,74.409206698424,0.64660054,Belagavi
2254,15.66890925901896,74.40938636148083,0.72759736,Belagavi
2255,15.668999090547372,74.38001145169011,0.7219882,Belagavi
2256,15.668999090547372,74.38010128321852,0.7522788,Belagavi
2257,15.668999090547372,74.38037077780376,0.7230114,Belagavi
2258,15.668999090547372,74.38081993544581,0.7217561,Belagavi
2259,15.668999090547372,74.38099959850264,0.7166961,Belagavi
2260,15.668999090547372,74.38117926155947,0.73766774,Belagavi
2261,15.668999090547372,74.38171825072995,0.77902097,Belagavi
2262,15.668999090547372,74.38270639754248,0.7692308,Belagavi
2263,15.668999090547372,74.3859403325653,0.6559089,Belagavi
2264,15.668999090547372,74.38603016409371,0.682845,Belagavi
2265,15.668999090547372,74.38611999562212,0.6756757,Belagavi
2266,15.668999090547372,74.38863527841767,0.37158376,Belagavi
2267,15.668999090547372,74.38872510994607,0.39817956,Belagavi
2268,15.668999090547372,74.38953359370178,0.2747858,Belagavi
2269,15.668999090547372,74.39007258287225,0.336965,Belagavi
2270,15.668999090547372,74.39034207745749,0.49419257,Belagavi
2271,15.668999090547372,74.39052174051432,0.52290463,Belagavi
2272,15.668999090547372,74.39070140357113,0.53945357,Belagavi
2273,15.668999090547372,74.39079123509954,0.46777546,Belagavi
2274,15.668999090547372,74.39258786566779,0.21912637,Belagavi
2275,15.668999090547372,74.39348618095191,0.1780822,Belagavi
2276,15.668999090547372,74.39582180069061,0.31987578,Belagavi
2277,15.668999090547372,74.39770826278726,0.2580867,Belagavi
2278,15.668999090547372,74.39779809431568,0.2423116,Belagavi
2279,15.668999090547372,74.39788792584409,0.46675688,Belagavi
2280,15.668999090547372,74.39833708348615,0.41184574,Belagavi
2281,15.668999090547372,74.39959472488391,0.53595,Belagavi
2282,15.668999090547372,74.4031879860204,0.35802856,Belagavi
2283,15.668999090547372,74.40408630130452,0.5149047,Belagavi
2284,15.668999090547372,74.40444562741817,0.20986009,Belagavi
2285,15.668999090547372,74.40561343728751,0.40672597,Belagavi
2286,15.668999090547372,74.40875754078193,0.6726006,Belagavi
2287,15.668999090547372,74.40911686689559,0.6497995,Belagavi
2288,15.669088922075783,74.38108943003105,0.71758044,Belagavi
2289,15.669088922075783,74.38261656601406,0.7527357,Belagavi
2290,15.669088922075783,74.38369454435501,0.6816134,Belagavi
2291,15.669088922075783,74.3844131965823,0.68281215,Belagavi
2292,15.669088922075783,74.38827595230401,0.34706914,Belagavi
2293,15.669088922075783,74.38872510994607,0.36701137,Belagavi
2294,15.669088922075783,74.39330651789508,0.20287019,Belagavi
2295,15.669088922075783,74.39348618095191,0.20141844,Belagavi
2296,15.669088922075783,74.39393533859396,0.16756156,Belagavi
2297,15.669088922075783,74.39411500165079,0.18641645,Belagavi
2298,15.669088922075783,74.39474382234967,0.46593148,Belagavi
2299,15.669088922075783,74.39528281152015,0.5647237,Belagavi
2300,15.669088922075783,74.3964506213895,0.45988908,Belagavi
2301,15.669088922075783,74.3971692736168,0.6192078,Belagavi
2302,15.669088922075783,74.39725910514521,0.61199856,Belagavi
2303,15.669088922075783,74.39824725195774,0.5103787,Belagavi
2304,15.669088922075783,74.39905573571345,0.48164988,Belagavi
2305,15.669088922075783,74.39932523029869,0.4893753,Belagavi
2306,15.669088922075783,74.39995405099756,0.57636833,Belagavi
2307,15.669088922075783,74.40049304016804,0.2905037,Belagavi
2308,15.669088922075783,74.40076253475327,0.28005373,Belagavi
2309,15.669088922075783,74.40282865990675,0.4839919,Belagavi
2310,15.669088922075783,74.40309815449199,0.403045,Belagavi
2311,15.669088922075783,74.40336764907723,0.3562586,Belagavi
2312,15.669088922075783,74.40372697519086,0.33088857,Belagavi
2313,15.669088922075783,74.40426596436134,0.49331573,Belagavi
2314,15.669088922075783,74.4069609102137,0.64488375,Belagavi
2315,15.669088922075783,74.40965585606605,0.5654262,Belagavi
2316,15.669088922075783,74.41019484523653,0.53164345,Belagavi
2317,15.669178753604196,74.38010128321852,0.7852883,Belagavi
2318,15.669178753604196,74.38153858767312,0.7474805,Belagavi
2319,15.669178753604196,74.382167408372,0.7513929,Belagavi
2320,15.669178753604196,74.3829758921277,0.7164238,Belagavi
2321,15.669178753604196,74.38315555518453,0.7680834,Belagavi
2322,15.669178753604196,74.38396403894023,0.72402173,Belagavi
2323,15.669178753604196,74.38414370199706,0.712098,Belagavi
2324,15.669178753604196,74.38710814243466,0.69194776,Belagavi
2325,15.669178753604196,74.3881861207756,0.49502134,Belagavi
2326,15.669178753604196,74.3889946045313,0.5893004,Belagavi
2327,15.669178753604196,74.3897132567586,0.29269928,Belagavi
2328,15.669178753604196,74.39052174051432,0.4801103,Belagavi
2329,15.669178753604196,74.39240820261097,0.286816,Belagavi
2330,15.669178753604196,74.3933963494235,0.20629922,Belagavi
2331,15.669178753604196,74.39510314846332,0.5468931,Belagavi
2332,15.669178753604196,74.39618112680427,0.31053075,Belagavi
2333,15.669178753604196,74.39680994750314,0.4516696,Belagavi
2334,15.669178753604196,74.39734893667362,0.52273923,Belagavi
2335,15.669178753604196,74.4023795022647,0.23820396,Belagavi
2336,15.669178753604196,74.40282865990675,0.4615869,Belagavi
2337,15.669178753604196,74.40372697519086,0.34386113,Belagavi
2338,15.669178753604196,74.40462529047498,0.23941922,Belagavi
2339,15.669178753604196,74.40678124715687,0.3805471,Belagavi
2340,15.669178753604196,74.40714057327052,0.35404897,Belagavi
2341,15.669178753604196,74.40785922549782,0.7121512,Belagavi
2342,15.669178753604196,74.4100151821797,0.543979,Belagavi
2343,15.669178753604196,74.41010501370812,0.5304565,Belagavi
2344,15.669268585132608,74.38055044086059,0.74509805,Belagavi
2345,15.669268585132608,74.38117926155947,0.7518474,Belagavi
2346,15.669268585132608,74.38171825072995,0.77718747,Belagavi
2347,15.669268585132608,74.38198774531517,0.79129845,Belagavi
2348,15.669268585132608,74.38225723990041,0.78934664,Belagavi
2349,15.669268585132608,74.38342504976977,0.70133644,Belagavi
2350,15.669268585132608,74.38414370199706,0.7032793,Belagavi
2351,15.669268585132608,74.38683864784942,0.67604804,Belagavi
2352,15.669268585132608,74.38836578383243,0.49713057,Belagavi
2353,15.669268585132608,74.39034207745749,0.53321236,Belagavi
2354,15.669268585132608,74.39088106662795,0.3263158,Belagavi
2355,15.669268585132608,74.39106072968478,0.2864,Belagavi
2356,15.669268585132608,74.39150988732685,0.4817193,Belagavi
2357,15.669268585132608,74.39303702330984,0.21866624,Belagavi
2358,15.669268585132608,74.39402517012238,0.18766578,Belagavi
2359,15.669268585132608,74.39546247457697,0.4958527,Belagavi
2360,15.669268585132608,74.39582180069061,0.44176325,Belagavi
2361,15.669268585132608,74.39663028444632,0.3201426,Belagavi
2362,15.669268585132608,74.39932523029869,0.48711768,Belagavi
2363,15.669268585132608,74.39959472488391,0.37048092,Belagavi
2364,15.669268585132608,74.40193034462263,0.30493355,Belagavi
2365,15.669268585132608,74.4023795022647,0.21966897,Belagavi
2366,15.669268585132608,74.40363714366245,0.39946967,Belagavi
2367,15.669268585132608,74.40426596436134,0.5990025,Belagavi
2368,15.669268585132608,74.40516427964546,0.31951782,Belagavi
2369,15.669268585132608,74.40525411117387,0.3385245,Belagavi
2370,15.669268585132608,74.40642192104323,0.3921295,Belagavi
2371,15.669268585132608,74.40723040479894,0.46599022,Belagavi
2372,15.669268585132608,74.40741006785576,0.47933286,Belagavi
2373,15.669268585132608,74.40758973091258,0.48982581,Belagavi
2374,15.669268585132608,74.40911686689559,0.5533637,Belagavi
2375,15.66935841666102,74.38306572365612,0.71416956,Belagavi
2376,15.66935841666102,74.38315555518453,0.7249204,Belagavi
2377,15.66935841666102,74.3836047128266,0.75275,Belagavi
2378,15.66935841666102,74.3844131965823,0.6841179,Belagavi
2379,15.66935841666102,74.38477252269594,0.7190594,Belagavi
2380,15.66935841666102,74.38576066950847,0.66200876,Belagavi
2381,15.66935841666102,74.3866589847926,0.7007843,Belagavi
2382,15.66935841666102,74.38719797396307,0.67796284,Belagavi
2383,15.66935841666102,74.38845561536084,0.4531522,Belagavi
2384,15.66935841666102,74.38917426758813,0.4808316,Belagavi
2385,15.66935841666102,74.3904319089859,0.5243363,Belagavi
2386,15.66935841666102,74.39142005579843,0.37125406,Belagavi
2387,15.66935841666102,74.39348618095191,0.2139738,Belagavi
2388,15.66935841666102,74.39366584400872,0.2414461,Belagavi
2389,15.66935841666102,74.39483365387808,0.39945334,Belagavi
2390,15.66935841666102,74.39528281152015,0.5131908,Belagavi
2391,15.66935841666102,74.39636078986109,0.2751938,Belagavi
2392,15.66935841666102,74.39743876820204,0.63875204,Belagavi
2393,15.66935841666102,74.39842691501457,0.51352185,Belagavi
2394,15.66935841666102,74.3994150618271,0.36258104,Belagavi
2395,15.66935841666102,74.40031337711122,0.46566254,Belagavi
2396,15.66935841666102,74.4023795022647,0.26998305,Belagavi
2397,15.66935841666102,74.4039964697761,0.56446636,Belagavi
2398,15.66935841666102,74.40444562741817,0.5258195,Belagavi
2399,15.66935841666102,74.40498461658864,0.346026,Belagavi
2400,15.66935841666102,74.40732023632735,0.4854698,Belagavi
2401,15.66935841666102,74.40741006785576,0.48230323,Belagavi
2402,15.66935841666102,74.40974568759447,0.44174135,Belagavi
2403,15.66944824818943,74.38081993544581,0.7652224,Belagavi
2404,15.66944824818943,74.3829758921277,0.7276632,Belagavi
2405,15.66944824818943,74.38459285963913,0.71709716,Belagavi
2406,15.66944824818943,74.38629965867895,0.7371589,Belagavi
2407,15.66944824818943,74.38638949020736,0.7143434,Belagavi
2408,15.66944824818943,74.38755730007672,0.60265726,Belagavi
2409,15.66944824818943,74.38890477300289,0.5905761,Belagavi
2410,15.66944824818943,74.3896234252302,0.2879339,Belagavi
2411,15.66944824818943,74.39061157204273,0.41750214,Belagavi
2412,15.66944824818943,74.39312685483826,0.2201443,Belagavi
2413,15.66944824818943,74.39393533859396,0.23036076,Belagavi
2414,15.66944824818943,74.39438449623603,0.28375927,Belagavi
2415,15.66944824818943,74.39519297999173,0.5266458,Belagavi
2416,15.66944824818943,74.39600146374744,0.38699898,Belagavi
2417,15.66944824818943,74.39627095833268,0.40487972,Belagavi
2418,15.66944824818943,74.39636078986109,0.3433396,Belagavi
2419,15.66944824818943,74.39761843125885,0.52953154,Belagavi
2420,15.66944824818943,74.3979777573725,0.54591835,Belagavi
2421,15.66944824818943,74.39806758890091,0.5162512,Belagavi
2422,15.66944824818943,74.39887607265662,0.3075034,Belagavi
2423,15.66944824818943,74.4002235455828,0.5692308,Belagavi
2424,15.66944824818943,74.40058287169644,0.38649127,Belagavi
2425,15.66944824818943,74.40166085003739,0.25368816,Belagavi
2426,15.66944824818943,74.40453545894658,0.5215311,Belagavi
2427,15.66944824818943,74.40516427964546,0.3183826,Belagavi
2428,15.66944824818943,74.40606259492958,0.5797777,Belagavi
2429,15.66944824818943,74.406152426458,0.53976715,Belagavi
2430,15.66944824818943,74.40642192104323,0.6964715,Belagavi
2431,15.66944824818943,74.4069609102137,0.3666882,Belagavi
2432,15.66944824818943,74.409206698424,0.672494,Belagavi
2433,15.669538079717842,74.38126909308788,0.74472976,Belagavi
2434,15.669538079717842,74.38180808225835,0.77057195,Belagavi
2435,15.669538079717842,74.38252673448565,0.76054996,Belagavi
2436,15.669538079717842,74.38261656601406,0.75652844,Belagavi
2437,15.669538079717842,74.38279622907088,0.7547097,Belagavi
2438,15.669538079717842,74.38324538671294,0.7264753,Belagavi
2439,15.669538079717842,74.38504201728118,0.7064722,Belagavi
2440,15.669538079717842,74.38558100645166,0.72439027,Belagavi
2441,15.669538079717842,74.38567083798007,0.6999594,Belagavi
2442,15.669538079717842,74.38647932173578,0.68225074,Belagavi
2443,15.669538079717842,74.38881494147448,0.44227707,Belagavi
2444,15.669538079717842,74.38989291981542,0.33741888,Belagavi
2445,15.669538079717842,74.39016241440066,0.35467443,Belagavi
2446,15.669538079717842,74.39025224592908,0.4974227,Belagavi
2447,15.669538079717842,74.39222853955414,0.2829301,Belagavi
2448,15.669538079717842,74.3933963494235,0.2154713,Belagavi
2449,15.669538079717842,74.39501331693491,0.36502305,Belagavi
2450,15.669538079717842,74.3957319691622,0.4551687,Belagavi
2451,15.669538079717842,74.39689977903156,0.33204857,Belagavi
2452,15.669538079717842,74.39698961055997,0.3378531,Belagavi
2453,15.669538079717842,74.40345748060564,0.5035511,Belagavi
2454,15.669538079717842,74.40552360575911,0.385976,Belagavi
2455,15.669538079717842,74.40633208951482,0.57435995,Belagavi
2456,15.669538079717842,74.40705074174211,0.33554158,Belagavi
2457,15.669538079717842,74.40749989938418,0.37961927,Belagavi
2458,15.669538079717842,74.40758973091258,0.40988535,Belagavi
2459,15.669538079717842,74.40767956244099,0.42222223,Belagavi
2460,15.669538079717842,74.41028467676495,0.5393047,Belagavi
2461,15.669627911246256,74.38073010391741,0.7741517,Belagavi
2462,15.669627911246256,74.38117926155947,0.76618505,Belagavi
2463,15.669627911246256,74.38162841920153,0.7276957,Belagavi
2464,15.669627911246256,74.38171825072995,0.7497177,Belagavi
2465,15.669627911246256,74.38243690295724,0.7532934,Belagavi
2466,15.669627911246256,74.38495218575277,0.7123494,Belagavi
2467,15.669627911246256,74.3859403325653,0.63571745,Belagavi
2468,15.669627911246256,74.38683864784942,0.66645896,Belagavi
2469,15.669627911246256,74.38701831090624,0.6658566,Belagavi
2470,15.669627911246256,74.38710814243466,0.6651219,Belagavi
2471,15.669627911246256,74.38746746854831,0.6105738,Belagavi
2472,15.669627911246256,74.38782679466195,0.4479753,Belagavi
2473,15.669627911246256,74.39025224592908,0.374147,Belagavi
2474,15.669627911246256,74.39124039274161,0.30573443,Belagavi
2475,15.669627911246256,74.39177938191207,0.2917629,Belagavi
2476,15.669627911246256,74.39258786566779,0.2763014,Belagavi
2477,15.669627911246256,74.39312685483826,0.3090352,Belagavi
2478,15.669627911246256,74.39375567553714,0.3262871,Belagavi
2479,15.669627911246256,74.39393533859396,0.36554974,Belagavi
2480,15.669627911246256,74.39474382234967,0.33310902,Belagavi
2481,15.669627911246256,74.39510314846332,0.31981117,Belagavi
2482,15.669627911246256,74.39528281152015,0.30172563,Belagavi
2483,15.669627911246256,74.39609129527585,0.39140445,Belagavi
2484,15.669627911246256,74.3979777573725,0.5164727,Belagavi
2485,15.669627911246256,74.39914556724186,0.3437544,Belagavi
2486,15.669627911246256,74.39968455641232,0.49130434,Belagavi
2487,15.669627911246256,74.40157101850897,0.4782467,Belagavi
2488,15.669627911246256,74.40202017615104,0.37334326,Belagavi
2489,15.669627911246256,74.40381680671928,0.6005852,Belagavi
2490,15.669627911246256,74.40390663824769,0.575419,Belagavi
2491,15.669627911246256,74.40723040479894,0.5105029,Belagavi
2492,15.669627911246256,74.40875754078193,0.4648578,Belagavi
2493,15.669717742774669,74.38046060933218,0.74404275,Belagavi
2494,15.669717742774669,74.38261656601406,0.7781818,Belagavi
2495,15.669717742774669,74.38396403894023,0.7048276,Belagavi
2496,15.669717742774669,74.3859403325653,0.67680204,Belagavi
2497,15.669717742774669,74.38629965867895,0.63607156,Belagavi
2498,15.669717742774669,74.38656915326419,0.6815258,Belagavi
2499,15.669717742774669,74.38800645771877,0.5765132,Belagavi
2500,15.669717742774669,74.38980308828701,0.36621195,Belagavi
2501,15.669717742774669,74.39097089815637,0.44508278,Belagavi
2502,15.669717742774669,74.39124039274161,0.37875682,Belagavi
2503,15.669717742774669,74.39312685483826,0.3564626,Belagavi
2504,15.669717742774669,74.3933963494235,0.29946437,Belagavi
2505,15.669717742774669,74.39528281152015,0.34297594,Belagavi
2506,15.669717742774669,74.39537264304856,0.36867118,Belagavi
2507,15.669717742774669,74.39672011597473,0.39017916,Belagavi
2508,15.669717742774669,74.39734893667362,0.66922784,Belagavi
2509,15.669717742774669,74.3986964095998,0.2295345,Belagavi
2510,15.669717742774669,74.39950489335551,0.64522415,Belagavi
2511,15.669717742774669,74.40013371405439,0.64350903,Belagavi
2512,15.669717742774669,74.40157101850897,0.4297926,Belagavi
2513,15.669717742774669,74.4017506815658,0.37348703,Belagavi
2514,15.669717742774669,74.40264899684992,0.3669449,Belagavi
2515,15.669717742774669,74.40282865990675,0.24158835,Belagavi
2516,15.669717742774669,74.4031879860204,0.28120714,Belagavi
2517,15.669717742774669,74.40354731213405,0.5852498,Belagavi
2518,15.669717742774669,74.4039964697761,0.5710306,Belagavi
2519,15.669717742774669,74.40417613283293,0.53423774,Belagavi
2520,15.669717742774669,74.40453545894658,0.3457067,Belagavi
2521,15.669717742774669,74.40507444811705,0.2513804,Belagavi
2522,15.669717742774669,74.40821855161147,0.3975391,Belagavi
2523,15.669717742774669,74.40974568759447,0.49791908,Belagavi
2524,15.669807574303078,74.38450302811071,0.721666,Belagavi
2525,15.669807574303078,74.38989291981542,0.37558016,Belagavi
2526,15.669807574303078,74.39124039274161,0.36480844,Belagavi
2527,15.669807574303078,74.39150988732685,0.41653445,Belagavi
2528,15.669807574303078,74.3919590449689,0.22906448,Belagavi
2529,15.669807574303078,74.39240820261097,0.2615905,Belagavi
2530,15.669807574303078,74.39249803413938,0.26229507,Belagavi
2531,15.669807574303078,74.39429466470762,0.38275126,Belagavi
2532,15.669807574303078,74.39600146374744,0.3846154,Belagavi
2533,15.669807574303078,74.39833708348615,0.25501433,Belagavi
2534,15.669807574303078,74.39842691501457,0.27756894,Belagavi
2535,15.669807574303078,74.3994150618271,0.6923392,Belagavi
2536,15.669807574303078,74.40148118698058,0.40455928,Belagavi
2537,15.669807574303078,74.40193034462263,0.409576,Belagavi
2538,15.669807574303078,74.4039964697761,0.5322014,Belagavi
2539,15.669807574303078,74.40507444811705,0.28959414,Belagavi
2540,15.669807574303078,74.40561343728751,0.50958264,Belagavi
2541,15.669807574303078,74.40597276340117,0.3938039,Belagavi
2542,15.669807574303078,74.40633208951482,0.32943055,Belagavi
2543,15.669807574303078,74.40687107868528,0.49086395,Belagavi
2544,15.669807574303078,74.4083982146683,0.5177853,Belagavi
2545,15.669807574303078,74.40893720383876,0.40894455,Belagavi
2546,15.669807574303078,74.40956602453764,0.39889416,Belagavi
2547,15.669897405831492,74.38108943003105,0.7520421,Belagavi
2548,15.669897405831492,74.38270639754248,0.7614392,Belagavi
2549,15.669897405831492,74.38450302811071,0.7035371,Belagavi
2550,15.669897405831492,74.38585050103688,0.69707626,Belagavi
2551,15.669897405831492,74.38638949020736,0.7187967,Belagavi
2552,15.669897405831492,74.38692847937783,0.6670673,Belagavi
2553,15.669897405831492,74.38809628924719,0.59981996,Belagavi
2554,15.669897405831492,74.38890477300289,0.32757556,Belagavi
2555,15.669897405831492,74.39007258287225,0.3568493,Belagavi
2556,15.669897405831492,74.39070140357113,0.37866524,Belagavi
2557,15.669897405831492,74.39375567553714,0.4646092,Belagavi
2558,15.669897405831492,74.39402517012238,0.45126885,Belagavi
2559,15.669897405831492,74.39456415929286,0.41011727,Belagavi
2560,15.669897405831492,74.39474382234967,0.40514246,Belagavi
2561,15.669897405831492,74.39654045291792,0.3960813,Belagavi
2562,15.669897405831492,74.39698961055997,0.52953285,Belagavi
2563,15.669897405831492,74.39824725195774,0.23632786,Belagavi
2564,15.669897405831492,74.39950489335551,0.6709797,Belagavi
2565,15.669897405831492,74.39986421946915,0.6531656,Belagavi
2566,15.669897405831492,74.40291849143516,0.24793135,Belagavi
2567,15.669897405831492,74.40426596436134,0.36931217,Belagavi
2568,15.669897405831492,74.40462529047498,0.33359984,Belagavi
2569,15.669897405831492,74.40489478506022,0.33658352,Belagavi
2570,15.669897405831492,74.40534394270229,0.55613,Belagavi
2571,15.669897405831492,74.409206698424,0.4845516,Belagavi
2572,15.669897405831492,74.40965585606605,0.49790654,Belagavi
2573,15.669987237359903,74.38108943003105,0.77456546,Belagavi
2574,15.669987237359903,74.38117926155947,0.76137805,Belagavi
2575,15.669987237359903,74.38189791378676,0.7025895,Belagavi
2576,15.669987237359903,74.382167408372,0.76411855,Belagavi
2577,15.669987237359903,74.38504201728118,0.68713385,Belagavi
2578,15.669987237359903,74.38603016409371,0.70870084,Belagavi
2579,15.669987237359903,74.38620982715054,0.6888889,Belagavi
2580,15.669987237359903,74.38863527841767,0.5514593,Belagavi
2581,15.669987237359903,74.38926409911655,0.41558215,Belagavi
2582,15.669987237359903,74.38989291981542,0.39171472,Belagavi
2583,15.669987237359903,74.39150988732685,0.37011823,Belagavi
2584,15.669987237359903,74.39312685483826,0.3902675,Belagavi
2585,15.669987237359903,74.39842691501457,0.28619313,Belagavi
2586,15.669987237359903,74.40166085003739,0.33578086,Belagavi
2587,15.669987237359903,74.40193034462263,0.23282783,Belagavi
2588,15.669987237359903,74.40228967073628,0.34009334,Belagavi
2589,15.669987237359903,74.4023795022647,0.3637187,Belagavi
2590,15.669987237359903,74.40255916532152,0.46674952,Belagavi
2591,15.669987237359903,74.40453545894658,0.41470534,Belagavi
2592,15.669987237359903,74.40552360575911,0.56853265,Belagavi
2593,15.669987237359903,74.40633208951482,0.37473804,Belagavi
2594,15.669987237359903,74.4100151821797,0.49024293,Belagavi
2595,15.669987237359903,74.41028467676495,0.42952797,Belagavi
2596,15.670077068888316,74.380640272389,0.72751206,Belagavi
2597,15.670077068888316,74.38081993544581,0.714405,Belagavi
2598,15.670077068888316,74.38153858767312,0.7444672,Belagavi
2599,15.670077068888316,74.38207757684359,0.7326264,Belagavi
2600,15.670077068888316,74.38225723990041,0.78911567,Belagavi
2601,15.670077068888316,74.38351488129818,0.7181148,Belagavi
2602,15.670077068888316,74.38567083798007,0.70621216,Belagavi
2603,15.670077068888316,74.38603016409371,0.7365073,Belagavi
2604,15.670077068888316,74.38728780549148,0.67125684,Belagavi
2605,15.670077068888316,74.38764713160514,0.64570683,Belagavi
2606,15.670077068888316,74.38854544688925,0.59186244,Belagavi
2607,15.670077068888316,74.3889946045313,0.48026416,Belagavi
2608,15.670077068888316,74.38917426758813,0.37741297,Belagavi
2609,15.670077068888316,74.39106072968478,0.28921714,Belagavi
2610,15.670077068888316,74.39159971885526,0.42083478,Belagavi
2611,15.670077068888316,74.39330651789508,0.41317365,Belagavi
2612,15.670077068888316,74.39375567553714,0.59769404,Belagavi
2613,15.670077068888316,74.39447432776444,0.46892276,Belagavi
2614,15.670077068888316,74.39456415929286,0.42537314,Belagavi
2615,15.670077068888316,74.39483365387808,0.5599855,Belagavi
2616,15.670077068888316,74.3949234854065,0.56531286,Belagavi
2617,15.670077068888316,74.39555230610539,0.54797894,Belagavi
2618,15.670077068888316,74.3957319691622,0.52761376,Belagavi
2619,15.670077068888316,74.39636078986109,0.4198261,Belagavi
2620,15.670077068888316,74.39698961055997,0.4486527,Belagavi
2621,15.670077068888316,74.39725910514521,0.5721196,Belagavi
2622,15.670077068888316,74.4023795022647,0.47778842,Belagavi
2623,15.670077068888316,74.4031879860204,0.24077885,Belagavi
2624,15.670077068888316,74.40354731213405,0.51141477,Belagavi
2625,15.670077068888316,74.4054337742307,0.4394315,Belagavi
2626,15.670077068888316,74.40552360575911,0.43535534,Belagavi
2627,15.670077068888316,74.4062422579864,0.3343932,Belagavi
2628,15.670077068888316,74.40732023632735,0.5020031,Belagavi
2629,15.670077068888316,74.40803888855464,0.55657667,Belagavi
2630,15.670077068888316,74.4100151821797,0.46622184,Belagavi
2631,15.670166900416726,74.38001145169011,0.80497,Belagavi
2632,15.670166900416726,74.38099959850264,0.7806874,Belagavi
2633,15.670166900416726,74.38423353352547,0.70692104,Belagavi
2634,15.670166900416726,74.38486235422435,0.7044606,Belagavi
2635,15.670166900416726,74.38692847937783,0.67634857,Belagavi
2636,15.670166900416726,74.3873776370199,0.656966,Belagavi
2637,15.670166900416726,74.3881861207756,0.6497244,Belagavi
2638,15.670166900416726,74.38917426758813,0.4477488,Belagavi
2639,15.670166900416726,74.3896234252302,0.44971842,Belagavi
2640,15.670166900416726,74.39034207745749,0.53001225,Belagavi
2641,15.670166900416726,74.3904319089859,0.49132204,Belagavi
2642,15.670166900416726,74.39070140357113,0.45713216,Belagavi
2643,15.670166900416726,74.39079123509954,0.46308967,Belagavi
2644,15.670166900416726,74.39168955038366,0.42249656,Belagavi
2645,15.670166900416726,74.39294719178143,0.3607306,Belagavi
2646,15.670166900416726,74.39321668636667,0.3968308,Belagavi
2647,15.670166900416726,74.39411500165079,0.4950862,Belagavi
2648,15.670166900416726,74.39537264304856,0.5452373,Belagavi
2649,15.670166900416726,74.3957319691622,0.53517586,Belagavi
2650,15.670166900416726,74.39698961055997,0.4263202,Belagavi
2651,15.670166900416726,74.39851674654298,0.28881988,Belagavi
2652,15.670166900416726,74.40121169239534,0.3611547,Belagavi
2653,15.670166900416726,74.40507444811705,0.41945663,Belagavi
2654,15.670166900416726,74.4054337742307,0.3566345,Belagavi
2655,15.670166900416726,74.4077693939694,0.6231023,Belagavi
2656,15.670166900416726,74.40857787772511,0.36741215,Belagavi
2657,15.670166900416726,74.40866770925352,0.29085416,Belagavi
2658,15.670166900416726,74.40938636148083,0.43671834,Belagavi
2659,15.67025673194514,74.38288606059929,0.7450264,Belagavi
2660,15.67025673194514,74.3844131965823,0.7332788,Belagavi
2661,15.67025673194514,74.38531151186642,0.68288857,Belagavi
2662,15.67025673194514,74.38638949020736,0.7409915,Belagavi
2663,15.67025673194514,74.38863527841767,0.571899,Belagavi
2664,15.67025673194514,74.38890477300289,0.47062826,Belagavi
2665,15.67025673194514,74.3889946045313,0.46246007,Belagavi
2666,15.67025673194514,74.39034207745749,0.5001999,Belagavi
2667,15.67025673194514,74.39088106662795,0.42401063,Belagavi
2668,15.67025673194514,74.39168955038366,0.3616219,Belagavi
2669,15.67025673194514,74.3919590449689,0.3527718,Belagavi
2670,15.67025673194514,74.39231837108255,0.39333093,Belagavi
2671,15.67025673194514,74.3927675287246,0.351102,Belagavi
2672,15.67025673194514,74.39294719178143,0.39045966,Belagavi
2673,15.67025673194514,74.39321668636667,0.41535226,Belagavi
2674,15.67025673194514,74.39330651789508,0.46192893,Belagavi
2675,15.67025673194514,74.39366584400872,0.6682009,Belagavi
2676,15.67025673194514,74.39393533859396,0.61558634,Belagavi
2677,15.67025673194514,74.39474382234967,0.53857297,Belagavi
2678,15.67025673194514,74.3964506213895,0.46924177,Belagavi
2679,15.67025673194514,74.39734893667362,0.7381584,Belagavi
2680,15.67025673194514,74.39806758890091,0.30204892,Belagavi
2681,15.67025673194514,74.39932523029869,0.66538316,Belagavi
2682,15.67025673194514,74.39959472488391,0.6833825,Belagavi
2683,15.67025673194514,74.39986421946915,0.6642788,Belagavi
2684,15.67025673194514,74.40058287169644,0.56937456,Belagavi
2685,15.67025673194514,74.40157101850897,0.24380279,Belagavi
2686,15.67025673194514,74.40184051309421,0.26783073,Belagavi
2687,15.67025673194514,74.40211000767945,0.33759904,Belagavi
2688,15.67025673194514,74.40785922549782,0.60694826,Belagavi
2689,15.67025673194514,74.41010501370812,0.41299063,Belagavi
2690,15.67034656347355,74.38073010391741,0.7491416,Belagavi
2691,15.67034656347355,74.3814487561447,0.7502424,Belagavi
2692,15.67034656347355,74.38162841920153,0.722894,Belagavi
2693,15.67034656347355,74.38198774531517,0.72044903,Belagavi
2694,15.67034656347355,74.38252673448565,0.74076706,Belagavi
2695,15.67034656347355,74.38261656601406,0.71648306,Belagavi
2696,15.67034656347355,74.38432336505389,0.71771646,Belagavi
2697,15.67034656347355,74.38459285963913,0.72823167,Belagavi
2698,15.67034656347355,74.38477252269594,0.7261663,Belagavi
2699,15.67034656347355,74.38585050103688,0.70438033,Belagavi
2700,15.67034656347355,74.38603016409371,0.6992148,Belagavi
2701,15.67034656347355,74.38611999562212,0.6947412,Belagavi
2702,15.67034656347355,74.386748816321,0.7393258,Belagavi
2703,15.67034656347355,74.38692847937783,0.66777724,Belagavi
2704,15.67034656347355,74.38701831090624,0.64210063,Belagavi
2705,15.67034656347355,74.38746746854831,0.64688367,Belagavi
2706,15.67034656347355,74.38800645771877,0.61562055,Belagavi
2707,15.67034656347355,74.38926409911655,0.31138906,Belagavi
2708,15.67034656347355,74.38980308828701,0.37459046,Belagavi
2709,15.67034656347355,74.39007258287225,0.4767184,Belagavi
2710,15.67034656347355,74.39025224592908,0.49097472,Belagavi
2711,15.67034656347355,74.3919590449689,0.3584087,Belagavi
2712,15.67034656347355,74.39204887649731,0.33146802,Belagavi
2713,15.67034656347355,74.3933963494235,0.6358464,Belagavi
2714,15.67034656347355,74.39366584400872,0.6696658,Belagavi
2715,15.67034656347355,74.39429466470762,0.6320486,Belagavi
2716,15.67034656347355,74.39510314846332,0.6043414,Belagavi
2717,15.67034656347355,74.39537264304856,0.5227625,Belagavi
2718,15.67034656347355,74.39618112680427,0.42683363,Belagavi
2719,15.67034656347355,74.39663028444632,0.3905651,Belagavi
2720,15.67034656347355,74.39833708348615,0.28140393,Belagavi
2721,15.67034656347355,74.3987862411282,0.3433343,Belagavi
2722,15.67034656347355,74.39959472488391,0.6450419,Belagavi
2723,15.67034656347355,74.40211000767945,0.40237692,Belagavi
2724,15.67034656347355,74.40264899684992,0.45287862,Belagavi
2725,15.67034656347355,74.40273882837833,0.49008694,Belagavi
2726,15.67034656347355,74.40381680671928,0.39291272,Belagavi
2727,15.67034656347355,74.40579310034434,0.34104046,Belagavi
2728,15.67034656347355,74.40785922549782,0.6259088,Belagavi
2729,15.67034656347355,74.40866770925352,0.296599,Belagavi
2730,15.670436395001962,74.38028094627535,0.8214756,Belagavi
2731,15.670436395001962,74.38055044086059,0.7968254,Belagavi
2732,15.670436395001962,74.3813589246163,0.7936278,Belagavi
2733,15.670436395001962,74.38189791378676,0.69688946,Belagavi
2734,15.670436395001962,74.38261656601406,0.7305495,Belagavi
2735,15.670436395001962,74.38531151186642,0.69303864,Belagavi
2736,15.670436395001962,74.38611999562212,0.6716016,Belagavi
2737,15.670436395001962,74.38620982715054,0.68010813,Belagavi
2738,15.670436395001962,74.38692847937783,0.7224168,Belagavi
2739,15.670436395001962,74.38719797396307,0.65209633,Belagavi
2740,15.670436395001962,74.39070140357113,0.59097743,Belagavi
2741,15.670436395001962,74.39106072968478,0.4791155,Belagavi
2742,15.670436395001962,74.39150988732685,0.36806837,Belagavi
2743,15.670436395001962,74.3919590449689,0.3339164,Belagavi
2744,15.670436395001962,74.39267769719619,0.32418302,Belagavi
2745,15.670436395001962,74.39330651789508,0.5226891,Belagavi
2746,15.670436395001962,74.39393533859396,0.68547565,Belagavi
2747,15.670436395001962,74.39483365387808,0.5067802,Belagavi
2748,15.670436395001962,74.39528281152015,0.47803852,Belagavi
2749,15.670436395001962,74.39752859973045,0.60616153,Belagavi
2750,15.670436395001962,74.39761843125885,0.5569056,Belagavi
2751,15.670436395001962,74.39824725195774,0.2526017,Belagavi
2752,15.670436395001962,74.39923539877027,0.63453174,Belagavi
2753,15.670436395001962,74.40013371405439,0.49580446,Belagavi
2754,15.670436395001962,74.40300832296357,0.2741832,Belagavi
2755,15.670436395001962,74.40390663824769,0.57429475,Belagavi
2756,15.670436395001962,74.4039964697761,0.5439901,Belagavi
2757,15.670436395001962,74.40597276340117,0.4601227,Belagavi
2758,15.670436395001962,74.40794905702623,0.57571405,Belagavi
2759,15.670436395001962,74.40821855161147,0.5342558,Belagavi
2760,15.670436395001962,74.40974568759447,0.32569927,Belagavi
2761,15.670526226530374,74.380640272389,0.7626029,Belagavi
2762,15.670526226530374,74.3813589246163,0.7537832,Belagavi
2763,15.670526226530374,74.38180808225835,0.7310705,Belagavi
2764,15.670526226530374,74.38243690295724,0.73048127,Belagavi
2765,15.670526226530374,74.38252673448565,0.7497481,Belagavi
2766,15.670526226530374,74.385221680338,0.6706893,Belagavi
2767,15.670526226530374,74.38647932173578,0.70718956,Belagavi
2768,15.670526226530374,74.38854544688925,0.33818874,Belagavi
2769,15.670526226530374,74.3896234252302,0.4747407,Belagavi
2770,15.670526226530374,74.39213870802573,0.343686,Belagavi
2771,15.670526226530374,74.39357601248032,0.62657464,Belagavi
2772,15.670526226530374,74.39411500165079,0.6313449,Belagavi
2773,15.670526226530374,74.39447432776444,0.5900162,Belagavi
2774,15.670526226530374,74.39707944208838,0.5606393,Belagavi
2775,15.670526226530374,74.39833708348615,0.37033826,Belagavi
2776,15.670526226530374,74.39842691501457,0.3142356,Belagavi
2777,15.670526226530374,74.3986964095998,0.29426056,Belagavi
2778,15.670526226530374,74.3987862411282,0.29426056,Belagavi
2779,15.670526226530374,74.39896590418503,0.30277598,Belagavi
2780,15.670526226530374,74.40255916532152,0.62826604,Belagavi
2781,15.670526226530374,74.40273882837833,0.50758594,Belagavi
2782,15.670526226530374,74.40345748060564,0.24821374,Belagavi
2783,15.670526226530374,74.4039964697761,0.48741722,Belagavi
2784,15.670526226530374,74.40498461658864,0.56376946,Belagavi
2785,15.670526226530374,74.40678124715687,0.26246214,Belagavi
2786,15.670526226530374,74.40705074174211,0.24609612,Belagavi
2787,15.670526226530374,74.40741006785576,0.40591997,Belagavi
2788,15.670526226530374,74.40992535065129,0.33289257,Belagavi
2789,15.670616058058789,74.38028094627535,0.77781856,Belagavi
2790,15.670616058058789,74.38046060933218,0.7837838,Belagavi
2791,15.670616058058789,74.38252673448565,0.7442772,Belagavi
2792,15.670616058058789,74.38288606059929,0.74978507,Belagavi
2793,15.670616058058789,74.38324538671294,0.77638406,Belagavi
2794,15.670616058058789,74.38495218575277,0.6646733,Belagavi
2795,15.670616058058789,74.38620982715054,0.7079971,Belagavi
2796,15.670616058058789,74.38638949020736,0.7082856,Belagavi
2797,15.670616058058789,74.39106072968478,0.50993377,Belagavi
2798,15.670616058058789,74.39240820261097,0.3733052,Belagavi
2799,15.670616058058789,74.39438449623603,0.55540377,Belagavi
2800,15.670616058058789,74.3957319691622,0.34180138,Belagavi
2801,15.670616058058789,74.39887607265662,0.30841672,Belagavi
2802,15.670616058058789,74.40004388252598,0.482713,Belagavi
2803,15.670616058058789,74.40085236628168,0.3632653,Belagavi
2804,15.670616058058789,74.40282865990675,0.50675786,Belagavi
2805,15.670616058058789,74.4039964697761,0.45030427,Belagavi
2806,15.670616058058789,74.40408630130452,0.37370956,Belagavi
2807,15.670616058058789,74.40426596436134,0.39746544,Belagavi
2808,15.670616058058789,74.40444562741817,0.54190344,Belagavi
2809,15.670616058058789,74.40480495353181,0.4584912,Belagavi
2810,15.670616058058789,74.40552360575911,0.21130463,Belagavi
2811,15.670616058058789,74.40606259492958,0.4224934,Belagavi
2812,15.670616058058789,74.406152426458,0.4526005,Belagavi
2813,15.670616058058789,74.40723040479894,0.31446624,Belagavi
2814,15.670616058058789,74.40741006785576,0.34958887,Belagavi
2815,15.670616058058789,74.40758973091258,0.48454788,Belagavi
2816,15.670616058058789,74.40875754078193,0.2781759,Belagavi
2817,15.670616058058789,74.40956602453764,0.31617883,Belagavi
2818,15.670705889587198,74.38225723990041,0.74672824,Belagavi
2819,15.670705889587198,74.38243690295724,0.7339882,Belagavi
2820,15.670705889587198,74.38333521824136,0.80701756,Belagavi
2821,15.670705889587198,74.38369454435501,0.79172033,Belagavi
2822,15.670705889587198,74.38513184880959,0.7225018,Belagavi
2823,15.670705889587198,74.385221680338,0.73451024,Belagavi
2824,15.670705889587198,74.38540134339483,0.7222777,Belagavi
2825,15.670705889587198,74.38620982715054,0.7046239,Belagavi
2826,15.670705889587198,74.38719797396307,0.6808646,Belagavi
2827,15.670705889587198,74.39052174051432,0.65007776,Belagavi
2828,15.670705889587198,74.39168955038366,0.42121267,Belagavi
2829,15.670705889587198,74.39294719178143,0.34749526,Belagavi
2830,15.670705889587198,74.39447432776444,0.48583204,Belagavi
2831,15.670705889587198,74.3964506213895,0.5377875,Belagavi
2832,15.670705889587198,74.39680994750314,0.59749806,Belagavi
2833,15.670705889587198,74.39689977903156,0.62137944,Belagavi
2834,15.670705889587198,74.39815742042933,0.42234042,Belagavi
2835,15.670705889587198,74.40211000767945,0.43784916,Belagavi
2836,15.670705889587198,74.40480495353181,0.44966444,Belagavi
2837,15.670705889587198,74.40534394270229,0.28459015,Belagavi
2838,15.670705889587198,74.40642192104323,0.3030602,Belagavi
2839,15.670705889587198,74.40812872008306,0.2891949,Belagavi
2840,15.670705889587198,74.40830838313988,0.275,Belagavi
2841,15.670705889587198,74.40992535065129,0.378213,Belagavi
2842,15.670705889587198,74.41019484523653,0.47947064,Belagavi
2843,15.67079572111561,74.38010128321852,0.79838115,Belagavi
2844,15.67079572111561,74.380640272389,0.6640146,Belagavi
2845,15.67079572111561,74.38081993544581,0.7691221,Belagavi
2846,15.67079572111561,74.38090976697423,0.80022115,Belagavi
2847,15.67079572111561,74.3813589246163,0.7323858,Belagavi
2848,15.67079572111561,74.38198774531517,0.78591895,Belagavi
2849,15.67079572111561,74.38351488129818,0.8082737,Belagavi
2850,15.67079572111561,74.38423353352547,0.7385621,Belagavi
2851,15.67079572111561,74.38486235422435,0.7024195,Belagavi
2852,15.67079572111561,74.385221680338,0.7135659,Belagavi
2853,15.67079572111561,74.38629965867895,0.67380846,Belagavi
2854,15.67079572111561,74.38701831090624,0.7224648,Belagavi
2855,15.67079572111561,74.3881861207756,0.33495885,Belagavi
2856,15.67079572111561,74.38944376217337,0.35171232,Belagavi
2857,15.67079572111561,74.38953359370178,0.27907816,Belagavi
2858,15.67079572111561,74.3927675287246,0.38498023,Belagavi
2859,15.67079572111561,74.39393533859396,0.6123595,Belagavi
2860,15.67079572111561,74.39429466470762,0.61149824,Belagavi
2861,15.67079572111561,74.3986964095998,0.28567645,Belagavi
2862,15.67079572111561,74.39986421946915,0.589579,Belagavi
2863,15.67079572111561,74.40103202933851,0.36931726,Belagavi
2864,15.67079572111561,74.4023795022647,0.5058548,Belagavi
2865,15.67079572111561,74.40309815449199,0.34447387,Belagavi
2866,15.67079572111561,74.4054337742307,0.39413682,Belagavi
2867,15.67079572111561,74.4062422579864,0.33882594,Belagavi
2868,15.67079572111561,74.40714057327052,0.24932182,Belagavi
2869,15.67079572111561,74.40866770925352,0.38567674,Belagavi
2870,15.67079572111561,74.40947619300924,0.33808845,Belagavi
2871,15.67079572111561,74.41010501370812,0.4608318,Belagavi
2872,15.670885552644023,74.38010128321852,0.803151,Belagavi
2873,15.670885552644023,74.38099959850264,0.8005658,Belagavi
2874,15.670885552644023,74.38324538671294,0.737087,Belagavi
2875,15.670885552644023,74.38396403894023,0.77259475,Belagavi
2876,15.670885552644023,74.38540134339483,0.73175377,Belagavi
2877,15.670885552644023,74.38549117492325,0.7286194,Belagavi
2878,15.670885552644023,74.38647932173578,0.6538113,Belagavi
2879,15.670885552644023,74.38719797396307,0.7071317,Belagavi
2880,15.670885552644023,74.38800645771877,0.42318535,Belagavi
2881,15.670885552644023,74.39007258287225,0.4781955,Belagavi
2882,15.670885552644023,74.39142005579843,0.503147,Belagavi
2883,15.670885552644023,74.39222853955414,0.42952907,Belagavi
2884,15.670885552644023,74.39231837108255,0.39735973,Belagavi
2885,15.670885552644023,74.39312685483826,0.44672897,Belagavi
2886,15.670885552644023,74.39321668636667,0.5344745,Belagavi
2887,15.670885552644023,74.39770826278726,0.436654,Belagavi
2888,15.670885552644023,74.39815742042933,0.44105572,Belagavi
2889,15.670885552644023,74.39959472488391,0.5785824,Belagavi
2890,15.670885552644023,74.39977438794074,0.54670686,Belagavi
2891,15.670885552644023,74.4017506815658,0.33751118,Belagavi
2892,15.670885552644023,74.40336764907723,0.36194772,Belagavi
2893,15.670885552644023,74.40480495353181,0.28655857,Belagavi
2894,15.670885552644023,74.40723040479894,0.28869432,Belagavi
2895,15.670885552644023,74.40830838313988,0.26148027,Belagavi
2896,15.670885552644023,74.40956602453764,0.4329944,Belagavi
2897,15.670885552644023,74.40965585606605,0.3969514,Belagavi
2898,15.670975384172436,74.38189791378676,0.773336,Belagavi
2899,15.670975384172436,74.38198774531517,0.773336,Belagavi
2900,15.670975384172436,74.38225723990041,0.7517564,Belagavi
2901,15.670975384172436,74.38270639754248,0.7514817,Belagavi
2902,15.670975384172436,74.38279622907088,0.74277335,Belagavi
2903,15.670975384172436,74.38333521824136,0.7688723,Belagavi
2904,15.670975384172436,74.38351488129818,0.82218146,Belagavi
2905,15.670975384172436,74.38396403894023,0.77416766,Belagavi
2906,15.670975384172436,74.38755730007672,0.66496724,Belagavi
2907,15.670975384172436,74.38854544688925,0.31034482,Belagavi
2908,15.670975384172436,74.38890477300289,0.40030628,Belagavi
2909,15.670975384172436,74.38917426758813,0.24387011,Belagavi
2910,15.670975384172436,74.3897132567586,0.31530344,Belagavi
2911,15.670975384172436,74.39384550706555,0.5996571,Belagavi
2912,15.670975384172436,74.39438449623603,0.52319795,Belagavi
2913,15.670975384172436,74.39734893667362,0.6715945,Belagavi
2914,15.670975384172436,74.39860657807138,0.31794056,Belagavi
2915,15.670975384172436,74.39887607265662,0.49287412,Belagavi
2916,15.670975384172436,74.39905573571345,0.42654985,Belagavi
2917,15.670975384172436,74.39959472488391,0.6069959,Belagavi
2918,15.670975384172436,74.40363714366245,0.35362518,Belagavi
2919,15.670975384172436,74.40453545894658,0.6085436,Belagavi
2920,15.670975384172436,74.40642192104323,0.3182816,Belagavi
2921,15.670975384172436,74.40767956244099,0.2191747,Belagavi
2922,15.670975384172436,74.4077693939694,0.23195237,Belagavi
2923,15.670975384172436,74.40812872008306,0.2544553,Belagavi
2924,15.670975384172436,74.40821855161147,0.2169706,Belagavi
2925,15.670975384172436,74.40830838313988,0.22887279,Belagavi
2926,15.670975384172436,74.41010501370812,0.4568118,Belagavi
2927,15.670975384172436,74.41019484523653,0.43847117,Belagavi
2928,15.671065215700846,74.38117926155947,0.7841615,Belagavi
2929,15.671065215700846,74.38450302811071,0.6677756,Belagavi
2930,15.671065215700846,74.38504201728118,0.7051926,Belagavi
2931,15.671065215700846,74.38647932173578,0.6178971,Belagavi
2932,15.671065215700846,74.38845561536084,0.31099874,Belagavi
2933,15.671065215700846,74.39016241440066,0.49745223,Belagavi
2934,15.671065215700846,74.39034207745749,0.48067462,Belagavi
2935,15.671065215700846,74.39088106662795,0.66613674,Belagavi
2936,15.671065215700846,74.39267769719619,0.3601882,Belagavi
2937,15.671065215700846,74.39357601248032,0.45191458,Belagavi
2938,15.671065215700846,74.39609129527585,0.5363015,Belagavi
2939,15.671065215700846,74.39689977903156,0.45438597,Belagavi
2940,15.671065215700846,74.39734893667362,0.6794425,Belagavi
2941,15.671065215700846,74.39824725195774,0.6727841,Belagavi
2942,15.671065215700846,74.40219983920787,0.5945053,Belagavi
2943,15.671065215700846,74.40300832296357,0.31891543,Belagavi
2944,15.671065215700846,74.4031879860204,0.3739533,Belagavi
2945,15.671065215700846,74.40345748060564,0.34466186,Belagavi
2946,15.671065215700846,74.40426596436134,0.51067513,Belagavi
2947,15.671065215700846,74.40444562741817,0.5607441,Belagavi
2948,15.671065215700846,74.40489478506022,0.39819536,Belagavi
2949,15.671065215700846,74.40606259492958,0.31178582,Belagavi
2950,15.671065215700846,74.406152426458,0.3139572,Belagavi
2951,15.671065215700846,74.40642192104323,0.28805187,Belagavi
2952,15.671065215700846,74.40857787772511,0.30916718,Belagavi
2953,15.671155047229258,74.38243690295724,0.75989944,Belagavi
2954,15.671155047229258,74.38270639754248,0.75362957,Belagavi
2955,15.671155047229258,74.38414370199706,0.7766951,Belagavi
2956,15.671155047229258,74.3844131965823,0.7048692,Belagavi
2957,15.671155047229258,74.38504201728118,0.72082186,Belagavi
2958,15.671155047229258,74.38585050103688,0.7001162,Belagavi
2959,15.671155047229258,74.3859403325653,0.7089916,Belagavi
2960,15.671155047229258,74.38683864784942,0.660619,Belagavi
2961,15.671155047229258,74.38719797396307,0.72792053,Belagavi
2962,15.671155047229258,74.3889946045313,0.38658968,Belagavi
2963,15.671155047229258,74.38917426758813,0.30336353,Belagavi
2964,15.671155047229258,74.39007258287225,0.4262462,Belagavi
2965,15.671155047229258,74.39061157204273,0.6056718,Belagavi
2966,15.671155047229258,74.39168955038366,0.51714486,Belagavi
2967,15.671155047229258,74.39186921344049,0.48358786,Belagavi
2968,15.671155047229258,74.3919590449689,0.4132114,Belagavi
2969,15.671155047229258,74.39258786566779,0.4104249,Belagavi
2970,15.671155047229258,74.39321668636667,0.3371053,Belagavi
2971,15.671155047229258,74.39546247457697,0.34992504,Belagavi
2972,15.671155047229258,74.39654045291792,0.47474357,Belagavi
2973,15.671155047229258,74.39770826278726,0.42557782,Belagavi
2974,15.671155047229258,74.3979777573725,0.58690846,Belagavi
2975,15.671155047229258,74.39896590418503,0.4790419,Belagavi
2976,15.671155047229258,74.39905573571345,0.50906557,Belagavi
2977,15.671155047229258,74.39995405099756,0.26777983,Belagavi
2978,15.671155047229258,74.40085236628168,0.37714452,Belagavi
2979,15.671155047229258,74.4009421978101,0.35183066,Belagavi
2980,15.671155047229258,74.40121169239534,0.24417509,Belagavi
2981,15.671155047229258,74.40184051309421,0.36034778,Belagavi
2982,15.671155047229258,74.40291849143516,0.32152498,Belagavi
2983,15.671155047229258,74.40354731213405,0.3678437,Belagavi
2984,15.671155047229258,74.40363714366245,0.3678437,Belagavi
2985,15.671155047229258,74.40372697519086,0.31299436,Belagavi
2986,15.671155047229258,74.40606259492958,0.34530059,Belagavi
2987,15.671155047229258,74.40660158410004,0.2779322,Belagavi
2988,15.671155047229258,74.40723040479894,0.24619165,Belagavi
2989,15.671155047229258,74.40758973091258,0.30284992,Belagavi
2990,15.671155047229258,74.4077693939694,0.31342417,Belagavi
2991,15.671155047229258,74.40875754078193,0.5265774,Belagavi
2992,15.671155047229258,74.409206698424,0.48831573,Belagavi
2993,15.671155047229258,74.41019484523653,0.43247736,Belagavi
2994,15.67124487875767,74.38028094627535,0.77563024,Belagavi
2995,15.67124487875767,74.38306572365612,0.7831523,Belagavi
2996,15.67124487875767,74.38351488129818,0.7527936,Belagavi
2997,15.67124487875767,74.38378437588341,0.7747826,Belagavi
2998,15.67124487875767,74.38396403894023,0.76607937,Belagavi
2999,15.67124487875767,74.38468269116754,0.6755647,Belagavi
3000,15.67124487875767,74.38585050103688,0.6609416,Belagavi
3001,15.67124487875767,74.3859403325653,0.6636048,Belagavi
3002,15.67124487875767,74.38683864784942,0.65652555,Belagavi
3003,15.67124487875767,74.38701831090624,0.6595931,Belagavi
3004,15.67124487875767,74.38944376217337,0.2657967,Belagavi
3005,15.67124487875767,74.38953359370178,0.2709149,Belagavi
3006,15.67124487875767,74.39034207745749,0.49967888,Belagavi
3007,15.67124487875767,74.3904319089859,0.50337154,Belagavi
3008,15.67124487875767,74.39142005579843,0.54050386,Belagavi
3009,15.67124487875767,74.39222853955414,0.39007503,Belagavi
3010,15.67124487875767,74.39312685483826,0.3280943,Belagavi
3011,15.67124487875767,74.39357601248032,0.46408075,Belagavi
3012,15.67124487875767,74.39447432776444,0.36618075,Belagavi
3013,15.67124487875767,74.39528281152015,0.33789507,Belagavi
3014,15.67124487875767,74.39600146374744,0.33749628,Belagavi
3015,15.67124487875767,74.39618112680427,0.44792154,Belagavi
3016,15.67124487875767,74.39761843125885,0.555225,Belagavi
3017,15.67124487875767,74.39959472488391,0.4995342,Belagavi
3018,15.67124487875767,74.40013371405439,0.27213752,Belagavi
3019,15.67124487875767,74.40058287169644,0.42281878,Belagavi
3020,15.67124487875767,74.40300832296357,0.392022,Belagavi
3021,15.67124487875767,74.40345748060564,0.43730065,Belagavi
3022,15.67124487875767,74.40525411117387,0.22894694,Belagavi
3023,15.67124487875767,74.40633208951482,0.328125,Belagavi
3024,15.67124487875767,74.40678124715687,0.31312606,Belagavi
3025,15.67124487875767,74.40794905702623,0.34977445,Belagavi
3026,15.67124487875767,74.40929652995241,0.32759783,Belagavi
3027,15.67124487875767,74.40938636148083,0.37333125,Belagavi
3028,15.67124487875767,74.40983551912288,0.44418812,Belagavi
3029,15.671334710286082,74.38046060933218,0.7773592,Belagavi
3030,15.671334710286082,74.380640272389,0.7722364,Belagavi
3031,15.671334710286082,74.38207757684359,0.75710285,Belagavi
3032,15.671334710286082,74.38342504976977,0.7444697,Belagavi
3033,15.671334710286082,74.38477252269594,0.6982201,Belagavi
3034,15.671334710286082,74.38486235422435,0.72791183,Belagavi
3035,15.671334710286082,74.385221680338,0.6634084,Belagavi
3036,15.671334710286082,74.3859403325653,0.6681667,Belagavi
3037,15.671334710286082,74.386748816321,0.6577251,Belagavi
3038,15.671334710286082,74.38701831090624,0.65455705,Belagavi
3039,15.671334710286082,74.38710814243466,0.6598611,Belagavi
3040,15.671334710286082,74.3889946045313,0.3905022,Belagavi
3041,15.671334710286082,74.38944376217337,0.27955878,Belagavi
3042,15.671334710286082,74.39213870802573,0.41997382,Belagavi
3043,15.671334710286082,74.39321668636667,0.3387149,Belagavi
3044,15.671334710286082,74.39366584400872,0.5079059,Belagavi
3045,15.671334710286082,74.39375567553714,0.48560235,Belagavi
3046,15.671334710286082,74.39528281152015,0.39863768,Belagavi
3047,15.671334710286082,74.39537264304856,0.40060288,Belagavi
3048,15.671334710286082,74.39663028444632,0.59251314,Belagavi
3049,15.671334710286082,74.39770826278726,0.63835394,Belagavi
3050,15.671334710286082,74.3987862411282,0.61654276,Belagavi
3051,15.671334710286082,74.39986421946915,0.49933574,Belagavi
3052,15.671334710286082,74.4023795022647,0.3302239,Belagavi
3053,15.671334710286082,74.4031879860204,0.5603629,Belagavi
3054,15.671334710286082,74.40381680671928,0.4072022,Belagavi
3055,15.671334710286082,74.40390663824769,0.45616135,Belagavi
3056,15.671334710286082,74.40678124715687,0.39215994,Belagavi
3057,15.671334710286082,74.40830838313988,0.23931749,Belagavi
3058,15.671334710286082,74.409206698424,0.3309545,Belagavi
3059,15.671334710286082,74.40938636148083,0.29136163,Belagavi
3060,15.671334710286082,74.40956602453764,0.2822345,Belagavi
3061,15.671334710286082,74.40965585606605,0.3885766,Belagavi
3062,15.671334710286082,74.41028467676495,0.4650048,Belagavi
3063,15.671424541814494,74.38073010391741,0.7292242,Belagavi
3064,15.671424541814494,74.38081993544581,0.7618872,Belagavi
3065,15.671424541814494,74.38333521824136,0.76339656,Belagavi
3066,15.671424541814494,74.3866589847926,0.57099414,Belagavi
3067,15.671424541814494,74.38764713160514,0.58652306,Belagavi
3068,15.671424541814494,74.38809628924719,0.56631213,Belagavi
3069,15.671424541814494,74.38827595230401,0.5648855,Belagavi
3070,15.671424541814494,74.38863527841767,0.30738583,Belagavi
3071,15.671424541814494,74.38953359370178,0.2755798,Belagavi
3072,15.671424541814494,74.39079123509954,0.39899588,Belagavi
3073,15.671424541814494,74.39159971885526,0.4891609,Belagavi
3074,15.671424541814494,74.39438449623603,0.45093387,Belagavi
3075,15.671424541814494,74.39959472488391,0.5019748,Belagavi
3076,15.671424541814494,74.40004388252598,0.3934374,Belagavi
3077,15.671424541814494,74.4009421978101,0.3235968,Belagavi
3078,15.671424541814494,74.4023795022647,0.30597597,Belagavi
3079,15.671424541814494,74.40273882837833,0.31652117,Belagavi
3080,15.671424541814494,74.40507444811705,0.11255693,Belagavi
3081,15.671424541814494,74.40534394270229,0.2911225,Belagavi
3082,15.671424541814494,74.40579310034434,0.35004586,Belagavi
3083,15.671424541814494,74.40633208951482,0.25108224,Belagavi
3084,15.671424541814494,74.40687107868528,0.49960968,Belagavi
3085,15.671424541814494,74.4069609102137,0.5525606,Belagavi
3086,15.671424541814494,74.40741006785576,0.34315532,Belagavi
3087,15.671424541814494,74.40794905702623,0.31494173,Belagavi
3088,15.671424541814494,74.40821855161147,0.19823788,Belagavi
3089,15.671514373342903,74.38055044086059,0.7414909,Belagavi
3090,15.671514373342903,74.380640272389,0.7443609,Belagavi
3091,15.671514373342903,74.38081993544581,0.75015235,Belagavi
3092,15.671514373342903,74.38306572365612,0.7536467,Belagavi
3093,15.671514373342903,74.38414370199706,0.7750179,Belagavi
3094,15.671514373342903,74.38585050103688,0.6886228,Belagavi
3095,15.671514373342903,74.3873776370199,0.71209985,Belagavi
3096,15.671514373342903,74.38764713160514,0.6012862,Belagavi
3097,15.671514373342903,74.38809628924719,0.53299284,Belagavi
3098,15.671514373342903,74.38881494147448,0.32320443,Belagavi
3099,15.671514373342903,74.38980308828701,0.27766323,Belagavi
3100,15.671514373342903,74.39168955038366,0.3843035,Belagavi
3101,15.671514373342903,74.39204887649731,0.5150421,Belagavi
3102,15.671514373342903,74.39240820261097,0.5853178,Belagavi
3103,15.671514373342903,74.39267769719619,0.43037802,Belagavi
3104,15.671514373342903,74.39330651789508,0.45028433,Belagavi
3105,15.671514373342903,74.39366584400872,0.5366739,Belagavi
3106,15.671514373342903,74.3942048331792,0.3347621,Belagavi
3107,15.671514373342903,74.39627095833268,0.3497338,Belagavi
3108,15.671514373342903,74.39950489335551,0.48668993,Belagavi
3109,15.671514373342903,74.40058287169644,0.34843314,Belagavi
3110,15.671514373342903,74.40067270322486,0.22645652,Belagavi
3111,15.671514373342903,74.40076253475327,0.23236515,Belagavi
3112,15.671514373342903,74.4017506815658,0.28470734,Belagavi
3113,15.671514373342903,74.4024693337931,0.30793256,Belagavi
3114,15.671514373342903,74.40264899684992,0.31105068,Belagavi
3115,15.671514373342903,74.40363714366245,0.6135854,Belagavi
3116,15.671514373342903,74.40462529047498,0.14101604,Belagavi
3117,15.671514373342903,74.4047151220034,0.18701586,Belagavi
3118,15.671514373342903,74.40642192104323,0.33993924,Belagavi
3119,15.671514373342903,74.40714057327052,0.5304819,Belagavi
3120,15.671604204871318,74.38306572365612,0.7382564,Belagavi
3121,15.671604204871318,74.38468269116754,0.70215464,Belagavi
3122,15.671604204871318,74.38504201728118,0.71849126,Belagavi
3123,15.671604204871318,74.3881861207756,0.50437534,Belagavi
3124,15.671604204871318,74.3904319089859,0.48593873,Belagavi
3125,15.671604204871318,74.39204887649731,0.5265119,Belagavi
3126,15.671604204871318,74.3933963494235,0.5717817,Belagavi
3127,15.671604204871318,74.39366584400872,0.40123752,Belagavi
3128,15.671604204871318,74.39519297999173,0.380748,Belagavi
3129,15.671604204871318,74.3994150618271,0.49388352,Belagavi
3130,15.671604204871318,74.40121169239534,0.31012928,Belagavi
3131,15.671604204871318,74.40166085003739,0.2631891,Belagavi
3132,15.671604204871318,74.4024693337931,0.29657322,Belagavi
3133,15.671604204871318,74.40372697519086,0.69485617,Belagavi
3134,15.671604204871318,74.40534394270229,0.31650105,Belagavi
3135,15.671604204871318,74.40767956244099,0.35345668,Belagavi
3136,15.671604204871318,74.40785922549782,0.41299623,Belagavi
3137,15.671604204871318,74.40794905702623,0.4636744,Belagavi
3138,15.671604204871318,74.40803888855464,0.38611925,Belagavi
3139,15.671604204871318,74.40866770925352,0.311859,Belagavi
3140,15.67169403639973,74.38010128321852,0.76139456,Belagavi
3141,15.67169403639973,74.38126909308788,0.77048504,Belagavi
3142,15.67169403639973,74.38189791378676,0.7123088,Belagavi
3143,15.67169403639973,74.3829758921277,0.77625126,Belagavi
3144,15.67169403639973,74.38306572365612,0.78023654,Belagavi
3145,15.67169403639973,74.38369454435501,0.8137541,Belagavi
3146,15.67169403639973,74.38477252269594,0.72009623,Belagavi
3147,15.67169403639973,74.38495218575277,0.7378999,Belagavi
3148,15.67169403639973,74.3859403325653,0.6251969,Belagavi
3149,15.67169403639973,74.38611999562212,0.5863295,Belagavi
3150,15.67169403639973,74.38629965867895,0.5509371,Belagavi
3151,15.67169403639973,74.3873776370199,0.70357823,Belagavi
3152,15.67169403639973,74.39034207745749,0.4073038,Belagavi
3153,15.67169403639973,74.39150988732685,0.5072674,Belagavi
3154,15.67169403639973,74.3919590449689,0.5617647,Belagavi
3155,15.67169403639973,74.39249803413938,0.59993595,Belagavi
3156,15.67169403639973,74.39294719178143,0.418669,Belagavi
3157,15.67169403639973,74.39348618095191,0.48934707,Belagavi
3158,15.67169403639973,74.39438449623603,0.5452606,Belagavi
3159,15.67169403639973,74.39510314846332,0.39271963,Belagavi
3160,15.67169403639973,74.39519297999173,0.4023388,Belagavi
3161,15.67169403639973,74.39707944208838,0.64120054,Belagavi
3162,15.67169403639973,74.39806758890091,0.621104,Belagavi
3163,15.67169403639973,74.39896590418503,0.46114537,Belagavi
3164,15.67169403639973,74.40004388252598,0.6034382,Belagavi
3165,15.67169403639973,74.40148118698058,0.3898418,Belagavi
3166,15.67169403639973,74.40211000767945,0.2601626,Belagavi
3167,15.67169403639973,74.40291849143516,0.29400066,Belagavi
3168,15.67169403639973,74.40381680671928,0.6511505,Belagavi
3169,15.67169403639973,74.40525411117387,0.15789473,Belagavi
3170,15.67169403639973,74.40749989938418,0.5060263,Belagavi
3171,15.67178386792814,74.38046060933218,0.7908009,Belagavi
3172,15.67178386792814,74.38378437588341,0.8056239,Belagavi
3173,15.67178386792814,74.38396403894023,0.75284916,Belagavi
3174,15.67178386792814,74.38549117492325,0.4880363,Belagavi
3175,15.67178386792814,74.38576066950847,0.5556057,Belagavi
3176,15.67178386792814,74.38647932173578,0.6023278,Belagavi
3177,15.67178386792814,74.38728780549148,0.64766204,Belagavi
3178,15.67178386792814,74.38809628924719,0.5046362,Belagavi
3179,15.67178386792814,74.38845561536084,0.47350308,Belagavi
3180,15.67178386792814,74.3889946045313,0.45983428,Belagavi
3181,15.67178386792814,74.38926409911655,0.39863327,Belagavi
3182,15.67178386792814,74.38944376217337,0.36325204,Belagavi
3183,15.67178386792814,74.3896234252302,0.51399857,Belagavi
3184,15.67178386792814,74.39079123509954,0.5155139,Belagavi
3185,15.67178386792814,74.39357601248032,0.58238065,Belagavi
3186,15.67178386792814,74.39384550706555,0.7081116,Belagavi
3187,15.67178386792814,74.39537264304856,0.43061888,Belagavi
3188,15.67178386792814,74.39582180069061,0.47190008,Belagavi
3189,15.67178386792814,74.39680994750314,0.757035,Belagavi
3190,15.67178386792814,74.39815742042933,0.5207176,Belagavi
3191,15.67178386792814,74.39824725195774,0.6119403,Belagavi
3192,15.67178386792814,74.39977438794074,0.49456623,Belagavi
3193,15.67178386792814,74.40651175257165,0.43349537,Belagavi
3194,15.67178386792814,74.40741006785576,0.534348,Belagavi
3195,15.67178386792814,74.4083982146683,0.18651088,Belagavi
3196,15.67178386792814,74.40857787772511,0.25793058,Belagavi
3197,15.67178386792814,74.40884737231035,0.34409392,Belagavi
3198,15.67178386792814,74.40947619300924,0.3165001,Belagavi
3199,15.67178386792814,74.40974568759447,0.33874822,Belagavi
3200,15.67178386792814,74.40983551912288,0.34534037,Belagavi
3201,15.671873699456556,74.38207757684359,0.68951964,Belagavi
3202,15.671873699456556,74.3829758921277,0.7392829,Belagavi
3203,15.671873699456556,74.38306572365612,0.77626497,Belagavi
3204,15.671873699456556,74.38513184880959,0.730534,Belagavi
3205,15.671873699456556,74.38585050103688,0.5222416,Belagavi
3206,15.671873699456556,74.38728780549148,0.69483566,Belagavi
3207,15.671873699456556,74.38773696313353,0.6388289,Belagavi
3208,15.671873699456556,74.39168955038366,0.4534257,Belagavi
3209,15.671873699456556,74.39474382234967,0.59618163,Belagavi
3210,15.671873699456556,74.3964506213895,0.6963918,Belagavi
3211,15.671873699456556,74.39779809431568,0.44837597,Belagavi
3212,15.671873699456556,74.39959472488391,0.43678162,Belagavi
3213,15.671873699456556,74.39968455641232,0.4760542,Belagavi
3214,15.671873699456556,74.40193034462263,0.27191144,Belagavi
3215,15.671873699456556,74.4062422579864,0.303233,Belagavi
3216,15.671873699456556,74.40678124715687,0.33206832,Belagavi
3217,15.671873699456556,74.40848804619671,0.18245561,Belagavi
3218,15.671963530984966,74.38090976697423,0.7258659,Belagavi
3219,15.671963530984966,74.38252673448565,0.65736043,Belagavi
3220,15.671963530984966,74.38270639754248,0.68811685,Belagavi
3221,15.671963530984966,74.38342504976977,0.78763175,Belagavi
3222,15.671963530984966,74.38369454435501,0.7869339,Belagavi
3223,15.671963530984966,74.38531151186642,0.5705364,Belagavi
3224,15.671963530984966,74.38585050103688,0.41981673,Belagavi
3225,15.671963530984966,74.38603016409371,0.41370028,Belagavi
3226,15.671963530984966,74.38629965867895,0.631843,Belagavi
3227,15.671963530984966,74.386748816321,0.57962555,Belagavi
3228,15.671963530984966,74.38764713160514,0.7019804,Belagavi
3229,15.671963530984966,74.38782679466195,0.6533967,Belagavi
3230,15.671963530984966,74.38791662619036,0.60599416,Belagavi
3231,15.671963530984966,74.3881861207756,0.3747419,Belagavi
3232,15.671963530984966,74.38926409911655,0.38027254,Belagavi
3233,15.671963530984966,74.38953359370178,0.5916449,Belagavi
3234,15.671963530984966,74.39016241440066,0.4108578,Belagavi
3235,15.671963530984966,74.39088106662795,0.54914767,Belagavi
3236,15.671963530984966,74.39124039274161,0.41576087,Belagavi
3237,15.671963530984966,74.39142005579843,0.39846516,Belagavi
3238,15.671963530984966,74.39213870802573,0.504189,Belagavi
3239,15.671963530984966,74.39240820261097,0.4171543,Belagavi
3240,15.671963530984966,74.3927675287246,0.6067398,Belagavi
3241,15.671963530984966,74.39312685483826,0.6044199,Belagavi
3242,15.671963530984966,74.39465399082125,0.74042624,Belagavi
3243,15.671963530984966,74.39474382234967,0.7182337,Belagavi
3244,15.671963530984966,74.39537264304856,0.45700136,Belagavi
3245,15.671963530984966,74.39591163221903,0.38755187,Belagavi
3246,15.671963530984966,74.39770826278726,0.40248817,Belagavi
3247,15.671963530984966,74.39824725195774,0.4628902,Belagavi
3248,15.671963530984966,74.39887607265662,0.44688514,Belagavi
3249,15.671963530984966,74.40040320863963,0.47713116,Belagavi
3250,15.671963530984966,74.40103202933851,0.24213454,Belagavi
3251,15.671963530984966,74.40193034462263,0.2810949,Belagavi
3252,15.671963530984966,74.40255916532152,0.2599877,Belagavi
3253,15.671963530984966,74.40489478506022,0.28944618,Belagavi
3254,15.671963530984966,74.4054337742307,0.4406324,Belagavi
3255,15.671963530984966,74.40561343728751,0.47259954,Belagavi
3256,15.671963530984966,74.40579310034434,0.3045694,Belagavi
3257,15.671963530984966,74.40642192104323,0.2980843,Belagavi
3258,15.671963530984966,74.40732023632735,0.5829053,Belagavi
3259,15.671963530984966,74.40794905702623,0.5775792,Belagavi
3260,15.671963530984966,74.40875754078193,0.33537707,Belagavi
3261,15.671963530984966,74.40965585606605,0.3574978,Belagavi
3262,15.672053362513378,74.38055044086059,0.7803666,Belagavi
3263,15.672053362513378,74.38073010391741,0.72842944,Belagavi
3264,15.672053362513378,74.38099959850264,0.752202,Belagavi
3265,15.672053362513378,74.38288606059929,0.72621036,Belagavi
3266,15.672053362513378,74.38306572365612,0.8017277,Belagavi
3267,15.672053362513378,74.3844131965823,0.7129269,Belagavi
3268,15.672053362513378,74.38468269116754,0.7091503,Belagavi
3269,15.672053362513378,74.38477252269594,0.68620765,Belagavi
3270,15.672053362513378,74.38513184880959,0.60712117,Belagavi
3271,15.672053362513378,74.38629965867895,0.46865672,Belagavi
3272,15.672053362513378,74.38638949020736,0.45228216,Belagavi
3273,15.672053362513378,74.38782679466195,0.7184378,Belagavi
3274,15.672053362513378,74.39159971885526,0.30197877,Belagavi
3275,15.672053362513378,74.3949234854065,0.60592014,Belagavi
3276,15.672053362513378,74.39528281152015,0.36477986,Belagavi
3277,15.672053362513378,74.39555230610539,0.66826594,Belagavi
3278,15.672053362513378,74.39636078986109,0.7145468,Belagavi
3279,15.672053362513378,74.39663028444632,0.7149715,Belagavi
3280,15.672053362513378,74.39680994750314,0.6227733,Belagavi
3281,15.672053362513378,74.39689977903156,0.6084043,Belagavi
3282,15.672053362513378,74.39761843125885,0.47803527,Belagavi
3283,15.672053362513378,74.39842691501457,0.4241857,Belagavi
3284,15.672053362513378,74.39887607265662,0.44629133,Belagavi
3285,15.672053362513378,74.40013371405439,0.53106356,Belagavi
3286,15.672053362513378,74.40040320863963,0.56310856,Belagavi
3287,15.672053362513378,74.4017506815658,0.32197616,Belagavi
3288,15.672053362513378,74.40184051309421,0.29069766,Belagavi
3289,15.672053362513378,74.40219983920787,0.2345107,Belagavi
3290,15.672053362513378,74.40309815449199,0.31178707,Belagavi
3291,15.672053362513378,74.40687107868528,0.5807667,Belagavi
3292,15.672053362513378,74.40803888855464,0.5487855,Belagavi
3293,15.672053362513378,74.40902703536717,0.2953668,Belagavi
3294,15.672143194041787,74.38189791378676,0.68405616,Belagavi
3295,15.672143194041787,74.38558100645166,0.48337755,Belagavi
3296,15.672143194041787,74.38782679466195,0.7432334,Belagavi
3297,15.672143194041787,74.3897132567586,0.7428619,Belagavi
3298,15.672143194041787,74.39177938191207,0.3668164,Belagavi
3299,15.672143194041787,74.39240820261097,0.43910927,Belagavi
3300,15.672143194041787,74.39294719178143,0.5993891,Belagavi
3301,15.672143194041787,74.39303702330984,0.6433054,Belagavi
3302,15.672143194041787,74.39393533859396,0.41456404,Belagavi
3303,15.672143194041787,74.39636078986109,0.5743095,Belagavi
3304,15.672143194041787,74.39698961055997,0.5641026,Belagavi
3305,15.672143194041787,74.39887607265662,0.4907049,Belagavi
3306,15.672143194041787,74.39905573571345,0.46499914,Belagavi
3307,15.672143194041787,74.39968455641232,0.41406393,Belagavi
3308,15.672143194041787,74.40031337711122,0.58272576,Belagavi
3309,15.672143194041787,74.40273882837833,0.24358398,Belagavi
3310,15.672143194041787,74.40309815449199,0.30317733,Belagavi
3311,15.672143194041787,74.4031879860204,0.33700016,Belagavi
3312,15.672143194041787,74.40354731213405,0.4592411,Belagavi
3313,15.672143194041787,74.40381680671928,0.47654536,Belagavi
3314,15.672143194041787,74.40642192104323,0.36702543,Belagavi
3315,15.672143194041787,74.4069609102137,0.66893333,Belagavi
3316,15.672143194041787,74.40758973091258,0.35477105,Belagavi
3317,15.672143194041787,74.40848804619671,0.32154006,Belagavi
3318,15.672233025570202,74.38162841920153,0.67054766,Belagavi
3319,15.672233025570202,74.3836047128266,0.7852564,Belagavi
3320,15.672233025570202,74.38396403894023,0.7131114,Belagavi
3321,15.672233025570202,74.38450302811071,0.671649,Belagavi
3322,15.672233025570202,74.38495218575277,0.7139909,Belagavi
3323,15.672233025570202,74.38513184880959,0.6094834,Belagavi
3324,15.672233025570202,74.38629965867895,0.25467697,Belagavi
3325,15.672233025570202,74.38872510994607,0.35231677,Belagavi
3326,15.672233025570202,74.38908443605972,0.3208784,Belagavi
3327,15.672233025570202,74.39070140357113,0.54576826,Belagavi
3328,15.672233025570202,74.39079123509954,0.49925095,Belagavi
3329,15.672233025570202,74.39177938191207,0.52364624,Belagavi
3330,15.672233025570202,74.39456415929286,0.38937297,Belagavi
3331,15.672233025570202,74.39582180069061,0.42404965,Belagavi
3332,15.672233025570202,74.39627095833268,0.4132669,Belagavi
3333,15.672233025570202,74.39672011597473,0.6570139,Belagavi
3334,15.672233025570202,74.39770826278726,0.57411194,Belagavi
3335,15.672233025570202,74.3979777573725,0.47287366,Belagavi
3336,15.672233025570202,74.39815742042933,0.52310926,Belagavi
3337,15.672233025570202,74.39842691501457,0.5419355,Belagavi
3338,15.672233025570202,74.39923539877027,0.5851468,Belagavi
3339,15.672233025570202,74.40112186086692,0.30794966,Belagavi
3340,15.672233025570202,74.40193034462263,0.21232256,Belagavi
3341,15.672233025570202,74.40273882837833,0.23784104,Belagavi
3342,15.672233025570202,74.40417613283293,0.49332485,Belagavi
3343,15.672233025570202,74.40651175257165,0.27832547,Belagavi
3344,15.672233025570202,74.40794905702623,0.46494395,Belagavi
3345,15.672233025570202,74.40938636148083,0.31057402,Belagavi
3346,15.672322857098614,74.38028094627535,0.71643865,Belagavi
3347,15.672322857098614,74.38171825072995,0.6300268,Belagavi
3348,15.672322857098614,74.38189791378676,0.71246517,Belagavi
3349,15.672322857098614,74.38342504976977,0.82601106,Belagavi
3350,15.672322857098614,74.38603016409371,0.26434588,Belagavi
3351,15.672322857098614,74.38683864784942,0.5025792,Belagavi
3352,15.672322857098614,74.38728780549148,0.6743616,Belagavi
3353,15.672322857098614,74.38773696313353,0.73377,Belagavi
3354,15.672322857098614,74.38809628924719,0.47953668,Belagavi
3355,15.672322857098614,74.38944376217337,0.6725706,Belagavi
3356,15.672322857098614,74.3897132567586,0.7372575,Belagavi
3357,15.672322857098614,74.3911505612132,0.3972427,Belagavi
3358,15.672322857098614,74.39124039274161,0.3699589,Belagavi
3359,15.672322857098614,74.39213870802573,0.5959975,Belagavi
3360,15.672322857098614,74.39222853955414,0.5634451,Belagavi
3361,15.672322857098614,74.39303702330984,0.4588962,Belagavi
3362,15.672322857098614,74.39375567553714,0.21490313,Belagavi
3363,15.672322857098614,74.39456415929286,0.51234335,Belagavi
3364,15.672322857098614,74.39501331693491,0.72324896,Belagavi
3365,15.672322857098614,74.39537264304856,0.7251151,Belagavi
3366,15.672322857098614,74.39663028444632,0.6023822,Belagavi
3367,15.672322857098614,74.40049304016804,0.6131148,Belagavi
3368,15.672322857098614,74.40489478506022,0.33212736,Belagavi
3369,15.672322857098614,74.40507444811705,0.3680104,Belagavi
3370,15.672322857098614,74.40525411117387,0.31076702,Belagavi
3371,15.672322857098614,74.40606259492958,0.205074,Belagavi
3372,15.672322857098614,74.40893720383876,0.31538224,Belagavi
3373,15.672322857098614,74.40911686689559,0.3195021,Belagavi
3374,15.672322857098614,74.41010501370812,0.4130815,Belagavi
3375,15.672412688627023,74.38171825072995,0.67718595,Belagavi
3376,15.672412688627023,74.38225723990041,0.6972065,Belagavi
3377,15.672412688627023,74.38261656601406,0.6623961,Belagavi
3378,15.672412688627023,74.38558100645166,0.45584542,Belagavi
3379,15.672412688627023,74.38683864784942,0.52523935,Belagavi
3380,15.672412688627023,74.38710814243466,0.6435723,Belagavi
3381,15.672412688627023,74.38755730007672,0.7205204,Belagavi
3382,15.672412688627023,74.3889946045313,0.31693104,Belagavi
3383,15.672412688627023,74.38998275134384,0.4623516,Belagavi
3384,15.672412688627023,74.3904319089859,0.5492093,Belagavi
3385,15.672412688627023,74.39088106662795,0.45021084,Belagavi
3386,15.672412688627023,74.39186921344049,0.41076314,Belagavi
3387,15.672412688627023,74.39240820261097,0.48084965,Belagavi
3388,15.672412688627023,74.39384550706555,0.2356021,Belagavi
3389,15.672412688627023,74.39447432776444,0.5705255,Belagavi
3390,15.672412688627023,74.39779809431568,0.40365574,Belagavi
3391,15.672412688627023,74.39788792584409,0.4164446,Belagavi
3392,15.672412688627023,74.4023795022647,0.25532922,Belagavi
3393,15.672412688627023,74.40273882837833,0.24355972,Belagavi
3394,15.672412688627023,74.4031879860204,0.295306,Belagavi
3395,15.672412688627023,74.40444562741817,0.44466534,Belagavi
3396,15.672412688627023,74.4054337742307,0.25225088,Belagavi
3397,15.672412688627023,74.40812872008306,0.57920194,Belagavi
3398,15.672412688627023,74.40866770925352,0.47094187,Belagavi
3399,15.672412688627023,74.40884737231035,0.39748535,Belagavi
3400,15.672412688627023,74.40929652995241,0.4919311,Belagavi
3401,15.672412688627023,74.40947619300924,0.35210395,Belagavi
3402,15.672502520155437,74.38001145169011,0.74289984,Belagavi
3403,15.672502520155437,74.38126909308788,0.68654096,Belagavi
3404,15.672502520155437,74.38207757684359,0.6937873,Belagavi
3405,15.672502520155437,74.38225723990041,0.6734423,Belagavi
3406,15.672502520155437,74.38306572365612,0.72789115,Belagavi
3407,15.672502520155437,74.38414370199706,0.6980778,Belagavi
3408,15.672502520155437,74.38504201728118,0.6222884,Belagavi
3409,15.672502520155437,74.38603016409371,0.3716672,Belagavi
3410,15.672502520155437,74.38638949020736,0.30510718,Belagavi
3411,15.672502520155437,74.38647932173578,0.28742355,Belagavi
3412,15.672502520155437,74.38764713160514,0.69458735,Belagavi
3413,15.672502520155437,74.38998275134384,0.39103168,Belagavi
3414,15.672502520155437,74.39034207745749,0.64136124,Belagavi
3415,15.672502520155437,74.39411500165079,0.45427033,Belagavi
3416,15.672502520155437,74.39474382234967,0.735498,Belagavi
3417,15.672502520155437,74.39546247457697,0.47861233,Belagavi
3418,15.672502520155437,74.39609129527585,0.32898638,Belagavi
3419,15.672502520155437,74.39725910514521,0.51835275,Belagavi
3420,15.672502520155437,74.39770826278726,0.41553134,Belagavi
3421,15.672502520155437,74.39815742042933,0.59736454,Belagavi
3422,15.672502520155437,74.39842691501457,0.6648068,Belagavi
3423,15.672502520155437,74.3986964095998,0.6520671,Belagavi
3424,15.672502520155437,74.39914556724186,0.6664679,Belagavi
3425,15.672502520155437,74.4002235455828,0.5604235,Belagavi
3426,15.672502520155437,74.40040320863963,0.6226971,Belagavi
3427,15.672502520155437,74.40085236628168,0.31236622,Belagavi
3428,15.672502520155437,74.40112186086692,0.28605884,Belagavi
3429,15.672502520155437,74.40157101850897,0.38009888,Belagavi
3430,15.672502520155437,74.40166085003739,0.29723632,Belagavi
3431,15.672502520155437,74.40255916532152,0.27319258,Belagavi
3432,15.672502520155437,74.40345748060564,0.5197236,Belagavi
3433,15.672502520155437,74.40363714366245,0.4848618,Belagavi
3434,15.672502520155437,74.40507444811705,0.46269155,Belagavi
3435,15.672502520155437,74.40597276340117,0.3026679,Belagavi
3436,15.672502520155437,74.40633208951482,0.36178544,Belagavi
3437,15.672502520155437,74.40857787772511,0.48138747,Belagavi
3438,15.672502520155437,74.40911686689559,0.43378997,Belagavi
3439,15.672502520155437,74.40974568759447,0.60153747,Belagavi
3440,15.672502520155437,74.41010501370812,0.4491018,Belagavi
3441,15.67259235168385,74.38073010391741,0.73229545,Belagavi
3442,15.67259235168385,74.38117926155947,0.6634316,Belagavi
3443,15.67259235168385,74.38171825072995,0.66095954,Belagavi
3444,15.67259235168385,74.38351488129818,0.7659073,Belagavi
3445,15.67259235168385,74.38638949020736,0.3143624,Belagavi
3446,15.67259235168385,74.38692847937783,0.44245636,Belagavi
3447,15.67259235168385,74.38845561536084,0.64603865,Belagavi
3448,15.67259235168385,74.38935393064496,0.6376889,Belagavi
3449,15.67259235168385,74.3896234252302,0.6200065,Belagavi
3450,15.67259235168385,74.3897132567586,0.68758714,Belagavi
3451,15.67259235168385,74.39034207745749,0.49631926,Belagavi
3452,15.67259235168385,74.39070140357113,0.626314,Belagavi
3453,15.67259235168385,74.39097089815637,0.47246376,Belagavi
3454,15.67259235168385,74.3911505612132,0.39172372,Belagavi
3455,15.67259235168385,74.39124039274161,0.31548873,Belagavi
3456,15.67259235168385,74.39150988732685,0.47401464,Belagavi
3457,15.67259235168385,74.39204887649731,0.61716044,Belagavi
3458,15.67259235168385,74.39707944208838,0.5974254,Belagavi
3459,15.67259235168385,74.39932523029869,0.6679505,Belagavi
3460,15.67259235168385,74.4002235455828,0.6286973,Belagavi
3461,15.67259235168385,74.40031337711122,0.68427205,Belagavi
3462,15.67259235168385,74.40121169239534,0.34681675,Belagavi
3463,15.67259235168385,74.40148118698058,0.46373472,Belagavi
3464,15.67259235168385,74.40435579588976,0.60721064,Belagavi
3465,15.67259235168385,74.4047151220034,0.39680427,Belagavi
3466,15.67259235168385,74.40516427964546,0.41450608,Belagavi
3467,15.67259235168385,74.40651175257165,0.44586796,Belagavi
3468,15.67259235168385,74.40669141562846,0.487214,Belagavi
3469,15.67259235168385,74.40723040479894,0.59563285,Belagavi
3470,15.67259235168385,74.40956602453764,0.48437196,Belagavi
3471,15.67259235168385,74.41028467676495,0.38383996,Belagavi
3472,15.67268218321226,74.38081993544581,0.7425228,Belagavi
3473,15.67268218321226,74.38090976697423,0.6948293,Belagavi
3474,15.67268218321226,74.38234707142882,0.7212757,Belagavi
3475,15.67268218321226,74.38315555518453,0.70804644,Belagavi
3476,15.67268218321226,74.38477252269594,0.6169133,Belagavi
3477,15.67268218321226,74.38603016409371,0.43269232,Belagavi
3478,15.67268218321226,74.38620982715054,0.4343877,Belagavi
3479,15.67268218321226,74.38692847937783,0.4265625,Belagavi
3480,15.67268218321226,74.38719797396307,0.64047664,Belagavi
3481,15.67268218321226,74.39034207745749,0.4195459,Belagavi
3482,15.67268218321226,74.39061157204273,0.5199248,Belagavi
3483,15.67268218321226,74.39142005579843,0.47093225,Belagavi
3484,15.67268218321226,74.39204887649731,0.6281407,Belagavi
3485,15.67268218321226,74.39312685483826,0.24954683,Belagavi
3486,15.67268218321226,74.39348618095191,0.44520548,Belagavi
3487,15.67268218321226,74.39483365387808,0.39910927,Belagavi
3488,15.67268218321226,74.39537264304856,0.37657657,Belagavi
3489,15.67268218321226,74.39582180069061,0.47341773,Belagavi
3490,15.67268218321226,74.39842691501457,0.6402818,Belagavi
3491,15.67268218321226,74.39959472488391,0.6347596,Belagavi
3492,15.67268218321226,74.4009421978101,0.3090475,Belagavi
3493,15.67268218321226,74.4017506815658,0.2985007,Belagavi
3494,15.67268218321226,74.40219983920787,0.25727326,Belagavi
3495,15.67268218321226,74.40381680671928,0.5819945,Belagavi
3496,15.67268218321226,74.40498461658864,0.5559359,Belagavi
3497,15.67268218321226,74.40579310034434,0.24212249,Belagavi
3498,15.67268218321226,74.40642192104323,0.45501122,Belagavi
3499,15.67268218321226,74.40821855161147,0.65642685,Belagavi
3500,15.67268218321226,74.40830838313988,0.64053464,Belagavi
3501,15.67268218321226,74.40974568759447,0.53812927,Belagavi
3502,15.67268218321226,74.40992535065129,0.5421258,Belagavi
3503,15.672772014740673,74.38046060933218,0.65384614,Belagavi
3504,15.672772014740673,74.38207757684359,0.71804065,Belagavi
3505,15.672772014740673,74.38468269116754,0.5930427,Belagavi
3506,15.672772014740673,74.38827595230401,0.6521436,Belagavi
3507,15.672772014740673,74.3911505612132,0.66934407,Belagavi
3508,15.672772014740673,74.39222853955414,0.5425435,Belagavi
3509,15.672772014740673,74.39267769719619,0.39114726,Belagavi
3510,15.672772014740673,74.39402517012238,0.5161242,Belagavi
3511,15.672772014740673,74.39654045291792,0.464112,Belagavi
3512,15.672772014740673,74.39770826278726,0.58733976,Belagavi
3513,15.672772014740673,74.39950489335551,0.67164177,Belagavi
3514,15.672772014740673,74.39968455641232,0.6807383,Belagavi
3515,15.672772014740673,74.39995405099756,0.5892091,Belagavi
3516,15.672772014740673,74.40085236628168,0.29850325,Belagavi
3517,15.672772014740673,74.40166085003739,0.27993158,Belagavi
3518,15.672772014740673,74.40228967073628,0.22877479,Belagavi
3519,15.672772014740673,74.40264899684992,0.22714932,Belagavi
3520,15.672772014740673,74.40381680671928,0.56555194,Belagavi
3521,15.672772014740673,74.40714057327052,0.38493538,Belagavi
3522,15.672772014740673,74.40911686689559,0.48819876,Belagavi
3523,15.672772014740673,74.40938636148083,0.31590983,Belagavi
3524,15.672772014740673,74.40983551912288,0.41077766,Belagavi
3525,15.672772014740673,74.41019484523653,0.3836886,Belagavi
3526,15.672861846269086,74.38279622907088,0.7137007,Belagavi
3527,15.672861846269086,74.38585050103688,0.6140237,Belagavi
3528,15.672861846269086,74.3859403325653,0.48326898,Belagavi
3529,15.672861846269086,74.38692847937783,0.4512725,Belagavi
3530,15.672861846269086,74.38863527841767,0.64051926,Belagavi
3531,15.672861846269086,74.38989291981542,0.37927565,Belagavi
3532,15.672861846269086,74.3919590449689,0.55850625,Belagavi
3533,15.672861846269086,74.39240820261097,0.4778892,Belagavi
3534,15.672861846269086,74.39555230610539,0.51494396,Belagavi
3535,15.672861846269086,74.3964506213895,0.47619048,Belagavi
3536,15.672861846269086,74.39672011597473,0.49143136,Belagavi
3537,15.672861846269086,74.39680994750314,0.48793826,Belagavi
3538,15.672861846269086,74.39851674654298,0.6637753,Belagavi
3539,15.672861846269086,74.39887607265662,0.65300924,Belagavi
3540,15.672861846269086,74.40031337711122,0.6673774,Belagavi
3541,15.672861846269086,74.40103202933851,0.2658371,Belagavi
3542,15.672861846269086,74.40157101850897,0.28681335,Belagavi
3543,15.672861846269086,74.40426596436134,0.54096365,Belagavi
3544,15.672861846269086,74.40579310034434,0.30505303,Belagavi
3545,15.672861846269086,74.40606259492958,0.41659233,Belagavi
3546,15.672861846269086,74.4069609102137,0.39818132,Belagavi
3547,15.672861846269086,74.40723040479894,0.2852045,Belagavi
3548,15.672861846269086,74.40938636148083,0.3760133,Belagavi
3549,15.672951677797498,74.38010128321852,0.6906077,Belagavi
3550,15.672951677797498,74.38019111474694,0.738277,Belagavi
3551,15.672951677797498,74.38189791378676,0.6830278,Belagavi
3552,15.672951677797498,74.38288606059929,0.71651393,Belagavi
3553,15.672951677797498,74.3829758921277,0.70013285,Belagavi
3554,15.672951677797498,74.38540134339483,0.59141433,Belagavi
3555,15.672951677797498,74.38746746854831,0.62278134,Belagavi
3556,15.672951677797498,74.3889946045313,0.5810228,Belagavi
3557,15.672951677797498,74.39016241440066,0.37777779,Belagavi
3558,15.672951677797498,74.39061157204273,0.35805434,Belagavi
3559,15.672951677797498,74.39213870802573,0.5205412,Belagavi
3560,15.672951677797498,74.39240820261097,0.47309527,Belagavi
3561,15.672951677797498,74.39537264304856,0.42724797,Belagavi
3562,15.672951677797498,74.39815742042933,0.62774014,Belagavi
3563,15.672951677797498,74.39824725195774,0.6345058,Belagavi
3564,15.672951677797498,74.39905573571345,0.6653013,Belagavi
3565,15.672951677797498,74.40112186086692,0.26492724,Belagavi
3566,15.672951677797498,74.40193034462263,0.35191223,Belagavi
3567,15.672951677797498,74.40219983920787,0.30459854,Belagavi
3568,15.672951677797498,74.40507444811705,0.35445812,Belagavi
3569,15.672951677797498,74.40534394270229,0.2946964,Belagavi
3570,15.672951677797498,74.40570326881593,0.30374753,Belagavi
3571,15.672951677797498,74.406152426458,0.33791965,Belagavi
3572,15.672951677797498,74.4062422579864,0.33791965,Belagavi
3573,15.672951677797498,74.409206698424,0.6131964,Belagavi
3574,15.672951677797498,74.40929652995241,0.51538914,Belagavi
3575,15.673041509325907,74.38019111474694,0.70407957,Belagavi
3576,15.673041509325907,74.38028094627535,0.78064513,Belagavi
3577,15.673041509325907,74.38090976697423,0.7283805,Belagavi
3578,15.673041509325907,74.38207757684359,0.6842541,Belagavi
3579,15.673041509325907,74.382167408372,0.7078565,Belagavi
3580,15.673041509325907,74.38252673448565,0.6608066,Belagavi
3581,15.673041509325907,74.38261656601406,0.66807824,Belagavi
3582,15.673041509325907,74.38405387046865,0.681221,Belagavi
3583,15.673041509325907,74.38459285963913,0.5126861,Belagavi
3584,15.673041509325907,74.38477252269594,0.52288955,Belagavi
3585,15.673041509325907,74.38567083798007,0.6776891,Belagavi
3586,15.673041509325907,74.3897132567586,0.51275426,Belagavi
3587,15.673041509325907,74.39070140357113,0.45068383,Belagavi
3588,15.673041509325907,74.39159971885526,0.6523269,Belagavi
3589,15.673041509325907,74.39366584400872,0.27465007,Belagavi
3590,15.673041509325907,74.39483365387808,0.2783445,Belagavi
3591,15.673041509325907,74.39510314846332,0.42907068,Belagavi
3592,15.673041509325907,74.39537264304856,0.52787083,Belagavi
3593,15.673041509325907,74.39627095833268,0.65577596,Belagavi
3594,15.673041509325907,74.39752859973045,0.45424896,Belagavi
3595,15.673041509325907,74.3979777573725,0.6285382,Belagavi
3596,15.673041509325907,74.39968455641232,0.6420878,Belagavi
3597,15.673041509325907,74.39977438794074,0.5782685,Belagavi
3598,15.673041509325907,74.4024693337931,0.31477517,Belagavi
3599,15.673041509325907,74.40363714366245,0.40160644,Belagavi
3600,15.673041509325907,74.40570326881593,0.3707094,Belagavi
3601,15.673041509325907,74.40579310034434,0.4131889,Belagavi
3602,15.673041509325907,74.40588293187275,0.31270456,Belagavi
3603,15.673041509325907,74.40651175257165,0.3260997,Belagavi
3604,15.673041509325907,74.40714057327052,0.324375,Belagavi
3605,15.673041509325907,74.40749989938418,0.2943023,Belagavi
3606,15.673041509325907,74.40803888855464,0.37959963,Belagavi
3607,15.673041509325907,74.40857787772511,0.5279208,Belagavi
3608,15.673041509325907,74.40893720383876,0.41882354,Belagavi
3609,15.673041509325907,74.40947619300924,0.5267677,Belagavi
3610,15.67313134085432,74.38001145169011,0.7285429,Belagavi
3611,15.67313134085432,74.3814487561447,0.68399256,Belagavi
3612,15.67313134085432,74.38207757684359,0.67723614,Belagavi
3613,15.67313134085432,74.38567083798007,0.720939,Belagavi
3614,15.67313134085432,74.38603016409371,0.4639898,Belagavi
3615,15.67313134085432,74.38647932173578,0.5325435,Belagavi
3616,15.67313134085432,74.38692847937783,0.56400365,Belagavi
3617,15.67313134085432,74.38872510994607,0.65237546,Belagavi
3618,15.67313134085432,74.38890477300289,0.6692853,Belagavi
3619,15.67313134085432,74.38908443605972,0.6304387,Belagavi
3620,15.67313134085432,74.39061157204273,0.47306156,Belagavi
3621,15.67313134085432,74.39079123509954,0.4269332,Belagavi
3622,15.67313134085432,74.39133022427002,0.53806114,Belagavi
3623,15.67313134085432,74.39249803413938,0.3972013,Belagavi
3624,15.67313134085432,74.39303702330984,0.34194136,Belagavi
3625,15.67313134085432,74.39330651789508,0.46879536,Belagavi
3626,15.67313134085432,74.39366584400872,0.336713,Belagavi
3627,15.67313134085432,74.39393533859396,0.6540747,Belagavi
3628,15.67313134085432,74.39627095833268,0.6380149,Belagavi
3629,15.67313134085432,74.39654045291792,0.5378287,Belagavi
3630,15.67313134085432,74.39707944208838,0.4543732,Belagavi
3631,15.67313134085432,74.39725910514521,0.3143406,Belagavi
3632,15.67313134085432,74.3979777573725,0.63795066,Belagavi
3633,15.67313134085432,74.39977438794074,0.5709369,Belagavi
3634,15.67313134085432,74.40004388252598,0.6342783,Belagavi
3635,15.67313134085432,74.4017506815658,0.35797253,Belagavi
3636,15.67313134085432,74.40291849143516,0.42347902,Belagavi
3637,15.67313134085432,74.40354731213405,0.2571331,Belagavi
3638,15.67313134085432,74.40426596436134,0.2303845,Belagavi
3639,15.67313134085432,74.4047151220034,0.39219362,Belagavi
3640,15.67313134085432,74.40480495353181,0.37622482,Belagavi
3641,15.67313134085432,74.40588293187275,0.34653175,Belagavi
3642,15.67313134085432,74.40705074174211,0.2890095,Belagavi
3643,15.673221172382734,74.38153858767312,0.67157274,Belagavi
3644,15.673221172382734,74.38207757684359,0.7001733,Belagavi
3645,15.673221172382734,74.38234707142882,0.6671239,Belagavi
3646,15.673221172382734,74.38315555518453,0.7078228,Belagavi
3647,15.673221172382734,74.38333521824136,0.6961635,Belagavi
3648,15.673221172382734,74.38414370199706,0.6454808,Belagavi
3649,15.673221172382734,74.38504201728118,0.65344465,Belagavi
3650,15.673221172382734,74.38998275134384,0.4836933,Belagavi
3651,15.673221172382734,74.3911505612132,0.51639193,Belagavi
3652,15.673221172382734,74.39348618095191,0.4611224,Belagavi
3653,15.673221172382734,74.39537264304856,0.6521443,Belagavi
3654,15.673221172382734,74.39555230610539,0.66318417,Belagavi
3655,15.673221172382734,74.39600146374744,0.5711645,Belagavi
3656,15.673221172382734,74.39698961055997,0.50877196,Belagavi
3657,15.673221172382734,74.39752859973045,0.3995253,Belagavi
3658,15.673221172382734,74.39905573571345,0.6400154,Belagavi
3659,15.673221172382734,74.39914556724186,0.6307822,Belagavi
3660,15.673221172382734,74.40121169239534,0.28446537,Belagavi
3661,15.673221172382734,74.40148118698058,0.34129637,Belagavi
3662,15.673221172382734,74.40166085003739,0.31741044,Belagavi
3663,15.673221172382734,74.40184051309421,0.29669642,Belagavi
3664,15.673221172382734,74.4024693337931,0.30360657,Belagavi
3665,15.673221172382734,74.40282865990675,0.4247402,Belagavi
3666,15.673221172382734,74.40300832296357,0.58843815,Belagavi
3667,15.673221172382734,74.40372697519086,0.26326463,Belagavi
3668,15.673221172382734,74.40444562741817,0.34986594,Belagavi
3669,15.673221172382734,74.40498461658864,0.4340376,Belagavi
3670,15.673221172382734,74.4054337742307,0.39448383,Belagavi
3671,15.673221172382734,74.40597276340117,0.3916995,Belagavi
3672,15.673221172382734,74.40642192104323,0.2875838,Belagavi
3673,15.673221172382734,74.40687107868528,0.30566686,Belagavi
3674,15.673221172382734,74.40732023632735,0.35528702,Belagavi
3675,15.673221172382734,74.40749989938418,0.2775826,Belagavi
3676,15.673221172382734,74.4077693939694,0.2859284,Belagavi
3677,15.673221172382734,74.40794905702623,0.34777898,Belagavi
3678,15.673221172382734,74.40866770925352,0.5981752,Belagavi
3679,15.673221172382734,74.40893720383876,0.5640478,Belagavi
3680,15.673311003911143,74.38099959850264,0.7215933,Belagavi
3681,15.673311003911143,74.38126909308788,0.67097247,Belagavi
3682,15.673311003911143,74.382167408372,0.67791617,Belagavi
3683,15.673311003911143,74.38252673448565,0.68298817,Belagavi
3684,15.673311003911143,74.38423353352547,0.6568867,Belagavi
3685,15.673311003911143,74.38540134339483,0.67463505,Belagavi
3686,15.673311003911143,74.38638949020736,0.6633987,Belagavi
3687,15.673311003911143,74.38845561536084,0.6258735,Belagavi
3688,15.673311003911143,74.38908443605972,0.5819739,Belagavi
3689,15.673311003911143,74.39007258287225,0.57006514,Belagavi
3690,15.673311003911143,74.39231837108255,0.53629243,Belagavi
3691,15.673311003911143,74.39249803413938,0.46704167,Belagavi
3692,15.673311003911143,74.39366584400872,0.55663186,Belagavi
3693,15.673311003911143,74.39384550706555,0.5684957,Belagavi
3694,15.673311003911143,74.3971692736168,0.41389903,Belagavi
3695,15.673311003911143,74.40417613283293,0.25445917,Belagavi
3696,15.673311003911143,74.40498461658864,0.41139463,Belagavi
3697,15.673311003911143,74.40534394270229,0.633266,Belagavi
3698,15.673311003911143,74.40642192104323,0.38737336,Belagavi
3699,15.673311003911143,74.40714057327052,0.44838607,Belagavi
3700,15.673311003911143,74.40803888855464,0.39543873,Belagavi
3701,15.673311003911143,74.40830838313988,0.6068147,Belagavi
3702,15.673311003911143,74.41019484523653,0.4612847,Belagavi
3703,15.673400835439557,74.38028094627535,0.702011,Belagavi
3704,15.673400835439557,74.38162841920153,0.66462255,Belagavi
3705,15.673400835439557,74.38198774531517,0.67459226,Belagavi
3706,15.673400835439557,74.38315555518453,0.71484125,Belagavi
3707,15.673400835439557,74.38405387046865,0.6364386,Belagavi
3708,15.673400835439557,74.38486235422435,0.62593514,Belagavi
3709,15.673400835439557,74.38647932173578,0.59519196,Belagavi
3710,15.673400835439557,74.38926409911655,0.61078066,Belagavi
3711,15.673400835439557,74.39007258287225,0.62913907,Belagavi
3712,15.673400835439557,74.3904319089859,0.5151903,Belagavi
3713,15.673400835439557,74.39106072968478,0.40621832,Belagavi
3714,15.673400835439557,74.39124039274161,0.42413163,Belagavi
3715,15.673400835439557,74.39222853955414,0.5697877,Belagavi
3716,15.673400835439557,74.39447432776444,0.41649517,Belagavi
3717,15.673400835439557,74.39636078986109,0.57914555,Belagavi
3718,15.673400835439557,74.3964506213895,0.56589144,Belagavi
3719,15.673400835439557,74.39663028444632,0.62518966,Belagavi
3720,15.673400835439557,74.39698961055997,0.70047796,Belagavi
3721,15.673400835439557,74.3971692736168,0.5814951,Belagavi
3722,15.673400835439557,74.39770826278726,0.6879304,Belagavi
3723,15.673400835439557,74.39959472488391,0.5359095,Belagavi
3724,15.673400835439557,74.40049304016804,0.43255502,Belagavi
3725,15.673400835439557,74.40184051309421,0.2350522,Belagavi
3726,15.673400835439557,74.40345748060564,0.31374407,Belagavi
3727,15.673400835439557,74.4039964697761,0.27606973,Belagavi
3728,15.673400835439557,74.40444562741817,0.28229973,Belagavi
3729,15.673400835439557,74.40462529047498,0.35920522,Belagavi
3730,15.673400835439557,74.40570326881593,0.38228717,Belagavi
3731,15.673400835439557,74.4062422579864,0.4096064,Belagavi
3732,15.673400835439557,74.40633208951482,0.49620637,Belagavi
3733,15.673400835439557,74.40803888855464,0.37753624,Belagavi
3734,15.673400835439557,74.40875754078193,0.5927673,Belagavi
3735,15.673400835439557,74.409206698424,0.569556,Belagavi
3736,15.67349066696797,74.38055044086059,0.70149255,Belagavi
3737,15.67349066696797,74.38073010391741,0.6568377,Belagavi
3738,15.67349066696797,74.38180808225835,0.6708567,Belagavi
3739,15.67349066696797,74.38288606059929,0.6332853,Belagavi
3740,15.67349066696797,74.38863527841767,0.4656373,Belagavi
3741,15.67349066696797,74.38872510994607,0.41125137,Belagavi
3742,15.67349066696797,74.38881494147448,0.3927525,Belagavi
3743,15.67349066696797,74.38908443605972,0.6587112,Belagavi
3744,15.67349066696797,74.39079123509954,0.4264989,Belagavi
3745,15.67349066696797,74.39177938191207,0.74023664,Belagavi
3746,15.67349066696797,74.3942048331792,0.44045728,Belagavi
3747,15.67349066696797,74.39501331693491,0.45418656,Belagavi
3748,15.67349066696797,74.39663028444632,0.6020977,Belagavi
3749,15.67349066696797,74.39689977903156,0.6845778,Belagavi
3750,15.67349066696797,74.39734893667362,0.46311477,Belagavi
3751,15.67349066696797,74.39851674654298,0.56727415,Belagavi
3752,15.67349066696797,74.39977438794074,0.5477707,Belagavi
3753,15.67349066696797,74.40390663824769,0.28265634,Belagavi
3754,15.67349066696797,74.40597276340117,0.4074218,Belagavi
3755,15.67349066696797,74.4083982146683,0.55676097,Belagavi
3756,15.67349066696797,74.40911686689559,0.5638126,Belagavi
3757,15.67349066696797,74.40938636148083,0.50784075,Belagavi
3758,15.67358049849638,74.38001145169011,0.73133725,Belagavi
3759,15.67358049849638,74.38126909308788,0.6948229,Belagavi
3760,15.67358049849638,74.38432336505389,0.6105769,Belagavi
3761,15.67358049849638,74.38585050103688,0.5754923,Belagavi
3762,15.67358049849638,74.38629965867895,0.600388,Belagavi
3763,15.67358049849638,74.38647932173578,0.41663754,Belagavi
3764,15.67358049849638,74.38746746854831,0.5936634,Belagavi
3765,15.67358049849638,74.38782679466195,0.60104305,Belagavi
3766,15.67358049849638,74.38827595230401,0.52739316,Belagavi
3767,15.67358049849638,74.38926409911655,0.6707254,Belagavi
3768,15.67358049849638,74.38935393064496,0.6707254,Belagavi
3769,15.67358049849638,74.39052174051432,0.47545305,Belagavi
3770,15.67358049849638,74.39186921344049,0.71291614,Belagavi
3771,15.67358049849638,74.39249803413938,0.5073046,Belagavi
3772,15.67358049849638,74.39258786566779,0.42913315,Belagavi
3773,15.67358049849638,74.3933963494235,0.5997599,Belagavi
3774,15.67358049849638,74.39375567553714,0.65208584,Belagavi
3775,15.67358049849638,74.39429466470762,0.5196129,Belagavi
3776,15.67358049849638,74.39474382234967,0.46652496,Belagavi
3777,15.67358049849638,74.39519297999173,0.5758133,Belagavi
3778,15.67358049849638,74.39680994750314,0.7383177,Belagavi
3779,15.67358049849638,74.39770826278726,0.63822776,Belagavi
3780,15.67358049849638,74.39806758890091,0.65356123,Belagavi
3781,15.67358049849638,74.39860657807138,0.6329666,Belagavi
3782,15.67358049849638,74.40282865990675,0.43553331,Belagavi
3783,15.67358049849638,74.40462529047498,0.48714286,Belagavi
3784,15.67358049849638,74.40498461658864,0.36961102,Belagavi
3785,15.67358049849638,74.406152426458,0.31558692,Belagavi
3786,15.67358049849638,74.40669141562846,0.29515168,Belagavi
3787,15.67358049849638,74.4083982146683,0.5655488,Belagavi
3788,15.67358049849638,74.40884737231035,0.58697206,Belagavi
3789,15.673670330024793,74.38055044086059,0.7174435,Belagavi
3790,15.673670330024793,74.3814487561447,0.68099546,Belagavi
3791,15.673670330024793,74.38225723990041,0.6278682,Belagavi
3792,15.673670330024793,74.38234707142882,0.5712424,Belagavi
3793,15.673670330024793,74.38252673448565,0.5757113,Belagavi
3794,15.673670330024793,74.38405387046865,0.5953757,Belagavi
3795,15.673670330024793,74.38468269116754,0.5528397,Belagavi
3796,15.673670330024793,74.3859403325653,0.42098388,Belagavi
3797,15.673670330024793,74.38746746854831,0.6017015,Belagavi
3798,15.673670330024793,74.38908443605972,0.66039187,Belagavi
3799,15.673670330024793,74.39258786566779,0.46126512,Belagavi
3800,15.673670330024793,74.39312685483826,0.46387625,Belagavi
3801,15.673670330024793,74.3933963494235,0.62419724,Belagavi
3802,15.673670330024793,74.39411500165079,0.5093905,Belagavi
3803,15.673670330024793,74.3949234854065,0.49295774,Belagavi
3804,15.673670330024793,74.39582180069061,0.41754967,Belagavi
3805,15.673670330024793,74.39815742042933,0.6293622,Belagavi
3806,15.673670330024793,74.40031337711122,0.3582135,Belagavi
3807,15.673670330024793,74.40148118698058,0.41616717,Belagavi
3808,15.673670330024793,74.40157101850897,0.4457313,Belagavi
3809,15.673670330024793,74.40354731213405,0.3388185,Belagavi
3810,15.673670330024793,74.40453545894658,0.3041133,Belagavi
3811,15.673670330024793,74.40561343728751,0.37391612,Belagavi
3812,15.673670330024793,74.4069609102137,0.29730582,Belagavi
3813,15.673670330024793,74.40741006785576,0.3523642,Belagavi
3814,15.673670330024793,74.40758973091258,0.35130435,Belagavi
3815,15.673670330024793,74.40848804619671,0.54004997,Belagavi
3816,15.673670330024793,74.40893720383876,0.46684617,Belagavi
3817,15.673670330024793,74.40965585606605,0.6441253,Belagavi
3818,15.673670330024793,74.40983551912288,0.64464885,Belagavi
3819,15.673760161553204,74.38055044086059,0.72796315,Belagavi
3820,15.673760161553204,74.38099959850264,0.77905416,Belagavi
3821,15.673760161553204,74.38162841920153,0.7647241,Belagavi
3822,15.673760161553204,74.38369454435501,0.5874865,Belagavi
3823,15.673760161553204,74.38459285963913,0.5713036,Belagavi
3824,15.673760161553204,74.38513184880959,0.65254086,Belagavi
3825,15.673760161553204,74.38773696313353,0.55851066,Belagavi
3826,15.673760161553204,74.38809628924719,0.6623266,Belagavi
3827,15.673760161553204,74.38908443605972,0.46834958,Belagavi
3828,15.673760161553204,74.39052174051432,0.6043004,Belagavi
3829,15.673760161553204,74.39222853955414,0.54245436,Belagavi
3830,15.673760161553204,74.39330651789508,0.6294479,Belagavi
3831,15.673760161553204,74.39456415929286,0.52650577,Belagavi
3832,15.673760161553204,74.39483365387808,0.5417957,Belagavi
3833,15.673760161553204,74.39537264304856,0.3796913,Belagavi
3834,15.673760161553204,74.39609129527585,0.6492379,Belagavi
3835,15.673760161553204,74.39698961055997,0.6452662,Belagavi
3836,15.673760161553204,74.39725910514521,0.5305587,Belagavi
3837,15.673760161553204,74.39905573571345,0.4499818,Belagavi
3838,15.673760161553204,74.40049304016804,0.21827412,Belagavi
3839,15.673760161553204,74.40417613283293,0.23111612,Belagavi
3840,15.673760161553204,74.4047151220034,0.3211525,Belagavi
3841,15.673760161553204,74.40902703536717,0.37284768,Belagavi
3842,15.673849993081618,74.380640272389,0.7625498,Belagavi
3843,15.673849993081618,74.38126909308788,0.73686355,Belagavi
3844,15.673849993081618,74.38279622907088,0.48455942,Belagavi
3845,15.673849993081618,74.38306572365612,0.5140876,Belagavi
3846,15.673849993081618,74.38567083798007,0.65969163,Belagavi
3847,15.673849993081618,74.38576066950847,0.59590286,Belagavi
3848,15.673849993081618,74.38719797396307,0.56169516,Belagavi
3849,15.673849993081618,74.38953359370178,0.5227098,Belagavi
3850,15.673849993081618,74.3904319089859,0.5739825,Belagavi
3851,15.673849993081618,74.39088106662795,0.28623417,Belagavi
3852,15.673849993081618,74.39097089815637,0.27099338,Belagavi
3853,15.673849993081618,74.39106072968478,0.31556803,Belagavi
3854,15.673849993081618,74.39429466470762,0.50559443,Belagavi
3855,15.673849993081618,74.39546247457697,0.35449734,Belagavi
3856,15.673849993081618,74.3957319691622,0.41578248,Belagavi
3857,15.673849993081618,74.39689977903156,0.62991303,Belagavi
3858,15.673849993081618,74.3979777573725,0.42310494,Belagavi
3859,15.673849993081618,74.3987862411282,0.46286106,Belagavi
3860,15.673849993081618,74.40067270322486,0.18925166,Belagavi
3861,15.673849993081618,74.4023795022647,0.59752727,Belagavi
3862,15.673849993081618,74.40480495353181,0.2706903,Belagavi
3863,15.673849993081618,74.40714057327052,0.3894325,Belagavi
3864,15.673849993081618,74.40723040479894,0.34100583,Belagavi
3865,15.673849993081618,74.40785922549782,0.37439024,Belagavi
3866,15.673849993081618,74.40884737231035,0.4438602,Belagavi
3867,15.673849993081618,74.40965585606605,0.40725732,Belagavi
3868,15.673939824610027,74.38108943003105,0.74244964,Belagavi
3869,15.673939824610027,74.382167408372,0.36652386,Belagavi
3870,15.673939824610027,74.38279622907088,0.54015213,Belagavi
3871,15.673939824610027,74.38432336505389,0.46617916,Belagavi
3872,15.673939824610027,74.38504201728118,0.5081367,Belagavi
3873,15.673939824610027,74.38629965867895,0.29168367,Belagavi
3874,15.673939824610027,74.38791662619036,0.71783936,Belagavi
3875,15.673939824610027,74.38989291981542,0.58482575,Belagavi
3876,15.673939824610027,74.39070140357113,0.49850747,Belagavi
3877,15.673939824610027,74.39133022427002,0.31696847,Belagavi
3878,15.673939824610027,74.39168955038366,0.3546798,Belagavi
3879,15.673939824610027,74.39312685483826,0.556614,Belagavi
3880,15.673939824610027,74.39321668636667,0.539379,Belagavi
3881,15.673939824610027,74.39366584400872,0.5019115,Belagavi
3882,15.673939824610027,74.39393533859396,0.49850634,Belagavi
3883,15.673939824610027,74.39429466470762,0.5951269,Belagavi
3884,15.673939824610027,74.39483365387808,0.6149329,Belagavi
3885,15.673939824610027,74.3957319691622,0.3807807,Belagavi
3886,15.673939824610027,74.39689977903156,0.5909172,Belagavi
3887,15.673939824610027,74.39734893667362,0.5545946,Belagavi
3888,15.673939824610027,74.39806758890091,0.3125,Belagavi
3889,15.673939824610027,74.39914556724186,0.44234875,Belagavi
3890,15.673939824610027,74.39932523029869,0.3564479,Belagavi
3891,15.673939824610027,74.39959472488391,0.5088178,Belagavi
3892,15.673939824610027,74.39995405099756,0.42324984,Belagavi
3893,15.673939824610027,74.4009421978101,0.36593318,Belagavi
3894,15.673939824610027,74.40121169239534,0.30298483,Belagavi
3895,15.673939824610027,74.40166085003739,0.411657,Belagavi
3896,15.673939824610027,74.4023795022647,0.58311033,Belagavi
3897,15.673939824610027,74.40336764907723,0.32373595,Belagavi
3898,15.673939824610027,74.40408630130452,0.29712903,Belagavi
3899,15.673939824610027,74.40498461658864,0.2901545,Belagavi
3900,15.673939824610027,74.40561343728751,0.43307087,Belagavi
3901,15.673939824610027,74.40660158410004,0.29750827,Belagavi
3902,15.673939824610027,74.40669141562846,0.30070376,Belagavi
3903,15.673939824610027,74.40714057327052,0.3484456,Belagavi
3904,15.673939824610027,74.40803888855464,0.4089347,Belagavi
3905,15.673939824610027,74.40884737231035,0.42804027,Belagavi
3906,15.673939824610027,74.40965585606605,0.3373991,Belagavi
3907,15.67402965613844,74.38010128321852,0.72439724,Belagavi
3908,15.67402965613844,74.38108943003105,0.6673724,Belagavi
3909,15.67402965613844,74.3814487561447,0.7383904,Belagavi
3910,15.67402965613844,74.38207757684359,0.37998328,Belagavi
3911,15.67402965613844,74.382167408372,0.37998328,Belagavi
3912,15.67402965613844,74.38234707142882,0.32688054,Belagavi
3913,15.67402965613844,74.38351488129818,0.5137718,Belagavi
3914,15.67402965613844,74.38396403894023,0.46048272,Belagavi
3915,15.67402965613844,74.38432336505389,0.4010729,Belagavi
3916,15.67402965613844,74.38719797396307,0.52793837,Belagavi
3917,15.67402965613844,74.38800645771877,0.5674032,Belagavi
3918,15.67402965613844,74.3896234252302,0.6363636,Belagavi
3919,15.67402965613844,74.39133022427002,0.30427676,Belagavi
3920,15.67402965613844,74.39150988732685,0.3011089,Belagavi
3921,15.67402965613844,74.39618112680427,0.64017063,Belagavi
3922,15.67402965613844,74.39663028444632,0.5792422,Belagavi
3923,15.67402965613844,74.39815742042933,0.27087086,Belagavi
3924,15.67402965613844,74.4017506815658,0.41352922,Belagavi
3925,15.67402965613844,74.40426596436134,0.4543131,Belagavi
3926,15.67402965613844,74.40821855161147,0.5345536,Belagavi
3927,15.67402965613844,74.40929652995241,0.29859778,Belagavi
3928,15.67402965613844,74.40956602453764,0.30417627,Belagavi
3929,15.67402965613844,74.40992535065129,0.6209836,Belagavi
3930,15.67402965613844,74.4100151821797,0.56747466,Belagavi
3931,15.674119487666852,74.38055044086059,0.65927505,Belagavi
3932,15.674119487666852,74.38414370199706,0.37902847,Belagavi
3933,15.674119487666852,74.38486235422435,0.44421652,Belagavi
3934,15.674119487666852,74.38531151186642,0.51875,Belagavi
3935,15.674119487666852,74.38567083798007,0.54419595,Belagavi
3936,15.674119487666852,74.38576066950847,0.47052076,Belagavi
3937,15.674119487666852,74.38701831090624,0.59892535,Belagavi
3938,15.674119487666852,74.38764713160514,0.6682519,Belagavi
3939,15.674119487666852,74.38872510994607,0.36002392,Belagavi
3940,15.674119487666852,74.38881494147448,0.38660908,Belagavi
3941,15.674119487666852,74.3889946045313,0.5725761,Belagavi
3942,15.674119487666852,74.38935393064496,0.6087466,Belagavi
3943,15.674119487666852,74.38998275134384,0.45065397,Belagavi
3944,15.674119487666852,74.39124039274161,0.3412172,Belagavi
3945,15.674119487666852,74.39240820261097,0.38474026,Belagavi
3946,15.674119487666852,74.39537264304856,0.49353182,Belagavi
3947,15.674119487666852,74.39555230610539,0.5377849,Belagavi
3948,15.674119487666852,74.39707944208838,0.50292706,Belagavi
3949,15.674119487666852,74.39806758890091,0.27260727,Belagavi
3950,15.674119487666852,74.39896590418503,0.3825018,Belagavi
3951,15.674119487666852,74.39968455641232,0.6322944,Belagavi
3952,15.674119487666852,74.40085236628168,0.39962414,Belagavi
3953,15.674119487666852,74.406152426458,0.47936612,Belagavi
3954,15.674119487666852,74.40633208951482,0.53450125,Belagavi
3955,15.674119487666852,74.40857787772511,0.44652492,Belagavi
3956,15.674119487666852,74.40875754078193,0.4464369,Belagavi
3957,15.674119487666852,74.40983551912288,0.38254517,Belagavi
3958,15.674119487666852,74.40992535065129,0.55787677,Belagavi
3959,15.674209319195263,74.38019111474694,0.66167545,Belagavi
3960,15.674209319195263,74.38108943003105,0.6417452,Belagavi
3961,15.674209319195263,74.382167408372,0.4835901,Belagavi
3962,15.674209319195263,74.38306572365612,0.244587,Belagavi
3963,15.674209319195263,74.38324538671294,0.40413752,Belagavi
3964,15.674209319195263,74.3836047128266,0.61788887,Belagavi
3965,15.674209319195263,74.38567083798007,0.39651838,Belagavi
3966,15.674209319195263,74.38683864784942,0.6504126,Belagavi
3967,15.674209319195263,74.38827595230401,0.47602844,Belagavi
3968,15.674209319195263,74.38863527841767,0.40024823,Belagavi
3969,15.674209319195263,74.38890477300289,0.5068997,Belagavi
3970,15.674209319195263,74.38926409911655,0.5984452,Belagavi
3971,15.674209319195263,74.3897132567586,0.38684404,Belagavi
3972,15.674209319195263,74.39896590418503,0.3696275,Belagavi
3973,15.674209319195263,74.40085236628168,0.4462653,Belagavi
3974,15.674209319195263,74.40121169239534,0.40733334,Belagavi
3975,15.674209319195263,74.40166085003739,0.47039792,Belagavi
3976,15.674209319195263,74.4017506815658,0.46887967,Belagavi
3977,15.674209319195263,74.40336764907723,0.24620461,Belagavi
3978,15.674209319195263,74.40435579588976,0.44672656,Belagavi
3979,15.674209319195263,74.4054337742307,0.50331235,Belagavi
3980,15.674209319195263,74.40561343728751,0.4820144,Belagavi
3981,15.674209319195263,74.40606259492958,0.6320456,Belagavi
3982,15.674209319195263,74.4062422579864,0.52661777,Belagavi
3983,15.674209319195263,74.40633208951482,0.52661777,Belagavi
3984,15.674209319195263,74.4069609102137,0.27734253,Belagavi
3985,15.674209319195263,74.4100151821797,0.52695346,Belagavi
3986,15.674299150723677,74.3813589246163,0.587819,Belagavi
3987,15.674299150723677,74.3814487561447,0.57624537,Belagavi
3988,15.674299150723677,74.38207757684359,0.46457255,Belagavi
3989,15.674299150723677,74.38234707142882,0.48339483,Belagavi
3990,15.674299150723677,74.38351488129818,0.46883136,Belagavi
3991,15.674299150723677,74.38432336505389,0.3819559,Belagavi
3992,15.674299150723677,74.38531151186642,0.39130434,Belagavi
3993,15.674299150723677,74.38827595230401,0.4720141,Belagavi
3994,15.674299150723677,74.38845561536084,0.44774416,Belagavi
3995,15.674299150723677,74.38890477300289,0.46220648,Belagavi
3996,15.674299150723677,74.3889946045313,0.40816006,Belagavi
3997,15.674299150723677,74.39025224592908,0.32679632,Belagavi
3998,15.674299150723677,74.39150988732685,0.5693741,Belagavi
3999,15.674299150723677,74.39231837108255,0.46877602,Belagavi
4000,15.674299150723677,74.39384550706555,0.647205,Belagavi
4001,15.674299150723677,74.39402517012238,0.62125105,Belagavi
4002,15.674299150723677,74.39456415929286,0.6458028,Belagavi
4003,15.674299150723677,74.39483365387808,0.60972434,Belagavi
4004,15.674299150723677,74.39627095833268,0.6303275,Belagavi
4005,15.674299150723677,74.39636078986109,0.6242424,Belagavi
4006,15.674299150723677,74.39788792584409,0.29066926,Belagavi
4007,15.674299150723677,74.3986964095998,0.33886406,Belagavi
4008,15.674299150723677,74.39887607265662,0.42515594,Belagavi
4009,15.674299150723677,74.4002235455828,0.3864351,Belagavi
4010,15.674299150723677,74.40067270322486,0.2900649,Belagavi
4011,15.674299150723677,74.40166085003739,0.41984272,Belagavi
4012,15.674299150723677,74.40282865990675,0.37250787,Belagavi
4013,15.674299150723677,74.40408630130452,0.4272125,Belagavi
4014,15.674299150723677,74.40444562741817,0.41627753,Belagavi
4015,15.674299150723677,74.40462529047498,0.44581527,Belagavi
4016,15.674299150723677,74.40480495353181,0.45299727,Belagavi
4017,15.674299150723677,74.40552360575911,0.5070488,Belagavi
4018,15.674299150723677,74.40678124715687,0.43478957,Belagavi
4019,15.674299150723677,74.40687107868528,0.3585671,Belagavi
4020,15.674299150723677,74.40714057327052,0.30594522,Belagavi
4021,15.674299150723677,74.4077693939694,0.28064147,Belagavi
4022,15.674299150723677,74.40947619300924,0.63552725,Belagavi
4023,15.674388982252088,74.38099959850264,0.5696739,Belagavi
4024,15.674388982252088,74.38207757684359,0.5559893,Belagavi
4025,15.674388982252088,74.38261656601406,0.28316832,Belagavi
4026,15.674388982252088,74.38603016409371,0.24001466,Belagavi
4027,15.674388982252088,74.38647932173578,0.47267017,Belagavi
4028,15.674388982252088,74.386748816321,0.55656797,Belagavi
4029,15.674388982252088,74.38755730007672,0.41259784,Belagavi
4030,15.674388982252088,74.38854544688925,0.4391596,Belagavi
4031,15.674388982252088,74.3889946045313,0.42033234,Belagavi
4032,15.674388982252088,74.38908443605972,0.5368342,Belagavi
4033,15.674388982252088,74.38935393064496,0.42218542,Belagavi
4034,15.674388982252088,74.38980308828701,0.40150377,Belagavi
4035,15.674388982252088,74.3904319089859,0.3239531,Belagavi
4036,15.674388982252088,74.39168955038366,0.2977735,Belagavi
4037,15.674388982252088,74.39240820261097,0.50592965,Belagavi
4038,15.674388982252088,74.39546247457697,0.5991379,Belagavi
4039,15.674388982252088,74.39663028444632,0.5420957,Belagavi
4040,15.674388982252088,74.39815742042933,0.25942075,Belagavi
4041,15.674388982252088,74.39914556724186,0.3652531,Belagavi
4042,15.674388982252088,74.40058287169644,0.28661337,Belagavi
4043,15.674388982252088,74.4009421978101,0.25688502,Belagavi
4044,15.674388982252088,74.40202017615104,0.26788577,Belagavi
4045,15.674388982252088,74.40219983920787,0.21724507,Belagavi
4046,15.674388982252088,74.40264899684992,0.18448381,Belagavi
4047,15.674388982252088,74.40309815449199,0.16666667,Belagavi
4048,15.674388982252088,74.40417613283293,0.47609818,Belagavi
4049,15.674388982252088,74.40462529047498,0.4864821,Belagavi
4050,15.674388982252088,74.4062422579864,0.48330182,Belagavi
4051,15.674388982252088,74.40633208951482,0.48330182,Belagavi
4052,15.674388982252088,74.40687107868528,0.4187947,Belagavi
4053,15.674388982252088,74.4069609102137,0.3268278,Belagavi
4054,15.674388982252088,74.4077693939694,0.2822934,Belagavi
4055,15.674388982252088,74.40902703536717,0.5815562,Belagavi
4056,15.674388982252088,74.40983551912288,0.3699819,Belagavi
4057,15.6744788137805,74.38099959850264,0.47445256,Belagavi
4058,15.6744788137805,74.38153858767312,0.34601903,Belagavi
4059,15.6744788137805,74.38405387046865,0.51287067,Belagavi
4060,15.6744788137805,74.38423353352547,0.5064684,Belagavi
4061,15.6744788137805,74.38486235422435,0.47540432,Belagavi
4062,15.6744788137805,74.38746746854831,0.38952655,Belagavi
4063,15.6744788137805,74.38791662619036,0.3121444,Belagavi
4064,15.6744788137805,74.3896234252302,0.5835514,Belagavi
4065,15.6744788137805,74.39303702330984,0.5189543,Belagavi
4066,15.6744788137805,74.3933963494235,0.5095265,Belagavi
4067,15.6744788137805,74.39447432776444,0.6494932,Belagavi
4068,15.6744788137805,74.39555230610539,0.5649424,Belagavi
4069,15.6744788137805,74.39627095833268,0.62447,Belagavi
4070,15.6744788137805,74.39672011597473,0.55498576,Belagavi
4071,15.6744788137805,74.39689977903156,0.4351145,Belagavi
4072,15.6744788137805,74.3971692736168,0.4124914,Belagavi
4073,15.6744788137805,74.39779809431568,0.4107143,Belagavi
4074,15.6744788137805,74.39842691501457,0.28344816,Belagavi
4075,15.6744788137805,74.40354731213405,0.25258398,Belagavi
4076,15.6744788137805,74.40633208951482,0.44825333,Belagavi
4077,15.6744788137805,74.40660158410004,0.38920504,Belagavi
4078,15.6744788137805,74.40669141562846,0.3730516,Belagavi
4079,15.6744788137805,74.40705074174211,0.23751971,Belagavi
4080,15.6744788137805,74.40741006785576,0.26764026,Belagavi
4081,15.6744788137805,74.40947619300924,0.57540953,Belagavi
4082,15.6744788137805,74.40965585606605,0.44264942,Belagavi
4083,15.6744788137805,74.4100151821797,0.37976652,Belagavi
4084,15.674568645308913,74.38073010391741,0.5550062,Belagavi
4085,15.674568645308913,74.38126909308788,0.3440335,Belagavi
4086,15.674568645308913,74.38153858767312,0.3438464,Belagavi
4087,15.674568645308913,74.38162841920153,0.3723477,Belagavi
4088,15.674568645308913,74.38180808225835,0.37057176,Belagavi
4089,15.674568645308913,74.38270639754248,0.31026593,Belagavi
4090,15.674568645308913,74.38288606059929,0.24970897,Belagavi
4091,15.674568645308913,74.38315555518453,0.39590177,Belagavi
4092,15.674568645308913,74.3836047128266,0.39729556,Belagavi
4093,15.674568645308913,74.38414370199706,0.5270334,Belagavi
4094,15.674568645308913,74.38486235422435,0.32514971,Belagavi
4095,15.674568645308913,74.38585050103688,0.45362973,Belagavi
4096,15.674568645308913,74.38683864784942,0.4956889,Belagavi
4097,15.674568645308913,74.38917426758813,0.48962337,Belagavi
4098,15.674568645308913,74.39133022427002,0.493007,Belagavi
4099,15.674568645308913,74.39150988732685,0.4442638,Belagavi
4100,15.674568645308913,74.3927675287246,0.3548387,Belagavi
4101,15.674568645308913,74.39375567553714,0.55942625,Belagavi
4102,15.674568645308913,74.39600146374744,0.43870845,Belagavi
4103,15.674568645308913,74.39761843125885,0.6198285,Belagavi
4104,15.674568645308913,74.39833708348615,0.2641697,Belagavi
4105,15.674568645308913,74.39986421946915,0.36056295,Belagavi
4106,15.674568645308913,74.40049304016804,0.30298674,Belagavi
4107,15.674568645308913,74.40067270322486,0.4268358,Belagavi
4108,15.674568645308913,74.40300832296357,0.30570453,Belagavi
4109,15.674568645308913,74.40354731213405,0.28258738,Belagavi
4110,15.674568645308913,74.40381680671928,0.32427958,Belagavi
4111,15.674568645308913,74.4039964697761,0.4088572,Belagavi
4112,15.674568645308913,74.40435579588976,0.5133853,Belagavi
4113,15.674568645308913,74.40579310034434,0.51994723,Belagavi
4114,15.674568645308913,74.40642192104323,0.3976638,Belagavi
4115,15.674568645308913,74.40669141562846,0.32436162,Belagavi
4116,15.674568645308913,74.40678124715687,0.3048491,Belagavi
4117,15.674568645308913,74.40938636148083,0.656448,Belagavi
4118,15.674658476837324,74.38270639754248,0.2940171,Belagavi
4119,15.674658476837324,74.38288606059929,0.27494907,Belagavi
4120,15.674658476837324,74.3829758921277,0.25125185,Belagavi
4121,15.674658476837324,74.38315555518453,0.4472492,Belagavi
4122,15.674658476837324,74.38324538671294,0.62184024,Belagavi
4123,15.674658476837324,74.38513184880959,0.34614173,Belagavi
4124,15.674658476837324,74.385221680338,0.38949707,Belagavi
4125,15.674658476837324,74.38611999562212,0.41087866,Belagavi
4126,15.674658476837324,74.3904319089859,0.4767677,Belagavi
4127,15.674658476837324,74.39348618095191,0.45821115,Belagavi
4128,15.674658476837324,74.39411500165079,0.673185,Belagavi
4129,15.674658476837324,74.39438449623603,0.68154246,Belagavi
4130,15.674658476837324,74.39591163221903,0.5309119,Belagavi
4131,15.674658476837324,74.39609129527585,0.621226,Belagavi
4132,15.674658476837324,74.39618112680427,0.6092166,Belagavi
4133,15.674658476837324,74.3979777573725,0.38101432,Belagavi
4134,15.674658476837324,74.39860657807138,0.28312016,Belagavi
4135,15.674658476837324,74.40058287169644,0.27693856,Belagavi
4136,15.674658476837324,74.4017506815658,0.35877863,Belagavi
4137,15.674658476837324,74.40273882837833,0.30759332,Belagavi
4138,15.674658476837324,74.40390663824769,0.35635948,Belagavi
4139,15.674658476837324,74.40462529047498,0.41418394,Belagavi
4140,15.674658476837324,74.40516427964546,0.20223673,Belagavi
4141,15.674658476837324,74.40606259492958,0.4140231,Belagavi
4142,15.674658476837324,74.40669141562846,0.33809602,Belagavi
4143,15.674658476837324,74.40830838313988,0.5549717,Belagavi
4144,15.674658476837324,74.40866770925352,0.5336961,Belagavi
4145,15.674658476837324,74.40938636148083,0.65745854,Belagavi
4146,15.674658476837324,74.41028467676495,0.5417771,Belagavi
4147,15.674748308365736,74.38117926155947,0.3410243,Belagavi
4148,15.674748308365736,74.38243690295724,0.2798213,Belagavi
4149,15.674748308365736,74.38288606059929,0.3251462,Belagavi
4150,15.674748308365736,74.38396403894023,0.50239563,Belagavi
4151,15.674748308365736,74.38423353352547,0.4704867,Belagavi
4152,15.674748308365736,74.38603016409371,0.4837217,Belagavi
4153,15.674748308365736,74.38746746854831,0.47588858,Belagavi
4154,15.674748308365736,74.38764713160514,0.4392899,Belagavi
4155,15.674748308365736,74.38854544688925,0.38424903,Belagavi
4156,15.674748308365736,74.3896234252302,0.59070796,Belagavi
4157,15.674748308365736,74.39034207745749,0.59905404,Belagavi
4158,15.674748308365736,74.39061157204273,0.61080253,Belagavi
4159,15.674748308365736,74.39070140357113,0.59194916,Belagavi
4160,15.674748308365736,74.39124039274161,0.5476935,Belagavi
4161,15.674748308365736,74.39312685483826,0.42411038,Belagavi
4162,15.674748308365736,74.39321668636667,0.44545287,Belagavi
4163,15.674748308365736,74.39375567553714,0.3684715,Belagavi
4164,15.674748308365736,74.39384550706555,0.36080402,Belagavi
4165,15.674748308365736,74.39429466470762,0.69043624,Belagavi
4166,15.674748308365736,74.39519297999173,0.5894273,Belagavi
4167,15.674748308365736,74.39591163221903,0.5998596,Belagavi
4168,15.674748308365736,74.40013371405439,0.33828077,Belagavi
4169,15.674748308365736,74.40345748060564,0.2721448,Belagavi
4170,15.674748308365736,74.40480495353181,0.47234178,Belagavi
4171,15.674748308365736,74.4054337742307,0.19014962,Belagavi
4172,15.674748308365736,74.40642192104323,0.4167861,Belagavi
4173,15.674748308365736,74.40660158410004,0.39124647,Belagavi
4174,15.674748308365736,74.40803888855464,0.37506786,Belagavi
4175,15.674748308365736,74.40848804619671,0.5601578,Belagavi
4176,15.674748308365736,74.40857787772511,0.5661614,Belagavi
4177,15.674748308365736,74.40902703536717,0.40395284,Belagavi
4178,15.674748308365736,74.41019484523653,0.4558638,Belagavi
4179,15.674838139894147,74.38198774531517,0.46942866,Belagavi
4180,15.674838139894147,74.38252673448565,0.33895656,Belagavi
4181,15.674838139894147,74.38549117492325,0.34941792,Belagavi
4182,15.674838139894147,74.38603016409371,0.40889898,Belagavi
4183,15.674838139894147,74.39231837108255,0.45447487,Belagavi
4184,15.674838139894147,74.39249803413938,0.46983263,Belagavi
4185,15.674838139894147,74.39474382234967,0.64508975,Belagavi
4186,15.674838139894147,74.39546247457697,0.4113886,Belagavi
4187,15.674838139894147,74.39600146374744,0.49654922,Belagavi
4188,15.674838139894147,74.39788792584409,0.6209101,Belagavi
4189,15.674838139894147,74.40076253475327,0.45815602,Belagavi
4190,15.674838139894147,74.40085236628168,0.35807517,Belagavi
4191,15.674838139894147,74.40184051309421,0.3187909,Belagavi
4192,15.674838139894147,74.4024693337931,0.27073658,Belagavi
4193,15.674838139894147,74.40390663824769,0.2777958,Belagavi
4194,15.674838139894147,74.4054337742307,0.31742096,Belagavi
4195,15.674838139894147,74.40588293187275,0.20404615,Belagavi
4196,15.674838139894147,74.40678124715687,0.33127147,Belagavi
4197,15.674838139894147,74.40714057327052,0.35402906,Belagavi
4198,15.674838139894147,74.40741006785576,0.25204584,Belagavi
4199,15.674838139894147,74.40956602453764,0.53035146,Belagavi
4200,15.674838139894147,74.41010501370812,0.3891129,Belagavi
4201,15.674838139894147,74.41019484523653,0.43302485,Belagavi
4202,15.67492797142256,74.38010128321852,0.72431827,Belagavi
4203,15.67492797142256,74.38073010391741,0.4063927,Belagavi
4204,15.67492797142256,74.38117926155947,0.372043,Belagavi
4205,15.67492797142256,74.38207757684359,0.3424137,Belagavi
4206,15.67492797142256,74.38225723990041,0.21675658,Belagavi
4207,15.67492797142256,74.3829758921277,0.54462516,Belagavi
4208,15.67492797142256,74.38540134339483,0.29611805,Belagavi
4209,15.67492797142256,74.3859403325653,0.35705853,Belagavi
4210,15.67492797142256,74.38764713160514,0.40829372,Belagavi
4211,15.67492797142256,74.38926409911655,0.46621013,Belagavi
4212,15.67492797142256,74.3904319089859,0.5907365,Belagavi
4213,15.67492797142256,74.39052174051432,0.55111635,Belagavi
4214,15.67492797142256,74.39079123509954,0.5840205,Belagavi
4215,15.67492797142256,74.39142005579843,0.40838933,Belagavi
4216,15.67492797142256,74.39150988732685,0.35284433,Belagavi
4217,15.67492797142256,74.39177938191207,0.40299547,Belagavi
4218,15.67492797142256,74.39429466470762,0.5770125,Belagavi
4219,15.67492797142256,74.39465399082125,0.6400875,Belagavi
4220,15.67492797142256,74.39600146374744,0.4716119,Belagavi
4221,15.67492797142256,74.39654045291792,0.5799688,Belagavi
4222,15.67492797142256,74.39680994750314,0.6083803,Belagavi
4223,15.67492797142256,74.3979777573725,0.61725265,Belagavi
4224,15.67492797142256,74.40013371405439,0.35410044,Belagavi
4225,15.67492797142256,74.40031337711122,0.24522343,Belagavi
4226,15.67492797142256,74.40202017615104,0.34172663,Belagavi
4227,15.67492797142256,74.4023795022647,0.2648581,Belagavi
4228,15.67492797142256,74.40300832296357,0.28883383,Belagavi
4229,15.67492797142256,74.40372697519086,0.2792208,Belagavi
4230,15.67492797142256,74.40390663824769,0.27354985,Belagavi
4231,15.67492797142256,74.40480495353181,0.4175362,Belagavi
4232,15.67492797142256,74.40498461658864,0.42433044,Belagavi
4233,15.67492797142256,74.40534394270229,0.427246,Belagavi
4234,15.67492797142256,74.40803888855464,0.36804658,Belagavi
4235,15.67492797142256,74.41010501370812,0.40588433,Belagavi
4236,15.675017802950972,74.38171825072995,0.50951064,Belagavi
4237,15.675017802950972,74.38315555518453,0.33560246,Belagavi
4238,15.675017802950972,74.38387420741182,0.2891136,Belagavi
4239,15.675017802950972,74.38513184880959,0.37265167,Belagavi
4240,15.675017802950972,74.38576066950847,0.4587894,Belagavi
4241,15.675017802950972,74.38603016409371,0.23060189,Belagavi
4242,15.675017802950972,74.38683864784942,0.4261353,Belagavi
4243,15.675017802950972,74.38809628924719,0.49897712,Belagavi
4244,15.675017802950972,74.3896234252302,0.6681294,Belagavi
4245,15.675017802950972,74.39213870802573,0.41486433,Belagavi
4246,15.675017802950972,74.39321668636667,0.4681622,Belagavi
4247,15.675017802950972,74.39384550706555,0.3981701,Belagavi
4248,15.675017802950972,74.39402517012238,0.44176707,Belagavi
4249,15.675017802950972,74.39438449623603,0.5079914,Belagavi
4250,15.675017802950972,74.39698961055997,0.459926,Belagavi
4251,15.675017802950972,74.39743876820204,0.5408503,Belagavi
4252,15.675017802950972,74.39770826278726,0.6708202,Belagavi
4253,15.675017802950972,74.39824725195774,0.3932233,Belagavi
4254,15.675017802950972,74.39923539877027,0.34221914,Belagavi
4255,15.675017802950972,74.39968455641232,0.6279163,Belagavi
4256,15.675017802950972,74.40219983920787,0.27156138,Belagavi
4257,15.675017802950972,74.4031879860204,0.4390441,Belagavi
4258,15.675017802950972,74.40408630130452,0.25276873,Belagavi
4259,15.675017802950972,74.40597276340117,0.45325023,Belagavi
4260,15.675017802950972,74.40687107868528,0.32998565,Belagavi
4261,15.675017802950972,74.40812872008306,0.4005813,Belagavi
4262,15.675017802950972,74.4083982146683,0.5603946,Belagavi
4263,15.675017802950972,74.40857787772511,0.5571827,Belagavi
4264,15.675017802950972,74.40875754078193,0.41402057,Belagavi
4265,15.675017802950972,74.40893720383876,0.4488655,Belagavi
4266,15.675017802950972,74.40938636148083,0.6437287,Belagavi
4267,15.675017802950972,74.40974568759447,0.47071257,Belagavi
4268,15.675107634479383,74.38019111474694,0.63714814,Belagavi
4269,15.675107634479383,74.3813589246163,0.5655233,Belagavi
4270,15.675107634479383,74.38324538671294,0.32950193,Belagavi
4271,15.675107634479383,74.38342504976977,0.3535109,Belagavi
4272,15.675107634479383,74.38423353352547,0.43492478,Belagavi
4273,15.675107634479383,74.38647932173578,0.33846387,Belagavi
4274,15.675107634479383,74.38827595230401,0.36202708,Belagavi
4275,15.675107634479383,74.39016241440066,0.6034662,Belagavi
4276,15.675107634479383,74.39088106662795,0.39704797,Belagavi
4277,15.675107634479383,74.39124039274161,0.46580854,Belagavi
4278,15.675107634479383,74.39150988732685,0.46413973,Belagavi
4279,15.675107634479383,74.39186921344049,0.4744313,Belagavi
4280,15.675107634479383,74.39258786566779,0.39585456,Belagavi
4281,15.675107634479383,74.3933963494235,0.43148577,Belagavi
4282,15.675107634479383,74.39537264304856,0.44732088,Belagavi
4283,15.675107634479383,74.39698961055997,0.4434352,Belagavi
4284,15.675107634479383,74.3987862411282,0.3904158,Belagavi
4285,15.675107634479383,74.39887607265662,0.38445666,Belagavi
4286,15.675107634479383,74.39896590418503,0.33805248,Belagavi
4287,15.675107634479383,74.40004388252598,0.39930445,Belagavi
4288,15.675107634479383,74.40031337711122,0.268052,Belagavi
4289,15.675107634479383,74.40130152392375,0.39075163,Belagavi
4290,15.675107634479383,74.40255916532152,0.3853591,Belagavi
4291,15.675107634479383,74.40291849143516,0.45473832,Belagavi
4292,15.675107634479383,74.40417613283293,0.27373937,Belagavi
4293,15.675107634479383,74.40462529047498,0.30179444,Belagavi
4294,15.675107634479383,74.40480495353181,0.423839,Belagavi
4295,15.675107634479383,74.40498461658864,0.4444263,Belagavi
4296,15.675107634479383,74.40525411117387,0.43009365,Belagavi
4297,15.675107634479383,74.40561343728751,0.33333334,Belagavi
4298,15.675107634479383,74.40705074174211,0.45024827,Belagavi
4299,15.675107634479383,74.4077693939694,0.42159814,Belagavi
4300,15.675107634479383,74.40794905702623,0.4056683,Belagavi
4301,15.675107634479383,74.409206698424,0.44401544,Belagavi
4302,15.675107634479383,74.41019484523653,0.53509337,Belagavi
4303,15.675107634479383,74.41028467676495,0.38177127,Belagavi
4304,15.675197466007797,74.38037077780376,0.5945946,Belagavi
4305,15.675197466007797,74.38073010391741,0.49227372,Belagavi
4306,15.675197466007797,74.38153858767312,0.38526914,Belagavi
4307,15.675197466007797,74.38198774531517,0.31178707,Belagavi
4308,15.675197466007797,74.38261656601406,0.2847222,Belagavi
4309,15.675197466007797,74.38288606059929,0.31012145,Belagavi
4310,15.675197466007797,74.38342504976977,0.28206617,Belagavi
4311,15.675197466007797,74.38576066950847,0.326044,Belagavi
4312,15.675197466007797,74.38629965867895,0.29594737,Belagavi
4313,15.675197466007797,74.386748816321,0.5262055,Belagavi
4314,15.675197466007797,74.38809628924719,0.64044946,Belagavi
4315,15.675197466007797,74.38836578383243,0.28659287,Belagavi
4316,15.675197466007797,74.38854544688925,0.3600786,Belagavi
4317,15.675197466007797,74.38980308828701,0.62663007,Belagavi
4318,15.675197466007797,74.3904319089859,0.39304718,Belagavi
4319,15.675197466007797,74.39061157204273,0.4574695,Belagavi
4320,15.675197466007797,74.39285736025302,0.45268542,Belagavi
4321,15.675197466007797,74.39384550706555,0.45006344,Belagavi
4322,15.675197466007797,74.39402517012238,0.45332837,Belagavi
4323,15.675197466007797,74.39429466470762,0.40133265,Belagavi
4324,15.675197466007797,74.39438449623603,0.40590265,Belagavi
4325,15.675197466007797,74.39447432776444,0.5773262,Belagavi
4326,15.675197466007797,74.39456415929286,0.627342,Belagavi
4327,15.675197466007797,74.39636078986109,0.61361927,Belagavi
4328,15.675197466007797,74.39698961055997,0.4434352,Belagavi
4329,15.675197466007797,74.39761843125885,0.67399925,Belagavi
4330,15.675197466007797,74.39806758890091,0.38458943,Belagavi
4331,15.675197466007797,74.39824725195774,0.37546206,Belagavi
4332,15.675197466007797,74.39860657807138,0.33690986,Belagavi
4333,15.675197466007797,74.40085236628168,0.3819514,Belagavi
4334,15.675197466007797,74.40291849143516,0.48092154,Belagavi
4335,15.675197466007797,74.40354731213405,0.32194814,Belagavi
4336,15.675197466007797,74.40660158410004,0.26531944,Belagavi
4337,15.675197466007797,74.40705074174211,0.37447405,Belagavi
4338,15.675197466007797,74.40803888855464,0.29900804,Belagavi
4339,15.675197466007797,74.40812872008306,0.25976738,Belagavi
4340,15.675197466007797,74.40830838313988,0.50759447,Belagavi
4341,15.675197466007797,74.40992535065129,0.5386013,Belagavi
4342,15.675287297536208,74.38001145169011,0.5791893,Belagavi
4343,15.675287297536208,74.38153858767312,0.42204258,Belagavi
4344,15.675287297536208,74.38378437588341,0.24239935,Belagavi
4345,15.675287297536208,74.38504201728118,0.35714287,Belagavi
4346,15.675287297536208,74.38746746854831,0.5960166,Belagavi
4347,15.675287297536208,74.38845561536084,0.26829907,Belagavi
4348,15.675287297536208,74.38890477300289,0.5367682,Belagavi
4349,15.675287297536208,74.38935393064496,0.5600874,Belagavi
4350,15.675287297536208,74.3896234252302,0.5826956,Belagavi
4351,15.675287297536208,74.39034207745749,0.42405063,Belagavi
4352,15.675287297536208,74.39249803413938,0.45543438,Belagavi
4353,15.675287297536208,74.39285736025302,0.45625654,Belagavi
4354,15.675287297536208,74.3971692736168,0.2999562,Belagavi
4355,15.675287297536208,74.39743876820204,0.6576832,Belagavi
4356,15.675287297536208,74.39752859973045,0.643093,Belagavi
4357,15.675287297536208,74.4017506815658,0.54962546,Belagavi
4358,15.675287297536208,74.4024693337931,0.45480585,Belagavi
4359,15.675287297536208,74.40435579588976,0.22877795,Belagavi
4360,15.675287297536208,74.4047151220034,0.32736447,Belagavi
4361,15.675287297536208,74.40866770925352,0.4500442,Belagavi
4362,15.675287297536208,74.40947619300924,0.47175372,Belagavi
4363,15.67537712906462,74.38046060933218,0.4668275,Belagavi
4364,15.67537712906462,74.38153858767312,0.44537276,Belagavi
4365,15.67537712906462,74.38252673448565,0.3102068,Belagavi
4366,15.67537712906462,74.38405387046865,0.2537531,Belagavi
4367,15.67537712906462,74.3844131965823,0.22489329,Belagavi
4368,15.67537712906462,74.38495218575277,0.36928487,Belagavi
4369,15.67537712906462,74.38944376217337,0.52150697,Belagavi
4370,15.67537712906462,74.39025224592908,0.55151725,Belagavi
4371,15.67537712906462,74.39088106662795,0.42129377,Belagavi
4372,15.67537712906462,74.39267769719619,0.40202335,Belagavi
4373,15.67537712906462,74.39357601248032,0.44912222,Belagavi
4374,15.67537712906462,74.39366584400872,0.46379045,Belagavi
4375,15.67537712906462,74.39465399082125,0.55214095,Belagavi
4376,15.67537712906462,74.39591163221903,0.57286954,Belagavi
4377,15.67537712906462,74.39672011597473,0.6215046,Belagavi
4378,15.67537712906462,74.39698961055997,0.3572385,Belagavi
4379,15.67537712906462,74.39770826278726,0.54285717,Belagavi
4380,15.67537712906462,74.39788792584409,0.5370763,Belagavi
4381,15.67537712906462,74.40031337711122,0.308135,Belagavi
4382,15.67537712906462,74.40058287169644,0.31815562,Belagavi
4383,15.67537712906462,74.4009421978101,0.32885906,Belagavi
4384,15.67537712906462,74.40193034462263,0.5555556,Belagavi
4385,15.67537712906462,74.40426596436134,0.2244898,Belagavi
4386,15.67537712906462,74.4054337742307,0.3787575,Belagavi
4387,15.67537712906462,74.40830838313988,0.32467532,Belagavi
4388,15.675466960593033,74.38055044086059,0.44015747,Belagavi
4389,15.675466960593033,74.38270639754248,0.33934683,Belagavi
4390,15.675466960593033,74.38333521824136,0.2681778,Belagavi
4391,15.675466960593033,74.38423353352547,0.24503672,Belagavi
4392,15.675466960593033,74.38495218575277,0.36627907,Belagavi
4393,15.675466960593033,74.38585050103688,0.40360612,Belagavi
4394,15.675466960593033,74.38629965867895,0.31220877,Belagavi
4395,15.675466960593033,74.38710814243466,0.5855196,Belagavi
4396,15.675466960593033,74.38773696313353,0.42377347,Belagavi
4397,15.675466960593033,74.38926409911655,0.5139594,Belagavi
4398,15.675466960593033,74.3896234252302,0.5257126,Belagavi
4399,15.675466960593033,74.39061157204273,0.48426196,Belagavi
4400,15.675466960593033,74.39124039274161,0.3968378,Belagavi
4401,15.675466960593033,74.39213870802573,0.5142171,Belagavi
4402,15.675466960593033,74.3927675287246,0.44444445,Belagavi
4403,15.675466960593033,74.39366584400872,0.4308748,Belagavi
4404,15.675466960593033,74.39627095833268,0.5974001,Belagavi
4405,15.675466960593033,74.3964506213895,0.56746626,Belagavi
4406,15.675466960593033,74.39770826278726,0.4851449,Belagavi
4407,15.675466960593033,74.39788792584409,0.49579254,Belagavi
4408,15.675466960593033,74.39842691501457,0.34945503,Belagavi
4409,15.675466960593033,74.40121169239534,0.23155542,Belagavi
4410,15.675466960593033,74.40148118698058,0.41200545,Belagavi
4411,15.675466960593033,74.40291849143516,0.5372969,Belagavi
4412,15.675466960593033,74.4039964697761,0.23091306,Belagavi
4413,15.675466960593033,74.406152426458,0.3358999,Belagavi
4414,15.675466960593033,74.40732023632735,0.37542346,Belagavi
4415,15.675466960593033,74.40758973091258,0.5108081,Belagavi
4416,15.675466960593033,74.40803888855464,0.29707378,Belagavi
4417,15.675466960593033,74.40983551912288,0.39940983,Belagavi
4418,15.675556792121444,74.38010128321852,0.6117324,Belagavi
4419,15.675556792121444,74.38081993544581,0.3312158,Belagavi
4420,15.675556792121444,74.38549117492325,0.35285553,Belagavi
4421,15.675556792121444,74.38638949020736,0.33929142,Belagavi
4422,15.675556792121444,74.38683864784942,0.5962171,Belagavi
4423,15.675556792121444,74.38692847937783,0.6196319,Belagavi
4424,15.675556792121444,74.38719797396307,0.6701478,Belagavi
4425,15.675556792121444,74.38746746854831,0.59791464,Belagavi
4426,15.675556792121444,74.3881861207756,0.4026583,Belagavi
4427,15.675556792121444,74.38926409911655,0.47720462,Belagavi
4428,15.675556792121444,74.38953359370178,0.50704825,Belagavi
4429,15.675556792121444,74.3919590449689,0.42364532,Belagavi
4430,15.675556792121444,74.39375567553714,0.49517804,Belagavi
4431,15.675556792121444,74.39393533859396,0.4847529,Belagavi
4432,15.675556792121444,74.39438449623603,0.56050575,Belagavi
4433,15.675556792121444,74.39456415929286,0.5274949,Belagavi
4434,15.675556792121444,74.39851674654298,0.32706046,Belagavi
4435,15.675556792121444,74.3986964095998,0.33476242,Belagavi
4436,15.675556792121444,74.39932523029869,0.28663653,Belagavi
4437,15.675556792121444,74.39995405099756,0.36194748,Belagavi
4438,15.675556792121444,74.40148118698058,0.36020976,Belagavi
4439,15.675556792121444,74.40211000767945,0.4731891,Belagavi
4440,15.675556792121444,74.40354731213405,0.4362714,Belagavi
4441,15.675556792121444,74.40426596436134,0.24756335,Belagavi
4442,15.675556792121444,74.40435579588976,0.24140212,Belagavi
4443,15.675556792121444,74.40606259492958,0.26529366,Belagavi
4444,15.675556792121444,74.40714057327052,0.4725725,Belagavi
4445,15.675556792121444,74.4077693939694,0.41644385,Belagavi
4446,15.675556792121444,74.40812872008306,0.41334227,Belagavi
4447,15.675556792121444,74.40848804619671,0.39274612,Belagavi
4448,15.675646623649856,74.38019111474694,0.54310524,Belagavi
4449,15.675646623649856,74.38189791378676,0.30171904,Belagavi
4450,15.675646623649856,74.38306572365612,0.31063575,Belagavi
4451,15.675646623649856,74.38504201728118,0.30336457,Belagavi
4452,15.675646623649856,74.38611999562212,0.35781488,Belagavi
4453,15.675646623649856,74.38620982715054,0.3917842,Belagavi
4454,15.675646623649856,74.38656915326419,0.42484796,Belagavi
4455,15.675646623649856,74.38710814243466,0.6886135,Belagavi
4456,15.675646623649856,74.38728780549148,0.6800967,Belagavi
4457,15.675646623649856,74.3873776370199,0.6454273,Belagavi
4458,15.675646623649856,74.39124039274161,0.42460543,Belagavi
4459,15.675646623649856,74.39159971885526,0.39300907,Belagavi
4460,15.675646623649856,74.39375567553714,0.4763418,Belagavi
4461,15.675646623649856,74.39510314846332,0.5668714,Belagavi
4462,15.675646623649856,74.39519297999173,0.50808793,Belagavi
4463,15.675646623649856,74.3964506213895,0.5882353,Belagavi
4464,15.675646623649856,74.39663028444632,0.5948276,Belagavi
4465,15.675646623649856,74.39851674654298,0.36822906,Belagavi
4466,15.675646623649856,74.39959472488391,0.633925,Belagavi
4467,15.675646623649856,74.4009421978101,0.36585367,Belagavi
4468,15.675646623649856,74.40211000767945,0.4612245,Belagavi
4469,15.675646623649856,74.40417613283293,0.25925925,Belagavi
4470,15.675646623649856,74.40570326881593,0.3616005,Belagavi
4471,15.675646623649856,74.40606259492958,0.29348683,Belagavi
4472,15.675646623649856,74.4062422579864,0.56134295,Belagavi
4473,15.675646623649856,74.40911686689559,0.5345094,Belagavi
4474,15.675646623649856,74.40938636148083,0.48615122,Belagavi
4475,15.675646623649856,74.4100151821797,0.6797774,Belagavi
4476,15.675736455178267,74.38081993544581,0.3447707,Belagavi
4477,15.675736455178267,74.38279622907088,0.29874215,Belagavi
4478,15.675736455178267,74.38387420741182,0.24892473,Belagavi
4479,15.675736455178267,74.38603016409371,0.41618225,Belagavi
4480,15.675736455178267,74.3866589847926,0.47713158,Belagavi
4481,15.675736455178267,74.38845561536084,0.2872644,Belagavi
4482,15.675736455178267,74.38854544688925,0.30063197,Belagavi
4483,15.675736455178267,74.39231837108255,0.38125756,Belagavi
4484,15.675736455178267,74.39402517012238,0.49367553,Belagavi
4485,15.675736455178267,74.39456415929286,0.49874896,Belagavi
4486,15.675736455178267,74.39519297999173,0.53143096,Belagavi
4487,15.675736455178267,74.39528281152015,0.5011805,Belagavi
4488,15.675736455178267,74.39618112680427,0.51748365,Belagavi
4489,15.675736455178267,74.39905573571345,0.31327665,Belagavi
4490,15.675736455178267,74.39932523029869,0.26596403,Belagavi
4491,15.675736455178267,74.40031337711122,0.34910026,Belagavi
4492,15.675736455178267,74.40228967073628,0.48183042,Belagavi
4493,15.675736455178267,74.40264899684992,0.58833677,Belagavi
4494,15.675736455178267,74.40453545894658,0.2585752,Belagavi
4495,15.675736455178267,74.40588293187275,0.30028418,Belagavi
4496,15.675736455178267,74.40660158410004,0.58864814,Belagavi
4497,15.675736455178267,74.4083982146683,0.505692,Belagavi
4498,15.675736455178267,74.40893720383876,0.5215736,Belagavi
4499,15.675736455178267,74.40965585606605,0.5515096,Belagavi
4500,15.675736455178267,74.41028467676495,0.5135947,Belagavi
4501,15.67582628670668,74.38019111474694,0.6548263,Belagavi
4502,15.67582628670668,74.38198774531517,0.5379538,Belagavi
4503,15.67582628670668,74.38279622907088,0.2936459,Belagavi
4504,15.67582628670668,74.38638949020736,0.3909063,Belagavi
4505,15.67582628670668,74.38683864784942,0.55899674,Belagavi
4506,15.67582628670668,74.38836578383243,0.28401083,Belagavi
4507,15.67582628670668,74.38953359370178,0.52611244,Belagavi
4508,15.67582628670668,74.3896234252302,0.5415653,Belagavi
4509,15.67582628670668,74.38998275134384,0.49619687,Belagavi
4510,15.67582628670668,74.39142005579843,0.32730886,Belagavi
4511,15.67582628670668,74.3919590449689,0.46827012,Belagavi
4512,15.67582628670668,74.39222853955414,0.4235949,Belagavi
4513,15.67582628670668,74.39312685483826,0.49435115,Belagavi
4514,15.67582628670668,74.39483365387808,0.5324995,Belagavi
4515,15.67582628670668,74.39519297999173,0.5731511,Belagavi
4516,15.67582628670668,74.39537264304856,0.47930005,Belagavi
4517,15.67582628670668,74.39591163221903,0.5733871,Belagavi
4518,15.67582628670668,74.39636078986109,0.61846155,Belagavi
4519,15.67582628670668,74.39734893667362,0.54225904,Belagavi
4520,15.67582628670668,74.39788792584409,0.5150749,Belagavi
4521,15.67582628670668,74.39815742042933,0.37769446,Belagavi
4522,15.67582628670668,74.40166085003739,0.5994642,Belagavi
4523,15.67582628670668,74.40202017615104,0.56204134,Belagavi
4524,15.67582628670668,74.4024693337931,0.53016424,Belagavi
4525,15.67582628670668,74.40255916532152,0.54100484,Belagavi
4526,15.67582628670668,74.40273882837833,0.5355752,Belagavi
4527,15.67582628670668,74.4054337742307,0.29979238,Belagavi
4528,15.67582628670668,74.40678124715687,0.56871676,Belagavi
4529,15.675916118235092,74.38019111474694,0.6851608,Belagavi
4530,15.675916118235092,74.38153858767312,0.48415977,Belagavi
4531,15.675916118235092,74.38459285963913,0.36918238,Belagavi
4532,15.675916118235092,74.3859403325653,0.35827905,Belagavi
4533,15.675916118235092,74.38728780549148,0.6431628,Belagavi
4534,15.675916118235092,74.38836578383243,0.25793844,Belagavi
4535,15.675916118235092,74.38917426758813,0.2876494,Belagavi
4536,15.675916118235092,74.38926409911655,0.2577432,Belagavi
4537,15.675916118235092,74.38935393064496,0.44090056,Belagavi
4538,15.675916118235092,74.39016241440066,0.54561716,Belagavi
4539,15.675916118235092,74.39159971885526,0.42258787,Belagavi
4540,15.675916118235092,74.39285736025302,0.55498457,Belagavi
4541,15.675916118235092,74.39384550706555,0.60302174,Belagavi
4542,15.675916118235092,74.39627095833268,0.5249696,Belagavi
4543,15.675916118235092,74.39734893667362,0.531687,Belagavi
4544,15.675916118235092,74.39860657807138,0.28209993,Belagavi
4545,15.675916118235092,74.39986421946915,0.29216152,Belagavi
4546,15.675916118235092,74.4002235455828,0.22442748,Belagavi
4547,15.675916118235092,74.40184051309421,0.6084063,Belagavi
4548,15.675916118235092,74.40606259492958,0.45528588,Belagavi
4549,15.675916118235092,74.40705074174211,0.38600796,Belagavi
4550,15.675916118235092,74.40848804619671,0.4536201,Belagavi
4551,15.675916118235092,74.409206698424,0.48697394,Belagavi
4552,15.676005949763503,74.380640272389,0.44323012,Belagavi
4553,15.676005949763503,74.38234707142882,0.33652925,Belagavi
4554,15.676005949763503,74.38252673448565,0.2966552,Belagavi
4555,15.676005949763503,74.38315555518453,0.26815644,Belagavi
4556,15.676005949763503,74.38459285963913,0.42112526,Belagavi
4557,15.676005949763503,74.38513184880959,0.5949155,Belagavi
4558,15.676005949763503,74.3859403325653,0.34520587,Belagavi
4559,15.676005949763503,74.38719797396307,0.60568386,Belagavi
4560,15.676005949763503,74.38908443605972,0.32056785,Belagavi
4561,15.676005949763503,74.39070140357113,0.57308096,Belagavi
4562,15.676005949763503,74.39159971885526,0.3880948,Belagavi
4563,15.676005949763503,74.39312685483826,0.6405873,Belagavi
4564,15.676005949763503,74.39330651789508,0.4817645,Belagavi
4565,15.676005949763503,74.39411500165079,0.5614786,Belagavi
4566,15.676005949763503,74.39483365387808,0.61817455,Belagavi
4567,15.676005949763503,74.39501331693491,0.5958826,Belagavi
4568,15.676005949763503,74.39519297999173,0.585279,Belagavi
4569,15.676005949763503,74.39555230610539,0.43477404,Belagavi
4570,15.676005949763503,74.39689977903156,0.5827751,Belagavi
4571,15.676005949763503,74.39707944208838,0.5222765,Belagavi
4572,15.676005949763503,74.39725910514521,0.48692152,Belagavi
4573,15.676005949763503,74.39734893667362,0.50425136,Belagavi
4574,15.676005949763503,74.3979777573725,0.51838756,Belagavi
4575,15.676005949763503,74.39824725195774,0.3897511,Belagavi
4576,15.676005949763503,74.39968455641232,0.24241515,Belagavi
4577,15.676005949763503,74.40139135545216,0.31908253,Belagavi
4578,15.676005949763503,74.40372697519086,0.34863523,Belagavi
4579,15.676005949763503,74.40480495353181,0.23962517,Belagavi
4580,15.676005949763503,74.40794905702623,0.5952471,Belagavi
4581,15.676005949763503,74.40902703536717,0.5528467,Belagavi
4582,15.676095781291917,74.38010128321852,0.65215844,Belagavi
4583,15.676095781291917,74.38117926155947,0.25557783,Belagavi
4584,15.676095781291917,74.38153858767312,0.39646924,Belagavi
4585,15.676095781291917,74.38198774531517,0.45668077,Belagavi
4586,15.676095781291917,74.3829758921277,0.274249,Belagavi
4587,15.676095781291917,74.385221680338,0.3603921,Belagavi
4588,15.676095781291917,74.38558100645166,0.22047532,Belagavi
4589,15.676095781291917,74.38728780549148,0.6244353,Belagavi
4590,15.676095781291917,74.3897132567586,0.4650055,Belagavi
4591,15.676095781291917,74.39097089815637,0.35481706,Belagavi
4592,15.676095781291917,74.39142005579843,0.35849056,Belagavi
4593,15.676095781291917,74.3919590449689,0.30600998,Belagavi
4594,15.676095781291917,74.39258786566779,0.37167552,Belagavi
4595,15.676095781291917,74.39456415929286,0.55272585,Belagavi
4596,15.676095781291917,74.39564213763379,0.48212522,Belagavi
4597,15.676095781291917,74.39600146374744,0.6155131,Belagavi
4598,15.676095781291917,74.39707944208838,0.46494132,Belagavi
4599,15.676095781291917,74.40166085003739,0.61819434,Belagavi
4600,15.676095781291917,74.40264899684992,0.5609756,Belagavi
4601,15.676095781291917,74.40489478506022,0.22570124,Belagavi
4602,15.676095781291917,74.40884737231035,0.3021949,Belagavi
4603,15.676095781291917,74.40902703536717,0.46562254,Belagavi
4604,15.676185612820328,74.38037077780376,0.3888704,Belagavi
4605,15.676185612820328,74.38055044086059,0.32051083,Belagavi
4606,15.676185612820328,74.38126909308788,0.24896695,Belagavi
4607,15.676185612820328,74.38162841920153,0.2886836,Belagavi
4608,15.676185612820328,74.38225723990041,0.3110224,Belagavi
4609,15.676185612820328,74.3829758921277,0.29333332,Belagavi
4610,15.676185612820328,74.38306572365612,0.27065203,Belagavi
4611,15.676185612820328,74.38369454435501,0.29318407,Belagavi
4612,15.676185612820328,74.38432336505389,0.42244932,Belagavi
4613,15.676185612820328,74.3844131965823,0.46207756,Belagavi
4614,15.676185612820328,74.38495218575277,0.36006415,Belagavi
4615,15.676185612820328,74.38603016409371,0.34375888,Belagavi
4616,15.676185612820328,74.38638949020736,0.37341586,Belagavi
4617,15.676185612820328,74.38710814243466,0.5202633,Belagavi
4618,15.676185612820328,74.38746746854831,0.5470992,Belagavi
4619,15.676185612820328,74.3881861207756,0.25676888,Belagavi
4620,15.676185612820328,74.3889946045313,0.29990232,Belagavi
4621,15.676185612820328,74.38908443605972,0.3058976,Belagavi
4622,15.676185612820328,74.39016241440066,0.55326253,Belagavi
4623,15.676185612820328,74.39025224592908,0.51432127,Belagavi
4624,15.676185612820328,74.3911505612132,0.31834474,Belagavi
4625,15.676185612820328,74.39258786566779,0.4240487,Belagavi
4626,15.676185612820328,74.3933963494235,0.6369577,Belagavi
4627,15.676185612820328,74.39393533859396,0.61225253,Belagavi
4628,15.676185612820328,74.39725910514521,0.4734319,Belagavi
4629,15.676185612820328,74.39743876820204,0.46471652,Belagavi
4630,15.676185612820328,74.3994150618271,0.3858704,Belagavi
4631,15.676185612820328,74.40121169239534,0.5516517,Belagavi
4632,15.676185612820328,74.4017506815658,0.5199477,Belagavi
4633,15.676185612820328,74.4023795022647,0.5126562,Belagavi
4634,15.676185612820328,74.40327781754881,0.52607787,Belagavi
4635,15.676185612820328,74.40534394270229,0.33117217,Belagavi
4636,15.676185612820328,74.406152426458,0.4831014,Belagavi
4637,15.676185612820328,74.4062422579864,0.54876274,Belagavi
4638,15.676185612820328,74.4069609102137,0.3470858,Belagavi
4639,15.676185612820328,74.40956602453764,0.37993708,Belagavi
4640,15.676185612820328,74.40983551912288,0.31674463,Belagavi
4641,15.676185612820328,74.41010501370812,0.6129896,Belagavi
4642,15.676185612820328,74.41028467676495,0.41136363,Belagavi
4643,15.67627544434874,74.38028094627535,0.54608214,Belagavi
4644,15.67627544434874,74.38073010391741,0.49070698,Belagavi
4645,15.67627544434874,74.38090976697423,0.24065493,Belagavi
4646,15.67627544434874,74.38126909308788,0.2931205,Belagavi
4647,15.67627544434874,74.38252673448565,0.2965599,Belagavi
4648,15.67627544434874,74.38306572365612,0.29197592,Belagavi
4649,15.67627544434874,74.3844131965823,0.4913547,Belagavi
4650,15.67627544434874,74.38540134339483,0.48145914,Belagavi
4651,15.67627544434874,74.3889946045313,0.3122718,Belagavi
4652,15.67627544434874,74.38953359370178,0.52676547,Belagavi
4653,15.67627544434874,74.3896234252302,0.52676547,Belagavi
4654,15.67627544434874,74.38989291981542,0.4973422,Belagavi
4655,15.67627544434874,74.39133022427002,0.2864135,Belagavi
4656,15.67627544434874,74.39142005579843,0.26805145,Belagavi
4657,15.67627544434874,74.39285736025302,0.46380326,Belagavi
4658,15.67627544434874,74.39357601248032,0.5253974,Belagavi
4659,15.67627544434874,74.39384550706555,0.59875757,Belagavi
4660,15.67627544434874,74.39402517012238,0.5021834,Belagavi
4661,15.67627544434874,74.39429466470762,0.6690167,Belagavi
4662,15.67627544434874,74.39680994750314,0.59037066,Belagavi
4663,15.67627544434874,74.39752859973045,0.44025907,Belagavi
4664,15.67627544434874,74.39761843125885,0.5630065,Belagavi
4665,15.67627544434874,74.3994150618271,0.37399238,Belagavi
4666,15.67627544434874,74.40148118698058,0.33333334,Belagavi
4667,15.67627544434874,74.40211000767945,0.30407023,Belagavi
4668,15.67627544434874,74.4024693337931,0.53571427,Belagavi
4669,15.67627544434874,74.40300832296357,0.62830645,Belagavi
4670,15.67627544434874,74.40327781754881,0.51128083,Belagavi
4671,15.67627544434874,74.40534394270229,0.2681491,Belagavi
4672,15.67627544434874,74.40758973091258,0.48869437,Belagavi
4673,15.67627544434874,74.40902703536717,0.39000168,Belagavi
4674,15.676365275877153,74.38010128321852,0.496336,Belagavi
4675,15.676365275877153,74.38126909308788,0.3445889,Belagavi
4676,15.676365275877153,74.382167408372,0.42757365,Belagavi
4677,15.676365275877153,74.38261656601406,0.2440367,Belagavi
4678,15.676365275877153,74.38369454435501,0.54412645,Belagavi
4679,15.676365275877153,74.38468269116754,0.34305212,Belagavi
4680,15.676365275877153,74.3859403325653,0.3387395,Belagavi
4681,15.676365275877153,74.38692847937783,0.5363073,Belagavi
4682,15.676365275877153,74.38827595230401,0.28129065,Belagavi
4683,15.676365275877153,74.38863527841767,0.31880286,Belagavi
4684,15.676365275877153,74.38926409911655,0.31055614,Belagavi
4685,15.676365275877153,74.38935393064496,0.3845201,Belagavi
4686,15.676365275877153,74.39061157204273,0.36094275,Belagavi
4687,15.676365275877153,74.39070140357113,0.3082395,Belagavi
4688,15.676365275877153,74.39249803413938,0.3837535,Belagavi
4689,15.676365275877153,74.39312685483826,0.5044373,Belagavi
4690,15.676365275877153,74.39465399082125,0.58989596,Belagavi
4691,15.676365275877153,74.39510314846332,0.57617366,Belagavi
4692,15.676365275877153,74.39591163221903,0.53683823,Belagavi
4693,15.676365275877153,74.39636078986109,0.34156105,Belagavi
4694,15.676365275877153,74.3971692736168,0.556187,Belagavi
4695,15.676365275877153,74.39770826278726,0.61603373,Belagavi
4696,15.676365275877153,74.39779809431568,0.3995498,Belagavi
4697,15.676365275877153,74.40013371405439,0.35615516,Belagavi
4698,15.676365275877153,74.4002235455828,0.34890917,Belagavi
4699,15.676365275877153,74.40202017615104,0.4219301,Belagavi
4700,15.676365275877153,74.40345748060564,0.5410391,Belagavi
4701,15.676365275877153,74.40354731213405,0.5649927,Belagavi
4702,15.676365275877153,74.40498461658864,0.33717394,Belagavi
4703,15.676365275877153,74.4054337742307,0.30482456,Belagavi
4704,15.676365275877153,74.40570326881593,0.3427434,Belagavi
4705,15.676365275877153,74.4069609102137,0.2931089,Belagavi
4706,15.676365275877153,74.40794905702623,0.46414307,Belagavi
4707,15.676365275877153,74.40812872008306,0.4697385,Belagavi
4708,15.676365275877153,74.40929652995241,0.322843,Belagavi
4709,15.676455107405564,74.38001145169011,0.3985039,Belagavi
4710,15.676455107405564,74.38108943003105,0.21417528,Belagavi
4711,15.676455107405564,74.38126909308788,0.25917366,Belagavi
4712,15.676455107405564,74.38234707142882,0.301863,Belagavi
4713,15.676455107405564,74.38261656601406,0.22855818,Belagavi
4714,15.676455107405564,74.38288606059929,0.25604004,Belagavi
4715,15.676455107405564,74.38324538671294,0.29603124,Belagavi
4716,15.676455107405564,74.38369454435501,0.4749596,Belagavi
4717,15.676455107405564,74.38450302811071,0.51653403,Belagavi
4718,15.676455107405564,74.38477252269594,0.3705943,Belagavi
4719,15.676455107405564,74.38746746854831,0.6493679,Belagavi
4720,15.676455107405564,74.38755730007672,0.5883316,Belagavi
4721,15.676455107405564,74.38836578383243,0.2556401,Belagavi
4722,15.676455107405564,74.39016241440066,0.47827378,Belagavi
4723,15.676455107405564,74.39061157204273,0.3069812,Belagavi
4724,15.676455107405564,74.39142005579843,0.2784891,Belagavi
4725,15.676455107405564,74.39159971885526,0.27415657,Belagavi
4726,15.676455107405564,74.39231837108255,0.23689605,Belagavi
4727,15.676455107405564,74.39249803413938,0.41282168,Belagavi
4728,15.676455107405564,74.3927675287246,0.514176,Belagavi
4729,15.676455107405564,74.39285736025302,0.48818153,Belagavi
4730,15.676455107405564,74.39303702330984,0.47855496,Belagavi
4731,15.676455107405564,74.39429466470762,0.5871019,Belagavi
4732,15.676455107405564,74.39618112680427,0.35546613,Belagavi
4733,15.676455107405564,74.39698961055997,0.3925553,Belagavi
4734,15.676455107405564,74.39752859973045,0.5514054,Belagavi
4735,15.676455107405564,74.3994150618271,0.35383695,Belagavi
4736,15.676455107405564,74.40112186086692,0.549195,Belagavi
4737,15.676455107405564,74.40363714366245,0.49801305,Belagavi
4738,15.676455107405564,74.40390663824769,0.2922903,Belagavi
4739,15.676455107405564,74.40561343728751,0.33176008,Belagavi
4740,15.676455107405564,74.40714057327052,0.30751252,Belagavi
4741,15.676455107405564,74.40758973091258,0.47795662,Belagavi
4742,15.676455107405564,74.4083982146683,0.43994647,Belagavi
4743,15.676455107405564,74.40884737231035,0.518928,Belagavi
4744,15.676455107405564,74.40911686689559,0.406261,Belagavi
4745,15.676455107405564,74.40974568759447,0.24061196,Belagavi
4746,15.676544938933976,74.38019111474694,0.33158585,Belagavi
4747,15.676544938933976,74.38081993544581,0.28964195,Belagavi
4748,15.676544938933976,74.38153858767312,0.3038473,Belagavi
4749,15.676544938933976,74.38207757684359,0.39221907,Belagavi
4750,15.676544938933976,74.38252673448565,0.30557916,Belagavi
4751,15.676544938933976,74.38270639754248,0.26466298,Belagavi
4752,15.676544938933976,74.38306572365612,0.2692248,Belagavi
4753,15.676544938933976,74.38333521824136,0.36824208,Belagavi
4754,15.676544938933976,74.38558100645166,0.356974,Belagavi
4755,15.676544938933976,74.38728780549148,0.41312024,Belagavi
4756,15.676544938933976,74.38881494147448,0.3445489,Belagavi
4757,15.676544938933976,74.38989291981542,0.5943073,Belagavi
4758,15.676544938933976,74.39106072968478,0.29951102,Belagavi
4759,15.676544938933976,74.39168955038366,0.23446769,Belagavi
4760,15.676544938933976,74.3919590449689,0.20223726,Belagavi
4761,15.676544938933976,74.39456415929286,0.57002777,Belagavi
4762,15.676544938933976,74.39465399082125,0.580825,Belagavi
4763,15.676544938933976,74.39528281152015,0.5765012,Belagavi
4764,15.676544938933976,74.39707944208838,0.5003968,Belagavi
4765,15.676544938933976,74.39725910514521,0.54508746,Belagavi
4766,15.676544938933976,74.39806758890091,0.33230197,Belagavi
4767,15.676544938933976,74.39986421946915,0.46742424,Belagavi
4768,15.676544938933976,74.39995405099756,0.3856852,Belagavi
4769,15.676544938933976,74.4002235455828,0.34305373,Belagavi
4770,15.676544938933976,74.40202017615104,0.32556283,Belagavi
4771,15.676544938933976,74.40228967073628,0.33975676,Belagavi
4772,15.676544938933976,74.40453545894658,0.43827254,Belagavi
4773,15.676544938933976,74.4054337742307,0.3613808,Belagavi
4774,15.676544938933976,74.40678124715687,0.41586983,Belagavi
4775,15.676544938933976,74.40785922549782,0.5022077,Belagavi
4776,15.676544938933976,74.40857787772511,0.30956137,Belagavi
4777,15.676544938933976,74.40875754078193,0.54040897,Belagavi
4778,15.676544938933976,74.40884737231035,0.54040897,Belagavi
4779,15.676544938933976,74.40956602453764,0.3096248,Belagavi
4780,15.676544938933976,74.40965585606605,0.24725363,Belagavi
4781,15.676544938933976,74.40983551912288,0.2912482,Belagavi
4782,15.676634770462387,74.38010128321852,0.35441586,Belagavi
4783,15.676634770462387,74.38081993544581,0.32363993,Belagavi
4784,15.676634770462387,74.38261656601406,0.29886663,Belagavi
4785,15.676634770462387,74.38288606059929,0.26575506,Belagavi
4786,15.676634770462387,74.38351488129818,0.5061491,Belagavi
4787,15.676634770462387,74.38450302811071,0.42257953,Belagavi
4788,15.676634770462387,74.39133022427002,0.2876797,Belagavi
4789,15.676634770462387,74.39258786566779,0.4224924,Belagavi
4790,15.676634770462387,74.39348618095191,0.36713547,Belagavi
4791,15.676634770462387,74.39384550706555,0.46656418,Belagavi
4792,15.676634770462387,74.39429466470762,0.5566731,Belagavi
4793,15.676634770462387,74.3957319691622,0.45552742,Belagavi
4794,15.676634770462387,74.3964506213895,0.40423098,Belagavi
4795,15.676634770462387,74.39743876820204,0.505499,Belagavi
4796,15.676634770462387,74.39788792584409,0.33768007,Belagavi
4797,15.676634770462387,74.39977438794074,0.49043152,Belagavi
4798,15.676634770462387,74.40049304016804,0.36867118,Belagavi
4799,15.676634770462387,74.40157101850897,0.5194002,Belagavi
4800,15.676634770462387,74.40166085003739,0.5194002,Belagavi
4801,15.676634770462387,74.4023795022647,0.37385932,Belagavi
4802,15.676634770462387,74.40408630130452,0.5459429,Belagavi
4803,15.676634770462387,74.40435579588976,0.4818295,Belagavi
4804,15.676634770462387,74.4047151220034,0.36860728,Belagavi
4805,15.676634770462387,74.40507444811705,0.33915955,Belagavi
4806,15.676634770462387,74.40606259492958,0.34515196,Belagavi
4807,15.676634770462387,74.40669141562846,0.40144977,Belagavi
4808,15.676634770462387,74.40785922549782,0.5492958,Belagavi
4809,15.676634770462387,74.40821855161147,0.3973432,Belagavi
4810,15.676634770462387,74.40866770925352,0.5358709,Belagavi
4811,15.6767246019908,74.38010128321852,0.38782609,Belagavi
4812,15.6767246019908,74.380640272389,0.28428093,Belagavi
4813,15.6767246019908,74.38073010391741,0.2924254,Belagavi
4814,15.6767246019908,74.38252673448565,0.30771655,Belagavi
4815,15.6767246019908,74.38585050103688,0.38987043,Belagavi
4816,15.6767246019908,74.38647932173578,0.44479495,Belagavi
4817,15.6767246019908,74.38692847937783,0.39512196,Belagavi
4818,15.6767246019908,74.3904319089859,0.3738255,Belagavi
4819,15.6767246019908,74.39079123509954,0.6533629,Belagavi
4820,15.6767246019908,74.39088106662795,0.5598694,Belagavi
4821,15.6767246019908,74.39142005579843,0.31847546,Belagavi
4822,15.6767246019908,74.39159971885526,0.26961833,Belagavi
4823,15.6767246019908,74.39204887649731,0.24329269,Belagavi
4824,15.6767246019908,74.39294719178143,0.5702369,Belagavi
4825,15.6767246019908,74.39375567553714,0.513148,Belagavi
4826,15.6767246019908,74.3942048331792,0.5426568,Belagavi
4827,15.6767246019908,74.39447432776444,0.569196,Belagavi
4828,15.6767246019908,74.39483365387808,0.5492501,Belagavi
4829,15.6767246019908,74.39627095833268,0.50747824,Belagavi
4830,15.6767246019908,74.39815742042933,0.39391938,Belagavi
4831,15.6767246019908,74.39950489335551,0.41272795,Belagavi
4832,15.6767246019908,74.40112186086692,0.41059273,Belagavi
4833,15.6767246019908,74.40184051309421,0.3646198,Belagavi
4834,15.6767246019908,74.40228967073628,0.45200056,Belagavi
4835,15.6767246019908,74.40264899684992,0.47942293,Belagavi
4836,15.6767246019908,74.40435579588976,0.5452009,Belagavi
4837,15.6767246019908,74.40462529047498,0.4867408,Belagavi
4838,15.6767246019908,74.4062422579864,0.46790206,Belagavi
4839,15.6767246019908,74.40956602453764,0.23422123,Belagavi
4840,15.676814433519212,74.38019111474694,0.3665639,Belagavi
4841,15.676814433519212,74.38171825072995,0.36970258,Belagavi
4842,15.676814433519212,74.38198774531517,0.41159773,Belagavi
4843,15.676814433519212,74.38270639754248,0.28727937,Belagavi
4844,15.676814433519212,74.38351488129818,0.49478,Belagavi
4845,15.676814433519212,74.38450302811071,0.49436393,Belagavi
4846,15.676814433519212,74.38719797396307,0.52590626,Belagavi
4847,15.676814433519212,74.38800645771877,0.3752399,Belagavi
4848,15.676814433519212,74.38908443605972,0.29149687,Belagavi
4849,15.676814433519212,74.38944376217337,0.46764797,Belagavi
4850,15.676814433519212,74.3896234252302,0.54092056,Belagavi
4851,15.676814433519212,74.39097089815637,0.52522975,Belagavi
4852,15.676814433519212,74.39267769719619,0.55522037,Belagavi
4853,15.676814433519212,74.3927675287246,0.51037216,Belagavi
4854,15.676814433519212,74.39348618095191,0.38748005,Belagavi
4855,15.676814433519212,74.39384550706555,0.49811888,Belagavi
4856,15.676814433519212,74.39393533859396,0.53745425,Belagavi
4857,15.676814433519212,74.39501331693491,0.5635799,Belagavi
4858,15.676814433519212,74.39707944208838,0.44387427,Belagavi
4859,15.676814433519212,74.39905573571345,0.3460606,Belagavi
4860,15.676814433519212,74.39959472488391,0.58262014,Belagavi
4861,15.676814433519212,74.39977438794074,0.5066313,Belagavi
4862,15.676814433519212,74.40013371405439,0.33007932,Belagavi
4863,15.676814433519212,74.40031337711122,0.31769064,Belagavi
4864,15.676814433519212,74.40372697519086,0.5294791,Belagavi
4865,15.676814433519212,74.40480495353181,0.4243568,Belagavi
4866,15.676814433519212,74.40588293187275,0.33925468,Belagavi
4867,15.676814433519212,74.40597276340117,0.3486414,Belagavi
4868,15.676814433519212,74.40803888855464,0.44401792,Belagavi
4869,15.676814433519212,74.40893720383876,0.25453088,Belagavi
4870,15.676814433519212,74.40911686689559,0.37268233,Belagavi
4871,15.676814433519212,74.40992535065129,0.5924453,Belagavi
4872,15.676904265047623,74.38315555518453,0.3775661,Belagavi
4873,15.676904265047623,74.38531151186642,0.525551,Belagavi
4874,15.676904265047623,74.38549117492325,0.515886,Belagavi
4875,15.676904265047623,74.38647932173578,0.42207897,Belagavi
4876,15.676904265047623,74.38728780549148,0.42526555,Belagavi
4877,15.676904265047623,74.38944376217337,0.42504144,Belagavi
4878,15.676904265047623,74.3904319089859,0.4322969,Belagavi
4879,15.676904265047623,74.39061157204273,0.54690516,Belagavi
4880,15.676904265047623,74.39177938191207,0.40854207,Belagavi
4881,15.676904265047623,74.39204887649731,0.34443867,Belagavi
4882,15.676904265047623,74.3942048331792,0.56864923,Belagavi
4883,15.676904265047623,74.39654045291792,0.54818124,Belagavi
4884,15.676904265047623,74.39707944208838,0.52005875,Belagavi
4885,15.676904265047623,74.39905573571345,0.3443729,Belagavi
4886,15.676904265047623,74.40112186086692,0.42890084,Belagavi
4887,15.676904265047623,74.4024693337931,0.43282726,Belagavi
4888,15.676904265047623,74.40372697519086,0.46916738,Belagavi
4889,15.676904265047623,74.40390663824769,0.4892404,Belagavi
4890,15.676904265047623,74.40480495353181,0.35872793,Belagavi
4891,15.676904265047623,74.4054337742307,0.41454253,Belagavi
4892,15.676904265047623,74.40561343728751,0.36944047,Belagavi
4893,15.676904265047623,74.40579310034434,0.32736763,Belagavi
4894,15.676904265047623,74.40642192104323,0.49904642,Belagavi
4895,15.676904265047623,74.40678124715687,0.45620617,Belagavi
4896,15.676904265047623,74.4069609102137,0.35029846,Belagavi
4897,15.676904265047623,74.40714057327052,0.52151465,Belagavi
4898,15.676904265047623,74.40812872008306,0.3970661,Belagavi
4899,15.676904265047623,74.40821855161147,0.42097583,Belagavi
4900,15.676994096576037,74.38234707142882,0.26635998,Belagavi
4901,15.676994096576037,74.38261656601406,0.37019575,Belagavi
4902,15.676994096576037,74.38468269116754,0.4091201,Belagavi
4903,15.676994096576037,74.38549117492325,0.47132587,Belagavi
4904,15.676994096576037,74.38746746854831,0.58505297,Belagavi
4905,15.676994096576037,74.38998275134384,0.5664679,Belagavi
4906,15.676994096576037,74.39168955038366,0.40494365,Belagavi
4907,15.676994096576037,74.39438449623603,0.42334095,Belagavi
4908,15.676994096576037,74.39528281152015,0.4224138,Belagavi
4909,15.676994096576037,74.39546247457697,0.48356488,Belagavi
4910,15.676994096576037,74.39555230610539,0.46315077,Belagavi
4911,15.676994096576037,74.3964506213895,0.45956355,Belagavi
4912,15.676994096576037,74.39689977903156,0.49203593,Belagavi
4913,15.676994096576037,74.3971692736168,0.47178838,Belagavi
4914,15.676994096576037,74.3979777573725,0.5286822,Belagavi
4915,15.676994096576037,74.39860657807138,0.28732395,Belagavi
4916,15.676994096576037,74.40031337711122,0.35717785,Belagavi
4917,15.676994096576037,74.40211000767945,0.38736692,Belagavi
4918,15.676994096576037,74.4024693337931,0.41160446,Belagavi
4919,15.676994096576037,74.40291849143516,0.57785237,Belagavi
4920,15.676994096576037,74.406152426458,0.44865924,Belagavi
4921,15.676994096576037,74.40723040479894,0.6852437,Belagavi
4922,15.676994096576037,74.40857787772511,0.24780977,Belagavi
4923,15.676994096576037,74.40884737231035,0.1857393,Belagavi
4924,15.676994096576037,74.40974568759447,0.5,Belagavi
4925,15.677083928104446,74.38028094627535,0.45697224,Belagavi
4926,15.677083928104446,74.38387420741182,0.5327993,Belagavi
4927,15.677083928104446,74.38414370199706,0.50914043,Belagavi
4928,15.677083928104446,74.38549117492325,0.38816133,Belagavi
4929,15.677083928104446,74.38629965867895,0.4251607,Belagavi
4930,15.677083928104446,74.38827595230401,0.26882967,Belagavi
4931,15.677083928104446,74.38944376217337,0.32719013,Belagavi
4932,15.677083928104446,74.39016241440066,0.48346803,Belagavi
4933,15.677083928104446,74.39168955038366,0.32914704,Belagavi
4934,15.677083928104446,74.39348618095191,0.36017746,Belagavi
4935,15.677083928104446,74.39591163221903,0.5049065,Belagavi
4936,15.677083928104446,74.39636078986109,0.5128892,Belagavi
4937,15.677083928104446,74.39663028444632,0.4591492,Belagavi
4938,15.677083928104446,74.39968455641232,0.4854664,Belagavi
4939,15.677083928104446,74.40031337711122,0.35840225,Belagavi
4940,15.677083928104446,74.40040320863963,0.3691275,Belagavi
4941,15.677083928104446,74.40157101850897,0.49319264,Belagavi
4942,15.677083928104446,74.4023795022647,0.32428357,Belagavi
4943,15.677083928104446,74.40291849143516,0.562947,Belagavi
4944,15.677083928104446,74.40435579588976,0.44330204,Belagavi
4945,15.677083928104446,74.40453545894658,0.47319418,Belagavi
4946,15.677083928104446,74.40660158410004,0.45691907,Belagavi
4947,15.677083928104446,74.40669141562846,0.50104237,Belagavi
4948,15.677083928104446,74.40794905702623,0.58134985,Belagavi
4949,15.677083928104446,74.41010501370812,0.45052865,Belagavi
4950,15.67717375963286,74.38090976697423,0.4481923,Belagavi
4951,15.67717375963286,74.38369454435501,0.58920985,Belagavi
4952,15.67717375963286,74.38620982715054,0.3524934,Belagavi
4953,15.67717375963286,74.38701831090624,0.38630137,Belagavi
4954,15.67717375963286,74.38791662619036,0.5563391,Belagavi
4955,15.67717375963286,74.38998275134384,0.5084904,Belagavi
4956,15.67717375963286,74.39088106662795,0.50774246,Belagavi
4957,15.67717375963286,74.39348618095191,0.3699422,Belagavi
4958,15.67717375963286,74.39366584400872,0.4323259,Belagavi
4959,15.67717375963286,74.39429466470762,0.43413174,Belagavi
4960,15.67717375963286,74.39510314846332,0.52803373,Belagavi
4961,15.67717375963286,74.39743876820204,0.5118163,Belagavi
4962,15.67717375963286,74.39824725195774,0.3538776,Belagavi
4963,15.67717375963286,74.39833708348615,0.31268096,Belagavi
4964,15.67717375963286,74.3986964095998,0.34262004,Belagavi
4965,15.67717375963286,74.40049304016804,0.42492753,Belagavi
4966,15.67717375963286,74.40103202933851,0.40005994,Belagavi
4967,15.67717375963286,74.40228967073628,0.338358,Belagavi
4968,15.67717375963286,74.4023795022647,0.33839965,Belagavi
4969,15.67717375963286,74.40255916532152,0.5100087,Belagavi
4970,15.67717375963286,74.40363714366245,0.45706216,Belagavi
4971,15.67717375963286,74.40561343728751,0.33120567,Belagavi
4972,15.67717375963286,74.40570326881593,0.32387707,Belagavi
4973,15.67717375963286,74.406152426458,0.38115096,Belagavi
4974,15.67717375963286,74.40848804619671,0.2877984,Belagavi
4975,15.67717375963286,74.4100151821797,0.37851292,Belagavi
4976,15.677263591161273,74.38099959850264,0.47576222,Belagavi
4977,15.677263591161273,74.38108943003105,0.47173777,Belagavi
4978,15.677263591161273,74.38423353352547,0.45708522,Belagavi
4979,15.677263591161273,74.38459285963913,0.2670054,Belagavi
4980,15.677263591161273,74.38495218575277,0.4176611,Belagavi
4981,15.677263591161273,74.38576066950847,0.3497848,Belagavi
4982,15.677263591161273,74.3881861207756,0.39568347,Belagavi
4983,15.677263591161273,74.38845561536084,0.23154363,Belagavi
4984,15.677263591161273,74.39070140357113,0.5783113,Belagavi
4985,15.677263591161273,74.39348618095191,0.38786936,Belagavi
4986,15.677263591161273,74.39456415929286,0.47612202,Belagavi
4987,15.677263591161273,74.39564213763379,0.41265061,Belagavi
4988,15.677263591161273,74.39582180069061,0.39846897,Belagavi
4989,15.677263591161273,74.39609129527585,0.49745116,Belagavi
4990,15.677263591161273,74.39689977903156,0.41657335,Belagavi
4991,15.677263591161273,74.3971692736168,0.4296316,Belagavi
4992,15.677263591161273,74.39851674654298,0.25743467,Belagavi
4993,15.677263591161273,74.39905573571345,0.47031692,Belagavi
4994,15.677263591161273,74.40211000767945,0.31607842,Belagavi
4995,15.677263591161273,74.40426596436134,0.4283222,Belagavi
4996,15.677263591161273,74.406152426458,0.38063636,Belagavi
4997,15.677263591161273,74.40678124715687,0.34339127,Belagavi
4998,15.677263591161273,74.40732023632735,0.7014522,Belagavi
4999,15.677263591161273,74.40758973091258,0.6487874,Belagavi
5000,15.677263591161273,74.4077693939694,0.63497674,Belagavi
5001,15.677263591161273,74.40785922549782,0.47430968,Belagavi
5002,15.677263591161273,74.409206698424,0.38726392,Belagavi
5003,15.677263591161273,74.40947619300924,0.42563143,Belagavi
5004,15.677353422689682,74.38010128321852,0.3921986,Belagavi
5005,15.677353422689682,74.38055044086059,0.33639455,Belagavi
5006,15.677353422689682,74.38180808225835,0.5240721,Belagavi
5007,15.677353422689682,74.38288606059929,0.24049217,Belagavi
5008,15.677353422689682,74.38378437588341,0.5347274,Belagavi
5009,15.677353422689682,74.38405387046865,0.5129734,Belagavi
5010,15.677353422689682,74.3844131965823,0.46641663,Belagavi
5011,15.677353422689682,74.38585050103688,0.3323442,Belagavi
5012,15.677353422689682,74.38638949020736,0.40026775,Belagavi
5013,15.677353422689682,74.38746746854831,0.5329087,Belagavi
5014,15.677353422689682,74.38881494147448,0.42981955,Belagavi
5015,15.677353422689682,74.3896234252302,0.5295651,Belagavi
5016,15.677353422689682,74.39052174051432,0.59653795,Belagavi
5017,15.677353422689682,74.39124039274161,0.33108905,Belagavi
5018,15.677353422689682,74.39285736025302,0.47398937,Belagavi
5019,15.677353422689682,74.39465399082125,0.44350597,Belagavi
5020,15.677353422689682,74.39501331693491,0.41958043,Belagavi
5021,15.677353422689682,74.39510314846332,0.44710547,Belagavi
5022,15.677353422689682,74.39618112680427,0.46164802,Belagavi
5023,15.677353422689682,74.39779809431568,0.33212996,Belagavi
5024,15.677353422689682,74.3986964095998,0.34265116,Belagavi
5025,15.677353422689682,74.40004388252598,0.23368074,Belagavi
5026,15.677353422689682,74.4009421978101,0.45984533,Belagavi
5027,15.677353422689682,74.40139135545216,0.27992907,Belagavi
5028,15.677353422689682,74.40228967073628,0.28870293,Belagavi
5029,15.677353422689682,74.40345748060564,0.5299081,Belagavi
5030,15.677353422689682,74.40489478506022,0.44761315,Belagavi
5031,15.677353422689682,74.40570326881593,0.50741637,Belagavi
5032,15.677353422689682,74.4062422579864,0.4565096,Belagavi
5033,15.677353422689682,74.40794905702623,0.35510996,Belagavi
5034,15.677353422689682,74.4083982146683,0.4346992,Belagavi
5035,15.677353422689682,74.40911686689559,0.39432177,Belagavi
5036,15.677443254218096,74.38046060933218,0.4150977,Belagavi
5037,15.677443254218096,74.38081993544581,0.43591696,Belagavi
5038,15.677443254218096,74.38108943003105,0.40205428,Belagavi
5039,15.677443254218096,74.38198774531517,0.49843013,Belagavi
5040,15.677443254218096,74.38369454435501,0.5264842,Belagavi
5041,15.677443254218096,74.38495218575277,0.4794963,Belagavi
5042,15.677443254218096,74.38827595230401,0.48046944,Belagavi
5043,15.677443254218096,74.38944376217337,0.30256087,Belagavi
5044,15.677443254218096,74.3896234252302,0.46541694,Belagavi
5045,15.677443254218096,74.39124039274161,0.34582567,Belagavi
5046,15.677443254218096,74.39150988732685,0.27725437,Belagavi
5047,15.677443254218096,74.39204887649731,0.32795054,Belagavi
5048,15.677443254218096,74.3927675287246,0.41251394,Belagavi
5049,15.677443254218096,74.39672011597473,0.40986574,Belagavi
5050,15.677443254218096,74.39680994750314,0.37770382,Belagavi
5051,15.677443254218096,74.39779809431568,0.31474105,Belagavi
5052,15.677443254218096,74.40040320863963,0.20098576,Belagavi
5053,15.677443254218096,74.40130152392375,0.35846624,Belagavi
5054,15.677443254218096,74.40444562741817,0.47960824,Belagavi
5055,15.677443254218096,74.40453545894658,0.49259916,Belagavi
5056,15.677443254218096,74.40498461658864,0.4244961,Belagavi
5057,15.677443254218096,74.40525411117387,0.23345858,Belagavi
5058,15.677443254218096,74.4054337742307,0.24539877,Belagavi
5059,15.677443254218096,74.40579310034434,0.563848,Belagavi
5060,15.677443254218096,74.40651175257165,0.64147687,Belagavi
5061,15.677443254218096,74.40705074174211,0.62217075,Belagavi
5062,15.677443254218096,74.40723040479894,0.6704823,Belagavi
5063,15.677443254218096,74.40741006785576,0.6243073,Belagavi
5064,15.677443254218096,74.40767956244099,0.478008,Belagavi
5065,15.677443254218096,74.40848804619671,0.47007397,Belagavi
5066,15.677443254218096,74.40974568759447,0.22112896,Belagavi
