system_index,latitude,longitude,ndvi,region
0,31.14490531077325,74.99445910602786,0.5779519,Punjab
1,31.14490531077325,74.99499809519834,0.6330645,Punjab
2,31.14490531077325,74.99526758978358,0.57675904,Punjab
3,31.14490531077325,74.99589641048246,0.5178967,Punjab
4,31.14490531077325,74.9961659050677,0.55660677,Punjab
5,31.14490531077325,74.9985015248064,0.61127776,Punjab
6,31.14490531077325,74.99904051397688,0.5660599,Punjab
7,31.14490531077325,74.99913034550529,0.5502392,Punjab
8,31.14490531077325,74.9992201770337,0.45118392,Punjab
9,31.14490531077325,74.99957950314734,0.27448508,Punjab
10,31.14490531077325,74.999938829261,0.25099957,Punjab
11,31.14490531077325,75.00083714454512,0.37424242,Punjab
12,31.14490531077325,75.00101680760194,0.2889073,Punjab
13,31.14490531077325,75.00110663913036,0.13245383,Punjab
14,31.14490531077325,75.00155579677241,-0.16420014,Punjab
15,31.14490531077325,75.00263377511335,0.062652566,Punjab
16,31.14490531077325,75.00272360664177,0.062652566,Punjab
17,31.14490531077325,75.00290326969859,0.13192369,Punjab
18,31.14490531077325,75.00326259581223,0.5967614,Punjab
19,31.14490531077325,75.00335242734064,0.5967614,Punjab
20,31.14490531077325,75.00407107956795,0.5631301,Punjab
21,31.14490531077325,75.00532872096571,0.53900176,Punjab
22,31.14490531077325,75.00541855249412,0.5484205,Punjab
23,31.14490531077325,75.00712535153396,-0.0034111782,Punjab
24,31.14490531077325,75.0074846776476,-0.13679591,Punjab
25,31.14490531077325,75.00766434070442,-0.1952068,Punjab
26,31.14490531077325,75.00784400376125,-0.20516717,Punjab
27,31.14490531077325,75.00811349834649,-0.14616498,Punjab
28,31.14490531077325,75.00820332987489,-0.22430608,Punjab
29,31.14490531077325,75.00874231904537,-0.1826428,Punjab
30,31.14490531077325,75.00919147668742,-0.21076234,Punjab
31,31.14490531077325,75.00937113974425,-0.19495922,Punjab
32,31.14490531077325,75.00955080280107,-0.22422384,Punjab
33,31.14490531077325,75.00991012891473,-0.04896907,Punjab
34,31.14490531077325,75.01035928655678,0.2467354,Punjab
35,31.14490531077325,75.01116777031248,0.24062712,Punjab
36,31.144995142301664,74.99463876908469,0.535289,Punjab
37,31.144995142301664,74.99499809519834,0.5138122,Punjab
38,31.144995142301664,74.99733371493704,0.56414765,Punjab
39,31.144995142301664,74.9976930410507,0.56217057,Punjab
40,31.144995142301664,74.99778287257911,0.56217057,Punjab
41,31.144995142301664,74.99814219869276,0.56718343,Punjab
42,31.144995142301664,74.99841169327799,0.5889754,Punjab
43,31.144995142301664,74.9985015248064,0.6026332,Punjab
44,31.144995142301664,74.99939984009052,0.32144213,Punjab
45,31.144995142301664,75.00200495441447,-0.14571072,Punjab
46,31.144995142301664,75.00209478594289,-0.14571072,Punjab
47,31.144995142301664,75.00281343817018,-0.06657323,Punjab
48,31.144995142301664,75.002993101227,-0.024454726,Punjab
49,31.144995142301664,75.00362192192588,0.44645107,Punjab
50,31.144995142301664,75.00389141651112,0.5424403,Punjab
51,31.144995142301664,75.00434057415318,0.54010695,Punjab
52,31.144995142301664,75.00461006873842,0.5687744,Punjab
53,31.144995142301664,75.00505922638048,0.64296997,Punjab
54,31.144995142301664,75.00532872096571,0.59803116,Punjab
55,31.144995142301664,75.0059575416646,0.38616684,Punjab
56,31.144995142301664,75.00685585694872,-0.08063404,Punjab
57,31.144995142301664,75.0074846776476,-0.18232454,Punjab
58,31.144995142301664,75.00766434070442,-0.23480988,Punjab
59,31.144995142301664,75.00964063432949,-0.16997167,Punjab
60,31.144995142301664,75.00999996044314,0.21973094,Punjab
61,31.144995142301664,75.01035928655678,0.21987393,Punjab
62,31.144995142301664,75.01044911808519,0.19725819,Punjab
63,31.144995142301664,75.01098810725567,0.14038537,Punjab
64,31.14508497383008,74.99454893755627,0.45116773,Punjab
65,31.14508497383008,74.9947286006131,0.40862656,Punjab
66,31.14508497383008,74.99508792672675,0.43362334,Punjab
67,31.14508497383008,74.99661506270975,0.5642176,Punjab
68,31.14508497383008,74.99670489423816,0.56393635,Punjab
69,31.14508497383008,74.99733371493704,0.57339585,Punjab
70,31.14508497383008,74.99814219869276,0.5533466,Punjab
71,31.14508497383008,74.9985015248064,0.6126506,Punjab
72,31.14508497383008,74.99877101939164,0.59006214,Punjab
73,31.14508497383008,74.99975916620417,0.24305819,Punjab
74,31.14508497383008,75.00020832384624,0.2605621,Punjab
75,31.14508497383008,75.00029815537464,0.24402606,Punjab
76,31.14508497383008,75.00137613371558,0.03259005,Punjab
77,31.14508497383008,75.00326259581223,-0.029980013,Punjab
78,31.14508497383008,75.00344225886906,0.005221932,Punjab
79,31.14508497383008,75.00380158498271,0.28549773,Punjab
80,31.14508497383008,75.00496939485207,0.5380694,Punjab
81,31.14508497383008,75.00685585694872,-0.19011976,Punjab
82,31.14508497383008,75.00712535153396,-0.13714285,Punjab
83,31.14508497383008,75.00739484611918,-0.19310087,Punjab
84,31.14508497383008,75.00838299293171,-0.25086704,Punjab
85,31.14508497383008,75.00982029738631,0.21768141,Punjab
86,31.14508497383008,75.01017962349995,0.19199692,Punjab
87,31.14508497383008,75.01098810725567,0.13886733,Punjab
88,31.145174805358486,74.9955370843688,0.39415413,Punjab
89,31.145174805358486,74.99715405188023,0.5752993,Punjab
90,31.145174805358486,74.99751337799387,0.54542637,Punjab
91,31.145174805358486,74.99841169327799,0.62891424,Punjab
92,31.145174805358486,74.9985015248064,0.61422545,Punjab
93,31.145174805358486,74.99859135633481,0.6038025,Punjab
94,31.145174805358486,74.99939984009052,0.48538333,Punjab
95,31.145174805358486,74.99966933467576,0.3538276,Punjab
96,31.145174805358486,74.999938829261,0.23239437,Punjab
97,31.145174805358486,75.001465965244,0.21682562,Punjab
98,31.145174805358486,75.00182529135765,-0.13483146,Punjab
99,31.145174805358486,75.00308293275542,-0.16008316,Punjab
100,31.145174805358486,75.00353209039747,-0.09084328,Punjab
101,31.145174805358486,75.00398124803954,0.023004059,Punjab
102,31.145174805358486,75.00505922638048,0.39522547,Punjab
103,31.145174805358486,75.00532872096571,0.37750512,Punjab
104,31.145174805358486,75.00640669930665,-0.19782777,Punjab
105,31.145174805358486,75.00658636236348,-0.18112245,Punjab
106,31.145174805358486,75.00694568847713,-0.18983558,Punjab
107,31.145174805358486,75.00721518306236,-0.2516658,Punjab
108,31.145174805358486,75.00793383528966,-0.25173923,Punjab
109,31.145174805358486,75.00847282446013,-0.19840406,Punjab
110,31.145174805358486,75.00874231904537,-0.2367647,Punjab
111,31.145174805358486,75.00964063432949,-0.100908875,Punjab
112,31.145174805358486,75.0105389496136,0.1719243,Punjab
113,31.1452646368869,74.99463876908469,0.4284153,Punjab
114,31.1452646368869,74.9947286006131,0.4293449,Punjab
115,31.1452646368869,74.99508792672675,0.4,Punjab
116,31.1452646368869,74.99517775825517,0.38381502,Punjab
117,31.1452646368869,74.99562691589722,0.39567503,Punjab
118,31.1452646368869,74.99589641048246,0.38051045,Punjab
119,31.1452646368869,74.99724388340864,0.6004458,Punjab
120,31.1452646368869,74.99823203022117,0.58870727,Punjab
121,31.1452646368869,74.99877101939164,0.56284827,Punjab
122,31.1452646368869,74.99904051397688,0.46612623,Punjab
123,31.1452646368869,74.99948967161893,0.3902439,Punjab
124,31.1452646368869,74.999938829261,0.2818545,Punjab
125,31.1452646368869,75.00002866078941,0.21491681,Punjab
126,31.1452646368869,75.00047781843146,0.15732892,Punjab
127,31.1452646368869,75.00101680760194,0.15368596,Punjab
128,31.1452646368869,75.00155579677241,0.25514773,Punjab
129,31.1452646368869,75.0021846174713,-0.18357547,Punjab
130,31.1452646368869,75.0022744489997,-0.14438123,Punjab
131,31.1452646368869,75.00281343817018,-0.18961789,Punjab
132,31.1452646368869,75.00326259581223,-0.15361744,Punjab
133,31.1452646368869,75.00389141651112,-0.115666844,Punjab
134,31.1452646368869,75.00398124803954,-0.115666844,Punjab
135,31.1452646368869,75.00452023721,0.060778312,Punjab
136,31.1452646368869,75.00505922638048,0.077610984,Punjab
137,31.1452646368869,75.00568804707936,0.09677419,Punjab
138,31.1452646368869,75.00586771013619,0.05589798,Punjab
139,31.1452646368869,75.0059575416646,-0.044326402,Punjab
140,31.1452646368869,75.00649653083507,-0.19906929,Punjab
141,31.1452646368869,75.00712535153396,-0.14244185,Punjab
142,31.1452646368869,75.00847282446013,-0.20628871,Punjab
143,31.1452646368869,75.00883215057378,-0.22063038,Punjab
144,31.1452646368869,75.00937113974425,-0.05471325,Punjab
145,31.1452646368869,75.00991012891473,0.19335347,Punjab
146,31.1452646368869,75.01008979197155,0.24072826,Punjab
147,31.1452646368869,75.01062878114202,0.16431925,Punjab
148,31.1452646368869,75.01116777031248,0.19912313,Punjab
149,31.145354468415317,74.99445910602786,0.3996665,Punjab
150,31.145354468415317,74.99535742131198,0.4087838,Punjab
151,31.145354468415317,74.99562691589722,0.37918872,Punjab
152,31.145354468415317,74.99661506270975,0.500414,Punjab
153,31.145354468415317,74.99706422035182,0.6127721,Punjab
154,31.145354468415317,74.99733371493704,0.57214487,Punjab
155,31.145354468415317,74.99742354646546,0.5652174,Punjab
156,31.145354468415317,74.9976930410507,0.619966,Punjab
157,31.145354468415317,74.99805236716435,0.55090743,Punjab
158,31.145354468415317,74.99895068244847,0.38514483,Punjab
159,31.145354468415317,74.99904051397688,0.37966102,Punjab
160,31.145354468415317,75.00056764995988,0.16540454,Punjab
161,31.145354468415317,75.00092697607353,0.15548281,Punjab
162,31.145354468415317,75.00155579677241,0.2249499,Punjab
163,31.145354468415317,75.00164562830082,0.2552393,Punjab
164,31.145354468415317,75.00200495441447,-0.076620825,Punjab
165,31.145354468415317,75.00290326969859,-0.17144245,Punjab
166,31.145354468415317,75.00631686777824,-0.18341307,Punjab
167,31.145354468415317,75.00694568847713,-0.15555556,Punjab
168,31.145354468415317,75.00712535153396,-0.16994894,Punjab
169,31.145354468415317,75.00730501459077,-0.24492979,Punjab
170,31.145444299943723,74.9947286006131,0.4711901,Punjab
171,31.145444299943723,74.99508792672675,0.42231947,Punjab
172,31.145444299943723,74.99517775825517,0.42369145,Punjab
173,31.145444299943723,74.99571674742563,0.3702381,Punjab
174,31.145444299943723,74.99580657895405,0.36696696,Punjab
175,31.145444299943723,74.99625573659611,0.3864818,Punjab
176,31.145444299943723,74.99751337799387,0.5078728,Punjab
177,31.145444299943723,74.9976930410507,0.5402726,Punjab
178,31.145444299943723,74.99778287257911,0.5402726,Punjab
179,31.145444299943723,74.99814219869276,0.47104478,Punjab
180,31.145444299943723,75.00002866078941,0.33133253,Punjab
181,31.145444299943723,75.00065748148829,0.1777749,Punjab
182,31.145444299943723,75.0007473130167,0.2012273,Punjab
183,31.145444299943723,75.00110663913036,0.2001522,Punjab
184,31.145444299943723,75.00164562830082,0.21474238,Punjab
185,31.145444299943723,75.00200495441447,0.24679655,Punjab
186,31.145444299943723,75.00362192192588,-0.13505074,Punjab
187,31.145444299943723,75.00416091109636,-0.12761754,Punjab
188,31.145444299943723,75.00461006873842,-0.12474227,Punjab
189,31.145444299943723,75.00568804707936,-0.1577287,Punjab
190,31.145444299943723,75.00622703624983,-0.21610004,Punjab
191,31.145444299943723,75.00919147668742,0.34741154,Punjab
192,31.145444299943723,75.00928130821583,0.3067524,Punjab
193,31.145444299943723,75.00982029738631,0.19167976,Punjab
194,31.145444299943723,75.0105389496136,0.1766513,Punjab
195,31.145444299943723,75.01098810725567,0.18286152,Punjab
196,31.145534131472136,74.99454893755627,0.40504202,Punjab
197,31.145534131472136,74.9947286006131,0.42173782,Punjab
198,31.145534131472136,74.99481843214151,0.44925123,Punjab
199,31.145534131472136,74.99571674742563,0.3741973,Punjab
200,31.145534131472136,74.99589641048246,0.38694638,Punjab
201,31.145534131472136,74.99724388340864,0.51829785,Punjab
202,31.145534131472136,74.99733371493704,0.52282274,Punjab
203,31.145534131472136,74.99742354646546,0.4827586,Punjab
204,31.145534131472136,74.99823203022117,0.38640654,Punjab
205,31.145534131472136,74.99841169327799,0.39276487,Punjab
206,31.145534131472136,74.99877101939164,0.4139864,Punjab
207,31.145534131472136,74.99886085092005,0.40476844,Punjab
208,31.145534131472136,75.00065748148829,0.30634883,Punjab
209,31.145534131472136,75.0007473130167,0.28027984,Punjab
210,31.145534131472136,75.00083714454512,0.28027984,Punjab
211,31.145534131472136,75.00119647065877,0.30593607,Punjab
212,31.145534131472136,75.00128630218717,0.2324642,Punjab
213,31.145534131472136,75.00164562830082,0.22923589,Punjab
214,31.145534131472136,75.00173545982923,0.22601305,Punjab
215,31.145534131472136,75.00209478594289,0.31603774,Punjab
216,31.145534131472136,75.0021846174713,0.32649347,Punjab
217,31.145534131472136,75.00236428052811,0.13978495,Punjab
218,31.145534131472136,75.00326259581223,-0.152,Punjab
219,31.145534131472136,75.00362192192588,-0.13043478,Punjab
220,31.145534131472136,75.00461006873842,-0.15421052,Punjab
221,31.145534131472136,75.0051490579089,-0.17219336,Punjab
222,31.145534131472136,75.0052388894373,-0.17219336,Punjab
223,31.145534131472136,75.0059575416646,-0.17837837,Punjab
224,31.145534131472136,75.00865248751695,-0.130255,Punjab
225,31.145534131472136,75.00937113974425,0.15242222,Punjab
226,31.145534131472136,75.00946097127266,0.17163335,Punjab
227,31.145534131472136,75.00982029738631,0.26159877,Punjab
228,31.145534131472136,75.01035928655678,0.19116022,Punjab
229,31.145534131472136,75.0105389496136,0.16710477,Punjab
230,31.145534131472136,75.01107793878408,0.23363286,Punjab
231,31.145534131472136,75.01116777031248,0.23824021,Punjab
232,31.145623963000546,74.99463876908469,0.4161074,Punjab
233,31.145623963000546,74.99481843214151,0.46001625,Punjab
234,31.145623963000546,74.99526758978358,0.39153722,Punjab
235,31.145623963000546,74.99544725284039,0.40385675,Punjab
236,31.145623963000546,74.9961659050677,0.44712043,Punjab
237,31.145623963000546,74.99634556812451,0.50930536,Punjab
238,31.145623963000546,74.99670489423816,0.5476046,Punjab
239,31.145623963000546,74.99733371493704,0.43406904,Punjab
240,31.145623963000546,74.99975916620417,0.37682003,Punjab
241,31.145623963000546,75.0007473130167,0.4819176,Punjab
242,31.145623963000546,75.00101680760194,0.41490006,Punjab
243,31.145623963000546,75.001465965244,0.25176802,Punjab
244,31.145623963000546,75.00164562830082,0.21875,Punjab
245,31.145623963000546,75.00173545982923,0.22081678,Punjab
246,31.145623963000546,75.00209478594289,0.22599705,Punjab
247,31.145623963000546,75.00290326969859,-0.10212617,Punjab
248,31.145623963000546,75.00389141651112,-0.1362764,Punjab
249,31.145623963000546,75.00398124803954,-0.1362764,Punjab
250,31.145623963000546,75.00443040568159,-0.14615089,Punjab
251,31.145623963000546,75.00461006873842,-0.13790385,Punjab
252,31.145623963000546,75.00568804707936,-0.18063028,Punjab
253,31.145623963000546,75.0067660254203,-0.23704867,Punjab
254,31.145623963000546,75.00703552000554,-0.2357087,Punjab
255,31.145623963000546,75.00793383528966,-0.23290846,Punjab
256,31.145623963000546,75.00910164515902,0.23108666,Punjab
257,31.145623963000546,75.00928130821583,0.14379086,Punjab
258,31.145623963000546,75.00991012891473,0.19690835,Punjab
259,31.14571379452896,74.9947286006131,0.4349277,Punjab
260,31.14571379452896,74.99544725284039,0.38613862,Punjab
261,31.14571379452896,74.99607607353929,0.4856176,Punjab
262,31.14571379452896,74.99643539965292,0.5162177,Punjab
263,31.14571379452896,74.99751337799387,0.42116868,Punjab
264,31.14571379452896,74.99787270410752,0.42578548,Punjab
265,31.14571379452896,74.99814219869276,0.35103628,Punjab
266,31.14571379452896,74.99841169327799,0.38729054,Punjab
267,31.14571379452896,74.99957950314734,0.401766,Punjab
268,31.14571379452896,74.99975916620417,0.47362813,Punjab
269,31.14571379452896,75.00047781843146,0.5979082,Punjab
270,31.14571379452896,75.00137613371558,0.25540847,Punjab
271,31.14571379452896,75.00200495441447,0.35881627,Punjab
272,31.14571379452896,75.0022744489997,0.41987985,Punjab
273,31.14571379452896,75.002993101227,0.027556645,Punjab
274,31.14571379452896,75.00380158498271,-0.09695291,Punjab
275,31.14571379452896,75.00425074262476,-0.13544449,Punjab
276,31.14571379452896,75.00478973179524,-0.16805845,Punjab
277,31.14571379452896,75.00541855249412,-0.16186082,Punjab
278,31.14571379452896,75.00559821555095,-0.1788254,Punjab
279,31.14571379452896,75.00586771013619,-0.19903821,Punjab
280,31.14571379452896,75.00694568847713,-0.23443505,Punjab
281,31.14571379452896,75.00739484611918,-0.22144522,Punjab
282,31.14571379452896,75.00775417223284,-0.225058,Punjab
283,31.14571379452896,75.00856265598854,0.1827155,Punjab
284,31.14571379452896,75.00955080280107,0.20381932,Punjab
285,31.14571379452896,75.00964063432949,0.20381932,Punjab
286,31.14571379452896,75.00999996044314,0.27378264,Punjab
287,31.14571379452896,75.01008979197155,0.25666016,Punjab
288,31.14571379452896,75.01080844419884,0.27975696,Punjab
289,31.14571379452896,75.01089827572726,0.27975696,Punjab
290,31.14580362605737,74.99454893755627,0.42090553,Punjab
291,31.14580362605737,74.99490826366993,0.30508474,Punjab
292,31.14580362605737,74.99544725284039,0.44050342,Punjab
293,31.14580362605737,74.99706422035182,0.3994429,Punjab
294,31.14580362605737,74.99715405188023,0.3994429,Punjab
295,31.14580362605737,74.99733371493704,0.42099324,Punjab
296,31.14580362605737,74.99823203022117,0.36573207,Punjab
297,31.14580362605737,75.00011849231782,0.60552156,Punjab
298,31.14580362605737,75.00047781843146,0.61151356,Punjab
299,31.14580362605737,75.00083714454512,0.6075206,Punjab
300,31.14580362605737,75.00137613371558,0.36446592,Punjab
301,31.14580362605737,75.00155579677241,0.3782851,Punjab
302,31.14580362605737,75.00254394358494,0.48050365,Punjab
303,31.14580362605737,75.00263377511335,0.45954588,Punjab
304,31.14580362605737,75.00308293275542,0.27852997,Punjab
305,31.14580362605737,75.00461006873842,-0.14374514,Punjab
306,31.14580362605737,75.00496939485207,-0.16315378,Punjab
307,31.14580362605737,75.0052388894373,-0.14600551,Punjab
308,31.14580362605737,75.00577787860777,-0.19291036,Punjab
309,31.14580362605737,75.00640669930665,-0.20396826,Punjab
310,31.14580362605737,75.0067660254203,-0.18551329,Punjab
311,31.14580362605737,75.00721518306236,-0.21481092,Punjab
312,31.14580362605737,75.00991012891473,0.3069366,Punjab
313,31.14580362605737,75.0105389496136,0.2962929,Punjab
314,31.14580362605737,75.01107793878408,0.2811021,Punjab
315,31.14589345758578,74.99445910602786,0.44868734,Punjab
316,31.14589345758578,74.99490826366993,0.4004914,Punjab
317,31.14589345758578,74.99535742131198,0.48992482,Punjab
318,31.14589345758578,74.99589641048246,0.49699157,Punjab
319,31.14589345758578,74.99751337799387,0.39784947,Punjab
320,31.14589345758578,74.99796253563593,0.4238375,Punjab
321,31.14589345758578,74.99814219869276,0.36899078,Punjab
322,31.14589345758578,74.9985015248064,0.3718546,Punjab
323,31.14589345758578,74.99877101939164,0.38335434,Punjab
324,31.14589345758578,74.99886085092005,0.3799392,Punjab
325,31.14589345758578,74.99939984009052,0.5690608,Punjab
326,31.14589345758578,75.00128630218717,0.52881926,Punjab
327,31.14589345758578,75.001465965244,0.52417165,Punjab
328,31.14589345758578,75.00173545982923,0.5867676,Punjab
329,31.14589345758578,75.00236428052811,0.48478702,Punjab
330,31.14589345758578,75.00254394358494,0.5049724,Punjab
331,31.14589345758578,75.00308293275542,0.5412923,Punjab
332,31.14589345758578,75.00335242734064,0.21588339,Punjab
333,31.14589345758578,75.0037117534543,-0.031396355,Punjab
334,31.14589345758578,75.00398124803954,-0.07072188,Punjab
335,31.14589345758578,75.00443040568159,-0.12,Punjab
336,31.14589345758578,75.00452023721,-0.1405216,Punjab
337,31.14589345758578,75.00469990026683,-0.14268348,Punjab
338,31.14589345758578,75.00559821555095,-0.159375,Punjab
339,31.14589345758578,75.0059575416646,-0.19475847,Punjab
340,31.14589345758578,75.00667619389189,-0.18206416,Punjab
341,31.14589345758578,75.00775417223284,-0.13806361,Punjab
342,31.14589345758578,75.00838299293171,0.3279503,Punjab
343,31.14589345758578,75.00883215057378,0.19091326,Punjab
344,31.14589345758578,75.01080844419884,0.27527303,Punjab
345,31.14589345758578,75.01098810725567,0.2838787,Punjab
346,31.14589345758578,75.01107793878408,0.27620852,Punjab
347,31.145983289114195,74.99454893755627,0.5056427,Punjab
348,31.145983289114195,74.99517775825517,0.52,Punjab
349,31.145983289114195,74.99607607353929,0.3965421,Punjab
350,31.145983289114195,74.99652523118134,0.39967373,Punjab
351,31.145983289114195,74.99670489423816,0.40199336,Punjab
352,31.145983289114195,74.99679472576658,0.3919736,Punjab
353,31.145983289114195,74.99706422035182,0.40455532,Punjab
354,31.145983289114195,74.99742354646546,0.38773334,Punjab
355,31.145983289114195,74.9976930410507,0.40318158,Punjab
356,31.145983289114195,74.99796253563593,0.42354235,Punjab
357,31.145983289114195,74.99814219869276,0.37356144,Punjab
358,31.145983289114195,74.99877101939164,0.39357185,Punjab
359,31.145983289114195,74.99966933467576,0.5783274,Punjab
360,31.145983289114195,75.00011849231782,0.59201556,Punjab
361,31.145983289114195,75.00092697607353,0.6081277,Punjab
362,31.145983289114195,75.00209478594289,0.6085973,Punjab
363,31.145983289114195,75.0022744489997,0.5889507,Punjab
364,31.145983289114195,75.00236428052811,0.55880594,Punjab
365,31.145983289114195,75.00326259581223,0.40682787,Punjab
366,31.145983289114195,75.00389141651112,-0.022437004,Punjab
367,31.145983289114195,75.00443040568159,-0.064327486,Punjab
368,31.145983289114195,75.00478973179524,-0.1334608,Punjab
369,31.145983289114195,75.00667619389189,-0.17556071,Punjab
370,31.145983289114195,75.00730501459077,-0.1300214,Punjab
371,31.145983289114195,75.00766434070442,0.046840742,Punjab
372,31.145983289114195,75.00793383528966,0.29483038,Punjab
373,31.145983289114195,75.0082931614033,0.24349882,Punjab
374,31.145983289114195,75.00883215057378,0.270073,Punjab
375,31.145983289114195,75.00946097127266,0.37855697,Punjab
376,31.145983289114195,75.01026945502836,0.3211195,Punjab
377,31.145983289114195,75.01107793878408,0.26142278,Punjab
378,31.14607312064261,74.99445910602786,0.5269894,Punjab
379,31.14607312064261,74.99508792672675,0.5053892,Punjab
380,31.14607312064261,74.99526758978358,0.469459,Punjab
381,31.14607312064261,74.99562691589722,0.371494,Punjab
382,31.14607312064261,74.9961659050677,0.35365853,Punjab
383,31.14607312064261,74.99760320952228,0.40130863,Punjab
384,31.14607312064261,74.9976930410507,0.39730638,Punjab
385,31.14607312064261,74.99796253563593,0.3692689,Punjab
386,31.14607312064261,74.99814219869276,0.3447496,Punjab
387,31.14607312064261,74.99832186174957,0.36720258,Punjab
388,31.14607312064261,74.99859135633481,0.3784764,Punjab
389,31.14607312064261,74.99913034550529,0.6,Punjab
390,31.14607312064261,74.9992201770337,0.64094144,Punjab
391,31.14607312064261,74.999938829261,0.5772667,Punjab
392,31.14607312064261,75.00029815537464,0.6084271,Punjab
393,31.14607312064261,75.00128630218717,0.5605775,Punjab
394,31.14607312064261,75.00263377511335,0.5926933,Punjab
395,31.14607312064261,75.00272360664177,0.5926933,Punjab
396,31.14607312064261,75.00308293275542,0.45987347,Punjab
397,31.14607312064261,75.00434057415318,-0.018413123,Punjab
398,31.14607312064261,75.00685585694872,-0.13397641,Punjab
399,31.14607312064261,75.00739484611918,0.13450795,Punjab
400,31.14607312064261,75.00775417223284,0.3692424,Punjab
401,31.14607312064261,75.00802366681808,0.3363923,Punjab
402,31.14607312064261,75.00847282446013,0.25380117,Punjab
403,31.14607312064261,75.00928130821583,0.40575776,Punjab
404,31.14607312064261,75.00946097127266,0.39645597,Punjab
405,31.14607312064261,75.00999996044314,0.33838528,Punjab
406,31.14607312064261,75.01026945502836,0.32856336,Punjab
407,31.14607312064261,75.01044911808519,0.32293054,Punjab
408,31.14607312064261,75.0105389496136,0.31529143,Punjab
409,31.146162952171014,74.99445910602786,0.5143662,Punjab
410,31.146162952171014,74.99481843214151,0.5242881,Punjab
411,31.146162952171014,74.99562691589722,0.35156924,Punjab
412,31.146162952171014,74.99634556812451,0.3784461,Punjab
413,31.146162952171014,74.99661506270975,0.38274336,Punjab
414,31.146162952171014,74.99751337799387,0.36246786,Punjab
415,31.146162952171014,74.99760320952228,0.36044362,Punjab
416,31.146162952171014,74.99805236716435,0.3372549,Punjab
417,31.146162952171014,74.99859135633481,0.46742982,Punjab
418,31.146162952171014,74.99877101939164,0.5816994,Punjab
419,31.146162952171014,75.00029815537464,0.5997646,Punjab
420,31.146162952171014,75.00092697607353,0.57248366,Punjab
421,31.146162952171014,75.00110663913036,0.56036764,Punjab
422,31.146162952171014,75.00137613371558,0.60120755,Punjab
423,31.146162952171014,75.001465965244,0.60120755,Punjab
424,31.146162952171014,75.00173545982923,0.6220109,Punjab
425,31.146162952171014,75.00335242734064,0.44080266,Punjab
426,31.146162952171014,75.00487956332366,-0.032033425,Punjab
427,31.146162952171014,75.0051490579089,-0.049928673,Punjab
428,31.146162952171014,75.0052388894373,-0.049928673,Punjab
429,31.146162952171014,75.00577787860777,-0.07791279,Punjab
430,31.146162952171014,75.00649653083507,-0.1139785,Punjab
431,31.146162952171014,75.00658636236348,-0.125,Punjab
432,31.146162952171014,75.00667619389189,-0.08567512,Punjab
433,31.146162952171014,75.00685585694872,-0.06564748,Punjab
434,31.146162952171014,75.00721518306236,0.076968014,Punjab
435,31.146162952171014,75.00802366681808,0.30411035,Punjab
436,31.146162952171014,75.00883215057378,0.31227285,Punjab
437,31.146162952171014,75.0089219821022,0.35227883,Punjab
438,31.146162952171014,75.00910164515902,0.38307935,Punjab
439,31.146162952171014,75.00928130821583,0.42178845,Punjab
440,31.146162952171014,75.01107793878408,0.2944369,Punjab
441,31.146162952171014,75.01116777031248,0.2529983,Punjab
442,31.14625278369943,74.99490826366993,0.53190273,Punjab
443,31.14625278369943,74.99508792672675,0.4402367,Punjab
444,31.14625278369943,74.99517775825517,0.39135513,Punjab
445,31.14625278369943,74.99535742131198,0.3775451,Punjab
446,31.14625278369943,74.99598624201087,0.3411241,Punjab
447,31.14625278369943,74.9961659050677,0.34438705,Punjab
448,31.14625278369943,74.99625573659611,0.35645252,Punjab
449,31.14625278369943,74.99688455729499,0.36649638,Punjab
450,31.14625278369943,74.99948967161893,0.6045877,Punjab
451,31.14625278369943,74.99984899773258,0.60339946,Punjab
452,31.14625278369943,75.00056764995988,0.59760416,Punjab
453,31.14625278369943,75.00065748148829,0.59062016,Punjab
454,31.14625278369943,75.00263377511335,0.57803833,Punjab
455,31.14625278369943,75.0052388894373,0.07487885,Punjab
456,31.14625278369943,75.0059575416646,0.0012886598,Punjab
457,31.14625278369943,75.00604737319301,-0.036048066,Punjab
458,31.14625278369943,75.00703552000554,0.19409412,Punjab
459,31.14625278369943,75.00739484611918,0.44657218,Punjab
460,31.14625278369943,75.00766434070442,0.31730267,Punjab
461,31.14625278369943,75.00775417223284,0.31730267,Punjab
462,31.14625278369943,75.00856265598854,0.31667125,Punjab
463,31.14625278369943,75.00946097127266,0.4603343,Punjab
464,31.14625278369943,75.00991012891473,0.3267544,Punjab
465,31.14625278369943,75.01062878114202,0.30861992,Punjab
466,31.14625278369943,75.01080844419884,0.31139103,Punjab
467,31.14625278369943,75.01089827572726,0.31139103,Punjab
468,31.146342615227844,74.99445910602786,0.5856833,Punjab
469,31.146342615227844,74.99562691589722,0.34918794,Punjab
470,31.146342615227844,74.99571674742563,0.34131053,Punjab
471,31.146342615227844,74.99598624201087,0.33498213,Punjab
472,31.146342615227844,74.99625573659611,0.35150167,Punjab
473,31.146342615227844,74.99679472576658,0.36034575,Punjab
474,31.146342615227844,74.99742354646546,0.36568177,Punjab
475,31.146342615227844,74.99778287257911,0.35138425,Punjab
476,31.146342615227844,74.9985015248064,0.55111915,Punjab
477,31.146342615227844,74.99895068244847,0.60315055,Punjab
478,31.146342615227844,74.9992201770337,0.60483176,Punjab
479,31.146342615227844,74.9993100085621,0.62589926,Punjab
480,31.146342615227844,75.00002866078941,0.59311825,Punjab
481,31.146342615227844,75.0007473130167,0.6131304,Punjab
482,31.146342615227844,75.00155579677241,0.61993444,Punjab
483,31.146342615227844,75.00191512288606,0.61271155,Punjab
484,31.146342615227844,75.0022744489997,0.60827047,Punjab
485,31.146342615227844,75.00281343817018,0.59098315,Punjab
486,31.146342615227844,75.00290326969859,0.6066057,Punjab
487,31.146342615227844,75.00317276428383,0.5433375,Punjab
488,31.146342615227844,75.00335242734064,0.5176185,Punjab
489,31.146342615227844,75.00443040568159,0.42796123,Punjab
490,31.146342615227844,75.00461006873842,0.4211577,Punjab
491,31.146342615227844,75.00550838402253,0.15995647,Punjab
492,31.146342615227844,75.00568804707936,0.11683748,Punjab
493,31.146342615227844,75.0059575416646,0.11686816,Punjab
494,31.146342615227844,75.00703552000554,0.41035858,Punjab
495,31.146342615227844,75.00775417223284,0.31596425,Punjab
496,31.146342615227844,75.00802366681808,0.312346,Punjab
497,31.146342615227844,75.0089219821022,0.32214797,Punjab
498,31.146342615227844,75.00928130821583,0.4601447,Punjab
499,31.146342615227844,75.00955080280107,0.4790154,Punjab
500,31.146342615227844,75.01089827572726,0.31063604,Punjab
501,31.14643244675625,74.99463876908469,0.5962045,Punjab
502,31.14643244675625,74.99481843214151,0.5932394,Punjab
503,31.14643244675625,74.99607607353929,0.3274751,Punjab
504,31.14643244675625,74.99652523118134,0.39125744,Punjab
505,31.14643244675625,74.99661506270975,0.3827298,Punjab
506,31.14643244675625,74.9969743888234,0.37549856,Punjab
507,31.14643244675625,74.99778287257911,0.48645598,Punjab
508,31.14643244675625,74.99823203022117,0.57027984,Punjab
509,31.14643244675625,74.99832186174957,0.566879,Punjab
510,31.14643244675625,74.99859135633481,0.57343704,Punjab
511,31.14643244675625,75.00047781843146,0.6034115,Punjab
512,31.14643244675625,75.0021846174713,0.61904764,Punjab
513,31.14643244675625,75.00326259581223,0.5492915,Punjab
514,31.14643244675625,75.00407107956795,0.58125997,Punjab
515,31.14643244675625,75.00469990026683,0.47543463,Punjab
516,31.14643244675625,75.00505922638048,0.45160532,Punjab
517,31.14643244675625,75.00532872096571,0.4324133,Punjab
518,31.14643244675625,75.00586771013619,0.334471,Punjab
519,31.14643244675625,75.00703552000554,0.4913637,Punjab
520,31.14643244675625,75.00712535153396,0.4913637,Punjab
521,31.14643244675625,75.00901181363061,0.34363344,Punjab
522,31.14643244675625,75.01116777031248,0.3007069,Punjab
523,31.146522278284667,74.99445910602786,0.5710956,Punjab
524,31.146522278284667,74.99562691589722,0.3509308,Punjab
525,31.146522278284667,74.99571674742563,0.3420979,Punjab
526,31.146522278284667,74.99580657895405,0.35313532,Punjab
527,31.146522278284667,74.99679472576658,0.3756906,Punjab
528,31.146522278284667,74.99688455729499,0.37206703,Punjab
529,31.146522278284667,74.99787270410752,0.5542022,Punjab
530,31.146522278284667,74.99796253563593,0.57712084,Punjab
531,31.146522278284667,74.99823203022117,0.5750636,Punjab
532,31.146522278284667,74.99859135633481,0.5761905,Punjab
533,31.146522278284667,74.99948967161893,0.64136416,Punjab
534,31.146522278284667,74.99984899773258,0.61553234,Punjab
535,31.146522278284667,75.00011849231782,0.59654677,Punjab
536,31.146522278284667,75.00020832384624,0.59654677,Punjab
537,31.146522278284667,75.00038798690305,0.6114687,Punjab
538,31.146522278284667,75.00065748148829,0.5937576,Punjab
539,31.146522278284667,75.00110663913036,0.6131633,Punjab
540,31.146522278284667,75.001465965244,0.59972215,Punjab
541,31.146522278284667,75.00155579677241,0.62720805,Punjab
542,31.146522278284667,75.00182529135765,0.59994227,Punjab
543,31.146522278284667,75.00236428052811,0.603086,Punjab
544,31.146522278284667,75.00380158498271,0.5396027,Punjab
545,31.146522278284667,75.00416091109636,0.6186824,Punjab
546,31.146522278284667,75.00425074262476,0.6121212,Punjab
547,31.146522278284667,75.00631686777824,0.38618222,Punjab
548,31.146522278284667,75.00667619389189,0.4362317,Punjab
549,31.146522278284667,75.00802366681808,0.3096953,Punjab
550,31.146522278284667,75.00883215057378,0.3561104,Punjab
551,31.146522278284667,75.00919147668742,0.39503688,Punjab
552,31.146522278284667,75.00946097127266,0.44722027,Punjab
553,31.146522278284667,75.00955080280107,0.48685595,Punjab
554,31.146522278284667,75.01026945502836,0.3074166,Punjab
555,31.146522278284667,75.0105389496136,0.30259848,Punjab
556,31.14661210981308,74.9947286006131,0.60387516,Punjab
557,31.14661210981308,74.99517775825517,0.36287034,Punjab
558,31.14661210981308,74.99634556812451,0.3880266,Punjab
559,31.14661210981308,74.99670489423816,0.3679977,Punjab
560,31.14661210981308,74.99679472576658,0.37607327,Punjab
561,31.14661210981308,74.99742354646546,0.50132346,Punjab
562,31.14661210981308,74.99805236716435,0.5712435,Punjab
563,31.14661210981308,74.9985015248064,0.5896073,Punjab
564,31.14661210981308,74.9992201770337,0.58616716,Punjab
565,31.14661210981308,74.9993100085621,0.6256499,Punjab
566,31.14661210981308,75.00038798690305,0.59441805,Punjab
567,31.14661210981308,75.0007473130167,0.60188365,Punjab
568,31.14661210981308,75.00137613371558,0.5883077,Punjab
569,31.14661210981308,75.00155579677241,0.61076206,Punjab
570,31.14661210981308,75.00236428052811,0.58577293,Punjab
571,31.14661210981308,75.00290326969859,0.5761124,Punjab
572,31.14661210981308,75.00308293275542,0.54081,Punjab
573,31.14661210981308,75.00380158498271,0.5263325,Punjab
574,31.14661210981308,75.00416091109636,0.60833013,Punjab
575,31.14661210981308,75.00434057415318,0.6009355,Punjab
576,31.14661210981308,75.00487956332366,0.5527493,Punjab
577,31.14661210981308,75.0052388894373,0.5455329,Punjab
578,31.14661210981308,75.00568804707936,0.57817984,Punjab
579,31.14661210981308,75.00793383528966,0.3538874,Punjab
580,31.14661210981308,75.00999996044314,0.31812724,Punjab
581,31.14661210981308,75.01008979197155,0.3179798,Punjab
582,31.14661210981308,75.01017962349995,0.329182,Punjab
583,31.14661210981308,75.01044911808519,0.32491007,Punjab
584,31.14670194134149,74.99589641048246,0.3715942,Punjab
585,31.14670194134149,74.99607607353929,0.41777778,Punjab
586,31.14670194134149,74.99643539965292,0.36965436,Punjab
587,31.14670194134149,74.99688455729499,0.39857066,Punjab
588,31.14670194134149,74.99715405188023,0.45165494,Punjab
589,31.14670194134149,74.99778287257911,0.5697711,Punjab
590,31.14670194134149,74.99823203022117,0.6177389,Punjab
591,31.14670194134149,74.99832186174957,0.6081486,Punjab
592,31.14670194134149,74.99859135633481,0.64083177,Punjab
593,31.14670194134149,74.99868118786323,0.58250976,Punjab
594,31.14670194134149,74.99913034550529,0.54002714,Punjab
595,31.14670194134149,74.999938829261,0.58380497,Punjab
596,31.14670194134149,75.00056764995988,0.58935106,Punjab
597,31.14670194134149,75.00092697607353,0.61706406,Punjab
598,31.14670194134149,75.00110663913036,0.6016522,Punjab
599,31.14670194134149,75.00209478594289,0.5643457,Punjab
600,31.14670194134149,75.00263377511335,0.5905726,Punjab
601,31.14670194134149,75.00308293275542,0.5347849,Punjab
602,31.14670194134149,75.0037117534543,0.5550982,Punjab
603,31.14670194134149,75.00407107956795,0.57439023,Punjab
604,31.14670194134149,75.00452023721,0.57750654,Punjab
605,31.14670194134149,75.00487956332366,0.5764894,Punjab
606,31.14670194134149,75.0051490579089,0.5722191,Punjab
607,31.14670194134149,75.0059575416646,0.5954299,Punjab
608,31.14670194134149,75.00604737319301,0.5853115,Punjab
609,31.14670194134149,75.00640669930665,0.42883784,Punjab
610,31.14670194134149,75.0067660254203,0.39059627,Punjab
611,31.14670194134149,75.00694568847713,0.59796727,Punjab
612,31.14670194134149,75.0074846776476,0.5501872,Punjab
613,31.14670194134149,75.00775417223284,0.49929306,Punjab
614,31.14670194134149,75.00964063432949,0.46738544,Punjab
615,31.14670194134149,75.01044911808519,0.33370227,Punjab
616,31.14670194134149,75.01062878114202,0.31427518,Punjab
617,31.14670194134149,75.01080844419884,0.28474057,Punjab
618,31.146791772869904,74.99652523118134,0.36194897,Punjab
619,31.146791772869904,74.99706422035182,0.5539726,Punjab
620,31.146791772869904,74.99733371493704,0.58819985,Punjab
621,31.146791772869904,74.99805236716435,0.60928434,Punjab
622,31.146791772869904,74.99877101939164,0.5488621,Punjab
623,31.146791772869904,74.99895068244847,0.5711812,Punjab
624,31.146791772869904,75.00038798690305,0.58897537,Punjab
625,31.146791772869904,75.0007473130167,0.6088353,Punjab
626,31.146791772869904,75.001465965244,0.5764178,Punjab
627,31.146791772869904,75.0022744489997,0.6047293,Punjab
628,31.146791772869904,75.00263377511335,0.5696123,Punjab
629,31.146791772869904,75.00335242734064,0.5535248,Punjab
630,31.146791772869904,75.00344225886906,0.54588735,Punjab
631,31.146791772869904,75.00362192192588,0.5529337,Punjab
632,31.146791772869904,75.00461006873842,0.58087367,Punjab
633,31.146791772869904,75.0067660254203,0.37456796,Punjab
634,31.146791772869904,75.00739484611918,0.5628164,Punjab
635,31.146791772869904,75.00793383528966,0.38220716,Punjab
636,31.146791772869904,75.00964063432949,0.47502658,Punjab
637,31.146791772869904,75.00982029738631,0.43375486,Punjab
638,31.146791772869904,75.01026945502836,0.33390853,Punjab
639,31.146791772869904,75.01071861267043,0.2929293,Punjab
640,31.146881604398317,74.99508792672675,0.57972604,Punjab
641,31.146881604398317,74.99526758978358,0.5580524,Punjab
642,31.146881604398317,74.99589641048246,0.3731693,Punjab
643,31.146881604398317,74.9961659050677,0.43820226,Punjab
644,31.146881604398317,74.99661506270975,0.38891935,Punjab
645,31.146881604398317,74.99751337799387,0.56604975,Punjab
646,31.146881604398317,74.9976930410507,0.5634715,Punjab
647,31.146881604398317,74.99895068244847,0.54707736,Punjab
648,31.146881604398317,74.99948967161893,0.61470824,Punjab
649,31.146881604398317,75.00065748148829,0.614855,Punjab
650,31.146881604398317,75.00128630218717,0.5915396,Punjab
651,31.146881604398317,75.00137613371558,0.5849096,Punjab
652,31.146881604398317,75.00487956332366,0.5787886,Punjab
653,31.146881604398317,75.00541855249412,0.5870732,Punjab
654,31.146881604398317,75.00604737319301,0.5595092,Punjab
655,31.146881604398317,75.00721518306236,0.5787305,Punjab
656,31.146881604398317,75.00793383528966,0.3729573,Punjab
657,31.146881604398317,75.00874231904537,0.35462898,Punjab
658,31.146881604398317,75.00928130821583,0.4264172,Punjab
659,31.146881604398317,75.00937113974425,0.47431368,Punjab
660,31.146881604398317,75.00946097127266,0.46133044,Punjab
661,31.146971435926726,74.99490826366993,0.6166205,Punjab
662,31.146971435926726,74.99535742131198,0.55168664,Punjab
663,31.146971435926726,74.99571674742563,0.39432913,Punjab
664,31.146971435926726,74.99589641048246,0.3925072,Punjab
665,31.146971435926726,74.99670489423816,0.54804367,Punjab
666,31.146971435926726,74.99679472576658,0.5813953,Punjab
667,31.146971435926726,74.99688455729499,0.5926908,Punjab
668,31.146971435926726,74.99724388340864,0.5543192,Punjab
669,31.146971435926726,74.99778287257911,0.54554486,Punjab
670,31.146971435926726,74.99796253563593,0.5968992,Punjab
671,31.146971435926726,74.99805236716435,0.598975,Punjab
672,31.146971435926726,74.99841169327799,0.6,Punjab
673,31.146971435926726,74.9985015248064,0.60880506,Punjab
674,31.146971435926726,74.99948967161893,0.61126447,Punjab
675,31.146971435926726,75.00047781843146,0.61506164,Punjab
676,31.146971435926726,75.00056764995988,0.6060389,Punjab
677,31.146971435926726,75.00128630218717,0.58248734,Punjab
678,31.146971435926726,75.00137613371558,0.5775635,Punjab
679,31.146971435926726,75.00155579677241,0.6128672,Punjab
680,31.146971435926726,75.002993101227,0.53102493,Punjab
681,31.146971435926726,75.00326259581223,0.55429333,Punjab
682,31.146971435926726,75.00389141651112,0.5679323,Punjab
683,31.146971435926726,75.00559821555095,0.5814662,Punjab
684,31.146971435926726,75.00568804707936,0.59630644,Punjab
685,31.146971435926726,75.00775417223284,0.52796847,Punjab
686,31.146971435926726,75.00901181363061,0.36745256,Punjab
687,31.146971435926726,75.00955080280107,0.45562288,Punjab
688,31.14706126745514,74.99724388340864,0.5508021,Punjab
689,31.14706126745514,74.99832186174957,0.57704705,Punjab
690,31.14706126745514,74.9993100085621,0.59040374,Punjab
691,31.14706126745514,74.999938829261,0.5977654,Punjab
692,31.14706126745514,75.00002866078941,0.60182804,Punjab
693,31.14706126745514,75.0007473130167,0.5754846,Punjab
694,31.14706126745514,75.00191512288606,0.5534665,Punjab
695,31.14706126745514,75.00290326969859,0.5298369,Punjab
696,31.14706126745514,75.00416091109636,0.56553495,Punjab
697,31.14706126745514,75.00469990026683,0.6111455,Punjab
698,31.14706126745514,75.00505922638048,0.63681984,Punjab
699,31.14706126745514,75.00541855249412,0.66610855,Punjab
700,31.14706126745514,75.00703552000554,0.58497316,Punjab
701,31.14706126745514,75.00757450917601,0.5194805,Punjab
702,31.14706126745514,75.00775417223284,0.51065123,Punjab
703,31.14706126745514,75.00883215057378,0.38745672,Punjab
704,31.14706126745514,75.00910164515902,0.37340012,Punjab
705,31.14706126745514,75.00991012891473,0.3818265,Punjab
706,31.14706126745514,75.0105389496136,0.33628958,Punjab
707,31.14706126745514,75.01062878114202,0.29685712,Punjab
708,31.14715109898355,74.99454893755627,0.59934497,Punjab
709,31.14715109898355,74.99481843214151,0.59029347,Punjab
710,31.14715109898355,74.99508792672675,0.60079503,Punjab
711,31.14715109898355,74.99535742131198,0.592233,Punjab
712,31.14715109898355,74.99571674742563,0.46215782,Punjab
713,31.14715109898355,74.9961659050677,0.5959709,Punjab
714,31.14715109898355,74.99679472576658,0.5887006,Punjab
715,31.14715109898355,74.99706422035182,0.5592068,Punjab
716,31.14715109898355,74.99733371493704,0.5557003,Punjab
717,31.14715109898355,74.99760320952228,0.54846936,Punjab
718,31.14715109898355,74.99778287257911,0.55918366,Punjab
719,31.14715109898355,74.99832186174957,0.58372456,Punjab
720,31.14715109898355,74.99895068244847,0.5669824,Punjab
721,31.14715109898355,74.9993100085621,0.58955675,Punjab
722,31.14715109898355,75.00056764995988,0.60184807,Punjab
723,31.14715109898355,75.0007473130167,0.5976203,Punjab
724,31.14715109898355,75.00083714454512,0.5976203,Punjab
725,31.14715109898355,75.00101680760194,0.58571804,Punjab
726,31.14715109898355,75.001465965244,0.5501757,Punjab
727,31.14715109898355,75.00353209039747,0.56033355,Punjab
728,31.14715109898355,75.00496939485207,0.69493306,Punjab
729,31.14715109898355,75.00505922638048,0.6654574,Punjab
730,31.14715109898355,75.0051490579089,0.67050385,Punjab
731,31.14715109898355,75.00586771013619,0.5969278,Punjab
732,31.14715109898355,75.00604737319301,0.5837989,Punjab
733,31.14715109898355,75.00640669930665,0.3800905,Punjab
734,31.14715109898355,75.0074846776476,0.5281812,Punjab
735,31.14715109898355,75.00946097127266,0.43924192,Punjab
736,31.14715109898355,75.0097304658579,0.45806825,Punjab
737,31.14715109898355,75.01098810725567,0.3067672,Punjab
738,31.147240930511963,74.99535742131198,0.58996326,Punjab
739,31.147240930511963,74.99544725284039,0.5904936,Punjab
740,31.147240930511963,74.99562691589722,0.5493562,Punjab
741,31.147240930511963,74.99679472576658,0.5781736,Punjab
742,31.147240930511963,74.99948967161893,0.58934706,Punjab
743,31.147240930511963,75.00056764995988,0.60073394,Punjab
744,31.147240930511963,75.00308293275542,0.54262084,Punjab
745,31.147240930511963,75.00362192192588,0.6111025,Punjab
746,31.147240930511963,75.00380158498271,0.62847024,Punjab
747,31.147240930511963,75.00389141651112,0.6402749,Punjab
748,31.147240930511963,75.00487956332366,0.68031055,Punjab
749,31.147240930511963,75.00559821555095,0.5715036,Punjab
750,31.147240930511963,75.00568804707936,0.547874,Punjab
751,31.147240930511963,75.00622703624983,0.54049987,Punjab
752,31.147240930511963,75.00640669930665,0.3915694,Punjab
753,31.147240930511963,75.00694568847713,0.5441621,Punjab
754,31.147240930511963,75.00766434070442,0.5549642,Punjab
755,31.147240930511963,75.00802366681808,0.4198679,Punjab
756,31.147240930511963,75.00847282446013,0.41126996,Punjab
757,31.147240930511963,75.00865248751695,0.388812,Punjab
758,31.147240930511963,75.0089219821022,0.3871378,Punjab
759,31.147240930511963,75.00910164515902,0.39461276,Punjab
760,31.147240930511963,75.00928130821583,0.39823982,Punjab
761,31.147240930511963,75.00937113974425,0.45657966,Punjab
762,31.147240930511963,75.00946097127266,0.4384363,Punjab
763,31.147240930511963,75.00964063432949,0.42857143,Punjab
764,31.147240930511963,75.00982029738631,0.43540668,Punjab
765,31.147240930511963,75.01026945502836,0.3258073,Punjab
766,31.147240930511963,75.01062878114202,0.3248068,Punjab
767,31.147240930511963,75.01098810725567,0.31571326,Punjab
768,31.147330762040376,74.99535742131198,0.6036697,Punjab
769,31.147330762040376,74.99562691589722,0.56175077,Punjab
770,31.147330762040376,74.99580657895405,0.5610835,Punjab
771,31.147330762040376,74.99607607353929,0.54197603,Punjab
772,31.147330762040376,74.99634556812451,0.5643818,Punjab
773,31.147330762040376,74.99661506270975,0.5728854,Punjab
774,31.147330762040376,74.99679472576658,0.5650624,Punjab
775,31.147330762040376,74.99733371493704,0.54155844,Punjab
776,31.147330762040376,74.99805236716435,0.56845427,Punjab
777,31.147330762040376,74.99832186174957,0.57039946,Punjab
778,31.147330762040376,74.99877101939164,0.59432626,Punjab
779,31.147330762040376,74.99886085092005,0.57526255,Punjab
780,31.147330762040376,75.00083714454512,0.59179664,Punjab
781,31.147330762040376,75.00101680760194,0.5584189,Punjab
782,31.147330762040376,75.0022744489997,0.5840281,Punjab
783,31.147330762040376,75.00272360664177,0.55198973,Punjab
784,31.147330762040376,75.00308293275542,0.5354797,Punjab
785,31.147330762040376,75.00398124803954,0.6870314,Punjab
786,31.147330762040376,75.00425074262476,0.6596214,Punjab
787,31.147330762040376,75.00434057415318,0.66466177,Punjab
788,31.147330762040376,75.00478973179524,0.6958042,Punjab
789,31.147330762040376,75.00541855249412,0.5989084,Punjab
790,31.147330762040376,75.00568804707936,0.57212985,Punjab
791,31.147330762040376,75.00586771013619,0.5830325,Punjab
792,31.147330762040376,75.0067660254203,0.51038164,Punjab
793,31.147330762040376,75.00766434070442,0.5754923,Punjab
794,31.147330762040376,75.00883215057378,0.36181343,Punjab
795,31.147330762040376,75.0089219821022,0.36337543,Punjab
796,31.147330762040376,75.00955080280107,0.43241662,Punjab
797,31.147330762040376,75.01026945502836,0.31939363,Punjab
798,31.147330762040376,75.01035928655678,0.32775745,Punjab
799,31.147420593568786,74.99454893755627,0.5962045,Punjab
800,31.147420593568786,74.99463876908469,0.5962045,Punjab
801,31.147420593568786,74.99481843214151,0.6078322,Punjab
802,31.147420593568786,74.99499809519834,0.5979143,Punjab
803,31.147420593568786,74.9955370843688,0.5822485,Punjab
804,31.147420593568786,74.99562691589722,0.557423,Punjab
805,31.147420593568786,74.99895068244847,0.60584795,Punjab
806,31.147420593568786,74.99957950314734,0.5995337,Punjab
807,31.147420593568786,75.00065748148829,0.6023083,Punjab
808,31.147420593568786,75.0007473130167,0.6036636,Punjab
809,31.147420593568786,75.00101680760194,0.5584563,Punjab
810,31.147420593568786,75.00155579677241,0.557011,Punjab
811,31.147420593568786,75.00200495441447,0.5668039,Punjab
812,31.147420593568786,75.00254394358494,0.55297214,Punjab
813,31.147420593568786,75.00281343817018,0.55228657,Punjab
814,31.147420593568786,75.00380158498271,0.7033983,Punjab
815,31.147420593568786,75.00487956332366,0.66429365,Punjab
816,31.147420593568786,75.0051490579089,0.5939933,Punjab
817,31.147420593568786,75.00541855249412,0.5577963,Punjab
818,31.147420593568786,75.00613720472143,0.58590853,Punjab
819,31.147420593568786,75.00775417223284,0.6168947,Punjab
820,31.147420593568786,75.00811349834649,0.4022514,Punjab
821,31.147420593568786,75.0082931614033,0.4022792,Punjab
822,31.147420593568786,75.00946097127266,0.45089877,Punjab
823,31.147420593568786,75.00991012891473,0.43418303,Punjab
824,31.147420593568786,75.01008979197155,0.32495904,Punjab
825,31.1475104250972,74.9947286006131,0.60775864,Punjab
826,31.1475104250972,74.99535742131198,0.5942029,Punjab
827,31.1475104250972,74.99589641048246,0.5703787,Punjab
828,31.1475104250972,74.99661506270975,0.5611578,Punjab
829,31.1475104250972,74.99715405188023,0.5420382,Punjab
830,31.1475104250972,74.99841169327799,0.54959613,Punjab
831,31.1475104250972,74.99904051397688,0.6026332,Punjab
832,31.1475104250972,74.99966933467576,0.60384834,Punjab
833,31.1475104250972,74.999938829261,0.5753311,Punjab
834,31.1475104250972,75.00038798690305,0.5927921,Punjab
835,31.1475104250972,75.00119647065877,0.5663387,Punjab
836,31.1475104250972,75.00137613371558,0.5474099,Punjab
837,31.1475104250972,75.00236428052811,0.59346825,Punjab
838,31.1475104250972,75.00245411205653,0.5679728,Punjab
839,31.1475104250972,75.00254394358494,0.55297214,Punjab
840,31.1475104250972,75.00335242734064,0.617297,Punjab
841,31.1475104250972,75.00344225886906,0.5917282,Punjab
842,31.1475104250972,75.0037117534543,0.61248213,Punjab
843,31.1475104250972,75.00380158498271,0.7033983,Punjab
844,31.1475104250972,75.00434057415318,0.6978344,Punjab
845,31.1475104250972,75.00532872096571,0.5859846,Punjab
846,31.1475104250972,75.00559821555095,0.5489998,Punjab
847,31.1475104250972,75.00649653083507,0.5623119,Punjab
848,31.1475104250972,75.00667619389189,0.5946687,Punjab
849,31.1475104250972,75.0074846776476,0.58988905,Punjab
850,31.1475104250972,75.00757450917601,0.5920458,Punjab
851,31.1475104250972,75.00775417223284,0.59753275,Punjab
852,31.1475104250972,75.00793383528966,0.47444445,Punjab
853,31.1475104250972,75.00928130821583,0.34516415,Punjab
854,31.1475104250972,75.00937113974425,0.34776336,Punjab
855,31.1475104250972,75.01035928655678,0.31707317,Punjab
856,31.1475104250972,75.01062878114202,0.31805477,Punjab
857,31.1475104250972,75.01080844419884,0.32475612,Punjab
858,31.1475104250972,75.01116777031248,0.32645017,Punjab
859,31.14760025662561,74.99490826366993,0.5899486,Punjab
860,31.14760025662561,74.99499809519834,0.58667856,Punjab
861,31.14760025662561,74.99508792672675,0.59679407,Punjab
862,31.14760025662561,74.99652523118134,0.5680198,Punjab
863,31.14760025662561,74.99760320952228,0.5614251,Punjab
864,31.14760025662561,74.99778287257911,0.57057416,Punjab
865,31.14760025662561,74.99832186174957,0.55138403,Punjab
866,31.14760025662561,74.99841169327799,0.55138403,Punjab
867,31.14760025662561,74.9985015248064,0.57226866,Punjab
868,31.14760025662561,74.99886085092005,0.6157407,Punjab
869,31.14760025662561,74.9992201770337,0.5940367,Punjab
870,31.14760025662561,74.99939984009052,0.5808458,Punjab
871,31.14760025662561,74.99948967161893,0.5889454,Punjab
872,31.14760025662561,74.99957950314734,0.5889454,Punjab
873,31.14760025662561,75.00020832384624,0.61096764,Punjab
874,31.14760025662561,75.00047781843146,0.59954166,Punjab
875,31.14760025662561,75.00083714454512,0.60640126,Punjab
876,31.14760025662561,75.00092697607353,0.580148,Punjab
877,31.14760025662561,75.00101680760194,0.57676464,Punjab
878,31.14760025662561,75.001465965244,0.5572337,Punjab
879,31.14760025662561,75.00191512288606,0.55790687,Punjab
880,31.14760025662561,75.00281343817018,0.57823676,Punjab
881,31.14760025662561,75.00326259581223,0.6275651,Punjab
882,31.14760025662561,75.00335242734064,0.6275651,Punjab
883,31.14760025662561,75.00425074262476,0.70377636,Punjab
884,31.14760025662561,75.00461006873842,0.64286655,Punjab
885,31.14760025662561,75.00469990026683,0.6167437,Punjab
886,31.14760025662561,75.00478973179524,0.6085153,Punjab
887,31.14760025662561,75.00541855249412,0.5525036,Punjab
888,31.14760025662561,75.00550838402253,0.56296724,Punjab
889,31.14760025662561,75.00559821555095,0.55715674,Punjab
890,31.14760025662561,75.00577787860777,0.5777016,Punjab
891,31.14760025662561,75.00658636236348,0.5958826,Punjab
892,31.14760025662561,75.00757450917601,0.5920458,Punjab
893,31.14760025662561,75.00766434070442,0.59753275,Punjab
894,31.14760025662561,75.00901181363061,0.35774648,Punjab
895,31.14760025662561,75.00928130821583,0.34516415,Punjab
896,31.14760025662561,75.00991012891473,0.44594595,Punjab
897,31.14769008815402,74.99499809519834,0.58290005,Punjab
898,31.14769008815402,74.9955370843688,0.5614779,Punjab
899,31.14769008815402,74.99571674742563,0.572327,Punjab
900,31.14769008815402,74.9961659050677,0.5502958,Punjab
901,31.14769008815402,74.99634556812451,0.58801496,Punjab
902,31.14769008815402,74.99661506270975,0.59309936,Punjab
903,31.14769008815402,74.99688455729499,0.5528507,Punjab
904,31.14769008815402,74.99715405188023,0.5863991,Punjab
905,31.14769008815402,74.99751337799387,0.5633971,Punjab
906,31.14769008815402,74.99796253563593,0.58892816,Punjab
907,31.14769008815402,74.99823203022117,0.57708716,Punjab
908,31.14769008815402,74.99841169327799,0.5615919,Punjab
909,31.14769008815402,74.99859135633481,0.58128077,Punjab
910,31.14769008815402,74.9993100085621,0.58924484,Punjab
911,31.14769008815402,75.00092697607353,0.59318745,Punjab
912,31.14769008815402,75.00128630218717,0.5486166,Punjab
913,31.14769008815402,75.00155579677241,0.5543124,Punjab
914,31.14769008815402,75.00209478594289,0.5977401,Punjab
915,31.14769008815402,75.00263377511335,0.60929227,Punjab
916,31.14769008815402,75.002993101227,0.61666995,Punjab
917,31.14769008815402,75.00550838402253,0.55,Punjab
918,31.14769008815402,75.00568804707936,0.54013526,Punjab
919,31.14769008815402,75.00586771013619,0.561137,Punjab
920,31.14769008815402,75.00712535153396,0.63586205,Punjab
921,31.14769008815402,75.0082931614033,0.38792798,Punjab
922,31.14769008815402,75.00883215057378,0.38329646,Punjab
923,31.14769008815402,75.00946097127266,0.4314343,Punjab
924,31.14769008815402,75.00955080280107,0.43290833,Punjab
925,31.14769008815402,75.01116777031248,0.36109316,Punjab
926,31.147779919682435,74.9947286006131,0.5635179,Punjab
927,31.147779919682435,74.99526758978358,0.5749855,Punjab
928,31.147779919682435,74.99562691589722,0.57002455,Punjab
929,31.147779919682435,74.99607607353929,0.565,Punjab
930,31.147779919682435,74.9961659050677,0.5740685,Punjab
931,31.147779919682435,74.99625573659611,0.59065694,Punjab
932,31.147779919682435,74.99652523118134,0.56391954,Punjab
933,31.147779919682435,74.9976930410507,0.5921433,Punjab
934,31.147779919682435,74.99778287257911,0.5921433,Punjab
935,31.147779919682435,74.99805236716435,0.5854375,Punjab
936,31.147779919682435,74.99823203022117,0.5888128,Punjab
937,31.147779919682435,74.99895068244847,0.6104348,Punjab
938,31.147779919682435,74.99913034550529,0.60971475,Punjab
939,31.147779919682435,74.9993100085621,0.59886366,Punjab
940,31.147779919682435,74.99984899773258,0.5892715,Punjab
941,31.147779919682435,75.00047781843146,0.59247863,Punjab
942,31.147779919682435,75.00056764995988,0.59708565,Punjab
943,31.147779919682435,75.00128630218717,0.55965656,Punjab
944,31.147779919682435,75.00137613371558,0.55306035,Punjab
945,31.147779919682435,75.00191512288606,0.56466997,Punjab
946,31.147779919682435,75.0021846174713,0.5829686,Punjab
947,31.147779919682435,75.00236428052811,0.56745887,Punjab
948,31.147779919682435,75.00245411205653,0.5765381,Punjab
949,31.147779919682435,75.00272360664177,0.6012012,Punjab
950,31.147779919682435,75.00398124803954,0.59909976,Punjab
951,31.147779919682435,75.00407107956795,0.5807761,Punjab
952,31.147779919682435,75.0052388894373,0.5354633,Punjab
953,31.147779919682435,75.00604737319301,0.5391705,Punjab
954,31.147779919682435,75.00613720472143,0.55176765,Punjab
955,31.147779919682435,75.00712535153396,0.6411131,Punjab
956,31.147779919682435,75.00910164515902,0.3736142,Punjab
957,31.147779919682435,75.00937113974425,0.3556582,Punjab
958,31.147779919682435,75.01017962349995,0.3023387,Punjab
959,31.147779919682435,75.01098810725567,0.34539288,Punjab
960,31.147869751210845,74.99445910602786,0.59477866,Punjab
961,31.147869751210845,74.99490826366993,0.5760047,Punjab
962,31.147869751210845,74.99508792672675,0.575622,Punjab
963,31.147869751210845,74.99607607353929,0.59468055,Punjab
964,31.147869751210845,74.99643539965292,0.5556908,Punjab
965,31.147869751210845,74.99652523118134,0.5556908,Punjab
966,31.147869751210845,74.99670489423816,0.55034834,Punjab
967,31.147869751210845,74.99724388340864,0.60881853,Punjab
968,31.147869751210845,74.99778287257911,0.59579307,Punjab
969,31.147869751210845,74.9985015248064,0.60747665,Punjab
970,31.147869751210845,74.99895068244847,0.6152316,Punjab
971,31.147869751210845,74.99904051397688,0.599541,Punjab
972,31.147869751210845,74.9992201770337,0.60795456,Punjab
973,31.147869751210845,74.999938829261,0.5962068,Punjab
974,31.147869751210845,75.00047781843146,0.6001146,Punjab
975,31.147869751210845,75.00092697607353,0.5853153,Punjab
976,31.147869751210845,75.00128630218717,0.5649981,Punjab
977,31.147869751210845,75.00200495441447,0.5895647,Punjab
978,31.147869751210845,75.00209478594289,0.5895647,Punjab
979,31.147869751210845,75.00236428052811,0.5759641,Punjab
980,31.147869751210845,75.00344225886906,0.5777281,Punjab
981,31.147869751210845,75.0052388894373,0.52646154,Punjab
982,31.147869751210845,75.00550838402253,0.5391759,Punjab
983,31.147869751210845,75.0059575416646,0.5296322,Punjab
984,31.147869751210845,75.00631686777824,0.55981493,Punjab
985,31.147869751210845,75.00649653083507,0.5336381,Punjab
986,31.147869751210845,75.00658636236348,0.5255995,Punjab
987,31.147869751210845,75.00999996044314,0.36762127,Punjab
988,31.147869751210845,75.01080844419884,0.37015343,Punjab
989,31.147869751210845,75.01107793878408,0.35798818,Punjab
990,31.147959582739254,74.99481843214151,0.5846462,Punjab
991,31.147959582739254,74.99508792672675,0.5786872,Punjab
992,31.147959582739254,74.99535742131198,0.591961,Punjab
993,31.147959582739254,74.99634556812451,0.5827175,Punjab
994,31.147959582739254,74.99778287257911,0.62350255,Punjab
995,31.147959582739254,74.99859135633481,0.58760357,Punjab
996,31.147959582739254,74.99868118786323,0.5931805,Punjab
997,31.147959582739254,74.99913034550529,0.60556847,Punjab
998,31.147959582739254,75.00038798690305,0.5945793,Punjab
999,31.147959582739254,75.00092697607353,0.5631325,Punjab
1000,31.147959582739254,75.00101680760194,0.5483487,Punjab
1001,31.147959582739254,75.00128630218717,0.58349085,Punjab
1002,31.147959582739254,75.00182529135765,0.6114582,Punjab
1003,31.147959582739254,75.00191512288606,0.57138133,Punjab
1004,31.147959582739254,75.00353209039747,0.56186736,Punjab
1005,31.147959582739254,75.00398124803954,0.55406743,Punjab
1006,31.147959582739254,75.00452023721,0.57746476,Punjab
1007,31.147959582739254,75.00505922638048,0.52699614,Punjab
1008,31.147959582739254,75.00577787860777,0.53089243,Punjab
1009,31.147959582739254,75.00640669930665,0.53946084,Punjab
1010,31.147959582739254,75.00649653083507,0.53946084,Punjab
1011,31.147959582739254,75.00658636236348,0.52472395,Punjab
1012,31.147959582739254,75.00685585694872,0.4617696,Punjab
1013,31.147959582739254,75.00712535153396,0.635839,Punjab
1014,31.147959582739254,75.00811349834649,0.38551858,Punjab
1015,31.147959582739254,75.00820332987489,0.3843594,Punjab
1016,31.147959582739254,75.00865248751695,0.37182173,Punjab
1017,31.147959582739254,75.00910164515902,0.34284914,Punjab
1018,31.147959582739254,75.00919147668742,0.32742697,Punjab
1019,31.147959582739254,75.00964063432949,0.5018174,Punjab
1020,31.147959582739254,75.01089827572726,0.37591037,Punjab
1021,31.14804941426767,74.99679472576658,0.54996777,Punjab
1022,31.14804941426767,74.99688455729499,0.55584246,Punjab
1023,31.14804941426767,74.99715405188023,0.5973113,Punjab
1024,31.14804941426767,74.99724388340864,0.6275256,Punjab
1025,31.14804941426767,74.99733371493704,0.63539195,Punjab
1026,31.14804941426767,74.9976930410507,0.64391357,Punjab
1027,31.14804941426767,74.99778287257911,0.64391357,Punjab
1028,31.14804941426767,74.99805236716435,0.6254861,Punjab
1029,31.14804941426767,74.99832186174957,0.58539766,Punjab
1030,31.14804941426767,74.99886085092005,0.6169828,Punjab
1031,31.14804941426767,74.99895068244847,0.6169828,Punjab
1032,31.14804941426767,74.99913034550529,0.61075765,Punjab
1033,31.14804941426767,74.99939984009052,0.597202,Punjab
1034,31.14804941426767,74.99948967161893,0.5935862,Punjab
1035,31.14804941426767,74.99966933467576,0.58312345,Punjab
1036,31.14804941426767,75.001465965244,0.5766912,Punjab
1037,31.14804941426767,75.00209478594289,0.5871575,Punjab
1038,31.14804941426767,75.0022744489997,0.5515695,Punjab
1039,31.14804941426767,75.00281343817018,0.6471869,Punjab
1040,31.14804941426767,75.002993101227,0.56724954,Punjab
1041,31.14804941426767,75.00308293275542,0.5378522,Punjab
1042,31.14804941426767,75.00317276428383,0.53762525,Punjab
1043,31.14804941426767,75.00344225886906,0.5562372,Punjab
1044,31.14804941426767,75.0037117534543,0.5683224,Punjab
1045,31.14804941426767,75.00407107956795,0.5634569,Punjab
1046,31.14804941426767,75.0051490579089,0.53646815,Punjab
1047,31.14804941426767,75.00703552000554,0.64606977,Punjab
1048,31.14804941426767,75.00739484611918,0.6893343,Punjab
1049,31.14804941426767,75.00802366681808,0.48468265,Punjab
1050,31.14804941426767,75.0089219821022,0.33813748,Punjab
1051,31.14804941426767,75.00919147668742,0.3549107,Punjab
1052,31.14804941426767,75.00955080280107,0.5014533,Punjab
1053,31.14804941426767,75.01008979197155,0.31066018,Punjab
1054,31.14804941426767,75.01026945502836,0.33835003,Punjab
1055,31.14804941426767,75.0105389496136,0.36821377,Punjab
1056,31.14804941426767,75.01071861267043,0.36682308,Punjab
1057,31.14804941426767,75.01080844419884,0.37258577,Punjab
1058,31.14804941426767,75.01116777031248,0.33940607,Punjab
1059,31.14813924579608,74.99643539965292,0.6229355,Punjab
1060,31.14813924579608,74.99670489423816,0.6590126,Punjab
1061,31.14813924579608,74.99733371493704,0.61012954,Punjab
1062,31.14813924579608,74.99751337799387,0.6080229,Punjab
1063,31.14813924579608,74.99895068244847,0.6471292,Punjab
1064,31.14813924579608,75.00038798690305,0.5774954,Punjab
1065,31.14813924579608,75.00056764995988,0.5862913,Punjab
1066,31.14813924579608,75.00065748148829,0.57737005,Punjab
1067,31.14813924579608,75.00083714454512,0.57244295,Punjab
1068,31.14813924579608,75.00101680760194,0.56947976,Punjab
1069,31.14813924579608,75.00128630218717,0.57058823,Punjab
1070,31.14813924579608,75.0021846174713,0.5798904,Punjab
1071,31.14813924579608,75.00263377511335,0.70029175,Punjab
1072,31.14813924579608,75.00416091109636,0.57758033,Punjab
1073,31.14813924579608,75.00469990026683,0.5700475,Punjab
1074,31.14813924579608,75.00505922638048,0.54976535,Punjab
1075,31.14813924579608,75.00640669930665,0.5528379,Punjab
1076,31.14813924579608,75.00649653083507,0.5528379,Punjab
1077,31.14813924579608,75.00730501459077,0.63826025,Punjab
1078,31.14813924579608,75.00793383528966,0.57473683,Punjab
1079,31.14813924579608,75.00838299293171,0.34252778,Punjab
1080,31.14813924579608,75.00982029738631,0.4233646,Punjab
1081,31.14813924579608,75.01008979197155,0.37418514,Punjab
1082,31.14813924579608,75.01017962349995,0.35628414,Punjab
1083,31.14813924579608,75.01116777031248,0.34408003,Punjab
1084,31.14822907732449,74.99454893755627,0.5918958,Punjab
1085,31.14822907732449,74.99463876908469,0.5918958,Punjab
1086,31.14822907732449,74.99499809519834,0.60125196,Punjab
1087,31.14822907732449,74.99508792672675,0.5879518,Punjab
1088,31.14822907732449,74.99517775825517,0.57424843,Punjab
1089,31.14822907732449,74.99544725284039,0.59302694,Punjab
1090,31.14822907732449,74.99589641048246,0.637347,Punjab
1091,31.14822907732449,74.99607607353929,0.67216784,Punjab
1092,31.14822907732449,74.99661506270975,0.66895825,Punjab
1093,31.14822907732449,74.9969743888234,0.5859285,Punjab
1094,31.14822907732449,74.99814219869276,0.57340395,Punjab
1095,31.14822907732449,74.99823203022117,0.5879726,Punjab
1096,31.14822907732449,74.99832186174957,0.59693575,Punjab
1097,31.14822907732449,74.99841169327799,0.59693575,Punjab
1098,31.14822907732449,74.99868118786323,0.56603205,Punjab
1099,31.14822907732449,74.99877101939164,0.58998805,Punjab
1100,31.14822907732449,74.999938829261,0.5825487,Punjab
1101,31.14822907732449,75.00137613371558,0.5752427,Punjab
1102,31.14822907732449,75.00272360664177,0.61836106,Punjab
1103,31.14822907732449,75.00290326969859,0.5377556,Punjab
1104,31.14822907732449,75.002993101227,0.5637489,Punjab
1105,31.14822907732449,75.00308293275542,0.5727423,Punjab
1106,31.14822907732449,75.00443040568159,0.59205055,Punjab
1107,31.14822907732449,75.00487956332366,0.56197363,Punjab
1108,31.14822907732449,75.0051490579089,0.5465484,Punjab
1109,31.14822907732449,75.00568804707936,0.58598197,Punjab
1110,31.14822907732449,75.00775417223284,0.5835124,Punjab
1111,31.14822907732449,75.00784400376125,0.59169424,Punjab
1112,31.14822907732449,75.0082931614033,0.3434743,Punjab
1113,31.14822907732449,75.00865248751695,0.34310135,Punjab
1114,31.14822907732449,75.00937113974425,0.497006,Punjab
1115,31.14822907732449,75.00991012891473,0.40947562,Punjab
1116,31.14822907732449,75.01008979197155,0.4380032,Punjab
1117,31.148318908852907,74.99508792672675,0.59123224,Punjab
1118,31.148318908852907,74.99526758978358,0.59693575,Punjab
1119,31.148318908852907,74.99580657895405,0.7138501,Punjab
1120,31.148318908852907,74.99589641048246,0.7138501,Punjab
1121,31.148318908852907,74.99598624201087,0.7233735,Punjab
1122,31.148318908852907,74.99634556812451,0.6355841,Punjab
1123,31.148318908852907,74.99643539965292,0.64369035,Punjab
1124,31.148318908852907,74.99679472576658,0.61751664,Punjab
1125,31.148318908852907,74.99688455729499,0.59438926,Punjab
1126,31.148318908852907,74.99715405188023,0.5928036,Punjab
1127,31.148318908852907,74.99733371493704,0.618123,Punjab
1128,31.148318908852907,74.99814219869276,0.559162,Punjab
1129,31.148318908852907,74.99859135633481,0.5711551,Punjab
1130,31.148318908852907,74.99957950314734,0.5810378,Punjab
1131,31.148318908852907,74.99966933467576,0.5753729,Punjab
1132,31.148318908852907,75.00011849231782,0.5723067,Punjab
1133,31.148318908852907,75.00020832384624,0.5723067,Punjab
1134,31.148318908852907,75.00029815537464,0.5611374,Punjab
1135,31.148318908852907,75.00092697607353,0.58033305,Punjab
1136,31.148318908852907,75.001465965244,0.58564436,Punjab
1137,31.148318908852907,75.00209478594289,0.58724105,Punjab
1138,31.148318908852907,75.0021846174713,0.5757158,Punjab
1139,31.148318908852907,75.00263377511335,0.5270662,Punjab
1140,31.148318908852907,75.00541855249412,0.5647383,Punjab
1141,31.148318908852907,75.00577787860777,0.56628674,Punjab
1142,31.148318908852907,75.00631686777824,0.56853694,Punjab
1143,31.148318908852907,75.00685585694872,0.54487795,Punjab
1144,31.148318908852907,75.00703552000554,0.5598958,Punjab
1145,31.148318908852907,75.00766434070442,0.5868731,Punjab
1146,31.148318908852907,75.00856265598854,0.32618025,Punjab
1147,31.148318908852907,75.00910164515902,0.35995653,Punjab
1148,31.148318908852907,75.00928130821583,0.45779356,Punjab
1149,31.148318908852907,75.00946097127266,0.52838564,Punjab
1150,31.148318908852907,75.00964063432949,0.49824017,Punjab
1151,31.148318908852907,75.00982029738631,0.4186851,Punjab
1152,31.148318908852907,75.01026945502836,0.3824328,Punjab
1153,31.14840874038132,74.99535742131198,0.69652265,Punjab
1154,31.14840874038132,74.9955370843688,0.75035596,Punjab
1155,31.14840874038132,74.99562691589722,0.7406176,Punjab
1156,31.14840874038132,74.99643539965292,0.6129767,Punjab
1157,31.14840874038132,74.99670489423816,0.59429824,Punjab
1158,31.14840874038132,74.99742354646546,0.60584795,Punjab
1159,31.14840874038132,74.99796253563593,0.5890723,Punjab
1160,31.14840874038132,74.99886085092005,0.5961055,Punjab
1161,31.14840874038132,74.99904051397688,0.60428447,Punjab
1162,31.14840874038132,74.9993100085621,0.56792617,Punjab
1163,31.14840874038132,74.99966933467576,0.5904936,Punjab
1164,31.14840874038132,75.00002866078941,0.57341075,Punjab
1165,31.14840874038132,75.00092697607353,0.57974684,Punjab
1166,31.14840874038132,75.00263377511335,0.5168187,Punjab
1167,31.14840874038132,75.00272360664177,0.5168187,Punjab
1168,31.14840874038132,75.00290326969859,0.5567327,Punjab
1169,31.14840874038132,75.00308293275542,0.5709291,Punjab
1170,31.14840874038132,75.00416091109636,0.5621953,Punjab
1171,31.14840874038132,75.00478973179524,0.5981753,Punjab
1172,31.14840874038132,75.00604737319301,0.6277092,Punjab
1173,31.14840874038132,75.00658636236348,0.59663695,Punjab
1174,31.14840874038132,75.00802366681808,0.5346398,Punjab
1175,31.14840874038132,75.00820332987489,0.3022621,Punjab
1176,31.14840874038132,75.00874231904537,0.35698712,Punjab
1177,31.14840874038132,75.0089219821022,0.36242467,Punjab
1178,31.14840874038132,75.0097304658579,0.51908,Punjab
1179,31.14840874038132,75.01008979197155,0.39770356,Punjab
1180,31.14840874038132,75.01017962349995,0.39300847,Punjab
1181,31.14840874038132,75.0105389496136,0.38235295,Punjab
1182,31.14840874038132,75.01098810725567,0.31990793,Punjab
1183,31.14840874038132,75.01107793878408,0.3343926,Punjab
1184,31.14849857190973,74.99463876908469,0.6151122,Punjab
1185,31.14849857190973,74.99490826366993,0.59951454,Punjab
1186,31.14849857190973,74.99499809519834,0.6208614,Punjab
1187,31.14849857190973,74.99544725284039,0.71271247,Punjab
1188,31.14849857190973,74.99670489423816,0.58420444,Punjab
1189,31.14849857190973,74.99679472576658,0.5552795,Punjab
1190,31.14849857190973,74.99832186174957,0.6095211,Punjab
1191,31.14849857190973,74.99877101939164,0.62389255,Punjab
1192,31.14849857190973,74.99886085092005,0.63002366,Punjab
1193,31.14849857190973,75.00002866078941,0.5772023,Punjab
1194,31.14849857190973,75.00020832384624,0.5702155,Punjab
1195,31.14849857190973,75.00083714454512,0.5612303,Punjab
1196,31.14849857190973,75.001465965244,0.601132,Punjab
1197,31.14849857190973,75.00182529135765,0.598163,Punjab
1198,31.14849857190973,75.00272360664177,0.55132973,Punjab
1199,31.14849857190973,75.00317276428383,0.5554321,Punjab
1200,31.14849857190973,75.00335242734064,0.55777365,Punjab
1201,31.14849857190973,75.00353209039747,0.62371635,Punjab
1202,31.14849857190973,75.00407107956795,0.58122504,Punjab
1203,31.14849857190973,75.00416091109636,0.5772688,Punjab
1204,31.14849857190973,75.00425074262476,0.5728916,Punjab
1205,31.14849857190973,75.00434057415318,0.58691704,Punjab
1206,31.14849857190973,75.00478973179524,0.5869615,Punjab
1207,31.14849857190973,75.00550838402253,0.6225949,Punjab
1208,31.14849857190973,75.0067660254203,0.5208333,Punjab
1209,31.14849857190973,75.00694568847713,0.44738206,Punjab
1210,31.14849857190973,75.00775417223284,0.589404,Punjab
1211,31.14849857190973,75.00901181363061,0.44329897,Punjab
1212,31.14849857190973,75.00910164515902,0.49634627,Punjab
1213,31.14849857190973,75.00919147668742,0.53784287,Punjab
1214,31.14849857190973,75.00955080280107,0.583484,Punjab
1215,31.14849857190973,75.00982029738631,0.39723802,Punjab
1216,31.14849857190973,75.01026945502836,0.3753281,Punjab
1217,31.14849857190973,75.01098810725567,0.3651655,Punjab
1218,31.14858840343814,74.99481843214151,0.5997518,Punjab
1219,31.14858840343814,74.99490826366993,0.62599707,Punjab
1220,31.14858840343814,74.99499809519834,0.6718003,Punjab
1221,31.14858840343814,74.99526758978358,0.7155193,Punjab
1222,31.14858840343814,74.99562691589722,0.5953156,Punjab
1223,31.14858840343814,74.99625573659611,0.57712847,Punjab
1224,31.14858840343814,74.99670489423816,0.5752322,Punjab
1225,31.14858840343814,74.99688455729499,0.5262986,Punjab
1226,31.14858840343814,74.99706422035182,0.57281554,Punjab
1227,31.14858840343814,74.99715405188023,0.57281554,Punjab
1228,31.14858840343814,74.99760320952228,0.55642533,Punjab
1229,31.14858840343814,74.99778287257911,0.5515464,Punjab
1230,31.14858840343814,74.99832186174957,0.5727328,Punjab
1231,31.14858840343814,74.99877101939164,0.59286946,Punjab
1232,31.14858840343814,74.9993100085621,0.5781058,Punjab
1233,31.14858840343814,74.999938829261,0.6213152,Punjab
1234,31.14858840343814,75.00011849231782,0.6197271,Punjab
1235,31.14858840343814,75.00029815537464,0.6431934,Punjab
1236,31.14858840343814,75.00038798690305,0.6990533,Punjab
1237,31.14858840343814,75.00110663913036,0.60042506,Punjab
1238,31.14858840343814,75.00137613371558,0.59530026,Punjab
1239,31.14858840343814,75.00182529135765,0.57589287,Punjab
1240,31.14858840343814,75.002993101227,0.5399333,Punjab
1241,31.14858840343814,75.00326259581223,0.5513918,Punjab
1242,31.14858840343814,75.00416091109636,0.588727,Punjab
1243,31.14858840343814,75.0051490579089,0.59928644,Punjab
1244,31.14858840343814,75.00541855249412,0.59103644,Punjab
1245,31.14858840343814,75.00631686777824,0.5059848,Punjab
1246,31.14858840343814,75.00658636236348,0.4989573,Punjab
1247,31.14858840343814,75.00694568847713,0.45473146,Punjab
1248,31.14858840343814,75.00730501459077,0.59591055,Punjab
1249,31.14858840343814,75.00766434070442,0.5691762,Punjab
1250,31.14858840343814,75.00847282446013,0.4850835,Punjab
1251,31.14858840343814,75.01017962349995,0.3637829,Punjab
1252,31.14858840343814,75.01026945502836,0.3637829,Punjab
1253,31.14858840343814,75.01062878114202,0.37656397,Punjab
1254,31.14858840343814,75.01071861267043,0.36585367,Punjab
1255,31.148678234966557,74.99544725284039,0.6,Punjab
1256,31.148678234966557,74.9955370843688,0.57183456,Punjab
1257,31.148678234966557,74.99634556812451,0.5832575,Punjab
1258,31.148678234966557,74.99679472576658,0.5633626,Punjab
1259,31.148678234966557,74.9969743888234,0.5603865,Punjab
1260,31.148678234966557,74.99742354646546,0.5738306,Punjab
1261,31.148678234966557,74.99751337799387,0.5652437,Punjab
1262,31.148678234966557,74.99796253563593,0.5862884,Punjab
1263,31.148678234966557,75.00002866078941,0.64327246,Punjab
1264,31.148678234966557,75.00011849231782,0.643851,Punjab
1265,31.148678234966557,75.00038798690305,0.69227934,Punjab
1266,31.148678234966557,75.00047781843146,0.6883904,Punjab
1267,31.148678234966557,75.00065748148829,0.7266873,Punjab
1268,31.148678234966557,75.00119647065877,0.583699,Punjab
1269,31.148678234966557,75.00173545982923,0.5914267,Punjab
1270,31.148678234966557,75.00209478594289,0.57746476,Punjab
1271,31.148678234966557,75.00236428052811,0.5369226,Punjab
1272,31.148678234966557,75.00245411205653,0.5451041,Punjab
1273,31.148678234966557,75.00290326969859,0.5370775,Punjab
1274,31.148678234966557,75.002993101227,0.542019,Punjab
1275,31.148678234966557,75.0037117534543,0.56819147,Punjab
1276,31.148678234966557,75.0051490579089,0.5786728,Punjab
1277,31.148678234966557,75.00541855249412,0.5770497,Punjab
1278,31.148678234966557,75.00622703624983,0.49216613,Punjab
1279,31.148678234966557,75.0067660254203,0.47659788,Punjab
1280,31.148678234966557,75.00721518306236,0.5395796,Punjab
1281,31.148678234966557,75.00730501459077,0.5809129,Punjab
1282,31.148678234966557,75.00757450917601,0.55321467,Punjab
1283,31.148678234966557,75.00766434070442,0.5821755,Punjab
1284,31.148678234966557,75.00865248751695,0.57202137,Punjab
1285,31.148678234966557,75.00874231904537,0.56358135,Punjab
1286,31.148678234966557,75.00910164515902,0.5672713,Punjab
1287,31.148678234966557,75.00919147668742,0.55697143,Punjab
1288,31.148678234966557,75.01017962349995,0.33394733,Punjab
1289,31.148678234966557,75.01062878114202,0.359375,Punjab
1290,31.148678234966557,75.01080844419884,0.3659323,Punjab
1291,31.148768066494966,74.9947286006131,0.71371573,Punjab
1292,31.148768066494966,74.99571674742563,0.5934594,Punjab
1293,31.148768066494966,74.99580657895405,0.5668144,Punjab
1294,31.148768066494966,74.99598624201087,0.5709698,Punjab
1295,31.148768066494966,74.99805236716435,0.5817265,Punjab
1296,31.148768066494966,74.99904051397688,0.5496206,Punjab
1297,31.148768066494966,74.99966933467576,0.5792541,Punjab
1298,31.148768066494966,75.00002866078941,0.5712001,Punjab
1299,31.148768066494966,75.00101680760194,0.68902594,Punjab
1300,31.148768066494966,75.00281343817018,0.5548319,Punjab
1301,31.148768066494966,75.00308293275542,0.54111797,Punjab
1302,31.148768066494966,75.00317276428383,0.5315897,Punjab
1303,31.148768066494966,75.00344225886906,0.53198826,Punjab
1304,31.148768066494966,75.00380158498271,0.5874468,Punjab
1305,31.148768066494966,75.00452023721,0.57990205,Punjab
1306,31.148768066494966,75.00505922638048,0.5445545,Punjab
1307,31.148768066494966,75.00532872096571,0.55196303,Punjab
1308,31.148768066494966,75.00541855249412,0.5465216,Punjab
1309,31.148768066494966,75.00559821555095,0.5535976,Punjab
1310,31.148768066494966,75.00604737319301,0.53132707,Punjab
1311,31.148768066494966,75.01017962349995,0.37144426,Punjab
1312,31.148768066494966,75.01035928655678,0.38832352,Punjab
1313,31.148768066494966,75.01098810725567,0.37586114,Punjab
1314,31.148857898023376,74.99481843214151,0.68356377,Punjab
1315,31.148857898023376,74.99499809519834,0.57404983,Punjab
1316,31.148857898023376,74.99571674742563,0.5806344,Punjab
1317,31.148857898023376,74.99580657895405,0.578177,Punjab
1318,31.148857898023376,74.99661506270975,0.5913978,Punjab
1319,31.148857898023376,74.99742354646546,0.59305805,Punjab
1320,31.148857898023376,74.99751337799387,0.5956482,Punjab
1321,31.148857898023376,74.99832186174957,0.5990099,Punjab
1322,31.148857898023376,74.99841169327799,0.5990099,Punjab
1323,31.148857898023376,74.9985015248064,0.5992908,Punjab
1324,31.148857898023376,74.9992201770337,0.55482125,Punjab
1325,31.148857898023376,74.9993100085621,0.5786217,Punjab
1326,31.148857898023376,74.99975916620417,0.6036036,Punjab
1327,31.148857898023376,75.00029815537464,0.5513156,Punjab
1328,31.148857898023376,75.001465965244,0.6412342,Punjab
1329,31.148857898023376,75.00164562830082,0.6418371,Punjab
1330,31.148857898023376,75.00173545982923,0.62355006,Punjab
1331,31.148857898023376,75.00254394358494,0.5568589,Punjab
1332,31.148857898023376,75.00290326969859,0.5738529,Punjab
1333,31.148857898023376,75.002993101227,0.552146,Punjab
1334,31.148857898023376,75.00317276428383,0.54817706,Punjab
1335,31.148857898023376,75.00380158498271,0.5758549,Punjab
1336,31.148857898023376,75.00416091109636,0.5607744,Punjab
1337,31.148857898023376,75.00425074262476,0.57562006,Punjab
1338,31.148857898023376,75.0051490579089,0.53476393,Punjab
1339,31.148857898023376,75.00550838402253,0.517503,Punjab
1340,31.148857898023376,75.00568804707936,0.5416667,Punjab
1341,31.148857898023376,75.00658636236348,0.4685011,Punjab
1342,31.148857898023376,75.00730501459077,0.5178617,Punjab
1343,31.148857898023376,75.00802366681808,0.5662166,Punjab
1344,31.148857898023376,75.00856265598854,0.5406472,Punjab
1345,31.148857898023376,75.00919147668742,0.5385801,Punjab
1346,31.148857898023376,75.00946097127266,0.5545566,Punjab
1347,31.14894772955179,74.99445910602786,0.66029245,Punjab
1348,31.14894772955179,74.99463876908469,0.64882845,Punjab
1349,31.14894772955179,74.99481843214151,0.5898251,Punjab
1350,31.14894772955179,74.99490826366993,0.576181,Punjab
1351,31.14894772955179,74.99526758978358,0.5722932,Punjab
1352,31.14894772955179,74.99571674742563,0.58105403,Punjab
1353,31.14894772955179,74.99625573659611,0.59230304,Punjab
1354,31.14894772955179,74.99643539965292,0.6043822,Punjab
1355,31.14894772955179,74.99661506270975,0.61180943,Punjab
1356,31.14894772955179,74.99670489423816,0.62023807,Punjab
1357,31.14894772955179,74.9969743888234,0.6303153,Punjab
1358,31.14894772955179,74.99751337799387,0.59976697,Punjab
1359,31.14894772955179,74.99832186174957,0.619213,Punjab
1360,31.14894772955179,74.99868118786323,0.5986079,Punjab
1361,31.14894772955179,74.99895068244847,0.6030303,Punjab
1362,31.14894772955179,74.99939984009052,0.5985832,Punjab
1363,31.14894772955179,74.99975916620417,0.59380376,Punjab
1364,31.14894772955179,75.00002866078941,0.58477706,Punjab
1365,31.14894772955179,75.00020832384624,0.5691129,Punjab
1366,31.14894772955179,75.00029815537464,0.5508193,Punjab
1367,31.14894772955179,75.00038798690305,0.55197024,Punjab
1368,31.14894772955179,75.0007473130167,0.6459964,Punjab
1369,31.14894772955179,75.00164562830082,0.67277473,Punjab
1370,31.14894772955179,75.00182529135765,0.634562,Punjab
1371,31.14894772955179,75.00209478594289,0.63514704,Punjab
1372,31.14894772955179,75.00272360664177,0.5661288,Punjab
1373,31.14894772955179,75.00290326969859,0.5747981,Punjab
1374,31.14894772955179,75.00344225886906,0.5585157,Punjab
1375,31.14894772955179,75.00416091109636,0.55758625,Punjab
1376,31.14894772955179,75.00443040568159,0.5583044,Punjab
1377,31.14894772955179,75.00469990026683,0.53381383,Punjab
1378,31.14894772955179,75.00496939485207,0.5378879,Punjab
1379,31.14894772955179,75.00505922638048,0.5337741,Punjab
1380,31.14894772955179,75.00550838402253,0.5268962,Punjab
1381,31.14894772955179,75.00586771013619,0.55095863,Punjab
1382,31.14894772955179,75.00649653083507,0.49435446,Punjab
1383,31.14894772955179,75.0067660254203,0.46106556,Punjab
1384,31.14894772955179,75.00766434070442,0.5209005,Punjab
1385,31.14894772955179,75.00775417223284,0.5209005,Punjab
1386,31.14894772955179,75.00793383528966,0.53328323,Punjab
1387,31.14894772955179,75.00802366681808,0.5450644,Punjab
1388,31.14894772955179,75.00838299293171,0.5174459,Punjab
1389,31.14894772955179,75.00910164515902,0.54626626,Punjab
1390,31.14894772955179,75.01107793878408,0.39777967,Punjab
1391,31.149037561080203,74.99454893755627,0.59325397,Punjab
1392,31.149037561080203,74.9947286006131,0.58201057,Punjab
1393,31.149037561080203,74.99526758978358,0.59725684,Punjab
1394,31.149037561080203,74.99535742131198,0.5923445,Punjab
1395,31.149037561080203,74.99625573659611,0.599878,Punjab
1396,31.149037561080203,74.99643539965292,0.59741855,Punjab
1397,31.149037561080203,74.99796253563593,0.6189167,Punjab
1398,31.149037561080203,74.99814219869276,0.60155386,Punjab
1399,31.149037561080203,74.99877101939164,0.6297994,Punjab
1400,31.149037561080203,74.99957950314734,0.60568386,Punjab
1401,31.149037561080203,75.00002866078941,0.5715358,Punjab
1402,31.149037561080203,75.00047781843146,0.5490364,Punjab
1403,31.149037561080203,75.00083714454512,0.5712293,Punjab
1404,31.149037561080203,75.001465965244,0.6154495,Punjab
1405,31.149037561080203,75.00164562830082,0.63169163,Punjab
1406,31.149037561080203,75.00182529135765,0.63426644,Punjab
1407,31.149037561080203,75.00191512288606,0.6407218,Punjab
1408,31.149037561080203,75.00245411205653,0.61074346,Punjab
1409,31.149037561080203,75.002993101227,0.60925776,Punjab
1410,31.149037561080203,75.0037117534543,0.5783749,Punjab
1411,31.149037561080203,75.00452023721,0.54884547,Punjab
1412,31.149037561080203,75.00469990026683,0.52770007,Punjab
1413,31.149037561080203,75.00487956332366,0.5579183,Punjab
1414,31.149037561080203,75.00613720472143,0.5543886,Punjab
1415,31.149037561080203,75.00640669930665,0.54055524,Punjab
1416,31.149037561080203,75.00658636236348,0.5284373,Punjab
1417,31.149037561080203,75.0067660254203,0.51979464,Punjab
1418,31.149037561080203,75.00820332987489,0.49682608,Punjab
1419,31.149037561080203,75.0082931614033,0.49777967,Punjab
1420,31.149037561080203,75.0089219821022,0.5674067,Punjab
1421,31.149037561080203,75.00955080280107,0.57145005,Punjab
1422,31.149037561080203,75.01107793878408,0.43855876,Punjab
1423,31.149037561080203,75.01116777031248,0.44359255,Punjab
1424,31.14912739260861,74.99454893755627,0.5885486,Punjab
1425,31.14912739260861,74.99481843214151,0.5842986,Punjab
1426,31.14912739260861,74.99517775825517,0.592233,Punjab
1427,31.14912739260861,74.99670489423816,0.5745514,Punjab
1428,31.14912739260861,74.99679472576658,0.5244565,Punjab
1429,31.14912739260861,74.99733371493704,0.604974,Punjab
1430,31.14912739260861,74.99742354646546,0.6118881,Punjab
1431,31.14912739260861,74.99787270410752,0.64214045,Punjab
1432,31.14912739260861,74.99796253563593,0.63041747,Punjab
1433,31.14912739260861,74.99814219869276,0.6353373,Punjab
1434,31.14912739260861,75.00002866078941,0.59173757,Punjab
1435,31.14912739260861,75.00056764995988,0.57334125,Punjab
1436,31.14912739260861,75.00110663913036,0.6146675,Punjab
1437,31.14912739260861,75.00137613371558,0.5740276,Punjab
1438,31.14912739260861,75.00182529135765,0.6112952,Punjab
1439,31.14912739260861,75.00209478594289,0.64516276,Punjab
1440,31.14912739260861,75.00245411205653,0.6162047,Punjab
1441,31.14912739260861,75.00443040568159,0.5747896,Punjab
1442,31.14912739260861,75.00478973179524,0.5774207,Punjab
1443,31.14912739260861,75.00532872096571,0.5703909,Punjab
1444,31.14912739260861,75.00658636236348,0.58521754,Punjab
1445,31.14912739260861,75.00739484611918,0.60886955,Punjab
1446,31.14912739260861,75.00757450917601,0.570712,Punjab
1447,31.14912739260861,75.00802366681808,0.5426738,Punjab
1448,31.14912739260861,75.00910164515902,0.56796116,Punjab
1449,31.14912739260861,75.00919147668742,0.5897002,Punjab
1450,31.14912739260861,75.00982029738631,0.5569795,Punjab
1451,31.14912739260861,75.01035928655678,0.41235748,Punjab
1452,31.149217224137026,74.99508792672675,0.5807539,Punjab
1453,31.149217224137026,74.99517775825517,0.59227055,Punjab
1454,31.149217224137026,74.99562691589722,0.5883296,Punjab
1455,31.149217224137026,74.99670489423816,0.5774112,Punjab
1456,31.149217224137026,74.99688455729499,0.5687438,Punjab
1457,31.149217224137026,74.99742354646546,0.5897587,Punjab
1458,31.149217224137026,74.99760320952228,0.6282782,Punjab
1459,31.149217224137026,74.99832186174957,0.6233766,Punjab
1460,31.149217224137026,74.9985015248064,0.6404925,Punjab
1461,31.149217224137026,74.99859135633481,0.6450735,Punjab
1462,31.149217224137026,74.99895068244847,0.61662817,Punjab
1463,31.149217224137026,74.9993100085621,0.59929496,Punjab
1464,31.149217224137026,75.00092697607353,0.6201944,Punjab
1465,31.149217224137026,75.001465965244,0.60882527,Punjab
1466,31.149217224137026,75.00245411205653,0.6173972,Punjab
1467,31.149217224137026,75.00263377511335,0.6784684,Punjab
1468,31.149217224137026,75.00326259581223,0.6966708,Punjab
1469,31.149217224137026,75.00434057415318,0.59276664,Punjab
1470,31.149217224137026,75.00469990026683,0.5760234,Punjab
1471,31.149217224137026,75.00505922638048,0.58691347,Punjab
1472,31.149217224137026,75.00577787860777,0.5269789,Punjab
1473,31.149217224137026,75.0067660254203,0.60447353,Punjab
1474,31.149217224137026,75.00694568847713,0.58678406,Punjab
1475,31.149217224137026,75.0074846776476,0.5920258,Punjab
1476,31.149217224137026,75.00847282446013,0.5272849,Punjab
1477,31.149217224137026,75.00865248751695,0.56663406,Punjab
1478,31.149217224137026,75.00874231904537,0.5925179,Punjab
1479,31.149217224137026,75.00955080280107,0.5553379,Punjab
1480,31.149217224137026,75.00964063432949,0.5553379,Punjab
1481,31.149217224137026,75.0097304658579,0.56437194,Punjab
1482,31.149217224137026,75.00982029738631,0.5778102,Punjab
1483,31.149217224137026,75.00999996044314,0.4116402,Punjab
1484,31.149217224137026,75.01062878114202,0.4783541,Punjab
1485,31.149217224137026,75.01089827572726,0.44814616,Punjab
1486,31.149217224137026,75.01098810725567,0.45157894,Punjab
1487,31.14930705566544,74.99544725284039,0.6074707,Punjab
1488,31.14930705566544,74.99652523118134,0.5726967,Punjab
1489,31.14930705566544,74.99706422035182,0.5863718,Punjab
1490,31.14930705566544,74.99724388340864,0.6041131,Punjab
1491,31.14930705566544,74.99742354646546,0.60481787,Punjab
1492,31.14930705566544,74.99787270410752,0.62746733,Punjab
1493,31.14930705566544,74.9985015248064,0.61930585,Punjab
1494,31.14930705566544,74.9993100085621,0.57819223,Punjab
1495,31.14930705566544,75.0007473130167,0.64972085,Punjab
1496,31.14930705566544,75.00164562830082,0.64637196,Punjab
1497,31.14930705566544,75.00182529135765,0.6213845,Punjab
1498,31.14930705566544,75.0037117534543,0.6876021,Punjab
1499,31.14930705566544,75.00389141651112,0.66948634,Punjab
1500,31.14930705566544,75.00452023721,0.619034,Punjab
1501,31.14930705566544,75.00469990026683,0.6006844,Punjab
1502,31.14930705566544,75.00478973179524,0.61153173,Punjab
1503,31.14930705566544,75.00487956332366,0.60826826,Punjab
1504,31.14930705566544,75.00613720472143,0.5554235,Punjab
1505,31.14930705566544,75.00793383528966,0.57339305,Punjab
1506,31.14930705566544,75.0082931614033,0.514518,Punjab
1507,31.14930705566544,75.00883215057378,0.6768382,Punjab
1508,31.14930705566544,75.00910164515902,0.64580774,Punjab
1509,31.14930705566544,75.0097304658579,0.5527166,Punjab
1510,31.14930705566544,75.00991012891473,0.5054629,Punjab
1511,31.14930705566544,75.01017962349995,0.47499073,Punjab
1512,31.14930705566544,75.01044911808519,0.49080312,Punjab
1513,31.14939688719385,74.99481843214151,0.56883115,Punjab
1514,31.14939688719385,74.99499809519834,0.57932615,Punjab
1515,31.14939688719385,74.9955370843688,0.5876943,Punjab
1516,31.14939688719385,74.99571674742563,0.5716112,Punjab
1517,31.14939688719385,74.99643539965292,0.6020656,Punjab
1518,31.14939688719385,74.99688455729499,0.5947282,Punjab
1519,31.14939688719385,74.99724388340864,0.5499383,Punjab
1520,31.14939688719385,74.99751337799387,0.6128668,Punjab
1521,31.14939688719385,74.99796253563593,0.6356838,Punjab
1522,31.14939688719385,74.9992201770337,0.5966574,Punjab
1523,31.14939688719385,74.99975916620417,0.58235294,Punjab
1524,31.14939688719385,75.00038798690305,0.5882133,Punjab
1525,31.14939688719385,75.00254394358494,0.6094022,Punjab
1526,31.14939688719385,75.00362192192588,0.68672025,Punjab
1527,31.14939688719385,75.00380158498271,0.6855154,Punjab
1528,31.14939688719385,75.00398124803954,0.67167544,Punjab
1529,31.14939688719385,75.00425074262476,0.6725101,Punjab
1530,31.14939688719385,75.00434057415318,0.6753877,Punjab
1531,31.14939688719385,75.00505922638048,0.6342593,Punjab
1532,31.14939688719385,75.0051490579089,0.62923825,Punjab
1533,31.14939688719385,75.0052388894373,0.62923825,Punjab
1534,31.14939688719385,75.00577787860777,0.615444,Punjab
1535,31.14939688719385,75.00604737319301,0.58803034,Punjab
1536,31.14939688719385,75.00667619389189,0.5799797,Punjab
1537,31.14939688719385,75.00703552000554,0.5791389,Punjab
1538,31.14939688719385,75.00730501459077,0.6049119,Punjab
1539,31.14939688719385,75.0074846776476,0.5658942,Punjab
1540,31.14939688719385,75.00802366681808,0.63460106,Punjab
1541,31.14939688719385,75.00964063432949,0.5286416,Punjab
1542,31.14939688719385,75.0097304658579,0.5080405,Punjab
1543,31.14939688719385,75.00999996044314,0.4236045,Punjab
1544,31.14939688719385,75.01008979197155,0.44597414,Punjab
1545,31.14939688719385,75.01017962349995,0.4920764,Punjab
1546,31.14939688719385,75.01035928655678,0.48466918,Punjab
1547,31.14939688719385,75.01044911808519,0.502447,Punjab
1548,31.14939688719385,75.0105389496136,0.49838188,Punjab
1549,31.14948671872226,74.99508792672675,0.5844504,Punjab
1550,31.14948671872226,74.99589641048246,0.568457,Punjab
1551,31.14948671872226,74.99742354646546,0.5597248,Punjab
1552,31.14948671872226,74.9976930410507,0.59939027,Punjab
1553,31.14948671872226,74.99778287257911,0.59939027,Punjab
1554,31.14948671872226,74.99796253563593,0.6089965,Punjab
1555,31.14948671872226,74.99904051397688,0.6086585,Punjab
1556,31.14948671872226,74.99939984009052,0.5872642,Punjab
1557,31.14948671872226,75.00002866078941,0.5771849,Punjab
1558,31.14948671872226,75.00101680760194,0.58399063,Punjab
1559,31.14948671872226,75.001465965244,0.5955972,Punjab
1560,31.14948671872226,75.00263377511335,0.60943615,Punjab
1561,31.14948671872226,75.00308293275542,0.6238719,Punjab
1562,31.14948671872226,75.00344225886906,0.6312636,Punjab
1563,31.14948671872226,75.00362192192588,0.6513761,Punjab
1564,31.14948671872226,75.00461006873842,0.6794066,Punjab
1565,31.14948671872226,75.00505922638048,0.6335669,Punjab
1566,31.14948671872226,75.00622703624983,0.6138414,Punjab
1567,31.14948671872226,75.00649653083507,0.61576056,Punjab
1568,31.14948671872226,75.00667619389189,0.59754676,Punjab
1569,31.14948671872226,75.00739484611918,0.60646427,Punjab
1570,31.14948671872226,75.00757450917601,0.59295267,Punjab
1571,31.14948671872226,75.00820332987489,0.60338575,Punjab
1572,31.14948671872226,75.00838299293171,0.594194,Punjab
1573,31.14948671872226,75.00847282446013,0.5918114,Punjab
1574,31.14948671872226,75.00964063432949,0.5112189,Punjab
1575,31.14948671872226,75.0097304658579,0.48481578,Punjab
1576,31.14948671872226,75.01017962349995,0.4746431,Punjab
1577,31.14948671872226,75.01044911808519,0.5065574,Punjab
1578,31.14957655025067,74.99490826366993,0.56235904,Punjab
1579,31.14957655025067,74.99526758978358,0.57855695,Punjab
1580,31.14957655025067,74.99670489423816,0.63278687,Punjab
1581,31.14957655025067,74.99688455729499,0.5965792,Punjab
1582,31.14957655025067,74.99724388340864,0.58156025,Punjab
1583,31.14957655025067,74.99751337799387,0.58511287,Punjab
1584,31.14957655025067,74.9976930410507,0.60783094,Punjab
1585,31.14957655025067,74.99778287257911,0.60783094,Punjab
1586,31.14957655025067,74.99787270410752,0.6071653,Punjab
1587,31.14957655025067,74.99832186174957,0.62202466,Punjab
1588,31.14957655025067,74.99859135633481,0.6036697,Punjab
1589,31.14957655025067,74.99868118786323,0.5983412,Punjab
1590,31.14957655025067,74.99895068244847,0.5897436,Punjab
1591,31.14957655025067,75.00002866078941,0.5956044,Punjab
1592,31.14957655025067,75.0007473130167,0.5556886,Punjab
1593,31.14957655025067,75.00083714454512,0.5556886,Punjab
1594,31.14957655025067,75.00110663913036,0.553402,Punjab
1595,31.14957655025067,75.00164562830082,0.5804007,Punjab
1596,31.14957655025067,75.0037117534543,0.6305674,Punjab
1597,31.14957655025067,75.00380158498271,0.6311821,Punjab
1598,31.14957655025067,75.00443040568159,0.6708792,Punjab
1599,31.14957655025067,75.0052388894373,0.61259115,Punjab
1600,31.14957655025067,75.00568804707936,0.6370558,Punjab
1601,31.14957655025067,75.0059575416646,0.6985538,Punjab
1602,31.14957655025067,75.00658636236348,0.6778623,Punjab
1603,31.14957655025067,75.00730501459077,0.66838616,Punjab
1604,31.14957655025067,75.00757450917601,0.6396791,Punjab
1605,31.14957655025067,75.00811349834649,0.57518,Punjab
1606,31.14957655025067,75.00820332987489,0.58398616,Punjab
1607,31.14957655025067,75.00838299293171,0.5814319,Punjab
1608,31.14957655025067,75.00883215057378,0.56040174,Punjab
1609,31.14957655025067,75.00928130821583,0.4712765,Punjab
1610,31.14957655025067,75.00991012891473,0.52832305,Punjab
1611,31.14957655025067,75.00999996044314,0.51342285,Punjab
1612,31.149666381779085,74.99490826366993,0.5555556,Punjab
1613,31.149666381779085,74.99526758978358,0.598975,Punjab
1614,31.149666381779085,74.99562691589722,0.57560194,Punjab
1615,31.149666381779085,74.9961659050677,0.5792507,Punjab
1616,31.149666381779085,74.99706422035182,0.6094317,Punjab
1617,31.149666381779085,74.99733371493704,0.58495003,Punjab
1618,31.149666381779085,74.9976930410507,0.61856323,Punjab
1619,31.149666381779085,74.99796253563593,0.6194383,Punjab
1620,31.149666381779085,74.99859135633481,0.60605145,Punjab
1621,31.149666381779085,74.99868118786323,0.61536205,Punjab
1622,31.149666381779085,74.999938829261,0.60507447,Punjab
1623,31.149666381779085,75.00002866078941,0.6039961,Punjab
1624,31.149666381779085,75.00011849231782,0.5971466,Punjab
1625,31.149666381779085,75.00020832384624,0.5971466,Punjab
1626,31.149666381779085,75.00047781843146,0.6262314,Punjab
1627,31.149666381779085,75.0007473130167,0.58243275,Punjab
1628,31.149666381779085,75.00092697607353,0.56322426,Punjab
1629,31.149666381779085,75.00119647065877,0.5353244,Punjab
1630,31.149666381779085,75.00137613371558,0.53562653,Punjab
1631,31.149666381779085,75.00245411205653,0.6160474,Punjab
1632,31.149666381779085,75.00380158498271,0.62489456,Punjab
1633,31.149666381779085,75.00389141651112,0.605396,Punjab
1634,31.149666381779085,75.00434057415318,0.6447368,Punjab
1635,31.149666381779085,75.00469990026683,0.62906307,Punjab
1636,31.149666381779085,75.00496939485207,0.61724365,Punjab
1637,31.149666381779085,75.00568804707936,0.6090762,Punjab
1638,31.149666381779085,75.00667619389189,0.68667144,Punjab
1639,31.149666381779085,75.00739484611918,0.64825,Punjab
1640,31.149666381779085,75.00775417223284,0.55370885,Punjab
1641,31.149666381779085,75.00793383528966,0.5597232,Punjab
1642,31.149666381779085,75.00802366681808,0.58308786,Punjab
1643,31.149666381779085,75.00838299293171,0.6201859,Punjab
1644,31.149666381779085,75.00865248751695,0.57983196,Punjab
1645,31.149666381779085,75.00919147668742,0.48388052,Punjab
1646,31.149666381779085,75.00928130821583,0.51928586,Punjab
1647,31.149666381779085,75.00955080280107,0.5578027,Punjab
1648,31.149666381779085,75.00964063432949,0.5578027,Punjab
1649,31.149666381779085,75.01035928655678,0.518463,Punjab
1650,31.149666381779085,75.01071861267043,0.56819534,Punjab
1651,31.149666381779085,75.01116777031248,0.57933325,Punjab
1652,31.149756213307494,74.99463876908469,0.5800389,Punjab
1653,31.149756213307494,74.99598624201087,0.54993516,Punjab
1654,31.149756213307494,74.99652523118134,0.5856335,Punjab
1655,31.149756213307494,74.99661506270975,0.5874674,Punjab
1656,31.149756213307494,74.99706422035182,0.61646926,Punjab
1657,31.149756213307494,74.99715405188023,0.61646926,Punjab
1658,31.149756213307494,74.9976930410507,0.5886174,Punjab
1659,31.149756213307494,74.99859135633481,0.6064787,Punjab
1660,31.149756213307494,74.99877101939164,0.6044212,Punjab
1661,31.149756213307494,74.99913034550529,0.6322617,Punjab
1662,31.149756213307494,75.00101680760194,0.55927837,Punjab
1663,31.149756213307494,75.00200495441447,0.57754916,Punjab
1664,31.149756213307494,75.0021846174713,0.5678392,Punjab
1665,31.149756213307494,75.00236428052811,0.5970962,Punjab
1666,31.149756213307494,75.00281343817018,0.63103724,Punjab
1667,31.149756213307494,75.00317276428383,0.6281459,Punjab
1668,31.149756213307494,75.00425074262476,0.64164585,Punjab
1669,31.149756213307494,75.00434057415318,0.63411057,Punjab
1670,31.149756213307494,75.00452023721,0.63279957,Punjab
1671,31.149756213307494,75.0051490579089,0.6231189,Punjab
1672,31.149756213307494,75.00541855249412,0.63787425,Punjab
1673,31.149756213307494,75.00586771013619,0.6254322,Punjab
1674,31.149756213307494,75.00838299293171,0.61256546,Punjab
1675,31.149756213307494,75.00856265598854,0.56944805,Punjab
1676,31.149756213307494,75.00901181363061,0.52775085,Punjab
1677,31.149756213307494,75.01017962349995,0.4992211,Punjab
1678,31.149756213307494,75.01116777031248,0.5738468,Punjab
1679,31.149846044835908,74.99445910602786,0.6081038,Punjab
1680,31.149846044835908,74.99490826366993,0.58713824,Punjab
1681,31.149846044835908,74.99526758978358,0.5914595,Punjab
1682,31.149846044835908,74.99580657895405,0.5514682,Punjab
1683,31.149846044835908,74.99598624201087,0.54,Punjab
1684,31.149846044835908,74.9961659050677,0.5953897,Punjab
1685,31.149846044835908,74.99823203022117,0.631101,Punjab
1686,31.149846044835908,74.99859135633481,0.58564234,Punjab
1687,31.149846044835908,74.99886085092005,0.6348123,Punjab
1688,31.149846044835908,74.99948967161893,0.63017285,Punjab
1689,31.149846044835908,75.00065748148829,0.6256519,Punjab
1690,31.149846044835908,75.00083714454512,0.5844696,Punjab
1691,31.149846044835908,75.00092697607353,0.5703012,Punjab
1692,31.149846044835908,75.00128630218717,0.55841017,Punjab
1693,31.149846044835908,75.00155579677241,0.5650031,Punjab
1694,31.149846044835908,75.00173545982923,0.57833713,Punjab
1695,31.149846044835908,75.00254394358494,0.5683277,Punjab
1696,31.149846044835908,75.00335242734064,0.61752486,Punjab
1697,31.149846044835908,75.00416091109636,0.62227076,Punjab
1698,31.149846044835908,75.0067660254203,0.5662331,Punjab
1699,31.149846044835908,75.00730501459077,0.559381,Punjab
1700,31.149846044835908,75.00757450917601,0.5821889,Punjab
1701,31.149846044835908,75.00838299293171,0.6173768,Punjab
1702,31.149846044835908,75.00865248751695,0.5782065,Punjab
1703,31.149846044835908,75.00910164515902,0.5574289,Punjab
1704,31.149846044835908,75.00964063432949,0.55378264,Punjab
1705,31.149846044835908,75.00982029738631,0.5748032,Punjab
1706,31.149846044835908,75.01107793878408,0.5572441,Punjab
1707,31.14993587636432,74.99445910602786,0.61045426,Punjab
1708,31.14993587636432,74.99562691589722,0.5788856,Punjab
1709,31.14993587636432,74.99571674742563,0.5632184,Punjab
1710,31.14993587636432,74.99643539965292,0.56100476,Punjab
1711,31.14993587636432,74.99661506270975,0.57238036,Punjab
1712,31.14993587636432,74.99679472576658,0.5797407,Punjab
1713,31.14993587636432,74.99886085092005,0.62403333,Punjab
1714,31.14993587636432,75.00002866078941,0.5832591,Punjab
1715,31.14993587636432,75.00164562830082,0.59849644,Punjab
1716,31.14993587636432,75.00290326969859,0.5800502,Punjab
1717,31.14993587636432,75.00308293275542,0.6100192,Punjab
1718,31.14993587636432,75.0037117534543,0.5923245,Punjab
1719,31.14993587636432,75.00398124803954,0.6178327,Punjab
1720,31.14993587636432,75.00461006873842,0.5966142,Punjab
1721,31.14993587636432,75.00568804707936,0.5880971,Punjab
1722,31.14993587636432,75.0067660254203,0.5865979,Punjab
1723,31.14993587636432,75.00757450917601,0.59933686,Punjab
1724,31.14993587636432,75.00865248751695,0.61685216,Punjab
1725,31.14993587636432,75.00964063432949,0.5817137,Punjab
1726,31.14993587636432,75.01017962349995,0.628209,Punjab
1727,31.14993587636432,75.01026945502836,0.628209,Punjab
1728,31.14993587636432,75.01035928655678,0.61999696,Punjab
1729,31.14993587636432,75.01044911808519,0.62025315,Punjab
1730,31.15002570789273,74.99481843214151,0.59940743,Punjab
1731,31.15002570789273,74.99508792672675,0.6071829,Punjab
1732,31.15002570789273,74.99517775825517,0.6086956,Punjab
1733,31.15002570789273,74.99526758978358,0.6086956,Punjab
1734,31.15002570789273,74.99562691589722,0.57091343,Punjab
1735,31.15002570789273,74.99661506270975,0.5800365,Punjab
1736,31.15002570789273,74.99679472576658,0.5816514,Punjab
1737,31.15002570789273,74.99715405188023,0.5813367,Punjab
1738,31.15002570789273,74.99733371493704,0.5773166,Punjab
1739,31.15002570789273,74.99751337799387,0.58311945,Punjab
1740,31.15002570789273,74.99760320952228,0.5759346,Punjab
1741,31.15002570789273,74.9985015248064,0.58126193,Punjab
1742,31.15002570789273,75.00047781843146,0.65839034,Punjab
1743,31.15002570789273,75.001465965244,0.589336,Punjab
1744,31.15002570789273,75.002993101227,0.5653973,Punjab
1745,31.15002570789273,75.00380158498271,0.60478354,Punjab
1746,31.15002570789273,75.00389141651112,0.6198375,Punjab
1747,31.15002570789273,75.00425074262476,0.6025367,Punjab
1748,31.15002570789273,75.00568804707936,0.6366303,Punjab
1749,31.15002570789273,75.00658636236348,0.63383806,Punjab
1750,31.15002570789273,75.0067660254203,0.61002785,Punjab
1751,31.15002570789273,75.00712535153396,0.6230711,Punjab
1752,31.15002570789273,75.00901181363061,0.60140884,Punjab
1753,31.15002570789273,75.00919147668742,0.59429795,Punjab
1754,31.15002570789273,75.01026945502836,0.61990166,Punjab
1755,31.15002570789273,75.01035928655678,0.6168116,Punjab
1756,31.15002570789273,75.01044911808519,0.6057441,Punjab
1757,31.150115539421144,74.99517775825517,0.6226821,Punjab
1758,31.150115539421144,74.99580657895405,0.56284827,Punjab
1759,31.150115539421144,74.99625573659611,0.5781058,Punjab
1760,31.150115539421144,74.99688455729499,0.60049474,Punjab
1761,31.150115539421144,74.99868118786323,0.54977226,Punjab
1762,31.150115539421144,74.99877101939164,0.5629393,Punjab
1763,31.150115539421144,74.9993100085621,0.635255,Punjab
1764,31.150115539421144,74.99966933467576,0.5646817,Punjab
1765,31.150115539421144,75.00029815537464,0.7068475,Punjab
1766,31.150115539421144,75.00038798690305,0.6943623,Punjab
1767,31.150115539421144,75.00056764995988,0.6495238,Punjab
1768,31.150115539421144,75.0007473130167,0.5777707,Punjab
1769,31.150115539421144,75.00083714454512,0.5777707,Punjab
1770,31.150115539421144,75.00101680760194,0.5593005,Punjab
1771,31.150115539421144,75.0022744489997,0.56131476,Punjab
1772,31.150115539421144,75.002993101227,0.5564716,Punjab
1773,31.150115539421144,75.00541855249412,0.62631434,Punjab
1774,31.150115539421144,75.00550838402253,0.63793546,Punjab
1775,31.150115539421144,75.00640669930665,0.6303806,Punjab
1776,31.150115539421144,75.00721518306236,0.60313463,Punjab
1777,31.150115539421144,75.00757450917601,0.56654936,Punjab
1778,31.150115539421144,75.00793383528966,0.59910035,Punjab
1779,31.150115539421144,75.00865248751695,0.63683486,Punjab
1780,31.150115539421144,75.00910164515902,0.6491521,Punjab
1781,31.150115539421144,75.00946097127266,0.62171406,Punjab
1782,31.150115539421144,75.0097304658579,0.5930656,Punjab
1783,31.150115539421144,75.0105389496136,0.5863402,Punjab
1784,31.150115539421144,75.01080844419884,0.61613613,Punjab
1785,31.150115539421144,75.01098810725567,0.5646357,Punjab
1786,31.15020537094956,74.99454893755627,0.56684816,Punjab
1787,31.15020537094956,74.99562691589722,0.5904059,Punjab
1788,31.15020537094956,74.99643539965292,0.5818018,Punjab
1789,31.15020537094956,74.9969743888234,0.6037037,Punjab
1790,31.15020537094956,74.99742354646546,0.578199,Punjab
1791,31.15020537094956,74.9976930410507,0.57281554,Punjab
1792,31.15020537094956,74.99814219869276,0.6177628,Punjab
1793,31.15020537094956,74.99984899773258,0.64290416,Punjab
1794,31.15020537094956,75.00047781843146,0.7366911,Punjab
1795,31.15020537094956,75.00083714454512,0.5478131,Punjab
1796,31.15020537094956,75.00110663913036,0.59238756,Punjab
1797,31.15020537094956,75.0021846174713,0.60524815,Punjab
1798,31.15020537094956,75.00236428052811,0.5330254,Punjab
1799,31.15020537094956,75.00254394358494,0.5290859,Punjab
1800,31.15020537094956,75.002993101227,0.5795393,Punjab
1801,31.15020537094956,75.00326259581223,0.5843185,Punjab
1802,31.15020537094956,75.00389141651112,0.59666866,Punjab
1803,31.15020537094956,75.00425074262476,0.5956873,Punjab
1804,31.15020537094956,75.00478973179524,0.61145556,Punjab
1805,31.15020537094956,75.00496939485207,0.6068118,Punjab
1806,31.15020537094956,75.00532872096571,0.60069644,Punjab
1807,31.15020537094956,75.00568804707936,0.6143059,Punjab
1808,31.15020537094956,75.0067660254203,0.570582,Punjab
1809,31.15020537094956,75.00712535153396,0.556751,Punjab
1810,31.15020537094956,75.00757450917601,0.5985893,Punjab
1811,31.15020537094956,75.00775417223284,0.5997475,Punjab
1812,31.15020537094956,75.0082931614033,0.5964181,Punjab
1813,31.15020537094956,75.00856265598854,0.63657206,Punjab
1814,31.15020537094956,75.00883215057378,0.6518975,Punjab
1815,31.15020537094956,75.0097304658579,0.58709884,Punjab
1816,31.15020537094956,75.01017962349995,0.571422,Punjab
1817,31.15020537094956,75.01035928655678,0.5815508,Punjab
1818,31.15020537094956,75.0105389496136,0.5715325,Punjab
1819,31.15029520247797,74.99571674742563,0.58859223,Punjab
1820,31.15029520247797,74.99580657895405,0.5621079,Punjab
1821,31.15029520247797,74.99598624201087,0.57704705,Punjab
1822,31.15029520247797,74.9961659050677,0.5643818,Punjab
1823,31.15029520247797,74.99814219869276,0.6094317,Punjab
1824,31.15029520247797,74.99832186174957,0.6165268,Punjab
1825,31.15029520247797,75.00020832384624,0.5741748,Punjab
1826,31.15029520247797,75.00038798690305,0.68117255,Punjab
1827,31.15029520247797,75.00056764995988,0.6331626,Punjab
1828,31.15029520247797,75.00092697607353,0.53693765,Punjab
1829,31.15029520247797,75.001465965244,0.55707765,Punjab
1830,31.15029520247797,75.00245411205653,0.52291423,Punjab
1831,31.15029520247797,75.00263377511335,0.5229496,Punjab
1832,31.15029520247797,75.00344225886906,0.58652925,Punjab
1833,31.15029520247797,75.00425074262476,0.6018519,Punjab
1834,31.15029520247797,75.00478973179524,0.6140246,Punjab
1835,31.15029520247797,75.00496939485207,0.60764855,Punjab
1836,31.15029520247797,75.00667619389189,0.56305224,Punjab
1837,31.15029520247797,75.0067660254203,0.5750998,Punjab
1838,31.15029520247797,75.00694568847713,0.597527,Punjab
1839,31.15029520247797,75.00739484611918,0.6735395,Punjab
1840,31.15029520247797,75.00784400376125,0.691683,Punjab
1841,31.15029520247797,75.0082931614033,0.6534772,Punjab
1842,31.15029520247797,75.00910164515902,0.6626956,Punjab
1843,31.15029520247797,75.00964063432949,0.58093137,Punjab
1844,31.15029520247797,75.01044911808519,0.5658143,Punjab
1845,31.15029520247797,75.01098810725567,0.58595765,Punjab
1846,31.15038503400638,74.99445910602786,0.58181816,Punjab
1847,31.15038503400638,74.99481843214151,0.6059957,Punjab
1848,31.15038503400638,74.99490826366993,0.6530666,Punjab
1849,31.15038503400638,74.99499809519834,0.63857377,Punjab
1850,31.15038503400638,74.99598624201087,0.5900887,Punjab
1851,31.15038503400638,74.99643539965292,0.5704531,Punjab
1852,31.15038503400638,74.99652523118134,0.5704531,Punjab
1853,31.15038503400638,74.99688455729499,0.60573477,Punjab
1854,31.15038503400638,74.99724388340864,0.59940386,Punjab
1855,31.15038503400638,74.99760320952228,0.6035928,Punjab
1856,31.15038503400638,74.99778287257911,0.62586313,Punjab
1857,31.15038503400638,74.99787270410752,0.6133779,Punjab
1858,31.15038503400638,74.99823203022117,0.50403875,Punjab
1859,31.15038503400638,74.99895068244847,0.6553398,Punjab
1860,31.15038503400638,74.99948967161893,0.41222113,Punjab
1861,31.15038503400638,74.99966933467576,0.40722892,Punjab
1862,31.15038503400638,74.99975916620417,0.46910754,Punjab
1863,31.15038503400638,74.99984899773258,0.50840807,Punjab
1864,31.15038503400638,75.00056764995988,0.56769305,Punjab
1865,31.15038503400638,75.0007473130167,0.51808316,Punjab
1866,31.15038503400638,75.00110663913036,0.51196986,Punjab
1867,31.15038503400638,75.00164562830082,0.47154012,Punjab
1868,31.15038503400638,75.00191512288606,0.45829427,Punjab
1869,31.15038503400638,75.00209478594289,0.42596918,Punjab
1870,31.15038503400638,75.0021846174713,0.44552702,Punjab
1871,31.15038503400638,75.00245411205653,0.44601586,Punjab
1872,31.15038503400638,75.00344225886906,0.57208973,Punjab
1873,31.15038503400638,75.00353209039747,0.6092332,Punjab
1874,31.15038503400638,75.00380158498271,0.6759135,Punjab
1875,31.15038503400638,75.00425074262476,0.6741378,Punjab
1876,31.15038503400638,75.00452023721,0.65313786,Punjab
1877,31.15038503400638,75.00667619389189,0.5874079,Punjab
1878,31.15038503400638,75.00802366681808,0.7357441,Punjab
1879,31.15038503400638,75.00820332987489,0.73444337,Punjab
1880,31.15038503400638,75.00856265598854,0.7663056,Punjab
1881,31.15038503400638,75.00874231904537,0.77195036,Punjab
1882,31.15038503400638,75.00901181363061,0.76350886,Punjab
1883,31.15038503400638,75.00982029738631,0.6441469,Punjab
1884,31.15038503400638,75.00999996044314,0.6327717,Punjab
1885,31.15038503400638,75.0105389496136,0.6287696,Punjab
1886,31.15038503400638,75.01116777031248,0.5659814,Punjab
1887,31.150474865534797,74.99463876908469,0.5723446,Punjab
1888,31.150474865534797,74.99526758978358,0.591195,Punjab
1889,31.150474865534797,74.9955370843688,0.59155804,Punjab
1890,31.150474865534797,74.99562691589722,0.59662396,Punjab
1891,31.150474865534797,74.99643539965292,0.5696354,Punjab
1892,31.150474865534797,74.99679472576658,0.57630163,Punjab
1893,31.150474865534797,74.99724388340864,0.5735294,Punjab
1894,31.150474865534797,74.99814219869276,0.38370952,Punjab
1895,31.150474865534797,74.99895068244847,0.67028314,Punjab
1896,31.150474865534797,75.00029815537464,0.7034917,Punjab
1897,31.150474865534797,75.0007473130167,0.6430378,Punjab
1898,31.150474865534797,75.00083714454512,0.6430378,Punjab
1899,31.150474865534797,75.00110663913036,0.66741616,Punjab
1900,31.150474865534797,75.00119647065877,0.65467525,Punjab
1901,31.150474865534797,75.00137613371558,0.63223207,Punjab
1902,31.150474865534797,75.001465965244,0.63223207,Punjab
1903,31.150474865534797,75.00272360664177,0.5782093,Punjab
1904,31.150474865534797,75.00281343817018,0.53527606,Punjab
1905,31.150474865534797,75.00604737319301,0.5014456,Punjab
1906,31.150474865534797,75.00757450917601,0.7227943,Punjab
1907,31.150474865534797,75.00793383528966,0.75586855,Punjab
1908,31.150474865534797,75.00883215057378,0.76555717,Punjab
1909,31.150474865534797,75.00937113974425,0.74589664,Punjab
1910,31.150474865534797,75.01008979197155,0.6006826,Punjab
1911,31.150474865534797,75.01017962349995,0.58220196,Punjab
1912,31.150474865534797,75.01044911808519,0.5506628,Punjab
1913,31.150474865534797,75.01071861267043,0.57817715,Punjab
1914,31.150474865534797,75.01080844419884,0.565835,Punjab
1915,31.150564697063203,74.99454893755627,0.57555556,Punjab
1916,31.150564697063203,74.99481843214151,0.61091787,Punjab
1917,31.150564697063203,74.99526758978358,0.60906184,Punjab
1918,31.150564697063203,74.99562691589722,0.589628,Punjab
1919,31.150564697063203,74.99607607353929,0.5887962,Punjab
1920,31.150564697063203,74.99634556812451,0.55521935,Punjab
1921,31.150564697063203,74.99688455729499,0.559882,Punjab
1922,31.150564697063203,74.9969743888234,0.55742633,Punjab
1923,31.150564697063203,74.99706422035182,0.5526561,Punjab
1924,31.150564697063203,74.99751337799387,0.6153598,Punjab
1925,31.150564697063203,74.99877101939164,0.72316384,Punjab
1926,31.150564697063203,75.00029815537464,0.77118856,Punjab
1927,31.150564697063203,75.00038798690305,0.76832974,Punjab
1928,31.150564697063203,75.0007473130167,0.7442254,Punjab
1929,31.150564697063203,75.00092697607353,0.7417532,Punjab
1930,31.150564697063203,75.00101680760194,0.7486839,Punjab
1931,31.150564697063203,75.00164562830082,0.73766553,Punjab
1932,31.150564697063203,75.00209478594289,0.7421244,Punjab
1933,31.150564697063203,75.00236428052811,0.71771216,Punjab
1934,31.150564697063203,75.00344225886906,0.69935316,Punjab
1935,31.150564697063203,75.00362192192588,0.68480814,Punjab
1936,31.150564697063203,75.00398124803954,0.7215337,Punjab
1937,31.150564697063203,75.00487956332366,0.7266902,Punjab
1938,31.150564697063203,75.00541855249412,0.7364984,Punjab
1939,31.150564697063203,75.00550838402253,0.73134327,Punjab
1940,31.150564697063203,75.00622703624983,0.64482296,Punjab
1941,31.150564697063203,75.00685585694872,0.6457357,Punjab
1942,31.150564697063203,75.00784400376125,0.64447427,Punjab
1943,31.150564697063203,75.00793383528966,0.6346056,Punjab
1944,31.150564697063203,75.00865248751695,0.7668261,Punjab
1945,31.150564697063203,75.00991012891473,0.72727275,Punjab
1946,31.150564697063203,75.01044911808519,0.4887331,Punjab
1947,31.150654528591616,74.99598624201087,0.603018,Punjab
1948,31.150654528591616,74.99607607353929,0.5964706,Punjab
1949,31.150654528591616,74.99652523118134,0.56330055,Punjab
1950,31.150654528591616,74.9969743888234,0.5666868,Punjab
1951,31.150654528591616,74.99841169327799,0.72859526,Punjab
1952,31.150654528591616,74.99895068244847,0.67918426,Punjab
1953,31.150654528591616,74.999938829261,0.7825259,Punjab
1954,31.150654528591616,75.00011849231782,0.77592146,Punjab
1955,31.150654528591616,75.00020832384624,0.77592146,Punjab
1956,31.150654528591616,75.00029815537464,0.7795608,Punjab
1957,31.150654528591616,75.0007473130167,0.75590533,Punjab
1958,31.150654528591616,75.00101680760194,0.73453194,Punjab
1959,31.150654528591616,75.001465965244,0.6988801,Punjab
1960,31.150654528591616,75.00200495441447,0.73778224,Punjab
1961,31.150654528591616,75.00281343817018,0.6825495,Punjab
1962,31.150654528591616,75.00290326969859,0.7089159,Punjab
1963,31.150654528591616,75.00308293275542,0.7167947,Punjab
1964,31.150654528591616,75.00317276428383,0.7311734,Punjab
1965,31.150654528591616,75.00577787860777,0.7492078,Punjab
1966,31.150654528591616,75.00640669930665,0.6695652,Punjab
1967,31.150654528591616,75.00811349834649,0.57070905,Punjab
1968,31.150654528591616,75.00838299293171,0.64350986,Punjab
1969,31.150654528591616,75.00847282446013,0.68145895,Punjab
1970,31.150654528591616,75.00999996044314,0.76253873,Punjab
1971,31.150654528591616,75.01008979197155,0.73813844,Punjab
1972,31.150654528591616,75.01062878114202,0.53887683,Punjab
1973,31.150654528591616,75.01098810725567,0.57011473,Punjab
1974,31.15074436012003,74.99517775825517,0.606043,Punjab
1975,31.15074436012003,74.99625573659611,0.5712589,Punjab
1976,31.15074436012003,74.99670489423816,0.5935982,Punjab
1977,31.15074436012003,74.9969743888234,0.5829039,Punjab
1978,31.15074436012003,74.99724388340864,0.6164557,Punjab
1979,31.15074436012003,74.99733371493704,0.5388911,Punjab
1980,31.15074436012003,74.99886085092005,0.65595967,Punjab
1981,31.15074436012003,75.00110663913036,0.70292246,Punjab
1982,31.15074436012003,75.00182529135765,0.69403476,Punjab
1983,31.15074436012003,75.00200495441447,0.69923496,Punjab
1984,31.15074436012003,75.0021846174713,0.6925795,Punjab
1985,31.15074436012003,75.0022744489997,0.6940734,Punjab
1986,31.15074436012003,75.00290326969859,0.6895612,Punjab
1987,31.15074436012003,75.00344225886906,0.70493823,Punjab
1988,31.15074436012003,75.0052388894373,0.6856841,Punjab
1989,31.15074436012003,75.00532872096571,0.6908001,Punjab
1990,31.15074436012003,75.00685585694872,0.6922634,Punjab
1991,31.15074436012003,75.00703552000554,0.6529998,Punjab
1992,31.15074436012003,75.00712535153396,0.6529998,Punjab
1993,31.15074436012003,75.00721518306236,0.64172685,Punjab
1994,31.15074436012003,75.00730501459077,0.64397794,Punjab
1995,31.15074436012003,75.00766434070442,0.5742266,Punjab
1996,31.15074436012003,75.00775417223284,0.5742266,Punjab
1997,31.15074436012003,75.00802366681808,0.55797666,Punjab
1998,31.15074436012003,75.00811349834649,0.5581777,Punjab
1999,31.15074436012003,75.0082931614033,0.59411144,Punjab
2000,31.15074436012003,75.00901181363061,0.66332185,Punjab
2001,31.15074436012003,75.00910164515902,0.67455095,Punjab
2002,31.15074436012003,75.00928130821583,0.76623,Punjab
2003,31.15074436012003,75.01089827572726,0.568095,Punjab
2004,31.15083419164844,74.99445910602786,0.58385444,Punjab
2005,31.15083419164844,74.9955370843688,0.5866587,Punjab
2006,31.15083419164844,74.99625573659611,0.5668827,Punjab
2007,31.15083419164844,74.99670489423816,0.55871266,Punjab
2008,31.15083419164844,74.9976930410507,0.4860388,Punjab
2009,31.15083419164844,74.99913034550529,0.650082,Punjab
2010,31.15083419164844,74.99948967161893,0.7138495,Punjab
2011,31.15083419164844,75.00011849231782,0.7778415,Punjab
2012,31.15083419164844,75.00047781843146,0.78183,Punjab
2013,31.15083419164844,75.00056764995988,0.75609756,Punjab
2014,31.15083419164844,75.00128630218717,0.692231,Punjab
2015,31.15083419164844,75.00191512288606,0.68632203,Punjab
2016,31.15083419164844,75.00245411205653,0.684258,Punjab
2017,31.15083419164844,75.00317276428383,0.6933798,Punjab
2018,31.15083419164844,75.00326259581223,0.7001085,Punjab
2019,31.15083419164844,75.00380158498271,0.72389454,Punjab
2020,31.15083419164844,75.00389141651112,0.72307694,Punjab
2021,31.15083419164844,75.00559821555095,0.74333924,Punjab
2022,31.15083419164844,75.00586771013619,0.75933045,Punjab
2023,31.15083419164844,75.00604737319301,0.77312165,Punjab
2024,31.15083419164844,75.00640669930665,0.7896588,Punjab
2025,31.15083419164844,75.00775417223284,0.6752673,Punjab
2026,31.15083419164844,75.00865248751695,0.5536867,Punjab
2027,31.15083419164844,75.00910164515902,0.591741,Punjab
2028,31.15083419164844,75.00946097127266,0.65700483,Punjab
2029,31.15083419164844,75.00991012891473,0.6793018,Punjab
2030,31.15083419164844,75.0105389496136,0.4779183,Punjab
2031,31.15092402317685,74.99535742131198,0.55396116,Punjab
2032,31.15092402317685,74.99544725284039,0.5551537,Punjab
2033,31.15092402317685,74.99571674742563,0.5518896,Punjab
2034,31.15092402317685,74.99598624201087,0.5935706,Punjab
2035,31.15092402317685,74.99625573659611,0.5549692,Punjab
2036,31.15092402317685,74.99652523118134,0.5492958,Punjab
2037,31.15092402317685,74.99688455729499,0.589404,Punjab
2038,31.15092402317685,74.9969743888234,0.60810363,Punjab
2039,31.15092402317685,74.99724388340864,0.44683027,Punjab
2040,31.15092402317685,74.99751337799387,0.5107527,Punjab
2041,31.15092402317685,74.99886085092005,0.7506065,Punjab
2042,31.15092402317685,74.99904051397688,0.70666665,Punjab
2043,31.15092402317685,74.99957950314734,0.7083333,Punjab
2044,31.15092402317685,75.00047781843146,0.73039854,Punjab
2045,31.15092402317685,75.00182529135765,0.6799076,Punjab
2046,31.15092402317685,75.00245411205653,0.6952963,Punjab
2047,31.15092402317685,75.00254394358494,0.70450056,Punjab
2048,31.15092402317685,75.00272360664177,0.7004144,Punjab
2049,31.15092402317685,75.00281343817018,0.69249105,Punjab
2050,31.15092402317685,75.00335242734064,0.7042498,Punjab
2051,31.15092402317685,75.00478973179524,0.66146827,Punjab
2052,31.15092402317685,75.00505922638048,0.6632626,Punjab
2053,31.15092402317685,75.00532872096571,0.6904845,Punjab
2054,31.15092402317685,75.00541855249412,0.69090605,Punjab
2055,31.15092402317685,75.00622703624983,0.79615057,Punjab
2056,31.15092402317685,75.00649653083507,0.79494673,Punjab
2057,31.15092402317685,75.00694568847713,0.77470106,Punjab
2058,31.15092402317685,75.00721518306236,0.709986,Punjab
2059,31.15092402317685,75.0074846776476,0.6217412,Punjab
2060,31.15092402317685,75.00757450917601,0.72449106,Punjab
2061,31.15092402317685,75.00793383528966,0.6838289,Punjab
2062,31.15092402317685,75.00856265598854,0.5998791,Punjab
2063,31.15092402317685,75.00874231904537,0.58191717,Punjab
2064,31.15092402317685,75.00982029738631,0.5900763,Punjab
2065,31.15092402317685,75.01062878114202,0.58662516,Punjab
2066,31.151013854705266,74.99445910602786,0.616468,Punjab
2067,31.151013854705266,74.99598624201087,0.58113974,Punjab
2068,31.151013854705266,74.99643539965292,0.55749637,Punjab
2069,31.151013854705266,74.99670489423816,0.5651163,Punjab
2070,31.151013854705266,74.99679472576658,0.5807941,Punjab
2071,31.151013854705266,74.9969743888234,0.5172117,Punjab
2072,31.151013854705266,74.99742354646546,0.48418024,Punjab
2073,31.151013854705266,74.9976930410507,0.74488187,Punjab
2074,31.151013854705266,74.99877101939164,0.78158844,Punjab
2075,31.151013854705266,74.99886085092005,0.78827804,Punjab
2076,31.151013854705266,74.9993100085621,0.71573174,Punjab
2077,31.151013854705266,74.99984899773258,0.72961044,Punjab
2078,31.151013854705266,75.00020832384624,0.7046469,Punjab
2079,31.151013854705266,75.0007473130167,0.6895591,Punjab
2080,31.151013854705266,75.00092697607353,0.6966074,Punjab
2081,31.151013854705266,75.00128630218717,0.6637332,Punjab
2082,31.151013854705266,75.00155579677241,0.6573729,Punjab
2083,31.151013854705266,75.00191512288606,0.67868584,Punjab
2084,31.151013854705266,75.00200495441447,0.6857842,Punjab
2085,31.151013854705266,75.00254394358494,0.70054287,Punjab
2086,31.151013854705266,75.00353209039747,0.708367,Punjab
2087,31.151013854705266,75.00416091109636,0.7100956,Punjab
2088,31.151013854705266,75.00425074262476,0.6972239,Punjab
2089,31.151013854705266,75.00434057415318,0.68924546,Punjab
2090,31.151013854705266,75.0051490579089,0.660124,Punjab
2091,31.151013854705266,75.00559821555095,0.72041005,Punjab
2092,31.151013854705266,75.00667619389189,0.76302993,Punjab
2093,31.151013854705266,75.00694568847713,0.7545733,Punjab
2094,31.151013854705266,75.00730501459077,0.64353156,Punjab
2095,31.151013854705266,75.00946097127266,0.54585505,Punjab
2096,31.151013854705266,75.00955080280107,0.5611315,Punjab
2097,31.151013854705266,75.01008979197155,0.6162181,Punjab
2098,31.151013854705266,75.01071861267043,0.6264309,Punjab
2099,31.151013854705266,75.01116777031248,0.5877233,Punjab
2100,31.151103686233675,74.99463876908469,0.62427264,Punjab
2101,31.151103686233675,74.99544725284039,0.5520335,Punjab
2102,31.151103686233675,74.99670489423816,0.579974,Punjab
2103,31.151103686233675,74.99679472576658,0.5736994,Punjab
2104,31.151103686233675,74.99688455729499,0.5355372,Punjab
2105,31.151103686233675,74.99706422035182,0.41518387,Punjab
2106,31.151103686233675,74.99760320952228,0.6875579,Punjab
2107,31.151103686233675,74.99778287257911,0.7456,Punjab
2108,31.151103686233675,74.99805236716435,0.7237956,Punjab
2109,31.151103686233675,74.99823203022117,0.7439294,Punjab
2110,31.151103686233675,74.9992201770337,0.73202616,Punjab
2111,31.151103686233675,75.00029815537464,0.70846254,Punjab
2112,31.151103686233675,75.00092697607353,0.6913268,Punjab
2113,31.151103686233675,75.00101680760194,0.68230104,Punjab
2114,31.151103686233675,75.00245411205653,0.69837785,Punjab
2115,31.151103686233675,75.00254394358494,0.7001733,Punjab
2116,31.151103686233675,75.00362192192588,0.70963484,Punjab
2117,31.151103686233675,75.00389141651112,0.711534,Punjab
2118,31.151103686233675,75.00398124803954,0.711534,Punjab
2119,31.151103686233675,75.00407107956795,0.718282,Punjab
2120,31.151103686233675,75.00425074262476,0.7080183,Punjab
2121,31.151103686233675,75.00452023721,0.6590678,Punjab
2122,31.151103686233675,75.00478973179524,0.6547276,Punjab
2123,31.151103686233675,75.0051490579089,0.6413283,Punjab
2124,31.151103686233675,75.00685585694872,0.75296485,Punjab
2125,31.151103686233675,75.0074846776476,0.61567247,Punjab
2126,31.151103686233675,75.00802366681808,0.6284449,Punjab
2127,31.151103686233675,75.00820332987489,0.6157723,Punjab
2128,31.151103686233675,75.00874231904537,0.6333493,Punjab
2129,31.151103686233675,75.00901181363061,0.6187099,Punjab
2130,31.151103686233675,75.00937113974425,0.61147636,Punjab
2131,31.151103686233675,75.00964063432949,0.58862114,Punjab
2132,31.151103686233675,75.00991012891473,0.65153646,Punjab
2133,31.151103686233675,75.01017962349995,0.6678529,Punjab
2134,31.15119351776209,74.99544725284039,0.55337495,Punjab
2135,31.15119351776209,74.9955370843688,0.5601415,Punjab
2136,31.15119351776209,74.99751337799387,0.602118,Punjab
2137,31.15119351776209,74.99796253563593,0.6945387,Punjab
2138,31.15119351776209,74.99895068244847,0.77956986,Punjab
2139,31.15119351776209,75.00020832384624,0.70478034,Punjab
2140,31.15119351776209,75.00029815537464,0.6973743,Punjab
2141,31.15119351776209,75.00047781843146,0.6947648,Punjab
2142,31.15119351776209,75.00110663913036,0.6719312,Punjab
2143,31.15119351776209,75.0021846174713,0.7037197,Punjab
2144,31.15119351776209,75.00353209039747,0.7134658,Punjab
2145,31.15119351776209,75.00380158498271,0.7303574,Punjab
2146,31.15119351776209,75.00416091109636,0.7312817,Punjab
2147,31.15119351776209,75.0051490579089,0.61632144,Punjab
2148,31.15119351776209,75.00550838402253,0.62582964,Punjab
2149,31.15119351776209,75.00568804707936,0.748217,Punjab
2150,31.15119351776209,75.00577787860777,0.7211543,Punjab
2151,31.15119351776209,75.0074846776476,0.6203872,Punjab
2152,31.15119351776209,75.00775417223284,0.74748826,Punjab
2153,31.15119351776209,75.00811349834649,0.6021446,Punjab
2154,31.15119351776209,75.00847282446013,0.629478,Punjab
2155,31.15119351776209,75.00964063432949,0.6225387,Punjab
2156,31.15119351776209,75.01008979197155,0.6432808,Punjab
2157,31.15119351776209,75.01017962349995,0.6285391,Punjab
2158,31.15119351776209,75.01035928655678,0.6149586,Punjab
2159,31.15119351776209,75.01071861267043,0.6326391,Punjab
2160,31.15119351776209,75.01107793878408,0.61465967,Punjab
2161,31.1512833492905,74.99445910602786,0.7407407,Punjab
2162,31.1512833492905,74.9947286006131,0.68381566,Punjab
2163,31.1512833492905,74.99526758978358,0.57935333,Punjab
2164,31.1512833492905,74.99535742131198,0.55502105,Punjab
2165,31.1512833492905,74.9955370843688,0.56645006,Punjab
2166,31.1512833492905,74.99589641048246,0.5534271,Punjab
2167,31.1512833492905,74.99607607353929,0.54612195,Punjab
2168,31.1512833492905,74.99625573659611,0.5349544,Punjab
2169,31.1512833492905,74.99643539965292,0.45042494,Punjab
2170,31.1512833492905,74.99760320952228,0.5337153,Punjab
2171,31.1512833492905,74.99787270410752,0.45024207,Punjab
2172,31.1512833492905,74.99904051397688,0.77817774,Punjab
2173,31.1512833492905,74.9993100085621,0.71641177,Punjab
2174,31.1512833492905,74.99957950314734,0.72160405,Punjab
2175,31.1512833492905,74.99984899773258,0.71623933,Punjab
2176,31.1512833492905,75.00038798690305,0.68652946,Punjab
2177,31.1512833492905,75.00056764995988,0.69769883,Punjab
2178,31.1512833492905,75.00065748148829,0.6878647,Punjab
2179,31.1512833492905,75.00119647065877,0.6547381,Punjab
2180,31.1512833492905,75.00245411205653,0.7046029,Punjab
2181,31.1512833492905,75.00254394358494,0.7018439,Punjab
2182,31.1512833492905,75.002993101227,0.69444764,Punjab
2183,31.1512833492905,75.00398124803954,0.74807644,Punjab
2184,31.1512833492905,75.00434057415318,0.75318474,Punjab
2185,31.1512833492905,75.00478973179524,0.6532806,Punjab
2186,31.1512833492905,75.00577787860777,0.72848326,Punjab
2187,31.1512833492905,75.00586771013619,0.72848326,Punjab
2188,31.1512833492905,75.00802366681808,0.6747167,Punjab
2189,31.1512833492905,75.0089219821022,0.60812765,Punjab
2190,31.1512833492905,75.00910164515902,0.6207024,Punjab
2191,31.1512833492905,75.00919147668742,0.63459516,Punjab
2192,31.1512833492905,75.00928130821583,0.6352271,Punjab
2193,31.1512833492905,75.00946097127266,0.60813946,Punjab
2194,31.1512833492905,75.00991012891473,0.63510597,Punjab
2195,31.1512833492905,75.01062878114202,0.57065153,Punjab
2196,31.15137318081891,74.99463876908469,0.74965614,Punjab
2197,31.15137318081891,74.9947286006131,0.74407583,Punjab
2198,31.15137318081891,74.99589641048246,0.5424974,Punjab
2199,31.15137318081891,74.99607607353929,0.5031447,Punjab
2200,31.15137318081891,74.9961659050677,0.46605504,Punjab
2201,31.15137318081891,74.99625573659611,0.49423167,Punjab
2202,31.15137318081891,74.99778287257911,0.50207853,Punjab
2203,31.15137318081891,74.99787270410752,0.43413007,Punjab
2204,31.15137318081891,74.99796253563593,0.4463895,Punjab
2205,31.15137318081891,74.99823203022117,0.78157645,Punjab
2206,31.15137318081891,74.9985015248064,0.7917869,Punjab
2207,31.15137318081891,74.99868118786323,0.7876588,Punjab
2208,31.15137318081891,75.00065748148829,0.6926863,Punjab
2209,31.15137318081891,75.00101680760194,0.67701864,Punjab
2210,31.15137318081891,75.001465965244,0.68218917,Punjab
2211,31.15137318081891,75.00164562830082,0.70249045,Punjab
2212,31.15137318081891,75.00209478594289,0.7301198,Punjab
2213,31.15137318081891,75.00245411205653,0.7000205,Punjab
2214,31.15137318081891,75.00254394358494,0.70276475,Punjab
2215,31.15137318081891,75.00344225886906,0.7206033,Punjab
2216,31.15137318081891,75.00532872096571,0.6296514,Punjab
2217,31.15137318081891,75.00559821555095,0.6498506,Punjab
2218,31.15137318081891,75.00577787860777,0.75565755,Punjab
2219,31.15137318081891,75.0059575416646,0.7221179,Punjab
2220,31.15137318081891,75.00631686777824,0.70385396,Punjab
2221,31.15137318081891,75.00640669930665,0.66188735,Punjab
2222,31.15137318081891,75.00658636236348,0.6438037,Punjab
2223,31.15137318081891,75.00685585694872,0.71116626,Punjab
2224,31.15137318081891,75.00730501459077,0.59402984,Punjab
2225,31.15137318081891,75.00820332987489,0.60942346,Punjab
2226,31.15137318081891,75.00838299293171,0.58534354,Punjab
2227,31.15137318081891,75.00847282446013,0.5766912,Punjab
2228,31.15137318081891,75.00883215057378,0.5887595,Punjab
2229,31.15137318081891,75.00910164515902,0.6119069,Punjab
2230,31.15137318081891,75.00955080280107,0.61106706,Punjab
2231,31.15137318081891,75.01071861267043,0.6038423,Punjab
2232,31.151463012347325,74.99454893755627,0.6951364,Punjab
2233,31.151463012347325,74.99643539965292,0.5566265,Punjab
2234,31.151463012347325,74.99661506270975,0.5387841,Punjab
2235,31.151463012347325,74.99688455729499,0.57171077,Punjab
2236,31.151463012347325,74.9969743888234,0.59183675,Punjab
2237,31.151463012347325,74.99715405188023,0.59970015,Punjab
2238,31.151463012347325,74.99939984009052,0.7133221,Punjab
2239,31.151463012347325,74.99948967161893,0.72469294,Punjab
2240,31.151463012347325,75.00038798690305,0.7027837,Punjab
2241,31.151463012347325,75.00056764995988,0.7000358,Punjab
2242,31.151463012347325,75.00092697607353,0.683052,Punjab
2243,31.151463012347325,75.00164562830082,0.71087,Punjab
2244,31.151463012347325,75.0021846174713,0.77581835,Punjab
2245,31.151463012347325,75.00290326969859,0.6739416,Punjab
2246,31.151463012347325,75.002993101227,0.73658365,Punjab
2247,31.151463012347325,75.00407107956795,0.76458,Punjab
2248,31.151463012347325,75.00416091109636,0.7716442,Punjab
2249,31.151463012347325,75.00478973179524,0.65100354,Punjab
2250,31.151463012347325,75.00496939485207,0.66042536,Punjab
2251,31.151463012347325,75.00568804707936,0.6675532,Punjab
2252,31.151463012347325,75.00649653083507,0.73489666,Punjab
2253,31.151463012347325,75.00694568847713,0.7466928,Punjab
2254,31.151463012347325,75.0074846776476,0.52829534,Punjab
2255,31.151463012347325,75.00793383528966,0.7123707,Punjab
2256,31.151463012347325,75.00946097127266,0.61761385,Punjab
2257,31.151463012347325,75.00964063432949,0.6049284,Punjab
2258,31.151463012347325,75.01062878114202,0.6121491,Punjab
2259,31.151463012347325,75.01080844419884,0.60613924,Punjab
2260,31.151552843875734,74.99499809519834,0.53148615,Punjab
2261,31.151552843875734,74.99535742131198,0.48494673,Punjab
2262,31.151552843875734,74.99544725284039,0.49954587,Punjab
2263,31.151552843875734,74.99580657895405,0.4993354,Punjab
2264,31.151552843875734,74.99625573659611,0.59050447,Punjab
2265,31.151552843875734,74.99688455729499,0.6725383,Punjab
2266,31.151552843875734,74.99724388340864,0.67409146,Punjab
2267,31.151552843875734,74.99778287257911,0.5135624,Punjab
2268,31.151552843875734,74.99859135633481,0.79214364,Punjab
2269,31.151552843875734,74.99975916620417,0.71854305,Punjab
2270,31.151552843875734,74.999938829261,0.7153689,Punjab
2271,31.151552843875734,75.00119647065877,0.6897196,Punjab
2272,31.151552843875734,75.00191512288606,0.77864075,Punjab
2273,31.151552843875734,75.002993101227,0.7470616,Punjab
2274,31.151552843875734,75.00308293275542,0.75913215,Punjab
2275,31.151552843875734,75.00353209039747,0.7428323,Punjab
2276,31.151552843875734,75.00461006873842,0.7200911,Punjab
2277,31.151552843875734,75.00469990026683,0.6802599,Punjab
2278,31.151552843875734,75.0051490579089,0.6242573,Punjab
2279,31.151552843875734,75.00532872096571,0.62407863,Punjab
2280,31.151552843875734,75.0059575416646,0.68910784,Punjab
2281,31.151552843875734,75.00622703624983,0.77469337,Punjab
2282,31.151552843875734,75.00640669930665,0.76355726,Punjab
2283,31.151552843875734,75.00667619389189,0.72931576,Punjab
2284,31.151552843875734,75.0067660254203,0.72931856,Punjab
2285,31.151552843875734,75.00721518306236,0.6410903,Punjab
2286,31.151552843875734,75.00856265598854,0.6429686,Punjab
2287,31.151552843875734,75.00946097127266,0.60936373,Punjab
2288,31.151552843875734,75.00964063432949,0.6004235,Punjab
2289,31.151552843875734,75.0097304658579,0.601201,Punjab
2290,31.151552843875734,75.00991012891473,0.61115503,Punjab
2291,31.151552843875734,75.01044911808519,0.60404724,Punjab
2292,31.151552843875734,75.01107793878408,0.62157744,Punjab
2293,31.151642675404148,74.99454893755627,0.48554337,Punjab
2294,31.151642675404148,74.99634556812451,0.64409447,Punjab
2295,31.151642675404148,74.99661506270975,0.6596386,Punjab
2296,31.151642675404148,74.99787270410752,0.5136691,Punjab
2297,31.151642675404148,74.99814219869276,0.7877402,Punjab
2298,31.151642675404148,74.99877101939164,0.79235953,Punjab
2299,31.151642675404148,74.9993100085621,0.72347933,Punjab
2300,31.151642675404148,75.0007473130167,0.69831413,Punjab
2301,31.151642675404148,75.001465965244,0.6992685,Punjab
2302,31.151642675404148,75.00200495441447,0.7762344,Punjab
2303,31.151642675404148,75.0022744489997,0.74534506,Punjab
2304,31.151642675404148,75.00254394358494,0.72140974,Punjab
2305,31.151642675404148,75.00281343817018,0.73633856,Punjab
2306,31.151642675404148,75.00344225886906,0.723582,Punjab
2307,31.151642675404148,75.00434057415318,0.7672694,Punjab
2308,31.151642675404148,75.00487956332366,0.6179678,Punjab
2309,31.151642675404148,75.00496939485207,0.6231294,Punjab
2310,31.151642675404148,75.0059575416646,0.605924,Punjab
2311,31.151642675404148,75.00667619389189,0.6754724,Punjab
2312,31.151642675404148,75.00712535153396,0.64434034,Punjab
2313,31.151642675404148,75.00721518306236,0.589725,Punjab
2314,31.151642675404148,75.00730501459077,0.5137157,Punjab
2315,31.151642675404148,75.00784400376125,0.69558847,Punjab
2316,31.151642675404148,75.00883215057378,0.60847485,Punjab
2317,31.151642675404148,75.01017962349995,0.6016771,Punjab
2318,31.151642675404148,75.01080844419884,0.6329181,Punjab
2319,31.151642675404148,75.01089827572726,0.6329181,Punjab
2320,31.15173250693256,74.99481843214151,0.68921185,Punjab
2321,31.15173250693256,74.99634556812451,0.73295045,Punjab
2322,31.15173250693256,74.99661506270975,0.75668204,Punjab
2323,31.15173250693256,74.99670489423816,0.7635605,Punjab
2324,31.15173250693256,74.99679472576658,0.7663486,Punjab
2325,31.15173250693256,74.99805236716435,0.781144,Punjab
2326,31.15173250693256,74.9985015248064,0.79982126,Punjab
2327,31.15173250693256,74.99859135633481,0.78061575,Punjab
2328,31.15173250693256,74.99877101939164,0.79405135,Punjab
2329,31.15173250693256,74.99913034550529,0.7211207,Punjab
2330,31.15173250693256,75.00029815537464,0.7093942,Punjab
2331,31.15173250693256,75.00038798690305,0.70760447,Punjab
2332,31.15173250693256,75.00047781843146,0.70789677,Punjab
2333,31.15173250693256,75.00065748148829,0.685546,Punjab
2334,31.15173250693256,75.00137613371558,0.6976711,Punjab
2335,31.15173250693256,75.00182529135765,0.73638636,Punjab
2336,31.15173250693256,75.00245411205653,0.6615088,Punjab
2337,31.15173250693256,75.00272360664177,0.6665821,Punjab
2338,31.15173250693256,75.00344225886906,0.73194534,Punjab
2339,31.15173250693256,75.0037117534543,0.7299957,Punjab
2340,31.15173250693256,75.00407107956795,0.7504762,Punjab
2341,31.15173250693256,75.00469990026683,0.7125538,Punjab
2342,31.15173250693256,75.00505922638048,0.6093352,Punjab
2343,31.15173250693256,75.00550838402253,0.60400784,Punjab
2344,31.15173250693256,75.00568804707936,0.57009345,Punjab
2345,31.15173250693256,75.00820332987489,0.73514235,Punjab
2346,31.15173250693256,75.00901181363061,0.6339466,Punjab
2347,31.15173250693256,75.00955080280107,0.59755397,Punjab
2348,31.15173250693256,75.00964063432949,0.59755397,Punjab
2349,31.15173250693256,75.00999996044314,0.63720876,Punjab
2350,31.15173250693256,75.01017962349995,0.6165908,Punjab
2351,31.15173250693256,75.01035928655678,0.5940359,Punjab
2352,31.15173250693256,75.01107793878408,0.62485987,Punjab
2353,31.15182233846097,74.99544725284039,0.676154,Punjab
2354,31.15182233846097,74.99562691589722,0.71177334,Punjab
2355,31.15182233846097,74.99598624201087,0.7567504,Punjab
2356,31.15182233846097,74.99625573659611,0.7381126,Punjab
2357,31.15182233846097,74.99643539965292,0.7501188,Punjab
2358,31.15182233846097,74.99670489423816,0.76771563,Punjab
2359,31.15182233846097,74.99688455729499,0.7667585,Punjab
2360,31.15182233846097,74.99751337799387,0.7777778,Punjab
2361,31.15182233846097,74.99913034550529,0.71818775,Punjab
2362,31.15182233846097,74.99957950314734,0.715512,Punjab
2363,31.15182233846097,74.99966933467576,0.7067109,Punjab
2364,31.15182233846097,74.99984899773258,0.7240525,Punjab
2365,31.15182233846097,75.00110663913036,0.6909612,Punjab
2366,31.15182233846097,75.00119647065877,0.6938346,Punjab
2367,31.15182233846097,75.001465965244,0.72149694,Punjab
2368,31.15182233846097,75.00155579677241,0.7603912,Punjab
2369,31.15182233846097,75.00164562830082,0.73965,Punjab
2370,31.15182233846097,75.00281343817018,0.65631694,Punjab
2371,31.15182233846097,75.00308293275542,0.7144296,Punjab
2372,31.15182233846097,75.00317276428383,0.74591255,Punjab
2373,31.15182233846097,75.00380158498271,0.74643314,Punjab
2374,31.15182233846097,75.00559821555095,0.6086375,Punjab
2375,31.15182233846097,75.00586771013619,0.5863077,Punjab
2376,31.15182233846097,75.00631686777824,0.59313893,Punjab
2377,31.15182233846097,75.00640669930665,0.5859803,Punjab
2378,31.15182233846097,75.00658636236348,0.5580694,Punjab
2379,31.15182233846097,75.00712535153396,0.56030005,Punjab
2380,31.15182233846097,75.00730501459077,0.5326333,Punjab
2381,31.15182233846097,75.00775417223284,0.5448452,Punjab
2382,31.15182233846097,75.00883215057378,0.6345111,Punjab
2383,31.15182233846097,75.00901181363061,0.6058322,Punjab
2384,31.15182233846097,75.00910164515902,0.6056272,Punjab
2385,31.15182233846097,75.01008979197155,0.64228904,Punjab
2386,31.15182233846097,75.01035928655678,0.6047769,Punjab
2387,31.151912169989384,74.99445910602786,0.77322465,Punjab
2388,31.151912169989384,74.99751337799387,0.77575207,Punjab
2389,31.151912169989384,74.99823203022117,0.7872719,Punjab
2390,31.151912169989384,74.99877101939164,0.7286069,Punjab
2391,31.151912169989384,74.99913034550529,0.70620984,Punjab
2392,31.151912169989384,74.9992201770337,0.71374685,Punjab
2393,31.151912169989384,74.99975916620417,0.7165453,Punjab
2394,31.151912169989384,75.00002866078941,0.7074468,Punjab
2395,31.151912169989384,75.00020832384624,0.6979149,Punjab
2396,31.151912169989384,75.00164562830082,0.7249123,Punjab
2397,31.151912169989384,75.00290326969859,0.66275895,Punjab
2398,31.151912169989384,75.00308293275542,0.65706766,Punjab
2399,31.151912169989384,75.00317276428383,0.70795214,Punjab
2400,31.151912169989384,75.00353209039747,0.75179714,Punjab
2401,31.151912169989384,75.00407107956795,0.74825513,Punjab
2402,31.151912169989384,75.00443040568159,0.71758795,Punjab
2403,31.151912169989384,75.0052388894373,0.5605144,Punjab
2404,31.151912169989384,75.00568804707936,0.62835133,Punjab
2405,31.151912169989384,75.00613720472143,0.55468905,Punjab
2406,31.151912169989384,75.00703552000554,0.56690526,Punjab
2407,31.151912169989384,75.0074846776476,0.5305741,Punjab
2408,31.151912169989384,75.00793383528966,0.73850167,Punjab
2409,31.151912169989384,75.00811349834649,0.77116394,Punjab
2410,31.151912169989384,75.00874231904537,0.75139016,Punjab
2411,31.1520020015178,74.99445910602786,0.76532066,Punjab
2412,31.1520020015178,74.99607607353929,0.74335045,Punjab
2413,31.1520020015178,74.9961659050677,0.76737785,Punjab
2414,31.1520020015178,74.99679472576658,0.77373093,Punjab
2415,31.1520020015178,74.9976930410507,0.77997303,Punjab
2416,31.1520020015178,74.99796253563593,0.7854233,Punjab
2417,31.1520020015178,74.99841169327799,0.77195036,Punjab
2418,31.1520020015178,74.99913034550529,0.71230286,Punjab
2419,31.1520020015178,74.99948967161893,0.72008365,Punjab
2420,31.1520020015178,74.99966933467576,0.70962197,Punjab
2421,31.1520020015178,75.00020832384624,0.70766985,Punjab
2422,31.1520020015178,75.00119647065877,0.6570922,Punjab
2423,31.1520020015178,75.00137613371558,0.73475564,Punjab
2424,31.1520020015178,75.00155579677241,0.702689,Punjab
2425,31.1520020015178,75.00200495441447,0.612376,Punjab
2426,31.1520020015178,75.00290326969859,0.64549255,Punjab
2427,31.1520020015178,75.00362192192588,0.698335,Punjab
2428,31.1520020015178,75.00425074262476,0.72395194,Punjab
2429,31.1520020015178,75.0052388894373,0.5672392,Punjab
2430,31.1520020015178,75.00568804707936,0.6620879,Punjab
2431,31.1520020015178,75.00640669930665,0.6836034,Punjab
2432,31.1520020015178,75.00739484611918,0.57564294,Punjab
2433,31.1520020015178,75.00856265598854,0.7450077,Punjab
2434,31.1520020015178,75.00874231904537,0.7380944,Punjab
2435,31.1520020015178,75.00982029738631,0.6559615,Punjab
2436,31.1520020015178,75.01044911808519,0.6449369,Punjab
2437,31.1520020015178,75.01080844419884,0.62844145,Punjab
2438,31.152091833046207,74.99454893755627,0.7438905,Punjab
2439,31.152091833046207,74.99499809519834,0.7675941,Punjab
2440,31.152091833046207,74.99580657895405,0.770551,Punjab
2441,31.152091833046207,74.99661506270975,0.77937865,Punjab
2442,31.152091833046207,74.99706422035182,0.7715877,Punjab
2443,31.152091833046207,74.99760320952228,0.7712952,Punjab
2444,31.152091833046207,74.99805236716435,0.7723193,Punjab
2445,31.152091833046207,74.99877101939164,0.7254902,Punjab
2446,31.152091833046207,74.99939984009052,0.72039336,Punjab
2447,31.152091833046207,74.99966933467576,0.7243816,Punjab
2448,31.152091833046207,75.00038798690305,0.7551088,Punjab
2449,31.152091833046207,75.00065748148829,0.68405294,Punjab
2450,31.152091833046207,75.00092697607353,0.66809654,Punjab
2451,31.152091833046207,75.00182529135765,0.7197134,Punjab
2452,31.152091833046207,75.00254394358494,0.6620136,Punjab
2453,31.152091833046207,75.00281343817018,0.63795257,Punjab
2454,31.152091833046207,75.00326259581223,0.65818584,Punjab
2455,31.152091833046207,75.00398124803954,0.58700246,Punjab
2456,31.152091833046207,75.00416091109636,0.629292,Punjab
2457,31.152091833046207,75.0052388894373,0.58981514,Punjab
2458,31.152091833046207,75.00568804707936,0.6708729,Punjab
2459,31.152091833046207,75.00586771013619,0.66273344,Punjab
2460,31.152091833046207,75.0067660254203,0.69296414,Punjab
2461,31.152091833046207,75.00766434070442,0.6262968,Punjab
2462,31.152091833046207,75.00775417223284,0.6262968,Punjab
2463,31.152091833046207,75.00847282446013,0.7602143,Punjab
2464,31.152091833046207,75.00865248751695,0.75438595,Punjab
2465,31.152091833046207,75.00883215057378,0.74849725,Punjab
2466,31.152091833046207,75.01098810725567,0.6467535,Punjab
2467,31.152091833046207,75.01116777031248,0.62040627,Punjab
2468,31.15218166457462,74.99445910602786,0.6039604,Punjab
2469,31.15218166457462,74.99571674742563,0.7306122,Punjab
2470,31.15218166457462,74.99661506270975,0.773516,Punjab
2471,31.15218166457462,74.99670489423816,0.7732719,Punjab
2472,31.15218166457462,74.99823203022117,0.7748469,Punjab
2473,31.15218166457462,74.99832186174957,0.7536265,Punjab
2474,31.15218166457462,74.99841169327799,0.7536265,Punjab
2475,31.15218166457462,74.99975916620417,0.765812,Punjab
2476,31.15218166457462,74.99984899773258,0.7527115,Punjab
2477,31.15218166457462,75.00101680760194,0.65978163,Punjab
2478,31.15218166457462,75.00128630218717,0.68587214,Punjab
2479,31.15218166457462,75.00191512288606,0.6558015,Punjab
2480,31.15218166457462,75.0021846174713,0.57330006,Punjab
2481,31.15218166457462,75.00254394358494,0.6858029,Punjab
2482,31.15218166457462,75.00317276428383,0.60306245,Punjab
2483,31.15218166457462,75.00344225886906,0.63641506,Punjab
2484,31.15218166457462,75.00407107956795,0.5660091,Punjab
2485,31.15218166457462,75.00416091109636,0.53931415,Punjab
2486,31.15218166457462,75.00452023721,0.6042358,Punjab
2487,31.15218166457462,75.00478973179524,0.5964018,Punjab
2488,31.15218166457462,75.00532872096571,0.5658414,Punjab
2489,31.15218166457462,75.00667619389189,0.6665791,Punjab
2490,31.15218166457462,75.00694568847713,0.7118367,Punjab
2491,31.15218166457462,75.0074846776476,0.617503,Punjab
2492,31.15218166457462,75.00757450917601,0.5632865,Punjab
2493,31.15218166457462,75.00802366681808,0.7448539,Punjab
2494,31.15218166457462,75.0082931614033,0.77183443,Punjab
2495,31.15218166457462,75.00901181363061,0.75040823,Punjab
2496,31.15218166457462,75.00964063432949,0.6198069,Punjab
2497,31.15218166457462,75.00982029738631,0.64932156,Punjab
2498,31.15218166457462,75.00991012891473,0.6278545,Punjab
2499,31.15218166457462,75.01107793878408,0.6597064,Punjab
2500,31.152271496103037,74.99517775825517,0.69311064,Punjab
2501,31.152271496103037,74.9955370843688,0.68333334,Punjab
2502,31.152271496103037,74.99607607353929,0.7459408,Punjab
2503,31.152271496103037,74.9961659050677,0.76139855,Punjab
2504,31.152271496103037,74.9969743888234,0.7706465,Punjab
2505,31.152271496103037,74.99715405188023,0.77486545,Punjab
2506,31.152271496103037,74.99751337799387,0.769447,Punjab
2507,31.152271496103037,74.99778287257911,0.76,Punjab
2508,31.152271496103037,74.99805236716435,0.7645933,Punjab
2509,31.152271496103037,74.9985015248064,0.71524286,Punjab
2510,31.152271496103037,74.99913034550529,0.714543,Punjab
2511,31.152271496103037,74.999938829261,0.75033617,Punjab
2512,31.152271496103037,75.00011849231782,0.73749864,Punjab
2513,31.152271496103037,75.00056764995988,0.64293724,Punjab
2514,31.152271496103037,75.00155579677241,0.7145787,Punjab
2515,31.152271496103037,75.00335242734064,0.6230983,Punjab
2516,31.152271496103037,75.00407107956795,0.54109454,Punjab
2517,31.152271496103037,75.00434057415318,0.52067107,Punjab
2518,31.152271496103037,75.00461006873842,0.60107815,Punjab
2519,31.152271496103037,75.00478973179524,0.58423126,Punjab
2520,31.152271496103037,75.00487956332366,0.64032096,Punjab
2521,31.152271496103037,75.00856265598854,0.72960216,Punjab
2522,31.152271496103037,75.00874231904537,0.72499377,Punjab
2523,31.152271496103037,75.00928130821583,0.5550974,Punjab
2524,31.152271496103037,75.00955080280107,0.604983,Punjab
2525,31.152271496103037,75.01062878114202,0.6424631,Punjab
2526,31.152271496103037,75.01089827572726,0.66564465,Punjab
2527,31.152271496103037,75.01116777031248,0.64609575,Punjab
2528,31.152361327631443,74.99445910602786,0.3997986,Punjab
2529,31.152361327631443,74.9947286006131,0.63255537,Punjab
2530,31.152361327631443,74.99562691589722,0.6669281,Punjab
2531,31.152361327631443,74.99625573659611,0.7290653,Punjab
2532,31.152361327631443,74.99634556812451,0.76729125,Punjab
2533,31.152361327631443,74.99670489423816,0.77190083,Punjab
2534,31.152361327631443,74.99733371493704,0.77035093,Punjab
2535,31.152361327631443,74.99787270410752,0.74909,Punjab
2536,31.152361327631443,74.99832186174957,0.72077376,Punjab
2537,31.152361327631443,74.99841169327799,0.72077376,Punjab
2538,31.152361327631443,74.99913034550529,0.7124183,Punjab
2539,31.152361327631443,74.99966933467576,0.7799043,Punjab
2540,31.152361327631443,75.00011849231782,0.7556881,Punjab
2541,31.152361327631443,75.0007473130167,0.62923586,Punjab
2542,31.152361327631443,75.00092697607353,0.6215965,Punjab
2543,31.152361327631443,75.00110663913036,0.69406915,Punjab
2544,31.152361327631443,75.00245411205653,0.6688647,Punjab
2545,31.152361327631443,75.00353209039747,0.6344676,Punjab
2546,31.152361327631443,75.00478973179524,0.5803187,Punjab
2547,31.152361327631443,75.00487956332366,0.602363,Punjab
2548,31.152361327631443,75.00532872096571,0.63348645,Punjab
2549,31.152361327631443,75.00550838402253,0.5653242,Punjab
2550,31.152361327631443,75.00604737319301,0.63212675,Punjab
2551,31.152361327631443,75.00658636236348,0.6465909,Punjab
2552,31.152361327631443,75.00667619389189,0.6643246,Punjab
2553,31.152361327631443,75.00730501459077,0.7111806,Punjab
2554,31.152361327631443,75.00757450917601,0.701387,Punjab
2555,31.152361327631443,75.00775417223284,0.6176219,Punjab
2556,31.152361327631443,75.0082931614033,0.6137045,Punjab
2557,31.152361327631443,75.00856265598854,0.6716979,Punjab
2558,31.152361327631443,75.00910164515902,0.7008614,Punjab
2559,31.152361327631443,75.00999996044314,0.5774465,Punjab
2560,31.152361327631443,75.01071861267043,0.6514996,Punjab
2561,31.152361327631443,75.01107793878408,0.6730886,Punjab
2562,31.152451159159856,74.99490826366993,0.60611624,Punjab
2563,31.152451159159856,74.99517775825517,0.60738355,Punjab
2564,31.152451159159856,74.99526758978358,0.60738355,Punjab
2565,31.152451159159856,74.99688455729499,0.76315147,Punjab
2566,31.152451159159856,74.99706422035182,0.758431,Punjab
2567,31.152451159159856,74.99787270410752,0.7399955,Punjab
2568,31.152451159159856,74.99886085092005,0.716094,Punjab
2569,31.152451159159856,75.00002866078941,0.6671664,Punjab
2570,31.152451159159856,75.00029815537464,0.7295138,Punjab
2571,31.152451159159856,75.00047781843146,0.60589814,Punjab
2572,31.152451159159856,75.00065748148829,0.56953645,Punjab
2573,31.152451159159856,75.00155579677241,0.7073065,Punjab
2574,31.152451159159856,75.0021846174713,0.6617928,Punjab
2575,31.152451159159856,75.00308293275542,0.6200029,Punjab
2576,31.152451159159856,75.00335242734064,0.60498375,Punjab
2577,31.152451159159856,75.00559821555095,0.61309975,Punjab
2578,31.152451159159856,75.0059575416646,0.6418733,Punjab
2579,31.152451159159856,75.00622703624983,0.5889234,Punjab
2580,31.152451159159856,75.00667619389189,0.6552793,Punjab
2581,31.152451159159856,75.00685585694872,0.69029593,Punjab
2582,31.152451159159856,75.00703552000554,0.6653934,Punjab
2583,31.152451159159856,75.00766434070442,0.6559109,Punjab
2584,31.152451159159856,75.00856265598854,0.6132409,Punjab
2585,31.152451159159856,75.00910164515902,0.71558475,Punjab
2586,31.152451159159856,75.01008979197155,0.6152941,Punjab
2587,31.152451159159856,75.01062878114202,0.6369125,Punjab
2588,31.152451159159856,75.01107793878408,0.6627885,Punjab
2589,31.15254099068827,74.99463876908469,0.3867671,Punjab
2590,31.15254099068827,74.99499809519834,0.58355093,Punjab
2591,31.15254099068827,74.99535742131198,0.6081081,Punjab
2592,31.15254099068827,74.99670489423816,0.7597684,Punjab
2593,31.15254099068827,74.99688455729499,0.75563526,Punjab
2594,31.15254099068827,74.99877101939164,0.7321834,Punjab
2595,31.15254099068827,74.99886085092005,0.71781474,Punjab
2596,31.15254099068827,75.00209478594289,0.6367663,Punjab
2597,31.15254099068827,75.0021846174713,0.63893974,Punjab
2598,31.15254099068827,75.00308293275542,0.63198245,Punjab
2599,31.15254099068827,75.00353209039747,0.5696499,Punjab
2600,31.15254099068827,75.00389141651112,0.6200846,Punjab
2601,31.15254099068827,75.00416091109636,0.66470027,Punjab
2602,31.15254099068827,75.00469990026683,0.6848426,Punjab
2603,31.15254099068827,75.00559821555095,0.5512625,Punjab
2604,31.15254099068827,75.00568804707936,0.5737913,Punjab
2605,31.15254099068827,75.00604737319301,0.6242091,Punjab
2606,31.15254099068827,75.00622703624983,0.6038813,Punjab
2607,31.15254099068827,75.01062878114202,0.62162715,Punjab
2608,31.15254099068827,75.01098810725567,0.6627839,Punjab
2609,31.15263082221668,74.99463876908469,0.5236568,Punjab
2610,31.15263082221668,74.99481843214151,0.38414633,Punjab
2611,31.15263082221668,74.99490826366993,0.5940661,Punjab
2612,31.15263082221668,74.9969743888234,0.7358297,Punjab
2613,31.15263082221668,74.99724388340864,0.6830278,Punjab
2614,31.15263082221668,74.99859135633481,0.718798,Punjab
2615,31.15263082221668,74.99913034550529,0.6926902,Punjab
2616,31.15263082221668,74.99975916620417,0.770551,Punjab
2617,31.15263082221668,74.999938829261,0.73151785,Punjab
2618,31.15263082221668,75.00047781843146,0.589938,Punjab
2619,31.15263082221668,75.00137613371558,0.70544994,Punjab
2620,31.15263082221668,75.00191512288606,0.60589623,Punjab
2621,31.15263082221668,75.0022744489997,0.5871508,Punjab
2622,31.15263082221668,75.00236428052811,0.51862633,Punjab
2623,31.15263082221668,75.00335242734064,0.5878971,Punjab
2624,31.15263082221668,75.00461006873842,0.7002892,Punjab
2625,31.15263082221668,75.00496939485207,0.7141388,Punjab
2626,31.15263082221668,75.00505922638048,0.7303249,Punjab
2627,31.15263082221668,75.0059575416646,0.62707144,Punjab
2628,31.15263082221668,75.00703552000554,0.6264345,Punjab
2629,31.15263082221668,75.00712535153396,0.6264345,Punjab
2630,31.15263082221668,75.00739484611918,0.6790101,Punjab
2631,31.15263082221668,75.0074846776476,0.64990914,Punjab
2632,31.15263082221668,75.00775417223284,0.68850696,Punjab
2633,31.15263082221668,75.00793383528966,0.7050786,Punjab
2634,31.15263082221668,75.00802366681808,0.68637943,Punjab
2635,31.15263082221668,75.00820332987489,0.67799246,Punjab
2636,31.15263082221668,75.00847282446013,0.67805535,Punjab
2637,31.15263082221668,75.00874231904537,0.7037994,Punjab
2638,31.15263082221668,75.00883215057378,0.67149377,Punjab
2639,31.15263082221668,75.0089219821022,0.6810016,Punjab
2640,31.15263082221668,75.00946097127266,0.60066193,Punjab
2641,31.15263082221668,75.01071861267043,0.6076317,Punjab
2642,31.15263082221668,75.01098810725567,0.66065687,Punjab
2643,31.15263082221668,75.01116777031248,0.6565901,Punjab
2644,31.15272065374509,74.99535742131198,0.5934031,Punjab
2645,31.15272065374509,74.9955370843688,0.5589548,Punjab
2646,31.15272065374509,74.99688455729499,0.715342,Punjab
2647,31.15272065374509,74.99706422035182,0.686747,Punjab
2648,31.15272065374509,74.99715405188023,0.686747,Punjab
2649,31.15272065374509,74.99805236716435,0.6947608,Punjab
2650,31.15272065374509,74.99814219869276,0.69897276,Punjab
2651,31.15272065374509,74.99895068244847,0.7702206,Punjab
2652,31.15272065374509,74.99984899773258,0.7555214,Punjab
2653,31.15272065374509,75.00083714454512,0.6710021,Punjab
2654,31.15272065374509,75.00092697607353,0.67750573,Punjab
2655,31.15272065374509,75.00110663913036,0.71320105,Punjab
2656,31.15272065374509,75.00164562830082,0.6291697,Punjab
2657,31.15272065374509,75.00191512288606,0.58329886,Punjab
2658,31.15272065374509,75.00236428052811,0.5754525,Punjab
2659,31.15272065374509,75.00254394358494,0.6149703,Punjab
2660,31.15272065374509,75.00308293275542,0.6109383,Punjab
2661,31.15272065374509,75.00317276428383,0.5946099,Punjab
2662,31.15272065374509,75.00353209039747,0.5487456,Punjab
2663,31.15272065374509,75.00380158498271,0.5698204,Punjab
2664,31.15272065374509,75.00398124803954,0.5819786,Punjab
2665,31.15272065374509,75.00505922638048,0.7304893,Punjab
2666,31.15272065374509,75.00622703624983,0.652453,Punjab
2667,31.15272065374509,75.00640669930665,0.6260574,Punjab
2668,31.15272065374509,75.0067660254203,0.6297889,Punjab
2669,31.15272065374509,75.00721518306236,0.65459454,Punjab
2670,31.15272065374509,75.00766434070442,0.6497013,Punjab
2671,31.15272065374509,75.00820332987489,0.6653846,Punjab
2672,31.15272065374509,75.00856265598854,0.6698533,Punjab
2673,31.15272065374509,75.00901181363061,0.6453656,Punjab
2674,31.15272065374509,75.00928130821583,0.5823174,Punjab
2675,31.15272065374509,75.00982029738631,0.5952371,Punjab
2676,31.15272065374509,75.01026945502836,0.6217877,Punjab
2677,31.15272065374509,75.0105389496136,0.62582874,Punjab
2678,31.15272065374509,75.01062878114202,0.6110279,Punjab
2679,31.15272065374509,75.01080844419884,0.636236,Punjab
2680,31.152810485273505,74.99463876908469,0.59084404,Punjab
2681,31.152810485273505,74.99481843214151,0.5210329,Punjab
2682,31.152810485273505,74.99490826366993,0.42296073,Punjab
2683,31.152810485273505,74.99535742131198,0.5918627,Punjab
2684,31.152810485273505,74.99598624201087,0.6497696,Punjab
2685,31.152810485273505,74.9961659050677,0.6263487,Punjab
2686,31.152810485273505,74.99715405188023,0.5893224,Punjab
2687,31.152810485273505,74.9976930410507,0.666412,Punjab
2688,31.152810485273505,74.9985015248064,0.7042088,Punjab
2689,31.152810485273505,74.99859135633481,0.7452107,Punjab
2690,31.152810485273505,74.99895068244847,0.7716644,Punjab
2691,31.152810485273505,74.99904051397688,0.73644954,Punjab
2692,31.152810485273505,74.99966933467576,0.75288385,Punjab
2693,31.152810485273505,74.99984899773258,0.69925016,Punjab
2694,31.152810485273505,75.00011849231782,0.7169811,Punjab
2695,31.152810485273505,75.00029815537464,0.7180771,Punjab
2696,31.152810485273505,75.00047781843146,0.69579285,Punjab
2697,31.152810485273505,75.00056764995988,0.6992316,Punjab
2698,31.152810485273505,75.00110663913036,0.70944625,Punjab
2699,31.152810485273505,75.00128630218717,0.6833937,Punjab
2700,31.152810485273505,75.00317276428383,0.6082137,Punjab
2701,31.152810485273505,75.00344225886906,0.5806674,Punjab
2702,31.152810485273505,75.00452023721,0.6174545,Punjab
2703,31.152810485273505,75.00577787860777,0.53787756,Punjab
2704,31.152810485273505,75.00613720472143,0.65804553,Punjab
2705,31.152810485273505,75.00631686777824,0.6414048,Punjab
2706,31.152810485273505,75.00703552000554,0.6185846,Punjab
2707,31.152810485273505,75.0074846776476,0.57847995,Punjab
2708,31.152810485273505,75.00757450917601,0.5255023,Punjab
2709,31.152810485273505,75.00784400376125,0.62352735,Punjab
2710,31.152810485273505,75.0082931614033,0.6873809,Punjab
2711,31.152810485273505,75.00919147668742,0.579041,Punjab
2712,31.152810485273505,75.01026945502836,0.6240319,Punjab
2713,31.152810485273505,75.01098810725567,0.6380843,Punjab
2714,31.152900316801915,74.99499809519834,0.4372549,Punjab
2715,31.152900316801915,74.99562691589722,0.5989975,Punjab
2716,31.152900316801915,74.99859135633481,0.7526366,Punjab
2717,31.152900316801915,74.99877101939164,0.7545195,Punjab
2718,31.152900316801915,74.99904051397688,0.7109081,Punjab
2719,31.152900316801915,74.99913034550529,0.6433436,Punjab
2720,31.152900316801915,74.99948967161893,0.7378498,Punjab
2721,31.152900316801915,75.00020832384624,0.68285716,Punjab
2722,31.152900316801915,75.00038798690305,0.6585708,Punjab
2723,31.152900316801915,75.00110663913036,0.700933,Punjab
2724,31.152900316801915,75.00128630218717,0.67881185,Punjab
2725,31.152900316801915,75.00137613371558,0.6422588,Punjab
2726,31.152900316801915,75.0021846174713,0.57779855,Punjab
2727,31.152900316801915,75.0022744489997,0.593021,Punjab
2728,31.152900316801915,75.00272360664177,0.63213646,Punjab
2729,31.152900316801915,75.00308293275542,0.6030821,Punjab
2730,31.152900316801915,75.00317276428383,0.60892606,Punjab
2731,31.152900316801915,75.00416091109636,0.48210102,Punjab
2732,31.152900316801915,75.00434057415318,0.58165455,Punjab
2733,31.152900316801915,75.00568804707936,0.5698408,Punjab
2734,31.152900316801915,75.00640669930665,0.62871367,Punjab
2735,31.152900316801915,75.00685585694872,0.642638,Punjab
2736,31.152900316801915,75.00703552000554,0.6224448,Punjab
2737,31.152900316801915,75.00766434070442,0.5353785,Punjab
2738,31.152900316801915,75.00775417223284,0.5353785,Punjab
2739,31.152900316801915,75.00820332987489,0.65410197,Punjab
2740,31.152900316801915,75.00865248751695,0.702387,Punjab
2741,31.152900316801915,75.00937113974425,0.570421,Punjab
2742,31.152900316801915,75.00946097127266,0.57802635,Punjab
2743,31.152900316801915,75.00964063432949,0.6172097,Punjab
2744,31.152900316801915,75.0097304658579,0.6196457,Punjab
2745,31.152900316801915,75.00982029738631,0.6332693,Punjab
2746,31.152900316801915,75.00999996044314,0.62073326,Punjab
2747,31.152900316801915,75.01008979197155,0.61971563,Punjab
2748,31.152900316801915,75.01089827572726,0.6172468,Punjab
2749,31.152900316801915,75.01116777031248,0.6191756,Punjab
2750,31.15299014833033,74.99481843214151,0.6187767,Punjab
2751,31.15299014833033,74.99580657895405,0.64699334,Punjab
2752,31.15299014833033,74.99661506270975,0.6708722,Punjab
2753,31.15299014833033,74.99778287257911,0.668924,Punjab
2754,31.15299014833033,74.99877101939164,0.6727778,Punjab
2755,31.15299014833033,74.99948967161893,0.7180573,Punjab
2756,31.15299014833033,74.99984899773258,0.71808743,Punjab
2757,31.15299014833033,75.00011849231782,0.65652144,Punjab
2758,31.15299014833033,75.00038798690305,0.6142545,Punjab
2759,31.15299014833033,75.00101680760194,0.6648224,Punjab
2760,31.15299014833033,75.00128630218717,0.6612174,Punjab
2761,31.15299014833033,75.0022744489997,0.5884128,Punjab
2762,31.15299014833033,75.002993101227,0.56487745,Punjab
2763,31.15299014833033,75.0037117534543,0.56846476,Punjab
2764,31.15299014833033,75.00380158498271,0.57330155,Punjab
2765,31.15299014833033,75.00425074262476,0.5231509,Punjab
2766,31.15299014833033,75.00461006873842,0.6102831,Punjab
2767,31.15299014833033,75.00586771013619,0.6584422,Punjab
2768,31.15299014833033,75.00604737319301,0.6115424,Punjab
2769,31.15299014833033,75.00622703624983,0.63921183,Punjab
2770,31.15299014833033,75.00703552000554,0.6281029,Punjab
2771,31.15299014833033,75.00784400376125,0.5464995,Punjab
2772,31.15299014833033,75.00856265598854,0.7180394,Punjab
2773,31.15299014833033,75.01089827572726,0.6218777,Punjab
2774,31.153079979858735,74.99499809519834,0.5209532,Punjab
2775,31.153079979858735,74.99526758978358,0.5108959,Punjab
2776,31.153079979858735,74.99571674742563,0.5423088,Punjab
2777,31.153079979858735,74.99580657895405,0.5737521,Punjab
2778,31.153079979858735,74.99688455729499,0.7054034,Punjab
2779,31.153079979858735,74.99724388340864,0.739553,Punjab
2780,31.153079979858735,74.99778287257911,0.68865436,Punjab
2781,31.153079979858735,74.99805236716435,0.68349844,Punjab
2782,31.153079979858735,74.99841169327799,0.69234735,Punjab
2783,31.153079979858735,74.99868118786323,0.63765347,Punjab
2784,31.153079979858735,74.99904051397688,0.6017192,Punjab
2785,31.153079979858735,74.99913034550529,0.55469954,Punjab
2786,31.153079979858735,74.99957950314734,0.6911954,Punjab
2787,31.153079979858735,74.99975916620417,0.7226425,Punjab
2788,31.153079979858735,74.99984899773258,0.70682454,Punjab
2789,31.153079979858735,75.00128630218717,0.6467871,Punjab
2790,31.153079979858735,75.00182529135765,0.6192554,Punjab
2791,31.153079979858735,75.00191512288606,0.6080939,Punjab
2792,31.153079979858735,75.00353209039747,0.52114356,Punjab
2793,31.153079979858735,75.00407107956795,0.52733266,Punjab
2794,31.153079979858735,75.0052388894373,0.6758083,Punjab
2795,31.153079979858735,75.00532872096571,0.6479561,Punjab
2796,31.153079979858735,75.00541855249412,0.69753003,Punjab
2797,31.153079979858735,75.00559821555095,0.6453159,Punjab
2798,31.153079979858735,75.00568804707936,0.6769647,Punjab
2799,31.153079979858735,75.00577787860777,0.66424066,Punjab
2800,31.153079979858735,75.00775417223284,0.57843137,Punjab
2801,31.153079979858735,75.00802366681808,0.5481659,Punjab
2802,31.153079979858735,75.00937113974425,0.62095386,Punjab
2803,31.153079979858735,75.00955080280107,0.6307191,Punjab
2804,31.153079979858735,75.01035928655678,0.57788783,Punjab
2805,31.153079979858735,75.01062878114202,0.6014517,Punjab
2806,31.15316981138715,74.99517775825517,0.45255473,Punjab
2807,31.15316981138715,74.99526758978358,0.45255473,Punjab
2808,31.15316981138715,74.99562691589722,0.56586486,Punjab
2809,31.15316981138715,74.99625573659611,0.59882003,Punjab
2810,31.15316981138715,74.99661506270975,0.62880886,Punjab
2811,31.15316981138715,74.99679472576658,0.70381093,Punjab
2812,31.15316981138715,74.99724388340864,0.7404277,Punjab
2813,31.15316981138715,74.99778287257911,0.65276986,Punjab
2814,31.15316981138715,74.99796253563593,0.7098372,Punjab
2815,31.15316981138715,74.99841169327799,0.6970976,Punjab
2816,31.15316981138715,74.99868118786323,0.6351906,Punjab
2817,31.15316981138715,74.99957950314734,0.6969697,Punjab
2818,31.15316981138715,75.00056764995988,0.68377614,Punjab
2819,31.15316981138715,75.00083714454512,0.6701903,Punjab
2820,31.15316981138715,75.00110663913036,0.64406544,Punjab
2821,31.15316981138715,75.001465965244,0.5957799,Punjab
2822,31.15316981138715,75.00200495441447,0.5704215,Punjab
2823,31.15316981138715,75.00236428052811,0.561936,Punjab
2824,31.15316981138715,75.00308293275542,0.491681,Punjab
2825,31.15316981138715,75.00317276428383,0.506659,Punjab
2826,31.15316981138715,75.00335242734064,0.52792794,Punjab
2827,31.15316981138715,75.00380158498271,0.56288296,Punjab
2828,31.15316981138715,75.00425074262476,0.3700506,Punjab
2829,31.15316981138715,75.00487956332366,0.5502208,Punjab
2830,31.15316981138715,75.00532872096571,0.6538318,Punjab
2831,31.15316981138715,75.0067660254203,0.61754876,Punjab
2832,31.15316981138715,75.00703552000554,0.6359424,Punjab
2833,31.15316981138715,75.00766434070442,0.5775754,Punjab
2834,31.15316981138715,75.00793383528966,0.58955806,Punjab
2835,31.15316981138715,75.0089219821022,0.6731031,Punjab
2836,31.15316981138715,75.01026945502836,0.61172736,Punjab
2837,31.153259642915565,74.99499809519834,0.45052385,Punjab
2838,31.153259642915565,74.99571674742563,0.6654295,Punjab
2839,31.153259642915565,74.99598624201087,0.62335765,Punjab
2840,31.153259642915565,74.99652523118134,0.630662,Punjab
2841,31.153259642915565,74.99751337799387,0.66466343,Punjab
2842,31.153259642915565,74.99787270410752,0.72523797,Punjab
2843,31.153259642915565,74.99859135633481,0.60518026,Punjab
2844,31.153259642915565,75.00029815537464,0.666439,Punjab
2845,31.153259642915565,75.00038798690305,0.65392095,Punjab
2846,31.153259642915565,75.00092697607353,0.59977674,Punjab
2847,31.153259642915565,75.00119647065877,0.60394317,Punjab
2848,31.153259642915565,75.00182529135765,0.61484176,Punjab
2849,31.153259642915565,75.00254394358494,0.5670025,Punjab
2850,31.153259642915565,75.00290326969859,0.4929078,Punjab
2851,31.153259642915565,75.00335242734064,0.4794362,Punjab
2852,31.153259642915565,75.00416091109636,0.4138131,Punjab
2853,31.153259642915565,75.00425074262476,0.36927536,Punjab
2854,31.153259642915565,75.00478973179524,0.44927537,Punjab
2855,31.153259642915565,75.00559821555095,0.6506351,Punjab
2856,31.153259642915565,75.00586771013619,0.6456062,Punjab
2857,31.153259642915565,75.00622703624983,0.6346494,Punjab
2858,31.153259642915565,75.00649653083507,0.6111682,Punjab
2859,31.153259642915565,75.00685585694872,0.5933963,Punjab
2860,31.153259642915565,75.0074846776476,0.5661106,Punjab
2861,31.153259642915565,75.00946097127266,0.6,Punjab
2862,31.153259642915565,75.00982029738631,0.6191428,Punjab
2863,31.153259642915565,75.01017962349995,0.6076065,Punjab
2864,31.153259642915565,75.01044911808519,0.61360735,Punjab
2865,31.15334947444397,74.99490826366993,0.48668796,Punjab
2866,31.15334947444397,74.99517775825517,0.23097827,Punjab
2867,31.15334947444397,74.99571674742563,0.6341317,Punjab
2868,31.15334947444397,74.99634556812451,0.65643156,Punjab
2869,31.15334947444397,74.99643539965292,0.6886598,Punjab
2870,31.15334947444397,74.99706422035182,0.56790906,Punjab
2871,31.15334947444397,74.99751337799387,0.6223507,Punjab
2872,31.15334947444397,74.99787270410752,0.74694675,Punjab
2873,31.15334947444397,74.99841169327799,0.75581676,Punjab
2874,31.15334947444397,74.9985015248064,0.7301461,Punjab
2875,31.15334947444397,74.99868118786323,0.6421446,Punjab
2876,31.15334947444397,74.99975916620417,0.65466815,Punjab
2877,31.15334947444397,75.00002866078941,0.6507159,Punjab
2878,31.15334947444397,75.00029815537464,0.6500775,Punjab
2879,31.15334947444397,75.00038798690305,0.6575976,Punjab
2880,31.15334947444397,75.00056764995988,0.67991406,Punjab
2881,31.15334947444397,75.00110663913036,0.59954137,Punjab
2882,31.15334947444397,75.00236428052811,0.55508566,Punjab
2883,31.15334947444397,75.00281343817018,0.5231041,Punjab
2884,31.15334947444397,75.00380158498271,0.49021932,Punjab
2885,31.15334947444397,75.00434057415318,0.45209327,Punjab
2886,31.15334947444397,75.00443040568159,0.44004536,Punjab
2887,31.15334947444397,75.00487956332366,0.4519573,Punjab
2888,31.15334947444397,75.00505922638048,0.57165456,Punjab
2889,31.15334947444397,75.00532872096571,0.56140524,Punjab
2890,31.15334947444397,75.00613720472143,0.6121554,Punjab
2891,31.15334947444397,75.00622703624983,0.58260304,Punjab
2892,31.15334947444397,75.00667619389189,0.56959337,Punjab
2893,31.15334947444397,75.00685585694872,0.56705236,Punjab
2894,31.15334947444397,75.00721518306236,0.5263669,Punjab
2895,31.15334947444397,75.00730501459077,0.52412647,Punjab
2896,31.15334947444397,75.00838299293171,0.5388503,Punjab
2897,31.15334947444397,75.00847282446013,0.620238,Punjab
2898,31.15334947444397,75.00901181363061,0.62988067,Punjab
2899,31.15334947444397,75.00919147668742,0.7103786,Punjab
2900,31.15334947444397,75.00928130821583,0.6913722,Punjab
2901,31.15334947444397,75.00955080280107,0.61483383,Punjab
2902,31.15334947444397,75.00982029738631,0.59527624,Punjab
2903,31.15334947444397,75.00991012891473,0.5956736,Punjab
2904,31.15334947444397,75.01089827572726,0.62022996,Punjab
2905,31.15334947444397,75.01107793878408,0.61217177,Punjab
2906,31.153439305972388,74.99508792672675,0.42938387,Punjab
2907,31.153439305972388,74.99625573659611,0.6014047,Punjab
2908,31.153439305972388,74.99670489423816,0.6474615,Punjab
2909,31.153439305972388,74.9969743888234,0.5071854,Punjab
2910,31.153439305972388,74.99706422035182,0.5145631,Punjab
2911,31.153439305972388,74.99832186174957,0.70319873,Punjab
2912,31.153439305972388,75.00020832384624,0.6243713,Punjab
2913,31.153439305972388,75.00065748148829,0.6054608,Punjab
2914,31.153439305972388,75.0007473130167,0.6092482,Punjab
2915,31.153439305972388,75.00083714454512,0.6092482,Punjab
2916,31.153439305972388,75.00200495441447,0.5783167,Punjab
2917,31.153439305972388,75.00272360664177,0.5330038,Punjab
2918,31.153439305972388,75.00416091109636,0.43064,Punjab
2919,31.153439305972388,75.00434057415318,0.4368495,Punjab
2920,31.153439305972388,75.00452023721,0.47885776,Punjab
2921,31.153439305972388,75.00461006873842,0.47885776,Punjab
2922,31.153439305972388,75.00478973179524,0.4214876,Punjab
2923,31.153439305972388,75.00487956332366,0.43865255,Punjab
2924,31.153439305972388,75.0051490579089,0.5592357,Punjab
2925,31.153439305972388,75.00541855249412,0.56929487,Punjab
2926,31.153439305972388,75.00658636236348,0.5451338,Punjab
2927,31.153439305972388,75.00865248751695,0.70044786,Punjab
2928,31.153439305972388,75.01026945502836,0.63424927,Punjab
2929,31.153439305972388,75.01071861267043,0.6220407,Punjab
2930,31.1535291375008,74.99481843214151,0.5456198,Punjab
2931,31.1535291375008,74.99490826366993,0.5318994,Punjab
2932,31.1535291375008,74.99508792672675,0.4628803,Punjab
2933,31.1535291375008,74.9955370843688,0.21540657,Punjab
2934,31.1535291375008,74.99580657895405,0.51843137,Punjab
2935,31.1535291375008,74.99589641048246,0.51843137,Punjab
2936,31.1535291375008,74.99652523118134,0.71246004,Punjab
2937,31.1535291375008,74.99670489423816,0.61077845,Punjab
2938,31.1535291375008,74.99688455729499,0.5409623,Punjab
2939,31.1535291375008,74.9969743888234,0.5652729,Punjab
2940,31.1535291375008,74.99706422035182,0.6155521,Punjab
2941,31.1535291375008,74.99841169327799,0.69495165,Punjab
2942,31.1535291375008,74.99868118786323,0.7030753,Punjab
2943,31.1535291375008,74.99886085092005,0.7416459,Punjab
2944,31.1535291375008,75.00038798690305,0.59183097,Punjab
2945,31.1535291375008,75.00047781843146,0.59463286,Punjab
2946,31.1535291375008,75.00101680760194,0.62850326,Punjab
2947,31.1535291375008,75.00119647065877,0.61658734,Punjab
2948,31.1535291375008,75.00173545982923,0.5754135,Punjab
2949,31.1535291375008,75.002993101227,0.45095977,Punjab
2950,31.1535291375008,75.00344225886906,0.4385382,Punjab
2951,31.1535291375008,75.00416091109636,0.40617576,Punjab
2952,31.1535291375008,75.0051490579089,0.51589835,Punjab
2953,31.1535291375008,75.00631686777824,0.57250077,Punjab
2954,31.1535291375008,75.00640669930665,0.54525125,Punjab
2955,31.1535291375008,75.00712535153396,0.500139,Punjab
2956,31.1535291375008,75.00766434070442,0.45530474,Punjab
2957,31.1535291375008,75.00910164515902,0.6744265,Punjab
2958,31.1535291375008,75.0105389496136,0.6218058,Punjab
2959,31.1535291375008,75.01116777031248,0.6329862,Punjab
2960,31.15361896902921,74.99490826366993,0.4980223,Punjab
2961,31.15361896902921,74.99625573659611,0.7372549,Punjab
2962,31.15361896902921,74.99634556812451,0.7069813,Punjab
2963,31.15361896902921,74.99724388340864,0.69817233,Punjab
2964,31.15361896902921,74.99760320952228,0.75969726,Punjab
2965,31.15361896902921,74.99886085092005,0.7191098,Punjab
2966,31.15361896902921,74.9992201770337,0.6895776,Punjab
2967,31.15361896902921,74.99948967161893,0.6658799,Punjab
2968,31.15361896902921,75.00029815537464,0.5779774,Punjab
2969,31.15361896902921,75.00038798690305,0.58611965,Punjab
2970,31.15361896902921,75.00056764995988,0.5805833,Punjab
2971,31.15361896902921,75.0007473130167,0.60587656,Punjab
2972,31.15361896902921,75.00101680760194,0.63461536,Punjab
2973,31.15361896902921,75.00182529135765,0.5706422,Punjab
2974,31.15361896902921,75.00209478594289,0.56405634,Punjab
2975,31.15361896902921,75.00236428052811,0.5065388,Punjab
2976,31.15361896902921,75.002993101227,0.4512987,Punjab
2977,31.15361896902921,75.00317276428383,0.43541202,Punjab
2978,31.15361896902921,75.00326259581223,0.44265866,Punjab
2979,31.15361896902921,75.00380158498271,0.47325933,Punjab
2980,31.15361896902921,75.00389141651112,0.42017806,Punjab
2981,31.15361896902921,75.0051490579089,0.4788494,Punjab
2982,31.15361896902921,75.00541855249412,0.5478371,Punjab
2983,31.15361896902921,75.00568804707936,0.57466805,Punjab
2984,31.15361896902921,75.0059575416646,0.57530344,Punjab
2985,31.15361896902921,75.00640669930665,0.5857674,Punjab
2986,31.15361896902921,75.00649653083507,0.5857674,Punjab
2987,31.15361896902921,75.0067660254203,0.5711191,Punjab
2988,31.15361896902921,75.0074846776476,0.50174576,Punjab
2989,31.15361896902921,75.00775417223284,0.48096886,Punjab
2990,31.15361896902921,75.00820332987489,0.56010807,Punjab
2991,31.15361896902921,75.00874231904537,0.63214743,Punjab
2992,31.15361896902921,75.00999996044314,0.597124,Punjab
2993,31.15361896902921,75.01107793878408,0.5995367,Punjab
2994,31.153708800557624,74.99454893755627,0.51881254,Punjab
2995,31.153708800557624,74.99490826366993,0.5308012,Punjab
2996,31.153708800557624,74.99499809519834,0.5166297,Punjab
2997,31.153708800557624,74.99544725284039,0.56892973,Punjab
2998,31.153708800557624,74.99562691589722,0.42366025,Punjab
2999,31.153708800557624,74.99598624201087,0.5328693,Punjab
3000,31.153708800557624,74.99652523118134,0.67465067,Punjab
3001,31.153708800557624,74.99670489423816,0.6513761,Punjab
3002,31.153708800557624,74.99877101939164,0.70203644,Punjab
3003,31.153708800557624,74.99948967161893,0.6123228,Punjab
3004,31.153708800557624,74.99966933467576,0.5631916,Punjab
3005,31.153708800557624,75.00020832384624,0.57279944,Punjab
3006,31.153708800557624,75.00065748148829,0.56549585,Punjab
3007,31.153708800557624,75.00083714454512,0.5847126,Punjab
3008,31.153708800557624,75.00092697607353,0.5993096,Punjab
3009,31.153708800557624,75.00101680760194,0.60823506,Punjab
3010,31.153708800557624,75.00110663913036,0.6043417,Punjab
3011,31.153708800557624,75.00173545982923,0.5693667,Punjab
3012,31.153708800557624,75.00191512288606,0.5602273,Punjab
3013,31.153708800557624,75.00200495441447,0.5448397,Punjab
3014,31.153708800557624,75.00209478594289,0.5448397,Punjab
3015,31.153708800557624,75.00308293275542,0.45955056,Punjab
3016,31.153708800557624,75.00362192192588,0.45385244,Punjab
3017,31.153708800557624,75.00380158498271,0.47830924,Punjab
3018,31.153708800557624,75.00443040568159,0.45163664,Punjab
3019,31.153708800557624,75.0052388894373,0.4593088,Punjab
3020,31.153708800557624,75.00532872096571,0.44116867,Punjab
3021,31.153708800557624,75.0059575416646,0.5797166,Punjab
3022,31.153708800557624,75.00649653083507,0.6064174,Punjab
3023,31.153708800557624,75.00739484611918,0.5170843,Punjab
3024,31.153708800557624,75.0089219821022,0.61715364,Punjab
3025,31.153708800557624,75.00964063432949,0.718489,Punjab
3026,31.153708800557624,75.00982029738631,0.6405705,Punjab
3027,31.153708800557624,75.00991012891473,0.61510676,Punjab
3028,31.153708800557624,75.01080844419884,0.6085389,Punjab
3029,31.153798632086037,74.99454893755627,0.52948403,Punjab
3030,31.153798632086037,74.99463876908469,0.52948403,Punjab
3031,31.153798632086037,74.9947286006131,0.5510719,Punjab
3032,31.153798632086037,74.99535742131198,0.5148879,Punjab
3033,31.153798632086037,74.99625573659611,0.6768124,Punjab
3034,31.153798632086037,74.99634556812451,0.6365741,Punjab
3035,31.153798632086037,74.99670489423816,0.6841046,Punjab
3036,31.153798632086037,74.99724388340864,0.7644384,Punjab
3037,31.153798632086037,74.99805236716435,0.6831229,Punjab
3038,31.153798632086037,74.99859135633481,0.68456376,Punjab
3039,31.153798632086037,74.99877101939164,0.69736844,Punjab
3040,31.153798632086037,74.99913034550529,0.6532541,Punjab
3041,31.153798632086037,74.99939984009052,0.60537636,Punjab
3042,31.153798632086037,75.00011849231782,0.53945464,Punjab
3043,31.153798632086037,75.00038798690305,0.566797,Punjab
3044,31.153798632086037,75.00056764995988,0.5653323,Punjab
3045,31.153798632086037,75.00065748148829,0.57054454,Punjab
3046,31.153798632086037,75.00110663913036,0.5641676,Punjab
3047,31.153798632086037,75.00200495441447,0.51253563,Punjab
3048,31.153798632086037,75.0022744489997,0.4725214,Punjab
3049,31.153798632086037,75.00254394358494,0.4494351,Punjab
3050,31.153798632086037,75.00272360664177,0.45166993,Punjab
3051,31.153798632086037,75.00425074262476,0.4477059,Punjab
3052,31.153798632086037,75.00478973179524,0.4516324,Punjab
3053,31.153798632086037,75.00532872096571,0.4094166,Punjab
3054,31.153798632086037,75.0059575416646,0.5420935,Punjab
3055,31.153798632086037,75.00622703624983,0.5533808,Punjab
3056,31.153798632086037,75.00757450917601,0.4980348,Punjab
3057,31.153798632086037,75.00784400376125,0.49293336,Punjab
3058,31.153798632086037,75.00811349834649,0.44868448,Punjab
3059,31.153798632086037,75.00838299293171,0.47495243,Punjab
3060,31.153798632086037,75.0089219821022,0.4887882,Punjab
3061,31.153798632086037,75.00937113974425,0.60223466,Punjab
3062,31.153798632086037,75.0097304658579,0.6938632,Punjab
3063,31.153798632086037,75.00999996044314,0.59842044,Punjab
3064,31.153798632086037,75.01008979197155,0.57535166,Punjab
3065,31.153798632086037,75.01026945502836,0.597869,Punjab
3066,31.153798632086037,75.0105389496136,0.6011755,Punjab
3067,31.153798632086037,75.01089827572726,0.60272,Punjab
3068,31.153798632086037,75.01098810725567,0.62006766,Punjab
3069,31.153888463614447,74.99481843214151,0.544741,Punjab
3070,31.153888463614447,74.99571674742563,0.5530559,Punjab
3071,31.153888463614447,74.9961659050677,0.5891856,Punjab
3072,31.153888463614447,74.99625573659611,0.62599707,Punjab
3073,31.153888463614447,74.99679472576658,0.74613005,Punjab
3074,31.153888463614447,74.99787270410752,0.7091486,Punjab
3075,31.153888463614447,74.99796253563593,0.69677067,Punjab
3076,31.153888463614447,74.99823203022117,0.6547689,Punjab
3077,31.153888463614447,74.99984899773258,0.5994169,Punjab
3078,31.153888463614447,75.001465965244,0.49040386,Punjab
3079,31.153888463614447,75.00254394358494,0.47802198,Punjab
3080,31.153888463614447,75.00290326969859,0.4659218,Punjab
3081,31.153888463614447,75.00317276428383,0.4706124,Punjab
3082,31.153888463614447,75.00434057415318,0.46159452,Punjab
3083,31.153888463614447,75.00550838402253,0.41677487,Punjab
3084,31.153888463614447,75.00586771013619,0.40631127,Punjab
3085,31.153888463614447,75.00703552000554,0.4022024,Punjab
3086,31.153888463614447,75.00712535153396,0.4022024,Punjab
3087,31.153888463614447,75.00757450917601,0.40315145,Punjab
3088,31.153888463614447,75.0082931614033,0.4312153,Punjab
3089,31.153888463614447,75.00865248751695,0.453259,Punjab
3090,31.153888463614447,75.0089219821022,0.41868868,Punjab
3091,31.153888463614447,75.00937113974425,0.57444006,Punjab
3092,31.153888463614447,75.00964063432949,0.63820523,Punjab
3093,31.153888463614447,75.00999996044314,0.63836324,Punjab
3094,31.153888463614447,75.01008979197155,0.590892,Punjab
3095,31.153888463614447,75.01098810725567,0.6264401,Punjab
3096,31.15397829514286,74.99499809519834,0.5496431,Punjab
3097,31.15397829514286,74.99562691589722,0.52059925,Punjab
3098,31.15397829514286,74.99580657895405,0.509114,Punjab
3099,31.15397829514286,74.9976930410507,0.718107,Punjab
3100,31.15397829514286,74.99787270410752,0.6997886,Punjab
3101,31.15397829514286,74.99859135633481,0.64594436,Punjab
3102,31.15397829514286,74.99877101939164,0.6565875,Punjab
3103,31.15397829514286,74.9993100085621,0.61675274,Punjab
3104,31.15397829514286,74.99939984009052,0.61612177,Punjab
3105,31.15397829514286,75.00047781843146,0.53667855,Punjab
3106,31.15397829514286,75.0022744489997,0.42184034,Punjab
3107,31.15397829514286,75.00308293275542,0.45052633,Punjab
3108,31.15397829514286,75.00362192192588,0.48527807,Punjab
3109,31.15397829514286,75.00389141651112,0.43518648,Punjab
3110,31.15397829514286,75.00541855249412,0.3595855,Punjab
3111,31.15397829514286,75.00559821555095,0.39205703,Punjab
3112,31.15397829514286,75.00604737319301,0.43272212,Punjab
3113,31.15397829514286,75.00685585694872,0.3314345,Punjab
3114,31.15397829514286,75.00775417223284,0.39202127,Punjab
3115,31.15397829514286,75.00793383528966,0.4245538,Punjab
3116,31.15397829514286,75.00802366681808,0.44605118,Punjab
3117,31.15397829514286,75.00838299293171,0.35995683,Punjab
3118,31.15397829514286,75.00946097127266,0.5110643,Punjab
3119,31.15397829514286,75.00999996044314,0.67857754,Punjab
3120,31.15397829514286,75.0105389496136,0.61067563,Punjab
3121,31.15406812667127,74.99508792672675,0.5566917,Punjab
3122,31.15406812667127,74.99832186174957,0.6800882,Punjab
3123,31.15406812667127,74.9985015248064,0.65184975,Punjab
3124,31.15406812667127,74.99939984009052,0.6062176,Punjab
3125,31.15406812667127,74.99957950314734,0.6212471,Punjab
3126,31.15406812667127,74.99966933467576,0.6366704,Punjab
3127,31.15406812667127,74.999938829261,0.58159477,Punjab
3128,31.15406812667127,75.00020832384624,0.5398324,Punjab
3129,31.15406812667127,75.00029815537464,0.53800756,Punjab
3130,31.15406812667127,75.00065748148829,0.5549988,Punjab
3131,31.15406812667127,75.00236428052811,0.45185184,Punjab
3132,31.15406812667127,75.0037117534543,0.44790033,Punjab
3133,31.15406812667127,75.00380158498271,0.41199607,Punjab
3134,31.15406812667127,75.00452023721,0.43786982,Punjab
3135,31.15406812667127,75.00487956332366,0.41320023,Punjab
3136,31.15406812667127,75.00622703624983,0.39798874,Punjab
3137,31.15406812667127,75.00658636236348,0.36684325,Punjab
3138,31.15406812667127,75.00802366681808,0.38752067,Punjab
3139,31.15406812667127,75.00865248751695,0.38580078,Punjab
3140,31.15406812667127,75.00919147668742,0.44224906,Punjab
3141,31.15406812667127,75.0097304658579,0.48396292,Punjab
3142,31.15406812667127,75.00982029738631,0.58347106,Punjab
3143,31.15406812667127,75.00991012891473,0.666333,Punjab
3144,31.15406812667127,75.01071861267043,0.58249885,Punjab
3145,31.15406812667127,75.01098810725567,0.59446114,Punjab
3146,31.154157958199683,74.99562691589722,0.5449797,Punjab
3147,31.154157958199683,74.99670489423816,0.6579964,Punjab
3148,31.154157958199683,74.99733371493704,0.6454849,Punjab
3149,31.154157958199683,74.99742354646546,0.5889571,Punjab
3150,31.154157958199683,74.99886085092005,0.5731953,Punjab
3151,31.154157958199683,74.99913034550529,0.59895533,Punjab
3152,31.154157958199683,75.00065748148829,0.57477593,Punjab
3153,31.154157958199683,75.00092697607353,0.53318655,Punjab
3154,31.154157958199683,75.00119647065877,0.45240894,Punjab
3155,31.154157958199683,75.00164562830082,0.41814443,Punjab
3156,31.154157958199683,75.00281343817018,0.47128266,Punjab
3157,31.154157958199683,75.002993101227,0.44785473,Punjab
3158,31.154157958199683,75.00317276428383,0.4619899,Punjab
3159,31.154157958199683,75.00353209039747,0.46669045,Punjab
3160,31.154157958199683,75.0037117534543,0.44713974,Punjab
3161,31.154157958199683,75.00380158498271,0.39596933,Punjab
3162,31.154157958199683,75.00398124803954,0.42952445,Punjab
3163,31.154157958199683,75.00407107956795,0.43849492,Punjab
3164,31.154157958199683,75.00416091109636,0.4189848,Punjab
3165,31.154157958199683,75.00559821555095,0.33333334,Punjab
3166,31.154157958199683,75.00685585694872,0.3893372,Punjab
3167,31.154157958199683,75.00712535153396,0.39569643,Punjab
3168,31.154157958199683,75.0097304658579,0.440802,Punjab
3169,31.154157958199683,75.0105389496136,0.5846508,Punjab
3170,31.154247789728096,74.99454893755627,0.5764494,Punjab
3171,31.154247789728096,74.99526758978358,0.5745856,Punjab
3172,31.154247789728096,74.99562691589722,0.5753899,Punjab
3173,31.154247789728096,74.99679472576658,0.64145076,Punjab
3174,31.154247789728096,74.99742354646546,0.6710735,Punjab
3175,31.154247789728096,74.99760320952228,0.6393255,Punjab
3176,31.154247789728096,74.99778287257911,0.6869146,Punjab
3177,31.154247789728096,74.99886085092005,0.58323896,Punjab
3178,31.154247789728096,74.99895068244847,0.58323896,Punjab
3179,31.154247789728096,74.9992201770337,0.6051477,Punjab
3180,31.154247789728096,74.99939984009052,0.5949509,Punjab
3181,31.154247789728096,74.999938829261,0.54490864,Punjab
3182,31.154247789728096,75.00002866078941,0.522882,Punjab
3183,31.154247789728096,75.00119647065877,0.4144621,Punjab
3184,31.154247789728096,75.0021846174713,0.42528737,Punjab
3185,31.154247789728096,75.00478973179524,0.430622,Punjab
3186,31.154247789728096,75.00496939485207,0.4676724,Punjab
3187,31.154247789728096,75.0051490579089,0.4147651,Punjab
3188,31.154247789728096,75.0052388894373,0.4147651,Punjab
3189,31.154247789728096,75.00532872096571,0.3652758,Punjab
3190,31.154247789728096,75.00640669930665,0.3651877,Punjab
3191,31.154247789728096,75.00721518306236,0.4058899,Punjab
3192,31.154247789728096,75.00802366681808,0.37651613,Punjab
3193,31.154247789728096,75.0082931614033,0.4015887,Punjab
3194,31.154247789728096,75.00883215057378,0.38643372,Punjab
3195,31.154247789728096,75.00910164515902,0.37252805,Punjab
3196,31.154247789728096,75.01008979197155,0.56121427,Punjab
3197,31.154247789728096,75.01035928655678,0.5426455,Punjab
3198,31.154247789728096,75.0105389496136,0.5757362,Punjab
3199,31.154247789728096,75.01116777031248,0.6104372,Punjab
3200,31.154337621256506,74.99508792672675,0.600569,Punjab
3201,31.154337621256506,74.99517775825517,0.58949745,Punjab
3202,31.154337621256506,74.99580657895405,0.5364162,Punjab
3203,31.154337621256506,74.99643539965292,0.58058923,Punjab
3204,31.154337621256506,74.9969743888234,0.61762214,Punjab
3205,31.154337621256506,74.99796253563593,0.72758794,Punjab
3206,31.154337621256506,74.99886085092005,0.5890831,Punjab
3207,31.154337621256506,74.99939984009052,0.5756522,Punjab
3208,31.154337621256506,74.99957950314734,0.56854475,Punjab
3209,31.154337621256506,75.00011849231782,0.5366875,Punjab
3210,31.154337621256506,75.00065748148829,0.45217136,Punjab
3211,31.154337621256506,75.00119647065877,0.43488708,Punjab
3212,31.154337621256506,75.00245411205653,0.41394025,Punjab
3213,31.154337621256506,75.0037117534543,0.45159602,Punjab
3214,31.154337621256506,75.00398124803954,0.4209131,Punjab
3215,31.154337621256506,75.00425074262476,0.43870375,Punjab
3216,31.154337621256506,75.0051490579089,0.4144507,Punjab
3217,31.154337621256506,75.0052388894373,0.4144507,Punjab
3218,31.154337621256506,75.00550838402253,0.3558428,Punjab
3219,31.154337621256506,75.00559821555095,0.31971547,Punjab
3220,31.154337621256506,75.0067660254203,0.38330835,Punjab
3221,31.154337621256506,75.00784400376125,0.37203214,Punjab
3222,31.154337621256506,75.00811349834649,0.35116744,Punjab
3223,31.154337621256506,75.0082931614033,0.41806364,Punjab
3224,31.154337621256506,75.00838299293171,0.41806364,Punjab
3225,31.154337621256506,75.00856265598854,0.42140993,Punjab
3226,31.154337621256506,75.00883215057378,0.42316017,Punjab
3227,31.154337621256506,75.00946097127266,0.38220498,Punjab
3228,31.154337621256506,75.0105389496136,0.5669602,Punjab
3229,31.15442745278492,74.99535742131198,0.59213483,Punjab
3230,31.15442745278492,74.99625573659611,0.48865822,Punjab
3231,31.15442745278492,74.99643539965292,0.55948454,Punjab
3232,31.15442745278492,74.99715405188023,0.64250135,Punjab
3233,31.15442745278492,74.99742354646546,0.6755647,Punjab
3234,31.15442745278492,74.99760320952228,0.6893004,Punjab
3235,31.15442745278492,74.99796253563593,0.7131063,Punjab
3236,31.15442745278492,74.99823203022117,0.654661,Punjab
3237,31.15442745278492,74.99895068244847,0.5759898,Punjab
3238,31.15442745278492,74.99975916620417,0.5559633,Punjab
3239,31.15442745278492,74.99984899773258,0.5435005,Punjab
3240,31.15442745278492,75.00056764995988,0.42364618,Punjab
3241,31.15442745278492,75.00065748148829,0.4163516,Punjab
3242,31.15442745278492,75.00083714454512,0.4237805,Punjab
3243,31.15442745278492,75.00155579677241,0.42512563,Punjab
3244,31.15442745278492,75.0022744489997,0.40211353,Punjab
3245,31.15442745278492,75.00236428052811,0.42,Punjab
3246,31.15442745278492,75.00263377511335,0.4399572,Punjab
3247,31.15442745278492,75.00290326969859,0.44192535,Punjab
3248,31.15442745278492,75.00317276428383,0.41005647,Punjab
3249,31.15442745278492,75.00326259581223,0.41398287,Punjab
3250,31.15442745278492,75.0037117534543,0.39524174,Punjab
3251,31.15442745278492,75.00443040568159,0.3705132,Punjab
3252,31.15442745278492,75.00469990026683,0.36462948,Punjab
3253,31.15442745278492,75.00550838402253,0.37701508,Punjab
3254,31.15442745278492,75.00568804707936,0.3117416,Punjab
3255,31.15442745278492,75.00577787860777,0.30638427,Punjab
3256,31.15442745278492,75.00622703624983,0.3860433,Punjab
3257,31.15442745278492,75.00667619389189,0.42555726,Punjab
3258,31.15442745278492,75.00730501459077,0.3866874,Punjab
3259,31.15442745278492,75.00739484611918,0.37239584,Punjab
3260,31.15442745278492,75.0074846776476,0.35426316,Punjab
3261,31.15442745278492,75.00802366681808,0.32834783,Punjab
3262,31.15442745278492,75.00820332987489,0.32920855,Punjab
3263,31.15442745278492,75.00838299293171,0.34885368,Punjab
3264,31.15442745278492,75.00865248751695,0.4237099,Punjab
3265,31.15442745278492,75.00910164515902,0.4120438,Punjab
3266,31.15442745278492,75.00928130821583,0.42918456,Punjab
3267,31.15442745278492,75.0097304658579,0.35950646,Punjab
3268,31.15442745278492,75.01035928655678,0.54120415,Punjab
3269,31.15442745278492,75.01044911808519,0.55260146,Punjab
3270,31.15442745278492,75.01062878114202,0.60022414,Punjab
3271,31.15442745278492,75.01116777031248,0.59045804,Punjab
3272,31.15451728431333,74.99679472576658,0.57419354,Punjab
3273,31.15451728431333,75.00056764995988,0.40134767,Punjab
3274,31.15451728431333,75.00065748148829,0.40967628,Punjab
3275,31.15451728431333,75.00119647065877,0.36172667,Punjab
3276,31.15451728431333,75.00164562830082,0.41110736,Punjab
3277,31.15451728431333,75.00290326969859,0.4068421,Punjab
3278,31.15451728431333,75.00425074262476,0.41861105,Punjab
3279,31.15451728431333,75.00434057415318,0.40378198,Punjab
3280,31.15451728431333,75.0059575416646,0.31702346,Punjab
3281,31.15451728431333,75.00622703624983,0.35805494,Punjab
3282,31.15451728431333,75.00730501459077,0.36277816,Punjab
3283,31.15451728431333,75.00739484611918,0.38610828,Punjab
3284,31.15451728431333,75.00775417223284,0.37148803,Punjab
3285,31.15451728431333,75.00847282446013,0.35056993,Punjab
3286,31.15451728431333,75.00856265598854,0.3887308,Punjab
3287,31.15451728431333,75.00901181363061,0.3986053,Punjab
3288,31.15451728431333,75.00919147668742,0.42154184,Punjab
3289,31.15451728431333,75.01062878114202,0.6027778,Punjab
3290,31.15451728431333,75.01071861267043,0.6031163,Punjab
3291,31.15451728431333,75.01089827572726,0.59233075,Punjab
3292,31.154607115841745,74.99526758978358,0.5684147,Punjab
3293,31.154607115841745,74.99562691589722,0.53266627,Punjab
3294,31.154607115841745,74.9961659050677,0.52152383,Punjab
3295,31.154607115841745,74.9976930410507,0.6515922,Punjab
3296,31.154607115841745,74.99778287257911,0.6515922,Punjab
3297,31.154607115841745,74.99823203022117,0.5572962,Punjab
3298,31.154607115841745,74.99859135633481,0.5967175,Punjab
3299,31.154607115841745,74.99895068244847,0.5887962,Punjab
3300,31.154607115841745,74.99913034550529,0.5762459,Punjab
3301,31.154607115841745,74.9992201770337,0.5852032,Punjab
3302,31.154607115841745,74.9993100085621,0.5611814,Punjab
3303,31.154607115841745,74.99939984009052,0.5366889,Punjab
3304,31.154607115841745,75.00056764995988,0.40486783,Punjab
3305,31.154607115841745,75.00065748148829,0.39435145,Punjab
3306,31.154607115841745,75.001465965244,0.38554418,Punjab
3307,31.154607115841745,75.00155579677241,0.4006614,Punjab
3308,31.154607115841745,75.00173545982923,0.40991107,Punjab
3309,31.154607115841745,75.00182529135765,0.4071763,Punjab
3310,31.154607115841745,75.00263377511335,0.38465798,Punjab
3311,31.154607115841745,75.00272360664177,0.38465798,Punjab
3312,31.154607115841745,75.00362192192588,0.36469883,Punjab
3313,31.154607115841745,75.00416091109636,0.4376827,Punjab
3314,31.154607115841745,75.00487956332366,0.33834586,Punjab
3315,31.154607115841745,75.00532872096571,0.3865391,Punjab
3316,31.154607115841745,75.00568804707936,0.42479435,Punjab
3317,31.154607115841745,75.0074846776476,0.391127,Punjab
3318,31.154607115841745,75.00802366681808,0.36952266,Punjab
3319,31.154607115841745,75.00919147668742,0.3999437,Punjab
3320,31.154607115841745,75.00928130821583,0.43065694,Punjab
3321,31.154607115841745,75.00946097127266,0.42548597,Punjab
3322,31.154607115841745,75.01044911808519,0.50805795,Punjab
3323,31.154607115841745,75.01062878114202,0.58841777,Punjab
3324,31.154696947370155,74.99463876908469,0.5926563,Punjab
3325,31.154696947370155,74.99490826366993,0.52377915,Punjab
3326,31.154696947370155,74.99607607353929,0.4998399,Punjab
3327,31.154696947370155,74.99652523118134,0.50500333,Punjab
3328,31.154696947370155,74.99688455729499,0.5205811,Punjab
3329,31.154696947370155,74.99742354646546,0.6015236,Punjab
3330,31.154696947370155,74.9976930410507,0.59895986,Punjab
3331,31.154696947370155,74.99787270410752,0.66128194,Punjab
3332,31.154696947370155,74.9985015248064,0.55701494,Punjab
3333,31.154696947370155,74.99859135633481,0.58596075,Punjab
3334,31.154696947370155,74.99886085092005,0.58002335,Punjab
3335,31.154696947370155,74.99895068244847,0.58002335,Punjab
3336,31.154696947370155,74.99913034550529,0.57360405,Punjab
3337,31.154696947370155,75.00056764995988,0.39191857,Punjab
3338,31.154696947370155,75.00128630218717,0.36557546,Punjab
3339,31.154696947370155,75.00164562830082,0.39408445,Punjab
3340,31.154696947370155,75.00182529135765,0.3965607,Punjab
3341,31.154696947370155,75.00245411205653,0.38509214,Punjab
3342,31.154696947370155,75.00263377511335,0.39564377,Punjab
3343,31.154696947370155,75.00290326969859,0.40199336,Punjab
3344,31.154696947370155,75.00326259581223,0.38030064,Punjab
3345,31.154696947370155,75.00380158498271,0.44123077,Punjab
3346,31.154696947370155,75.00434057415318,0.43055138,Punjab
3347,31.154696947370155,75.00487956332366,0.42098072,Punjab
3348,31.154696947370155,75.0052388894373,0.4458653,Punjab
3349,31.154696947370155,75.00559821555095,0.51407945,Punjab
3350,31.154696947370155,75.00640669930665,0.48297605,Punjab
3351,31.154696947370155,75.00658636236348,0.49344823,Punjab
3352,31.154696947370155,75.00793383528966,0.38157895,Punjab
3353,31.154696947370155,75.00802366681808,0.37003678,Punjab
3354,31.154696947370155,75.0082931614033,0.36294028,Punjab
3355,31.154696947370155,75.00874231904537,0.3412629,Punjab
3356,31.154696947370155,75.00937113974425,0.42964453,Punjab
3357,31.154696947370155,75.00999996044314,0.37568256,Punjab
3358,31.154696947370155,75.01017962349995,0.42451844,Punjab
3359,31.154786778898565,74.99445910602786,0.60329604,Punjab
3360,31.154786778898565,74.99481843214151,0.5667762,Punjab
3361,31.154786778898565,74.99562691589722,0.54735684,Punjab
3362,31.154786778898565,74.99571674742563,0.54301673,Punjab
3363,31.154786778898565,74.99661506270975,0.52050835,Punjab
3364,31.154786778898565,74.99778287257911,0.5728102,Punjab
3365,31.154786778898565,74.99859135633481,0.5919075,Punjab
3366,31.154786778898565,74.99868118786323,0.6047337,Punjab
3367,31.154786778898565,74.99877101939164,0.57104075,Punjab
3368,31.154786778898565,74.99948967161893,0.48874012,Punjab
3369,31.154786778898565,74.99975916620417,0.45397815,Punjab
3370,31.154786778898565,75.00101680760194,0.37240472,Punjab
3371,31.154786778898565,75.00137613371558,0.37110728,Punjab
3372,31.154786778898565,75.00272360664177,0.39534885,Punjab
3373,31.154786778898565,75.00326259581223,0.27570978,Punjab
3374,31.154786778898565,75.0037117534543,0.46905538,Punjab
3375,31.154786778898565,75.00398124803954,0.47403684,Punjab
3376,31.154786778898565,75.00407107956795,0.48496732,Punjab
3377,31.154786778898565,75.00496939485207,0.4339873,Punjab
3378,31.154786778898565,75.00577787860777,0.52105767,Punjab
3379,31.154786778898565,75.00622703624983,0.46040517,Punjab
3380,31.154786778898565,75.0074846776476,0.4036923,Punjab
3381,31.154786778898565,75.0089219821022,0.33102673,Punjab
3382,31.154786778898565,75.00964063432949,0.41686368,Punjab
3383,31.154786778898565,75.0097304658579,0.38270327,Punjab
3384,31.154786778898565,75.00982029738631,0.3970742,Punjab
3385,31.154876610426975,74.99517775825517,0.5460358,Punjab
3386,31.154876610426975,74.99670489423816,0.5306227,Punjab
3387,31.154876610426975,74.99886085092005,0.5448361,Punjab
3388,31.154876610426975,74.99939984009052,0.5017836,Punjab
3389,31.154876610426975,74.999938829261,0.38107595,Punjab
3390,31.154876610426975,75.00011849231782,0.37115577,Punjab
3391,31.154876610426975,75.00083714454512,0.38046545,Punjab
3392,31.154876610426975,75.00128630218717,0.38171604,Punjab
3393,31.154876610426975,75.00155579677241,0.37124348,Punjab
3394,31.154876610426975,75.00182529135765,0.40148568,Punjab
3395,31.154876610426975,75.00191512288606,0.4133195,Punjab
3396,31.154876610426975,75.00236428052811,0.41763726,Punjab
3397,31.154876610426975,75.00272360664177,0.49086553,Punjab
3398,31.154876610426975,75.00317276428383,0.40632764,Punjab
3399,31.154876610426975,75.0037117534543,0.5306234,Punjab
3400,31.154876610426975,75.00532872096571,0.2927709,Punjab
3401,31.154876610426975,75.00568804707936,0.4757934,Punjab
3402,31.154876610426975,75.00685585694872,0.36673555,Punjab
3403,31.154876610426975,75.00703552000554,0.29807815,Punjab
3404,31.154876610426975,75.00712535153396,0.29807815,Punjab
3405,31.154876610426975,75.00811349834649,0.3934509,Punjab
3406,31.154876610426975,75.00928130821583,0.45935878,Punjab
3407,31.154876610426975,75.01017962349995,0.37904125,Punjab
3408,31.154876610426975,75.01071861267043,0.39872843,Punjab
3409,31.154876610426975,75.01116777031248,0.37477693,Punjab
3410,31.15496644195539,74.99445910602786,0.54781544,Punjab
3411,31.15496644195539,74.99481843214151,0.5664418,Punjab
3412,31.15496644195539,74.99508792672675,0.5539936,Punjab
3413,31.15496644195539,74.99526758978358,0.5216693,Punjab
3414,31.15496644195539,74.99544725284039,0.5748234,Punjab
3415,31.15496644195539,74.99580657895405,0.55011135,Punjab
3416,31.15496644195539,74.99679472576658,0.5604001,Punjab
3417,31.15496644195539,74.9969743888234,0.52092177,Punjab
3418,31.15496644195539,74.99724388340864,0.5625,Punjab
3419,31.15496644195539,74.9976930410507,0.59467286,Punjab
3420,31.15496644195539,74.99787270410752,0.57919073,Punjab
3421,31.15496644195539,74.99841169327799,0.6189182,Punjab
3422,31.15496644195539,74.99868118786323,0.5469217,Punjab
3423,31.15496644195539,74.9992201770337,0.48749012,Punjab
3424,31.15496644195539,74.9993100085621,0.46138212,Punjab
3425,31.15496644195539,74.99957950314734,0.46707192,Punjab
3426,31.15496644195539,75.00002866078941,0.37171325,Punjab
3427,31.15496644195539,75.00038798690305,0.36617225,Punjab
3428,31.15496644195539,75.00065748148829,0.3907767,Punjab
3429,31.15496644195539,75.00110663913036,0.3994695,Punjab
3430,31.15496644195539,75.001465965244,0.41221654,Punjab
3431,31.15496644195539,75.00245411205653,0.46582323,Punjab
3432,31.15496644195539,75.00263377511335,0.5350246,Punjab
3433,31.15496644195539,75.002993101227,0.47142243,Punjab
3434,31.15496644195539,75.00344225886906,0.52366817,Punjab
3435,31.15496644195539,75.00353209039747,0.53958267,Punjab
3436,31.15496644195539,75.00398124803954,0.53046876,Punjab
3437,31.15496644195539,75.00532872096571,0.33004302,Punjab
3438,31.15496644195539,75.0067660254203,0.3692187,Punjab
3439,31.15496644195539,75.00694568847713,0.35443038,Punjab
3440,31.15496644195539,75.00766434070442,0.4407329,Punjab
3441,31.15496644195539,75.0082931614033,0.35814634,Punjab
3442,31.15496644195539,75.00883215057378,0.38042068,Punjab
3443,31.15496644195539,75.0097304658579,0.37998196,Punjab
3444,31.15496644195539,75.00999996044314,0.40141612,Punjab
3445,31.15496644195539,75.01017962349995,0.4115747,Punjab
3446,31.1550562734838,74.99454893755627,0.5519058,Punjab
3447,31.1550562734838,74.99544725284039,0.5475487,Punjab
3448,31.1550562734838,74.99580657895405,0.5362568,Punjab
3449,31.1550562734838,74.99589641048246,0.5362568,Punjab
3450,31.1550562734838,74.99634556812451,0.49754387,Punjab
3451,31.1550562734838,74.9969743888234,0.5191064,Punjab
3452,31.1550562734838,74.99715405188023,0.5280509,Punjab
3453,31.1550562734838,74.99823203022117,0.54893136,Punjab
3454,31.1550562734838,75.00020832384624,0.37002775,Punjab
3455,31.1550562734838,75.00065748148829,0.39910078,Punjab
3456,31.1550562734838,75.00110663913036,0.43772638,Punjab
3457,31.1550562734838,75.00281343817018,0.49387756,Punjab
3458,31.1550562734838,75.00290326969859,0.52239406,Punjab
3459,31.1550562734838,75.00317276428383,0.49422163,Punjab
3460,31.1550562734838,75.00335242734064,0.48744494,Punjab
3461,31.1550562734838,75.00344225886906,0.46494594,Punjab
3462,31.1550562734838,75.00496939485207,0.31486458,Punjab
3463,31.1550562734838,75.00568804707936,0.41774675,Punjab
3464,31.1550562734838,75.00577787860777,0.4449872,Punjab
3465,31.1550562734838,75.00631686777824,0.43712574,Punjab
3466,31.1550562734838,75.00640669930665,0.45898616,Punjab
3467,31.1550562734838,75.00685585694872,0.33309442,Punjab
3468,31.1550562734838,75.00730501459077,0.24054706,Punjab
3469,31.1550562734838,75.00739484611918,0.26419148,Punjab
3470,31.1550562734838,75.00784400376125,0.34190783,Punjab
3471,31.1550562734838,75.00820332987489,0.41675144,Punjab
3472,31.1550562734838,75.00937113974425,0.37218696,Punjab
3473,31.1550562734838,75.00982029738631,0.3842795,Punjab
3474,31.1550562734838,75.01116777031248,0.37200958,Punjab
3475,31.15514610501221,74.99562691589722,0.510341,Punjab
3476,31.15514610501221,74.99589641048246,0.49816403,Punjab
3477,31.15514610501221,74.99760320952228,0.55695444,Punjab
3478,31.15514610501221,74.9976930410507,0.54491395,Punjab
3479,31.15514610501221,74.99841169327799,0.6006529,Punjab
3480,31.15514610501221,74.9985015248064,0.61447763,Punjab
3481,31.15514610501221,74.99877101939164,0.5109016,Punjab
3482,31.15514610501221,74.99886085092005,0.4978602,Punjab
3483,31.15514610501221,74.99957950314734,0.44195518,Punjab
3484,31.15514610501221,75.00002866078941,0.3741971,Punjab
3485,31.15514610501221,75.00155579677241,0.3542648,Punjab
3486,31.15514610501221,75.00245411205653,0.48890862,Punjab
3487,31.15514610501221,75.00281343817018,0.5147725,Punjab
3488,31.15514610501221,75.00416091109636,0.4626301,Punjab
3489,31.15514610501221,75.00478973179524,0.50307,Punjab
3490,31.15514610501221,75.00532872096571,0.43571427,Punjab
3491,31.15514610501221,75.00550838402253,0.4615776,Punjab
3492,31.15514610501221,75.00559821555095,0.47510615,Punjab
3493,31.15514610501221,75.00568804707936,0.45914397,Punjab
3494,31.15514610501221,75.00577787860777,0.4763158,Punjab
3495,31.15514610501221,75.0059575416646,0.46285716,Punjab
3496,31.15514610501221,75.0067660254203,0.41396177,Punjab
3497,31.15514610501221,75.00703552000554,0.27761543,Punjab
3498,31.15514610501221,75.00730501459077,0.249375,Punjab
3499,31.15514610501221,75.00802366681808,0.17255718,Punjab
3500,31.15514610501221,75.00811349834649,0.3606648,Punjab
3501,31.15514610501221,75.00865248751695,0.40853247,Punjab
3502,31.15514610501221,75.0089219821022,0.40197545,Punjab
3503,31.15514610501221,75.00955080280107,0.3632,Punjab
3504,31.15514610501221,75.00991012891473,0.34189945,Punjab
3505,31.15514610501221,75.01017962349995,0.41106832,Punjab
3506,31.155235936540628,74.99463876908469,0.5561497,Punjab
3507,31.155235936540628,74.99481843214151,0.5751015,Punjab
3508,31.155235936540628,74.99490826366993,0.5536105,Punjab
3509,31.155235936540628,74.99508792672675,0.56347185,Punjab
3510,31.155235936540628,74.99517775825517,0.56153405,Punjab
3511,31.155235936540628,74.9955370843688,0.547714,Punjab
3512,31.155235936540628,74.99634556812451,0.48772356,Punjab
3513,31.155235936540628,74.99661506270975,0.5830485,Punjab
3514,31.155235936540628,74.9969743888234,0.5153603,Punjab
3515,31.155235936540628,74.99742354646546,0.5896198,Punjab
3516,31.155235936540628,74.99796253563593,0.49780288,Punjab
3517,31.155235936540628,74.99805236716435,0.4996904,Punjab
3518,31.155235936540628,74.99877101939164,0.5060016,Punjab
3519,31.155235936540628,74.99939984009052,0.43454963,Punjab
3520,31.155235936540628,74.99984899773258,0.4150841,Punjab
3521,31.155235936540628,75.00011849231782,0.37441796,Punjab
3522,31.155235936540628,75.00047781843146,0.44666287,Punjab
3523,31.155235936540628,75.00083714454512,0.4073028,Punjab
3524,31.155235936540628,75.001465965244,0.35654634,Punjab
3525,31.155235936540628,75.00182529135765,0.28224298,Punjab
3526,31.155235936540628,75.00200495441447,0.3850365,Punjab
3527,31.155235936540628,75.00209478594289,0.3850365,Punjab
3528,31.155235936540628,75.00245411205653,0.47952685,Punjab
3529,31.155235936540628,75.00254394358494,0.48437154,Punjab
3530,31.155235936540628,75.00308293275542,0.584,Punjab
3531,31.155235936540628,75.00362192192588,0.43545955,Punjab
3532,31.155235936540628,75.00380158498271,0.46445268,Punjab
3533,31.155235936540628,75.00416091109636,0.49669784,Punjab
3534,31.155235936540628,75.00452023721,0.5045045,Punjab
3535,31.155235936540628,75.0051490579089,0.47291186,Punjab
3536,31.155235936540628,75.0052388894373,0.47291186,Punjab
3537,31.155235936540628,75.00541855249412,0.48340657,Punjab
3538,31.155235936540628,75.00559821555095,0.4856346,Punjab
3539,31.155235936540628,75.00586771013619,0.49289712,Punjab
3540,31.155235936540628,75.00631686777824,0.44454628,Punjab
3541,31.155235936540628,75.00811349834649,0.06833651,Punjab
3542,31.155235936540628,75.00937113974425,0.26628572,Punjab
3543,31.155235936540628,75.01017962349995,0.38449672,Punjab
3544,31.15532576806904,74.99508792672675,0.55606276,Punjab
3545,31.15532576806904,74.99562691589722,0.49007446,Punjab
3546,31.15532576806904,74.99580657895405,0.47073475,Punjab
3547,31.15532576806904,74.9969743888234,0.52580196,Punjab
3548,31.15532576806904,74.99724388340864,0.55023366,Punjab
3549,31.15532576806904,74.99832186174957,0.46249324,Punjab
3550,31.15532576806904,74.99841169327799,0.46249324,Punjab
3551,31.15532576806904,74.99868118786323,0.4632353,Punjab
3552,31.15532576806904,74.99877101939164,0.46720895,Punjab
3553,31.15532576806904,74.99948967161893,0.45742995,Punjab
3554,31.15532576806904,75.00092697607353,0.31845134,Punjab
3555,31.15532576806904,75.00182529135765,0.14686906,Punjab
3556,31.15532576806904,75.00254394358494,0.5144558,Punjab
3557,31.15532576806904,75.00263377511335,0.50732243,Punjab
3558,31.15532576806904,75.002993101227,0.57926613,Punjab
3559,31.15532576806904,75.00344225886906,0.48288804,Punjab
3560,31.15532576806904,75.00380158498271,0.5407083,Punjab
3561,31.15532576806904,75.00434057415318,0.5144739,Punjab
3562,31.15532576806904,75.00487956332366,0.48924944,Punjab
3563,31.15532576806904,75.00496939485207,0.4784951,Punjab
3564,31.15532576806904,75.00505922638048,0.46527416,Punjab
3565,31.15532576806904,75.0052388894373,0.44453213,Punjab
3566,31.15532576806904,75.00622703624983,0.3867277,Punjab
3567,31.15532576806904,75.00658636236348,0.43332797,Punjab
3568,31.15532576806904,75.00721518306236,0.4387352,Punjab
3569,31.15532576806904,75.00757450917601,0.39274794,Punjab
3570,31.15532576806904,75.00820332987489,0.17033148,Punjab
3571,31.15532576806904,75.00856265598854,0.15260455,Punjab
3572,31.15532576806904,75.00874231904537,0.09478168,Punjab
3573,31.15532576806904,75.00928130821583,0.06427586,Punjab
3574,31.15532576806904,75.01008979197155,0.2251407,Punjab
3575,31.15532576806904,75.01017962349995,0.31060016,Punjab
3576,31.15532576806904,75.01035928655678,0.38802817,Punjab
3577,31.15541559959745,74.99463876908469,0.5346445,Punjab
3578,31.15541559959745,74.99508792672675,0.5173026,Punjab
3579,31.15541559959745,74.99517775825517,0.5055624,Punjab
3580,31.15541559959745,74.99526758978358,0.5055624,Punjab
3581,31.15541559959745,74.99598624201087,0.49581993,Punjab
3582,31.15541559959745,74.99652523118134,0.5143031,Punjab
3583,31.15541559959745,74.99715405188023,0.50717,Punjab
3584,31.15541559959745,74.99742354646546,0.58669573,Punjab
3585,31.15541559959745,74.99805236716435,0.4930041,Punjab
3586,31.15541559959745,74.99832186174957,0.41557762,Punjab
3587,31.15541559959745,74.99841169327799,0.41557762,Punjab
3588,31.15541559959745,74.9985015248064,0.4028875,Punjab
3589,31.15541559959745,74.99904051397688,0.39570722,Punjab
3590,31.15541559959745,74.9992201770337,0.3812872,Punjab
3591,31.15541559959745,74.99957950314734,0.4450317,Punjab
3592,31.15541559959745,74.99975916620417,0.47765526,Punjab
3593,31.15541559959745,74.999938829261,0.4466353,Punjab
3594,31.15541559959745,75.00380158498271,0.52135813,Punjab
3595,31.15541559959745,75.00478973179524,0.47672254,Punjab
3596,31.15541559959745,75.00559821555095,0.4980781,Punjab
3597,31.15541559959745,75.00640669930665,0.4510016,Punjab
3598,31.15541559959745,75.00685585694872,0.44272786,Punjab
3599,31.15541559959745,75.00703552000554,0.37639752,Punjab
3600,31.15541559959745,75.00757450917601,0.44895753,Punjab
3601,31.15541559959745,75.00802366681808,0.4491387,Punjab
3602,31.15541559959745,75.00811349834649,0.44881412,Punjab
3603,31.15541559959745,75.00847282446013,0.4255448,Punjab
3604,31.15541559959745,75.00874231904537,0.3020313,Punjab
3605,31.15541559959745,75.00910164515902,-0.003338898,Punjab
3606,31.15541559959745,75.01035928655678,0.18754056,Punjab
3607,31.15541559959745,75.01098810725567,0.41076487,Punjab
3608,31.155505431125864,74.99481843214151,0.5259387,Punjab
3609,31.155505431125864,74.99499809519834,0.4820416,Punjab
3610,31.155505431125864,74.99562691589722,0.45771143,Punjab
3611,31.155505431125864,74.99589641048246,0.46402764,Punjab
3612,31.155505431125864,74.9961659050677,0.4805856,Punjab
3613,31.155505431125864,74.99625573659611,0.46923554,Punjab
3614,31.155505431125864,74.99652523118134,0.5065161,Punjab
3615,31.155505431125864,74.99679472576658,0.5570792,Punjab
3616,31.155505431125864,74.9969743888234,0.5625913,Punjab
3617,31.155505431125864,74.99760320952228,0.5911914,Punjab
3618,31.155505431125864,74.99814219869276,0.45273632,Punjab
3619,31.155505431125864,74.9992201770337,0.4068655,Punjab
3620,31.155505431125864,74.99975916620417,0.48160425,Punjab
3621,31.155505431125864,75.00011849231782,0.38931298,Punjab
3622,31.155505431125864,75.00137613371558,0.38401863,Punjab
3623,31.155505431125864,75.00200495441447,0.48714882,Punjab
3624,31.155505431125864,75.00254394358494,0.48236027,Punjab
3625,31.155505431125864,75.00317276428383,0.49427506,Punjab
3626,31.155505431125864,75.00344225886906,0.5198728,Punjab
3627,31.155505431125864,75.00389141651112,0.48006764,Punjab
3628,31.155505431125864,75.00416091109636,0.48393106,Punjab
3629,31.155505431125864,75.00434057415318,0.4859323,Punjab
3630,31.155505431125864,75.00452023721,0.4830488,Punjab
3631,31.155505431125864,75.00461006873842,0.4830488,Punjab
3632,31.155505431125864,75.00487956332366,0.47692308,Punjab
3633,31.155505431125864,75.0059575416646,0.54558533,Punjab
3634,31.155505431125864,75.00613720472143,0.5641659,Punjab
3635,31.155505431125864,75.00703552000554,0.3876358,Punjab
3636,31.155505431125864,75.0082931614033,0.47848803,Punjab
3637,31.155505431125864,75.00910164515902,0.34379905,Punjab
3638,31.155505431125864,75.00919147668742,0.30136988,Punjab
3639,31.155505431125864,75.00964063432949,0.036210183,Punjab
3640,31.155505431125864,75.00999996044314,0.010913269,Punjab
3641,31.155595262654277,74.99454893755627,0.49638304,Punjab
3642,31.155595262654277,74.99607607353929,0.4832787,Punjab
3643,31.155595262654277,74.99634556812451,0.47992915,Punjab
3644,31.155595262654277,74.9969743888234,0.5313996,Punjab
3645,31.155595262654277,74.99841169327799,0.4449859,Punjab
3646,31.155595262654277,74.9985015248064,0.45356372,Punjab
3647,31.155595262654277,74.99868118786323,0.40949228,Punjab
3648,31.155595262654277,74.99886085092005,0.46539378,Punjab
3649,31.155595262654277,74.99913034550529,0.5111918,Punjab
3650,31.155595262654277,74.99939984009052,0.4948905,Punjab
3651,31.155595262654277,74.99966933467576,0.5383459,Punjab
3652,31.155595262654277,74.99984899773258,0.5736957,Punjab
3653,31.155595262654277,75.00020832384624,0.2839178,Punjab
3654,31.155595262654277,75.00101680760194,0.37962377,Punjab
3655,31.155595262654277,75.00119647065877,0.46775764,Punjab
3656,31.155595262654277,75.00164562830082,0.5344726,Punjab
3657,31.155595262654277,75.00173545982923,0.53319055,Punjab
3658,31.155595262654277,75.00191512288606,0.55384177,Punjab
3659,31.155595262654277,75.00200495441447,0.55896086,Punjab
3660,31.155595262654277,75.00254394358494,0.58039165,Punjab
3661,31.155595262654277,75.00263377511335,0.58071107,Punjab
3662,31.155595262654277,75.00281343817018,0.54002374,Punjab
3663,31.155595262654277,75.00362192192588,0.48662847,Punjab
3664,31.155595262654277,75.00425074262476,0.50923115,Punjab
3665,31.155595262654277,75.00443040568159,0.54663813,Punjab
3666,31.155595262654277,75.00452023721,0.5435213,Punjab
3667,31.155595262654277,75.0051490579089,0.49962473,Punjab
3668,31.155595262654277,75.00568804707936,0.5565243,Punjab
3669,31.155595262654277,75.00658636236348,0.51357466,Punjab
3670,31.155595262654277,75.00667619389189,0.5122594,Punjab
3671,31.155595262654277,75.00802366681808,0.29669106,Punjab
3672,31.155595262654277,75.00874231904537,0.44783622,Punjab
3673,31.155595262654277,75.00883215057378,0.45020533,Punjab
3674,31.155595262654277,75.0089219821022,0.4366782,Punjab
3675,31.155595262654277,75.00910164515902,0.4626127,Punjab
3676,31.155595262654277,75.00937113974425,0.3923834,Punjab
3677,31.155595262654277,75.00982029738631,0.36657825,Punjab
3678,31.155595262654277,75.01116777031248,0.265,Punjab
3679,31.155685094182687,74.99445910602786,0.6096418,Punjab
3680,31.155685094182687,74.99463876908469,0.53739613,Punjab
3681,31.155685094182687,74.99490826366993,0.5168356,Punjab
3682,31.155685094182687,74.99517775825517,0.46632457,Punjab
3683,31.155685094182687,74.99580657895405,0.4857526,Punjab
3684,31.155685094182687,74.99589641048246,0.4857526,Punjab
3685,31.155685094182687,74.99643539965292,0.5070212,Punjab
3686,31.155685094182687,74.99823203022117,0.47428262,Punjab
3687,31.155685094182687,74.99841169327799,0.50276244,Punjab
3688,31.155685094182687,74.99913034550529,0.5357792,Punjab
3689,31.155685094182687,74.99948967161893,0.5206544,Punjab
3690,31.155685094182687,75.00002866078941,0.38767004,Punjab
3691,31.155685094182687,75.00020832384624,0.3317647,Punjab
3692,31.155685094182687,75.00128630218717,0.5715565,Punjab
3693,31.155685094182687,75.00164562830082,0.59225214,Punjab
3694,31.155685094182687,75.00182529135765,0.59699523,Punjab
3695,31.155685094182687,75.0022744489997,0.5654596,Punjab
3696,31.155685094182687,75.00254394358494,0.5942996,Punjab
3697,31.155685094182687,75.00290326969859,0.5227829,Punjab
3698,31.155685094182687,75.002993101227,0.5133113,Punjab
3699,31.155685094182687,75.00308293275542,0.49301332,Punjab
3700,31.155685094182687,75.00335242734064,0.49951783,Punjab
3701,31.155685094182687,75.00380158498271,0.5430414,Punjab
3702,31.155685094182687,75.00389141651112,0.55565786,Punjab
3703,31.155685094182687,75.00398124803954,0.55565786,Punjab
3704,31.155685094182687,75.00452023721,0.6070503,Punjab
3705,31.155685094182687,75.00461006873842,0.6070503,Punjab
3706,31.155685094182687,75.00559821555095,0.58507377,Punjab
3707,31.155685094182687,75.00631686777824,0.59649867,Punjab
3708,31.155685094182687,75.00658636236348,0.5173848,Punjab
3709,31.155685094182687,75.0074846776476,0.4042084,Punjab
3710,31.155685094182687,75.00775417223284,0.3254082,Punjab
3711,31.155685094182687,75.00919147668742,0.5682211,Punjab
3712,31.155685094182687,75.0097304658579,0.45357525,Punjab
3713,31.155685094182687,75.01098810725567,0.040727902,Punjab
3714,31.155685094182687,75.01107793878408,0.015197569,Punjab
3715,31.155774925711096,74.99508792672675,0.46709266,Punjab
3716,31.155774925711096,74.99535742131198,0.4725698,Punjab
3717,31.155774925711096,74.99562691589722,0.5079669,Punjab
3718,31.155774925711096,74.99634556812451,0.5140574,Punjab
3719,31.155774925711096,74.99652523118134,0.513379,Punjab
3720,31.155774925711096,74.99868118786323,0.572399,Punjab
3721,31.155774925711096,75.00029815537464,0.4994792,Punjab
3722,31.155774925711096,75.00047781843146,0.53117925,Punjab
3723,31.155774925711096,75.00101680760194,0.5902834,Punjab
3724,31.155774925711096,75.00191512288606,0.6142984,Punjab
3725,31.155774925711096,75.0021846174713,0.58933175,Punjab
3726,31.155774925711096,75.00245411205653,0.6234031,Punjab
3727,31.155774925711096,75.00317276428383,0.53082407,Punjab
3728,31.155774925711096,75.00344225886906,0.565519,Punjab
3729,31.155774925711096,75.00398124803954,0.5654133,Punjab
3730,31.155774925711096,75.00425074262476,0.5575557,Punjab
3731,31.155774925711096,75.00469990026683,0.6074699,Punjab
3732,31.155774925711096,75.00541855249412,0.6054151,Punjab
3733,31.155774925711096,75.0059575416646,0.5212494,Punjab
3734,31.155774925711096,75.00694568847713,0.5242255,Punjab
3735,31.155774925711096,75.00712535153396,0.5306915,Punjab
3736,31.155774925711096,75.00730501459077,0.51279503,Punjab
3737,31.155774925711096,75.00766434070442,0.32873684,Punjab
3738,31.155774925711096,75.00847282446013,0.31935757,Punjab
3739,31.155774925711096,75.00883215057378,0.3422129,Punjab
3740,31.155774925711096,75.00919147668742,0.5753703,Punjab
3741,31.155774925711096,75.00946097127266,0.597878,Punjab
3742,31.155774925711096,75.01089827572726,0.38424125,Punjab
3743,31.155774925711096,75.01116777031248,0.1691854,Punjab
3744,31.15586475723951,74.99454893755627,0.5107368,Punjab
3745,31.15586475723951,74.9955370843688,0.56771463,Punjab
3746,31.15586475723951,74.99805236716435,0.51027113,Punjab
3747,31.15586475723951,74.99913034550529,0.42628685,Punjab
3748,31.15586475723951,74.99975916620417,0.36925516,Punjab
3749,31.15586475723951,75.00029815537464,0.5541592,Punjab
3750,31.15586475723951,75.00164562830082,0.67965925,Punjab
3751,31.15586475723951,75.0021846174713,0.63974094,Punjab
3752,31.15586475723951,75.00263377511335,0.5813679,Punjab
3753,31.15586475723951,75.00308293275542,0.54943615,Punjab
3754,31.15586475723951,75.00389141651112,0.58624816,Punjab
3755,31.15586475723951,75.00469990026683,0.6312347,Punjab
3756,31.15586475723951,75.0052388894373,0.5676408,Punjab
3757,31.15586475723951,75.00568804707936,0.62266916,Punjab
3758,31.15586475723951,75.00613720472143,0.55218273,Punjab
3759,31.15586475723951,75.00658636236348,0.55680025,Punjab
3760,31.15586475723951,75.00775417223284,0.39468223,Punjab
3761,31.15586475723951,75.00838299293171,0.33630586,Punjab
3762,31.15586475723951,75.00865248751695,0.31464884,Punjab
3763,31.15586475723951,75.0097304658579,0.5791236,Punjab
3764,31.15586475723951,75.01008979197155,0.5698098,Punjab
3765,31.15586475723951,75.01017962349995,0.57477766,Punjab
3766,31.15586475723951,75.01089827572726,0.41853034,Punjab
3767,31.155954588767923,74.99454893755627,0.5396639,Punjab
3768,31.155954588767923,74.99499809519834,0.53278416,Punjab
3769,31.155954588767923,74.99535742131198,0.45454547,Punjab
3770,31.155954588767923,74.99571674742563,0.5546976,Punjab
3771,31.155954588767923,74.99787270410752,0.36662883,Punjab
3772,31.155954588767923,74.99814219869276,0.44785276,Punjab
3773,31.155954588767923,74.99832186174957,0.49427313,Punjab
3774,31.155954588767923,74.99841169327799,0.49427313,Punjab
3775,31.155954588767923,74.99877101939164,0.352081,Punjab
3776,31.155954588767923,74.99948967161893,0.39093783,Punjab
3777,31.155954588767923,74.99984899773258,0.54492784,Punjab
3778,31.155954588767923,75.00002866078941,0.56865007,Punjab
3779,31.155954588767923,75.00020832384624,0.61875,Punjab
3780,31.155954588767923,75.00173545982923,0.7033545,Punjab
3781,31.155954588767923,75.00254394358494,0.67445487,Punjab
3782,31.155954588767923,75.002993101227,0.52560973,Punjab
3783,31.155954588767923,75.00317276428383,0.559046,Punjab
3784,31.155954588767923,75.00362192192588,0.5618636,Punjab
3785,31.155954588767923,75.00407107956795,0.59578824,Punjab
3786,31.155954588767923,75.00469990026683,0.6080844,Punjab
3787,31.155954588767923,75.00487956332366,0.5980846,Punjab
3788,31.155954588767923,75.00505922638048,0.5132009,Punjab
3789,31.155954588767923,75.0051490579089,0.54503596,Punjab
3790,31.155954588767923,75.00541855249412,0.5923024,Punjab
3791,31.155954588767923,75.00622703624983,0.58872515,Punjab
3792,31.155954588767923,75.00649653083507,0.551333,Punjab
3793,31.155954588767923,75.00703552000554,0.5615636,Punjab
3794,31.155954588767923,75.00730501459077,0.6278075,Punjab
3795,31.155954588767923,75.00757450917601,0.61966777,Punjab
3796,31.155954588767923,75.00775417223284,0.5585586,Punjab
3797,31.155954588767923,75.00874231904537,0.34832895,Punjab
3798,31.155954588767923,75.00937113974425,0.61670816,Punjab
3799,31.155954588767923,75.00955080280107,0.49508387,Punjab
3800,31.155954588767923,75.00982029738631,0.56676805,Punjab
3801,31.155954588767923,75.01017962349995,0.5668969,Punjab
3802,31.155954588767923,75.01026945502836,0.5668969,Punjab
3803,31.155954588767923,75.01044911808519,0.51995033,Punjab
3804,31.155954588767923,75.01080844419884,0.38408488,Punjab
3805,31.155954588767923,75.01107793878408,0.43189275,Punjab
3806,31.15604442029633,74.99445910602786,0.50347704,Punjab
3807,31.15604442029633,74.99463876908469,0.5846733,Punjab
3808,31.15604442029633,74.99508792672675,0.5191638,Punjab
3809,31.15604442029633,74.99535742131198,0.47692308,Punjab
3810,31.15604442029633,74.99589641048246,0.5478044,Punjab
3811,31.15604442029633,74.99598624201087,0.5291993,Punjab
3812,31.15604442029633,74.99742354646546,0.37811235,Punjab
3813,31.15604442029633,74.99787270410752,0.3723757,Punjab
3814,31.15604442029633,74.99859135633481,0.4100866,Punjab
3815,31.15604442029633,74.99877101939164,0.37173912,Punjab
3816,31.15604442029633,74.99913034550529,0.41854638,Punjab
3817,31.15604442029633,74.999938829261,0.59739625,Punjab
3818,31.15604442029633,75.00002866078941,0.59397715,Punjab
3819,31.15604442029633,75.00056764995988,0.56627786,Punjab
3820,31.15604442029633,75.00173545982923,0.72489935,Punjab
3821,31.15604442029633,75.0022744489997,0.6814516,Punjab
3822,31.15604442029633,75.00308293275542,0.5625745,Punjab
3823,31.15604442029633,75.00317276428383,0.5674544,Punjab
3824,31.15604442029633,75.00326259581223,0.5704057,Punjab
3825,31.15604442029633,75.00380158498271,0.57214123,Punjab
3826,31.15604442029633,75.00398124803954,0.5741327,Punjab
3827,31.15604442029633,75.00452023721,0.5391976,Punjab
3828,31.15604442029633,75.00532872096571,0.5660173,Punjab
3829,31.15604442029633,75.00550838402253,0.597252,Punjab
3830,31.15604442029633,75.00577787860777,0.585298,Punjab
3831,31.15604442029633,75.00631686777824,0.59858626,Punjab
3832,31.15604442029633,75.00667619389189,0.5796388,Punjab
3833,31.15604442029633,75.00766434070442,0.6018151,Punjab
3834,31.15604442029633,75.0082931614033,0.39898944,Punjab
3835,31.15604442029633,75.00865248751695,0.37324983,Punjab
3836,31.15604442029633,75.00928130821583,0.48210526,Punjab
3837,31.15604442029633,75.00937113974425,0.5833106,Punjab
3838,31.15604442029633,75.00946097127266,0.582635,Punjab
3839,31.15604442029633,75.01026945502836,0.47163934,Punjab
3840,31.15604442029633,75.01071861267043,0.40360612,Punjab
3841,31.156134251824746,74.99445910602786,0.52501667,Punjab
3842,31.156134251824746,74.99499809519834,0.5472397,Punjab
3843,31.156134251824746,74.99571674742563,0.50174326,Punjab
3844,31.156134251824746,74.99598624201087,0.522113,Punjab
3845,31.156134251824746,74.99625573659611,0.57373804,Punjab
3846,31.156134251824746,74.99760320952228,0.3693901,Punjab
3847,31.156134251824746,74.99805236716435,0.3329391,Punjab
3848,31.156134251824746,74.99841169327799,0.36706015,Punjab
3849,31.156134251824746,74.99904051397688,0.42555332,Punjab
3850,31.156134251824746,74.99957950314734,0.55115044,Punjab
3851,31.156134251824746,74.999938829261,0.56232375,Punjab
3852,31.156134251824746,75.00020832384624,0.5803767,Punjab
3853,31.156134251824746,75.00056764995988,0.5766871,Punjab
3854,31.156134251824746,75.001465965244,0.72355866,Punjab
3855,31.156134251824746,75.00164562830082,0.72562385,Punjab
3856,31.156134251824746,75.00182529135765,0.7311321,Punjab
3857,31.156134251824746,75.00191512288606,0.7093378,Punjab
3858,31.156134251824746,75.00434057415318,0.56051075,Punjab
3859,31.156134251824746,75.00487956332366,0.5105914,Punjab
3860,31.156134251824746,75.00550838402253,0.5763853,Punjab
3861,31.156134251824746,75.00604737319301,0.56922644,Punjab
3862,31.156134251824746,75.00649653083507,0.5609238,Punjab
3863,31.156134251824746,75.00766434070442,0.62285864,Punjab
3864,31.156134251824746,75.00784400376125,0.5973178,Punjab
3865,31.156134251824746,75.00793383528966,0.57161856,Punjab
3866,31.156134251824746,75.00865248751695,0.40219858,Punjab
3867,31.156134251824746,75.00883215057378,0.4059406,Punjab
3868,31.156134251824746,75.0097304658579,0.5670103,Punjab
3869,31.156134251824746,75.01098810725567,0.39090428,Punjab
3870,31.15622408335316,74.99499809519834,0.45282167,Punjab
3871,31.15622408335316,74.99562691589722,0.47172514,Punjab
3872,31.15622408335316,74.99580657895405,0.51099265,Punjab
3873,31.15622408335316,74.99589641048246,0.51099265,Punjab
3874,31.15622408335316,74.99598624201087,0.48954272,Punjab
3875,31.15622408335316,74.99607607353929,0.518654,Punjab
3876,31.15622408335316,74.99742354646546,0.40338165,Punjab
3877,31.15622408335316,74.9976930410507,0.2769231,Punjab
3878,31.15622408335316,74.99778287257911,0.2769231,Punjab
3879,31.15622408335316,74.99805236716435,0.2870783,Punjab
3880,31.15622408335316,74.99841169327799,0.40262583,Punjab
3881,31.15622408335316,74.99868118786323,0.41261634,Punjab
3882,31.15622408335316,74.99895068244847,0.48677248,Punjab
3883,31.15622408335316,74.99904051397688,0.5321033,Punjab
3884,31.15622408335316,74.99913034550529,0.5365854,Punjab
3885,31.15622408335316,74.99939984009052,0.5434174,Punjab
3886,31.15622408335316,74.99957950314734,0.5455764,Punjab
3887,31.15622408335316,74.99966933467576,0.52562416,Punjab
3888,31.15622408335316,75.00056764995988,0.60779464,Punjab
3889,31.15622408335316,75.00092697607353,0.68898094,Punjab
3890,31.15622408335316,75.00191512288606,0.6930163,Punjab
3891,31.15622408335316,75.00353209039747,0.62464947,Punjab
3892,31.15622408335316,75.00443040568159,0.54768735,Punjab
3893,31.15622408335316,75.00461006873842,0.55419976,Punjab
3894,31.15622408335316,75.00478973179524,0.54587543,Punjab
3895,31.15622408335316,75.00712535153396,0.6090425,Punjab
3896,31.15622408335316,75.00838299293171,0.51062363,Punjab
3897,31.15622408335316,75.00946097127266,0.41574937,Punjab
3898,31.15622408335316,75.01008979197155,0.35903084,Punjab
3899,31.15622408335316,75.01098810725567,0.3732941,Punjab
3900,31.15631391488157,74.9947286006131,0.5011427,Punjab
3901,31.15631391488157,74.99481843214151,0.52413327,Punjab
3902,31.15631391488157,74.99580657895405,0.5265469,Punjab
3903,31.15631391488157,74.99670489423816,0.335,Punjab
3904,31.15631391488157,74.99751337799387,0.41416568,Punjab
3905,31.15631391488157,74.99778287257911,0.43550834,Punjab
3906,31.15631391488157,74.99832186174957,0.4408397,Punjab
3907,31.15631391488157,74.9993100085621,0.56589144,Punjab
3908,31.15631391488157,75.00047781843146,0.5714618,Punjab
3909,31.15631391488157,75.00056764995988,0.666472,Punjab
3910,31.15631391488157,75.00110663913036,0.66816086,Punjab
3911,31.15631391488157,75.00164562830082,0.70929945,Punjab
3912,31.15631391488157,75.00209478594289,0.64583933,Punjab
3913,31.15631391488157,75.0022744489997,0.6278788,Punjab
3914,31.15631391488157,75.00236428052811,0.6435711,Punjab
3915,31.15631391488157,75.00281343817018,0.6261091,Punjab
3916,31.15631391488157,75.00389141651112,0.59051055,Punjab
3917,31.15631391488157,75.00398124803954,0.59051055,Punjab
3918,31.15631391488157,75.00416091109636,0.5681818,Punjab
3919,31.15631391488157,75.00532872096571,0.5970135,Punjab
3920,31.15631391488157,75.00550838402253,0.6062547,Punjab
3921,31.15631391488157,75.00568804707936,0.60381734,Punjab
3922,31.15631391488157,75.00586771013619,0.5732918,Punjab
3923,31.15631391488157,75.00631686777824,0.55701697,Punjab
3924,31.15631391488157,75.00766434070442,0.6078215,Punjab
3925,31.15631391488157,75.00802366681808,0.5356292,Punjab
3926,31.15631391488157,75.00811349834649,0.5444265,Punjab
3927,31.15631391488157,75.00883215057378,0.4197994,Punjab
3928,31.15631391488157,75.0097304658579,0.5052427,Punjab
3929,31.15631391488157,75.00982029738631,0.5565313,Punjab
3930,31.15631391488157,75.00991012891473,0.52010655,Punjab
3931,31.15631391488157,75.01026945502836,0.32597327,Punjab
3932,31.15631391488157,75.0105389496136,0.3325222,Punjab
3933,31.15631391488157,75.01098810725567,0.3483023,Punjab
3934,31.15631391488157,75.01116777031248,0.35237068,Punjab
3935,31.156403746409985,74.99445910602786,0.49325627,Punjab
3936,31.156403746409985,74.99454893755627,0.51724136,Punjab
3937,31.156403746409985,74.99463876908469,0.51724136,Punjab
3938,31.156403746409985,74.99562691589722,0.52579033,Punjab
3939,31.156403746409985,74.99760320952228,0.4648318,Punjab
3940,31.156403746409985,74.99778287257911,0.43654823,Punjab
3941,31.156403746409985,74.99796253563593,0.6097561,Punjab
3942,31.156403746409985,74.99877101939164,0.6372496,Punjab
3943,31.156403746409985,74.99886085092005,0.6571429,Punjab
3944,31.156403746409985,74.99966933467576,0.6049802,Punjab
3945,31.156403746409985,75.00101680760194,0.6654074,Punjab
3946,31.156403746409985,75.00119647065877,0.6811565,Punjab
3947,31.156403746409985,75.00245411205653,0.5394983,Punjab
3948,31.156403746409985,75.00398124803954,0.61246514,Punjab
3949,31.156403746409985,75.00443040568159,0.57563084,Punjab
3950,31.156403746409985,75.00487956332366,0.58543533,Punjab
3951,31.156403746409985,75.00541855249412,0.60408103,Punjab
3952,31.156403746409985,75.00604737319301,0.5753176,Punjab
3953,31.156403746409985,75.00649653083507,0.5884543,Punjab
3954,31.156403746409985,75.00658636236348,0.5807931,Punjab
3955,31.156403746409985,75.00694568847713,0.5405444,Punjab
3956,31.156403746409985,75.00766434070442,0.5809462,Punjab
3957,31.156403746409985,75.00793383528966,0.5441786,Punjab
3958,31.156403746409985,75.00811349834649,0.54447216,Punjab
3959,31.156403746409985,75.00847282446013,0.5667884,Punjab
3960,31.156403746409985,75.01089827572726,0.3663394,Punjab
3961,31.156493577938395,74.9947286006131,0.46861508,Punjab
3962,31.156493577938395,74.99526758978358,0.5585586,Punjab
3963,31.156493577938395,74.99535742131198,0.5636629,Punjab
3964,31.156493577938395,74.99625573659611,0.38826185,Punjab
3965,31.156493577938395,74.99634556812451,0.36261126,Punjab
3966,31.156493577938395,75.00020832384624,0.65130776,Punjab
3967,31.156493577938395,75.00164562830082,0.6980613,Punjab
3968,31.156493577938395,75.0022744489997,0.48192006,Punjab
3969,31.156493577938395,75.00362192192588,0.48894984,Punjab
3970,31.156493577938395,75.00380158498271,0.5485714,Punjab
3971,31.156493577938395,75.00416091109636,0.6102909,Punjab
3972,31.156493577938395,75.00496939485207,0.5962532,Punjab
3973,31.156493577938395,75.00550838402253,0.5797588,Punjab
3974,31.156493577938395,75.00559821555095,0.56889296,Punjab
3975,31.156493577938395,75.00631686777824,0.57439566,Punjab
3976,31.156493577938395,75.00766434070442,0.5503693,Punjab
3977,31.156493577938395,75.00955080280107,0.30314392,Punjab
3978,31.156493577938395,75.00964063432949,0.30314392,Punjab
3979,31.156493577938395,75.0097304658579,0.30159688,Punjab
3980,31.156493577938395,75.00999996044314,0.35947347,Punjab
3981,31.156583409466805,74.99490826366993,0.4862328,Punjab
3982,31.156583409466805,74.9961659050677,0.437751,Punjab
3983,31.156583409466805,74.99643539965292,0.44711292,Punjab
3984,31.156583409466805,74.99679472576658,0.45264986,Punjab
3985,31.156583409466805,74.99742354646546,0.6293415,Punjab
3986,31.156583409466805,74.99787270410752,0.63126034,Punjab
3987,31.156583409466805,74.99796253563593,0.6117343,Punjab
3988,31.156583409466805,74.99868118786323,0.64745384,Punjab
3989,31.156583409466805,74.99886085092005,0.6537634,Punjab
3990,31.156583409466805,74.999938829261,0.6130426,Punjab
3991,31.156583409466805,75.00011849231782,0.6345325,Punjab
3992,31.156583409466805,75.00092697607353,0.6713866,Punjab
3993,31.156583409466805,75.00182529135765,0.72069347,Punjab
3994,31.156583409466805,75.00191512288606,0.7197635,Punjab
3995,31.156583409466805,75.00308293275542,0.544159,Punjab
3996,31.156583409466805,75.00317276428383,0.5181293,Punjab
3997,31.156583409466805,75.00541855249412,0.53741497,Punjab
3998,31.156583409466805,75.00550838402253,0.53911203,Punjab
3999,31.156583409466805,75.00568804707936,0.5593326,Punjab
4000,31.156583409466805,75.00622703624983,0.5639365,Punjab
4001,31.156583409466805,75.00667619389189,0.5526125,Punjab
4002,31.156583409466805,75.00739484611918,0.5892853,Punjab
4003,31.156583409466805,75.00766434070442,0.53537107,Punjab
4004,31.156583409466805,75.00919147668742,0.41058236,Punjab
4005,31.156583409466805,75.0097304658579,0.27939466,Punjab
4006,31.156583409466805,75.01071861267043,0.39610562,Punjab
4007,31.156673240995215,74.99463876908469,0.64705884,Punjab
4008,31.156673240995215,74.99490826366993,0.57351226,Punjab
4009,31.156673240995215,74.99589641048246,0.64050287,Punjab
4010,31.156673240995215,74.99607607353929,0.5773613,Punjab
4011,31.156673240995215,74.99706422035182,0.5703146,Punjab
4012,31.156673240995215,74.99715405188023,0.5703146,Punjab
4013,31.156673240995215,74.99805236716435,0.5794621,Punjab
4014,31.156673240995215,74.99859135633481,0.6115108,Punjab
4015,31.156673240995215,74.99913034550529,0.625,Punjab
4016,31.156673240995215,74.9992201770337,0.63763064,Punjab
4017,31.156673240995215,75.00038798690305,0.60336137,Punjab
4018,31.156673240995215,75.00110663913036,0.6617684,Punjab
4019,31.156673240995215,75.00182529135765,0.726421,Punjab
4020,31.156673240995215,75.00496939485207,0.6299766,Punjab
4021,31.156673240995215,75.0051490579089,0.6019579,Punjab
4022,31.156673240995215,75.00541855249412,0.5553636,Punjab
4023,31.156673240995215,75.00577787860777,0.5448411,Punjab
4024,31.156673240995215,75.00631686777824,0.51653117,Punjab
4025,31.156673240995215,75.0067660254203,0.57042986,Punjab
4026,31.156673240995215,75.00694568847713,0.6279426,Punjab
4027,31.156673240995215,75.00703552000554,0.6275158,Punjab
4028,31.156673240995215,75.00712535153396,0.6275158,Punjab
4029,31.156673240995215,75.00802366681808,0.585787,Punjab
4030,31.156673240995215,75.0082931614033,0.5429088,Punjab
4031,31.156673240995215,75.0097304658579,0.3441483,Punjab
4032,31.156673240995215,75.00991012891473,0.29152375,Punjab
4033,31.156673240995215,75.00999996044314,0.32902846,Punjab
4034,31.156673240995215,75.01089827572726,0.34789824,Punjab
4035,31.156763072523628,74.99454893755627,0.5784488,Punjab
4036,31.156763072523628,74.99508792672675,0.64558405,Punjab
4037,31.156763072523628,74.99589641048246,0.6294807,Punjab
4038,31.156763072523628,74.99625573659611,0.5682451,Punjab
4039,31.156763072523628,74.99670489423816,0.58790773,Punjab
4040,31.156763072523628,74.99751337799387,0.6475452,Punjab
4041,31.156763072523628,74.99760320952228,0.6828149,Punjab
4042,31.156763072523628,74.9976930410507,0.62085307,Punjab
4043,31.156763072523628,74.99948967161893,0.688665,Punjab
4044,31.156763072523628,74.999938829261,0.6420191,Punjab
4045,31.156763072523628,75.00038798690305,0.57430655,Punjab
4046,31.156763072523628,75.00326259581223,0.66219014,Punjab
4047,31.156763072523628,75.00344225886906,0.65436053,Punjab
4048,31.156763072523628,75.00362192192588,0.61443853,Punjab
4049,31.156763072523628,75.00389141651112,0.57156396,Punjab
4050,31.156763072523628,75.00398124803954,0.57156396,Punjab
4051,31.156763072523628,75.0052388894373,0.588967,Punjab
4052,31.156763072523628,75.00541855249412,0.5621041,Punjab
4053,31.156763072523628,75.00559821555095,0.54692155,Punjab
4054,31.156763072523628,75.00613720472143,0.5597781,Punjab
4055,31.156763072523628,75.00622703624983,0.5372662,Punjab
4056,31.156763072523628,75.00658636236348,0.57841486,Punjab
4057,31.156763072523628,75.00667619389189,0.5812127,Punjab
4058,31.156763072523628,75.00685585694872,0.61544704,Punjab
4059,31.156763072523628,75.00712535153396,0.631808,Punjab
4060,31.156763072523628,75.00865248751695,0.51802814,Punjab
4061,31.156763072523628,75.00964063432949,0.39518195,Punjab
4062,31.156763072523628,75.0097304658579,0.39915073,Punjab
4063,31.156763072523628,75.01008979197155,0.33588225,Punjab
4064,31.156763072523628,75.01098810725567,0.29853374,Punjab
4065,31.15685290405204,74.99454893755627,0.57561815,Punjab
4066,31.15685290405204,74.99463876908469,0.57561815,Punjab
4067,31.15685290405204,74.99544725284039,0.5584327,Punjab
4068,31.15685290405204,74.99598624201087,0.5906355,Punjab
4069,31.15685290405204,74.99634556812451,0.57529414,Punjab
4070,31.15685290405204,74.99661506270975,0.5792039,Punjab
4071,31.15685290405204,74.99715405188023,0.64881253,Punjab
4072,31.15685290405204,74.99913034550529,0.64431816,Punjab
4073,31.15685290405204,75.00011849231782,0.58331686,Punjab
4074,31.15685290405204,75.0007473130167,0.60130423,Punjab
4075,31.15685290405204,75.00317276428383,0.6621423,Punjab
4076,31.15685290405204,75.00344225886906,0.65662163,Punjab
4077,31.15685290405204,75.0037117534543,0.6344895,Punjab
4078,31.15685290405204,75.00398124803954,0.63363975,Punjab
4079,31.15685290405204,75.00443040568159,0.6188812,Punjab
4080,31.15685290405204,75.00496939485207,0.6220402,Punjab
4081,31.15685290405204,75.0052388894373,0.5772337,Punjab
4082,31.15685290405204,75.00622703624983,0.54712164,Punjab
4083,31.15685290405204,75.00658636236348,0.57930315,Punjab
4084,31.15685290405204,75.0067660254203,0.58032244,Punjab
4085,31.15685290405204,75.00721518306236,0.6218324,Punjab
4086,31.15685290405204,75.00784400376125,0.62165254,Punjab
4087,31.15685290405204,75.00793383528966,0.56838715,Punjab
4088,31.15685290405204,75.00802366681808,0.53359467,Punjab
4089,31.15685290405204,75.00874231904537,0.5489722,Punjab
4090,31.15685290405204,75.00937113974425,0.55648285,Punjab
4091,31.15685290405204,75.00991012891473,0.4455289,Punjab
4092,31.15685290405204,75.01071861267043,0.34784937,Punjab
4093,31.15685290405204,75.01089827572726,0.3729929,Punjab
4094,31.15685290405204,75.01116777031248,0.3823256,Punjab
4095,31.15694273558045,74.9947286006131,0.5292336,Punjab
4096,31.15694273558045,74.99508792672675,0.5952223,Punjab
4097,31.15694273558045,74.99652523118134,0.64602226,Punjab
4098,31.15694273558045,74.99733371493704,0.642689,Punjab
4099,31.15694273558045,74.99778287257911,0.59859157,Punjab
4100,31.15694273558045,74.99796253563593,0.590266,Punjab
4101,31.15694273558045,74.99823203022117,0.58308154,Punjab
4102,31.15694273558045,74.99868118786323,0.6178712,Punjab
4103,31.15694273558045,75.00191512288606,0.6375,Punjab
4104,31.15694273558045,75.0021846174713,0.69033533,Punjab
4105,31.15694273558045,75.00236428052811,0.49837664,Punjab
4106,31.15694273558045,75.00290326969859,0.5205799,Punjab
4107,31.15694273558045,75.00317276428383,0.6437247,Punjab
4108,31.15694273558045,75.0051490579089,0.60819465,Punjab
4109,31.15694273558045,75.00568804707936,0.6029059,Punjab
4110,31.15694273558045,75.00613720472143,0.56808704,Punjab
4111,31.15694273558045,75.00640669930665,0.57814944,Punjab
4112,31.15694273558045,75.00802366681808,0.51333505,Punjab
4113,31.15694273558045,75.00856265598854,0.550016,Punjab
4114,31.15694273558045,75.00928130821583,0.56219804,Punjab
4115,31.15694273558045,75.00955080280107,0.5746759,Punjab
4116,31.15694273558045,75.00964063432949,0.5746759,Punjab
4117,31.15694273558045,75.01008979197155,0.5224203,Punjab
4118,31.15694273558045,75.01098810725567,0.53552955,Punjab
4119,31.157032567108864,74.99454893755627,0.52699715,Punjab
4120,31.157032567108864,74.99535742131198,0.64490545,Punjab
4121,31.157032567108864,74.99562691589722,0.57471263,Punjab
4122,31.157032567108864,74.99652523118134,0.6473073,Punjab
4123,31.157032567108864,74.99688455729499,0.6411355,Punjab
4124,31.157032567108864,74.99715405188023,0.6419819,Punjab
4125,31.157032567108864,74.99787270410752,0.5812574,Punjab
4126,31.157032567108864,74.99805236716435,0.57090706,Punjab
4127,31.157032567108864,74.99913034550529,0.6279452,Punjab
4128,31.157032567108864,74.99984899773258,0.60868645,Punjab
4129,31.157032567108864,75.00119647065877,0.57081664,Punjab
4130,31.157032567108864,75.00200495441447,0.5980106,Punjab
4131,31.157032567108864,75.0037117534543,0.6792494,Punjab
4132,31.157032567108864,75.00389141651112,0.6604178,Punjab
4133,31.157032567108864,75.00496939485207,0.6235522,Punjab
4134,31.157032567108864,75.00577787860777,0.57466453,Punjab
4135,31.157032567108864,75.00757450917601,0.575099,Punjab
4136,31.157032567108864,75.00766434070442,0.5675159,Punjab
4137,31.157032567108864,75.00865248751695,0.5368554,Punjab
4138,31.157032567108864,75.0105389496136,0.5878071,Punjab
4139,31.157032567108864,75.01062878114202,0.6125823,Punjab
4140,31.157032567108864,75.01116777031248,0.59916973,Punjab
4141,31.15712239863728,74.99445910602786,0.51709,Punjab
4142,31.15712239863728,74.9947286006131,0.49591902,Punjab
4143,31.15712239863728,74.9955370843688,0.57811373,Punjab
4144,31.15712239863728,74.99975916620417,0.6116959,Punjab
4145,31.15712239863728,75.00065748148829,0.6662043,Punjab
4146,31.15712239863728,75.00110663913036,0.56739587,Punjab
4147,31.15712239863728,75.00173545982923,0.5799392,Punjab
4148,31.15712239863728,75.00290326969859,0.5113933,Punjab
4149,31.15712239863728,75.00335242734064,0.58885944,Punjab
4150,31.15712239863728,75.00344225886906,0.6557848,Punjab
4151,31.15712239863728,75.00380158498271,0.6757176,Punjab
4152,31.15712239863728,75.00469990026683,0.68186873,Punjab
4153,31.15712239863728,75.0052388894373,0.65250766,Punjab
4154,31.15712239863728,75.00559821555095,0.5875242,Punjab
4155,31.15712239863728,75.00577787860777,0.57576823,Punjab
4156,31.15712239863728,75.00640669930665,0.5648855,Punjab
4157,31.15712239863728,75.00649653083507,0.5648855,Punjab
4158,31.15712239863728,75.00712535153396,0.5306704,Punjab
4159,31.15712239863728,75.00757450917601,0.563019,Punjab
4160,31.15712239863728,75.00775417223284,0.55792683,Punjab
4161,31.15712239863728,75.0089219821022,0.53319156,Punjab
4162,31.15712239863728,75.00910164515902,0.57291234,Punjab
4163,31.15712239863728,75.00946097127266,0.5666868,Punjab
4164,31.15712239863728,75.00991012891473,0.5609756,Punjab
4165,31.15712239863728,75.01008979197155,0.60161895,Punjab
4166,31.15712239863728,75.01035928655678,0.59449166,Punjab
4167,31.15712239863728,75.01080844419884,0.57031024,Punjab
4168,31.15721223016569,74.99445910602786,0.53224796,Punjab
4169,31.15721223016569,74.99517775825517,0.5902439,Punjab
4170,31.15721223016569,74.99580657895405,0.58992386,Punjab
4171,31.15721223016569,74.99607607353929,0.62017804,Punjab
4172,31.15721223016569,74.9961659050677,0.62093025,Punjab
4173,31.15721223016569,74.99688455729499,0.64320785,Punjab
4174,31.15721223016569,74.99751337799387,0.5849985,Punjab
4175,31.15721223016569,74.99841169327799,0.5731707,Punjab
4176,31.15721223016569,74.99886085092005,0.57951164,Punjab
4177,31.15721223016569,74.9992201770337,0.61077845,Punjab
4178,31.15721223016569,74.999938829261,0.612227,Punjab
4179,31.15721223016569,75.00002866078941,0.65618664,Punjab
4180,31.15721223016569,75.00038798690305,0.6543146,Punjab
4181,31.15721223016569,75.00092697607353,0.6054313,Punjab
4182,31.15721223016569,75.00101680760194,0.5771453,Punjab
4183,31.15721223016569,75.00119647065877,0.5684885,Punjab
4184,31.15721223016569,75.001465965244,0.61312544,Punjab
4185,31.15721223016569,75.00155579677241,0.59142166,Punjab
4186,31.15721223016569,75.00263377511335,0.5633803,Punjab
4187,31.15721223016569,75.00407107956795,0.6675707,Punjab
4188,31.15721223016569,75.00478973179524,0.64671576,Punjab
4189,31.15721223016569,75.00487956332366,0.655802,Punjab
4190,31.15721223016569,75.00496939485207,0.65493506,Punjab
4191,31.15721223016569,75.00505922638048,0.6592412,Punjab
4192,31.15721223016569,75.00541855249412,0.57316005,Punjab
4193,31.15721223016569,75.00730501459077,0.55299866,Punjab
4194,31.15721223016569,75.00784400376125,0.5931112,Punjab
4195,31.15721223016569,75.00793383528966,0.58041084,Punjab
4196,31.15721223016569,75.00811349834649,0.55811197,Punjab
4197,31.15721223016569,75.00856265598854,0.5676839,Punjab
4198,31.15721223016569,75.00883215057378,0.5654899,Punjab
4199,31.15721223016569,75.0089219821022,0.55334014,Punjab
4200,31.15721223016569,75.0097304658579,0.55078423,Punjab
4201,31.15721223016569,75.00991012891473,0.56074375,Punjab
4202,31.15721223016569,75.01044911808519,0.5893224,Punjab
4203,31.15721223016569,75.01107793878408,0.6420233,Punjab
4204,31.15721223016569,75.01116777031248,0.6440586,Punjab
4205,31.1573020616941,74.99445910602786,0.50390625,Punjab
4206,31.1573020616941,74.99481843214151,0.5129893,Punjab
4207,31.1573020616941,74.99499809519834,0.6597774,Punjab
4208,31.1573020616941,74.9961659050677,0.60227275,Punjab
4209,31.1573020616941,74.99634556812451,0.62005574,Punjab
4210,31.1573020616941,74.99751337799387,0.5786802,Punjab
4211,31.1573020616941,74.99778287257911,0.5846338,Punjab
4212,31.1573020616941,74.99787270410752,0.57039714,Punjab
4213,31.1573020616941,74.99796253563593,0.5689866,Punjab
4214,31.1573020616941,74.99805236716435,0.56423175,Punjab
4215,31.1573020616941,74.99913034550529,0.6002304,Punjab
4216,31.1573020616941,74.9993100085621,0.61570007,Punjab
4217,31.1573020616941,74.99948967161893,0.64247596,Punjab
4218,31.1573020616941,74.999938829261,0.58701223,Punjab
4219,31.1573020616941,75.00029815537464,0.6768209,Punjab
4220,31.1573020616941,75.00083714454512,0.67602104,Punjab
4221,31.1573020616941,75.00101680760194,0.5801183,Punjab
4222,31.1573020616941,75.00254394358494,0.53939086,Punjab
4223,31.1573020616941,75.00290326969859,0.5863125,Punjab
4224,31.1573020616941,75.00326259581223,0.63924885,Punjab
4225,31.1573020616941,75.00362192192588,0.6656461,Punjab
4226,31.1573020616941,75.00461006873842,0.6793577,Punjab
4227,31.1573020616941,75.00541855249412,0.5582822,Punjab
4228,31.1573020616941,75.00667619389189,0.5404296,Punjab
4229,31.1573020616941,75.00685585694872,0.5099578,Punjab
4230,31.1573020616941,75.00703552000554,0.5337732,Punjab
4231,31.1573020616941,75.00757450917601,0.59031284,Punjab
4232,31.1573020616941,75.00802366681808,0.5918916,Punjab
4233,31.1573020616941,75.00820332987489,0.5967241,Punjab
4234,31.1573020616941,75.00856265598854,0.58364964,Punjab
4235,31.1573020616941,75.00865248751695,0.58016145,Punjab
4236,31.1573020616941,75.00883215057378,0.584736,Punjab
4237,31.1573020616941,75.0089219821022,0.5707845,Punjab
4238,31.1573020616941,75.00919147668742,0.5665262,Punjab
4239,31.1573020616941,75.00946097127266,0.5661853,Punjab
4240,31.1573020616941,75.00955080280107,0.541044,Punjab
4241,31.1573020616941,75.01026945502836,0.58777046,Punjab
4242,31.1573020616941,75.01044911808519,0.60528874,Punjab
4243,31.1573020616941,75.0105389496136,0.6343683,Punjab
4244,31.1573020616941,75.01062878114202,0.65757304,Punjab
4245,31.1573020616941,75.01080844419884,0.6673729,Punjab
4246,31.157391893222517,74.99454893755627,0.42501828,Punjab
4247,31.157391893222517,74.99490826366993,0.68508613,Punjab
4248,31.157391893222517,74.99571674742563,0.57894737,Punjab
4249,31.157391893222517,74.99580657895405,0.5460547,Punjab
4250,31.157391893222517,74.99589641048246,0.5460547,Punjab
4251,31.157391893222517,74.99805236716435,0.56208944,Punjab
4252,31.157391893222517,74.99877101939164,0.6126021,Punjab
4253,31.157391893222517,74.9992201770337,0.60987073,Punjab
4254,31.157391893222517,74.99975916620417,0.63422334,Punjab
4255,31.157391893222517,74.999938829261,0.57884085,Punjab
4256,31.157391893222517,75.00110663913036,0.60379606,Punjab
4257,31.157391893222517,75.00209478594289,0.5692982,Punjab
4258,31.157391893222517,75.0021846174713,0.56349355,Punjab
4259,31.157391893222517,75.00245411205653,0.57081676,Punjab
4260,31.157391893222517,75.00335242734064,0.5878621,Punjab
4261,31.157391893222517,75.00443040568159,0.5993072,Punjab
4262,31.157391893222517,75.00461006873842,0.60825676,Punjab
4263,31.157391893222517,75.00478973179524,0.60860944,Punjab
4264,31.157391893222517,75.00586771013619,0.60509,Punjab
4265,31.157391893222517,75.0067660254203,0.50744057,Punjab
4266,31.157391893222517,75.00937113974425,0.56924486,Punjab
4267,31.157391893222517,75.00955080280107,0.57032394,Punjab
4268,31.157391893222517,75.0105389496136,0.6445698,Punjab
4269,31.157391893222517,75.01107793878408,0.6829811,Punjab
4270,31.157481724750927,74.99499809519834,0.6534772,Punjab
4271,31.157481724750927,74.99544725284039,0.6177515,Punjab
4272,31.157481724750927,74.99562691589722,0.63844395,Punjab
4273,31.157481724750927,74.99598624201087,0.60313314,Punjab
4274,31.157481724750927,74.99607607353929,0.6212446,Punjab
4275,31.157481724750927,74.99760320952228,0.6261999,Punjab
4276,31.157481724750927,74.99823203022117,0.570779,Punjab
4277,31.157481724750927,74.99913034550529,0.58889544,Punjab
4278,31.157481724750927,74.9992201770337,0.6034627,Punjab
4279,31.157481724750927,75.00038798690305,0.64651525,Punjab
4280,31.157481724750927,75.0007473130167,0.6373456,Punjab
4281,31.157481724750927,75.00137613371558,0.55899304,Punjab
4282,31.157481724750927,75.002993101227,0.5651547,Punjab
4283,31.157481724750927,75.00317276428383,0.5445103,Punjab
4284,31.157481724750927,75.0037117534543,0.59587973,Punjab
4285,31.157481724750927,75.00407107956795,0.60439956,Punjab
4286,31.157481724750927,75.00416091109636,0.6096702,Punjab
4287,31.157481724750927,75.00425074262476,0.6023039,Punjab
4288,31.157481724750927,75.00505922638048,0.6780311,Punjab
4289,31.157481724750927,75.00559821555095,0.56977427,Punjab
4290,31.157481724750927,75.00658636236348,0.52707016,Punjab
4291,31.157481724750927,75.0074846776476,0.5972636,Punjab
4292,31.157481724750927,75.00820332987489,0.5727562,Punjab
4293,31.157481724750927,75.0082931614033,0.5940653,Punjab
4294,31.157481724750927,75.00847282446013,0.6062627,Punjab
4295,31.157481724750927,75.00937113974425,0.5734163,Punjab
4296,31.157571556279336,74.99445910602786,0.6307796,Punjab
4297,31.157571556279336,74.99463876908469,0.6705593,Punjab
4298,31.157571556279336,74.99499809519834,0.59687907,Punjab
4299,31.157571556279336,74.99652523118134,0.621252,Punjab
4300,31.157571556279336,74.99670489423816,0.6235358,Punjab
4301,31.157571556279336,74.99715405188023,0.60605294,Punjab
4302,31.157571556279336,74.99787270410752,0.55581945,Punjab
4303,31.157571556279336,74.9985015248064,0.67926455,Punjab
4304,31.157571556279336,74.99859135633481,0.664825,Punjab
4305,31.157571556279336,75.00092697607353,0.61470807,Punjab
4306,31.157571556279336,75.00173545982923,0.6070809,Punjab
4307,31.157571556279336,75.00308293275542,0.56647396,Punjab
4308,31.157571556279336,75.00362192192588,0.604197,Punjab
4309,31.157571556279336,75.0037117534543,0.60358584,Punjab
4310,31.157571556279336,75.00487956332366,0.59419,Punjab
4311,31.157571556279336,75.0051490579089,0.6519768,Punjab
4312,31.157571556279336,75.00586771013619,0.56115466,Punjab
4313,31.157571556279336,75.0059575416646,0.5893231,Punjab
4314,31.157571556279336,75.00685585694872,0.51208216,Punjab
4315,31.157571556279336,75.00784400376125,0.5790043,Punjab
4316,31.157571556279336,75.00802366681808,0.57649237,Punjab
4317,31.157571556279336,75.00883215057378,0.5335185,Punjab
4318,31.157571556279336,75.00901181363061,0.5633676,Punjab
4319,31.157571556279336,75.01026945502836,0.5837067,Punjab
4320,31.157571556279336,75.01035928655678,0.5846752,Punjab
4321,31.157571556279336,75.01044911808519,0.58619505,Punjab
4322,31.15766138780775,74.99454893755627,0.6861885,Punjab
4323,31.15766138780775,74.99508792672675,0.6269147,Punjab
4324,31.15766138780775,74.99517775825517,0.6418733,Punjab
4325,31.15766138780775,74.9955370843688,0.63107824,Punjab
4326,31.15766138780775,74.99706422035182,0.65203923,Punjab
4327,31.15766138780775,74.99814219869276,0.55602664,Punjab
4328,31.15766138780775,74.99904051397688,0.5897129,Punjab
4329,31.15766138780775,74.999938829261,0.5703143,Punjab
4330,31.15766138780775,75.00011849231782,0.6243214,Punjab
4331,31.15766138780775,75.00020832384624,0.6243214,Punjab
4332,31.15766138780775,75.0007473130167,0.64578396,Punjab
4333,31.15766138780775,75.00191512288606,0.5619958,Punjab
4334,31.15766138780775,75.0022744489997,0.59583825,Punjab
4335,31.15766138780775,75.00344225886906,0.5891596,Punjab
4336,31.15766138780775,75.00452023721,0.58889544,Punjab
4337,31.15766138780775,75.00469990026683,0.5859351,Punjab
4338,31.15766138780775,75.00487956332366,0.60023105,Punjab
4339,31.15766138780775,75.00550838402253,0.5525639,Punjab
4340,31.15766138780775,75.00568804707936,0.5632229,Punjab
4341,31.15766138780775,75.00613720472143,0.60542506,Punjab
4342,31.15766138780775,75.00658636236348,0.53102237,Punjab
4343,31.15766138780775,75.00766434070442,0.580887,Punjab
4344,31.15766138780775,75.00793383528966,0.5752683,Punjab
4345,31.15766138780775,75.00874231904537,0.5301933,Punjab
4346,31.15766138780775,75.00955080280107,0.5753228,Punjab
4347,31.15766138780775,75.0097304658579,0.59917426,Punjab
4348,31.15766138780775,75.01062878114202,0.5800066,Punjab
4349,31.15775121933616,74.9947286006131,0.64460784,Punjab
4350,31.15775121933616,74.9955370843688,0.6280665,Punjab
4351,31.15775121933616,74.99598624201087,0.6396489,Punjab
4352,31.15775121933616,74.99607607353929,0.6210804,Punjab
4353,31.15775121933616,74.99643539965292,0.64924985,Punjab
4354,31.15775121933616,74.99661506270975,0.63450134,Punjab
4355,31.15775121933616,74.99670489423816,0.59836066,Punjab
4356,31.15775121933616,74.99679472576658,0.58325803,Punjab
4357,31.15775121933616,74.99688455729499,0.58092993,Punjab
4358,31.15775121933616,74.9993100085621,0.62012434,Punjab
4359,31.15775121933616,75.00047781843146,0.65140986,Punjab
4360,31.15775121933616,75.00056764995988,0.66727483,Punjab
4361,31.15775121933616,75.00128630218717,0.58658534,Punjab
4362,31.15775121933616,75.00236428052811,0.55156374,Punjab
4363,31.15775121933616,75.00281343817018,0.57062835,Punjab
4364,31.15775121933616,75.002993101227,0.5538678,Punjab
4365,31.15775121933616,75.00344225886906,0.5805668,Punjab
4366,31.15775121933616,75.00389141651112,0.6129914,Punjab
4367,31.15775121933616,75.00461006873842,0.6006339,Punjab
4368,31.15775121933616,75.00487956332366,0.60935664,Punjab
4369,31.15775121933616,75.00505922638048,0.6279315,Punjab
4370,31.15775121933616,75.0051490579089,0.5857781,Punjab
4371,31.15775121933616,75.0052388894373,0.5857781,Punjab
4372,31.15775121933616,75.00712535153396,0.58429694,Punjab
4373,31.15775121933616,75.00838299293171,0.5678236,Punjab
4374,31.15775121933616,75.00865248751695,0.51058966,Punjab
4375,31.15775121933616,75.0097304658579,0.5936186,Punjab
4376,31.15775121933616,75.00982029738631,0.6032577,Punjab
4377,31.15775121933616,75.01116777031248,0.69420195,Punjab
4378,31.15784105086457,74.99517775825517,0.65002626,Punjab
4379,31.15784105086457,74.99607607353929,0.6413934,Punjab
4380,31.15784105086457,74.9961659050677,0.6588951,Punjab
4381,31.15784105086457,74.99661506270975,0.68243957,Punjab
4382,31.15784105086457,74.99715405188023,0.6810063,Punjab
4383,31.15784105086457,74.99778287257911,0.61697495,Punjab
4384,31.15784105086457,74.99796253563593,0.5929927,Punjab
4385,31.15784105086457,74.9985015248064,0.68149066,Punjab
4386,31.15784105086457,74.99886085092005,0.6191005,Punjab
4387,31.15784105086457,74.99904051397688,0.618995,Punjab
4388,31.15784105086457,74.99939984009052,0.6366704,Punjab
4389,31.15784105086457,75.00011849231782,0.6353678,Punjab
4390,31.15784105086457,75.00038798690305,0.60133344,Punjab
4391,31.15784105086457,75.001465965244,0.6075118,Punjab
4392,31.15784105086457,75.00191512288606,0.58632034,Punjab
4393,31.15784105086457,75.00326259581223,0.5608893,Punjab
4394,31.15784105086457,75.00344225886906,0.569395,Punjab
4395,31.15784105086457,75.00389141651112,0.58454645,Punjab
4396,31.15784105086457,75.00496939485207,0.6586945,Punjab
4397,31.15784105086457,75.00586771013619,0.567399,Punjab
4398,31.15784105086457,75.00631686777824,0.5462989,Punjab
4399,31.15784105086457,75.0067660254203,0.5771415,Punjab
4400,31.15784105086457,75.00838299293171,0.54639494,Punjab
4401,31.15784105086457,75.0089219821022,0.5722934,Punjab
4402,31.15784105086457,75.00910164515902,0.5801698,Punjab
4403,31.15784105086457,75.00928130821583,0.5505157,Punjab
4404,31.15784105086457,75.00946097127266,0.5443068,Punjab
4405,31.15784105086457,75.00955080280107,0.558877,Punjab
4406,31.15784105086457,75.01044911808519,0.59143156,Punjab
4407,31.15784105086457,75.01080844419884,0.60807794,Punjab
4408,31.15784105086457,75.01089827572726,0.60807794,Punjab
4409,31.15784105086457,75.01098810725567,0.66297203,Punjab
4410,31.157930882392986,74.99445910602786,0.62685156,Punjab
4411,31.157930882392986,74.99481843214151,0.65358454,Punjab
4412,31.157930882392986,74.99562691589722,0.6441207,Punjab
4413,31.157930882392986,74.9961659050677,0.6778422,Punjab
4414,31.157930882392986,74.99823203022117,0.63328856,Punjab
4415,31.157930882392986,74.99832186174957,0.6854369,Punjab
4416,31.157930882392986,74.99841169327799,0.6854369,Punjab
4417,31.157930882392986,74.99859135633481,0.65571356,Punjab
4418,31.157930882392986,74.99975916620417,0.59238654,Punjab
4419,31.157930882392986,74.99984899773258,0.5882266,Punjab
4420,31.157930882392986,75.0007473130167,0.6225828,Punjab
4421,31.157930882392986,75.00155579677241,0.6004921,Punjab
4422,31.157930882392986,75.00182529135765,0.6072748,Punjab
4423,31.157930882392986,75.00209478594289,0.5968552,Punjab
4424,31.157930882392986,75.00254394358494,0.6060323,Punjab
4425,31.157930882392986,75.00272360664177,0.61073774,Punjab
4426,31.157930882392986,75.00317276428383,0.5476168,Punjab
4427,31.157930882392986,75.00344225886906,0.53964406,Punjab
4428,31.157930882392986,75.00353209039747,0.5270064,Punjab
4429,31.157930882392986,75.00425074262476,0.5724421,Punjab
4430,31.157930882392986,75.00487956332366,0.6414048,Punjab
4431,31.157930882392986,75.00505922638048,0.5884211,Punjab
4432,31.157930882392986,75.00586771013619,0.5863846,Punjab
4433,31.157930882392986,75.00712535153396,0.601443,Punjab
4434,31.157930882392986,75.0074846776476,0.59340966,Punjab
4435,31.157930882392986,75.00937113974425,0.53333336,Punjab
4436,31.157930882392986,75.00964063432949,0.5514479,Punjab
4437,31.157930882392986,75.01044911808519,0.58391017,Punjab
4438,31.158020713921395,74.99526758978358,0.65411896,Punjab
4439,31.158020713921395,74.99544725284039,0.6309013,Punjab
4440,31.158020713921395,74.99562691589722,0.6662334,Punjab
4441,31.158020713921395,74.99733371493704,0.6193694,Punjab
4442,31.158020713921395,74.99751337799387,0.624609,Punjab
4443,31.158020713921395,74.99760320952228,0.627176,Punjab
4444,31.158020713921395,74.99859135633481,0.65204537,Punjab
4445,31.158020713921395,74.99904051397688,0.6557712,Punjab
4446,31.158020713921395,74.99966933467576,0.57334965,Punjab
4447,31.158020713921395,75.00002866078941,0.5924482,Punjab
4448,31.158020713921395,75.00047781843146,0.67144233,Punjab
4449,31.158020713921395,75.0007473130167,0.6076851,Punjab
4450,31.158020713921395,75.00173545982923,0.5939609,Punjab
4451,31.158020713921395,75.00236428052811,0.6070332,Punjab
4452,31.158020713921395,75.00254394358494,0.59840614,Punjab
4453,31.158020713921395,75.00263377511335,0.6034611,Punjab
4454,31.158020713921395,75.00344225886906,0.5273035,Punjab
4455,31.158020713921395,75.00434057415318,0.59289145,Punjab
4456,31.158020713921395,75.00443040568159,0.59845906,Punjab
4457,31.158020713921395,75.00478973179524,0.5849147,Punjab
4458,31.158020713921395,75.00496939485207,0.5987141,Punjab
4459,31.158020713921395,75.00568804707936,0.59791726,Punjab
4460,31.158020713921395,75.00586771013619,0.60182285,Punjab
4461,31.158020713921395,75.0067660254203,0.57451785,Punjab
4462,31.158020713921395,75.00721518306236,0.6087285,Punjab
4463,31.158020713921395,75.00865248751695,0.5399633,Punjab
4464,31.158020713921395,75.01080844419884,0.62751323,Punjab
4465,31.15811054544981,74.99463876908469,0.637455,Punjab
4466,31.15811054544981,74.99481843214151,0.6570659,Punjab
4467,31.15811054544981,74.99490826366993,0.650108,Punjab
4468,31.15811054544981,74.99535742131198,0.66684407,Punjab
4469,31.15811054544981,74.99580657895405,0.632527,Punjab
4470,31.15811054544981,74.99652523118134,0.62697023,Punjab
4471,31.15811054544981,74.99670489423816,0.5990566,Punjab
4472,31.15811054544981,74.99688455729499,0.6052319,Punjab
4473,31.15811054544981,74.99733371493704,0.61283183,Punjab
4474,31.15811054544981,74.99760320952228,0.6654921,Punjab
4475,31.15811054544981,74.99778287257911,0.6461311,Punjab
4476,31.15811054544981,74.99823203022117,0.6351027,Punjab
4477,31.15811054544981,74.99859135633481,0.62917936,Punjab
4478,31.15811054544981,74.99886085092005,0.63291824,Punjab
4479,31.15811054544981,74.99895068244847,0.63291824,Punjab
4480,31.15811054544981,74.99957950314734,0.626832,Punjab
4481,31.15811054544981,75.00002866078941,0.58814526,Punjab
4482,31.15811054544981,75.0007473130167,0.6020516,Punjab
4483,31.15811054544981,75.00119647065877,0.62841094,Punjab
4484,31.15811054544981,75.0022744489997,0.59539723,Punjab
4485,31.15811054544981,75.00245411205653,0.58904624,Punjab
4486,31.15811054544981,75.00290326969859,0.5911211,Punjab
4487,31.15811054544981,75.00335242734064,0.58186936,Punjab
4488,31.15811054544981,75.0037117534543,0.5624812,Punjab
4489,31.15811054544981,75.00443040568159,0.60582286,Punjab
4490,31.15811054544981,75.00469990026683,0.6061868,Punjab
4491,31.15811054544981,75.00496939485207,0.58362937,Punjab
4492,31.15811054544981,75.00532872096571,0.590957,Punjab
4493,31.15811054544981,75.00631686777824,0.5708584,Punjab
4494,31.15811054544981,75.00667619389189,0.5811227,Punjab
4495,31.15811054544981,75.00685585694872,0.5840046,Punjab
4496,31.15811054544981,75.00703552000554,0.56901973,Punjab
4497,31.15811054544981,75.00784400376125,0.5907137,Punjab
4498,31.15811054544981,75.00874231904537,0.57540303,Punjab
4499,31.15811054544981,75.01008979197155,0.6020173,Punjab
4500,31.15811054544981,75.01026945502836,0.57847023,Punjab
4501,31.15811054544981,75.01089827572726,0.6144841,Punjab
4502,31.15811054544981,75.01107793878408,0.64920217,Punjab
4503,31.158200376978225,74.99526758978358,0.69456065,Punjab
4504,31.158200376978225,74.99589641048246,0.6594872,Punjab
4505,31.158200376978225,74.99733371493704,0.64006793,Punjab
4506,31.158200376978225,74.99787270410752,0.68854815,Punjab
4507,31.158200376978225,74.99796253563593,0.67901236,Punjab
4508,31.158200376978225,74.99823203022117,0.62902343,Punjab
4509,31.158200376978225,74.99904051397688,0.62087446,Punjab
4510,31.158200376978225,74.99957950314734,0.6182336,Punjab
4511,31.158200376978225,75.00047781843146,0.6679374,Punjab
4512,31.158200376978225,75.00101680760194,0.6305319,Punjab
4513,31.158200376978225,75.00137613371558,0.5890128,Punjab
4514,31.158200376978225,75.00173545982923,0.5642234,Punjab
4515,31.158200376978225,75.00182529135765,0.5721417,Punjab
4516,31.158200376978225,75.0021846174713,0.5685065,Punjab
4517,31.158200376978225,75.00290326969859,0.5609168,Punjab
4518,31.158200376978225,75.00353209039747,0.59518296,Punjab
4519,31.158200376978225,75.00622703624983,0.6011205,Punjab
4520,31.158200376978225,75.00658636236348,0.5764294,Punjab
4521,31.158200376978225,75.00667619389189,0.56690246,Punjab
4522,31.158200376978225,75.00730501459077,0.589,Punjab
4523,31.158200376978225,75.0074846776476,0.5914696,Punjab
4524,31.158200376978225,75.00757450917601,0.5913798,Punjab
4525,31.158200376978225,75.00802366681808,0.5628148,Punjab
4526,31.158200376978225,75.00820332987489,0.5855046,Punjab
4527,31.158200376978225,75.00874231904537,0.5927795,Punjab
4528,31.158200376978225,75.00937113974425,0.5718946,Punjab
4529,31.158200376978225,75.01008979197155,0.6118658,Punjab
4530,31.158200376978225,75.01107793878408,0.6373057,Punjab
4531,31.15829020850663,74.99463876908469,0.21071687,Punjab
4532,31.15829020850663,74.99481843214151,0.47014552,Punjab
4533,31.15829020850663,74.99571674742563,0.6805697,Punjab
4534,31.15829020850663,74.99598624201087,0.698449,Punjab
4535,31.15829020850663,74.99634556812451,0.6429342,Punjab
4536,31.15829020850663,74.9969743888234,0.62208986,Punjab
4537,31.15829020850663,74.99868118786323,0.6637635,Punjab
4538,31.15829020850663,74.99904051397688,0.639485,Punjab
4539,31.15829020850663,74.9993100085621,0.67385375,Punjab
4540,31.15829020850663,74.99939984009052,0.65178096,Punjab
4541,31.15829020850663,74.99948967161893,0.607369,Punjab
4542,31.15829020850663,75.00056764995988,0.64533585,Punjab
4543,31.15829020850663,75.00092697607353,0.6244943,Punjab
4544,31.15829020850663,75.00155579677241,0.5980986,Punjab
4545,31.15829020850663,75.00164562830082,0.5874659,Punjab
4546,31.15829020850663,75.0021846174713,0.5771096,Punjab
4547,31.15829020850663,75.0022744489997,0.58609086,Punjab
4548,31.15829020850663,75.00236428052811,0.6021448,Punjab
4549,31.15829020850663,75.00308293275542,0.56229824,Punjab
4550,31.15829020850663,75.00344225886906,0.5611482,Punjab
4551,31.15829020850663,75.00434057415318,0.5544539,Punjab
4552,31.15829020850663,75.00532872096571,0.59783816,Punjab
4553,31.15829020850663,75.00622703624983,0.61751086,Punjab
4554,31.15829020850663,75.00658636236348,0.5860806,Punjab
4555,31.15829020850663,75.00775417223284,0.589455,Punjab
4556,31.15829020850663,75.00802366681808,0.5504422,Punjab
4557,31.15829020850663,75.00928130821583,0.59154165,Punjab
4558,31.15829020850663,75.00946097127266,0.60624534,Punjab
4559,31.15829020850663,75.00964063432949,0.5816011,Punjab
4560,31.15829020850663,75.01044911808519,0.57252765,Punjab
4561,31.15829020850663,75.0105389496136,0.63976943,Punjab
4562,31.15829020850663,75.01107793878408,0.6076529,Punjab
4563,31.158380040035045,74.99445910602786,0.19762258,Punjab
4564,31.158380040035045,74.99508792672675,0.56542814,Punjab
4565,31.158380040035045,74.99517775825517,0.67824966,Punjab
4566,31.158380040035045,74.99526758978358,0.67824966,Punjab
4567,31.158380040035045,74.99625573659611,0.6772846,Punjab
4568,31.158380040035045,74.99751337799387,0.69747126,Punjab
4569,31.158380040035045,74.99886085092005,0.6233236,Punjab
4570,31.158380040035045,74.99895068244847,0.6233236,Punjab
4571,31.158380040035045,74.9992201770337,0.6576577,Punjab
4572,31.158380040035045,74.99966933467576,0.5775336,Punjab
4573,31.158380040035045,75.00011849231782,0.5693257,Punjab
4574,31.158380040035045,75.00110663913036,0.5978926,Punjab
4575,31.158380040035045,75.00119647065877,0.6024062,Punjab
4576,31.158380040035045,75.00137613371558,0.57823396,Punjab
4577,31.158380040035045,75.001465965244,0.57823396,Punjab
4578,31.158380040035045,75.00191512288606,0.5776869,Punjab
4579,31.158380040035045,75.00290326969859,0.5666044,Punjab
4580,31.158380040035045,75.00308293275542,0.57701457,Punjab
4581,31.158380040035045,75.00541855249412,0.6031039,Punjab
4582,31.158380040035045,75.00559821555095,0.6052894,Punjab
4583,31.158380040035045,75.00613720472143,0.6018652,Punjab
4584,31.158380040035045,75.00640669930665,0.61895096,Punjab
4585,31.158380040035045,75.00667619389189,0.56203556,Punjab
4586,31.158380040035045,75.00685585694872,0.5725968,Punjab
4587,31.158380040035045,75.00694568847713,0.58889204,Punjab
4588,31.158380040035045,75.00730501459077,0.61124206,Punjab
4589,31.158380040035045,75.00793383528966,0.54673237,Punjab
4590,31.158380040035045,75.00838299293171,0.57299197,Punjab
4591,31.158380040035045,75.00946097127266,0.60459167,Punjab
4592,31.158380040035045,75.00999996044314,0.59960747,Punjab
4593,31.158469871563454,74.99733371493704,0.72709924,Punjab
4594,31.158469871563454,74.99957950314734,0.6213086,Punjab
4595,31.158469871563454,74.99975916620417,0.599393,Punjab
4596,31.158469871563454,74.999938829261,0.58234334,Punjab
4597,31.158469871563454,75.00020832384624,0.60318154,Punjab
4598,31.158469871563454,75.00047781843146,0.65737504,Punjab
4599,31.158469871563454,75.00263377511335,0.57162046,Punjab
4600,31.158469871563454,75.00317276428383,0.5712644,Punjab
4601,31.158469871563454,75.00326259581223,0.56629395,Punjab
4602,31.158469871563454,75.00416091109636,0.5626424,Punjab
4603,31.158469871563454,75.00541855249412,0.6184274,Punjab
4604,31.158469871563454,75.00604737319301,0.5490075,Punjab
4605,31.158469871563454,75.00622703624983,0.59066576,Punjab
4606,31.158469871563454,75.00694568847713,0.5842148,Punjab
4607,31.158469871563454,75.00757450917601,0.5847539,Punjab
4608,31.158469871563454,75.00793383528966,0.55224323,Punjab
4609,31.158469871563454,75.00982029738631,0.6535914,Punjab
4610,31.158469871563454,75.00991012891473,0.6382812,Punjab
4611,31.158559703091868,74.99454893755627,0.1709531,Punjab
4612,31.158559703091868,74.9947286006131,0.19638826,Punjab
4613,31.158559703091868,74.99490826366993,0.24462925,Punjab
4614,31.158559703091868,74.9955370843688,0.6298528,Punjab
4615,31.158559703091868,74.99760320952228,0.67689663,Punjab
4616,31.158559703091868,74.99778287257911,0.66949767,Punjab
4617,31.158559703091868,74.99814219869276,0.6430271,Punjab
4618,31.158559703091868,74.99975916620417,0.6003644,Punjab
4619,31.158559703091868,74.999938829261,0.59629023,Punjab
4620,31.158559703091868,75.00029815537464,0.647588,Punjab
4621,31.158559703091868,75.0007473130167,0.59272724,Punjab
4622,31.158559703091868,75.00092697607353,0.5920212,Punjab
4623,31.158559703091868,75.00191512288606,0.57321227,Punjab
4624,31.158559703091868,75.0021846174713,0.59965324,Punjab
4625,31.158559703091868,75.00236428052811,0.5975758,Punjab
4626,31.158559703091868,75.00353209039747,0.5704475,Punjab
4627,31.158559703091868,75.0037117534543,0.56553376,Punjab
4628,31.158559703091868,75.00398124803954,0.594613,Punjab
4629,31.158559703091868,75.00487956332366,0.6425503,Punjab
4630,31.158559703091868,75.00622703624983,0.55189455,Punjab
4631,31.158559703091868,75.00658636236348,0.58072424,Punjab
4632,31.158559703091868,75.00667619389189,0.5848214,Punjab
4633,31.158559703091868,75.00712535153396,0.59727216,Punjab
4634,31.158559703091868,75.00721518306236,0.6,Punjab
4635,31.158559703091868,75.00766434070442,0.5753228,Punjab
4636,31.158559703091868,75.00865248751695,0.58676463,Punjab
4637,31.158559703091868,75.00874231904537,0.59211105,Punjab
4638,31.158559703091868,75.0089219821022,0.62387973,Punjab
4639,31.158559703091868,75.00955080280107,0.6704326,Punjab
4640,31.158559703091868,75.00999996044314,0.6597048,Punjab
4641,31.158559703091868,75.01008979197155,0.6496485,Punjab
4642,31.158559703091868,75.01026945502836,0.63569677,Punjab
4643,31.158559703091868,75.01044911808519,0.6321668,Punjab
4644,31.15864953462028,74.99463876908469,0.1568323,Punjab
4645,31.15864953462028,74.99490826366993,0.2098408,Punjab
4646,31.15864953462028,74.99805236716435,0.62490696,Punjab
4647,31.15864953462028,74.99859135633481,0.66233766,Punjab
4648,31.15864953462028,74.99868118786323,0.6775858,Punjab
4649,31.15864953462028,74.99948967161893,0.6332547,Punjab
4650,31.15864953462028,74.99975916620417,0.6373209,Punjab
4651,31.15864953462028,75.00011849231782,0.6417832,Punjab
4652,31.15864953462028,75.00065748148829,0.596668,Punjab
4653,31.15864953462028,75.00110663913036,0.5986371,Punjab
4654,31.15864953462028,75.00191512288606,0.6009376,Punjab
4655,31.15864953462028,75.00245411205653,0.6133739,Punjab
4656,31.15864953462028,75.00344225886906,0.5809253,Punjab
4657,31.15864953462028,75.00353209039747,0.5740799,Punjab
4658,31.15864953462028,75.00398124803954,0.6031776,Punjab
4659,31.15864953462028,75.00452023721,0.6221498,Punjab
4660,31.15864953462028,75.0052388894373,0.6170448,Punjab
4661,31.15864953462028,75.00559821555095,0.5761601,Punjab
4662,31.15864953462028,75.0059575416646,0.59029925,Punjab
4663,31.15864953462028,75.00604737319301,0.56057495,Punjab
4664,31.15864953462028,75.00766434070442,0.5657009,Punjab
4665,31.15864953462028,75.00784400376125,0.5579928,Punjab
4666,31.15864953462028,75.00802366681808,0.5621773,Punjab
4667,31.15864953462028,75.00856265598854,0.5967413,Punjab
4668,31.15864953462028,75.00928130821583,0.6599982,Punjab
4669,31.15864953462028,75.00991012891473,0.6463158,Punjab
4670,31.15864953462028,75.01017962349995,0.64390755,Punjab
4671,31.15864953462028,75.01044911808519,0.638683,Punjab
4672,31.15864953462028,75.01089827572726,0.61998177,Punjab
4673,31.15873936614869,74.99445910602786,0.16542473,Punjab
4674,31.15873936614869,74.99625573659611,0.7141422,Punjab
4675,31.15873936614869,74.99634556812451,0.72025883,Punjab
4676,31.15873936614869,74.99670489423816,0.71149147,Punjab
4677,31.15873936614869,74.99706422035182,0.59560174,Punjab
4678,31.15873936614869,74.99751337799387,0.64041775,Punjab
4679,31.15873936614869,74.99778287257911,0.6161176,Punjab
4680,31.15873936614869,74.99832186174957,0.628896,Punjab
4681,31.15873936614869,74.99904051397688,0.64605546,Punjab
4682,31.15873936614869,74.99913034550529,0.6666667,Punjab
4683,31.15873936614869,74.99948967161893,0.66013765,Punjab
4684,31.15873936614869,74.99984899773258,0.6743482,Punjab
4685,31.15873936614869,75.00020832384624,0.63343465,Punjab
4686,31.15873936614869,75.00092697607353,0.59528846,Punjab
4687,31.15873936614869,75.00101680760194,0.5990785,Punjab
4688,31.15873936614869,75.00137613371558,0.59468925,Punjab
4689,31.15873936614869,75.00200495441447,0.59886545,Punjab
4690,31.15873936614869,75.00209478594289,0.59886545,Punjab
4691,31.15873936614869,75.00308293275542,0.5931258,Punjab
4692,31.15873936614869,75.00335242734064,0.6353391,Punjab
4693,31.15873936614869,75.0052388894373,0.6062748,Punjab
4694,31.15873936614869,75.00541855249412,0.59101474,Punjab
4695,31.15873936614869,75.00568804707936,0.5992695,Punjab
4696,31.15873936614869,75.00622703624983,0.53142345,Punjab
4697,31.15873936614869,75.00640669930665,0.5820025,Punjab
4698,31.15873936614869,75.00667619389189,0.6234606,Punjab
4699,31.15873936614869,75.0067660254203,0.6031836,Punjab
4700,31.15873936614869,75.00712535153396,0.5959882,Punjab
4701,31.15873936614869,75.00730501459077,0.6143706,Punjab
4702,31.15873936614869,75.00766434070442,0.5923542,Punjab
4703,31.15873936614869,75.00784400376125,0.58916086,Punjab
4704,31.15873936614869,75.0082931614033,0.58364964,Punjab
4705,31.15873936614869,75.00901181363061,0.6540821,Punjab
4706,31.15873936614869,75.00982029738631,0.6260075,Punjab
4707,31.15873936614869,75.01080844419884,0.6054795,Punjab
4708,31.158829197677104,74.99625573659611,0.70853204,Punjab
4709,31.158829197677104,74.99679472576658,0.68526316,Punjab
4710,31.158829197677104,74.99688455729499,0.6316676,Punjab
4711,31.158829197677104,74.99724388340864,0.68093383,Punjab
4712,31.158829197677104,74.99778287257911,0.65693045,Punjab
4713,31.158829197677104,74.99796253563593,0.7011383,Punjab
4714,31.158829197677104,74.9992201770337,0.6746736,Punjab
4715,31.158829197677104,75.00002866078941,0.59546876,Punjab
4716,31.158829197677104,75.00020832384624,0.60805863,Punjab
4717,31.158829197677104,75.0007473130167,0.57697815,Punjab
4718,31.158829197677104,75.00101680760194,0.5957944,Punjab
4719,31.158829197677104,75.001465965244,0.6308961,Punjab
4720,31.158829197677104,75.00173545982923,0.6052396,Punjab
4721,31.158829197677104,75.00335242734064,0.6081772,Punjab
4722,31.158829197677104,75.00344225886906,0.6461558,Punjab
4723,31.158829197677104,75.0037117534543,0.6223067,Punjab
4724,31.158829197677104,75.00568804707936,0.57535213,Punjab
4725,31.158829197677104,75.00586771013619,0.6,Punjab
4726,31.158829197677104,75.0059575416646,0.5864045,Punjab
4727,31.158829197677104,75.00649653083507,0.5793329,Punjab
4728,31.158829197677104,75.00658636236348,0.6024282,Punjab
4729,31.158829197677104,75.0067660254203,0.6237018,Punjab
4730,31.158829197677104,75.00730501459077,0.6130836,Punjab
4731,31.158829197677104,75.00847282446013,0.58966297,Punjab
4732,31.158829197677104,75.0097304658579,0.60445076,Punjab
4733,31.158829197677104,75.00999996044314,0.57147896,Punjab
4734,31.158829197677104,75.01044911808519,0.5878588,Punjab
4735,31.15891902920552,74.9947286006131,0.38548115,Punjab
4736,31.15891902920552,74.99517775825517,0.18726307,Punjab
4737,31.15891902920552,74.99544725284039,0.23725055,Punjab
4738,31.15891902920552,74.9961659050677,0.6769042,Punjab
4739,31.15891902920552,74.99643539965292,0.6839827,Punjab
4740,31.15891902920552,74.99661506270975,0.68008476,Punjab
4741,31.15891902920552,74.99679472576658,0.6725762,Punjab
4742,31.15891902920552,74.99733371493704,0.7361377,Punjab
4743,31.15891902920552,74.99832186174957,0.6246649,Punjab
4744,31.15891902920552,74.99913034550529,0.63700235,Punjab
4745,31.15891902920552,75.00092697607353,0.5678934,Punjab
4746,31.15891902920552,75.00200495441447,0.60271126,Punjab
4747,31.15891902920552,75.00281343817018,0.60805917,Punjab
4748,31.15891902920552,75.00317276428383,0.5746674,Punjab
4749,31.15891902920552,75.00496939485207,0.5916511,Punjab
4750,31.15891902920552,75.00703552000554,0.60948616,Punjab
4751,31.15891902920552,75.00757450917601,0.5683157,Punjab
4752,31.15891902920552,75.00955080280107,0.61139894,Punjab
4753,31.15891902920552,75.00999996044314,0.5667116,Punjab
4754,31.159008860733927,74.9947286006131,0.4827586,Punjab
4755,31.159008860733927,74.99508792672675,0.18983558,Punjab
4756,31.159008860733927,74.99517775825517,0.16399695,Punjab
4757,31.159008860733927,74.99652523118134,0.7112299,Punjab
4758,31.159008860733927,74.9969743888234,0.60897243,Punjab
4759,31.159008860733927,74.99715405188023,0.639085,Punjab
4760,31.159008860733927,74.99742354646546,0.72848666,Punjab
4761,31.159008860733927,74.99877101939164,0.6219014,Punjab
4762,31.159008860733927,74.9993100085621,0.55684286,Punjab
4763,31.159008860733927,74.99975916620417,0.6401146,Punjab
4764,31.159008860733927,74.999938829261,0.61835283,Punjab
4765,31.159008860733927,75.00011849231782,0.63485104,Punjab
4766,31.159008860733927,75.00029815537464,0.63571674,Punjab
4767,31.159008860733927,75.00047781843146,0.603758,Punjab
4768,31.159008860733927,75.00101680760194,0.67366916,Punjab
4769,31.159008860733927,75.00182529135765,0.583481,Punjab
4770,31.159008860733927,75.00263377511335,0.614171,Punjab
4771,31.159008860733927,75.00317276428383,0.5969301,Punjab
4772,31.159008860733927,75.00416091109636,0.58800405,Punjab
4773,31.159008860733927,75.00434057415318,0.6096129,Punjab
4774,31.159008860733927,75.00443040568159,0.63184243,Punjab
4775,31.159008860733927,75.00550838402253,0.61894274,Punjab
4776,31.159008860733927,75.00577787860777,0.5836013,Punjab
4777,31.159008860733927,75.00604737319301,0.58481735,Punjab
4778,31.159008860733927,75.00613720472143,0.5869834,Punjab
4779,31.159008860733927,75.00712535153396,0.62068963,Punjab
4780,31.159008860733927,75.00766434070442,0.57036823,Punjab
4781,31.159008860733927,75.00856265598854,0.59666437,Punjab
4782,31.159008860733927,75.00865248751695,0.5986356,Punjab
4783,31.159008860733927,75.00964063432949,0.6027108,Punjab
4784,31.159008860733927,75.01089827572726,0.5274026,Punjab
4785,31.15909869226234,74.99481843214151,0.21646747,Punjab
4786,31.15909869226234,74.99544725284039,0.2,Punjab
4787,31.15909869226234,74.99607607353929,0.62065405,Punjab
4788,31.15909869226234,74.99652523118134,0.6881872,Punjab
4789,31.15909869226234,74.99715405188023,0.61755115,Punjab
4790,31.15909869226234,74.99859135633481,0.69625247,Punjab
4791,31.15909869226234,74.99895068244847,0.6725798,Punjab
4792,31.15909869226234,74.99966933467576,0.6794443,Punjab
4793,31.15909869226234,74.99975916620417,0.6712686,Punjab
4794,31.15909869226234,75.00038798690305,0.65409076,Punjab
4795,31.15909869226234,75.00092697607353,0.64296675,Punjab
4796,31.15909869226234,75.001465965244,0.59783876,Punjab
4797,31.15909869226234,75.00182529135765,0.56463325,Punjab
4798,31.15909869226234,75.0022744489997,0.5427964,Punjab
4799,31.15909869226234,75.00245411205653,0.60033774,Punjab
4800,31.15909869226234,75.00272360664177,0.60538167,Punjab
4801,31.15909869226234,75.00380158498271,0.6037722,Punjab
4802,31.15909869226234,75.00407107956795,0.59839267,Punjab
4803,31.15909869226234,75.00550838402253,0.6008448,Punjab
4804,31.15909869226234,75.00631686777824,0.5692056,Punjab
4805,31.15909869226234,75.00730501459077,0.58502704,Punjab
4806,31.15909869226234,75.00784400376125,0.6,Punjab
4807,31.15909869226234,75.0089219821022,0.648567,Punjab
4808,31.15909869226234,75.00910164515902,0.643471,Punjab
4809,31.15909869226234,75.00999996044314,0.5798286,Punjab
4810,31.15909869226234,75.01071861267043,0.4698516,Punjab
4811,31.159188523790757,74.99454893755627,0.0064620357,Punjab
4812,31.159188523790757,74.99481843214151,0.095454544,Punjab
4813,31.159188523790757,74.99499809519834,0.3985122,Punjab
4814,31.159188523790757,74.99607607353929,0.5696,Punjab
4815,31.159188523790757,74.9961659050677,0.51454544,Punjab
4816,31.159188523790757,74.99706422035182,0.6078831,Punjab
4817,31.159188523790757,74.99724388340864,0.5966751,Punjab
4818,31.159188523790757,74.99742354646546,0.63785046,Punjab
4819,31.159188523790757,74.9976930410507,0.72707987,Punjab
4820,31.159188523790757,74.99796253563593,0.71414465,Punjab
4821,31.159188523790757,74.99859135633481,0.66186506,Punjab
4822,31.159188523790757,74.99868118786323,0.64484024,Punjab
4823,31.159188523790757,75.00011849231782,0.63057864,Punjab
4824,31.159188523790757,75.00020832384624,0.63057864,Punjab
4825,31.159188523790757,75.00047781843146,0.62010473,Punjab
4826,31.159188523790757,75.00056764995988,0.624662,Punjab
4827,31.159188523790757,75.00083714454512,0.62731266,Punjab
4828,31.159188523790757,75.00164562830082,0.5612519,Punjab
4829,31.159188523790757,75.00191512288606,0.56536996,Punjab
4830,31.159188523790757,75.00236428052811,0.5411435,Punjab
4831,31.159188523790757,75.00281343817018,0.6238236,Punjab
4832,31.159188523790757,75.00290326969859,0.61135256,Punjab
4833,31.159188523790757,75.00308293275542,0.6373556,Punjab
4834,31.159188523790757,75.00353209039747,0.6101638,Punjab
4835,31.159188523790757,75.00416091109636,0.5668884,Punjab
4836,31.159188523790757,75.0051490579089,0.5416296,Punjab
4837,31.159188523790757,75.00541855249412,0.537496,Punjab
4838,31.159188523790757,75.00577787860777,0.5525958,Punjab
4839,31.159188523790757,75.0059575416646,0.5637409,Punjab
4840,31.159188523790757,75.00667619389189,0.5766198,Punjab
4841,31.159188523790757,75.00721518306236,0.5928653,Punjab
4842,31.159188523790757,75.00730501459077,0.5859344,Punjab
4843,31.159188523790757,75.00757450917601,0.5353642,Punjab
4844,31.159188523790757,75.00856265598854,0.6043739,Punjab
4845,31.159188523790757,75.00901181363061,0.6272714,Punjab
4846,31.159188523790757,75.00928130821583,0.58234453,Punjab
4847,31.159188523790757,75.00982029738631,0.54830956,Punjab
4848,31.159188523790757,75.01026945502836,0.5730856,Punjab
4849,31.159188523790757,75.01044911808519,0.50520724,Punjab
4850,31.159188523790757,75.01116777031248,0.3978438,Punjab
4851,31.159278355319163,74.99445910602786,-0.00562249,Punjab
4852,31.159278355319163,74.99481843214151,0.047928512,Punjab
4853,31.159278355319163,74.99526758978358,0.14076246,Punjab
4854,31.159278355319163,74.99535742131198,0.27329192,Punjab
4855,31.159278355319163,74.99544725284039,0.21646747,Punjab
4856,31.159278355319163,74.99607607353929,0.32911393,Punjab
4857,31.159278355319163,74.9961659050677,0.41239893,Punjab
4858,31.159278355319163,74.99625573659611,0.43404254,Punjab
4859,31.159278355319163,74.99652523118134,0.5606557,Punjab
4860,31.159278355319163,74.99706422035182,0.647467,Punjab
4861,31.159278355319163,74.99751337799387,0.65623283,Punjab
4862,31.159278355319163,74.99841169327799,0.6996264,Punjab
4863,31.159278355319163,74.99975916620417,0.66941345,Punjab
4864,31.159278355319163,75.00029815537464,0.6385236,Punjab
4865,31.159278355319163,75.00092697607353,0.6038132,Punjab
4866,31.159278355319163,75.00137613371558,0.5738357,Punjab
4867,31.159278355319163,75.001465965244,0.5738357,Punjab
4868,31.159278355319163,75.00155579677241,0.5821711,Punjab
4869,31.159278355319163,75.00344225886906,0.6068086,Punjab
4870,31.159278355319163,75.00389141651112,0.5869502,Punjab
4871,31.159278355319163,75.00487956332366,0.63102764,Punjab
4872,31.159278355319163,75.00505922638048,0.5898819,Punjab
4873,31.159278355319163,75.0051490579089,0.5485331,Punjab
4874,31.159278355319163,75.0052388894373,0.5485331,Punjab
4875,31.159278355319163,75.0059575416646,0.59034896,Punjab
4876,31.159278355319163,75.00604737319301,0.58026516,Punjab
4877,31.159278355319163,75.00667619389189,0.5705304,Punjab
4878,31.159278355319163,75.00721518306236,0.58525103,Punjab
4879,31.159278355319163,75.00730501459077,0.5746177,Punjab
4880,31.159278355319163,75.00793383528966,0.56162524,Punjab
4881,31.159278355319163,75.00820332987489,0.55937755,Punjab
4882,31.159278355319163,75.0082931614033,0.6041249,Punjab
4883,31.159278355319163,75.00847282446013,0.6630804,Punjab
4884,31.159278355319163,75.00946097127266,0.6052296,Punjab
4885,31.159278355319163,75.00982029738631,0.57783484,Punjab
4886,31.159278355319163,75.01017962349995,0.5601642,Punjab
4887,31.159278355319163,75.01098810725567,0.38853174,Punjab
4888,31.159368186847576,74.99463876908469,-0.00081766146,Punjab
4889,31.159368186847576,74.99499809519834,0.082095385,Punjab
4890,31.159368186847576,74.99535742131198,0.14409222,Punjab
4891,31.159368186847576,74.99544725284039,0.31922007,Punjab
4892,31.159368186847576,74.99733371493704,0.65936315,Punjab
4893,31.159368186847576,74.99751337799387,0.6681416,Punjab
4894,31.159368186847576,74.9976930410507,0.7219559,Punjab
4895,31.159368186847576,74.99841169327799,0.70089734,Punjab
4896,31.159368186847576,74.99895068244847,0.6956863,Punjab
4897,31.159368186847576,74.99913034550529,0.6677741,Punjab
4898,31.159368186847576,74.9993100085621,0.662768,Punjab
4899,31.159368186847576,74.99957950314734,0.66459924,Punjab
4900,31.159368186847576,75.0007473130167,0.59892434,Punjab
4901,31.159368186847576,75.00083714454512,0.59892434,Punjab
4902,31.159368186847576,75.00119647065877,0.55948037,Punjab
4903,31.159368186847576,75.00191512288606,0.62259364,Punjab
4904,31.159368186847576,75.00254394358494,0.6056599,Punjab
4905,31.159368186847576,75.00272360664177,0.6090981,Punjab
4906,31.159368186847576,75.00344225886906,0.5844843,Punjab
4907,31.159368186847576,75.0037117534543,0.58373195,Punjab
4908,31.159368186847576,75.00380158498271,0.58319575,Punjab
4909,31.159368186847576,75.00416091109636,0.5711128,Punjab
4910,31.159368186847576,75.00443040568159,0.6403878,Punjab
4911,31.159368186847576,75.00452023721,0.6620312,Punjab
4912,31.159368186847576,75.0074846776476,0.54402894,Punjab
4913,31.159368186847576,75.00766434070442,0.5810811,Punjab
4914,31.159368186847576,75.00784400376125,0.5938619,Punjab
4915,31.159368186847576,75.00883215057378,0.5750896,Punjab
4916,31.159368186847576,75.0097304658579,0.59414345,Punjab
4917,31.15945801837599,74.99463876908469,-0.0208,Punjab
4918,31.15945801837599,74.99508792672675,0.093655586,Punjab
4919,31.15945801837599,74.99580657895405,0.6007905,Punjab
4920,31.15945801837599,74.99589641048246,0.6007905,Punjab
4921,31.15945801837599,74.99706422035182,0.6488746,Punjab
4922,31.15945801837599,74.99796253563593,0.7624488,Punjab
4923,31.15945801837599,74.99823203022117,0.687885,Punjab
4924,31.15945801837599,74.99975916620417,0.65557164,Punjab
4925,31.15945801837599,75.00272360664177,0.6100124,Punjab
4926,31.15945801837599,75.00487956332366,0.6453177,Punjab
4927,31.15945801837599,75.0059575416646,0.5874595,Punjab
4928,31.15945801837599,75.00694568847713,0.6067322,Punjab
4929,31.15945801837599,75.00766434070442,0.5615253,Punjab
4930,31.15945801837599,75.00793383528966,0.6090339,Punjab
4931,31.15945801837599,75.00802366681808,0.5943986,Punjab
4932,31.15945801837599,75.00910164515902,0.59352016,Punjab
4933,31.15945801837599,75.00928130821583,0.5689468,Punjab
4934,31.15945801837599,75.00937113974425,0.5732912,Punjab
4935,31.15945801837599,75.01035928655678,0.41097748,Punjab
4936,31.15945801837599,75.01107793878408,0.40059996,Punjab
4937,31.1595478499044,74.9969743888234,0.5469979,Punjab
4938,31.1595478499044,74.9976930410507,0.6814562,Punjab
4939,31.1595478499044,75.00002866078941,0.622789,Punjab
4940,31.1595478499044,75.00011849231782,0.6084753,Punjab
4941,31.1595478499044,75.00020832384624,0.6084753,Punjab
4942,31.1595478499044,75.00209478594289,0.63404566,Punjab
4943,31.1595478499044,75.00236428052811,0.6034162,Punjab
4944,31.1595478499044,75.00353209039747,0.59990215,Punjab
4945,31.1595478499044,75.00434057415318,0.6019524,Punjab
4946,31.1595478499044,75.00478973179524,0.6101902,Punjab
4947,31.1595478499044,75.00505922638048,0.59157896,Punjab
4948,31.1595478499044,75.0051490579089,0.59326327,Punjab
4949,31.1595478499044,75.00568804707936,0.61428165,Punjab
4950,31.1595478499044,75.00658636236348,0.63409257,Punjab
4951,31.1595478499044,75.00685585694872,0.6369609,Punjab
4952,31.1595478499044,75.00775417223284,0.56328887,Punjab
4953,31.1595478499044,75.00811349834649,0.57504046,Punjab
4954,31.1595478499044,75.00820332987489,0.5767302,Punjab
4955,31.1595478499044,75.00874231904537,0.61667156,Punjab
4956,31.1595478499044,75.00946097127266,0.52553,Punjab
4957,31.1595478499044,75.00964063432949,0.51778656,Punjab
4958,31.1595478499044,75.01017962349995,0.4055584,Punjab
4959,31.1595478499044,75.01089827572726,0.4202471,Punjab
4960,31.1595478499044,75.01116777031248,0.48628077,Punjab
4961,31.15963768143281,74.9955370843688,0.56313133,Punjab
4962,31.15963768143281,74.99580657895405,0.6417679,Punjab
4963,31.15963768143281,74.99625573659611,0.6262019,Punjab
4964,31.15963768143281,74.99670489423816,0.4049172,Punjab
4965,31.15963768143281,74.99733371493704,0.62322664,Punjab
4966,31.15963768143281,74.99751337799387,0.5750544,Punjab
4967,31.15963768143281,74.99814219869276,0.7506568,Punjab
4968,31.15963768143281,74.99823203022117,0.7131272,Punjab
4969,31.15963768143281,74.99877101939164,0.702337,Punjab
4970,31.15963768143281,74.99913034550529,0.6818866,Punjab
4971,31.15963768143281,74.99966933467576,0.64890283,Punjab
4972,31.15963768143281,74.999938829261,0.6325852,Punjab
4973,31.15963768143281,75.00011849231782,0.6073715,Punjab
4974,31.15963768143281,75.00083714454512,0.59799576,Punjab
4975,31.15963768143281,75.00101680760194,0.6062491,Punjab
4976,31.15963768143281,75.00137613371558,0.63874763,Punjab
4977,31.15963768143281,75.00209478594289,0.6280992,Punjab
4978,31.15963768143281,75.00272360664177,0.6587983,Punjab
4979,31.15963768143281,75.00290326969859,0.6752595,Punjab
4980,31.15963768143281,75.00452023721,0.5635701,Punjab
4981,31.15963768143281,75.00496939485207,0.63051283,Punjab
4982,31.15963768143281,75.00721518306236,0.5851141,Punjab
4983,31.15963768143281,75.00730501459077,0.58759755,Punjab
4984,31.15963768143281,75.00820332987489,0.5686343,Punjab
4985,31.15963768143281,75.0082931614033,0.58027256,Punjab
4986,31.15963768143281,75.00865248751695,0.5878851,Punjab
4987,31.15963768143281,75.00874231904537,0.60582125,Punjab
4988,31.15963768143281,75.00901181363061,0.6187734,Punjab
4989,31.15963768143281,75.00910164515902,0.569334,Punjab
4990,31.15963768143281,75.00955080280107,0.4764155,Punjab
4991,31.15963768143281,75.0097304658579,0.43689826,Punjab
4992,31.15963768143281,75.00982029738631,0.4157008,Punjab
4993,31.15963768143281,75.00999996044314,0.40605208,Punjab
4994,31.159727512961226,74.9947286006131,0.00082850043,Punjab
4995,31.159727512961226,74.99580657895405,0.69125885,Punjab
4996,31.159727512961226,74.99607607353929,0.6885609,Punjab
4997,31.159727512961226,74.99643539965292,0.650377,Punjab
4998,31.159727512961226,74.9969743888234,0.38849315,Punjab
4999,31.159727512961226,74.99724388340864,0.5440582,Punjab
5000,31.159727512961226,74.99760320952228,0.7394897,Punjab
5001,31.159727512961226,74.99787270410752,0.7791438,Punjab
5002,31.159727512961226,74.99805236716435,0.76492196,Punjab
5003,31.159727512961226,74.9992201770337,0.6819462,Punjab
5004,31.159727512961226,75.00002866078941,0.62452626,Punjab
5005,31.159727512961226,75.00137613371558,0.6305354,Punjab
5006,31.159727512961226,75.00173545982923,0.63514674,Punjab
5007,31.159727512961226,75.00209478594289,0.6213146,Punjab
5008,31.159727512961226,75.00263377511335,0.6904948,Punjab
5009,31.159727512961226,75.00272360664177,0.6904948,Punjab
5010,31.159727512961226,75.002993101227,0.6283811,Punjab
5011,31.159727512961226,75.00344225886906,0.57269484,Punjab
5012,31.159727512961226,75.00434057415318,0.6259905,Punjab
5013,31.159727512961226,75.00443040568159,0.6365623,Punjab
5014,31.159727512961226,75.00452023721,0.61988336,Punjab
5015,31.159727512961226,75.0052388894373,0.6530912,Punjab
5016,31.159727512961226,75.00550838402253,0.68168956,Punjab
5017,31.159727512961226,75.00685585694872,0.5833084,Punjab
5018,31.159727512961226,75.00721518306236,0.5928353,Punjab
5019,31.159727512961226,75.00757450917601,0.6063618,Punjab
5020,31.159727512961226,75.00811349834649,0.5588902,Punjab
5021,31.159727512961226,75.00874231904537,0.59317654,Punjab
5022,31.159727512961226,75.00910164515902,0.61620253,Punjab
5023,31.159727512961226,75.00928130821583,0.5715515,Punjab
5024,31.159727512961226,75.0097304658579,0.49512812,Punjab
5025,31.159727512961226,75.01071861267043,0.5860838,Punjab
5026,31.159727512961226,75.01080844419884,0.56203294,Punjab
5027,31.159727512961226,75.01089827572726,0.56203294,Punjab
5028,31.159727512961226,75.01098810725567,0.56989306,Punjab
