system_index,latitude,longitude,ndvi,region
0,11.901045963924442,78.48152849061236,0.8164335664335665,Tamil Nadu
1,11.887651202100486,78.41966141960614,0.7762134123749537,Tamil Nadu
2,11.884289329363918,78.47169887962066,0.8527526705012325,Tamil Nadu
3,11.873462078092787,78.42531714359055,0.7419482315747876,Tamil Nadu
4,11.872840465849093,78.48077129812603,0.8275058275058275,Tamil Nadu
5,11.874096886623352,78.47587326574022,0.824765478424015,Tamil Nadu
6,11.88379070537635,78.47370857541185,0.3868440502586844,Tamil Nadu
7,11.880746147970834,78.42630010618886,0.7470300489168413,Tamil Nadu
8,11.90463656290995,78.4251875977014,0.7801016702977487,Tamil Nadu
9,11.889829380079536,78.4570164196883,0.7859936011375755,Tamil Nadu
10,11.886868587724171,78.42912772291818,0.7943251763999399,Tamil Nadu
11,11.890545459449248,78.47658280286049,0.6882364303650763,Tamil Nadu
12,11.890015703224703,78.45192285110863,0.8076145552560647,Tamil Nadu
13,11.898816513060732,78.45990362728567,0.4564365797649601,Tamil Nadu
14,11.866198824987524,78.43699277210804,0.8233935606575193,Tamil Nadu
15,11.896948586597915,78.42942951845313,0.6388161868330985,Tamil Nadu
16,11.863125886270522,78.41447659061707,0.7154863813229572,Tamil Nadu
17,11.87271392883024,78.46871659198865,0.678623130127071,Tamil Nadu
18,11.896180941961711,78.44533820882423,0.7198067632850241,Tamil Nadu
19,11.87397597633907,78.47351687600907,0.8341324809092524,Tamil Nadu
20,11.875070303090633,78.47584864968093,0.8177588212485459,Tamil Nadu
21,11.892080093495716,78.41583787647131,0.6712384851586489,Tamil Nadu
22,11.866415419726646,78.42176675762718,0.7753043478260869,Tamil Nadu
23,11.868951630257158,78.43632141228478,0.7198879551820728,Tamil Nadu
24,11.900826002375393,78.44613393313693,0.784546328951587,Tamil Nadu
25,11.876171873960228,78.46301702121485,0.7171433036411939,Tamil Nadu
26,11.889466567806153,78.46403485233901,0.6774841083974573,Tamil Nadu
27,11.872609120836696,78.4601570767564,0.7781972628598396,Tamil Nadu
28,11.883326177348623,78.44107372224184,0.7733044286156705,Tamil Nadu
29,11.86943513127998,78.47894363969198,0.7941372418387741,Tamil Nadu
30,11.861676762736272,78.42822770245833,0.6743630573248408,Tamil Nadu
31,11.88953180930548,78.4493242824997,0.7974727367145578,Tamil Nadu
32,11.88851798573502,78.47397562174123,0.845505144206443,Tamil Nadu
33,11.882476418556193,78.46376340155379,0.8344827586206897,Tamil Nadu
34,11.889839645552067,78.41132999300461,0.7814191220685508,Tamil Nadu
35,11.871374743245283,78.42434727812172,0.7826399884842378,Tamil Nadu
36,11.894126266193402,78.43801485629562,0.7735191637630662,Tamil Nadu
37,11.890519174114964,78.44846433786638,0.6596177307848718,Tamil Nadu
38,11.867034599798012,78.44134626604605,0.4871794871794871,Tamil Nadu
39,11.889353509275203,78.43869855405073,0.821382842509603,Tamil Nadu
40,11.865857307396269,78.43194132106443,0.7279967326934859,Tamil Nadu
41,11.885367856676812,78.4345771309403,0.8276983094928478,Tamil Nadu
42,11.871268362037688,78.47591206278766,0.7916310845431256,Tamil Nadu
43,11.885669995181416,78.42895792120744,0.77,Tamil Nadu
44,11.883899899571526,78.43527888437276,0.5414012738853503,Tamil Nadu
45,11.867439503940709,78.44171136717348,0.6709246901811249,Tamil Nadu
46,11.89655170325418,78.47030033328146,0.7878165639972622,Tamil Nadu
47,11.881535123216135,78.43703677014423,0.7917525773195876,Tamil Nadu
48,11.899546712823104,78.45252644576104,0.8187909243185625,Tamil Nadu
49,11.903221475077512,78.41271258871515,0.6523596814915518,Tamil Nadu
50,11.870277430363172,78.42182681272632,0.7764350453172205,Tamil Nadu
51,11.872856390790194,78.44625800910887,0.5369817578772803,Tamil Nadu
52,11.873743363745884,78.46544363565093,0.6829015544041451,Tamil Nadu
53,11.899951599209745,78.45508239155534,0.8139608338597599,Tamil Nadu
54,11.88341639769522,78.43962472950884,0.7548249700519101,Tamil Nadu
55,11.896096430118854,78.45734439481353,0.7532467532467533,Tamil Nadu
56,11.863044119134376,78.44537386880717,0.7484375,Tamil Nadu
57,11.879921983988702,78.42362778311791,0.7618430525557955,Tamil Nadu
58,11.899499510639762,78.44629387017224,0.8232168732893254,Tamil Nadu
59,11.89572146505335,78.41206226979357,0.7661406025824964,Tamil Nadu
60,11.868772687038618,78.42887430432228,0.6061166605006783,Tamil Nadu
61,11.86828312318416,78.43729967639767,0.6637692611615962,Tamil Nadu
62,11.869513022032413,78.43985651807762,0.7615717615717615,Tamil Nadu
63,11.889270581264263,78.4195413049139,0.8178143945282139,Tamil Nadu
64,11.89234897167091,78.46077861587302,0.8010932280595202,Tamil Nadu
65,11.875649418504274,78.44655963559097,0.8163903659680951,Tamil Nadu
66,11.878311145781147,78.45674522974814,0.74604385128694,Tamil Nadu
67,11.88243642788242,78.47202009897286,0.4682339770500979,Tamil Nadu
68,11.870803250099351,78.4811578434082,0.8089855072463769,Tamil Nadu
69,11.864793239640086,78.4335536391911,0.7902767389678385,Tamil Nadu
70,11.883357965780643,78.42738755063405,0.7436312171451678,Tamil Nadu
71,11.8801056136623,78.46377184354364,0.750675878642235,Tamil Nadu
72,11.86230628597666,78.43526431457907,0.7537217423267781,Tamil Nadu
73,11.870669625104254,78.41154419546943,0.797946879582858,Tamil Nadu
74,11.869301279628385,78.46886636584337,0.6934931506849316,Tamil Nadu
75,11.864979904608376,78.41223835775057,0.7281360737065911,Tamil Nadu
76,11.86966058933054,78.47630756322643,0.8134497816593886,Tamil Nadu
77,11.895918824961974,78.4738447335638,0.7940311055065153,Tamil Nadu
78,11.871593283399962,78.46814684286969,0.8358141632837167,Tamil Nadu
79,11.870350062232957,78.45350153713315,0.7967607854378673,Tamil Nadu
80,11.866496933894076,78.47622672590825,0.8251851851851851,Tamil Nadu
81,11.873839228274823,78.4686433844669,0.8291386033321517,Tamil Nadu
82,11.874752092786116,78.44960048155203,0.7263157894736842,Tamil Nadu
83,11.896659423706776,78.47130294465397,0.7857575757575758,Tamil Nadu
84,11.902034887529348,78.47002299791664,0.7291458291658331,Tamil Nadu
85,11.879143985686827,78.45776256521145,0.715627095908786,Tamil Nadu
86,11.893846236256362,78.48173927911961,0.788191190253046,Tamil Nadu
87,11.8885255260372,78.42315278240856,0.7761821366024518,Tamil Nadu
88,11.865301087206632,78.45768598627384,0.7872873769024172,Tamil Nadu
89,11.883965884682604,78.47506662746565,0.3744565217391304,Tamil Nadu
90,11.890483101538504,78.42633023474558,0.7381516587677726,Tamil Nadu
91,11.884093523233014,78.45251476584818,0.7859007832898173,Tamil Nadu
92,11.883608761152312,78.44436001313349,0.7315555555555555,Tamil Nadu
93,11.877978307440976,78.43301363152477,0.7913907284768212,Tamil Nadu
94,11.897887417517431,78.41762057564512,0.7550753110674525,Tamil Nadu
95,11.899557988341028,78.44852823305712,0.7676950998185118,Tamil Nadu
96,11.864721191190272,78.45280433877578,0.7569620253164557,Tamil Nadu
97,11.871891299658278,78.44520258615277,0.7315906917437042,Tamil Nadu
98,11.902464554914918,78.44176667557797,0.6529680365296804,Tamil Nadu
99,11.887446296421862,78.41684335579349,0.8019869818430969,Tamil Nadu
100,11.886289979178656,78.46108053905479,0.7540106951871658,Tamil Nadu
101,11.886767093694694,78.4771021797409,0.6251920122887865,Tamil Nadu
102,11.86609789001586,78.47954514326173,0.8454217736121125,Tamil Nadu
103,11.87065606590192,78.43412336686444,0.7267857142857143,Tamil Nadu
104,11.867559777260588,78.44379398182919,0.7387096774193549,Tamil Nadu
105,11.883037833417614,78.46168042243728,0.7099008047913158,Tamil Nadu
106,11.892858441107771,78.44453832331968,0.6889455472591514,Tamil Nadu
107,11.874364040628954,78.44273389684194,0.7675777175046944,Tamil Nadu
108,11.901035514370935,78.41836610481158,0.7709236412137379,Tamil Nadu
109,11.89020675711973,78.47778337609421,0.844151336341548,Tamil Nadu
110,11.904525665802565,78.42070079272699,0.7902918781725888,Tamil Nadu
111,11.892643800430507,78.45457589062545,0.8264352469959947,Tamil Nadu
112,11.880463103281263,78.43785189684365,0.7861057621093172,Tamil Nadu
113,11.86574452400849,78.4650703492081,0.7436186186186187,Tamil Nadu
114,11.88441671156445,78.44561805424985,0.6940150614347999,Tamil Nadu
115,11.894398937329186,78.43318961471768,0.7810197465369879,Tamil Nadu
116,11.877465236952364,78.46608374846127,0.4309453471196455,Tamil Nadu
117,11.875729764095269,78.47946016214966,0.8393839383938394,Tamil Nadu
118,11.887492115914052,78.45017993692348,0.7516299285936044,Tamil Nadu
119,11.891209644683135,78.44429142132891,0.811155796467914,Tamil Nadu
120,11.863188724218915,78.44482857378055,0.7003932785126922,Tamil Nadu
121,11.862495917337958,78.44973665017757,0.7074663402692778,Tamil Nadu
122,11.862735980123087,78.4682115573906,0.8239373999644318,Tamil Nadu
123,11.879557775001102,78.47824432169716,0.7627257799671593,Tamil Nadu
124,11.897845710485704,78.44298123995503,0.6364689974888932,Tamil Nadu
125,11.882472314835006,78.41038372576512,0.680350737345556,Tamil Nadu
126,11.882218212873948,78.41567549416243,0.7574009996155325,Tamil Nadu
127,11.88218848489733,78.47096396161537,0.2856085830558638,Tamil Nadu
128,11.87945423482096,78.44533092509526,0.7649143532191376,Tamil Nadu
129,11.875379594706857,78.4777773746319,0.8333333333333334,Tamil Nadu
130,11.88653480643306,78.4712674525221,0.8482993197278912,Tamil Nadu
131,11.865998715538334,78.4552758135603,0.6925561117390602,Tamil Nadu
132,11.882937173366685,78.48124799668766,0.6187419768934531,Tamil Nadu
133,11.87803100504937,78.47198912231389,0.6295767101268084,Tamil Nadu
134,11.873318249350618,78.44120372942004,0.817071101306635,Tamil Nadu
135,11.88476484801581,78.45283983952454,0.8331081081081081,Tamil Nadu
136,11.896676851620525,78.46849076935487,0.7502870264064294,Tamil Nadu
137,11.903008954284196,78.41144524067766,0.4200769499825114,Tamil Nadu
138,11.897659847019362,78.41825033745701,0.6535872598916435,Tamil Nadu
139,11.884515070225016,78.44990046950544,0.6926272066458983,Tamil Nadu
140,11.878730541991931,78.43631962876646,0.6459637840582163,Tamil Nadu
141,11.87390971286726,78.41150229073149,0.8256651017214397,Tamil Nadu
142,11.892790548817564,78.4241617903485,0.7738842975206611,Tamil Nadu
143,11.870639655011695,78.45504904914694,0.7401341444392451,Tamil Nadu
144,11.887335273912225,78.48156177014538,0.308374680499173,Tamil Nadu
145,11.86672559154106,78.4324818948596,0.4040199151761018,Tamil Nadu
146,11.865043795523984,78.43664964454852,0.7988085106382978,Tamil Nadu
147,11.885246512328502,78.41294709177777,0.8219895287958116,Tamil Nadu
148,11.881690203539138,78.47296825909332,0.5071417359912102,Tamil Nadu
149,11.878972648377903,78.44178699598443,0.8050264126780855,Tamil Nadu
150,11.871903438323727,78.44075582488469,0.7415873917364759,Tamil Nadu
151,11.902404246359229,78.4105438707288,0.5166305845306042,Tamil Nadu
152,11.865097594075332,78.45918775495028,0.7281690140845071,Tamil Nadu
153,11.89771715051981,78.43002208058849,0.5181583647549117,Tamil Nadu
154,11.901927402061474,78.43100819250627,0.1808054841473864,Tamil Nadu
155,11.899141012901962,78.4747880031205,0.7949358059914408,Tamil Nadu
156,11.904124355405848,78.463962279591,0.7795838751625488,Tamil Nadu
157,11.896318368848917,78.43379468184936,0.8249668953894306,Tamil Nadu
158,11.869039240196264,78.47108360530166,0.7238924050632911,Tamil Nadu
159,11.894450584490016,78.41462901397463,0.8078674948240165,Tamil Nadu
160,11.866201295827723,78.42906172810706,0.7501396388009681,Tamil Nadu
161,11.885042551243176,78.45221870522899,0.8109602815485168,Tamil Nadu
162,11.86399401144941,78.47379081347829,0.795120472798909,Tamil Nadu
163,11.901925713392174,78.41516115206477,0.3808478297584867,Tamil Nadu
164,11.878247481432693,78.45092090358844,0.7882121162370711,Tamil Nadu
165,11.895207833336888,78.46658973415968,0.7742531567600862,Tamil Nadu
166,11.885502114676523,78.43905818086657,0.8408354339214981,Tamil Nadu
167,11.881502755672578,78.42729663367021,0.8158213605677688,Tamil Nadu
168,11.887018750385243,78.43096495468879,0.7871086556169429,Tamil Nadu
169,11.873368500346292,78.42081614524268,0.777704157694219,Tamil Nadu
170,11.869494557644046,78.43990998023153,0.7698201720093824,Tamil Nadu
171,11.873418115670448,78.45837354080726,0.8043805383715098,Tamil Nadu
172,11.895000449131972,78.47378994320577,0.7978325859491778,Tamil Nadu
173,11.88832880180887,78.43764452509777,0.6573535118354676,Tamil Nadu
174,11.89884596848527,78.46045099541848,0.5289466972711043,Tamil Nadu
175,11.88318026372129,78.41183444712617,0.8219595199713415,Tamil Nadu
176,11.866661083102075,78.43093592239362,0.6918032786885245,Tamil Nadu
177,11.880215511435498,78.48136546502747,0.7928853754940711,Tamil Nadu
178,11.877857497234352,78.42450439693599,0.8125706899337535,Tamil Nadu
179,11.869744677052733,78.43441939196067,0.7541024993688462,Tamil Nadu
180,11.88041234861037,78.48254782942304,0.8493321460373998,Tamil Nadu
181,11.891114049043695,78.42845570224699,0.7994525284541132,Tamil Nadu
182,11.900636524383607,78.45310839479473,0.800807537012113,Tamil Nadu
183,11.863176267889877,78.42413562148234,0.7698346417237347,Tamil Nadu
184,11.883557559452996,78.4538757887323,0.7322580645161291,Tamil Nadu
185,11.877997249057138,78.47635646517745,0.8116858950502419,Tamil Nadu
186,11.867705815942918,78.47418216468085,0.8218515429524604,Tamil Nadu
187,11.87817108268108,78.47746905699891,0.8308475171082647,Tamil Nadu
188,11.892694958405784,78.46953693980221,0.8091338582677166,Tamil Nadu
189,11.890451857225322,78.44452357271615,0.5911857292759706,Tamil Nadu
190,11.863411724731009,78.42498913781134,0.6843984291324527,Tamil Nadu
191,11.897099144122404,78.47420861772638,0.8453038674033149,Tamil Nadu
192,11.898461979751485,78.42579678335485,0.7551860649247822,Tamil Nadu
193,11.900212549606833,78.43242709420119,0.8107582631237849,Tamil Nadu
194,11.868017379956662,78.41942820177992,0.7525703691218608,Tamil Nadu
195,11.867519829143632,78.42550083923301,0.6435838529701345,Tamil Nadu
196,11.903734669895895,78.48249750646396,0.8478110758182571,Tamil Nadu
197,11.898439477426985,78.45025966870132,0.8101077666295058,Tamil Nadu
198,11.883227463433212,78.47344091364735,0.600957428620277,Tamil Nadu
199,11.891240349030149,78.47850394032659,0.8548157520164479,Tamil Nadu
200,11.886582318247283,78.4814290559477,0.3740243521698407,Tamil Nadu
201,11.900891397560626,78.41672164643647,0.7653730285309233,Tamil Nadu
202,11.862928228474097,78.42196704476292,0.761271488809601,Tamil Nadu
203,11.868230490509658,78.44781396567564,0.6333109469442579,Tamil Nadu
204,11.899348292570242,78.42419421984985,0.7772487672164597,Tamil Nadu
205,11.887834080166442,78.47359450025957,0.8258484744600617,Tamil Nadu
206,11.897345829544127,78.42073523914388,0.7612433862433863,Tamil Nadu
207,11.894089831530575,78.45531898367412,0.806700266824785,Tamil Nadu
208,11.866248249341972,78.43901960625588,0.7791861240827218,Tamil Nadu
209,11.870169430853704,78.45493646227366,0.6921723834652594,Tamil Nadu
210,11.90015057994892,78.46180016136216,0.3977643223102002,Tamil Nadu
211,11.869191015003826,78.45601677978834,0.7257853403141361,Tamil Nadu
212,11.866209662032858,78.44952685360145,0.6941719561454126,Tamil Nadu
213,11.880511016032033,78.45169306179673,0.7698912421293647,Tamil Nadu
214,11.883447381701686,78.46646537887436,0.7581735159817352,Tamil Nadu
215,11.901587713398785,78.47425529244973,0.8129889482180553,Tamil Nadu
216,11.875467774986651,78.45208665079414,0.6976421636615812,Tamil Nadu
217,11.86810550743952,78.46941078978246,0.784037558685446,Tamil Nadu
218,11.883094981451352,78.42518794227351,0.7672935926043991,Tamil Nadu
219,11.884460178597738,78.43394179600693,0.787920860812218,Tamil Nadu
220,11.901683936466997,78.45422867782581,0.8238508518161363,Tamil Nadu
221,11.897873802460506,78.43048424706222,0.7560975609756098,Tamil Nadu
222,11.87217032521805,78.479486263002,0.8190124758390441,Tamil Nadu
223,11.869170122810235,78.45779518436224,0.7763503649635036,Tamil Nadu
224,11.86624067902932,78.47106304779537,0.8406951484431572,Tamil Nadu
225,11.886178809007324,78.46204845333307,0.7832716506291636,Tamil Nadu
226,11.863200327229874,78.42503248315911,0.7045756597683691,Tamil Nadu
227,11.902772102670385,78.4194700417785,0.7303836847563083,Tamil Nadu
228,11.89642023020945,78.43651359474306,0.8094222222222223,Tamil Nadu
229,11.865312470330142,78.48262462255346,0.8386955888775659,Tamil Nadu
230,11.865284917113426,78.45127591867264,0.5359081743446564,Tamil Nadu
231,11.86480713088167,78.42079117997572,0.743211178486686,Tamil Nadu
232,11.896296427800625,78.47447976701243,0.7664730622872021,Tamil Nadu
233,11.88284526676863,78.440236040875,0.7633816309424021,Tamil Nadu
234,11.88722942524369,78.42444071794445,0.7175204157386785,Tamil Nadu
235,11.878818361786116,78.45616305035404,0.7241101950532878,Tamil Nadu
236,11.871649632061484,78.41199355791186,0.8104150943396227,Tamil Nadu
237,11.88860113486106,78.42165708327445,0.7924239850518091,Tamil Nadu
238,11.899138058562295,78.4532756557635,0.8348475016223231,Tamil Nadu
239,11.878128467051946,78.43520855784914,0.7501749475157453,Tamil Nadu
240,11.861702852107388,78.45260259333689,0.762865975631933,Tamil Nadu
241,11.893508215199452,78.43743064992105,0.6696950032446464,Tamil Nadu
242,11.88631337468812,78.44779895486623,0.7278868813825609,Tamil Nadu
243,11.870138514945827,78.4384590606022,0.7512437810945274,Tamil Nadu
244,11.895291549357545,78.47224896702977,0.7469738383443967,Tamil Nadu
245,11.89673343433164,78.45841964783975,0.3893967093235831,Tamil Nadu
246,11.90302324844452,78.47703635466134,0.8279927867942849,Tamil Nadu
247,11.873202369535887,78.4534096955389,0.7144808743169399,Tamil Nadu
248,11.893562190411243,78.4441325189325,0.6375046142488003,Tamil Nadu
249,11.865217854646987,78.47704145199846,0.8047529492220893,Tamil Nadu
250,11.867154587931225,78.42905270997065,0.6528058134840533,Tamil Nadu
251,11.88922139959506,78.4577985855585,0.844528800132035,Tamil Nadu
252,11.867344801007528,78.47678447382539,0.7643323337449286,Tamil Nadu
253,11.878380504548907,78.45500789180163,0.6720282463711259,Tamil Nadu
254,11.88819644449144,78.47258413818628,0.6833475661827498,Tamil Nadu
255,11.898477481114654,78.47409827818426,0.806713150640506,Tamil Nadu
256,11.865008461485235,78.45492832749443,0.5604170227311571,Tamil Nadu
257,11.890651030881548,78.47666809623813,0.7783495680941004,Tamil Nadu
258,11.872645455251854,78.46554669596175,0.7848433400216083,Tamil Nadu
259,11.873195197742572,78.46730234082025,0.7866178428761651,Tamil Nadu
260,11.883352910579909,78.46309292792779,0.782103825136612,Tamil Nadu
261,11.88399815657524,78.47072084242542,0.8199893484821587,Tamil Nadu
262,11.890830315857697,78.45781763303398,0.8412911903160726,Tamil Nadu
263,11.899685572537068,78.43055917710299,0.7815373299006988,Tamil Nadu
264,11.896846590752851,78.4782930485615,0.7987490802060339,Tamil Nadu
265,11.87379911780241,78.41405115888134,0.7171288743882545,Tamil Nadu
266,11.89167497256222,78.42587110139691,0.6468571428571429,Tamil Nadu
267,11.886616048114009,78.48065094364784,0.5276579050608081,Tamil Nadu
268,11.884916571143576,78.47205492013306,0.8552263010467345,Tamil Nadu
269,11.884092783774724,78.41292429073135,0.7838436001475471,Tamil Nadu
270,11.876031748325229,78.47855623864038,0.8211180124223603,Tamil Nadu
271,11.884781402749006,78.43875567876958,0.7494342727833779,Tamil Nadu
272,11.89994800114676,78.4663389369908,0.7809505917715573,Tamil Nadu
273,11.894748266625951,78.41838960892338,0.7577438742487286,Tamil Nadu
274,11.886251412194389,78.45758973449547,0.7926926131850676,Tamil Nadu
275,11.876577633823588,78.46391449792397,0.7653455429961368,Tamil Nadu
276,11.867477733552493,78.47615187243373,0.7842411422527763,Tamil Nadu
277,11.883864853490582,78.47164345536544,0.842320819112628,Tamil Nadu
278,11.889136236704031,78.46411290630907,0.8036015027853349,Tamil Nadu
279,11.87345556817136,78.4235278012481,0.7871591908531222,Tamil Nadu
280,11.863730336387766,78.44527890782572,0.7904085257548845,Tamil Nadu
281,11.86239709796998,78.43137076007635,0.808548103089483,Tamil Nadu
282,11.89305990098858,78.48005948021064,0.7723364485981309,Tamil Nadu
283,11.868812533728534,78.45498668928867,0.8150205264428881,Tamil Nadu
284,11.86674973371535,78.46083591634077,0.7613227893601725,Tamil Nadu
285,11.882789210142196,78.44548644750557,0.7692307692307693,Tamil Nadu
286,11.864043356737431,78.46447368058095,0.7753371868978806,Tamil Nadu
287,11.8684479034241,78.44477731433109,0.7340374459913587,Tamil Nadu
288,11.89977915036062,78.44274207436058,0.6112173358827279,Tamil Nadu
289,11.891211873217554,78.45021805323034,0.7946692991115498,Tamil Nadu
290,11.89949305159833,78.44471512765172,0.7333817653468943,Tamil Nadu
291,11.89360802356821,78.46522702450409,0.7871485943775101,Tamil Nadu
292,11.881235111148856,78.41041337632427,0.8343969368219528,Tamil Nadu
293,11.883282796370784,78.46814843797041,0.7165991902834008,Tamil Nadu
294,11.870253385803329,78.46656290807348,0.7768453175662788,Tamil Nadu
295,11.867765047028335,78.45254802905717,0.3651063829787234,Tamil Nadu
296,11.867016739995307,78.42146251209593,0.7714032234215584,Tamil Nadu
297,11.863405370517224,78.41042311077804,0.7576433121019108,Tamil Nadu
298,11.86855404438442,78.42453415083266,0.7490361895286656,Tamil Nadu
299,11.872088015435214,78.47344601870694,0.8053380782918149,Tamil Nadu
300,11.88005003669946,78.47593006270873,0.8402070750647109,Tamil Nadu
301,11.87057700843994,78.47773551905088,0.8279077376083755,Tamil Nadu
302,11.880318203479645,78.47421550916911,0.8131356662644371,Tamil Nadu
303,11.86638160897899,78.48010820459233,0.8160495895459876,Tamil Nadu
304,11.892704405162856,78.42494089717802,0.7986788298206984,Tamil Nadu
305,11.878644326956262,78.43549850745808,0.8156565656565656,Tamil Nadu
306,11.864984336033189,78.47175743297159,0.7054525014052838,Tamil Nadu
307,11.86742735879028,78.43471427237832,0.7460760376700384,Tamil Nadu
308,11.874720535592452,78.42248106440577,0.7846635367762128,Tamil Nadu
309,11.87329718321288,78.45528376973623,0.7469214437367303,Tamil Nadu
310,11.903052648919171,78.4214463105698,0.7878533445284075,Tamil Nadu
311,11.865331948296175,78.4169765509245,0.6462043921839875,Tamil Nadu
312,11.87021799907945,78.47163964724713,0.746278604754499,Tamil Nadu
313,11.895980465963758,78.4567755121074,0.7941365979381443,Tamil Nadu
314,11.899369208497369,78.47333703395427,0.8352813264474042,Tamil Nadu
315,11.876588225337969,78.4601450270744,0.7732366512854317,Tamil Nadu
316,11.870662255890345,78.4808311794793,0.8230540195661421,Tamil Nadu
317,11.876945097276582,78.4643097449589,0.7437940545510267,Tamil Nadu
318,11.881876636591697,78.46727910679327,0.8293650793650794,Tamil Nadu
319,11.867315774883457,78.45917185331585,0.7361301705547931,Tamil Nadu
320,11.89549438714782,78.44444285146454,0.742169925592663,Tamil Nadu
321,11.887446141783355,78.43902055447559,0.8483443708609272,Tamil Nadu
322,11.862427755408907,78.43138600313061,0.808548103089483,Tamil Nadu
323,11.88203484609186,78.43655372497568,0.7805710181361106,Tamil Nadu
324,11.8703023412402,78.4470180567843,0.5043280182232346,Tamil Nadu
325,11.900637635909128,78.46737483393999,0.7787176450685164,Tamil Nadu
326,11.884810316748728,78.45427615405967,0.8306912894263768,Tamil Nadu
327,11.888784449005673,78.4386206586188,0.7575525812619502,Tamil Nadu
328,11.902720376632509,78.44755730118058,0.7695978186775733,Tamil Nadu
329,11.863051251529868,78.43666008174927,0.7131637995512341,Tamil Nadu
330,11.885347431760374,78.42851623487199,0.8127920090220718,Tamil Nadu
331,11.900866534403322,78.44522406121048,0.7937331396555302,Tamil Nadu
332,11.867790180636048,78.47719135761386,0.7865223807181505,Tamil Nadu
333,11.874812121392123,78.41815592109486,0.7143946615824595,Tamil Nadu
334,11.862728509227445,78.48073427567778,0.7665214233841685,Tamil Nadu
335,11.891119342570908,78.48147542642094,0.5377268385864374,Tamil Nadu
336,11.867171490583134,78.45197544797186,0.3733882030178326,Tamil Nadu
337,11.886341172316872,78.46166670268,0.7538216560509554,Tamil Nadu
338,11.901516573256217,78.4478876879786,0.7236461746001156,Tamil Nadu
339,11.89207189139468,78.45423650475114,0.8184653774173425,Tamil Nadu
340,11.8876347328594,78.42746593905352,0.8083903600119012,Tamil Nadu
341,11.892868491640352,78.47414322722459,0.8233204134366925,Tamil Nadu
342,11.867747783786376,78.463436654407,0.8036522030490869,Tamil Nadu
343,11.862826580601135,78.42241451677779,0.7695514423878606,Tamil Nadu
344,11.87439834603207,78.41577676579385,0.7838692672641012,Tamil Nadu
345,11.869827456475411,78.46667461289368,0.7247639796659404,Tamil Nadu
346,11.891295487189648,78.42925539572373,0.7793137496914342,Tamil Nadu
347,11.89508750182355,78.45422104587627,0.7667464114832536,Tamil Nadu
348,11.87857392959037,78.47876123453041,0.7876140555231994,Tamil Nadu
349,11.868222731647071,78.45929659127128,0.7746325530756668,Tamil Nadu
350,11.872191363038132,78.42117569614553,0.6993736951983298,Tamil Nadu
351,11.90117798161003,78.47191895981372,0.7463296503708188,Tamil Nadu
352,11.863758320249136,78.43982336102893,0.7445352594563771,Tamil Nadu
353,11.898787308035464,78.45881780732795,0.5252556554074992,Tamil Nadu
354,11.89174914953366,78.44623085875733,0.8232678769914783,Tamil Nadu
355,11.879105843136005,78.44419469246567,0.7910306845003934,Tamil Nadu
356,11.874076033382275,78.44939295865936,0.7288411458333334,Tamil Nadu
357,11.872907144332272,78.41509051020317,0.6725978647686833,Tamil Nadu
358,11.884034294124312,78.41928290707675,0.7813529753828261,Tamil Nadu
359,11.896440399496411,78.43601530916114,0.7791210586505473,Tamil Nadu
360,11.864507276717507,78.47531830001368,0.7979597619722301,Tamil Nadu
361,11.865804172773796,78.47226752649868,0.8418433179723502,Tamil Nadu
362,11.884218148153352,78.47191777521947,0.8372404554588078,Tamil Nadu
363,11.867631995549226,78.44834095449724,0.2951517648674632,Tamil Nadu
364,11.901451255185767,78.44905533192215,0.7414134148534436,Tamil Nadu
365,11.89709626277614,78.4131174717589,0.5061815612857647,Tamil Nadu
366,11.86408185332182,78.47392728282338,0.8046082949308756,Tamil Nadu
367,11.863936895537556,78.45455834983152,0.3660762211486849,Tamil Nadu
368,11.88634594959298,78.43715874596067,0.7843478260869565,Tamil Nadu
369,11.877688751023234,78.47588151061498,0.8278324647751399,Tamil Nadu
370,11.868846597217576,78.45205070121489,0.4765251616530784,Tamil Nadu
371,11.894659868119035,78.42947346724618,0.8352199455509385,Tamil Nadu
372,11.886610499176657,78.45321577120431,0.8533627342888643,Tamil Nadu
373,11.884939952150807,78.41590415187822,0.7754579476068545,Tamil Nadu
374,11.88675989109643,78.41785323693342,0.7867010499171118,Tamil Nadu
375,11.877863052803624,78.41500375901978,0.8236824983734548,Tamil Nadu
376,11.876965024134584,78.44321085865809,0.7763937414552635,Tamil Nadu
377,11.88912471831184,78.47989001873727,0.7405620210048255,Tamil Nadu
378,11.881161416995996,78.4227409131485,0.764179104477612,Tamil Nadu
379,11.900432150960947,78.45247616481731,0.7950617283950617,Tamil Nadu
380,11.895437262844425,78.44347304774091,0.8076796849360026,Tamil Nadu
381,11.888683718266815,78.46811431945997,0.8642464527674805,Tamil Nadu
382,11.880592190495976,78.42409037210591,0.7220679624487637,Tamil Nadu
383,11.897569136804648,78.41706202445528,0.7767660910518054,Tamil Nadu
384,11.870454287912796,78.43996343582741,0.3110674525212835,Tamil Nadu
385,11.867211283435433,78.4332662519181,0.6247334754797441,Tamil Nadu
386,11.871748660452058,78.47400953222682,0.8355475763016158,Tamil Nadu
387,11.880466575231878,78.45835715251488,0.8137624101335159,Tamil Nadu
388,11.870077087431527,78.43846591559274,0.7735201601372605,Tamil Nadu
389,11.877812988035926,78.46723164914363,0.832026875699888,Tamil Nadu
390,11.897727073166145,78.458146519427,0.6216386224249095,Tamil Nadu
391,11.87174376606345,78.43109101430339,0.7814432989690722,Tamil Nadu
392,11.889347082687388,78.45180482087821,0.7882579403272377,Tamil Nadu
393,11.892044852402751,78.41417792355826,0.7898328215626066,Tamil Nadu
394,11.892531779664663,78.41791586526696,0.8039492242595204,Tamil Nadu
395,11.870986209531612,78.43241153305948,0.8131191432396252,Tamil Nadu
396,11.896316856748363,78.41517377748977,0.7717409309259566,Tamil Nadu
397,11.871832141931794,78.4735346624531,0.8279725334297072,Tamil Nadu
398,11.901381648622712,78.41926721787678,0.6139420344762265,Tamil Nadu
399,11.896293074664465,78.46032362142849,0.4697742170429716,Tamil Nadu
400,11.899728556785432,78.44509612297983,0.7844857844857844,Tamil Nadu
401,11.903542192610212,78.4681803828936,0.8204919367975241,Tamil Nadu
402,11.902463100224018,78.42244408343937,0.7331670822942643,Tamil Nadu
403,11.897076418998855,78.47278310919265,0.8387275242047026,Tamil Nadu
404,11.875496852101856,78.46611316668634,0.2438704847463971,Tamil Nadu
405,11.889640268958283,78.419861642243,0.8305679642629228,Tamil Nadu
406,11.89939986875458,78.47997110271181,0.7531930879038317,Tamil Nadu
407,11.87418362886535,78.47023984922247,0.8322940597308829,Tamil Nadu
408,11.868623115060752,78.42180402013946,0.7810410002907822,Tamil Nadu
409,11.876090658035524,78.41215813119092,0.8337617823479005,Tamil Nadu
410,11.86347198803432,78.44625623310252,0.7110416323844002,Tamil Nadu
411,11.871875539693658,78.46046853655913,0.7965672990063234,Tamil Nadu
412,11.897606900381348,78.43090412081973,0.8267912772585669,Tamil Nadu
413,11.862704444237623,78.41987590684558,0.6138814016172507,Tamil Nadu
414,11.89336053170526,78.43891152469416,0.7964244521337946,Tamil Nadu
415,11.872839481241837,78.43140956149504,0.8280944306769271,Tamil Nadu
416,11.87139672375827,78.47648674219025,0.8256863829003133,Tamil Nadu
417,11.9001096931023,78.42548437085401,0.8122985370691793,Tamil Nadu
418,11.902632102497476,78.42605477942773,0.6879526003949967,Tamil Nadu
419,11.882945509200654,78.42288057342044,0.696042216358839,Tamil Nadu
420,11.897224799377408,78.41196347107572,0.7774476704929102,Tamil Nadu
421,11.902295839016206,78.46822456633572,0.7134894091415831,Tamil Nadu
422,11.903222379675796,78.45930150302385,0.654232669051269,Tamil Nadu
423,11.866536453348116,78.46721322158554,0.7430213464696224,Tamil Nadu
424,11.87371380597585,78.45479123539687,0.7987353206865402,Tamil Nadu
425,11.900144641121416,78.4603112579852,0.477879213483146,Tamil Nadu
426,11.888464648509132,78.44509175322224,0.7327605697490391,Tamil Nadu
427,11.902200647639331,78.4645187203658,0.792939686560076,Tamil Nadu
428,11.89609850486624,78.44847957055664,0.8320510721885742,Tamil Nadu
429,11.896663496545804,78.45426749237777,0.7485462201724483,Tamil Nadu
430,11.87641081737122,78.42054233274033,0.7988338192419825,Tamil Nadu
431,11.865855395524951,78.43152192806252,0.7301464919043947,Tamil Nadu
432,11.883172036107773,78.46056855744682,0.778485491861288,Tamil Nadu
433,11.895191015151353,78.44152217011198,0.757555629359017,Tamil Nadu
434,11.898368816246377,78.41252012942468,0.7891337919415976,Tamil Nadu
435,11.88539855314196,78.42621415031854,0.6878842676311031,Tamil Nadu
436,11.902337749233938,78.46213500249459,0.6525690318070605,Tamil Nadu
437,11.898992707905174,78.43801797770065,0.748036991798988,Tamil Nadu
438,11.89883915080403,78.46373831530676,0.7330151600224593,Tamil Nadu
439,11.87695102213242,78.46564152057749,0.7191911484166349,Tamil Nadu
440,11.87361587616707,78.41994782829099,0.8018819503849444,Tamil Nadu
441,11.874039384526183,78.41624405907886,0.7109943411479386,Tamil Nadu
442,11.879092813359833,78.43985404495211,0.7732836615220862,Tamil Nadu
443,11.867035988908231,78.43501404613826,0.769893899204244,Tamil Nadu
444,11.867190876841036,78.42553624874702,0.6518761167361524,Tamil Nadu
445,11.89322039372691,78.44064389834858,0.7278302668655727,Tamil Nadu
446,11.870389149435908,78.4262479222383,0.766497461928934,Tamil Nadu
447,11.881469935185326,78.45706847487254,0.762589928057554,Tamil Nadu
448,11.875697674357385,78.41358304592642,0.8001352722353737,Tamil Nadu
449,11.879429711906347,78.45763170986653,0.7302703547429286,Tamil Nadu
450,11.866199315962357,78.45804764124607,0.6701665459811731,Tamil Nadu
451,11.889562912705648,78.48035562695276,0.4512738853503185,Tamil Nadu
452,11.876280212126014,78.42838257869171,0.7125382262996942,Tamil Nadu
453,11.887317883505986,78.4700725821728,0.7716085843670014,Tamil Nadu
454,11.894987737784168,78.43158457108707,0.7574609189957366,Tamil Nadu
455,11.869675281268778,78.41522977330266,0.8010243675306534,Tamil Nadu
456,11.879605007865964,78.47405946133506,0.8072699734948883,Tamil Nadu
457,11.875455929989265,78.41615642765608,0.8118888716436443,Tamil Nadu
458,11.862967323713816,78.48023952765585,0.8014056586772391,Tamil Nadu
459,11.878495387486884,78.47342495728107,0.7969044922612306,Tamil Nadu
460,11.90072304434553,78.43935993385125,0.6198347107438017,Tamil Nadu
461,11.887042713605396,78.44570634265872,0.717305625223934,Tamil Nadu
462,11.888735048612004,78.43526187992836,0.5838546922300706,Tamil Nadu
463,11.865836037807084,78.46661361419,0.7622115984202869,Tamil Nadu
464,11.878815385634088,78.4371955898435,0.667574931880109,Tamil Nadu
465,11.89126016248122,78.4548564698015,0.8415178571428571,Tamil Nadu
466,11.902340330242724,78.45227311216362,0.7358754591569004,Tamil Nadu
467,11.903070449574162,78.43625202571926,0.6136929460580913,Tamil Nadu
468,11.896672203312054,78.48051112722167,0.8293423271500843,Tamil Nadu
469,11.867935729077283,78.42302377604393,0.7752774352651048,Tamil Nadu
470,11.893193297764524,78.47392824827175,0.7672162948593598,Tamil Nadu
471,11.89612294236663,78.44288235553721,0.7823620422898401,Tamil Nadu
472,11.865372138896827,78.47488254037337,0.8393437548367125,Tamil Nadu
473,11.89469604638836,78.47341950340525,0.8016402822811367,Tamil Nadu
474,11.867625836941889,78.44808239656734,0.4695340501792114,Tamil Nadu
475,11.888921109209264,78.47469483651555,0.8474240422721269,Tamil Nadu
476,11.878142019960412,78.47330476336448,0.8341445826572922,Tamil Nadu
477,11.870259631503044,78.443236798489,0.7774988231602071,Tamil Nadu
478,11.885633280067523,78.41261968019096,0.8024049398765031,Tamil Nadu
479,11.883481851024468,78.42248457532989,0.7111494433119021,Tamil Nadu
480,11.901908412866764,78.45371378020853,0.7248908296943232,Tamil Nadu
481,11.872045201031566,78.44650502422706,0.4519689737470167,Tamil Nadu
482,11.886568486285352,78.45412578964127,0.7934205871949063,Tamil Nadu
483,11.870232309422406,78.42214977243198,0.7953922990172386,Tamil Nadu
484,11.893142478470835,78.42215739194594,0.5516929205142133,Tamil Nadu
485,11.873462959290222,78.46901427967421,0.7978436657681941,Tamil Nadu
486,11.86836137174629,78.46147369248759,0.859447567831826,Tamil Nadu
487,11.873810601300868,78.47197957353208,0.8773219297073366,Tamil Nadu
488,11.901407851280512,78.44972728911041,0.6998450813323005,Tamil Nadu
489,11.89352877963582,78.44299052026041,0.6388461538461538,Tamil Nadu
490,11.871933905354592,78.44737196771793,0.5349240780911063,Tamil Nadu
491,11.864016778697566,78.44994089174084,0.6197630742559954,Tamil Nadu
492,11.862577510805334,78.42824062472286,0.6590662323561346,Tamil Nadu
493,11.883371650114826,78.41346648425517,0.7833492822966507,Tamil Nadu
494,11.90184774503411,78.41801835275152,0.7567003132613992,Tamil Nadu
495,11.896816431190937,78.41761125725002,0.7050128534704371,Tamil Nadu
496,11.876738522926509,78.44998426134026,0.7754552652414886,Tamil Nadu
497,11.879868387855256,78.43327087193205,0.750354609929078,Tamil Nadu
498,11.868565756645571,78.42213989159426,0.7713945527608275,Tamil Nadu
499,11.868971188394312,78.45553112366285,0.819838056680162,Tamil Nadu
500,11.89932170559882,78.47060558348585,0.7780723849927085,Tamil Nadu
501,11.864521217270466,78.43115731094564,0.780416395575797,Tamil Nadu
502,11.86265560692024,78.48036443995834,0.4108398841539098,Tamil Nadu
503,11.902809921297097,78.42127839546686,0.760733384262796,Tamil Nadu
504,11.879552994387057,78.43438304138525,0.8160880609652836,Tamil Nadu
505,11.881029564509484,78.47367691825002,0.8336061913975293,Tamil Nadu
506,11.863716149562023,78.44011446707265,0.7467116357504215,Tamil Nadu
507,11.902007493696994,78.41597487774304,0.5887417218543046,Tamil Nadu
508,11.90369745416012,78.42296443133478,0.7630303920129202,Tamil Nadu
509,11.87976852918626,78.45624631408366,0.768595041322314,Tamil Nadu
510,11.873504695237004,78.41395695876624,0.7299984932951635,Tamil Nadu
511,11.901576023637876,78.42352252583672,0.7238341181831992,Tamil Nadu
512,11.884153207769671,78.47377472065396,0.3640073167299845,Tamil Nadu
513,11.879998956873523,78.44430434651964,0.7460189477927837,Tamil Nadu
514,11.864923369099529,78.43705150158692,0.7407479170703352,Tamil Nadu
515,11.904344922240751,78.4320616772171,0.6520076481835564,Tamil Nadu
516,11.87020754507482,78.46273731377504,0.7139626907857547,Tamil Nadu
517,11.882623996378182,78.42808662814886,0.7698847534479502,Tamil Nadu
518,11.873982966298902,78.42706447414226,0.8010532475131656,Tamil Nadu
519,11.866609497247692,78.41573094887654,0.6766847115923091,Tamil Nadu
520,11.891908698662457,78.41152612447141,0.8068828213879409,Tamil Nadu
521,11.877639358156806,78.44528590316442,0.7863187588152327,Tamil Nadu
522,11.8733244500428,78.4372492609415,0.8392949714878175,Tamil Nadu
523,11.89148330576937,78.4636167953513,0.7411928845483083,Tamil Nadu
524,11.872563688827627,78.46359348222211,0.7776037588097102,Tamil Nadu
525,11.865792129238102,78.45077452064993,0.778396984100967,Tamil Nadu
526,11.875642594301713,78.46359963513491,0.6834136269786648,Tamil Nadu
527,11.8667098300901,78.46061768563428,0.7255813953488373,Tamil Nadu
528,11.901056019199006,78.47581870009861,0.8188909615058504,Tamil Nadu
529,11.874649299457593,78.47964114777528,0.84514571477841,Tamil Nadu
530,11.885815214479363,78.46163492245391,0.7401304497082046,Tamil Nadu
531,11.900178932834445,78.42915801352012,0.8024534013063566,Tamil Nadu
532,11.8818265332733,78.47795424568704,0.7354170452480465,Tamil Nadu
533,11.885540720179735,78.42581383356784,0.6859403530127814,Tamil Nadu
534,11.902099862393412,78.42652275810899,0.6302765647743813,Tamil Nadu
535,11.88504523336927,78.46009235747223,0.8122685557881179,Tamil Nadu
536,11.8843440474241,78.44394499684896,0.7140058765915769,Tamil Nadu
537,11.895017914060157,78.42084452687546,0.7597326649958229,Tamil Nadu
538,11.877171808898586,78.42534607168469,0.8045646661031276,Tamil Nadu
539,11.885126518116088,78.48172208594717,0.5290574060949681,Tamil Nadu
540,11.865431020920932,78.47097507101601,0.7935828877005348,Tamil Nadu
541,11.888889893906171,78.45994907250947,0.7691756272401433,Tamil Nadu
542,11.900329800231988,78.4584644418913,0.7940040463490896,Tamil Nadu
543,11.903434488357956,78.42488868487416,0.7532874139010645,Tamil Nadu
544,11.874531768637146,78.45654664539599,0.7916406737367436,Tamil Nadu
545,11.881946090321946,78.41211094857618,0.8004807692307693,Tamil Nadu
546,11.891471166706465,78.42815758811157,0.7282625364207943,Tamil Nadu
547,11.871115012976322,78.48285595646784,0.8041288191577209,Tamil Nadu
548,11.889542729490548,78.44665742992221,0.6787890701788873,Tamil Nadu
549,11.896597209870686,78.43404346795421,0.776898493380003,Tamil Nadu
550,11.880397736292526,78.41352503901035,0.8158249158249158,Tamil Nadu
551,11.86288155775721,78.45061566596098,0.5407188046843452,Tamil Nadu
552,11.8994337221166,78.41328611520271,0.6936104695919938,Tamil Nadu
553,11.863015647487282,78.42899826086307,0.7799442896935933,Tamil Nadu
554,11.895193114232873,78.43994999905547,0.765511214681037,Tamil Nadu
555,11.887746294986092,78.46186388894444,0.7328710582796764,Tamil Nadu
556,11.897199026057107,78.47785695651339,0.7961871750433276,Tamil Nadu
557,11.86458864346644,78.4404297157712,0.7576325154523319,Tamil Nadu
558,11.892158992509506,78.42457962033924,0.7568472906403941,Tamil Nadu
559,11.904238437524931,78.43056454713167,0.7875156054931336,Tamil Nadu
560,11.895717162676991,78.42597392963646,0.6423948220064725,Tamil Nadu
561,11.892639846474887,78.45182347521524,0.7693738375697459,Tamil Nadu
562,11.871235790062537,78.47768369929712,0.8230637901598634,Tamil Nadu
563,11.895037635906286,78.42572860077371,0.7935724763301774,Tamil Nadu
564,11.895719601861602,78.44093739582216,0.7082601054481547,Tamil Nadu
565,11.873743635313824,78.46642755357844,0.7660399880632647,Tamil Nadu
566,11.903573849371526,78.45824033500662,0.8147892190739461,Tamil Nadu
567,11.899053401495808,78.41788871893485,0.7676031911203607,Tamil Nadu
568,11.877602902221255,78.4148100215629,0.8088829071332436,Tamil Nadu
569,11.889202447163733,78.44938167591876,0.690028152318862,Tamil Nadu
570,11.869600243215451,78.42557069734224,0.7699805068226121,Tamil Nadu
571,11.899260504447035,78.44830388730414,0.7620519159456118,Tamil Nadu
572,11.894723954161934,78.46982320906784,0.8384463833380242,Tamil Nadu
573,11.871434994274493,78.43051402397694,0.747842170160296,Tamil Nadu
574,11.86812443152816,78.43170754290867,0.7273390745876515,Tamil Nadu
575,11.88374033479206,78.46030170740968,0.7743509662307242,Tamil Nadu
576,11.875272630638346,78.4324287420365,0.7680010231487403,Tamil Nadu
577,11.877041155685104,78.4167387715835,0.7844675740592474,Tamil Nadu
578,11.872170011595196,78.44394779149611,0.7708558211256746,Tamil Nadu
579,11.879440721721652,78.46376551463165,0.8069179143004647,Tamil Nadu
580,11.86810636914838,78.46153260490775,0.8368271954674221,Tamil Nadu
581,11.862104250791631,78.42623338558488,0.5961346217927358,Tamil Nadu
582,11.899558109850648,78.42020011835957,0.7989617744218971,Tamil Nadu
583,11.8779996403072,78.4827356665645,0.8204930662557781,Tamil Nadu
584,11.891835854987027,78.42839303163888,0.7908025247971145,Tamil Nadu
585,11.900293628890244,78.41276760023693,0.6234887737478411,Tamil Nadu
586,11.884301214298016,78.46194129048753,0.7760078023407022,Tamil Nadu
587,11.89494589083272,78.44851329575006,0.8226862502211998,Tamil Nadu
588,11.87427817518907,78.42338058175395,0.7803638747746271,Tamil Nadu
589,11.866479208320184,78.46657605594619,0.7542634066159852,Tamil Nadu
590,11.8774213449849,78.43579413066026,0.7611940298507462,Tamil Nadu
591,11.894076169490551,78.41809359888667,0.7288419641360818,Tamil Nadu
592,11.887785865522464,78.46733690566987,0.8176391583345769,Tamil Nadu
593,11.896948962741602,78.45363601936722,0.7887623093261248,Tamil Nadu
594,11.90236494734202,78.45201472739133,0.734375,Tamil Nadu
595,11.877913693084531,78.46979841807844,0.8322875071306332,Tamil Nadu
596,11.889774177555967,78.41014896930244,0.8127009646302251,Tamil Nadu
597,11.881152913574676,78.42440383277311,0.8084313163177517,Tamil Nadu
598,11.88240019318891,78.45713837538717,0.7748830995323981,Tamil Nadu
599,11.88263225464059,78.42030531803036,0.7530958277767194,Tamil Nadu
600,11.867865432986568,78.45047288829973,0.4184811471056824,Tamil Nadu
601,11.90078171103612,78.44317368495926,0.6895121469484495,Tamil Nadu
602,11.893317299376148,78.41747222699736,0.7819672131147541,Tamil Nadu
603,11.87928750835187,78.42440016280433,0.7306332369013179,Tamil Nadu
604,11.881716448856702,78.4814260640127,0.81232822928936,Tamil Nadu
605,11.886218619793292,78.4221011826646,0.7665615141955836,Tamil Nadu
606,11.88210843065044,78.44107874774976,0.6930258876785967,Tamil Nadu
607,11.870242383921603,78.43032867958227,0.7348142054024407,Tamil Nadu
608,11.90122368799663,78.43610927627577,0.794912813949768,Tamil Nadu
609,11.87771296615715,78.45681009598385,0.7454890788224121,Tamil Nadu
610,11.897073425768214,78.43185040754761,0.8168850072780204,Tamil Nadu
611,11.887166469279832,78.43473713106215,0.8250666666666666,Tamil Nadu
612,11.863405451299665,78.42733347407403,0.7454100367197063,Tamil Nadu
613,11.901304981131473,78.43154783794529,0.4235167206040992,Tamil Nadu
614,11.886055087114563,78.43659534275011,0.8200746415242585,Tamil Nadu
615,11.885963745244226,78.41937654300774,0.5922410235245563,Tamil Nadu
616,11.882649411570188,78.41618336637859,0.7907181930474678,Tamil Nadu
617,11.892950369424495,78.43616834549913,0.6124301675977654,Tamil Nadu
618,11.893609679616434,78.4223547402056,0.6958592891168927,Tamil Nadu
619,11.866615631739428,78.45224341702124,0.4904697072838666,Tamil Nadu
620,11.89843505920558,78.43962643734515,0.7342739564961788,Tamil Nadu
621,11.880821793204111,78.41256188205445,0.7973997833152763,Tamil Nadu
622,11.877609655988897,78.42940074693354,0.7811857116139892,Tamil Nadu
623,11.878972278902356,78.4696537327462,0.853542840201601,Tamil Nadu
624,11.897311499397,78.46158266417017,0.6076045627376426,Tamil Nadu
625,11.892881227292865,78.43437681040295,0.7145537389439829,Tamil Nadu
626,11.862188070220483,78.45897443735844,0.8484521792699831,Tamil Nadu
627,11.875013998837078,78.43008926445383,0.7853025936599424,Tamil Nadu
628,11.90217892017543,78.42901379688865,0.7580694743313864,Tamil Nadu
629,11.880100702288509,78.42541545709811,0.6391998531840705,Tamil Nadu
630,11.900336197859549,78.42245344130723,0.707355991702569,Tamil Nadu
631,11.903154886075088,78.41702855566373,0.707687440683328,Tamil Nadu
632,11.867534872804736,78.42737126546601,0.5228200371057514,Tamil Nadu
633,11.88543201086015,78.47007031884802,0.8169219547775346,Tamil Nadu
634,11.88088132459974,78.4793016331458,0.7701281315739147,Tamil Nadu
635,11.898662177675938,78.46349348965316,0.3989873417721519,Tamil Nadu
636,11.902489267477344,78.46183632316213,0.5840634815672012,Tamil Nadu
637,11.883718040252546,78.4725632603483,0.2581643176349261,Tamil Nadu
638,11.86327063371374,78.44378480077509,0.7338069368992896,Tamil Nadu
639,11.885840105179954,78.44803798421357,0.6832878846903,Tamil Nadu
640,11.894376092324062,78.43382304132261,0.7429665390377892,Tamil Nadu
641,11.884977356065932,78.46869095901029,0.8141329125021918,Tamil Nadu
642,11.88942358529451,78.41361213663336,0.7966101694915254,Tamil Nadu
643,11.878915487643162,78.45306728207093,0.6792575005396072,Tamil Nadu
644,11.87680285371705,78.45438558655304,0.7173421106768155,Tamil Nadu
645,11.86655338719209,78.45482937006075,0.5329140461215933,Tamil Nadu
646,11.90028482334028,78.45666948181731,0.8148482116020439,Tamil Nadu
647,11.869511957260778,78.41125823797032,0.7502380628485921,Tamil Nadu
648,11.874893249906988,78.45906617716263,0.771759549154665,Tamil Nadu
649,11.873581658099283,78.47607870838928,0.8397150489759573,Tamil Nadu
650,11.874170017701378,78.45583102707806,0.7560619872379216,Tamil Nadu
651,11.865456952408325,78.47101873787719,0.8059993478969677,Tamil Nadu
652,11.889251554839047,78.45017548980412,0.820130340333092,Tamil Nadu
653,11.862678022575103,78.42497300130854,0.7143623441062089,Tamil Nadu
654,11.89647344614274,78.43707171669126,0.7888522312901546,Tamil Nadu
655,11.884102834512026,78.43820291223004,0.777253763830945,Tamil Nadu
656,11.895471999614063,78.45263354954581,0.7789022966134683,Tamil Nadu
657,11.902092662530722,78.48078450218784,0.8277955271565495,Tamil Nadu
658,11.89534454370288,78.4501671703627,0.8107986163332832,Tamil Nadu
659,11.890400483861,78.43779808188226,0.4874902267396403,Tamil Nadu
660,11.871660701083105,78.41212557449973,0.8174544376944732,Tamil Nadu
661,11.902857196079587,78.47787752895938,0.8299909432009316,Tamil Nadu
662,11.87320270576414,78.46193925941613,0.6409411764705882,Tamil Nadu
663,11.862321154614015,78.41314385185149,0.6252095206168287,Tamil Nadu
664,11.86485602610776,78.43825056304904,0.775619906363794,Tamil Nadu
665,11.892400431125454,78.43779074539192,0.7148887806462088,Tamil Nadu
666,11.90229685813804,78.47269440716028,0.746606334841629,Tamil Nadu
667,11.880628383871985,78.41051856585271,0.8303496737493726,Tamil Nadu
668,11.874455720663294,78.44788799296741,0.6425564485265978,Tamil Nadu
669,11.904349963372756,78.42670056015146,0.7569745815251085,Tamil Nadu
670,11.863521801200648,78.41194721611927,0.5507367250486517,Tamil Nadu
671,11.878286868990298,78.46913331283271,0.7920252942209731,Tamil Nadu
672,11.888834995190612,78.43578301997606,0.6406210231611097,Tamil Nadu
673,11.877413734799685,78.46429554315938,0.7022900763358778,Tamil Nadu
674,11.888071216033545,78.43294339538383,0.7598261184568013,Tamil Nadu
675,11.88207525527984,78.48156542606384,0.8077140169332079,Tamil Nadu
676,11.885307338912812,78.45352932758574,0.7744217166889696,Tamil Nadu
677,11.87224005381692,78.48182634413247,0.7710309930423782,Tamil Nadu
678,11.888407757197085,78.48106542302538,0.5371446040966066,Tamil Nadu
679,11.877456496412805,78.48280549637666,0.8296918767507003,Tamil Nadu
680,11.879831450166886,78.48079674584424,0.7688976377952756,Tamil Nadu
681,11.878144082816275,78.4396336103345,0.7659129773893216,Tamil Nadu
682,11.892741849365157,78.41123868901896,0.8214238190286095,Tamil Nadu
683,11.886517633294815,78.42147475877263,0.7693808763526698,Tamil Nadu
684,11.876360400238276,78.4296909264071,0.7828634199926767,Tamil Nadu
685,11.877772127431914,78.47121225587948,0.837444279346211,Tamil Nadu
686,11.865108656337382,78.46098383171575,0.7582262889319021,Tamil Nadu
687,11.87312015696092,78.41129990829741,0.8368121442125237,Tamil Nadu
688,11.892368675311,78.45586667669984,0.816701937164252,Tamil Nadu
689,11.897805859187391,78.47819840937373,0.8156956004756243,Tamil Nadu
690,11.863793965522396,78.47040902097898,0.8131106208635361,Tamil Nadu
691,11.865836207449336,78.44724781408965,0.3667800453514739,Tamil Nadu
692,11.889195148926646,78.41320467232777,0.7883787661406025,Tamil Nadu
693,11.883989006478352,78.43123409583654,0.7747261729606016,Tamil Nadu
694,11.861723228409543,78.45704194477992,0.8595656054745612,Tamil Nadu
695,11.892194563652447,78.46105730974587,0.8026221005618787,Tamil Nadu
696,11.89712323806108,78.4352396132353,0.790460204224367,Tamil Nadu
697,11.877973085041091,78.45474227364411,0.6541047056426971,Tamil Nadu
698,11.888801407807485,78.41074786296765,0.8178548490687219,Tamil Nadu
699,11.875283057331131,78.42302063111423,0.749112426035503,Tamil Nadu
700,11.902674744980596,78.43408017346208,0.6660580239399473,Tamil Nadu
701,11.885758775910285,78.43496857328944,0.7853560682046138,Tamil Nadu
702,11.88564707056986,78.45014933587818,0.7380281690140845,Tamil Nadu
703,11.884961542892016,78.45064504553156,0.8052819414703783,Tamil Nadu
704,11.899878435023346,78.47037620222241,0.7799535346830402,Tamil Nadu
705,11.887879525980672,78.45040524092184,0.8103275640108711,Tamil Nadu
706,11.878490249512796,78.41467844430802,0.8066654391456454,Tamil Nadu
707,11.869331126050936,78.47150178089363,0.7874524714828898,Tamil Nadu
708,11.900128569661767,78.41160698442019,0.6806234718826406,Tamil Nadu
709,11.867534189320956,78.4359695698491,0.7951822748937266,Tamil Nadu
710,11.902105733019244,78.47283935346466,0.7837619496431938,Tamil Nadu
711,11.865539095844758,78.48206353225427,0.8267407649558679,Tamil Nadu
712,11.878817794139136,78.43505112025913,0.7690480540836835,Tamil Nadu
713,11.865510428125503,78.4490759808229,0.6913162558401804,Tamil Nadu
714,11.863371618780452,78.4450220865606,0.7402696031896715,Tamil Nadu
715,11.892639887275609,78.45605030931344,0.8052063042323357,Tamil Nadu
716,11.899626576302325,78.43416872866797,0.8061661011948665,Tamil Nadu
717,11.88872137228706,78.43945697412904,0.7734838339391621,Tamil Nadu
718,11.877113264371156,78.41383307837715,0.8299426186750131,Tamil Nadu
719,11.90056379864797,78.41362995340016,0.6393866617402549,Tamil Nadu
720,11.881688016387018,78.46852464613634,0.8645352669742914,Tamil Nadu
721,11.88690407242187,78.46076159868203,0.7880306603773585,Tamil Nadu
722,11.89312600351623,78.4258149303224,0.803378481205296,Tamil Nadu
723,11.903777796169502,78.4506413292866,0.7824942992457463,Tamil Nadu
724,11.900291284146904,78.4289523871043,0.7558288966403525,Tamil Nadu
725,11.880724168521317,78.46716647548584,0.8421339139902014,Tamil Nadu
726,11.868732476212369,78.44391694216273,0.7156580211335255,Tamil Nadu
727,11.894796181358982,78.4666343056377,0.7456321623144843,Tamil Nadu
728,11.8773564790725,78.44998071447138,0.8059629331184529,Tamil Nadu
729,11.873426500071044,78.45343684690062,0.7277217092548851,Tamil Nadu
730,11.88494833999881,78.42289690623514,0.7683734453238572,Tamil Nadu
731,11.88523124100718,78.42053607506078,0.7702259123382893,Tamil Nadu
732,11.894779336242951,78.46545673249663,0.749876421156698,Tamil Nadu
733,11.874612729129414,78.45707064212654,0.7030082391262694,Tamil Nadu
734,11.882605045568432,78.45529107719602,0.7846978758506908,Tamil Nadu
735,11.903887708174572,78.47877816358167,0.7958319765548681,Tamil Nadu
736,11.885805874091767,78.42147717477415,0.8109330045211672,Tamil Nadu
737,11.867128092041876,78.45264249141536,0.4352373290426388,Tamil Nadu
738,11.89630207763485,78.41473154410734,0.7451790633608816,Tamil Nadu
739,11.902277363187922,78.41118202737375,0.4312700286726261,Tamil Nadu
740,11.893618812442682,78.46322978476023,0.8208464593891248,Tamil Nadu
741,11.8903814826829,78.44298486005155,0.8267291066282421,Tamil Nadu
742,11.88557404072521,78.43753995233524,0.7949358059914408,Tamil Nadu
743,11.895417630523642,78.42193594369549,0.7908022130013831,Tamil Nadu
744,11.878763398983509,78.45677780584214,0.8219858156028369,Tamil Nadu
745,11.900534549376829,78.45648601710367,0.8330893118594437,Tamil Nadu
746,11.8646247539352,78.47645365673392,0.8162125571162633,Tamil Nadu
747,11.901738362345675,78.47165007066172,0.7456629959269875,Tamil Nadu
748,11.899435954419472,78.43841840386295,0.60516532968108,Tamil Nadu
749,11.874647265006264,78.47358514909537,0.7656616717819101,Tamil Nadu
750,11.879396245220082,78.45852206462956,0.7461372970858595,Tamil Nadu
751,11.88173734066572,78.44027514243892,0.7784351427303653,Tamil Nadu
752,11.88380431136926,78.44208905031054,0.7614910756594535,Tamil Nadu
753,11.902325696290434,78.41449414428641,0.4479604902140113,Tamil Nadu
754,11.886422295932023,78.45630888295885,0.8298349623457779,Tamil Nadu
755,11.884269127943869,78.44850273066892,0.7719738824711201,Tamil Nadu
756,11.883838551873728,78.48063928325801,0.8073581068589388,Tamil Nadu
757,11.890404366009951,78.4424607294673,0.7467218771566597,Tamil Nadu
758,11.888669036520335,78.43665818312246,0.6304947971968571,Tamil Nadu
759,11.904400281102957,78.43420779011578,0.7285828662930345,Tamil Nadu
760,11.865559310130743,78.46786886658622,0.7703186875353574,Tamil Nadu
761,11.883316860061315,78.4774290658639,0.3296955772544515,Tamil Nadu
762,11.89917904136919,78.43789766005595,0.6831358249772106,Tamil Nadu
763,11.874972788169943,78.45272444807945,0.7680847244659845,Tamil Nadu
764,11.890733407484795,78.4825044492081,0.3842758620689655,Tamil Nadu
765,11.900223356692214,78.43236119351856,0.8107582631237849,Tamil Nadu
766,11.902631785685372,78.46410510064533,0.7989699285595614,Tamil Nadu
767,11.89693403870061,78.47415476328918,0.8358937285378637,Tamil Nadu
768,11.882022783577714,78.45957724512854,0.7437985931136616,Tamil Nadu
769,11.88205148820443,78.4551114550524,0.7706928264868179,Tamil Nadu
770,11.881603717396167,78.44174090967003,0.440883577765707,Tamil Nadu
771,11.866569324654677,78.42065205131806,0.704855195911414,Tamil Nadu
772,11.87457942499119,78.46604706067724,0.3920582625281775,Tamil Nadu
773,11.887692722997445,78.43156181060147,0.3422818791946309,Tamil Nadu
774,11.891326308017664,78.47643790861383,0.7295597484276729,Tamil Nadu
775,11.898545569350205,78.4141779023449,0.7205160821370161,Tamil Nadu
776,11.89950739148614,78.43659839013401,0.7321118306744591,Tamil Nadu
777,11.90191421073547,78.45200015308218,0.7540955337127091,Tamil Nadu
778,11.866317472418167,78.45862154727988,0.7300728019413851,Tamil Nadu
779,11.865318113064289,78.45894316207196,0.787066541705717,Tamil Nadu
780,11.879888600801683,78.45634963057316,0.7477064220183486,Tamil Nadu
781,11.887807495251574,78.41577832828774,0.8017016843201945,Tamil Nadu
782,11.899082599990097,78.41071053579549,0.7275500729539727,Tamil Nadu
783,11.88600573265352,78.4659285952433,0.7854383358098068,Tamil Nadu
784,11.866529106612312,78.4411155548273,0.7395235611198052,Tamil Nadu
785,11.903913138541975,78.44268864740869,0.6942700951609637,Tamil Nadu
786,11.886506121565548,78.43506976110098,0.6526533425223984,Tamil Nadu
787,11.889653391977289,78.45277133681046,0.7276546429088802,Tamil Nadu
788,11.890445840828258,78.43886523981008,0.6941778630838131,Tamil Nadu
789,11.889792738181264,78.4328784333827,0.6617680307483609,Tamil Nadu
790,11.883925758396172,78.46093418884875,0.6472802559759081,Tamil Nadu
791,11.888046379064418,78.44823378616523,0.6849087893864013,Tamil Nadu
792,11.866251363501997,78.4495490586759,0.6941719561454126,Tamil Nadu
793,11.89840178768847,78.4595622725896,0.6087772484481017,Tamil Nadu
794,11.886094362207686,78.44049159701473,0.7123677786818552,Tamil Nadu
795,11.870372204249875,78.44166357440348,0.8090337335620355,Tamil Nadu
796,11.903189847727534,78.44668410054001,0.7581062263775612,Tamil Nadu
797,11.874040468035655,78.47764267656491,0.8052449684895304,Tamil Nadu
798,11.894155891060104,78.45408673400732,0.7713818479149632,Tamil Nadu
799,11.874455634662691,78.41369240611564,0.7770916949675826,Tamil Nadu
800,11.89286298299454,78.4559273534867,0.7990395271518286,Tamil Nadu
801,11.880964382540483,78.4205419081265,0.7597840755735492,Tamil Nadu
802,11.870327792417328,78.41837476003977,0.7581130283362355,Tamil Nadu
803,11.880639669560535,78.46704405028878,0.8298222514812377,Tamil Nadu
804,11.884409009796665,78.46458864220827,0.7665635682891095,Tamil Nadu
805,11.870186784463458,78.46921472193465,0.6818085780688781,Tamil Nadu
806,11.86789573093737,78.46963042971234,0.7825325812098813,Tamil Nadu
807,11.890823868392344,78.45427439308403,0.8234014789038713,Tamil Nadu
808,11.891225294446908,78.42138873139885,0.7675798290001745,Tamil Nadu
809,11.878467074711716,78.41072169332621,0.7850953206239168,Tamil Nadu
810,11.88011514413757,78.44780723625671,0.7756941940137035,Tamil Nadu
811,11.863794736049853,78.4765581715144,0.8128049682093745,Tamil Nadu
812,11.869808023743248,78.48182242718268,0.834520725388601,Tamil Nadu
813,11.883128648135353,78.47489494085688,0.3420086753420087,Tamil Nadu
814,11.86322872434535,78.4103206352041,0.7026581118240147,Tamil Nadu
815,11.869132376439504,78.45238714091178,0.4413377192982456,Tamil Nadu
816,11.886023977143555,78.43175749997364,0.6664797158347354,Tamil Nadu
817,11.869524566518631,78.41583698276958,0.8037642702869485,Tamil Nadu
818,11.893542632134473,78.41029092260305,0.5938611267078421,Tamil Nadu
819,11.862435520038812,78.43858299949332,0.7805585781646718,Tamil Nadu
820,11.891595979956197,78.45230190364522,0.8305376344086022,Tamil Nadu
821,11.88170151406216,78.45483886953986,0.7784785179345683,Tamil Nadu
822,11.886343781019026,78.42973871055929,0.7494971658438472,Tamil Nadu
823,11.87896415329952,78.457772134084,0.7478894858019954,Tamil Nadu
824,11.880470094813244,78.42890291837665,0.7640910787607316,Tamil Nadu
825,11.872014560391042,78.44400805211589,0.7812075983717774,Tamil Nadu
826,11.888111699217822,78.42732190259342,0.7769611759066943,Tamil Nadu
827,11.894736335671668,78.4437765717022,0.7328609388839681,Tamil Nadu
828,11.894380180123507,78.43149130399469,0.7733293196869356,Tamil Nadu
829,11.88998672686338,78.46473288565835,0.7664875427454811,Tamil Nadu
830,11.898736201836115,78.47306544521523,0.8251333728512151,Tamil Nadu
831,11.896705177877028,78.44202111666907,0.4554011653966831,Tamil Nadu
832,11.902112907437342,78.47421335031741,0.7527495475428094,Tamil Nadu
833,11.892667981789282,78.42671653707252,0.7908201655379985,Tamil Nadu
834,11.875746592254888,78.43423466383261,0.7961089494163424,Tamil Nadu
835,11.89522160971494,78.41341315963516,0.7319624180109909,Tamil Nadu
836,11.872152299369116,78.45919204639475,0.7458861613164284,Tamil Nadu
837,11.887384837870512,78.43628603461424,0.7542194092827004,Tamil Nadu
838,11.89591544681485,78.42405896319038,0.8013637711236288,Tamil Nadu
839,11.86679972658157,78.44645853784716,0.3387118106070625,Tamil Nadu
840,11.901218524772547,78.44134043269707,0.6623030840914134,Tamil Nadu
841,11.89737198135396,78.47844554522119,0.7927927927927928,Tamil Nadu
842,11.865594148920083,78.4377716355666,0.8029649089885532,Tamil Nadu
843,11.876913676158198,78.42386573277469,0.7856567284448026,Tamil Nadu
844,11.867481900995053,78.42176327956977,0.795413553207936,Tamil Nadu
845,11.86828646689631,78.46001326210991,0.8130338500474533,Tamil Nadu
846,11.896212231279572,78.46670174932669,0.7390180878552972,Tamil Nadu
847,11.878947286062548,78.47302593601351,0.8104563734918692,Tamil Nadu
848,11.88553359806034,78.43150007141068,0.3925191527715187,Tamil Nadu
849,11.870189527731627,78.42241527374676,0.8028419182948491,Tamil Nadu
850,11.867318721812126,78.42024514781392,0.724669603524229,Tamil Nadu
851,11.901410699964432,78.4355423328346,0.8118067978533094,Tamil Nadu
852,11.884788963794216,78.42899967012322,0.8120313281119813,Tamil Nadu
853,11.903282228749896,78.47497792685684,0.8015988372093024,Tamil Nadu
854,11.901968500802782,78.43141062247109,0.2013782542113323,Tamil Nadu
855,11.901420445484042,78.4346218014746,0.7273446774831817,Tamil Nadu
856,11.895874035131264,78.42828741666244,0.7923812962628634,Tamil Nadu
857,11.878503588803737,78.42087553972546,0.7781289506953224,Tamil Nadu
858,11.897872909507075,78.42577295246795,0.7241071428571428,Tamil Nadu
859,11.887606057188664,78.43310633364163,0.8118289353958144,Tamil Nadu
860,11.882652917518149,78.46137805790387,0.753966839008736,Tamil Nadu
861,11.899703716381111,78.43060995492405,0.7689113558404044,Tamil Nadu
862,11.886502092706747,78.47842738277296,0.5612125272148719,Tamil Nadu
863,11.867815387814533,78.48206467761784,0.8344533683002786,Tamil Nadu
864,11.88505046146617,78.47276821443334,0.8329836340746958,Tamil Nadu
865,11.870804737801969,78.47838797258697,0.7649063032367973,Tamil Nadu
866,11.90273665166407,78.43239500123457,0.6892220421393841,Tamil Nadu
867,11.887561184198123,78.47328779237507,0.8377520241308144,Tamil Nadu
868,11.878751041129131,78.45643147321215,0.730743166930201,Tamil Nadu
869,11.885408082941783,78.41821165130919,0.7996402877697841,Tamil Nadu
870,11.884314426243542,78.41985719397756,0.7542196093305519,Tamil Nadu
871,11.878221715361828,78.44654286717831,0.7706293706293706,Tamil Nadu
872,11.8942038579363,78.44125905943308,0.7129097981107613,Tamil Nadu
873,11.894972563348237,78.44692698183712,0.8105101649405447,Tamil Nadu
874,11.874482864538972,78.45353128274161,0.7901255805952176,Tamil Nadu
875,11.875220266741868,78.45202100224418,0.7543919495139008,Tamil Nadu
876,11.877205230489784,78.47541890104831,0.8372297416066092,Tamil Nadu
877,11.86257186039134,78.4209136249899,0.71936,Tamil Nadu
878,11.88556753208389,78.41118380155862,0.7649150533386013,Tamil Nadu
879,11.894724824113167,78.41022003838374,0.773640372366487,Tamil Nadu
880,11.882912860735557,78.47791732785456,0.4162087912087912,Tamil Nadu
881,11.86287867265554,78.47078120006492,0.7776979709103968,Tamil Nadu
882,11.878940586635494,78.47099892206971,0.8409967368733313,Tamil Nadu
883,11.900947629723596,78.47572863277591,0.8235597592433362,Tamil Nadu
884,11.870035238959776,78.44838822407584,0.4565614035087719,Tamil Nadu
885,11.904158806159815,78.43387584975623,0.2955697597531408,Tamil Nadu
886,11.890721095615651,78.44824236694495,0.6977859778597786,Tamil Nadu
887,11.865005022644008,78.42977893209785,0.8106857383256205,Tamil Nadu
888,11.888797573592704,78.46006831659476,0.7578053955744165,Tamil Nadu
889,11.883979309814778,78.42417776411042,0.7530899275465265,Tamil Nadu
890,11.873998475303605,78.43805702107035,0.7813383600377003,Tamil Nadu
891,11.869517631381736,78.42454491419349,0.7308622078968574,Tamil Nadu
892,11.867722463235737,78.4558900122624,0.7739238927011852,Tamil Nadu
893,11.89206432035502,78.45286376850223,0.7726328287325616,Tamil Nadu
894,11.88810733724916,78.4693726952748,0.8484216795711733,Tamil Nadu
895,11.864695028559291,78.46460075369171,0.7546541250244954,Tamil Nadu
896,11.879681703856583,78.47560064104924,0.8335212326193161,Tamil Nadu
897,11.871033039934836,78.41020469098952,0.8049293657950105,Tamil Nadu
898,11.870327949342638,78.43066818102533,0.6338519703359022,Tamil Nadu
899,11.881551207161564,78.47916310645363,0.8121874421189109,Tamil Nadu
900,11.868261835499547,78.45009221673055,0.446187723644371,Tamil Nadu
901,11.865097015908711,78.41677147924335,0.6544962812711291,Tamil Nadu
902,11.902408960712451,78.43348518929096,0.6527602191319005,Tamil Nadu
903,11.893849741096462,78.45082827901392,0.8105933623868589,Tamil Nadu
904,11.886913466228885,78.41719407218666,0.7904008628437893,Tamil Nadu
905,11.86433854811884,78.41825105870542,0.6168595041322315,Tamil Nadu
906,11.902174296013245,78.46012056884932,0.5216506829410055,Tamil Nadu
907,11.884570758697334,78.41808441322871,0.7575447570332481,Tamil Nadu
908,11.898195209410623,78.46172422346626,0.5092877188293465,Tamil Nadu
909,11.889780645552513,78.45970572891619,0.720730797912006,Tamil Nadu
910,11.890927406756653,78.43445479490494,0.6309258670060451,Tamil Nadu
911,11.89440883749928,78.4711867809275,0.8584639095812998,Tamil Nadu
912,11.890478160708174,78.43086498217932,0.8111380145278451,Tamil Nadu
913,11.900359861746024,78.43445668747721,0.808503937007874,Tamil Nadu
914,11.8674162418792,78.46709740702183,0.7247629083245521,Tamil Nadu
915,11.884259539538922,78.411790087902,0.8199643493761141,Tamil Nadu
916,11.8722368998363,78.41316268330661,0.7224536160545248,Tamil Nadu
917,11.877732564648277,78.44875181020291,0.6061736770691994,Tamil Nadu
918,11.873251361416008,78.47558960172015,0.7909037212049616,Tamil Nadu
919,11.902135745507897,78.41691419025277,0.706015037593985,Tamil Nadu
920,11.901127828224624,78.43349172864592,0.6380071473617827,Tamil Nadu
921,11.871654483022697,78.45995328653136,0.8044485634847081,Tamil Nadu
922,11.88209686618639,78.47748416166237,0.6487468911421466,Tamil Nadu
923,11.89527150400858,78.44515406753486,0.7440687464972913,Tamil Nadu
924,11.894120379989062,78.47947031501424,0.8435215946843854,Tamil Nadu
925,11.8784038681583,78.43255084222156,0.7336561743341404,Tamil Nadu
926,11.878275241774274,78.44687888475376,0.7562489225995518,Tamil Nadu
927,11.897309098719743,78.41704210662913,0.7098095068541926,Tamil Nadu
928,11.880817098261026,78.4542080087933,0.7489506296222267,Tamil Nadu
929,11.866356702030489,78.47886465512707,0.7762938230383973,Tamil Nadu
930,11.892748935799483,78.41956820948663,0.805978898007034,Tamil Nadu
931,11.891520998635766,78.47543107913503,0.8133457769482034,Tamil Nadu
932,11.900647447332338,78.4639461329001,0.7830823454021147,Tamil Nadu
933,11.863717135273411,78.45968080213127,0.8380648412565094,Tamil Nadu
934,11.8668464556671,78.45933785800372,0.6954809675604725,Tamil Nadu
935,11.89538922797945,78.44984219232677,0.8131672597864769,Tamil Nadu
936,11.876994426105648,78.48143218439996,0.8435441370223979,Tamil Nadu
937,11.886221241793738,78.42306769706515,0.7467263384717387,Tamil Nadu
938,11.885139585908105,78.454293426981,0.7996491228070175,Tamil Nadu
939,11.863102517685553,78.44149428979773,0.7175542406311637,Tamil Nadu
940,11.880521731327462,78.4743605408699,0.6413223140495867,Tamil Nadu
941,11.872942171747477,78.41329345798412,0.7486708554857419,Tamil Nadu
942,11.882463868597506,78.47058027596589,0.835034298142881,Tamil Nadu
943,11.87836706668685,78.43141898514381,0.7939629990262902,Tamil Nadu
944,11.889392208492003,78.42885022070209,0.7837587006960557,Tamil Nadu
945,11.872466261333026,78.42993969695283,0.7902569142215359,Tamil Nadu
946,11.888320953151055,78.4777926332506,0.8245551601423488,Tamil Nadu
947,11.86491402071237,78.43676828923873,0.7460797279425656,Tamil Nadu
948,11.89666104124382,78.43224380794447,0.7428712708092962,Tamil Nadu
949,11.87905582657588,78.43810220311664,0.7796373779637378,Tamil Nadu
950,11.876984643050994,78.44490589999636,0.7464991023339318,Tamil Nadu
951,11.871089982500049,78.4820372538318,0.8027636363636363,Tamil Nadu
952,11.862429121411656,78.45873135879523,0.8435770463151763,Tamil Nadu
953,11.901689894935576,78.48128581925043,0.7456331877729258,Tamil Nadu
954,11.87721542997812,78.45137168413599,0.6534409325263394,Tamil Nadu
955,11.882532044623682,78.44834164095127,0.7925617184995191,Tamil Nadu
956,11.866240898061273,78.42664763852473,0.3732805728283399,Tamil Nadu
957,11.896462333492964,78.44976248534992,0.8089887640449438,Tamil Nadu
958,11.864190451124614,78.42285711045403,0.7604376619637201,Tamil Nadu
959,11.875988063522511,78.4452352014212,0.8130170126424223,Tamil Nadu
960,11.89546662125098,78.47732262327096,0.6117043998291328,Tamil Nadu
961,11.895922735964517,78.47182122540609,0.8221614227086184,Tamil Nadu
962,11.888423072969465,78.46966456595715,0.7814462587475327,Tamil Nadu
963,11.903979068925224,78.47950177812393,0.6996805111821086,Tamil Nadu
964,11.890894204753376,78.43080453565935,0.786556927297668,Tamil Nadu
965,11.895730754022162,78.47335327766422,0.7992154065620543,Tamil Nadu
966,11.88748653000142,78.46035619703136,0.7589679043423537,Tamil Nadu
967,11.871796713813673,78.468643822113,0.5738007380073801,Tamil Nadu
968,11.878411346509932,78.43326038052601,0.7595889153973207,Tamil Nadu
969,11.8771836627691,78.48095251540232,0.8382047897416557,Tamil Nadu
970,11.86496565386553,78.47985437375559,0.8143388569496111,Tamil Nadu
971,11.869914189070869,78.46064376084082,0.7396002160994057,Tamil Nadu
972,11.871197821460113,78.4665077715999,0.8342112558913224,Tamil Nadu
973,11.868726510875875,78.47271133670044,0.8361395591043221,Tamil Nadu
974,11.877599300680492,78.43984882401323,0.7366818873668188,Tamil Nadu
975,11.879923820022542,78.42356989823634,0.7618430525557955,Tamil Nadu
976,11.903598254402638,78.43618042786721,0.7071000193461018,Tamil Nadu
977,11.87824604201326,78.45462954459616,0.7184248112630075,Tamil Nadu
978,11.877222970898565,78.45145434482889,0.6914439703570626,Tamil Nadu
979,11.891599341773723,78.48245156116207,0.6997319034852547,Tamil Nadu
980,11.880158457501416,78.45903691270205,0.8054996646545942,Tamil Nadu
981,11.889512611538768,78.43693599579898,0.6249521622655951,Tamil Nadu
982,11.888461374605535,78.45272332921277,0.81765890135174,Tamil Nadu
983,11.903526903647323,78.4179456707676,0.7210648148148148,Tamil Nadu
984,11.876396526617295,78.43645482646282,0.7706629545850009,Tamil Nadu
985,11.885627991244233,78.47935165307402,0.6834264432029795,Tamil Nadu
986,11.868349323387983,78.41382186090144,0.7351519337016574,Tamil Nadu
987,11.88801787865483,78.46809003693804,0.7240388070427596,Tamil Nadu
988,11.887957200701656,78.42924710128703,0.7659465020576132,Tamil Nadu
989,11.876804463763522,78.47949137717244,0.8437780571018136,Tamil Nadu
990,11.8908030968604,78.42249636164155,0.7614609092638387,Tamil Nadu
991,11.89374341849186,78.43823095425401,0.7720746590093324,Tamil Nadu
992,11.884206124897403,78.44433849481902,0.7200411099691675,Tamil Nadu
993,11.87230107475872,78.4749241754092,0.8246719160104987,Tamil Nadu
994,11.887910513321726,78.47747874259457,0.8205007085498347,Tamil Nadu
995,11.861748184483575,78.48201171555863,0.8512931034482759,Tamil Nadu
996,11.88107415455009,78.48188284575656,0.8312842822016266,Tamil Nadu
997,11.868444032614104,78.44965916479723,0.5710171289980294,Tamil Nadu
998,11.862524731854853,78.47604478965445,0.8003297307199121,Tamil Nadu
999,11.866822847849392,78.46100059251962,0.7479106259594065,Tamil Nadu
1000,11.866691913299483,78.46876246905171,0.7429570224141476,Tamil Nadu
1001,11.890294777741536,78.41277743762072,0.4589449911276012,Tamil Nadu
1002,11.868076166437133,78.43683063996218,0.7985532960283882,Tamil Nadu
1003,11.866793156395625,78.47090306239083,0.6981990521327014,Tamil Nadu
1004,11.891336541077424,78.44134858124926,0.7152202354993459,Tamil Nadu
1005,11.894953642481887,78.42045172550348,0.7531468531468531,Tamil Nadu
1006,11.903064408751035,78.43781311925125,0.7878320479862896,Tamil Nadu
1007,11.874575763592974,78.48263431193494,0.8318354912414319,Tamil Nadu
1008,11.893373694262149,78.44697260667851,0.7093355075417855,Tamil Nadu
1009,11.877286244431795,78.43268292232808,0.7567653613498886,Tamil Nadu
1010,11.892163792284949,78.46089586222949,0.8302583025830258,Tamil Nadu
1011,11.88268877758645,78.47403891284786,0.4263143557613729,Tamil Nadu
1012,11.864005873700972,78.46089997154323,0.8453312467396974,Tamil Nadu
1013,11.88536527107565,78.41013669768124,0.6266049252788887,Tamil Nadu
1014,11.879129641776808,78.43856725964682,0.778391551584078,Tamil Nadu
1015,11.90461517018632,78.45774010376108,0.6912487708947886,Tamil Nadu
1016,11.867140564106856,78.48266107119815,0.7780215761565186,Tamil Nadu
1017,11.868500661232996,78.41050602090874,0.7643598615916956,Tamil Nadu
1018,11.88966003398906,78.42137613279438,0.7935599284436494,Tamil Nadu
1019,11.871504536034216,78.45958326053842,0.7902501603592046,Tamil Nadu
1020,11.899992944657878,78.47996250594821,0.7672525439407956,Tamil Nadu
1021,11.86601578442883,78.47360425602155,0.8366107114308553,Tamil Nadu
1022,11.862305643003127,78.42594403139584,0.7602894617819991,Tamil Nadu
1023,11.888552592109695,78.429065746363,0.7960461285008237,Tamil Nadu
1024,11.862092297976346,78.42671044372118,0.6650192202086765,Tamil Nadu
1025,11.901706814609277,78.43904882120376,0.6983352951067765,Tamil Nadu
1026,11.895884777922925,78.43644642774476,0.7700205338809035,Tamil Nadu
1027,11.876591929666889,78.417621383737,0.7461853368068477,Tamil Nadu
1028,11.868499203211645,78.42155533239223,0.7824019024970273,Tamil Nadu
1029,11.889415336262717,78.46497337398343,0.8058619602899464,Tamil Nadu
1030,11.899167205113878,78.46613633907893,0.6932565789473685,Tamil Nadu
1031,11.901587698591657,78.43463047364808,0.7526527625320161,Tamil Nadu
1032,11.895973991190392,78.46334804640547,0.7930078546126598,Tamil Nadu
1033,11.863750398622534,78.45059231943577,0.6582036582036582,Tamil Nadu
1034,11.873335547138003,78.45300595764279,0.82410034343736,Tamil Nadu
1035,11.882184118426837,78.46751136666518,0.8431243846406301,Tamil Nadu
1036,11.882347174204192,78.42846730950185,0.7819790828640386,Tamil Nadu
1037,11.872922348527617,78.47628030267522,0.8374692176548588,Tamil Nadu
1038,11.875304991389603,78.43085895748644,0.7702476261403836,Tamil Nadu
1039,11.87631509366379,78.47723253819105,0.8252601363473269,Tamil Nadu
1040,11.877792232850194,78.46079158936054,0.7424489057695786,Tamil Nadu
1041,11.866360871557472,78.41880156471467,0.5811035246355416,Tamil Nadu
1042,11.879220069420455,78.419335248622,0.7892644135188867,Tamil Nadu
1043,11.876292151923534,78.42380598688077,0.7763422337065748,Tamil Nadu
1044,11.904580027139495,78.43968037745692,0.758204387009012,Tamil Nadu
1045,11.895070513550214,78.4468529522637,0.7949599083619702,Tamil Nadu
1046,11.893870571745108,78.45248780288604,0.7518220176448025,Tamil Nadu
1047,11.900915871760192,78.47139628181056,0.7689393939393939,Tamil Nadu
1048,11.86267728656224,78.41330196512307,0.72489016815634,Tamil Nadu
1049,11.861869223624042,78.43237712366592,0.6145498392282959,Tamil Nadu
1050,11.867324276246151,78.42828181965181,0.7046756606911846,Tamil Nadu
1051,11.878748911309703,78.42867870699764,0.7635392829900839,Tamil Nadu
1052,11.870856107896657,78.47656538387278,0.7969503956765104,Tamil Nadu
1053,11.90205687288592,78.47126241613066,0.7827340895981542,Tamil Nadu
1054,11.874363261570096,78.47292167519396,0.8430430936433717,Tamil Nadu
1055,11.884609155041057,78.4177674432316,0.7065356685177274,Tamil Nadu
1056,11.894405000874752,78.45549454771756,0.7190497270178545,Tamil Nadu
1057,11.886223655880231,78.46514154774894,0.8146103896103896,Tamil Nadu
1058,11.879224800388377,78.47426799166877,0.8204396710857527,Tamil Nadu
1059,11.877811128093976,78.41153893076066,0.83149708360337,Tamil Nadu
1060,11.866894865600612,78.48143618138045,0.8461804355340476,Tamil Nadu
1061,11.864154354261366,78.43291946773795,0.8115153251217416,Tamil Nadu
1062,11.898625207007456,78.4413146389278,0.6625954198473283,Tamil Nadu
1063,11.883889300476303,78.4818472501595,0.7805665112943707,Tamil Nadu
1064,11.88074742379827,78.4208597040598,0.7681159420289855,Tamil Nadu
1065,11.872387987845626,78.42278685816903,0.7447462839569452,Tamil Nadu
1066,11.904571090882984,78.42704304260155,0.6621445827913027,Tamil Nadu
1067,11.862708829969652,78.48000456354217,0.8059701492537313,Tamil Nadu
1068,11.887943090624583,78.4669953498538,0.825516171380833,Tamil Nadu
1069,11.869758583738015,78.41694289341778,0.7654674093030257,Tamil Nadu
1070,11.869444869797736,78.4493789364691,0.5203817314246763,Tamil Nadu
1071,11.897949464570187,78.42444012028194,0.8170584689572031,Tamil Nadu
1072,11.87152080025946,78.47888559472179,0.8003455557688616,Tamil Nadu
1073,11.885071956618418,78.475276544986,0.2513258310697193,Tamil Nadu
1074,11.899520741329315,78.44748364983253,0.791970802919708,Tamil Nadu
1075,11.875882174943037,78.47159618121654,0.6559272390935718,Tamil Nadu
1076,11.902809529752547,78.44412201723334,0.730566037735849,Tamil Nadu
1077,11.892249149935434,78.46559089041317,0.8133903133903134,Tamil Nadu
1078,11.902035704047822,78.4742343571946,0.824,Tamil Nadu
1079,11.890557062729172,78.42420162916835,0.7994210795164312,Tamil Nadu
1080,11.892127226744709,78.44584897910367,0.8250294233032561,Tamil Nadu
1081,11.877424160764214,78.4694374064478,0.7080721003134797,Tamil Nadu
1082,11.867153269737432,78.41302470215113,0.66578496965925,Tamil Nadu
1083,11.870709756558515,78.46133860277088,0.8101719197707736,Tamil Nadu
1084,11.902778396475949,78.47460598830969,0.8148326510955936,Tamil Nadu
1085,11.878145423988238,78.41036185075993,0.5965246874337783,Tamil Nadu
1086,11.8956669234945,78.41245343386768,0.7824709609292503,Tamil Nadu
1087,11.898730491551868,78.44186855898874,0.6163334751169715,Tamil Nadu
1088,11.89591305265184,78.47373249587194,0.7507291464125997,Tamil Nadu
1089,11.88733395800625,78.4602212315692,0.7948937384110684,Tamil Nadu
1090,11.873067952851123,78.43457423176486,0.7602456280870378,Tamil Nadu
1091,11.888142164712674,78.46947966843331,0.842562781712814,Tamil Nadu
1092,11.896846499300649,78.4582911859708,0.522030514758306,Tamil Nadu
1093,11.86447344403482,78.47423740013524,0.8268076593312375,Tamil Nadu
1094,11.86958850814436,78.43031677608558,0.7771975630983464,Tamil Nadu
1095,11.880130977930206,78.42559298783597,0.5965951147298297,Tamil Nadu
1096,11.903013615848096,78.42446383021594,0.7594171446287398,Tamil Nadu
1097,11.881477295706988,78.47730680881699,0.8040368410738781,Tamil Nadu
1098,11.894037125536736,78.46688318634939,0.8074153107495332,Tamil Nadu
1099,11.863340345676107,78.44631615551774,0.7785499921023535,Tamil Nadu
1100,11.86396856331858,78.4641852189524,0.7975103734439835,Tamil Nadu
1101,11.904386582796716,78.47827395834582,0.7834532374100719,Tamil Nadu
1102,11.891358281269545,78.46433528029286,0.788454891116488,Tamil Nadu
1103,11.880517423126324,78.43355123423578,0.7540578687367678,Tamil Nadu
1104,11.86532937317955,78.43119638812556,0.7409188920218942,Tamil Nadu
1105,11.898395209429848,78.43885168802231,0.7665042835545103,Tamil Nadu
1106,11.8741304962325,78.44714911687943,0.7965933520754093,Tamil Nadu
1107,11.877574440463963,78.4393837500905,0.7176771365960555,Tamil Nadu
1108,11.887161763677176,78.4513785309851,0.8039600720013091,Tamil Nadu
1109,11.881970960144306,78.46395673914652,0.7799363590688327,Tamil Nadu
1110,11.888709943400254,78.41562652197167,0.4288132007615824,Tamil Nadu
1111,11.88906750871906,78.46268908458796,0.7867145421903052,Tamil Nadu
1112,11.86816237486107,78.43092360582231,0.7304785894206549,Tamil Nadu
1113,11.874964879865312,78.45853663519982,0.7771787960467206,Tamil Nadu
1114,11.89236972765412,78.45850390904684,0.7502120441051738,Tamil Nadu
1115,11.86240559132765,78.45896306512607,0.8556067588325653,Tamil Nadu
1116,11.863663013446317,78.45941911695489,0.8265113350125944,Tamil Nadu
1117,11.875231953114463,78.41320634122948,0.8410521897299567,Tamil Nadu
1118,11.89473577098737,78.44768019606553,0.8249007079951649,Tamil Nadu
1119,11.881997409167218,78.4649708779721,0.7575757575757576,Tamil Nadu
1120,11.898535333794902,78.46654300098625,0.7822119102861562,Tamil Nadu
1121,11.862242558087482,78.44524772155555,0.7819533347098906,Tamil Nadu
1122,11.877293084727048,78.45532797653746,0.6658117971986585,Tamil Nadu
1123,11.87016234509992,78.41580062010736,0.7942025003434537,Tamil Nadu
1124,11.878758470772889,78.42971316241632,0.8254506514367304,Tamil Nadu
1125,11.876278969324726,78.47526209698508,0.836053412462908,Tamil Nadu
1126,11.903012395395372,78.47335810727942,0.7260565521435086,Tamil Nadu
1127,11.878075149789922,78.44921386018844,0.5832847424684159,Tamil Nadu
1128,11.880843671163998,78.47186621378096,0.8467005076142132,Tamil Nadu
1129,11.88339600238775,78.45155917663249,0.7833641404805914,Tamil Nadu
1130,11.863045121132153,78.45108882718938,0.6259612426945556,Tamil Nadu
1131,11.866403792364022,78.42187834778817,0.7743822370777128,Tamil Nadu
1132,11.873562705272793,78.41218373605372,0.7620228061477442,Tamil Nadu
1133,11.87637575725373,78.46201152806215,0.7771075685767629,Tamil Nadu
1134,11.863065176496857,78.4491926144134,0.7701079519537783,Tamil Nadu
1135,11.899748870515284,78.46696916432181,0.7575306805503905,Tamil Nadu
1136,11.885036162443354,78.41572847039524,0.7785365853658537,Tamil Nadu
1137,11.863020896023343,78.47524355085937,0.7644076390062532,Tamil Nadu
1138,11.888775236855594,78.43828241279915,0.6530426884650318,Tamil Nadu
1139,11.87472407487301,78.47929821538727,0.8284894151417295,Tamil Nadu
1140,11.863839068583763,78.43883115929758,0.701363073110285,Tamil Nadu
1141,11.889679931047915,78.44388519631941,0.7133449544838273,Tamil Nadu
1142,11.898163004541557,78.45809683439393,0.5529634300126104,Tamil Nadu
1143,11.886410268715306,78.4721039047098,0.8505979189315112,Tamil Nadu
1144,11.891708002821654,78.4378862478945,0.6728407096899981,Tamil Nadu
1145,11.880051067937549,78.44618851077819,0.7648187224247075,Tamil Nadu
1146,11.868676897451676,78.48238269513469,0.8301265383948692,Tamil Nadu
1147,11.87197858102082,78.45833894216808,0.7843540210987806,Tamil Nadu
1148,11.8791577551121,78.47916204240717,0.7940783190066858,Tamil Nadu
1149,11.90160869644946,78.47534352221956,0.8641668964249609,Tamil Nadu
1150,11.88456059472736,78.43652509396915,0.4328607172643869,Tamil Nadu
1151,11.874465697882524,78.44936621949525,0.6763662171753017,Tamil Nadu
1152,11.862611817677378,78.41274589262463,0.7616855029998605,Tamil Nadu
1153,11.893159408683715,78.4419144835228,0.7575295463210064,Tamil Nadu
1154,11.86992946752988,78.41543348908587,0.7823354283824016,Tamil Nadu
1155,11.866629835978632,78.46676873521561,0.6825588412794207,Tamil Nadu
1156,11.868452770359385,78.44942094284353,0.4573007103393843,Tamil Nadu
1157,11.888857852836226,78.415516451046,0.3603513675384308,Tamil Nadu
1158,11.901168603010898,78.46807725798062,0.7181510710259301,Tamil Nadu
1159,11.864613957994791,78.42635591476254,0.786493860845839,Tamil Nadu
1160,11.8840378582969,78.44036686284763,0.7751050572380814,Tamil Nadu
1161,11.901217587203258,78.44838671857754,0.7848791893998441,Tamil Nadu
1162,11.89704816639897,78.44369650350421,0.5412051811526187,Tamil Nadu
1163,11.872782850971426,78.43367600085905,0.7651596975775343,Tamil Nadu
1164,11.862453902596906,78.44881606954588,0.7801138852387209,Tamil Nadu
1165,11.874642698738592,78.46536745177636,0.69504,Tamil Nadu
1166,11.88363147212177,78.47698173576721,0.1883597883597883,Tamil Nadu
1167,11.8657149649103,78.42826707676113,0.4662162162162162,Tamil Nadu
1168,11.865174656457585,78.43245076006927,0.724761077324066,Tamil Nadu
1169,11.878249393490208,78.41090255681505,0.2939449541284403,Tamil Nadu
1170,11.88526001599068,78.43572048921027,0.8104722132990684,Tamil Nadu
1171,11.877720652352169,78.42892510908855,0.7942446043165468,Tamil Nadu
1172,11.88944498655038,78.44625680581319,0.7241817604067365,Tamil Nadu
1173,11.862047628887591,78.44811734007718,0.7244732576985413,Tamil Nadu
1174,11.879804931845488,78.48025325760054,0.7188156638013371,Tamil Nadu
1175,11.863275544661526,78.41045709447742,0.7464938753772412,Tamil Nadu
1176,11.9036129544879,78.44179830717432,0.7288665162298212,Tamil Nadu
1177,11.86548178466894,78.4106136500721,0.7150803461063041,Tamil Nadu
1178,11.902270555519753,78.41296263627471,0.7076215505913273,Tamil Nadu
1179,11.873866312429705,78.46052408836884,0.8162097017173847,Tamil Nadu
1180,11.90372316168485,78.44362467969347,0.7624669603524229,Tamil Nadu
1181,11.889468040471836,78.4370662630369,0.5772121212121212,Tamil Nadu
1182,11.891064763824245,78.42864945155074,0.7934819897084048,Tamil Nadu
1183,11.904526813106084,78.45379746151804,0.7849123498128816,Tamil Nadu
1184,11.89888141286298,78.4713868224191,0.7715301341089029,Tamil Nadu
1185,11.871590737981586,78.41599354445755,0.7223952924887505,Tamil Nadu
1186,11.881768511489057,78.44258918344171,0.483666600673134,Tamil Nadu
1187,11.890320013335678,78.4689666132518,0.7644287396937574,Tamil Nadu
1188,11.868511881368828,78.42001757951478,0.7071823204419889,Tamil Nadu
1189,11.881837920359017,78.44996217097139,0.802603800140746,Tamil Nadu
1190,11.869654389490345,78.46452679434492,0.7660251046025105,Tamil Nadu
1191,11.86533935743624,78.43619118160187,0.7946611909650924,Tamil Nadu
1192,11.892821207134126,78.45495618247718,0.8249380677126342,Tamil Nadu
1193,11.893307093560054,78.42396358522602,0.6330578512396694,Tamil Nadu
1194,11.881564139168292,78.43632511178814,0.7696211096075778,Tamil Nadu
1195,11.881995484069837,78.43746946847448,0.6357554357926036,Tamil Nadu
1196,11.875942211295676,78.42233312040857,0.7711588541666666,Tamil Nadu
1197,11.864664264329075,78.44755843354945,0.452576203001702,Tamil Nadu
1198,11.873653798048784,78.45050125766873,0.7468541820873427,Tamil Nadu
1199,11.888799187370315,78.42896402602332,0.8119994379654348,Tamil Nadu
1200,11.865214307043871,78.45830271343867,0.8126239259748843,Tamil Nadu
1201,11.900783815164887,78.42586853168632,0.7962229667986598,Tamil Nadu
1202,11.90164542700071,78.45493217921194,0.816731821735731,Tamil Nadu
1203,11.878678326772135,78.41878830482139,0.775424909445528,Tamil Nadu
1204,11.903705728720524,78.43777774093992,0.7525195968645016,Tamil Nadu
1205,11.883511314174628,78.4818875873713,0.7546243865609664,Tamil Nadu
1206,11.869249218103077,78.44135824946686,0.7512544802867384,Tamil Nadu
1207,11.878678637906582,78.4723919944747,0.8013864818024263,Tamil Nadu
1208,11.869634481637386,78.41744032886051,0.7612841703750794,Tamil Nadu
1209,11.862443949630707,78.41409931594924,0.7486051854282901,Tamil Nadu
1210,11.87743953385914,78.460635186407,0.8484897431755775,Tamil Nadu
1211,11.877698214779354,78.48088211263853,0.8506538196834136,Tamil Nadu
1212,11.873570234767728,78.4811997808382,0.8094318364719137,Tamil Nadu
1213,11.90201789179907,78.45037804065201,0.7931034482758621,Tamil Nadu
1214,11.89698155345492,78.43083215403787,0.7981863149216818,Tamil Nadu
1215,11.880653335800876,78.44975610928968,0.7292509146928557,Tamil Nadu
1216,11.86319166409072,78.41188646630754,0.7035962877030162,Tamil Nadu
1217,11.86881655269911,78.47030460688042,0.7852847541563495,Tamil Nadu
1218,11.890904880053268,78.45583141019844,0.8170183327568316,Tamil Nadu
1219,11.880589711434242,78.41955840720725,0.8004399748585795,Tamil Nadu
1220,11.867274160894912,78.41553081536362,0.5797385620915033,Tamil Nadu
1221,11.901674494921044,78.44596734844711,0.806144966898659,Tamil Nadu
1222,11.86304327496843,78.46177142823662,0.8115491009681881,Tamil Nadu
1223,11.89023943798528,78.4424244433428,0.8098818474758325,Tamil Nadu
1224,11.904617538771072,78.41211500065145,0.5608409428753451,Tamil Nadu
1225,11.889506044234228,78.43876153763298,0.8192401960784313,Tamil Nadu
1226,11.866955791426776,78.43579346301277,0.8244999269966419,Tamil Nadu
1227,11.898578057992,78.4176669160381,0.7873459326211997,Tamil Nadu
1228,11.873722272102016,78.42574391372828,0.7787561915244909,Tamil Nadu
1229,11.871970156616053,78.47999134918439,0.824422261725694,Tamil Nadu
1230,11.870774588509372,78.46867469593982,0.5967420814479638,Tamil Nadu
1231,11.897560444390551,78.43087599578747,0.8267912772585669,Tamil Nadu
1232,11.899874098585396,78.46402073190684,0.447162119786767,Tamil Nadu
1233,11.901811450007898,78.4148704997183,0.4271040424121935,Tamil Nadu
1234,11.861898891669048,78.42127773440255,0.7257573041763757,Tamil Nadu
1235,11.869570002553411,78.46435984484903,0.7834146341463415,Tamil Nadu
1236,11.869459138581648,78.4572513969047,0.7487952743665475,Tamil Nadu
1237,11.903242467896982,78.46894923924377,0.792467332820907,Tamil Nadu
1238,11.871163908850193,78.46930280256436,0.3952014486192847,Tamil Nadu
1239,11.881791160774895,78.47380514016491,0.7730378270288285,Tamil Nadu
1240,11.867807716376207,78.44836577133829,0.3610994250455756,Tamil Nadu
1241,11.878233330160027,78.44989200252044,0.7234577451169987,Tamil Nadu
1242,11.887700956855296,78.45837149983082,0.7795819657972016,Tamil Nadu
1243,11.884853831138194,78.47688816870469,0.3501674826075753,Tamil Nadu
1244,11.898221241813363,78.4324289300414,0.8127561895392688,Tamil Nadu
1245,11.878842207789116,78.4601313438196,0.8486215538847118,Tamil Nadu
1246,11.872866860071085,78.48287319372095,0.7818060868119076,Tamil Nadu
1247,11.87236470623834,78.4249199800499,0.7532754806874256,Tamil Nadu
1248,11.873934751719494,78.42898022894398,0.7776576576576577,Tamil Nadu
1249,11.892543107990072,78.45442154076059,0.8134091289082094,Tamil Nadu
1250,11.894235570723623,78.47247512199043,0.781713046620889,Tamil Nadu
1251,11.889263270651174,78.42303439026993,0.763898916967509,Tamil Nadu
1252,11.902459442428285,78.46582512058593,0.8053132434575734,Tamil Nadu
1253,11.894565706800238,78.47170582229272,0.786510886882634,Tamil Nadu
1254,11.889430207043596,78.45952863520219,0.6965944272445821,Tamil Nadu
1255,11.87766949704412,78.42574448671465,0.8013975726369988,Tamil Nadu
1256,11.870817896869877,78.43724285843457,0.7885057471264367,Tamil Nadu
1257,11.890683803314523,78.46527655829563,0.7229016585692746,Tamil Nadu
1258,11.901903456751446,78.46118852144232,0.4503506829088224,Tamil Nadu
1259,11.88856625786463,78.412311457667,0.7919116337074649,Tamil Nadu
1260,11.894226995077725,78.48283880216752,0.8188251946213729,Tamil Nadu
1261,11.88674602215475,78.4822328571123,0.5616244516768077,Tamil Nadu
1262,11.892655438563205,78.41847765972476,0.6794192662350402,Tamil Nadu
1263,11.880866320984222,78.41487442854569,0.800634026065516,Tamil Nadu
1264,11.89791510541839,78.46444710787122,0.5299563549795001,Tamil Nadu
1265,11.86340682529202,78.43223574333808,0.7971793149764943,Tamil Nadu
1266,11.866408715501338,78.45167131147812,0.6968740132617619,Tamil Nadu
1267,11.892326833195913,78.43204182979017,0.7324246771879483,Tamil Nadu
1268,11.89780130373333,78.41528804709384,0.7341370558375635,Tamil Nadu
1269,11.870629219576438,78.41098421204644,0.7877275396359366,Tamil Nadu
1270,11.870532939560798,78.42958312385372,0.71900826446281,Tamil Nadu
1271,11.885642618184182,78.47892125009065,0.5970215934475056,Tamil Nadu
1272,11.888860595802583,78.41329274542669,0.4534385569334836,Tamil Nadu
1273,11.893318305398662,78.43669864442498,0.5596559812353401,Tamil Nadu
1274,11.901117186969287,78.46070119339878,0.3226822157434402,Tamil Nadu
1275,11.898393768723285,78.44557267655067,0.5725584594222833,Tamil Nadu
1276,11.894940105343998,78.45642616916602,0.8242078748508551,Tamil Nadu
1277,11.872568619679049,78.46001886720667,0.8040364583333334,Tamil Nadu
1278,11.893092649249798,78.45048171085695,0.7874396135265701,Tamil Nadu
1279,11.863850758358463,78.46971474652524,0.8105031215571061,Tamil Nadu
1280,11.865776699824146,78.44583173415543,0.6334383811577377,Tamil Nadu
1281,11.89208013828052,78.44228011078083,0.7530964467005076,Tamil Nadu
1282,11.898892683099774,78.47903686860373,0.7702602230483271,Tamil Nadu
1283,11.901426923718308,78.46698546697968,0.6581446311176041,Tamil Nadu
1284,11.899140403074584,78.41765115070726,0.7591865858009276,Tamil Nadu
1285,11.903468698937726,78.42610304408109,0.6381311665699362,Tamil Nadu
1286,11.867604133635105,78.4768606539128,0.7699474843300017,Tamil Nadu
1287,11.902538222382365,78.42622201264052,0.7449925261584455,Tamil Nadu
1288,11.88617008279601,78.43901907287274,0.8037942232097077,Tamil Nadu
1289,11.87917060040561,78.46690456708423,0.5554621848739496,Tamil Nadu
1290,11.8688127562073,78.44337869286187,0.7840433772269558,Tamil Nadu
1291,11.887616332729248,78.41322336715564,0.7627826086956522,Tamil Nadu
1292,11.895118534984649,78.45814309262867,0.7964488376349991,Tamil Nadu
1293,11.880539917909823,78.46462018652811,0.7794556628621598,Tamil Nadu
1294,11.887729819419706,78.45821578544535,0.7919565586288817,Tamil Nadu
1295,11.879890163409511,78.4219889912378,0.7855009503122454,Tamil Nadu
1296,11.8930867002875,78.47141079366418,0.8061206439058907,Tamil Nadu
1297,11.87659731049557,78.4782309108439,0.8210838901262064,Tamil Nadu
1298,11.902451112179186,78.42155545553939,0.649294670846395,Tamil Nadu
1299,11.864770258417416,78.43766351850667,0.8171872242809246,Tamil Nadu
1300,11.885958975718316,78.42711023697427,0.6878470080197409,Tamil Nadu
1301,11.865541409577787,78.46692539298984,0.8086239477752963,Tamil Nadu
1302,11.879900954777254,78.41221230687025,0.8089653867978059,Tamil Nadu
1303,11.864150255605088,78.41351741019818,0.708915502328676,Tamil Nadu
1304,11.900529180698667,78.43337311746048,0.746802594995366,Tamil Nadu
1305,11.877464695906117,78.41724810956845,0.7866758715913014,Tamil Nadu
1306,11.895938506564464,78.46829733622721,0.7839989385697227,Tamil Nadu
1307,11.89350759835078,78.47561363584288,0.7956179390619651,Tamil Nadu
1308,11.898566221690205,78.47652428195387,0.7656436827421284,Tamil Nadu
1309,11.90099510667253,78.42662062712738,0.7519142419601837,Tamil Nadu
1310,11.868070722284658,78.43167192154552,0.7395862850665911,Tamil Nadu
1311,11.90159067996696,78.44717946697868,0.8501861930678889,Tamil Nadu
1312,11.886129095991285,78.42201577114305,0.7754376727655653,Tamil Nadu
1313,11.876648159013833,78.45925301002369,0.7848692403486924,Tamil Nadu
1314,11.898239607174371,78.43070030594157,0.8050921861281826,Tamil Nadu
1315,11.885161833151091,78.45208067626987,0.7616822429906542,Tamil Nadu
1316,11.892295969136113,78.42037027466229,0.797324414715719,Tamil Nadu
1317,11.883555420196334,78.46937764506731,0.7324025596276905,Tamil Nadu
1318,11.873854976557928,78.41826653133711,0.803818301514154,Tamil Nadu
1319,11.8705679121655,78.46172952400468,0.855800444216641,Tamil Nadu
1320,11.867605406571936,78.46973187094508,0.7962359753890699,Tamil Nadu
1321,11.873918503505374,78.45943610388295,0.8089017165426098,Tamil Nadu
1322,11.892445860123946,78.41896970190008,0.7938314365825498,Tamil Nadu
1323,11.871156217866242,78.46773849801261,0.772801747678864,Tamil Nadu
1324,11.874691575817158,78.4142804382152,0.80096859865646,Tamil Nadu
1325,11.898226955545256,78.4376664392631,0.7324110005061583,Tamil Nadu
1326,11.900628236301198,78.43378630800942,0.7844714686623012,Tamil Nadu
1327,11.875645610802025,78.44360086922127,0.7848244620611552,Tamil Nadu
1328,11.884592310654096,78.45261331346425,0.780811078140455,Tamil Nadu
1329,11.867734163341398,78.42550484652307,0.6203941730934018,Tamil Nadu
1330,11.896408477742204,78.45134303812489,0.8283111422564822,Tamil Nadu
1331,11.87805570044933,78.455119325616,0.644972972972973,Tamil Nadu
1332,11.871479930119076,78.43787817104554,0.816627358490566,Tamil Nadu
1333,11.865669322584983,78.43111205668052,0.6312056737588653,Tamil Nadu
1334,11.881907039635465,78.48016472131754,0.7642276422764228,Tamil Nadu
1335,11.875139149662022,78.43929814360462,0.7427589592538046,Tamil Nadu
1336,11.86561236048692,78.47759764320465,0.8197596795727636,Tamil Nadu
1337,11.891855138859444,78.4280022960727,0.7681202559904747,Tamil Nadu
1338,11.904231086362444,78.43050715314519,0.7846549106621511,Tamil Nadu
1339,11.871293961044104,78.47094408639663,0.7580611169652266,Tamil Nadu
1340,11.863502617962382,78.46747304426502,0.8276468519169891,Tamil Nadu
1341,11.865085003395558,78.41977329088854,0.6454033771106942,Tamil Nadu
1342,11.878565777052254,78.4143585341216,0.7966555183946489,Tamil Nadu
1343,11.883930348301384,78.46180833463387,0.7642612920640633,Tamil Nadu
1344,11.893714806868203,78.41661858224651,0.741442097596504,Tamil Nadu
1345,11.891332662150948,78.46668188587122,0.8243929208396213,Tamil Nadu
1346,11.86270805267228,78.47965328020334,0.8298081652729956,Tamil Nadu
1347,11.871895863262113,78.4665055641137,0.792330383480826,Tamil Nadu
1348,11.872508340236614,78.43848411907088,0.7891304347826087,Tamil Nadu
1349,11.898576264487703,78.4403047157029,0.7067917318047594,Tamil Nadu
1350,11.866542916900029,78.46764610954286,0.7535387177352206,Tamil Nadu
1351,11.862840217331389,78.41972333421252,0.5848732273313278,Tamil Nadu
1352,11.873933042215825,78.41063256560335,0.817238912732475,Tamil Nadu
1353,11.900643114899731,78.44590611312631,0.7433175355450237,Tamil Nadu
1354,11.880579295334297,78.42550155430736,0.6838192134611621,Tamil Nadu
1355,11.902471720166838,78.43300756694434,0.6294129935241278,Tamil Nadu
1356,11.894267881231167,78.42800090494165,0.784669141734003,Tamil Nadu
1357,11.873048289604595,78.41378028610266,0.7066488473103909,Tamil Nadu
1358,11.90343245656677,78.48243991510276,0.8360966366650876,Tamil Nadu
1359,11.861776025953048,78.42077291954052,0.7534668721109399,Tamil Nadu
1360,11.863903825070375,78.46606387357407,0.7708978328173375,Tamil Nadu
1361,11.868658832179554,78.42325277010835,0.7850771626787484,Tamil Nadu
1362,11.872743555694436,78.46710313692036,0.7934472934472935,Tamil Nadu
1363,11.882537608966407,78.44368108907014,0.7295197740112994,Tamil Nadu
1364,11.890152148033875,78.43578874444088,0.6921062476618032,Tamil Nadu
1365,11.900559731490231,78.45541973070192,0.8303508524728759,Tamil Nadu
1366,11.881277390495882,78.4232097735756,0.7437452615617892,Tamil Nadu
1367,11.876209013813218,78.45911838875108,0.7790033484341147,Tamil Nadu
1368,11.878996978390044,78.4722704382335,0.810966810966811,Tamil Nadu
1369,11.880488143911418,78.43309209564245,0.7544117647058823,Tamil Nadu
1370,11.891564837940344,78.4648789470739,0.776,Tamil Nadu
1371,11.863244157188303,78.4586087898451,0.8184176394293126,Tamil Nadu
1372,11.884913649207432,78.44052768169264,0.7220543806646526,Tamil Nadu
1373,11.868393926622408,78.42615573549386,0.7327066763075439,Tamil Nadu
1374,11.889057281078497,78.41142653000664,0.7964187772221326,Tamil Nadu
1375,11.86844813927684,78.46379479758065,0.7859612724757953,Tamil Nadu
1376,11.89761099717706,78.41228515449875,0.7594530486954095,Tamil Nadu
1377,11.863241443218037,78.43526131851016,0.7260435038212816,Tamil Nadu
1378,11.871419727541804,78.42917180258729,0.8234926975408813,Tamil Nadu
1379,11.902307335464336,78.41034266904758,0.4316440777843253,Tamil Nadu
1380,11.902754325784722,78.42341128923661,0.7447893237366922,Tamil Nadu
1381,11.884529147092517,78.41656748537132,0.7644780848442175,Tamil Nadu
1382,11.900887642993949,78.45290211839614,0.7750407534866872,Tamil Nadu
1383,11.8989084934152,78.42106236208407,0.7753092653370361,Tamil Nadu
1384,11.876198166982055,78.45196682016562,0.7458053691275168,Tamil Nadu
1385,11.883331279682595,78.46311421241832,0.782103825136612,Tamil Nadu
1386,11.885472230396555,78.43265341852579,0.7712344280860702,Tamil Nadu
1387,11.888014913220688,78.45483623420282,0.7335841956726247,Tamil Nadu
1388,11.893060260192357,78.43270319881506,0.7169614984391259,Tamil Nadu
1389,11.88004089080228,78.45557795783219,0.663727959697733,Tamil Nadu
1390,11.901784293377252,78.42299224768664,0.7573407202216067,Tamil Nadu
1391,11.887220587484274,78.44115969442998,0.8043785310734464,Tamil Nadu
1392,11.894061358167203,78.42735375140819,0.8054034963800106,Tamil Nadu
1393,11.882582183710678,78.44083540476008,0.7864727272727273,Tamil Nadu
1394,11.881787172740331,78.4526848774822,0.7785467128027682,Tamil Nadu
1395,11.864351443556728,78.41818194991804,0.6168595041322315,Tamil Nadu
1396,11.8855788975299,78.4210244397289,0.7674138709192116,Tamil Nadu
1397,11.864945110660328,78.47307274393123,0.7111378894818385,Tamil Nadu
1398,11.89312258720906,78.42282061712952,0.3226765799256506,Tamil Nadu
1399,11.90059712036245,78.48271215389384,0.7880184331797235,Tamil Nadu
1400,11.893501401394998,78.42687708510663,0.6297020029311187,Tamil Nadu
1401,11.886347844344115,78.42423354288132,0.7960494620202344,Tamil Nadu
1402,11.897219178849197,78.44837112274679,0.4863245636884605,Tamil Nadu
1403,11.885235525163711,78.41380302098156,0.5762606349865117,Tamil Nadu
1404,11.901874251520423,78.41650824056164,0.785456258834616,Tamil Nadu
1405,11.875482878327782,78.44824311552252,0.7361647361647362,Tamil Nadu
1406,11.893290513791865,78.44833024288647,0.6907907710510748,Tamil Nadu
1407,11.879892579564716,78.48144515841105,0.766900702106319,Tamil Nadu
1408,11.877384747223154,78.4707399339142,0.7246807766311002,Tamil Nadu
1409,11.86658781446767,78.46740262307299,0.7365613459171112,Tamil Nadu
1410,11.900967027716336,78.4554281227845,0.8030214991284137,Tamil Nadu
1411,11.8821870308382,78.45565975049828,0.7817582870084414,Tamil Nadu
1412,11.884090755410814,78.4790009453191,0.6410351201478743,Tamil Nadu
1413,11.876464715472316,78.43956389253366,0.7643908969210174,Tamil Nadu
1414,11.880966204715028,78.42464443008076,0.7729591836734694,Tamil Nadu
1415,11.903381390619291,78.43772223674976,0.7830849344586102,Tamil Nadu
1416,11.890314589689982,78.46284336689382,0.748015873015873,Tamil Nadu
1417,11.890190948501058,78.43585199483456,0.7153584838190595,Tamil Nadu
1418,11.899118770354283,78.46686081365256,0.7321007794090991,Tamil Nadu
1419,11.872102188673312,78.4491973003707,0.5665399239543726,Tamil Nadu
1420,11.900230328085074,78.42373913825972,0.7865892972275951,Tamil Nadu
1421,11.897784805407316,78.43757096124654,0.7798331519767864,Tamil Nadu
1422,11.872797947312918,78.46525372344428,0.7714370195150798,Tamil Nadu
1423,11.888428818842748,78.45274548571608,0.81765890135174,Tamil Nadu
1424,11.886576277489723,78.44961373500801,0.7669512807634354,Tamil Nadu
1425,11.864530474776627,78.48127034211754,0.8502943650126157,Tamil Nadu
1426,11.881620685320652,78.42279905268755,0.731797497155859,Tamil Nadu
1427,11.902178714301687,78.41039921579468,0.3347853142501555,Tamil Nadu
1428,11.882380446082331,78.4419439119012,0.7589466576637407,Tamil Nadu
1429,11.90174899031956,78.41562605785082,0.4561458660798491,Tamil Nadu
1430,11.871918436233935,78.46119343836713,0.8329272537417334,Tamil Nadu
1431,11.88533598010314,78.45382724529442,0.8119319120806479,Tamil Nadu
1432,11.899977419930508,78.46688984854889,0.7829795675461217,Tamil Nadu
1433,11.89713356513574,78.42178538127371,0.6681222707423581,Tamil Nadu
1434,11.883410706708595,78.45482265434276,0.8097265433109546,Tamil Nadu
1435,11.898139368727914,78.47636981453331,0.7419850259166827,Tamil Nadu
1436,11.88576971246603,78.45884847506255,0.7545572916666666,Tamil Nadu
1437,11.88919690168431,78.42397316130274,0.8007084552595103,Tamil Nadu
1438,11.869195324080872,78.4810012590413,0.8128451031676838,Tamil Nadu
1439,11.893242691476752,78.43383670653226,0.6143084823800248,Tamil Nadu
1440,11.883768401914162,78.46575157192794,0.7712126417038818,Tamil Nadu
1441,11.897940604415062,78.46142949668801,0.4923843810578787,Tamil Nadu
1442,11.885045132841832,78.44582804000571,0.8006106870229007,Tamil Nadu
1443,11.884642945580566,78.46990887347653,0.8359170876153981,Tamil Nadu
1444,11.871972039034254,78.4756371880714,0.8118565850195243,Tamil Nadu
1445,11.868212056769597,78.44001069967507,0.627906976744186,Tamil Nadu
1446,11.865260174580632,78.48046657960852,0.8573148705599036,Tamil Nadu
1447,11.872907462709035,78.46489471680538,0.7847467062534793,Tamil Nadu
1448,11.862105760541612,78.44376780147117,0.796300145499896,Tamil Nadu
1449,11.873209282701016,78.42367290871702,0.7621067515022977,Tamil Nadu
1450,11.880912932614743,78.44935275306051,0.7611538461538462,Tamil Nadu
1451,11.867925567853923,78.43367630028447,0.7269768955418158,Tamil Nadu
1452,11.8780914301484,78.41659947066931,0.8255196480048551,Tamil Nadu
1453,11.882680786669985,78.48243092675216,0.6753246753246753,Tamil Nadu
1454,11.89917574851923,78.41362271363136,0.7542385596399099,Tamil Nadu
1455,11.87106496622905,78.48206756030145,0.8027636363636363,Tamil Nadu
1456,11.866756058855506,78.4792588847939,0.8306264501160093,Tamil Nadu
1457,11.88923438512296,78.44308335382982,0.7465125548027103,Tamil Nadu
1458,11.894219673784669,78.47673033333245,0.8351510817092794,Tamil Nadu
1459,11.87480807334427,78.43056116253189,0.7890922268526908,Tamil Nadu
1460,11.884282969889956,78.43183145665641,0.8047736625514403,Tamil Nadu
1461,11.897047349556477,78.41020292516075,0.7772845953002611,Tamil Nadu
1462,11.883512750941566,78.46700039170575,0.7671390271926465,Tamil Nadu
1463,11.89412979484642,78.4710561002884,0.8396506005303385,Tamil Nadu
1464,11.870710094945103,78.44883179702434,0.4986868981616574,Tamil Nadu
1465,11.8787722919678,78.43741443416963,0.4998849781458477,Tamil Nadu
1466,11.884720285427743,78.42456071379651,0.586435070306038,Tamil Nadu
1467,11.871550454142897,78.42362432656125,0.7633622658748287,Tamil Nadu
1468,11.904324066861276,78.43408826082546,0.6505808757819481,Tamil Nadu
1469,11.879942627535751,78.42457000146693,0.7606861253285379,Tamil Nadu
1470,11.897500138153456,78.43944867238665,0.7322351421188631,Tamil Nadu
1471,11.884725592481894,78.4188480956984,0.7724039829302988,Tamil Nadu
1472,11.867141040486462,78.42830049382644,0.7008928571428571,Tamil Nadu
1473,11.872341559752757,78.46698543561672,0.8285314359034177,Tamil Nadu
1474,11.862692100794131,78.45878213573576,0.8484705882352941,Tamil Nadu
1475,11.88718208153098,78.45936644495838,0.7605839416058394,Tamil Nadu
1476,11.88793904637271,78.41949833016294,0.7872619829284307,Tamil Nadu
1477,11.862278683338102,78.46548521499594,0.7627264883520276,Tamil Nadu
1478,11.86483722515288,78.43493763313545,0.701098901098901,Tamil Nadu
1479,11.894448508428544,78.48290550461543,0.8125230202578269,Tamil Nadu
1480,11.890911913931069,78.43153472454031,0.8205754614549403,Tamil Nadu
1481,11.887944598764271,78.47530211987647,0.8326359832635983,Tamil Nadu
1482,11.888180573090446,78.45417494347288,0.8278765201122544,Tamil Nadu
1483,11.878634690619878,78.46566158213386,0.813337347583923,Tamil Nadu
1484,11.880552476114834,78.45167112342001,0.7698912421293647,Tamil Nadu
1485,11.898226361134292,78.47383633435447,0.8264807100163014,Tamil Nadu
1486,11.882652749442029,78.4610498455434,0.7255608974358975,Tamil Nadu
1487,11.892845532731895,78.43703705725285,0.5598995695839312,Tamil Nadu
1488,11.86375470507389,78.47507162876455,0.7969239958190234,Tamil Nadu
1489,11.877764625049114,78.43054417506725,0.8293155023755059,Tamil Nadu
1490,11.882524003114083,78.42537047774209,0.755779876261804,Tamil Nadu
1491,11.881386206048568,78.45513138039713,0.7361398233414772,Tamil Nadu
1492,11.874291013508053,78.47541752414486,0.8190630048465266,Tamil Nadu
1493,11.90254872158948,78.48112845257603,0.8136075949367089,Tamil Nadu
1494,11.863778508016471,78.42990675040143,0.5549031121550205,Tamil Nadu
1495,11.899103164841389,78.41945216929219,0.7023121387283237,Tamil Nadu
1496,11.865779603618178,78.46141653329632,0.8116343490304709,Tamil Nadu
1497,11.867866569438116,78.46190158655004,0.8018211033743974,Tamil Nadu
1498,11.874916129005296,78.44905778592224,0.7418702611625948,Tamil Nadu
1499,11.89422459860392,78.45789670282382,0.7901842729428936,Tamil Nadu
1500,11.87873915852126,78.4732934428791,0.8463596407414485,Tamil Nadu
1501,11.894668254323156,78.42406064320093,0.8024653781768376,Tamil Nadu
1502,11.88907333203093,78.41117553692429,0.8107317073170732,Tamil Nadu
1503,11.891334535181974,78.43039447959019,0.7664233576642335,Tamil Nadu
1504,11.885605198085278,78.46121243977942,0.7984051036682616,Tamil Nadu
1505,11.900350846301729,78.43147079151696,0.5749928305133353,Tamil Nadu
1506,11.881015145490542,78.4556205626854,0.7152886115444618,Tamil Nadu
1507,11.902063648706449,78.4171056638571,0.7804916236104588,Tamil Nadu
1508,11.867917473942727,78.45993354866681,0.8231394998493522,Tamil Nadu
1509,11.874224190225204,78.42547184400706,0.7535545023696683,Tamil Nadu
1510,11.87076874455216,78.42064382891417,0.7677224736048266,Tamil Nadu
1511,11.865977555642177,78.44038875071038,0.7704011065006916,Tamil Nadu
1512,11.893144811930286,78.47568121728675,0.835181201390038,Tamil Nadu
1513,11.872282507769969,78.43533072713431,0.7797773371968888,Tamil Nadu
1514,11.885423756566578,78.41664357744453,0.6613661004698229,Tamil Nadu
1515,11.878335324499009,78.46783548822872,0.807554264228337,Tamil Nadu
1516,11.882758299211416,78.43122164447011,0.7681826904624832,Tamil Nadu
1517,11.901792357234584,78.43888094950809,0.7116479458378212,Tamil Nadu
1518,11.861944589700588,78.45534770549749,0.8157394843962008,Tamil Nadu
1519,11.883757232648898,78.41936757248985,0.7550393549625648,Tamil Nadu
1520,11.889311456073145,78.4161300860034,0.81442097596504,Tamil Nadu
1521,11.869251573932283,78.46980183233644,0.7699428796533386,Tamil Nadu
1522,11.868748778150298,78.44028593291395,0.8008097165991903,Tamil Nadu
1523,11.900454831469528,78.47918949181829,0.7739938080495357,Tamil Nadu
1524,11.891990990988448,78.4262895551275,0.7948627103631533,Tamil Nadu
1525,11.894375571081952,78.4167495557416,0.7680904153823572,Tamil Nadu
1526,11.884575680390988,78.43455005080376,0.6411449016100179,Tamil Nadu
1527,11.889582900132767,78.46374741408376,0.7510128913443831,Tamil Nadu
1528,11.8677981153504,78.43510318256484,0.7893972403776325,Tamil Nadu
1529,11.89279412060482,78.43996598243977,0.7705570291777188,Tamil Nadu
1530,11.883695895428511,78.44824016724232,0.7780134323082362,Tamil Nadu
1531,11.896578744912492,78.44001464258646,0.7302242152466367,Tamil Nadu
1532,11.894675108904176,78.4295850352644,0.8252427184466019,Tamil Nadu
1533,11.867895905206638,78.46571332167682,0.6167950128346168,Tamil Nadu
1534,11.893035970012612,78.44209156525874,0.765664614270192,Tamil Nadu
1535,11.876861535177872,78.45615503549516,0.7921100016369291,Tamil Nadu
1536,11.89470005651466,78.42689738090462,0.8020972354623451,Tamil Nadu
1537,11.889392327232969,78.41545768439995,0.7987294253537396,Tamil Nadu
1538,11.864855603486705,78.4285917219474,0.7867377540819727,Tamil Nadu
1539,11.883937339790656,78.46766606537446,0.7429130009775171,Tamil Nadu
1540,11.881333780244898,78.44102282973212,0.7607299763433593,Tamil Nadu
1541,11.892194748215218,78.45404666611397,0.8439079169006176,Tamil Nadu
1542,11.881131484054196,78.44522696353143,0.7962441314553991,Tamil Nadu
1543,11.870039437411885,78.47325921369651,0.8536662452591656,Tamil Nadu
1544,11.900744124435333,78.43198904759434,0.4526999593991068,Tamil Nadu
1545,11.886902103510108,78.4192808529068,0.8152770843734398,Tamil Nadu
1546,11.867161364103296,78.44057730095372,0.7566952564326973,Tamil Nadu
1547,11.865552514983802,78.47763823660482,0.8315116865646545,Tamil Nadu
1548,11.904470051457286,78.42847890775941,0.4514435695538057,Tamil Nadu
1549,11.890262976066191,78.46796414698058,0.8283864004317323,Tamil Nadu
1550,11.878227846204762,78.45939078506488,0.7618715083798883,Tamil Nadu
1551,11.903986009248788,78.44316974356549,0.7551388388027407,Tamil Nadu
1552,11.87000522091508,78.42253317418803,0.7814928875201642,Tamil Nadu
1553,11.898502397872871,78.45204571187418,0.8180691151402448,Tamil Nadu
1554,11.876952349018309,78.43789277578563,0.4014361825341672,Tamil Nadu
1555,11.862374696021316,78.4512497143423,0.7884877384196185,Tamil Nadu
1556,11.888985036528632,78.4572868238143,0.8445868243798259,Tamil Nadu
1557,11.895597183805988,78.45221665197475,0.7865419800772515,Tamil Nadu
1558,11.87185694144911,78.44926448576027,0.6984338553815395,Tamil Nadu
1559,11.899251507844289,78.46418951752143,0.3597709377236936,Tamil Nadu
1560,11.8676688243129,78.4533580882101,0.4947778860882885,Tamil Nadu
1561,11.87394291162255,78.41616514868375,0.72620196949218,Tamil Nadu
1562,11.878583606163645,78.43511225723783,0.754730713245997,Tamil Nadu
1563,11.865207826511597,78.47471013319772,0.8206770356816102,Tamil Nadu
1564,11.877935657999902,78.45033059944376,0.7664796633941094,Tamil Nadu
1565,11.88883912698936,78.43635277947918,0.5375963340970631,Tamil Nadu
1566,11.903416959332008,78.42456711104802,0.7664556962025316,Tamil Nadu
1567,11.895496391913577,78.4136341381377,0.7075846415736713,Tamil Nadu
1568,11.89263144670196,78.47889821393923,0.8203276378368857,Tamil Nadu
1569,11.901922607685956,78.46734329219915,0.8047452353169973,Tamil Nadu
1570,11.888962764118324,78.448978121024,0.6272765777213045,Tamil Nadu
1571,11.880107890893877,78.47165508856753,0.8147148767763986,Tamil Nadu
1572,11.882248765558282,78.4757479553014,0.6200592025074003,Tamil Nadu
1573,11.880376875819282,78.47154335337056,0.8565993561603746,Tamil Nadu
1574,11.891749428394704,78.42247596168497,0.4845280062671367,Tamil Nadu
1575,11.892220379489522,78.41719495745468,0.8072289156626506,Tamil Nadu
1576,11.90447917453608,78.4776001554542,0.8225558778365467,Tamil Nadu
1577,11.864744055238251,78.41180371055889,0.7254237288135593,Tamil Nadu
1578,11.881908153610912,78.47688264705447,0.6689562740827609,Tamil Nadu
1579,11.897139457140026,78.42637086379727,0.7871090882396123,Tamil Nadu
1580,11.86702309326594,78.47671702704612,0.7843537414965986,Tamil Nadu
1581,11.882946718214535,78.42523758558806,0.7653631284916201,Tamil Nadu
1582,11.898880383882725,78.46538771997095,0.758841778697001,Tamil Nadu
1583,11.88097690394563,78.45968024468787,0.7549167927382754,Tamil Nadu
1584,11.886753216551345,78.46289080280323,0.7547043010752689,Tamil Nadu
1585,11.870074571094486,78.42930704848285,0.7283625345804242,Tamil Nadu
1586,11.862039444268348,78.42604372186423,0.640625,Tamil Nadu
1587,11.893984195777769,78.47059765233652,0.8069129916567342,Tamil Nadu
1588,11.878472850991338,78.45707356711199,0.7248941900731051,Tamil Nadu
1589,11.902980228716864,78.42340373401275,0.7690362461365552,Tamil Nadu
1590,11.88110509484718,78.47109417788927,0.8210103128823633,Tamil Nadu
1591,11.888309728141031,78.47539984022362,0.7749792874896437,Tamil Nadu
1592,11.888318430301608,78.4781370935869,0.8330719637567521,Tamil Nadu
1593,11.88492913621786,78.45474245875893,0.8132110714892172,Tamil Nadu
1594,11.895585972680948,78.42210644760443,0.8009315163015353,Tamil Nadu
1595,11.86824620744513,78.42323308405265,0.7890969162995595,Tamil Nadu
1596,11.89797328447141,78.42251787925566,0.739202657807309,Tamil Nadu
1597,11.86942220813792,78.46020372669993,0.7618785543936892,Tamil Nadu
1598,11.888073607858264,78.41977155166887,0.7948210456869537,Tamil Nadu
1599,11.871966656978524,78.41608259520778,0.7543111111111112,Tamil Nadu
1600,11.87052038276008,78.4366607076867,0.7792622712750509,Tamil Nadu
1601,11.893367497081767,78.46238236013183,0.810963394645784,Tamil Nadu
1602,11.86191767432629,78.43335487359795,0.7299428346146265,Tamil Nadu
1603,11.882898476805837,78.42768583783038,0.4462483545414655,Tamil Nadu
1604,11.886751259356846,78.456316708668,0.8346344925479063,Tamil Nadu
1605,11.88367120805752,78.43319764616436,0.3809523809523809,Tamil Nadu
1606,11.88330139574656,78.4313547413807,0.756385751520417,Tamil Nadu
1607,11.885064473333696,78.44899229307185,0.7990228443153308,Tamil Nadu
1608,11.90318746814915,78.44329609658672,0.7594448727833462,Tamil Nadu
1609,11.888509579729943,78.46786682198152,0.8803067948579454,Tamil Nadu
1610,11.88009432644266,78.4557497443191,0.6852749104697704,Tamil Nadu
1611,11.880015207417566,78.46296704915893,0.8501672240802676,Tamil Nadu
1612,11.88199406018258,78.41171021327597,0.8295587988592518,Tamil Nadu
1613,11.8971593226554,78.4336925918367,0.7231518101612413,Tamil Nadu
1614,11.893870500618489,78.4277071460917,0.7507282563462339,Tamil Nadu
1615,11.86225196233536,78.43345429780088,0.7604186133433003,Tamil Nadu
1616,11.882270953582458,78.44099638292928,0.6617703904136065,Tamil Nadu
1617,11.892098718399186,78.48002003270493,0.8011565006528633,Tamil Nadu
1618,11.871956018270897,78.41869102268758,0.7779284624512629,Tamil Nadu
1619,11.901013048312738,78.4721383193488,0.7790821771611526,Tamil Nadu
1620,11.873812082425964,78.45085980844013,0.7886904761904762,Tamil Nadu
1621,11.891132811056416,78.47729925983546,0.8640440597954366,Tamil Nadu
1622,11.87661918622415,78.45918808716068,0.7741935483870968,Tamil Nadu
1623,11.88491213364978,78.41183697502692,0.7676659528907923,Tamil Nadu
1624,11.877988013921186,78.44258507450066,0.773552290406223,Tamil Nadu
1625,11.8964272791935,78.46780310577236,0.8063543890493533,Tamil Nadu
1626,11.868306500348927,78.47042026645418,0.7716412064238152,Tamil Nadu
1627,11.881971220151922,78.43762976883518,0.7188328912466844,Tamil Nadu
1628,11.881164022595264,78.4580902041625,0.7697500456121146,Tamil Nadu
1629,11.88638453577735,78.41260986879594,0.779901356350185,Tamil Nadu
1630,11.894668401141374,78.44966563698509,0.8290627687016338,Tamil Nadu
1631,11.867370794899273,78.45090009911713,0.3194805194805195,Tamil Nadu
1632,11.899660606194695,78.43821152678895,0.6805318138651472,Tamil Nadu
1633,11.881253801843336,78.45532284405971,0.7924072854948431,Tamil Nadu
1634,11.88439597825669,78.43506229432028,0.7610112581473435,Tamil Nadu
1635,11.879374660558572,78.45386443611963,0.6947662804634439,Tamil Nadu
1636,11.898530018805973,78.42337675387888,0.8070549630844955,Tamil Nadu
1637,11.87019354940233,78.44688175945625,0.565136476426799,Tamil Nadu
1638,11.895189903215678,78.45241948839733,0.7775622373100549,Tamil Nadu
1639,11.903965913251255,78.4304207321682,0.6352156302120562,Tamil Nadu
1640,11.892514597488896,78.4772023541959,0.8595896218416144,Tamil Nadu
1641,11.876111388151974,78.42459515559118,0.8168555020952972,Tamil Nadu
1642,11.880873770543747,78.42528278167504,0.7206076618229855,Tamil Nadu
1643,11.89730487174664,78.4613442588753,0.6710079275198187,Tamil Nadu
1644,11.86534322924958,78.46631457930076,0.8135536075522589,Tamil Nadu
1645,11.887270903318852,78.46352790851456,0.760239445494644,Tamil Nadu
1646,11.888927261741062,78.43024647028469,0.8259390503189228,Tamil Nadu
1647,11.900615868534135,78.48191740093037,0.8071990070335127,Tamil Nadu
1648,11.893841865205417,78.47132150522225,0.803363074811256,Tamil Nadu
1649,11.903861595811314,78.46588751494045,0.8128576236957253,Tamil Nadu
1650,11.863041345024747,78.47507445759447,0.7220595832615808,Tamil Nadu
1651,11.892410722657202,78.4751457630489,0.6804260985352862,Tamil Nadu
1652,11.874018795919106,78.42134461473725,0.7413880875615136,Tamil Nadu
1653,11.867035345925016,78.45946279739807,0.7281161758773699,Tamil Nadu
1654,11.86823196263826,78.43374774809558,0.8112855588372454,Tamil Nadu
1655,11.87434098762808,78.45143110742582,0.7223903177004538,Tamil Nadu
1656,11.8825085323642,78.45272418615112,0.7453183520599251,Tamil Nadu
1657,11.879007857430002,78.46490061863997,0.4588500563697858,Tamil Nadu
1658,11.868794881056338,78.41247774710419,0.7134706814580032,Tamil Nadu
1659,11.867698039191394,78.4535510055055,0.6036453059453204,Tamil Nadu
1660,11.877377382033863,78.4366231160657,0.6842558690501831,Tamil Nadu
1661,11.879185155894575,78.46983144788238,0.8546295107229999,Tamil Nadu
1662,11.88989949107099,78.48032185241063,0.4036786060019361,Tamil Nadu
1663,11.89425699740146,78.47314521647789,0.7858439201451906,Tamil Nadu
1664,11.86675384983383,78.41371478635153,0.4059616749467707,Tamil Nadu
1665,11.86717049417425,78.46159159561714,0.7933005238926814,Tamil Nadu
1666,11.862320206810391,78.43170367798419,0.800339558573854,Tamil Nadu
1667,11.895028050334744,78.45228251043825,0.7857664233576642,Tamil Nadu
1668,11.88012865409353,78.41296023575096,0.8170156574231278,Tamil Nadu
1669,11.887743987207012,78.48215863107282,0.5580763700271609,Tamil Nadu
1670,11.88337344060366,78.45294659201218,0.8122448979591836,Tamil Nadu
1671,11.898940093038728,78.4650774086704,0.7618364418938307,Tamil Nadu
1672,11.8831662352064,78.43015731919598,0.7713764813126709,Tamil Nadu
1673,11.869807935870648,78.43643907918174,0.7585064739536285,Tamil Nadu
1674,11.899235839037472,78.45077238710786,0.7317073170731707,Tamil Nadu
1675,11.874908956277697,78.45153626149698,0.7875843899226083,Tamil Nadu
1676,11.873350261732291,78.44794522435743,0.8160036860697282,Tamil Nadu
1677,11.90206601819949,78.45439428697738,0.8200290275761973,Tamil Nadu
1678,11.890652257409249,78.44026056486469,0.6474600610303357,Tamil Nadu
1679,11.8660261799092,78.46358341305007,0.7558182489841152,Tamil Nadu
1680,11.872517375957948,78.46887925546666,0.7760266707076829,Tamil Nadu
1681,11.870315954565324,78.46385909549065,0.7621283255086072,Tamil Nadu
1682,11.879146949911908,78.44897394006121,0.7783262284047565,Tamil Nadu
1683,11.866580147242937,78.41951874305953,0.3866666666666666,Tamil Nadu
1684,11.867424512124703,78.4309798612999,0.4971880858154551,Tamil Nadu
1685,11.895029274536626,78.43270333141132,0.7810295270446825,Tamil Nadu
1686,11.86300598985706,78.47183480782343,0.8217503217503217,Tamil Nadu
1687,11.87711699567307,78.46948963710264,0.821411578112609,Tamil Nadu
1688,11.86243481745708,78.47822595299755,0.8391454602576186,Tamil Nadu
1689,11.89026707794295,78.4752181411964,0.8508518161362906,Tamil Nadu
1690,11.88723908631098,78.43610424055389,0.7749297752808989,Tamil Nadu
1691,11.898692469576908,78.47329324099934,0.7884769699887658,Tamil Nadu
1692,11.901737778978882,78.46390236800619,0.7870633461474177,Tamil Nadu
1693,11.893677026448524,78.41313643546218,0.7918634770684139,Tamil Nadu
1694,11.862424643676892,78.46001086983685,0.847822811511225,Tamil Nadu
1695,11.878602100282889,78.48071091843246,0.8279374317933794,Tamil Nadu
1696,11.894054259141924,78.44184097327127,0.8071465207727817,Tamil Nadu
1697,11.893259317952708,78.43489431273659,0.5877231813486794,Tamil Nadu
1698,11.8816832642726,78.44823042674831,0.7722239797532426,Tamil Nadu
1699,11.88914537046476,78.43476790355847,0.6901649882151275,Tamil Nadu
1700,11.887235765120986,78.48287474288088,0.4278430817164707,Tamil Nadu
1701,11.882336765185013,78.47969659458687,0.704248366013072,Tamil Nadu
1702,11.883772917602808,78.42236781778139,0.7574441687344913,Tamil Nadu
1703,11.86495509016456,78.43584837123943,0.7880068889932675,Tamil Nadu
1704,11.901941106094853,78.46141177743185,0.5187882318671716,Tamil Nadu
1705,11.868799647800882,78.42456159970543,0.770960613544781,Tamil Nadu
1706,11.891020139211312,78.46209444053903,0.7467488021902806,Tamil Nadu
1707,11.876997177012232,78.4801455368306,0.8238112790269074,Tamil Nadu
1708,11.897768224949164,78.42890524007086,0.8130348913759052,Tamil Nadu
1709,11.89511005435991,78.47479078023603,0.7677085259848345,Tamil Nadu
1710,11.863884940409337,78.43887940993872,0.701510333863275,Tamil Nadu
1711,11.90226209892406,78.42968575360494,0.4702380952380952,Tamil Nadu
1712,11.867714700360525,78.44730049708431,0.3840067815767166,Tamil Nadu
1713,11.88939651562572,78.45369271358553,0.7077969043830464,Tamil Nadu
1714,11.896869251823968,78.44817079791214,0.5290482076637825,Tamil Nadu
1715,11.882224475910489,78.43944687918966,0.5156838143036386,Tamil Nadu
1716,11.888067830542797,78.44429463844317,0.7737665463297232,Tamil Nadu
1717,11.895441040904071,78.45624581362247,0.7985917799246766,Tamil Nadu
1718,11.898586649182734,78.42455391722164,0.8008958243028464,Tamil Nadu
1719,11.9029086878197,78.43220430143705,0.6917950853810912,Tamil Nadu
1720,11.882295656100382,78.41854614674222,0.6420150053590568,Tamil Nadu
1721,11.872087059144224,78.4276559045818,0.7742567788304475,Tamil Nadu
1722,11.866706641232126,78.42471516583194,0.735581188997338,Tamil Nadu
1723,11.892766347484477,78.45890455720586,0.7921810699588477,Tamil Nadu
1724,11.878135803340818,78.42714663762544,0.7601101359490621,Tamil Nadu
1725,11.86830589000851,78.43045556541466,0.7883746298893564,Tamil Nadu
1726,11.882784455305426,78.43347520543882,0.78455522971652,Tamil Nadu
1727,11.875376861788542,78.46686549448656,0.4881907819307498,Tamil Nadu
1728,11.882844618135826,78.48289301436569,0.8358084431837143,Tamil Nadu
1729,11.867980853311275,78.4502815074906,0.5020758001874916,Tamil Nadu
1730,11.86449661882291,78.44469422210454,0.7626774847870182,Tamil Nadu
1731,11.892213817539222,78.43795025295033,0.6084841408834404,Tamil Nadu
1732,11.886042067693818,78.4506908402098,0.8146931265606518,Tamil Nadu
1733,11.875021492948187,78.45838421649329,0.7088502894954508,Tamil Nadu
1734,11.895481481777866,78.47963712279137,0.7976506252368322,Tamil Nadu
1735,11.878901273861036,78.48213892896845,0.827573110520319,Tamil Nadu
1736,11.862088857021892,78.41529881874354,0.4972289327838567,Tamil Nadu
1737,11.871763357875013,78.47923664347375,0.8018741633199464,Tamil Nadu
1738,11.901357730786607,78.42638609460836,0.7229113734867733,Tamil Nadu
1739,11.878154359237495,78.43785767042662,0.7880908182207625,Tamil Nadu
1740,11.890796942806672,78.42411434350124,0.796248382923674,Tamil Nadu
1741,11.872934668792658,78.45009904144061,0.7411371237458194,Tamil Nadu
1742,11.898433433925998,78.42869586421594,0.7663472852580265,Tamil Nadu
1743,11.883940304680046,78.4111755478708,0.8013493253373314,Tamil Nadu
1744,11.891041485414942,78.45936824293503,0.7586492302598907,Tamil Nadu
1745,11.867284073369747,78.41067797772216,0.7265703728585825,Tamil Nadu
1746,11.89531271528234,78.44532576076024,0.7807802736024321,Tamil Nadu
1747,11.886314565385849,78.44055592816487,0.7671374440234241,Tamil Nadu
1748,11.872098966385916,78.46631113886947,0.7662682602921647,Tamil Nadu
1749,11.897501061211935,78.45367218291162,0.7969382368467359,Tamil Nadu
1750,11.890190040083056,78.41943644724763,0.8310306495156423,Tamil Nadu
1751,11.89474913973104,78.44106875625062,0.8144559173947578,Tamil Nadu
1752,11.874080636220018,78.43994988889861,0.7289915966386554,Tamil Nadu
1753,11.89082318893504,78.42437056462548,0.7757182576459685,Tamil Nadu
1754,11.892379736077974,78.4529580312623,0.8061802297362887,Tamil Nadu
1755,11.874618626625246,78.41139983718581,0.759550968676444,Tamil Nadu
1756,11.880075440135377,78.46459263565916,0.7796097829073921,Tamil Nadu
1757,11.90103594128228,78.47585106727986,0.8317633449016691,Tamil Nadu
1758,11.886647268562802,78.4817297539829,0.4738273283480625,Tamil Nadu
1759,11.887093070657412,78.45575941515334,0.8227848101265823,Tamil Nadu
1760,11.8675606682887,78.44095486599424,0.8237367802585194,Tamil Nadu
1761,11.89371909776528,78.47027052659494,0.8185422384873438,Tamil Nadu
1762,11.89947714501974,78.41288357878204,0.6334152334152334,Tamil Nadu
1763,11.864359441872368,78.44372707483609,0.7853061224489796,Tamil Nadu
1764,11.900676188918522,78.45689168722171,0.779510022271715,Tamil Nadu
1765,11.90404925872378,78.42675210298557,0.7124260355029586,Tamil Nadu
1766,11.903664685592872,78.47269983240729,0.7051561365286856,Tamil Nadu
1767,11.89260183780116,78.42538480775103,0.7746563060370592,Tamil Nadu
1768,11.869668098218604,78.4435625960893,0.7785272625070264,Tamil Nadu
1769,11.903524628217856,78.46678887804858,0.8296627666896077,Tamil Nadu
1770,11.897941728673038,78.46477260593404,0.7710583153347732,Tamil Nadu
1771,11.86174329005454,78.44847573954607,0.7487367137131905,Tamil Nadu
1772,11.87288012791039,78.48036602867201,0.8028278132868487,Tamil Nadu
1773,11.893113325882773,78.41850743033652,0.7792785878741366,Tamil Nadu
1774,11.867557412881386,78.4741092466317,0.832556471853711,Tamil Nadu
1775,11.892736517052713,78.45981803222878,0.7599854094473828,Tamil Nadu
1776,11.89360627207114,78.42604734934072,0.6414958647968356,Tamil Nadu
1777,11.888110411245355,78.44155496143458,0.8225395206527282,Tamil Nadu
1778,11.88841215046979,78.45663858138322,0.816428703875394,Tamil Nadu
1779,11.899756369592662,78.43779905665848,0.7420554952720508,Tamil Nadu
1780,11.90383672115099,78.43796925657898,0.7586715867158672,Tamil Nadu
1781,11.86983233990664,78.44026704905266,0.8082274652147611,Tamil Nadu
1782,11.889385032552596,78.43331785847771,0.8041917045287996,Tamil Nadu
1783,11.877114782586926,78.41013394083619,0.7433484162895928,Tamil Nadu
1784,11.86638833263974,78.47295824900287,0.8336498290922901,Tamil Nadu
1785,11.892329233310406,78.42173574471106,0.5771734967445423,Tamil Nadu
1786,11.869155158900645,78.41485644611102,0.8168731168396385,Tamil Nadu
1787,11.870304016590929,78.47245224810969,0.8414507772020725,Tamil Nadu
1788,11.886489944610345,78.42305860989039,0.78652559514548,Tamil Nadu
1789,11.864703548046924,78.45603767109722,0.7933432687531048,Tamil Nadu
1790,11.879233024714376,78.433089499903,0.8080916577157179,Tamil Nadu
1791,11.894135642615396,78.45067984777748,0.7826250470101542,Tamil Nadu
1792,11.891878774514169,78.43598597699139,0.6871476073442244,Tamil Nadu
1793,11.884259928843218,78.46485423656173,0.7765801077902988,Tamil Nadu
1794,11.876044241958487,78.48217111785164,0.8286086673183447,Tamil Nadu
1795,11.877727219748149,78.44450364459311,0.7759908098793796,Tamil Nadu
1796,11.867499079300323,78.46906656960356,0.7691686844229217,Tamil Nadu
1797,11.901729239088636,78.41250333939216,0.6964316202834215,Tamil Nadu
1798,11.894522242134384,78.46816067474606,0.7629152641592273,Tamil Nadu
1799,11.883790858563206,78.438063795651,0.7814935064935065,Tamil Nadu
1800,11.899218411954438,78.43274299349292,0.8218880534670009,Tamil Nadu
1801,11.86754169998169,78.42477250694617,0.7437974683544304,Tamil Nadu
1802,11.893996303696596,78.45333209125408,0.7890832008479067,Tamil Nadu
1803,11.892845272805458,78.45035525433026,0.7511485451761103,Tamil Nadu
1804,11.87711445960035,78.47404988728269,0.7944883571886349,Tamil Nadu
1805,11.893010298882697,78.4228926815589,0.323509252912954,Tamil Nadu
1806,11.87156607481328,78.47915268860528,0.7703386531724407,Tamil Nadu
1807,11.864400479277826,78.4116572935683,0.6213055160423582,Tamil Nadu
1808,11.899852670880655,78.47480948139498,0.8227890585668737,Tamil Nadu
1809,11.891616447106143,78.42901881064734,0.7931984028638304,Tamil Nadu
1810,11.89899223025726,78.41476986148382,0.6796027220893875,Tamil Nadu
1811,11.879076328803114,78.41667992428957,0.7132393334554111,Tamil Nadu
1812,11.884547837248489,78.43373036305866,0.7952205882352941,Tamil Nadu
1813,11.902334817770386,78.43449623363664,0.7022140221402214,Tamil Nadu
1814,11.89591310261367,78.48145663406969,0.5312447078746825,Tamil Nadu
1815,11.90451123346424,78.46051702646747,0.7418948693736229,Tamil Nadu
1816,11.874319808165646,78.47887414369306,0.8357738646895273,Tamil Nadu
1817,11.87021892166246,78.43133239737685,0.6860787576261785,Tamil Nadu
1818,11.863891005686392,78.41081564697033,0.7560339204174821,Tamil Nadu
1819,11.877680037279838,78.46121700757479,0.7551417004048583,Tamil Nadu
1820,11.88681421413007,78.43543143860816,0.5236220472440944,Tamil Nadu
1821,11.878562295756604,78.48011555182978,0.8211920529801324,Tamil Nadu
1822,11.880421309444817,78.43945294134319,0.7687820399505038,Tamil Nadu
1823,11.888758976533405,78.45964317291451,0.7369676320272572,Tamil Nadu
1824,11.879841022434125,78.44390597697642,0.7506345177664975,Tamil Nadu
1825,11.90448357401982,78.41516262637643,0.5572840706530546,Tamil Nadu
1826,11.870539166182963,78.43998668624357,0.3151523990083126,Tamil Nadu
1827,11.870237710397664,78.41706277808144,0.7345514950166113,Tamil Nadu
1828,11.89243628959287,78.42455018067203,0.78767803908579,Tamil Nadu
1829,11.89661503327576,78.461807928154,0.6304661220567035,Tamil Nadu
1830,11.865009130730728,78.48135817727245,0.8612376892547405,Tamil Nadu
1831,11.871766672450674,78.4196543772415,0.8073061907417736,Tamil Nadu
1832,11.869493722091764,78.4565455394609,0.745336097127628,Tamil Nadu
1833,11.898736472073988,78.4151220397172,0.6944054541808703,Tamil Nadu
1834,11.870338575189193,78.46920508439747,0.7116060961313013,Tamil Nadu
1835,11.89069450271535,78.46692079871619,0.7318477251624884,Tamil Nadu
1836,11.892575539431125,78.44411126770545,0.6950018241517695,Tamil Nadu
1837,11.872310671864607,78.45182146580972,0.7996870109546166,Tamil Nadu
1838,11.897279274678644,78.43071765325112,0.8222222222222222,Tamil Nadu
1839,11.877789398804987,78.43575009835122,0.8086763070077865,Tamil Nadu
1840,11.869956475119196,78.48202841633046,0.8311407160699417,Tamil Nadu
1841,11.902491618551434,78.46186277198437,0.5840634815672012,Tamil Nadu
1842,11.90361096798268,78.4127366098743,0.4280415430267062,Tamil Nadu
1843,11.894821787443826,78.42083909902985,0.7958229881700014,Tamil Nadu
1844,11.86881766260576,78.43433648845128,0.7606916782461016,Tamil Nadu
1845,11.900193333712425,78.43145286537826,0.6245966976655912,Tamil Nadu
1846,11.893113715453204,78.46899218134678,0.8023643528341922,Tamil Nadu
1847,11.86201155825501,78.427306520744,0.5671428571428572,Tamil Nadu
1848,11.893239236725442,78.44811145942921,0.7120622568093385,Tamil Nadu
1849,11.885029150439562,78.42155828129964,0.7407163982911601,Tamil Nadu
1850,11.901442538407808,78.47688743056447,0.8028561476837339,Tamil Nadu
1851,11.863246424913608,78.45687237390749,0.8532674061205399,Tamil Nadu
1852,11.890125932571475,78.43824761493782,0.6649350649350649,Tamil Nadu
1853,11.885965856003686,78.47332767856102,0.5710082081461979,Tamil Nadu
1854,11.883906083589958,78.47545013114478,0.334899504045941,Tamil Nadu
1855,11.881821132409176,78.41754451087948,0.6395329158910137,Tamil Nadu
1856,11.899727006805852,78.4177943735404,0.7803796345573887,Tamil Nadu
1857,11.897950624894811,78.44518933871174,0.6229166666666667,Tamil Nadu
1858,11.86620625574429,78.47076664391012,0.7906449618792499,Tamil Nadu
1859,11.872628536719494,78.44299006210706,0.798069397338899,Tamil Nadu
1860,11.863070995866922,78.43791920408397,0.711503347534997,Tamil Nadu
1861,11.880493723303928,78.46919448391681,0.7965430320489737,Tamil Nadu
1862,11.885279593066471,78.48263972977361,0.7142400511427202,Tamil Nadu
1863,11.877520500963264,78.43932193949298,0.6717741935483871,Tamil Nadu
1864,11.900698783065735,78.42914956837333,0.7235488931497298,Tamil Nadu
1865,11.882718348862946,78.42474894483593,0.7226408324363115,Tamil Nadu
1866,11.896208661501907,78.42878133914806,0.8248847926267281,Tamil Nadu
1867,11.866089728839883,78.41844449216431,0.6519162386408535,Tamil Nadu
1868,11.871445699736062,78.4408176969516,0.7715803452855245,Tamil Nadu
1869,11.872689661181878,78.46624712304515,0.7525445292620865,Tamil Nadu
1870,11.8942767955881,78.4388176588509,0.7537604456824513,Tamil Nadu
1871,11.872086571730474,78.42191332940742,0.7843379883330387,Tamil Nadu
1872,11.883971366081786,78.46557506197234,0.800575263662512,Tamil Nadu
1873,11.897220895226203,78.43515130297044,0.7579787234042553,Tamil Nadu
1874,11.872193366500005,78.47867469822779,0.8052830188679245,Tamil Nadu
1875,11.878488913603231,78.42005962146364,0.7524636712877902,Tamil Nadu
1876,11.892447720540424,78.47488183068536,0.6281555187027824,Tamil Nadu
1877,11.901976905099026,78.4690164881669,0.7831612390786339,Tamil Nadu
1878,11.8963423102998,78.4456323111996,0.7164875278848104,Tamil Nadu
1879,11.862577780192058,78.46397501095635,0.7854170436041252,Tamil Nadu
1880,11.892938213616214,78.41865816709495,0.8155594405594405,Tamil Nadu
1881,11.870535762599308,78.45004008358961,0.6050444253367727,Tamil Nadu
1882,11.867588964763996,78.47707258847548,0.7695090439276486,Tamil Nadu
1883,11.890457141516295,78.41559450190131,0.812787186556387,Tamil Nadu
1884,11.869102792084796,78.41197337666588,0.7144981412639405,Tamil Nadu
1885,11.87948807799795,78.44408521088627,0.7921647967629207,Tamil Nadu
1886,11.89068672029085,78.43969736421805,0.8026889534883721,Tamil Nadu
1887,11.881071822329847,78.44372497404362,0.7726280436607893,Tamil Nadu
1888,11.86853970237413,78.43712814085362,0.6364285714285715,Tamil Nadu
1889,11.895776904821677,78.44030905200374,0.7008767405879319,Tamil Nadu
1890,11.87714317676606,78.41070753569119,0.7037891902288902,Tamil Nadu
1891,11.862617400662696,78.4325993722546,0.7387017255546425,Tamil Nadu
1892,11.86324326778883,78.4196984665033,0.6070840197693574,Tamil Nadu
1893,11.888425400130837,78.44125961625542,0.8156079854809437,Tamil Nadu
1894,11.888119452352406,78.41766377291998,0.804766107678729,Tamil Nadu
1895,11.866200997936115,78.41652931757149,0.623342175066313,Tamil Nadu
1896,11.871704217224057,78.43340292128956,0.7548990933021351,Tamil Nadu
1897,11.880651002445784,78.4202910780517,0.7410390656463954,Tamil Nadu
1898,11.8971635084848,78.47703769834088,0.7770713292271011,Tamil Nadu
1899,11.86884001061374,78.44214593847965,0.7953558052434457,Tamil Nadu
1900,11.873750861855852,78.42103749780033,0.7723174827647162,Tamil Nadu
1901,11.867229115443806,78.4390775561628,0.7763046064932857,Tamil Nadu
1902,11.90449047732752,78.4483478834873,0.8080082135523614,Tamil Nadu
1903,11.870258599255884,78.42971072863266,0.5249290636400487,Tamil Nadu
1904,11.899435918365024,78.44244467152815,0.6600229095074456,Tamil Nadu
1905,11.880597750107675,78.44416611490108,0.7834580974986306,Tamil Nadu
1906,11.87432791564247,78.44100072953935,0.7982887311123248,Tamil Nadu
1907,11.872541769355168,78.42469956234724,0.7509170946441672,Tamil Nadu
1908,11.862960033542166,78.41739613654495,0.4553782972674143,Tamil Nadu
1909,11.87232431985244,78.42880676866434,0.7553779963122311,Tamil Nadu
1910,11.86577689206433,78.4133972200178,0.6413793103448275,Tamil Nadu
1911,11.89856738342826,78.46176375974824,0.438877755511022,Tamil Nadu
1912,11.863162016566864,78.43904711403437,0.7796510488139581,Tamil Nadu
1913,11.868545337289191,78.41376805124163,0.7783191230207065,Tamil Nadu
1914,11.86598780398836,78.4386968721595,0.7289459007250418,Tamil Nadu
1915,11.87605306854288,78.44711500381007,0.7627531597380843,Tamil Nadu
1916,11.869279868024272,78.44437237430431,0.7749725576289791,Tamil Nadu
1917,11.86982425866463,78.41371541747496,0.7890976859760832,Tamil Nadu
1918,11.88041988149724,78.45606127470529,0.6865264797507789,Tamil Nadu
1919,11.867191398810911,78.45900961936124,0.7210063407649826,Tamil Nadu
1920,11.895618928987211,78.46139057043148,0.4309711286089239,Tamil Nadu
1921,11.891829456896929,78.45538119210569,0.8270022883295195,Tamil Nadu
1922,11.87399480119145,78.43216965532152,0.7799744897959183,Tamil Nadu
1923,11.862661698147676,78.44537543080098,0.7692596768132282,Tamil Nadu
1924,11.866033620323824,78.45827851964009,0.7923828783282777,Tamil Nadu
1925,11.903033824717028,78.42995437561049,0.6974418906635502,Tamil Nadu
1926,11.873191528614942,78.42804648549364,0.7276518585675431,Tamil Nadu
1927,11.87267339235321,78.46545730162414,0.7660391153354048,Tamil Nadu
1928,11.873265827942555,78.44955556932041,0.7541786256964376,Tamil Nadu
1929,11.880765468798948,78.47513749798216,0.7738542449286251,Tamil Nadu
1930,11.889471046695112,78.44890086182366,0.5818803975883983,Tamil Nadu
1931,11.862945448401945,78.4789534181284,0.835507135184901,Tamil Nadu
1932,11.885984133110693,78.4667089783818,0.7962997570547561,Tamil Nadu
1933,11.886795369673395,78.45898130474593,0.796292897779409,Tamil Nadu
1934,11.890714192813013,78.45233727990619,0.8340721975934136,Tamil Nadu
1935,11.899916650446391,78.44398564806305,0.6262226847034339,Tamil Nadu
1936,11.903518028913618,78.46801305577395,0.8135529764133284,Tamil Nadu
1937,11.864046102544284,78.47567148857573,0.792814371257485,Tamil Nadu
1938,11.882480850589614,78.435669215353,0.807554264228337,Tamil Nadu
1939,11.872971252163802,78.47384002819861,0.8342756183745583,Tamil Nadu
1940,11.864462691702318,78.45460470646005,0.5653134493233913,Tamil Nadu
1941,11.861901670275945,78.42896996070824,0.736346516007533,Tamil Nadu
1942,11.88239783563554,78.4798523020386,0.5142539800074046,Tamil Nadu
1943,11.877288658028217,78.43758668504505,0.5627763891559315,Tamil Nadu
1944,11.87918964406467,78.41676465619022,0.7670043415340086,Tamil Nadu
1945,11.89499217151402,78.42587212053297,0.7606220494307137,Tamil Nadu
1946,11.86234059068472,78.4689600026718,0.8058645096056622,Tamil Nadu
1947,11.878144543918316,78.46322646991753,0.7391564463057134,Tamil Nadu
1948,11.901983952579744,78.48238580519902,0.7341935483870968,Tamil Nadu
1949,11.897075073653346,78.48047665567147,0.8197997775305895,Tamil Nadu
1950,11.902736386897644,78.46890564074579,0.6968576709796673,Tamil Nadu
1951,11.867273020479445,78.43265847135412,0.5327102803738317,Tamil Nadu
1952,11.901875364441038,78.44155022123981,0.7455452601568069,Tamil Nadu
1953,11.873742374891997,78.44214232255389,0.7800369685767098,Tamil Nadu
1954,11.864234336709483,78.43147542138237,0.7685411572942136,Tamil Nadu
1955,11.886099980735048,78.43565969354249,0.660695468914647,Tamil Nadu
1956,11.882103321812394,78.42118026650738,0.7813945519958883,Tamil Nadu
1957,11.869903505922265,78.41081300545939,0.7875099232601217,Tamil Nadu
1958,11.87428295221036,78.46140804109841,0.8301448238870016,Tamil Nadu
1959,11.887406103141233,78.47115517291871,0.8236994219653179,Tamil Nadu
1960,11.865185156272164,78.47953216032066,0.8168114042274291,Tamil Nadu
1961,11.862310927836416,78.48230724411688,0.8405474764756202,Tamil Nadu
1962,11.903991976585775,78.4185173948398,0.6897431535975506,Tamil Nadu
1963,11.881177037788628,78.45842928082612,0.7468267581475129,Tamil Nadu
1964,11.881095012969672,78.47568365333903,0.737942955920484,Tamil Nadu
1965,11.866099408721816,78.45060108859734,0.7894924309884238,Tamil Nadu
1966,11.890316400980415,78.42372095880243,0.7590458863957954,Tamil Nadu
1967,11.884098128513504,78.4670046265676,0.7756661846725883,Tamil Nadu
1968,11.8899223975229,78.46538833692931,0.7719190680564071,Tamil Nadu
1969,11.8927127973044,78.42941812489109,0.7611020482146094,Tamil Nadu
1970,11.876243206635934,78.45522330749363,0.6932588751495812,Tamil Nadu
1971,11.876459366346692,78.43567919562236,0.7988013698630136,Tamil Nadu
1972,11.87560239486202,78.41122230302406,0.8055555555555556,Tamil Nadu
1973,11.901693611539557,78.48028448834997,0.7800062676277029,Tamil Nadu
1974,11.86289784626711,78.41148852002199,0.3899075125750446,Tamil Nadu
1975,11.868207709128916,78.47668233550525,0.834799886460403,Tamil Nadu
1976,11.883058494393902,78.42135224504972,0.8373118443059145,Tamil Nadu
1977,11.870269889566858,78.42757055069275,0.7631651502619244,Tamil Nadu
1978,11.901867202790587,78.47303547726062,0.748587570621469,Tamil Nadu
1979,11.891242982858769,78.44245522479842,0.8139617925370469,Tamil Nadu
1980,11.899242324789892,78.42587575042837,0.7644640234948605,Tamil Nadu
1981,11.896338152734248,78.45295245544337,0.7790420260598275,Tamil Nadu
1982,11.901246066381276,78.4165917866558,0.7007725051237584,Tamil Nadu
1983,11.884841292820497,78.44268779422487,0.7861294072065091,Tamil Nadu
1984,11.871005071695274,78.44890886692627,0.5148632580261593,Tamil Nadu
1985,11.88624856144145,78.43917930665431,0.8023450586264657,Tamil Nadu
1986,11.899520763403707,78.46851464490067,0.6954770755885997,Tamil Nadu
1987,11.891238239855932,78.43412156115048,0.785703209799969,Tamil Nadu
1988,11.863297784782098,78.47942225200052,0.8262568839936045,Tamil Nadu
1989,11.8923970797556,78.42055482115607,0.7555305586801649,Tamil Nadu
1990,11.895496795932608,78.44042423348023,0.4853543307086614,Tamil Nadu
1991,11.882372800096183,78.42586254907596,0.7323717948717948,Tamil Nadu
1992,11.899473872569777,78.47092795192908,0.77984,Tamil Nadu
1993,11.880126347628526,78.41645081726097,0.7858727810650887,Tamil Nadu
1994,11.873421309507778,78.43936932664833,0.8305497988540778,Tamil Nadu
1995,11.885342955343043,78.46064997381735,0.7542277339346111,Tamil Nadu
1996,11.893281581827436,78.48154445361563,0.7994089397857407,Tamil Nadu
1997,11.893478759563198,78.47686177905062,0.8643533123028391,Tamil Nadu
1998,11.86205431043793,78.44011442718748,0.8131141683044488,Tamil Nadu
1999,11.903574277330575,78.4739341089823,0.6285294597682389,Tamil Nadu
2000,11.88412353813662,78.44901507424146,0.7325615909765509,Tamil Nadu
2001,11.904606791112824,78.44136606721312,0.6463805253042921,Tamil Nadu
2002,11.88558773826517,78.43069190659953,0.6110662358642972,Tamil Nadu
2003,11.867359280179784,78.46337404202488,0.7215189873417721,Tamil Nadu
2004,11.871545230963305,78.4603702842198,0.7873730043541364,Tamil Nadu
2005,11.896948890156724,78.42998593068587,0.8262792166771952,Tamil Nadu
2006,11.883459102349937,78.43400441093497,0.7952046151072651,Tamil Nadu
2007,11.867233438764414,78.45592742587809,0.7235161532682194,Tamil Nadu
2008,11.900415613025102,78.41169141830801,0.6231384229503056,Tamil Nadu
2009,11.899416075523453,78.43010526993744,0.7937398226886195,Tamil Nadu
2010,11.871735718829784,78.46634090152615,0.8043265875785066,Tamil Nadu
2011,11.883264718541534,78.43668523540758,0.7787174066243834,Tamil Nadu
2012,11.862893456073689,78.45990434353558,0.8554639536923346,Tamil Nadu
2013,11.882958222296674,78.43927802419174,0.7077739619107087,Tamil Nadu
2014,11.877742391974408,78.4282144419421,0.809792180345192,Tamil Nadu
2015,11.87210191531654,78.46663383631082,0.7908070937386898,Tamil Nadu
2016,11.883507433594998,78.46207389975466,0.7036058146120445,Tamil Nadu
2017,11.888353102348768,78.42683757743414,0.8202402319480878,Tamil Nadu
2018,11.871192715445744,78.47401002111731,0.8096702545703058,Tamil Nadu
2019,11.891569897255913,78.42442148777707,0.7858579606993656,Tamil Nadu
2020,11.880805953997566,78.46475159948479,0.7730775536973274,Tamil Nadu
2021,11.87732543815622,78.42958228460485,0.7851390922401171,Tamil Nadu
2022,11.901602864376503,78.47778821783587,0.7904692615496545,Tamil Nadu
2023,11.891949791064896,78.44629986333072,0.8282449562578111,Tamil Nadu
2024,11.892035010493544,78.42495893460972,0.7634795111430626,Tamil Nadu
2025,11.883180931792248,78.45580307155284,0.7958279490492893,Tamil Nadu
2026,11.886680273573784,78.42651253795177,0.8049104180491041,Tamil Nadu
2027,11.881921700934514,78.47138904437234,0.4670419892094768,Tamil Nadu
2028,11.890016915900643,78.47851118154531,0.8674051148395504,Tamil Nadu
2029,11.8805789104219,78.42247851654012,0.759680393362016,Tamil Nadu
2030,11.870209448863518,78.45072078628215,0.427464195450716,Tamil Nadu
2031,11.885036796722682,78.46053440513327,0.7649857278782112,Tamil Nadu
2032,11.896295463585425,78.47444881273597,0.7664730622872021,Tamil Nadu
2033,11.88614245714708,78.42177535121836,0.7838405036726128,Tamil Nadu
2034,11.87857058107451,78.44982018691958,0.7528565382987727,Tamil Nadu
2035,11.89713248621016,78.47391022610306,0.7813121272365805,Tamil Nadu
2036,11.898440319036176,78.46307929502652,0.7055348258706468,Tamil Nadu
2037,11.87352557489142,78.43165231576518,0.7807089859851608,Tamil Nadu
2038,11.872578905783769,78.42009563874326,0.7911840968020744,Tamil Nadu
2039,11.901327535308411,78.45608434622295,0.7661010764459041,Tamil Nadu
2040,11.866078772403071,78.47108165410337,0.814085573646346,Tamil Nadu
2041,11.889683893477498,78.41791745812823,0.8114022458969191,Tamil Nadu
2042,11.894291651582927,78.4202640672398,0.7754898704749252,Tamil Nadu
2043,11.864981420928968,78.45165553179584,0.714196955576266,Tamil Nadu
2044,11.901744704815238,78.47949493068931,0.7894178021589099,Tamil Nadu
2045,11.895628158193118,78.42832511475697,0.7642306279838413,Tamil Nadu
2046,11.867493990600558,78.45853874212469,0.7304040215974679,Tamil Nadu
2047,11.882110176412365,78.47607367621055,0.4351718163442102,Tamil Nadu
2048,11.881333308098393,78.47990738760275,0.7585868498527969,Tamil Nadu
2049,11.88651218650468,78.47562123309307,0.69045807335261,Tamil Nadu
2050,11.899810281943696,78.42536931399954,0.7899171083027585,Tamil Nadu
2051,11.890705048580047,78.44515701034109,0.6874113115751064,Tamil Nadu
2052,11.884484683194165,78.4261596419287,0.7859635517642497,Tamil Nadu
2053,11.88157758111878,78.42631718868897,0.8197694725812085,Tamil Nadu
2054,11.870764178634667,78.48046305306396,0.8180968696464725,Tamil Nadu
2055,11.868463079806268,78.43360731735544,0.7490353449606421,Tamil Nadu
2056,11.883346928241874,78.45080455583434,0.8121739130434783,Tamil Nadu
2057,11.886736356523604,78.42006634683946,0.7057728119180633,Tamil Nadu
2058,11.894472207897138,78.42522118933447,0.7816326530612245,Tamil Nadu
2059,11.902811493665032,78.48021809495884,0.7722585330428468,Tamil Nadu
2060,11.890609865637652,78.44988225806905,0.7732870224186927,Tamil Nadu
2061,11.897968584984868,78.42924669473608,0.8101417107734334,Tamil Nadu
2062,11.869408335706492,78.47314497331341,0.8319577418289865,Tamil Nadu
2063,11.86959237879295,78.41194405449059,0.7822195704057279,Tamil Nadu
2064,11.873806161250918,78.45154992574899,0.6570018507094386,Tamil Nadu
2065,11.889131049210684,78.41787179041538,0.7034128662035639,Tamil Nadu
2066,11.86717207823841,78.4428944363216,0.6739686016794451,Tamil Nadu
2067,11.897727390954074,78.47649969986581,0.7328587485949793,Tamil Nadu
2068,11.880193885067971,78.45133558232932,0.7434435575826682,Tamil Nadu
2069,11.867858517596384,78.45162796976665,0.5380107439361875,Tamil Nadu
2070,11.883474057008788,78.45898367010987,0.803325079589671,Tamil Nadu
2071,11.893506956302016,78.4110790953791,0.7919035314384152,Tamil Nadu
2072,11.888545067681976,78.43907824586809,0.749705304518664,Tamil Nadu
2073,11.877021244018866,78.44692498939429,0.8020254818686704,Tamil Nadu
2074,11.884381193579117,78.42164526536715,0.7786527914498664,Tamil Nadu
2075,11.903955068532742,78.43477138274389,0.4159410582719357,Tamil Nadu
2076,11.875807180627955,78.47163824463675,0.8634953464322648,Tamil Nadu
2077,11.898519163100268,78.4203068640034,0.7103718199608611,Tamil Nadu
2078,11.88160260517871,78.47270127105028,0.5359842260926717,Tamil Nadu
2079,11.86906732794932,78.4567248536368,0.8276532331216794,Tamil Nadu
2080,11.871917792933353,78.45314724660876,0.6920112123335669,Tamil Nadu
2081,11.884860073541285,78.48176296806625,0.4333205472445979,Tamil Nadu
2082,11.898982892219554,78.47257996743234,0.8085327783558793,Tamil Nadu
2083,11.88483608386034,78.43123175453782,0.68990184661454,Tamil Nadu
2084,11.86955840610658,78.41827299089013,0.7590978985135828,Tamil Nadu
2085,11.888683769735897,78.44427692875453,0.7676486937187327,Tamil Nadu
2086,11.897803929740297,78.42739942899148,0.6951577402787967,Tamil Nadu
2087,11.894228572437148,78.43518564568652,0.5014164305949008,Tamil Nadu
2088,11.862838827893311,78.45517383362483,0.4015162351594907,Tamil Nadu
2089,11.902643010856906,78.42279492349891,0.7643097643097643,Tamil Nadu
2090,11.900612976390493,78.47207204984181,0.8255325315171714,Tamil Nadu
2091,11.883530066477348,78.48143541201917,0.8164128595600677,Tamil Nadu
2092,11.88835985207874,78.47653536413685,0.7195121951219512,Tamil Nadu
2093,11.884568934477455,78.41514802235126,0.8080945884492952,Tamil Nadu
2094,11.872937403554332,78.45881791182387,0.7498756012605738,Tamil Nadu
2095,11.889614899138428,78.47674632385613,0.8509294351200144,Tamil Nadu
2096,11.898165356177484,78.43279650651688,0.8383106335124328,Tamil Nadu
2097,11.86415604019852,78.43918335784065,0.7255533199195171,Tamil Nadu
2098,11.863971908481368,78.41096840599444,0.7784651642362646,Tamil Nadu
2099,11.862690368007144,78.44208020720477,0.7246147767680758,Tamil Nadu
2100,11.900411258199602,78.4375770981191,0.690847675727843,Tamil Nadu
2101,11.886233302772288,78.44672529207675,0.7384940640754595,Tamil Nadu
2102,11.881522941762404,78.4406232978706,0.6490216271884655,Tamil Nadu
2103,11.87013486900314,78.42855113565565,0.7475091767173571,Tamil Nadu
2104,11.89318276154499,78.4421131483137,0.7816991086046935,Tamil Nadu
2105,11.870922810972226,78.44122556000627,0.7639003012873186,Tamil Nadu
2106,11.898277847803053,78.42254677712012,0.801182675403548,Tamil Nadu
2107,11.902435916451289,78.43728891996241,0.8513145965548504,Tamil Nadu
2108,11.887560558672202,78.46127492536539,0.7462357693720162,Tamil Nadu
2109,11.902746141088103,78.46091014235658,0.5795262267343486,Tamil Nadu
2110,11.89228847367868,78.43606109185153,0.5476117103235747,Tamil Nadu
2111,11.867253864297863,78.45953765143084,0.7315023570403771,Tamil Nadu
2112,11.904173863408182,78.46075617085462,0.7403760071620412,Tamil Nadu
2113,11.901878979061648,78.43655197542321,0.7873003506038176,Tamil Nadu
2114,11.874746602924477,78.47865160885821,0.7995676950284928,Tamil Nadu
2115,11.889462664995904,78.4391605457852,0.8201284796573876,Tamil Nadu
2116,11.891749777698577,78.46208453773873,0.7718907987866532,Tamil Nadu
2117,11.87628549189827,78.47072546874622,0.7492576707357308,Tamil Nadu
2118,11.878132305921406,78.46296515952119,0.7438277334323371,Tamil Nadu
2119,11.904567624671277,78.46945653995431,0.7979396349177661,Tamil Nadu
2120,11.880298423222271,78.45752985557922,0.7208717518860017,Tamil Nadu
2121,11.904275794029909,78.4197991434025,0.7701283547257877,Tamil Nadu
2122,11.892572485493533,78.43582678230052,0.5748930099857347,Tamil Nadu
2123,11.88987956814505,78.46540126663938,0.7958599140736883,Tamil Nadu
2124,11.881958651816465,78.46942243035335,0.4241528314760063,Tamil Nadu
2125,11.876981769549053,78.4132431667994,0.8175169771896221,Tamil Nadu
2126,11.88110753347654,78.422070700884,0.7683768376837684,Tamil Nadu
2127,11.884205341515806,78.42708193377437,0.7004318806438948,Tamil Nadu
2128,11.865178422818564,78.43537264220492,0.7611223924681558,Tamil Nadu
2129,11.883030835672995,78.45346637760996,0.8017534442655215,Tamil Nadu
2130,11.86706774950276,78.42760831782682,0.3857677902621723,Tamil Nadu
2131,11.88448515899252,78.41460014424662,0.8054637202018444,Tamil Nadu
2132,11.889824894724764,78.41390359090411,0.7484562885927852,Tamil Nadu
2133,11.900298935980429,78.41980985985494,0.7518053971873813,Tamil Nadu
2134,11.86744003434113,78.42007738849924,0.7676419965576592,Tamil Nadu
2135,11.882544609034325,78.44807303969434,0.7058718543637337,Tamil Nadu
2136,11.866378817501031,78.43758759079816,0.6154676258992806,Tamil Nadu
2137,11.876872449986134,78.43415156306513,0.7993046776232617,Tamil Nadu
2138,11.889906981695209,78.44285266358794,0.7691159396251451,Tamil Nadu
2139,11.862703683480838,78.48251613653689,0.8496961944355612,Tamil Nadu
2140,11.899666883814804,78.4384296319754,0.6696990902729181,Tamil Nadu
2141,11.889109227774869,78.42222236225582,0.7628171931641636,Tamil Nadu
2142,11.872453837241016,78.43973835136455,0.739010989010989,Tamil Nadu
2143,11.875914822299189,78.41283863210954,0.8298305084745763,Tamil Nadu
2144,11.896427710830723,78.46152907459599,0.7096838337641679,Tamil Nadu
2145,11.89952799936635,78.43732548851271,0.6898155573376102,Tamil Nadu
2146,11.87406137403123,78.41983945865258,0.6525974025974026,Tamil Nadu
2147,11.88653894042016,78.45343781155215,0.8545559901492105,Tamil Nadu
2148,11.86939950025295,78.41420304284607,0.8212506027969779,Tamil Nadu
2149,11.89379944041638,78.43131241799856,0.787833081950729,Tamil Nadu
2150,11.867518162751598,78.4392370370479,0.787562414888788,Tamil Nadu
2151,11.895061462018017,78.42672912184781,0.8131329630839594,Tamil Nadu
2152,11.87487746968996,78.44982919147554,0.7502375974149401,Tamil Nadu
2153,11.878639791366169,78.45534986115979,0.6791107382550335,Tamil Nadu
2154,11.902334675603871,78.43455605928098,0.7233617716463968,Tamil Nadu
2155,11.904195886742883,78.46667893694804,0.7965330064787253,Tamil Nadu
2156,11.877803050880722,78.45104618088841,0.7920937042459737,Tamil Nadu
2157,11.879522006239895,78.4771170684247,0.8234578627280625,Tamil Nadu
2158,11.888784715339732,78.45840065610422,0.8217616580310881,Tamil Nadu
2159,11.88960891009123,78.41987324323651,0.8293515358361775,Tamil Nadu
2160,11.895884440838222,78.41777015246778,0.7251089507207509,Tamil Nadu
2161,11.888219986569895,78.47974729094447,0.6462154754374868,Tamil Nadu
2162,11.896237334891028,78.43338898840688,0.8121716848174247,Tamil Nadu
2163,11.869667617244655,78.4112361049212,0.6441971383147854,Tamil Nadu
2164,11.896689732569936,78.43791223595782,0.8170945157526255,Tamil Nadu
2165,11.88869069394123,78.47433923156918,0.861115850537451,Tamil Nadu
2166,11.900380885696364,78.44106050983203,0.7324561403508771,Tamil Nadu
2167,11.867069137097747,78.42123845750453,0.7563192274921897,Tamil Nadu
2168,11.888389356548698,78.44043590541237,0.8348221810214057,Tamil Nadu
2169,11.87476009093049,78.42304257140437,0.7833666761931981,Tamil Nadu
2170,11.894077278554324,78.42456968096464,0.80427951518779,Tamil Nadu
2171,11.889847760452016,78.44371701564158,0.6443655022695876,Tamil Nadu
2172,11.880721399396773,78.45655751223856,0.7312072892938497,Tamil Nadu
2173,11.880303616715238,78.44370580087333,0.7483731019522777,Tamil Nadu
2174,11.895958420714246,78.43627932207453,0.7115822673909235,Tamil Nadu
2175,11.894292457188817,78.44848729107326,0.8312997347480106,Tamil Nadu
2176,11.8690797418324,78.47493276925721,0.8063522617901828,Tamil Nadu
2177,11.864372950144215,78.41953400230253,0.6499400582291488,Tamil Nadu
2178,11.884488609691685,78.43664516338063,0.7061061061061061,Tamil Nadu
2179,11.878149426412197,78.47467463783313,0.7528704209950793,Tamil Nadu
2180,11.880912546146336,78.43458852598415,0.7752558139534884,Tamil Nadu
2181,11.86435050361743,78.45364925940885,0.7234856107868787,Tamil Nadu
2182,11.88469193496626,78.4694498157096,0.8409958506224067,Tamil Nadu
2183,11.894373141139496,78.41577095847069,0.7758154109101267,Tamil Nadu
2184,11.89459045413374,78.47769416180452,0.7917944785276073,Tamil Nadu
2185,11.881677912424868,78.41785951418697,0.6352087114337568,Tamil Nadu
2186,11.884098591537777,78.44268684739555,0.7240990990990991,Tamil Nadu
2187,11.876152511715851,78.45318431009376,0.654486586493987,Tamil Nadu
2188,11.897260984796516,78.42331674718055,0.7940387481371088,Tamil Nadu
2189,11.873874059486164,78.45807818152545,0.7259475218658892,Tamil Nadu
2190,11.899426666695277,78.44156053324868,0.496952648851383,Tamil Nadu
2191,11.877991753283617,78.45722466943141,0.7287884401630234,Tamil Nadu
2192,11.902997366378864,78.44622518414756,0.7182429758607044,Tamil Nadu
2193,11.898404518297564,78.43314231861464,0.8229974160206718,Tamil Nadu
2194,11.875710409449006,78.48013737655442,0.8323657474600871,Tamil Nadu
2195,11.89040970973486,78.46257906589778,0.7573500588004703,Tamil Nadu
2196,11.896155061179726,78.45360770263402,0.7467298578199052,Tamil Nadu
2197,11.876007055029222,78.42238170516343,0.7761793241886918,Tamil Nadu
2198,11.890901552572531,78.41101460662495,0.8091093704670728,Tamil Nadu
2199,11.868127112039785,78.4182331905594,0.7865972674040338,Tamil Nadu
2200,11.903303853248172,78.46464263946598,0.7868241143567433,Tamil Nadu
2201,11.896381409214118,78.44747400434537,0.7124157080523602,Tamil Nadu
2202,11.879759028840166,78.43689970347273,0.7740399873056173,Tamil Nadu
2203,11.88931908021415,78.45403776749218,0.7664233576642335,Tamil Nadu
2204,11.884728629807777,78.47187995129855,0.8586012494286149,Tamil Nadu
2205,11.898120359174008,78.43801859651066,0.7963234097933951,Tamil Nadu
2206,11.897126572489098,78.42350525220657,0.7853048462741011,Tamil Nadu
2207,11.880132807952569,78.45961321366538,0.7881127671036092,Tamil Nadu
2208,11.868586716230284,78.42230767085071,0.7940404508259997,Tamil Nadu
2209,11.885070338282745,78.42136772269319,0.7485029940119761,Tamil Nadu
2210,11.867272616838902,78.46299221863332,0.7898778359511344,Tamil Nadu
2211,11.8928211413438,78.44618597840717,0.8146148308135349,Tamil Nadu
2212,11.898946441686157,78.4459636392736,0.5423631123919308,Tamil Nadu
2213,11.879458134660718,78.457240014581,0.7771428571428571,Tamil Nadu
2214,11.886852004841362,78.42547129065723,0.8188449848024316,Tamil Nadu
2215,11.888034310755678,78.43581605906083,0.7345421577515866,Tamil Nadu
2216,11.865098321070224,78.47180314662175,0.7976979420997559,Tamil Nadu
2217,11.865760404606316,78.47411879784919,0.5961331901181526,Tamil Nadu
2218,11.864297800292418,78.45592250984973,0.5807531380753138,Tamil Nadu
2219,11.904204792340058,78.46467191544,0.7796754910333049,Tamil Nadu
2220,11.86356407868086,78.45174313571385,0.653960690887433,Tamil Nadu
2221,11.86563553509906,78.4295165315384,0.6511965192168238,Tamil Nadu
2222,11.900258513480416,78.46636978421714,0.7337447652633899,Tamil Nadu
2223,11.900489313251647,78.47814217505024,0.7798594847775175,Tamil Nadu
2224,11.897137671449215,78.46376968643744,0.6378954607977991,Tamil Nadu
2225,11.870342349250496,78.47557025753301,0.7402496099843994,Tamil Nadu
2226,11.876589497267556,78.43614274566691,0.7891308074747129,Tamil Nadu
2227,11.886444334053252,78.43972277927966,0.8198867657466383,Tamil Nadu
2228,11.896450477893673,78.41094254906417,0.7735341581495427,Tamil Nadu
2229,11.870565784622446,78.46034026927168,0.7274041937816341,Tamil Nadu
2230,11.864629637551223,78.41694657644548,0.4972103708565802,Tamil Nadu
2231,11.887406619958544,78.4128174069555,0.8214120191564962,Tamil Nadu
2232,11.898515338187456,78.4655948508748,0.7534626038781164,Tamil Nadu
2233,11.89180283813679,78.41470977033596,0.8139980824544583,Tamil Nadu
2234,11.863656356997176,78.42015619500148,0.7179357875273155,Tamil Nadu
2235,11.887239399452229,78.4539958761794,0.8118565850195243,Tamil Nadu
2236,11.863460629535664,78.44491847953019,0.7548118605860933,Tamil Nadu
2237,11.88473489110386,78.44248414574795,0.7942222854703287,Tamil Nadu
2238,11.877266073242248,78.41728427449138,0.7471554993678887,Tamil Nadu
2239,11.8841160323341,78.4511098324505,0.7095980311730927,Tamil Nadu
2240,11.883160653076498,78.43548048758177,0.7531468531468531,Tamil Nadu
2241,11.89535361993144,78.44967898852624,0.817911335911931,Tamil Nadu
2242,11.89597297008123,78.4584072590709,0.739216462208152,Tamil Nadu
2243,11.896113740510769,78.45693118551353,0.7928870292887029,Tamil Nadu
2244,11.862351364492428,78.45581738660579,0.8159445407279029,Tamil Nadu
2245,11.898837619777613,78.4339721503513,0.8296809986130375,Tamil Nadu
2246,11.87043120856429,78.46739366541638,0.6452905811623246,Tamil Nadu
2247,11.872511655710552,78.42615505567149,0.8073610023492561,Tamil Nadu
2248,11.875735493379644,78.44206777057842,0.8201597824239334,Tamil Nadu
2249,11.894458879248209,78.42573577793931,0.738207189443349,Tamil Nadu
2250,11.876449888455564,78.4636012994763,0.7283018867924528,Tamil Nadu
2251,11.884541150655812,78.47909068176425,0.4037066881547139,Tamil Nadu
2252,11.87883654794154,78.47964339031031,0.6745075540256263,Tamil Nadu
2253,11.86544714403076,78.45591571281882,0.733935394234109,Tamil Nadu
2254,11.867827042455463,78.44159033037492,0.8010327022375215,Tamil Nadu
2255,11.900660589014327,78.41585605258744,0.7255821745686044,Tamil Nadu
2256,11.888326715026226,78.4361672756143,0.5952170062001771,Tamil Nadu
2257,11.868213316395943,78.4819380977632,0.8028974456728937,Tamil Nadu
2258,11.881475125445442,78.4368864089309,0.7767826386496728,Tamil Nadu
2259,11.88788748432084,78.47742863550916,0.8168946098149638,Tamil Nadu
2260,11.880843262880484,78.47476478883675,0.8224480645643402,Tamil Nadu
2261,11.873834967633533,78.44818390616335,0.8079392113192716,Tamil Nadu
2262,11.874073219994404,78.42271998755386,0.7642905178211163,Tamil Nadu
2263,11.867648751795093,78.41471002576917,0.7021472392638037,Tamil Nadu
2264,11.901307126105468,78.47293507074046,0.7786154900616861,Tamil Nadu
2265,11.89587019146038,78.46660434109842,0.7831770764558299,Tamil Nadu
2266,11.87647589717142,78.43852628454205,0.7354716981132076,Tamil Nadu
2267,11.904669890988286,78.46552916106714,0.8118012422360248,Tamil Nadu
2268,11.868617221582294,78.44215065560789,0.7182614671018726,Tamil Nadu
2269,11.89082706592352,78.47553876151687,0.8107678729037953,Tamil Nadu
2270,11.883366104788438,78.48152908472524,0.7821366024518389,Tamil Nadu
2271,11.873153687446711,78.45601583191454,0.7715122665690224,Tamil Nadu
2272,11.886137165813,78.4376504025715,0.7349853002939941,Tamil Nadu
2273,11.877135316797403,78.4656489450673,0.7353445320534796,Tamil Nadu
2274,11.891366349979792,78.44546898860729,0.8284096939678047,Tamil Nadu
2275,11.897420180627233,78.46581149093814,0.7621359223300971,Tamil Nadu
2276,11.870868236777076,78.46717413450736,0.8262172284644195,Tamil Nadu
2277,11.86998001183334,78.41580544077556,0.8245407788390889,Tamil Nadu
2278,11.876837521690645,78.44416955117879,0.7650883392226149,Tamil Nadu
2279,11.904240693553271,78.453163540551,0.774773172033446,Tamil Nadu
2280,11.8870811277973,78.4631434463906,0.8098150575214795,Tamil Nadu
2281,11.903489590450803,78.42918384112613,0.80623973727422,Tamil Nadu
2282,11.885842801327572,78.47271920462713,0.8493128001324722,Tamil Nadu
2283,11.867821359901916,78.41600156674953,0.760301981755269,Tamil Nadu
2284,11.895216562578629,78.45435660594336,0.7874092959403804,Tamil Nadu
2285,11.876518684476926,78.41232369869445,0.8195885352558466,Tamil Nadu
2286,11.900637299765306,78.47217561638546,0.8230644036270635,Tamil Nadu
2287,11.870432672058728,78.48130983175339,0.8199470432480142,Tamil Nadu
2288,11.89014239951739,78.47255869277173,0.8708338138622996,Tamil Nadu
2289,11.876600904040645,78.42795114531152,0.7220956719817767,Tamil Nadu
2290,11.87398854188774,78.43064608661105,0.7800568002524456,Tamil Nadu
2291,11.893262083670628,78.43639790997494,0.720585641206562,Tamil Nadu
2292,11.88526112972886,78.44972141992227,0.8247011952191236,Tamil Nadu
2293,11.872629571153247,78.43130950055802,0.8003197209707892,Tamil Nadu
2294,11.862413995724792,78.4623263276817,0.8211114764879973,Tamil Nadu
2295,11.901071993768609,78.44515838439199,0.7762762762762763,Tamil Nadu
2296,11.887335114753313,78.43155508618739,0.6207888249794576,Tamil Nadu
2297,11.87434537539175,78.47093508822466,0.8447015834348356,Tamil Nadu
2298,11.87891526404457,78.46768148924065,0.8344784509681449,Tamil Nadu
2299,11.876681121191435,78.46106664173746,0.784271059993783,Tamil Nadu
2300,11.88233937935004,78.44917392205616,0.7994682871249525,Tamil Nadu
2301,11.874763397290346,78.43873705501473,0.823676103858002,Tamil Nadu
2302,11.887814126836403,78.46673222010574,0.8207304526748971,Tamil Nadu
2303,11.889289191785837,78.43239434203242,0.7352645342989338,Tamil Nadu
2304,11.86809178478926,78.42586333241542,0.6915971394517283,Tamil Nadu
2305,11.892086083832908,78.47880050813141,0.8457680250783699,Tamil Nadu
2306,11.894073525235385,78.47531041436321,0.6079533174843311,Tamil Nadu
2307,11.902534966355452,78.4123434774731,0.520239352340725,Tamil Nadu
2308,11.903644179564576,78.4792066469305,0.7618664521319388,Tamil Nadu
2309,11.890419992949086,78.43945758340188,0.8100578871201157,Tamil Nadu
2310,11.902472839712347,78.41940507720857,0.7685641461342396,Tamil Nadu
2311,11.891815863899984,78.43208094487447,0.6448736998514116,Tamil Nadu
2312,11.884649005239943,78.42462095418114,0.5609756097560976,Tamil Nadu
2313,11.882448934058704,78.46493641672924,0.7499075101738809,Tamil Nadu
2314,11.870533955368778,78.42765201935063,0.7788990825688074,Tamil Nadu
2315,11.86929574505297,78.46681687578449,0.6233907920576042,Tamil Nadu
2316,11.887384086483422,78.44499716859353,0.5132861785509463,Tamil Nadu
2317,11.89790884623694,78.46875520311885,0.7725150100066711,Tamil Nadu
2318,11.868971287089066,78.43623556481943,0.7560675883256528,Tamil Nadu
2319,11.86862048724136,78.42459474846183,0.7724444444444445,Tamil Nadu
2320,11.891380506644396,78.4593842572121,0.7770710764827476,Tamil Nadu
2321,11.873094296136648,78.43326324095862,0.7366325369738339,Tamil Nadu
2322,11.901447494739578,78.42735603693764,0.7585653104925053,Tamil Nadu
2323,11.867101412279382,78.45279243959176,0.5722260040844112,Tamil Nadu
2324,11.882590512077734,78.44560661484655,0.8020643594414086,Tamil Nadu
2325,11.899375438483435,78.46832069028613,0.7260633930037773,Tamil Nadu
2326,11.876866188273548,78.42420826593448,0.792,Tamil Nadu
2327,11.88786179910764,78.46871932352607,0.8144897607984857,Tamil Nadu
2328,11.897568862953316,78.45225167998721,0.8183568677792041,Tamil Nadu
2329,11.875100374391394,78.47256316943323,0.7958135860979463,Tamil Nadu
2330,11.898301871482756,78.47423383666231,0.8259581558970561,Tamil Nadu
2331,11.869690927658072,78.46580313567513,0.8701298701298701,Tamil Nadu
2332,11.877793858821548,78.46016297654741,0.7376847290640394,Tamil Nadu
2333,11.902864773598171,78.41321260342102,0.7280864197530864,Tamil Nadu
2334,11.893442191412229,78.43377598206004,0.6647009267059815,Tamil Nadu
2335,11.869548153038208,78.4387363656666,0.7748868778280543,Tamil Nadu
2336,11.890353801209883,78.46102801659853,0.7943649505826819,Tamil Nadu
2337,11.877014903924444,78.45098881906921,0.6390912987569652,Tamil Nadu
2338,11.89568678699475,78.46254008691427,0.6104252400548696,Tamil Nadu
2339,11.873298603725935,78.41789049735127,0.762995152933311,Tamil Nadu
2340,11.868441171956976,78.42219926744147,0.7842690225135366,Tamil Nadu
2341,11.885029568058394,78.44935613522792,0.797116924719701,Tamil Nadu
2342,11.878996290194378,78.46866441571107,0.7915816799554979,Tamil Nadu
2343,11.8918508739712,78.46639018707633,0.756489700217719,Tamil Nadu
2344,11.873092163634665,78.4233764626218,0.753949937866146,Tamil Nadu
2345,11.88799345652207,78.43037770031441,0.6867634500426986,Tamil Nadu
2346,11.898673029316196,78.44726690654204,0.6076588337684944,Tamil Nadu
2347,11.881809542351906,78.47038430825252,0.8304883479293454,Tamil Nadu
2348,11.865840057045276,78.44950952049464,0.6653061224489796,Tamil Nadu
2349,11.863902951695604,78.4311714991905,0.7158491303498143,Tamil Nadu
2350,11.885658947070567,78.46912782490202,0.8053035589672016,Tamil Nadu
2351,11.90116033807391,78.46840777838955,0.7613899613899614,Tamil Nadu
2352,11.895059456121702,78.4542878318544,0.796078431372549,Tamil Nadu
2353,11.869230213556415,78.45771393988822,0.7805883188858889,Tamil Nadu
2354,11.877731445928056,78.4127352406145,0.8283378746594006,Tamil Nadu
2355,11.87019456651946,78.4159902807124,0.8218077474892396,Tamil Nadu
2356,11.869147812996626,78.47420614232755,0.8218884120171673,Tamil Nadu
2357,11.88897355482965,78.4204062309006,0.8344296486443126,Tamil Nadu
2358,11.865113450831071,78.43935650277064,0.7152025671881268,Tamil Nadu
2359,11.874620265334716,78.45942528638695,0.7542331881954524,Tamil Nadu
2360,11.872654384966246,78.4526370266474,0.7937762825904121,Tamil Nadu
2361,11.87421319033838,78.44056357287144,0.7769427326018338,Tamil Nadu
2362,11.863185651725631,78.4810199030041,0.8491467576791809,Tamil Nadu
2363,11.872477928498546,78.42561597220877,0.7766557766557767,Tamil Nadu
2364,11.873247144897729,78.4776557397196,0.841852770885029,Tamil Nadu
2365,11.898173026580013,78.42668456215372,0.480503144654088,Tamil Nadu
2366,11.9025647695625,78.45880513646398,0.723989218328841,Tamil Nadu
2367,11.900882927672855,78.43499446861927,0.802081495854648,Tamil Nadu
2368,11.861882526142542,78.46489781965313,0.7731623622900488,Tamil Nadu
2369,11.878195429373044,78.4559757827149,0.7169726824899239,Tamil Nadu
2370,11.870393672960276,78.48191777373796,0.7563377712930878,Tamil Nadu
2371,11.883299503508878,78.4205230721568,0.7884931506849315,Tamil Nadu
2372,11.892553098175648,78.4612448757255,0.8094194961664841,Tamil Nadu
2373,11.893103350441724,78.426079289554,0.7464727588452356,Tamil Nadu
2374,11.878160882380396,78.42523995455164,0.7944552357407735,Tamil Nadu
2375,11.904403860067845,78.46873292788914,0.8104374520337683,Tamil Nadu
2376,11.892266600778678,78.42804948392688,0.7347294938917975,Tamil Nadu
2377,11.865846863486416,78.41696740823558,0.6888888888888889,Tamil Nadu
2378,11.885937403919709,78.46371220107405,0.7946875,Tamil Nadu
2379,11.874947945568666,78.46070771994424,0.7643378519290928,Tamil Nadu
2380,11.887049792121836,78.46402733711305,0.7494145199063232,Tamil Nadu
2381,11.895139406518908,78.47786932319781,0.7946827091014943,Tamil Nadu
2382,11.871082330252872,78.47341185914233,0.8397058823529412,Tamil Nadu
2383,11.875822707878925,78.45184738372313,0.6325987841945289,Tamil Nadu
2384,11.878529377554647,78.44112462285672,0.7827575474634298,Tamil Nadu
2385,11.869140033977915,78.43867098971359,0.7591152583376534,Tamil Nadu
2386,11.888423161591048,78.46704470883782,0.838830897703549,Tamil Nadu
2387,11.883141976192515,78.46148012202707,0.6246076585059636,Tamil Nadu
2388,11.88411393993712,78.44043369721862,0.7750739888194673,Tamil Nadu
2389,11.895254312791296,78.47745932995521,0.8003780718336484,Tamil Nadu
2390,11.884691996879369,78.46894996712768,0.8427109974424553,Tamil Nadu
2391,11.900052417288338,78.42380992822527,0.774377340061859,Tamil Nadu
2392,11.894369794637004,78.46075856635477,0.7845997286295794,Tamil Nadu
2393,11.863327385408684,78.45054715449295,0.5181488203266787,Tamil Nadu
2394,11.863251135392726,78.46498731896925,0.7548338652149428,Tamil Nadu
2395,11.870760415383474,78.44623175547292,0.4687929612317844,Tamil Nadu
2396,11.899258156242611,78.47281816819023,0.7939483394833948,Tamil Nadu
2397,11.878645937861029,78.4378224783317,0.3877335213253436,Tamil Nadu
2398,11.869582943939832,78.46334677333594,0.7564162389174055,Tamil Nadu
2399,11.894790639123526,78.43696127696973,0.6600033596505963,Tamil Nadu
2400,11.863203036018737,78.42984442597154,0.5614728520907011,Tamil Nadu
2401,11.88199055059204,78.42998704828074,0.7286238177957923,Tamil Nadu
2402,11.892157243945167,78.42751657304169,0.7295887662988967,Tamil Nadu
2403,11.884705026506015,78.45769181869169,0.7514729512587038,Tamil Nadu
2404,11.885433661346374,78.44432681278985,0.6663510698731301,Tamil Nadu
2405,11.89040595541998,78.47412220225202,0.8250449370880767,Tamil Nadu
2406,11.86976361828159,78.42360499725463,0.7675675675675676,Tamil Nadu
2407,11.86605510330032,78.41458947631361,0.651921903599756,Tamil Nadu
2408,11.897880539430131,78.46073980424285,0.3987444780283655,Tamil Nadu
2409,11.863025237145122,78.44271868362124,0.7884931506849315,Tamil Nadu
2410,11.869976104765456,78.46312741032837,0.615632183908046,Tamil Nadu
2411,11.86368101539103,78.47450191616021,0.7851749113885036,Tamil Nadu
2412,11.879042072422596,78.48189748465288,0.8508650519031142,Tamil Nadu
2413,11.888543974903325,78.46840202954189,0.8519491896627245,Tamil Nadu
2414,11.897904240076684,78.4275985944443,0.5408130081300813,Tamil Nadu
2415,11.883767059857458,78.47824672411116,0.529825589916459,Tamil Nadu
2416,11.889708477943092,78.42076364932016,0.81136638452237,Tamil Nadu
2417,11.868165677574506,78.41398269902184,0.798918918918919,Tamil Nadu
2418,11.871058501795606,78.47896710470016,0.7205435003041979,Tamil Nadu
2419,11.898818528599175,78.47059381755324,0.7325545650169075,Tamil Nadu
2420,11.880688710362806,78.43963198168629,0.7383922383922384,Tamil Nadu
2421,11.89234789875118,78.45489003092992,0.759471671880431,Tamil Nadu
2422,11.87383451582309,78.44084006111265,0.7357473035439137,Tamil Nadu
2423,11.898912070034628,78.45792803547246,0.7859608745684695,Tamil Nadu
2424,11.868622636981817,78.45273782809876,0.4380865879503481,Tamil Nadu
2425,11.892290182092502,78.440641424101,0.7522377372001432,Tamil Nadu
2426,11.8750240176478,78.41138192012131,0.80545229244114,Tamil Nadu
2427,11.874019606434052,78.4258162718276,0.7669126691266913,Tamil Nadu
2428,11.866494297948512,78.4751361661364,0.810828025477707,Tamil Nadu
2429,11.87839411434105,78.45990816634637,0.7385826771653543,Tamil Nadu
2430,11.904110170174096,78.44059884157197,0.7310539302079662,Tamil Nadu
2431,11.862936435243398,78.45901759060695,0.8354719634382141,Tamil Nadu
2432,11.874394282869511,78.46515709992367,0.7355344338836085,Tamil Nadu
2433,11.87029607262492,78.42824132965822,0.7829877474081055,Tamil Nadu
2434,11.893029724305848,78.45141116287338,0.7806320770660807,Tamil Nadu
2435,11.864824414006,78.41638673261924,0.6424413770164643,Tamil Nadu
2436,11.874787213410384,78.43985347270132,0.788038942976356,Tamil Nadu
2437,11.87249722974222,78.45031552427783,0.7212566844919787,Tamil Nadu
2438,11.88179925408775,78.46174621289155,0.8103477523324851,Tamil Nadu
2439,11.87195858495687,78.42734868315497,0.7557166759620747,Tamil Nadu
2440,11.89334641869366,78.42594355443313,0.8087233734241415,Tamil Nadu
2441,11.88223100970218,78.43813385133527,0.7221648724376936,Tamil Nadu
2442,11.904515369490914,78.46222489822078,0.7267582861762328,Tamil Nadu
2443,11.896293586052105,78.41602010753542,0.6308316430020284,Tamil Nadu
2444,11.868438421384877,78.46980076035251,0.7586206896551724,Tamil Nadu
2445,11.86780686287566,78.48183289732535,0.8393546124166958,Tamil Nadu
2446,11.868216899271276,78.45730400104914,0.7760982522437412,Tamil Nadu
2447,11.886543914606351,78.46039319680214,0.7687591240875913,Tamil Nadu
2448,11.87328137914381,78.41085631760392,0.8250793650793651,Tamil Nadu
2449,11.885312511560654,78.45413946840247,0.7793103448275862,Tamil Nadu
2450,11.900516586032088,78.45947378117371,0.6123949579831933,Tamil Nadu
2451,11.881400957002942,78.44794398248236,0.7897648686030428,Tamil Nadu
2452,11.884137954556394,78.4652986130293,0.7760101813553929,Tamil Nadu
2453,11.867174277317378,78.43890453745195,0.8001915097350782,Tamil Nadu
2454,11.890527604953476,78.43195071335397,0.7942307692307692,Tamil Nadu
2455,11.893922548610837,78.48249778607959,0.7787759685569905,Tamil Nadu
2456,11.898857579360309,78.41265911262802,0.7467732022126613,Tamil Nadu
2457,11.873544283809876,78.47970606765304,0.8293024886084823,Tamil Nadu
2458,11.878920705071202,78.4770147466497,0.8438153144594338,Tamil Nadu
2459,11.88675446077368,78.46946397763857,0.797369356558834,Tamil Nadu
2460,11.863319329450269,78.44583610839376,0.8323074363666612,Tamil Nadu
2461,11.872803324208869,78.42460200457953,0.7467983900475668,Tamil Nadu
2462,11.865621138627183,78.45743790762201,0.7526563316495384,Tamil Nadu
2463,11.875672106353935,78.45269423113417,0.7210708117443869,Tamil Nadu
2464,11.88017553961804,78.43463570023002,0.7371113734750099,Tamil Nadu
2465,11.869229352240817,78.47442698851336,0.8220353238015139,Tamil Nadu
2466,11.880497764534804,78.47965915862508,0.8115671641791045,Tamil Nadu
2467,11.901041321881438,78.4457676385498,0.6933497536945813,Tamil Nadu
2468,11.89504843686222,78.47041026622192,0.6235845372901211,Tamil Nadu
2469,11.893698193698286,78.41077618618837,0.798950753088509,Tamil Nadu
2470,11.891433027798984,78.47082044109123,0.7799274486094316,Tamil Nadu
2471,11.871214390869074,78.45371446222642,0.8073394495412844,Tamil Nadu
2472,11.871661327706112,78.48243891165615,0.8293891029168959,Tamil Nadu
2473,11.897749866602943,78.48255379912105,0.7243787225302937,Tamil Nadu
2474,11.891770995624588,78.42123120608208,0.3894107600341588,Tamil Nadu
2475,11.886598405358466,78.44785191511001,0.7892030848329049,Tamil Nadu
2476,11.873619225139551,78.46235147546675,0.7226222053808261,Tamil Nadu
2477,11.889069883176482,78.46246999370479,0.7522856649991375,Tamil Nadu
2478,11.879716561608722,78.4415721083839,0.8035952063914781,Tamil Nadu
2479,11.895494459656824,78.47325816739321,0.8084393837910248,Tamil Nadu
2480,11.902817231545958,78.48132828687683,0.8406285072951739,Tamil Nadu
2481,11.871119196829136,78.4792898678075,0.7741772151898734,Tamil Nadu
2482,11.901550806675896,78.44799990581724,0.8079896907216495,Tamil Nadu
2483,11.891149721775298,78.46580518566705,0.7559832635983263,Tamil Nadu
2484,11.876374345041569,78.4432980121436,0.8300509571684341,Tamil Nadu
2485,11.90037017199927,78.46201579139628,0.7252666421478485,Tamil Nadu
2486,11.889241559236748,78.44192825281839,0.7963887821744141,Tamil Nadu
2487,11.875434577069647,78.4822723541215,0.7078651685393258,Tamil Nadu
2488,11.875319382043678,78.4303425182892,0.7648179912330856,Tamil Nadu
2489,11.87988531892382,78.42159891979361,0.7616341575794808,Tamil Nadu
2490,11.874023934368084,78.46346976465797,0.7853448275862069,Tamil Nadu
2491,11.889926763285612,78.43262409286848,0.7816043679126418,Tamil Nadu
2492,11.86367736987668,78.4324411597375,0.817459104112521,Tamil Nadu
2493,11.881874291990918,78.41834915485263,0.6986884083658277,Tamil Nadu
2494,11.89418488199796,78.4391964171558,0.7487386478304743,Tamil Nadu
2495,11.863381700675523,78.45417602964046,0.5837007754295271,Tamil Nadu
2496,11.89930178135428,78.41337069375827,0.7223427331887202,Tamil Nadu
2497,11.866692502229576,78.47434150127694,0.8134355604235123,Tamil Nadu
2498,11.879345262484268,78.42903020104079,0.8059701492537313,Tamil Nadu
2499,11.89173032151465,78.4235481841459,0.7478698683191325,Tamil Nadu
2500,11.865838642447882,78.43969286416812,0.6476821192052981,Tamil Nadu
2501,11.888142028323848,78.42692287820239,0.7862844111418797,Tamil Nadu
2502,11.893024071308618,78.42649398422512,0.5870540987479329,Tamil Nadu
2503,11.875649830645743,78.48149083236812,0.797752808988764,Tamil Nadu
2504,11.887839737701883,78.46612108584881,0.7800556450431981,Tamil Nadu
2505,11.873181704862846,78.44032466602215,0.803003003003003,Tamil Nadu
2506,11.90088728154727,78.45865505543397,0.785846609855502,Tamil Nadu
2507,11.870244660406442,78.4735034558492,0.827116212338594,Tamil Nadu
2508,11.889253084094834,78.47803161119595,0.8533724340175953,Tamil Nadu
2509,11.871753092409485,78.42810025059858,0.8058696480752128,Tamil Nadu
2510,11.870876786463748,78.44461506228541,0.6801428803377172,Tamil Nadu
2511,11.899981041833984,78.46340333938916,0.3768450184501845,Tamil Nadu
2512,11.90117264473722,78.42844119935897,0.6668101592767972,Tamil Nadu
2513,11.87443892936665,78.43877288475092,0.805682216766047,Tamil Nadu
2514,11.879469921789156,78.42603999926413,0.8142112125162972,Tamil Nadu
2515,11.898229443851658,78.47838843277746,0.8077130044843049,Tamil Nadu
2516,11.869834568356865,78.46465402260385,0.7736728240971875,Tamil Nadu
2517,11.892903242626632,78.46446474743017,0.7718164188752424,Tamil Nadu
2518,11.886463386149424,78.44966420884941,0.7563056379821959,Tamil Nadu
2519,11.863058256341088,78.45315420799167,0.5381479324403029,Tamil Nadu
2520,11.87317502326564,78.46940080074195,0.7976049924101872,Tamil Nadu
2521,11.870675195482884,78.44991311790434,0.587100853619981,Tamil Nadu
2522,11.888933840374564,78.44989817470587,0.7948642699926632,Tamil Nadu
2523,11.893356310913486,78.45849365042078,0.7974683544303798,Tamil Nadu
2524,11.87451076076594,78.48099404256004,0.8145363408521303,Tamil Nadu
2525,11.887925995934074,78.46261946256513,0.7085889570552147,Tamil Nadu
2526,11.882117105939216,78.439515405059,0.6322624743677375,Tamil Nadu
2527,11.869276639918164,78.41034002454542,0.7603353019622785,Tamil Nadu
2528,11.895220446285832,78.47476612147035,0.7633178405434394,Tamil Nadu
2529,11.90159301776576,78.42916335795661,0.761808367071525,Tamil Nadu
2530,11.889277152422968,78.45466891745474,0.7751664708186448,Tamil Nadu
2531,11.872185845583996,78.48022877755751,0.8111775864584854,Tamil Nadu
2532,11.89497794840065,78.46899775573473,0.765685019206146,Tamil Nadu
2533,11.881298854324642,78.4257693612269,0.8019604585479315,Tamil Nadu
2534,11.9024833102221,78.44988233119919,0.7554925584691708,Tamil Nadu
2535,11.891662319414731,78.47823213673729,0.8101950499918046,Tamil Nadu
2536,11.870875482340129,78.47219992805337,0.7391739674593242,Tamil Nadu
2537,11.8621711520324,78.46089903415265,0.8451842275371687,Tamil Nadu
2538,11.874090927414931,78.45746313000525,0.7385718553928892,Tamil Nadu
2539,11.88445453236294,78.47176650732794,0.8417480549577885,Tamil Nadu
2540,11.877571665160536,78.42146360340229,0.7752529735487307,Tamil Nadu
2541,11.867678304005508,78.42019096896394,0.7825723365111222,Tamil Nadu
2542,11.899992705652128,78.41749134882996,0.7417061611374408,Tamil Nadu
2543,11.895540680800698,78.4613861443143,0.4596607364501448,Tamil Nadu
2544,11.86520277555302,78.47821371510456,0.7897667942916812,Tamil Nadu
2545,11.890512178442568,78.44664991441094,0.7056332062685303,Tamil Nadu
2546,11.90264992472918,78.46800729920888,0.7753312945973496,Tamil Nadu
2547,11.899799838762831,78.44244707370552,0.5809987819732034,Tamil Nadu
2548,11.886072086031996,78.44289371044124,0.7509686509334272,Tamil Nadu
2549,11.864787898756909,78.44435321598696,0.8248309772587584,Tamil Nadu
2550,11.87682172844666,78.46095936834703,0.8044674651990935,Tamil Nadu
2551,11.875496154229488,78.48222810095523,0.8097552508245096,Tamil Nadu
2552,11.87023669539955,78.47295141038218,0.8657117278424351,Tamil Nadu
2553,11.873733438697634,78.45048204248181,0.7643124139287822,Tamil Nadu
2554,11.899582667402196,78.45310082416594,0.8399342645850452,Tamil Nadu
2555,11.880090279090409,78.46660313794851,0.8791671988759739,Tamil Nadu
2556,11.897671327789269,78.47345100174878,0.789175582127124,Tamil Nadu
2557,11.885589587769148,78.44687103691275,0.7191489361702128,Tamil Nadu
2558,11.871018802001014,78.47590566609267,0.8197545765439549,Tamil Nadu
2559,11.87895072712573,78.4206887119427,0.749917952084017,Tamil Nadu
2560,11.868487772395852,78.44985019400163,0.5096928124067999,Tamil Nadu
2561,11.873089322329628,78.42737767385321,0.7585906157334729,Tamil Nadu
2562,11.88327018440483,78.4668814358581,0.7615869484612533,Tamil Nadu
2563,11.86741807977885,78.453731971418,0.6154219990280253,Tamil Nadu
2564,11.868701859668116,78.44372503105453,0.7524528301886793,Tamil Nadu
2565,11.892699486424622,78.47015882288646,0.8078809938281374,Tamil Nadu
2566,11.881254126208372,78.45136110286688,0.7902787219578518,Tamil Nadu
2567,11.865857479901171,78.4130967203135,0.712998712998713,Tamil Nadu
2568,11.885805456314536,78.4138068295443,0.8139269406392694,Tamil Nadu
2569,11.901761027847,78.48257749526782,0.8291050035236082,Tamil Nadu
2570,11.874213535466344,78.452855239031,0.7683109118086696,Tamil Nadu
2571,11.888716545609965,78.46880668322765,0.8479381443298969,Tamil Nadu
2572,11.883778642511988,78.42220124884639,0.7410256410256411,Tamil Nadu
2573,11.903971909059145,78.47579234522883,0.8284734133790738,Tamil Nadu
2574,11.873279579243736,78.42098196116062,0.7707565385290504,Tamil Nadu
2575,11.866696995755404,78.41751075094459,0.7154367331990478,Tamil Nadu
2576,11.90048885068196,78.42603463531401,0.790521978021978,Tamil Nadu
2577,11.89266488066481,78.47129706007625,0.80285855101035,Tamil Nadu
2578,11.869809877978524,78.4668665732047,0.7361282367447596,Tamil Nadu
2579,11.886632358395742,78.43599182358912,0.7662181160875677,Tamil Nadu
2580,11.8939370001763,78.4682932293452,0.7623762376237624,Tamil Nadu
2581,11.863671116123722,78.45036945014922,0.5422904919307797,Tamil Nadu
2582,11.88304886287358,78.42262043590647,0.6433460076045627,Tamil Nadu
2583,11.874058393103327,78.42816112740645,0.7843406593406593,Tamil Nadu
2584,11.904106642838205,78.4156630661513,0.6586367880485527,Tamil Nadu
2585,11.863893970234283,78.48117214484198,0.8218022274721566,Tamil Nadu
2586,11.867558065204056,78.42694605157519,0.7588389686583294,Tamil Nadu
2587,11.895248056756124,78.42341592671757,0.7971868720696584,Tamil Nadu
2588,11.86448522407899,78.47761219667005,0.839073544893969,Tamil Nadu
2589,11.895868870506266,78.481808320492,0.381354630625096,Tamil Nadu
2590,11.888865824076278,78.41981989841638,0.8270062469966363,Tamil Nadu
2591,11.870407741428693,78.45425737756129,0.7814319972593354,Tamil Nadu
2592,11.866755105268531,78.47301534533152,0.816210255467745,Tamil Nadu
2593,11.88628060615804,78.47698982327879,0.6811419984973704,Tamil Nadu
2594,11.884603068724164,78.46359444526362,0.7581521739130435,Tamil Nadu
2595,11.878900680511506,78.4479686497254,0.7716349929323072,Tamil Nadu
2596,11.878316513891702,78.46235469759964,0.7896690380451593,Tamil Nadu
2597,11.863644880269788,78.43937185246605,0.7622759158222915,Tamil Nadu
2598,11.884086143751093,78.44799381313538,0.7504488330341114,Tamil Nadu
2599,11.896926612856552,78.46200052961696,0.4122726678006018,Tamil Nadu
2600,11.887048233626697,78.46493902825584,0.789942145082332,Tamil Nadu
2601,11.87761224483534,78.46051277385251,0.8041095890410959,Tamil Nadu
2602,11.868840250686883,78.47254040663745,0.8233279250045069,Tamil Nadu
2603,11.861872910292671,78.4474625299085,0.7884990253411306,Tamil Nadu
2604,11.862625250215569,78.41281513270002,0.7435610302351624,Tamil Nadu
2605,11.884883925448433,78.43677317654931,0.3918105178643115,Tamil Nadu
2606,11.875802912600513,78.41145643523551,0.8443677439598368,Tamil Nadu
2607,11.888943228168682,78.4210351114692,0.8071390516782099,Tamil Nadu
2608,11.888809142676417,78.43884086035884,0.765365025466893,Tamil Nadu
2609,11.879862156602709,78.43475118625523,0.6896889062805713,Tamil Nadu
2610,11.886684561551826,78.42902385720016,0.7835153922542205,Tamil Nadu
2611,11.894329148359091,78.42000001657954,0.7791912766924125,Tamil Nadu
2612,11.87766591892874,78.43285297652497,0.7609172146349688,Tamil Nadu
2613,11.881824809094816,78.47064788381874,0.2814007504020011,Tamil Nadu
2614,11.874000648457049,78.43046791474941,0.6604489408789124,Tamil Nadu
2615,11.89745245682449,78.41030573612734,0.7847736109369121,Tamil Nadu
2616,11.871205685400453,78.42449179761884,0.8057917436845348,Tamil Nadu
2617,11.888125296208043,78.45396332249193,0.7955479452054794,Tamil Nadu
2618,11.893714329096124,78.41132778427547,0.8202479338842975,Tamil Nadu
2619,11.861963058350083,78.4560432869044,0.8396934865900383,Tamil Nadu
2620,11.88992783558594,78.46895096842584,0.7263454097784031,Tamil Nadu
2621,11.878863556274888,78.43496968532276,0.7690480540836835,Tamil Nadu
2622,11.88202942545902,78.45272055331122,0.7579864472410455,Tamil Nadu
2623,11.901528072637582,78.43268416873069,0.5975659229208925,Tamil Nadu
2624,11.887380540835208,78.42947036640565,0.7530413625304136,Tamil Nadu
2625,11.88902100834327,78.4706881085696,0.7326337880377755,Tamil Nadu
2626,11.87510176570748,78.46643499978614,0.4720054292500848,Tamil Nadu
2627,11.900294942007292,78.45539381639806,0.8327613104524181,Tamil Nadu
2628,11.885014722045971,78.47591250987107,0.2902763855076614,Tamil Nadu
2629,11.892015695959854,78.45846890106492,0.814884775217227,Tamil Nadu
2630,11.867810011524858,78.45271226347134,0.3294736842105263,Tamil Nadu
2631,11.888279957780112,78.45676982509731,0.8041886599693513,Tamil Nadu
2632,11.871424176359856,78.4460755548476,0.4448315911730546,Tamil Nadu
2633,11.88556886853155,78.44497387375277,0.6886898096304591,Tamil Nadu
2634,11.890000911081234,78.42019972354782,0.8136188723439852,Tamil Nadu
2635,11.862116409436116,78.48100036417311,0.8214355948869223,Tamil Nadu
2636,11.871356036309756,78.41996614557269,0.8100178310909386,Tamil Nadu
2637,11.87447962225752,78.45245510962043,0.7651408450704226,Tamil Nadu
2638,11.876005874297086,78.47301523059822,0.8315298111606195,Tamil Nadu
2639,11.881860753056706,78.42414404897549,0.7317554240631163,Tamil Nadu
2640,11.89113027975314,78.46707636279898,0.7343669250645994,Tamil Nadu
2641,11.89869869096356,78.42771848270591,0.7501249375312344,Tamil Nadu
2642,11.872732953996588,78.43393860750786,0.8072127631049738,Tamil Nadu
2643,11.90154003383774,78.46983676030509,0.6432646985859588,Tamil Nadu
2644,11.871973835470936,78.43830585587912,0.8498224251648909,Tamil Nadu
2645,11.86713155788317,78.42877184492265,0.5943268797838811,Tamil Nadu
2646,11.866343157104092,78.41337268772472,0.4865470852017937,Tamil Nadu
2647,11.887052100151973,78.45937125832032,0.7302931596091206,Tamil Nadu
2648,11.90284611019384,78.44080826219263,0.742952409821158,Tamil Nadu
2649,11.863790783738072,78.46065367835818,0.8450914014895058,Tamil Nadu
2650,11.89541032868735,78.44727625322822,0.8390379278445883,Tamil Nadu
2651,11.885555981743796,78.47570131378059,0.3691526329858327,Tamil Nadu
2652,11.889402909964042,78.41066492044406,0.8083466241360978,Tamil Nadu
2653,11.904319633517089,78.42788942177685,0.7330914744752527,Tamil Nadu
2654,11.862077787350822,78.45324720620705,0.6,Tamil Nadu
2655,11.867902185084365,78.42046703171393,0.7826556315221302,Tamil Nadu
2656,11.901849304912048,78.48182621395937,0.8012469299074249,Tamil Nadu
2657,11.87017232815984,78.43991247669565,0.5984630163304515,Tamil Nadu
2658,11.865344939256188,78.4560222487062,0.817931793179318,Tamil Nadu
2659,11.890122749901638,78.45259124066563,0.8402008565942992,Tamil Nadu
2660,11.899576919774224,78.43366195078599,0.7921319360934548,Tamil Nadu
2661,11.878379198663932,78.4433226996001,0.7839448686906314,Tamil Nadu
2662,11.885817457338204,78.48276570123336,0.4047985912392692,Tamil Nadu
2663,11.8758745398188,78.45295993132547,0.7539955492615821,Tamil Nadu
2664,11.897820050263226,78.47966305224271,0.7978302049250904,Tamil Nadu
2665,11.873731328861531,78.46249971989153,0.7442799461641992,Tamil Nadu
2666,11.895794540013402,78.45613008331956,0.7611082953201554,Tamil Nadu
2667,11.87006154910994,78.46763289064653,0.4775206171854216,Tamil Nadu
2668,11.86506839396062,78.43508101870667,0.7943775100401607,Tamil Nadu
2669,11.879348389985337,78.43930709634155,0.7746818025455796,Tamil Nadu
2670,11.867084090454076,78.43068175473783,0.6265346534653465,Tamil Nadu
2671,11.89175468033699,78.45473759347173,0.81005071461503,Tamil Nadu
2672,11.890382013134165,78.42677543712526,0.8029468670933174,Tamil Nadu
2673,11.892905827406658,78.47587484023511,0.834640522875817,Tamil Nadu
2674,11.873953090827705,78.47864694675513,0.8256410256410256,Tamil Nadu
2675,11.869213894764313,78.4419677099113,0.8163380281690141,Tamil Nadu
2676,11.867484247806573,78.4662358443432,0.7674991206472036,Tamil Nadu
2677,11.896126919412792,78.47830802462357,0.7335369345294903,Tamil Nadu
2678,11.883670953022008,78.4530253815393,0.7860007291286912,Tamil Nadu
2679,11.87516188194677,78.440310031074,0.73024,Tamil Nadu
2680,11.865687924882137,78.41053297951747,0.7429352780309936,Tamil Nadu
2681,11.86878295352826,78.46782488347527,0.5318976026005688,Tamil Nadu
2682,11.876130507558948,78.411686550907,0.8334685927609154,Tamil Nadu
2683,11.887411834098234,78.47925630080144,0.3758812615955473,Tamil Nadu
2684,11.874822714731817,78.46115330827546,0.8088407875863868,Tamil Nadu
2685,11.892753129123784,78.41377167218732,0.7937789998281491,Tamil Nadu
2686,11.872451239851776,78.42333391230517,0.7408331733538107,Tamil Nadu
2687,11.866751750654403,78.44754668305511,0.4784488972178175,Tamil Nadu
2688,11.87307825810544,78.45486915274924,0.7365537848605578,Tamil Nadu
2689,11.88142112998029,78.4682509282302,0.8026418026418026,Tamil Nadu
2690,11.889838914764194,78.42208232904343,0.780806572068708,Tamil Nadu
2691,11.86373489070785,78.42911804763267,0.7011747430249633,Tamil Nadu
2692,11.863620569488631,78.4537232944482,0.4318744838976053,Tamil Nadu
2693,11.882753795221213,78.424862119165,0.786472889882616,Tamil Nadu
2694,11.900974387291877,78.46471468530844,0.7943373284696891,Tamil Nadu
2695,11.895986901801168,78.44614054523076,0.6181448882870684,Tamil Nadu
2696,11.88914172642202,78.4181973849144,0.7876949740034662,Tamil Nadu
2697,11.876733632631796,78.42453678514708,0.7596937926443668,Tamil Nadu
2698,11.899204292606164,78.45393760938647,0.8447488584474886,Tamil Nadu
2699,11.879172742797536,78.47042956171352,0.8331437239287068,Tamil Nadu
2700,11.864839365440302,78.47681584526502,0.8304980842911878,Tamil Nadu
2701,11.86187539275706,78.42659845282652,0.5992125984251968,Tamil Nadu
2702,11.881146890894698,78.44201061572362,0.6174863387978142,Tamil Nadu
2703,11.86450449737865,78.45671402679062,0.7418473621307837,Tamil Nadu
2704,11.880554042647908,78.41978758601103,0.7985635543677969,Tamil Nadu
2705,11.895038273320964,78.45739524494094,0.7772354889314973,Tamil Nadu
2706,11.863694165722713,78.47055967879812,0.8157946306094455,Tamil Nadu
2707,11.903253911647376,78.46499984837227,0.647872708405396,Tamil Nadu
2708,11.889736115668658,78.4145989841763,0.7883283877349159,Tamil Nadu
2709,11.888623220200282,78.46660542909562,0.7818008575512149,Tamil Nadu
2710,11.873477846018169,78.41106222588779,0.8214059531348955,Tamil Nadu
2711,11.88153741961499,78.42484071825567,0.6564397046759639,Tamil Nadu
2712,11.902490418848195,78.44708770170485,0.7806451612903226,Tamil Nadu
2713,11.892486335315713,78.47539889321328,0.7724051688203418,Tamil Nadu
2714,11.872539298557212,78.41824296538829,0.7472936400541272,Tamil Nadu
2715,11.888283167295604,78.42564833250071,0.7856257744733581,Tamil Nadu
2716,11.893269083737476,78.44086193411673,0.6779570845894662,Tamil Nadu
2717,11.899533088175811,78.46115447703654,0.6026701494703236,Tamil Nadu
2718,11.883370352305835,78.43578731900163,0.7881040892193308,Tamil Nadu
2719,11.867367805445015,78.47327138486156,0.8450063671093324,Tamil Nadu
2720,11.903536407487774,78.4610712823001,0.6945286045268223,Tamil Nadu
2721,11.890741606942298,78.44729857704165,0.7497227356746765,Tamil Nadu
2722,11.869419448578617,78.47769622999955,0.79156134551818,Tamil Nadu
2723,11.892267979396566,78.42188401884545,0.4697496522948539,Tamil Nadu
2724,11.868538804836025,78.45111094195335,0.4005227998838222,Tamil Nadu
2725,11.889629341035782,78.47999075173291,0.4589578872234118,Tamil Nadu
2726,11.862374707291288,78.44973040967483,0.7839241656927671,Tamil Nadu
2727,11.882949191387686,78.48271066267448,0.7957843814789219,Tamil Nadu
2728,11.887335193238398,78.47322732599666,0.8553280526079808,Tamil Nadu
2729,11.903629494339953,78.4671715949655,0.8420044685604852,Tamil Nadu
2730,11.901254131054738,78.46231255485259,0.4147121535181237,Tamil Nadu
2731,11.869870264058024,78.41629126445164,0.7999346191565871,Tamil Nadu
2732,11.90261348268791,78.43474672973944,0.7457865168539326,Tamil Nadu
2733,11.886262660230951,78.44736707203019,0.837512317967809,Tamil Nadu
2734,11.88041832946512,78.43756477338769,0.7943666307526551,Tamil Nadu
2735,11.88376481502043,78.43457249307167,0.7750193948797518,Tamil Nadu
2736,11.903326197060526,78.4483145680305,0.8277739959155889,Tamil Nadu
2737,11.863554118700586,78.42400628015643,0.4972161295765142,Tamil Nadu
2738,11.882187289613816,78.46064318748802,0.8152054147646781,Tamil Nadu
2739,11.892153584832636,78.47603061602076,0.8543910207796147,Tamil Nadu
2740,11.86625247020146,78.42331510571428,0.7576022115524517,Tamil Nadu
2741,11.8774507398342,78.46346951853825,0.5464898861125276,Tamil Nadu
2742,11.896949591132447,78.4775531842287,0.46875,Tamil Nadu
2743,11.889521898125082,78.41419028504343,0.7876075731497418,Tamil Nadu
2744,11.884558661785263,78.47441899463237,0.3121619747607821,Tamil Nadu
2745,11.90416435864632,78.44965520488363,0.8323485967503693,Tamil Nadu
2746,11.894421611290506,78.43115113875665,0.8167330677290837,Tamil Nadu
2747,11.86453912794664,78.42734086131803,0.3441599000624609,Tamil Nadu
2748,11.898892295219444,78.4290696441456,0.6256896932244538,Tamil Nadu
2749,11.87423974882507,78.42084756151087,0.7879313061288797,Tamil Nadu
2750,11.87991543628345,78.43324356405228,0.7819706498951782,Tamil Nadu
2751,11.882057470031556,78.45633500228905,0.7577735124760077,Tamil Nadu
2752,11.901558712723302,78.43608308798976,0.8292602377807133,Tamil Nadu
2753,11.887631576381684,78.411059176994,0.7408937288772062,Tamil Nadu
2754,11.891366842111047,78.4611503189075,0.7494163424124514,Tamil Nadu
2755,11.882584346745574,78.4431859276495,0.6248879325802402,Tamil Nadu
2756,11.889156284663578,78.45128200487959,0.8074454428754814,Tamil Nadu
2757,11.87758072658809,78.42098453605281,0.773288814691152,Tamil Nadu
2758,11.884341400400446,78.44706507386896,0.7737089201877935,Tamil Nadu
2759,11.893881167066093,78.46528677794994,0.8100015199878401,Tamil Nadu
2760,11.897098556935903,78.43054224468888,0.8249027237354085,Tamil Nadu
2761,11.876533593047393,78.42898265966181,0.7361240889553354,Tamil Nadu
2762,11.86226451524086,78.47853788404821,0.8082803641985913,Tamil Nadu
2763,11.868412359012533,78.42276504106916,0.8027419140157062,Tamil Nadu
2764,11.895519727725713,78.41553701834405,0.8113269674020415,Tamil Nadu
2765,11.874012438333605,78.46255352160935,0.6941553242594075,Tamil Nadu
2766,11.86466109228632,78.45783958325494,0.7883283877349159,Tamil Nadu
2767,11.875084252071629,78.44506239826056,0.8011774600504625,Tamil Nadu
2768,11.877803219113858,78.47081689458844,0.8546983758700696,Tamil Nadu
2769,11.867410655865289,78.45566270189879,0.7437837837837837,Tamil Nadu
2770,11.88527058299217,78.4416154846901,0.7725048198131396,Tamil Nadu
2771,11.872712619859348,78.44076147992546,0.7589478941235226,Tamil Nadu
2772,11.866216013659692,78.43738220531469,0.8005698005698005,Tamil Nadu
2773,11.896518808158962,78.44466411721294,0.596316758747698,Tamil Nadu
2774,11.898102111018607,78.43372785406203,0.7610042386697098,Tamil Nadu
2775,11.86613492083613,78.41717013323985,0.7596835338717652,Tamil Nadu
2776,11.866861998046526,78.45086930933434,0.5386748844375963,Tamil Nadu
2777,11.89951700178239,78.46612271397434,0.7877179681576952,Tamil Nadu
2778,11.896298315504302,78.47213754836483,0.7813121272365805,Tamil Nadu
2779,11.883685175851149,78.4280345192702,0.7951048951048951,Tamil Nadu
2780,11.885665454749107,78.47854521873589,0.4576885083964438,Tamil Nadu
2781,11.867849274341747,78.43333576911935,0.7592137592137592,Tamil Nadu
2782,11.896636219276647,78.44178412689514,0.6808640717342572,Tamil Nadu
2783,11.878951813594414,78.46941133243106,0.8341082945852707,Tamil Nadu
2784,11.904652568454177,78.42550847807124,0.7243116185359302,Tamil Nadu
2785,11.880554058863153,78.43159358781426,0.3477551020408163,Tamil Nadu
2786,11.901455629114224,78.4248208775187,0.7565250523909316,Tamil Nadu
2787,11.899886691954642,78.48153380982133,0.7749812171299775,Tamil Nadu
2788,11.898189963776298,78.4756609426188,0.7794705770329461,Tamil Nadu
2789,11.886105941794868,78.4549727797994,0.8161378059836809,Tamil Nadu
2790,11.900443903555146,78.42753574145836,0.4359955364259525,Tamil Nadu
2791,11.884969130277476,78.47953476787909,0.3487031700288184,Tamil Nadu
2792,11.86409621310512,78.42235853653824,0.7751762671278436,Tamil Nadu
2793,11.869527298769288,78.43693983979826,0.7497064250964603,Tamil Nadu
2794,11.86351155844235,78.43654735043404,0.751047931474394,Tamil Nadu
2795,11.884577873802844,78.41979444208414,0.7794970986460348,Tamil Nadu
2796,11.89378323915055,78.43413483234528,0.7036202735317779,Tamil Nadu
2797,11.871708373628676,78.447630235336,0.4525043177892919,Tamil Nadu
2798,11.89046324994636,78.4182983172617,0.8042710093716393,Tamil Nadu
2799,11.87117240593151,78.41406041040253,0.7245643620011242,Tamil Nadu
2800,11.886441049118767,78.41385118385946,0.7812718378756115,Tamil Nadu
2801,11.901555536649967,78.4280905457453,0.662599718442046,Tamil Nadu
2802,11.886081136097433,78.41997029234274,0.815839202886102,Tamil Nadu
2803,11.876528265598676,78.42350820928776,0.7775831873905429,Tamil Nadu
2804,11.899335098834246,78.46247317312279,0.4462788925577851,Tamil Nadu
2805,11.866750805389108,78.46065452178807,0.7689157913476945,Tamil Nadu
2806,11.869625404644008,78.47900072013285,0.8269885484370164,Tamil Nadu
2807,11.886626459450758,78.41730601545099,0.3454771268888429,Tamil Nadu
2808,11.87670652638739,78.4494864202428,0.7475728155339806,Tamil Nadu
2809,11.87502092932643,78.44467336056876,0.7784099416080251,Tamil Nadu
2810,11.90389732148686,78.42949622427506,0.8046725392569897,Tamil Nadu
2811,11.889483393941374,78.41300545767156,0.8268983268983269,Tamil Nadu
2812,11.86949399610707,78.47033445656933,0.775303241201034,Tamil Nadu
2813,11.874936128416334,78.41432252328548,0.8272327964860908,Tamil Nadu
2814,11.895997313990762,78.44277815793629,0.7942583732057417,Tamil Nadu
2815,11.864776967909334,78.47991574219675,0.8162557077625571,Tamil Nadu
2816,11.897175070362216,78.47126529278859,0.7988721804511278,Tamil Nadu
2817,11.89557311198597,78.4125913360742,0.8129727989699018,Tamil Nadu
2818,11.886526529821127,78.41026579537395,0.7764087697046567,Tamil Nadu
2819,11.897576478292518,78.47351744799866,0.7919243361222262,Tamil Nadu
2820,11.865599991656786,78.48220914990092,0.8399871733205067,Tamil Nadu
2821,11.869647190077728,78.47211564434085,0.8193050193050193,Tamil Nadu
2822,11.887052458532477,78.43706149898561,0.7830964846671653,Tamil Nadu
2823,11.88086876481836,78.41763256849823,0.6673368671175288,Tamil Nadu
2824,11.874444858342544,78.47914932373543,0.8341113105924596,Tamil Nadu
2825,11.885314967204478,78.47551541479004,0.3433242506811989,Tamil Nadu
2826,11.868648049323047,78.44598535298589,0.6234347048300537,Tamil Nadu
2827,11.871207447050397,78.47154054922886,0.747737338725207,Tamil Nadu
2828,11.891359513900436,78.45157159920538,0.8111626515038156,Tamil Nadu
2829,11.90196204578024,78.47955018047696,0.8076688983566647,Tamil Nadu
2830,11.88415337972885,78.45684494400066,0.7466765140324964,Tamil Nadu
2831,11.871083589469968,78.45321900181511,0.7908616988653787,Tamil Nadu
2832,11.904363829424032,78.41097657828523,0.5384615384615384,Tamil Nadu
2833,11.894004652570583,78.42298183499821,0.7995418098510882,Tamil Nadu
2834,11.902294712357532,78.45367840770095,0.7434774676153987,Tamil Nadu
2835,11.867959476837848,78.41401065382732,0.7580412866058569,Tamil Nadu
2836,11.8926326300541,78.4623531520699,0.7914236706689537,Tamil Nadu
2837,11.885283125626918,78.45670265409464,0.788750817527796,Tamil Nadu
2838,11.86183782824911,78.45287614885714,0.7308619091751621,Tamil Nadu
2839,11.864539110646884,78.44769407290774,0.5420577297680185,Tamil Nadu
2840,11.89415087850394,78.47315580581694,0.7914155251141552,Tamil Nadu
2841,11.895242668412246,78.46541175673894,0.7620869565217391,Tamil Nadu
2842,11.867753439702287,78.43206200852218,0.590900684298132,Tamil Nadu
2843,11.903366762771904,78.41834833685725,0.7309014800418597,Tamil Nadu
2844,11.902912943147058,78.43546588115233,0.7127895266868076,Tamil Nadu
2845,11.895226294932884,78.47804426146585,0.715559329229463,Tamil Nadu
2846,11.89062580299138,78.43076853314898,0.7748882568061763,Tamil Nadu
2847,11.886464493159076,78.44587484030562,0.709378618294095,Tamil Nadu
2848,11.87766397528759,78.4608373149172,0.7642534693195118,Tamil Nadu
2849,11.869038200564283,78.46438820636213,0.7329149232914923,Tamil Nadu
2850,11.884975797118566,78.44977787181334,0.8171864631718646,Tamil Nadu
2851,11.896019804825084,78.41602376569506,0.7871751499308012,Tamil Nadu
2852,11.86811559915267,78.41507280430726,0.7155172413793104,Tamil Nadu
2853,11.868345532773963,78.42253513178065,0.8095105285176405,Tamil Nadu
2854,11.8708503090763,78.41979510084884,0.8097337629303035,Tamil Nadu
2855,11.887915161484614,78.4655916045645,0.826865671641791,Tamil Nadu
2856,11.885136905428883,78.44226515504374,0.7624753526467466,Tamil Nadu
2857,11.86720424748334,78.46460474811822,0.7550143266475645,Tamil Nadu
2858,11.892209372766306,78.42744346615501,0.7793103448275862,Tamil Nadu
2859,11.870005453502248,78.44370091906616,0.8046149235840575,Tamil Nadu
2860,11.886386326286292,78.43065058290092,0.818362282878412,Tamil Nadu
2861,11.879720797454864,78.43989682055333,0.8106971153846154,Tamil Nadu
2862,11.889433845520188,78.41286820746083,0.8097472924187725,Tamil Nadu
2863,11.867329517682132,78.43984731042501,0.8231120920699985,Tamil Nadu
2864,11.872746851786252,78.41647287178388,0.7306385869565217,Tamil Nadu
2865,11.884014619452392,78.43480566681026,0.7772630766261339,Tamil Nadu
2866,11.899275229027936,78.47310655149971,0.8203889831614671,Tamil Nadu
2867,11.903718385591748,78.44273024444003,0.7730396475770925,Tamil Nadu
2868,11.86918973582388,78.43694381055724,0.7467541532877287,Tamil Nadu
2869,11.880270173265952,78.4272418152025,0.7977276364218275,Tamil Nadu
2870,11.875871049010604,78.48105441276898,0.7728494623655914,Tamil Nadu
2871,11.868307320627572,78.47654619913268,0.837796480489671,Tamil Nadu
2872,11.874768507995828,78.4126915024783,0.8240740740740741,Tamil Nadu
2873,11.894643398491642,78.45296967909968,0.7575353871773522,Tamil Nadu
2874,11.901084900702342,78.44092887792544,0.7048910809699959,Tamil Nadu
2875,11.890841423600056,78.46679852725005,0.7527284574034859,Tamil Nadu
2876,11.900098820846065,78.45389080341201,0.8241601143674053,Tamil Nadu
2877,11.881310977423372,78.46770242687748,0.8126614987080103,Tamil Nadu
2878,11.895533185743682,78.44637049262839,0.6717348927875244,Tamil Nadu
2879,11.890769565392066,78.46310062820228,0.7358280844757318,Tamil Nadu
2880,11.88657666847342,78.46676686339661,0.780630105017503,Tamil Nadu
2881,11.890011061479308,78.44931500020769,0.8053930660579255,Tamil Nadu
2882,11.878511985275908,78.45452221354839,0.7698713096139288,Tamil Nadu
2883,11.875505192228164,78.41452939121912,0.8177023240481293,Tamil Nadu
2884,11.89089017515884,78.46211450158967,0.7854950734937813,Tamil Nadu
2885,11.887341527623995,78.45234814286268,0.820354109687635,Tamil Nadu
2886,11.86495363835204,78.46532457872492,0.7976326842306224,Tamil Nadu
2887,11.88857374870102,78.45489573256378,0.8253174297806849,Tamil Nadu
2888,11.891611077062008,78.4199363160646,0.8095406987054442,Tamil Nadu
2889,11.879042237198451,78.45108094386916,0.8014250309789344,Tamil Nadu
2890,11.89170928530864,78.46048649832495,0.7576948264571054,Tamil Nadu
2891,11.873576695742978,78.45571027354931,0.7431672025723473,Tamil Nadu
2892,11.88808942369456,78.46493349403445,0.7867191045227651,Tamil Nadu
2893,11.874670772862354,78.4446509503805,0.7429869926343833,Tamil Nadu
2894,11.901355606590736,78.46638635551453,0.7927170868347339,Tamil Nadu
2895,11.8944349082678,78.48021725700622,0.7565938206480783,Tamil Nadu
2896,11.871372956524494,78.45842173937854,0.7660414610069102,Tamil Nadu
2897,11.86469095400741,78.46750228135734,0.7727186492126731,Tamil Nadu
2898,11.869447193360788,78.43756443724132,0.682049541907024,Tamil Nadu
2899,11.891383202064608,78.47606933673713,0.8102283692505629,Tamil Nadu
2900,11.90030910271569,78.46921370455694,0.7446491717848501,Tamil Nadu
2901,11.894229039689456,78.47922015588445,0.8668850506253722,Tamil Nadu
2902,11.86406474366856,78.41169338324558,0.5886041439476554,Tamil Nadu
2903,11.88112797902781,78.42986771983955,0.5419965244255648,Tamil Nadu
2904,11.87159140225586,78.44242445739391,0.7981600988603598,Tamil Nadu
2905,11.885008424419942,78.4818319181777,0.4227679248143095,Tamil Nadu
2906,11.879768769337332,78.44253735240679,0.8420563641994425,Tamil Nadu
2907,11.903626488750255,78.46738773049509,0.8323439467530132,Tamil Nadu
2908,11.903692431020083,78.4438331832066,0.7285103072734345,Tamil Nadu
2909,11.88122325631164,78.44492569205933,0.8103857566765579,Tamil Nadu
2910,11.863782889163986,78.41450627173685,0.7425213675213675,Tamil Nadu
2911,11.884671658554955,78.45730552766753,0.7892263802651451,Tamil Nadu
2912,11.878219659138864,78.43741033408656,0.791745550927679,Tamil Nadu
2913,11.867373627382973,78.45527565534869,0.7872208436724566,Tamil Nadu
2914,11.880688238465115,78.42617696523065,0.7671279109011138,Tamil Nadu
2915,11.87701560880271,78.47637405289774,0.8225836958577644,Tamil Nadu
2916,11.897374194250784,78.42035222576075,0.7644927536231884,Tamil Nadu
2917,11.871395722651322,78.47619538752421,0.8326488706365504,Tamil Nadu
2918,11.873774732312471,78.42782891321073,0.7405327052002174,Tamil Nadu
2919,11.86343682641619,78.44135424899385,0.6901188852075619,Tamil Nadu
2920,11.872785572789262,78.4664467026488,0.7773735903965078,Tamil Nadu
2921,11.87372376455919,78.46301237560303,0.7598949540423936,Tamil Nadu
2922,11.884313805613086,78.46950796114925,0.8187908223078212,Tamil Nadu
2923,11.875175862494158,78.41129601972364,0.8239357429718875,Tamil Nadu
2924,11.904351347497808,78.41997785245968,0.7863772668856205,Tamil Nadu
2925,11.899337864184307,78.44186580855123,0.7049787155284102,Tamil Nadu
2926,11.895737304319727,78.47674477907441,0.7616050354051928,Tamil Nadu
2927,11.89435320850276,78.45501884089546,0.806499480635109,Tamil Nadu
2928,11.865214528059768,78.46189526140645,0.7487740475292343,Tamil Nadu
2929,11.897945236967075,78.48183418069956,0.6059330527159752,Tamil Nadu
2930,11.88242928565315,78.44626372365636,0.7920552677029361,Tamil Nadu
2931,11.899941314072676,78.4406383773365,0.6646086436964748,Tamil Nadu
2932,11.871652124460043,78.44446582754959,0.7807373720968004,Tamil Nadu
2933,11.877519480194453,78.47250764827862,0.8162685819275096,Tamil Nadu
2934,11.865293503173808,78.46739025519663,0.8113405670283514,Tamil Nadu
2935,11.885394142419596,78.44113276885847,0.7735849056603774,Tamil Nadu
2936,11.88211417366522,78.46189167640048,0.7616471819926715,Tamil Nadu
2937,11.874258686252965,78.46708322614468,0.770962595284524,Tamil Nadu
2938,11.876901652418727,78.4809671600384,0.8292816669713032,Tamil Nadu
2939,11.885315657149643,78.47653662690706,0.3243280120070951,Tamil Nadu
2940,11.873165861033003,78.46633523807157,0.7439635535307517,Tamil Nadu
2941,11.887902260085546,78.42674700060599,0.7961165048543689,Tamil Nadu
2942,11.884627995358588,78.41142974373517,0.8284124285051785,Tamil Nadu
2943,11.893329621851295,78.47593371425205,0.841819772528434,Tamil Nadu
2944,11.889758814420269,78.46127764476556,0.7638966350622792,Tamil Nadu
2945,11.873978130290917,78.44122435808976,0.8151099776856869,Tamil Nadu
2946,11.878300549142496,78.46356088621498,0.7296058661778185,Tamil Nadu
2947,11.887878824317896,78.42586633289794,0.7968039876850902,Tamil Nadu
2948,11.903551931353023,78.43690328719794,0.7765974569451151,Tamil Nadu
2949,11.864073471282063,78.45892336615215,0.7730755198832543,Tamil Nadu
2950,11.889676841874936,78.4150614504149,0.8164693903525518,Tamil Nadu
2951,11.863140578954653,78.46217459487275,0.8099516240497581,Tamil Nadu
2952,11.897221960601923,78.42424882340416,0.7478152309612984,Tamil Nadu
2953,11.888368375355872,78.41269261174064,0.7773906310491676,Tamil Nadu
2954,11.88288002609159,78.4511401487337,0.8136463683052091,Tamil Nadu
2955,11.883902589124803,78.43344352719062,0.4552719200887902,Tamil Nadu
2956,11.886162271018309,78.45595990977748,0.8023340627279358,Tamil Nadu
2957,11.88841596086359,78.43680821238459,0.7506907199739964,Tamil Nadu
2958,11.877287020286673,78.42888233925419,0.6863929146537843,Tamil Nadu
2959,11.89755374153253,78.45940269369133,0.4780307040762308,Tamil Nadu
2960,11.865218597449314,78.45110705044783,0.3596274195895794,Tamil Nadu
2961,11.893651285401914,78.44073669224741,0.7602591792656588,Tamil Nadu
2962,11.892449969424234,78.41243678498843,0.8225463384989365,Tamil Nadu
2963,11.883452928206909,78.44984838124226,0.6823199251637044,Tamil Nadu
2964,11.864456521010831,78.47340543678493,0.8201449489720456,Tamil Nadu
2965,11.866112627052704,78.41875912631063,0.5351477709133411,Tamil Nadu
2966,11.866008410055818,78.47484638199447,0.8188562596599691,Tamil Nadu
2967,11.890760010858507,78.47599001037479,0.640387275242047,Tamil Nadu
2968,11.897707495152842,78.41620958386777,0.5429341547939931,Tamil Nadu
2969,11.89622206335932,78.41484288119399,0.7740629948970614,Tamil Nadu
2970,11.881620791551752,78.44013934236632,0.7689217419251165,Tamil Nadu
2971,11.88488283311381,78.45719050332667,0.7901815736381977,Tamil Nadu
2972,11.900801581793916,78.43182017590439,0.5721476510067114,Tamil Nadu
2973,11.868230470199212,78.42140227932256,0.7911111111111111,Tamil Nadu
2974,11.89360385635977,78.46770516174695,0.8009170241088597,Tamil Nadu
2975,11.896616408376664,78.47512523256579,0.7637931034482759,Tamil Nadu
2976,11.87457669053392,78.43313604905727,0.7680444170265268,Tamil Nadu
2977,11.873642429880915,78.44606051547255,0.7465346534653465,Tamil Nadu
2978,11.882219007120838,78.44749391987848,0.6478443342235788,Tamil Nadu
2979,11.894747604781235,78.47732165204442,0.6755665245680952,Tamil Nadu
2980,11.885872423441551,78.4714755230378,0.8403599400099984,Tamil Nadu
2981,11.899272275518197,78.48290247069204,0.8177842565597667,Tamil Nadu
2982,11.899798341117227,78.46277220562223,0.3575346043353355,Tamil Nadu
2983,11.897865851215,78.44382200574117,0.6958731449481602,Tamil Nadu
2984,11.900902151123514,78.43708620224373,0.7458305537024683,Tamil Nadu
2985,11.89456792508906,78.4389333997235,0.7464198393293748,Tamil Nadu
2986,11.86776977492616,78.44934975166443,0.2927126492810138,Tamil Nadu
2987,11.863773417689927,78.45767303158986,0.81,Tamil Nadu
2988,11.86475513717414,78.43025128489751,0.7998390126106788,Tamil Nadu
2989,11.865243413488969,78.44272877791957,0.7333622371558639,Tamil Nadu
2990,11.864309651371965,78.46668939226085,0.8001425008906305,Tamil Nadu
2991,11.880437002398832,78.44612716981935,0.7985670419651996,Tamil Nadu
2992,11.86633776881786,78.4794250340384,0.8357600465928946,Tamil Nadu
2993,11.900627571195274,78.45933475908745,0.7452184593788383,Tamil Nadu
2994,11.866749458252064,78.43298569257904,0.573373676248109,Tamil Nadu
2995,11.89803598860696,78.41120633667043,0.7113707421425045,Tamil Nadu
2996,11.862296854261889,78.4239553566827,0.7304926764314248,Tamil Nadu
2997,11.874774065165946,78.45604448360379,0.7156943303204601,Tamil Nadu
2998,11.90414559196756,78.4124057907973,0.6510574018126888,Tamil Nadu
2999,11.889700522095325,78.43382455174073,0.8081180811808119,Tamil Nadu
3000,11.877969750697176,78.44970589730987,0.7794055500774757,Tamil Nadu
3001,11.895342946196845,78.43278994692544,0.7624861265260822,Tamil Nadu
3002,11.8656387790788,78.43101492275875,0.6611510791366907,Tamil Nadu
3003,11.861790056902366,78.43991676803914,0.7717352415026834,Tamil Nadu
3004,11.867068090824215,78.45315787783832,0.4475566150178784,Tamil Nadu
3005,11.88922074558732,78.45535745505602,0.7515527950310559,Tamil Nadu
3006,11.90332470199096,78.43413007995768,0.6029650220060228,Tamil Nadu
3007,11.895479089641276,78.47164246486281,0.8015898251192369,Tamil Nadu
3008,11.87777047937322,78.44561596001284,0.7466553767993226,Tamil Nadu
3009,11.9003041221415,78.45524647422417,0.8432916892992939,Tamil Nadu
3010,11.900931538079806,78.47351363499058,0.8092205807437596,Tamil Nadu
3011,11.869252555372611,78.48175774614822,0.8358516483516484,Tamil Nadu
3012,11.873994468543192,78.47650213653593,0.8433146372353899,Tamil Nadu
3013,11.866871236532075,78.47359163982692,0.7797519896353877,Tamil Nadu
3014,11.869337798598666,78.43426788500649,0.7718080289767583,Tamil Nadu
3015,11.884157890828115,78.42668527976643,0.782879632666448,Tamil Nadu
3016,11.89406285431218,78.41187490362829,0.8035840270918583,Tamil Nadu
3017,11.899855934673695,78.47541598342056,0.821376281112738,Tamil Nadu
3018,11.867872189405167,78.46133470158034,0.8219820844589791,Tamil Nadu
3019,11.868727439503036,78.4406301181322,0.778874269005848,Tamil Nadu
3020,11.877346404900711,78.43086567210254,0.7936020242183264,Tamil Nadu
3021,11.886051354006748,78.44861050285127,0.7478528601523254,Tamil Nadu
3022,11.87491502733176,78.41228942358124,0.7104233368907862,Tamil Nadu
3023,11.87484131359854,78.4439387680064,0.8077818423678085,Tamil Nadu
3024,11.8944612620065,78.43690273552541,0.6454497632824829,Tamil Nadu
3025,11.89010907234908,78.43806763972121,0.66409717355758,Tamil Nadu
3026,11.876231077856907,78.47039009693398,0.8216426858513189,Tamil Nadu
3027,11.904158804889912,78.44622464670381,0.729693443723428,Tamil Nadu
3028,11.87639667764562,78.47858510893114,0.8271028037383178,Tamil Nadu
3029,11.876369310020085,78.48036539338614,0.8095425867507886,Tamil Nadu
3030,11.89764272181498,78.42370529832891,0.8057364555909657,Tamil Nadu
3031,11.892807951721888,78.45178269821818,0.7949119373776908,Tamil Nadu
3032,11.864013384784748,78.4616774568751,0.8353019464315422,Tamil Nadu
3033,11.8930921192652,78.42629402809791,0.7508289909995263,Tamil Nadu
3034,11.88067187295902,78.45795167009318,0.7187440532825881,Tamil Nadu
3035,11.86231371655784,78.44173810772061,0.7556369242628638,Tamil Nadu
3036,11.89624918450487,78.4134939181279,0.7922720247295209,Tamil Nadu
3037,11.862586312455878,78.45568664702179,0.7926441652792493,Tamil Nadu
3038,11.879787280280564,78.45223421511271,0.7726937269372693,Tamil Nadu
3039,11.882069490263737,78.43196643969286,0.7744499907561472,Tamil Nadu
3040,11.872098487295212,78.42996894156276,0.8123623169625502,Tamil Nadu
3041,11.871185533336886,78.44025395427055,0.7168983174835406,Tamil Nadu
3042,11.90375137884102,78.4187536603411,0.723878040424803,Tamil Nadu
3043,11.866600052894151,78.46422649008379,0.6737302388160108,Tamil Nadu
3044,11.876849650754966,78.43569064156756,0.8177208057472883,Tamil Nadu
3045,11.863646524627942,78.43779350604402,0.5936694884063305,Tamil Nadu
3046,11.885778507765451,78.4498361269195,0.8077534159517,Tamil Nadu
3047,11.893008191224713,78.45945085363228,0.7247894844937359,Tamil Nadu
3048,11.897334150267556,78.44619614519439,0.7582065652522018,Tamil Nadu
3049,11.864865167228228,78.46155787093441,0.7926378395756309,Tamil Nadu
3050,11.879231018035403,78.41720373928894,0.7963963963963964,Tamil Nadu
3051,11.904183610400414,78.42088069121775,0.7149938042131351,Tamil Nadu
3052,11.8675147323101,78.41586815449875,0.5664133188563156,Tamil Nadu
3053,11.88481794308261,78.41073803016052,0.7559781585388816,Tamil Nadu
3054,11.892318769215573,78.4273539290273,0.7807424593967517,Tamil Nadu
3055,11.86371840933839,78.47667808270592,0.8046956781815463,Tamil Nadu
3056,11.894791199124858,78.48164564905088,0.8062191884717482,Tamil Nadu
3057,11.8816572493501,78.4172530222719,0.6981598886655327,Tamil Nadu
3058,11.874096476786042,78.42245561794572,0.7601082218548023,Tamil Nadu
3059,11.875481394141836,78.41878626054331,0.68408262454435,Tamil Nadu
3060,11.878264617640866,78.45253212052923,0.7321918914553384,Tamil Nadu
3061,11.872266859518527,78.41083673972808,0.7942019751513221,Tamil Nadu
3062,11.874449363571012,78.42964154256241,0.7804447582068479,Tamil Nadu
3063,11.881485746376285,78.47999410671225,0.8027899866233518,Tamil Nadu
3064,11.885404815330526,78.4282546486805,0.8218315018315018,Tamil Nadu
3065,11.896721845022345,78.44179854605011,0.6258461538461538,Tamil Nadu
3066,11.87830837190079,78.47118580612016,0.8368162261831592,Tamil Nadu
3067,11.886641087035107,78.43544402679913,0.7367563162184189,Tamil Nadu
3068,11.89139886279788,78.47139700560345,0.7830206204718558,Tamil Nadu
3069,11.890250402251256,78.41799855046693,0.7776951672862453,Tamil Nadu
3070,11.87211046420202,78.4255705976257,0.7819560272934041,Tamil Nadu
3071,11.868769954412867,78.43462500120945,0.7202308095820947,Tamil Nadu
3072,11.903024353515526,78.46070131909815,0.6862285965169033,Tamil Nadu
3073,11.894205655427513,78.46557187380837,0.7613636363636364,Tamil Nadu
3074,11.897911747508315,78.4680126409912,0.7238754325259515,Tamil Nadu
3075,11.897318859791788,78.42871235127788,0.8173425651170458,Tamil Nadu
3076,11.865317581173846,78.45227181726727,0.6259699129057799,Tamil Nadu
3077,11.871196277717086,78.45832540897484,0.7318419090231171,Tamil Nadu
3078,11.883178314235163,78.47398849870308,0.3538461538461538,Tamil Nadu
3079,11.900234966655784,78.41467862913899,0.6817548746518106,Tamil Nadu
3080,11.894269975190516,78.43712093062612,0.7344190416536173,Tamil Nadu
3081,11.871600551844317,78.472543560111,0.7845184816840709,Tamil Nadu
3082,11.88867649325931,78.48237595711218,0.6062105442757209,Tamil Nadu
3083,11.899224775986635,78.42675609219837,0.7572616937133506,Tamil Nadu
3084,11.893505901137528,78.47186311748779,0.8248756218905473,Tamil Nadu
3085,11.898635835101455,78.42016343375771,0.7676112078518283,Tamil Nadu
3086,11.870891231252612,78.45308007763352,0.7774101368626861,Tamil Nadu
3087,11.89532266513962,78.42214156090758,0.7585237258347979,Tamil Nadu
3088,11.884697738781949,78.43024037447195,0.7322868052609249,Tamil Nadu
3089,11.876357714244037,78.46074628215214,0.8118466898954704,Tamil Nadu
3090,11.876611340346104,78.45330285830858,0.5595683770094693,Tamil Nadu
3091,11.88535776680934,78.41894989485918,0.756912228613843,Tamil Nadu
3092,11.877241276836294,78.44890597541554,0.7926938995861076,Tamil Nadu
3093,11.872911611254477,78.47519922434704,0.8171921921921922,Tamil Nadu
3094,11.902209817938967,78.41201946596836,0.4298478291218763,Tamil Nadu
3095,11.874772072875654,78.48102949244185,0.7770412774932208,Tamil Nadu
3096,11.888069409501163,78.48028151915913,0.4436295411905168,Tamil Nadu
3097,11.903386012872812,78.47648820433363,0.8391989397732292,Tamil Nadu
3098,11.887024221356675,78.44037060798365,0.7846680616321096,Tamil Nadu
3099,11.879810035113442,78.43279918413121,0.6356531447711202,Tamil Nadu
3100,11.87145810311692,78.47419788204235,0.8291666666666667,Tamil Nadu
3101,11.88932028627496,78.46459458998179,0.7840404349823863,Tamil Nadu
3102,11.880110016883457,78.4555222373792,0.6599396891672465,Tamil Nadu
3103,11.894966612657669,78.45995874338314,0.689909762100082,Tamil Nadu
3104,11.900096478971872,78.47384441501067,0.8153605715561509,Tamil Nadu
3105,11.882164338231036,78.45673747085613,0.7278232988956181,Tamil Nadu
3106,11.89824222085216,78.46088847752532,0.4467300326287416,Tamil Nadu
3107,11.881437213755095,78.4722317398537,0.8039856256125449,Tamil Nadu
3108,11.866803018072696,78.46071446609297,0.7689157913476945,Tamil Nadu
3109,11.870972571159244,78.41800378779787,0.8038240323332815,Tamil Nadu
3110,11.886520699805354,78.4716180110846,0.8336633663366336,Tamil Nadu
3111,11.897158003926254,78.43746934590376,0.7496513249651325,Tamil Nadu
3112,11.896910083552182,78.46820844231624,0.7492746984272408,Tamil Nadu
3113,11.866660933739508,78.41700542381679,0.7024270137179036,Tamil Nadu
3114,11.894789599472707,78.44280854029725,0.7932640630598352,Tamil Nadu
3115,11.884477154656793,78.47070332353317,0.8304659498207886,Tamil Nadu
3116,11.895838245994584,78.4595213640661,0.4409427240339819,Tamil Nadu
3117,11.882771919682536,78.41118540158925,0.8371527777777777,Tamil Nadu
3118,11.862803651582247,78.46352439560074,0.8253660257541012,Tamil Nadu
3119,11.880336119899788,78.43866924569971,0.7638676844783715,Tamil Nadu
3120,11.898495766952909,78.47752070173924,0.7894368660370759,Tamil Nadu
3121,11.865799466738007,78.46997776978134,0.7079197893457565,Tamil Nadu
3122,11.88320483948342,78.4504407223974,0.6423841059602649,Tamil Nadu
3123,11.869192855955502,78.42892219209918,0.7461205800050877,Tamil Nadu
3124,11.876378533155108,78.43021202632173,0.7773870230349921,Tamil Nadu
3125,11.88521835806459,78.43219834514683,0.8277945619335347,Tamil Nadu
3126,11.88961199994392,78.44067176453744,0.8438247011952191,Tamil Nadu
3127,11.863631235746592,78.41370267020052,0.7122120542757968,Tamil Nadu
3128,11.86276272911358,78.48126502980197,0.5581043064271802,Tamil Nadu
3129,11.901812107731702,78.44069162764816,0.7057142857142857,Tamil Nadu
3130,11.870164657933133,78.44382989631829,0.6553280670643237,Tamil Nadu
3131,11.870346767225136,78.47928823207248,0.8368109623170352,Tamil Nadu
3132,11.898665816632253,78.44977249463487,0.5696571845368344,Tamil Nadu
3133,11.87253798941408,78.48141928562822,0.7648214870619063,Tamil Nadu
3134,11.869059380884751,78.42470119175712,0.7774555998550199,Tamil Nadu
3135,11.873484361617498,78.48042596608886,0.7990045941807045,Tamil Nadu
3136,11.899743935150672,78.42512228030161,0.7936772046589018,Tamil Nadu
3137,11.865746088167135,78.42649535469866,0.7167297252837638,Tamil Nadu
3138,11.88672460422751,78.47778225166613,0.5542029939134726,Tamil Nadu
3139,11.89245435251394,78.4502890002458,0.7475999301797871,Tamil Nadu
3140,11.886771805452709,78.42336099056905,0.7885579475081097,Tamil Nadu
3141,11.869324166443732,78.45260692139752,0.7270297360507851,Tamil Nadu
3142,11.88279961277282,78.44398347584615,0.5933166248955722,Tamil Nadu
3143,11.862495794662022,78.44300870633282,0.7172548170599697,Tamil Nadu
3144,11.881892847973814,78.44606841284708,0.786959706959707,Tamil Nadu
3145,11.86757675991364,78.44312496701694,0.8049805950840879,Tamil Nadu
3146,11.867115758472872,78.4726925939218,0.8417419012214551,Tamil Nadu
3147,11.89294339460342,78.41627101177166,0.810027230498158,Tamil Nadu
3148,11.898795669063736,78.47533630366004,0.7730682670667667,Tamil Nadu
3149,11.893849479405093,78.4626847886669,0.7862996752744704,Tamil Nadu
3150,11.86412349653627,78.43446018588124,0.6582491582491582,Tamil Nadu
3151,11.862194941992044,78.45720145757019,0.827384815055159,Tamil Nadu
3152,11.880944659423006,78.476736059755,0.7977814148026914,Tamil Nadu
3153,11.871741112892538,78.43920190752713,0.789279112754159,Tamil Nadu
3154,11.88908177212525,78.42400207338258,0.8055596411236947,Tamil Nadu
3155,11.865060836334855,78.41576113454923,0.5951760104302477,Tamil Nadu
3156,11.880453216347137,78.45281578036068,0.8088866014753817,Tamil Nadu
3157,11.885664712107756,78.48257605140776,0.6673856773080241,Tamil Nadu
3158,11.896534036639553,78.46127552517619,0.5029585798816568,Tamil Nadu
3159,11.901029834889998,78.44652054701572,0.7649110568538542,Tamil Nadu
3160,11.89785415326484,78.42520813209705,0.7985252140818269,Tamil Nadu
3161,11.874700082219997,78.43093296142273,0.801190869996692,Tamil Nadu
3162,11.870202403192238,78.47141114751231,0.776559287183002,Tamil Nadu
3163,11.864507904212076,78.42445136232215,0.7188640330001587,Tamil Nadu
3164,11.865616342995342,78.44973732154135,0.5404224326292789,Tamil Nadu
3165,11.894872972950164,78.48160068784918,0.7976610358269909,Tamil Nadu
3166,11.878343668469824,78.43312085343698,0.7681046261955885,Tamil Nadu
3167,11.867442440228606,78.4215860106823,0.7888307155322862,Tamil Nadu
3168,11.897063570248353,78.41780937865926,0.7863247863247863,Tamil Nadu
3169,11.891183254472894,78.4517182740311,0.816079444973473,Tamil Nadu
3170,11.865991015064322,78.44267211981115,0.7289406194515684,Tamil Nadu
3171,11.864870699966623,78.44138944780254,0.710691823899371,Tamil Nadu
3172,11.877165240811106,78.46878736090086,0.6236323851203501,Tamil Nadu
3173,11.873304885537364,78.46113739142247,0.8050294939459796,Tamil Nadu
3174,11.87644205997008,78.45457512178594,0.7919146316437513,Tamil Nadu
3175,11.90210867446026,78.47883478845249,0.8537845517954017,Tamil Nadu
3176,11.90398356364119,78.463583950813,0.7778528021607022,Tamil Nadu
3177,11.89880358618293,78.4309011040094,0.7897120672921385,Tamil Nadu
3178,11.88866293489563,78.44366352041004,0.699960830395613,Tamil Nadu
3179,11.894021962735897,78.44435743511416,0.7175335859455736,Tamil Nadu
3180,11.886088230990504,78.46097855634818,0.7615152819629789,Tamil Nadu
3181,11.865125259462662,78.43201456293197,0.749390541199415,Tamil Nadu
3182,11.881070848779954,78.45330824556493,0.7372748629600626,Tamil Nadu
3183,11.886621022403023,78.46785747878089,0.8152741514360313,Tamil Nadu
3184,11.904570219257048,78.4144723362416,0.510116492949111,Tamil Nadu
3185,11.89646466627084,78.47295335255447,0.7781239183108342,Tamil Nadu
3186,11.878886200646788,78.47617356615591,0.8316485225505443,Tamil Nadu
3187,11.894195868306486,78.44584898694559,0.7958959325760352,Tamil Nadu
3188,11.871117603338202,78.42951664830308,0.7876344086021505,Tamil Nadu
3189,11.880066321831032,78.44728393337954,0.7614752455401884,Tamil Nadu
3190,11.904452692228226,78.43620201402459,0.7651617903507072,Tamil Nadu
3191,11.874141049334131,78.44308345965169,0.7276725304465493,Tamil Nadu
3192,11.863090996801503,78.45062452412681,0.5921592463151497,Tamil Nadu
3193,11.904255140511294,78.43068894631719,0.7689942907334212,Tamil Nadu
3194,11.900173040320675,78.42673949256022,0.7615096055473457,Tamil Nadu
3195,11.878642025571754,78.44408114288659,0.8254313955436422,Tamil Nadu
3196,11.900777984606345,78.41055307812866,0.6439721022915975,Tamil Nadu
3197,11.899985356742178,78.4587993981666,0.767203513909224,Tamil Nadu
3198,11.881752447592172,78.42775548595314,0.7869296210363496,Tamil Nadu
3199,11.880749198032188,78.46458258108001,0.7900418297125894,Tamil Nadu
3200,11.86358170936905,78.43812790262734,0.6316590563165906,Tamil Nadu
3201,11.880241095445609,78.48247007494693,0.8368360718379825,Tamil Nadu
3202,11.88641666747978,78.41695080727227,0.7027187934113911,Tamil Nadu
3203,11.891350086409185,78.46553154539191,0.7748599439775911,Tamil Nadu
3204,11.903090981752356,78.42839735992828,0.7886900875016325,Tamil Nadu
3205,11.90408650783166,78.42266747871068,0.7544387601564851,Tamil Nadu
3206,11.871758865427497,78.4378848399014,0.80765428611778,Tamil Nadu
3207,11.881009481019122,78.43015947919855,0.3856502242152466,Tamil Nadu
3208,11.887420269711052,78.4625997212724,0.7828067179049246,Tamil Nadu
3209,11.887020847981937,78.46687894370713,0.8348913165897061,Tamil Nadu
3210,11.900704560248704,78.43814991808155,0.6770959902794653,Tamil Nadu
3211,11.872393002267083,78.42053366736535,0.7790948275862069,Tamil Nadu
3212,11.871912565016348,78.44301415145429,0.7918766676549066,Tamil Nadu
3213,11.870980598185524,78.41361544416527,0.7189807976366323,Tamil Nadu
3214,11.895076967401431,78.44428486513809,0.8132295719844358,Tamil Nadu
3215,11.894067704591176,78.46571649900832,0.8002714756641458,Tamil Nadu
3216,11.898137749505295,78.4633905238236,0.4304225352112676,Tamil Nadu
3217,11.899308142471996,78.42637369299574,0.639226914817466,Tamil Nadu
3218,11.90254567852286,78.47767819152195,0.8545170121235823,Tamil Nadu
3219,11.86602354085549,78.43177017743312,0.6738319417303251,Tamil Nadu
3220,11.86549947292135,78.42604062734287,0.7253741733379743,Tamil Nadu
3221,11.86630678824384,78.43703713487076,0.8009465079592715,Tamil Nadu
3222,11.886132454898291,78.41585460730043,0.7784453623732632,Tamil Nadu
3223,11.868990479184069,78.43931566057205,0.7841415642307172,Tamil Nadu
3224,11.894563892056128,78.46455629031634,0.6941838649155723,Tamil Nadu
3225,11.901174630190935,78.4219984658156,0.7491961414790996,Tamil Nadu
3226,11.873446423902466,78.47463350625074,0.7880133185349611,Tamil Nadu
3227,11.888644831143631,78.43547571550872,0.6436050092383494,Tamil Nadu
3228,11.873161996533184,78.46120394187584,0.8495288988890451,Tamil Nadu
3229,11.867150286411338,78.4699637888947,0.7933308904360572,Tamil Nadu
3230,11.893621296085277,78.45656278218573,0.7860644257703081,Tamil Nadu
3231,11.86909418741408,78.46836241870552,0.5312640575798471,Tamil Nadu
3232,11.875605205061095,78.47680707030935,0.8168231461965894,Tamil Nadu
3233,11.902924966243525,78.44629970074249,0.731693028705331,Tamil Nadu
3234,11.873938641557704,78.41280344087454,0.8045841904202174,Tamil Nadu
3235,11.878015823726573,78.41422951666252,0.834051724137931,Tamil Nadu
3236,11.885892200979182,78.41781752950821,0.63996591393268,Tamil Nadu
3237,11.87509712826275,78.46512358335,0.6954075149754947,Tamil Nadu
3238,11.895009170640924,78.43872468067092,0.8206253428414702,Tamil Nadu
3239,11.895717746964303,78.46347605680268,0.7830374753451677,Tamil Nadu
3240,11.874648184334015,78.42958931999223,0.7511126936086879,Tamil Nadu
3241,11.878984094353337,78.43016349383902,0.7615767317259855,Tamil Nadu
3242,11.88453924620076,78.43223419526814,0.8237741993848381,Tamil Nadu
3243,11.872879846855357,78.42978829218394,0.7613393030951917,Tamil Nadu
3244,11.877280505971468,78.45652130468147,0.7401287180379197,Tamil Nadu
3245,11.878856735116884,78.45588413318089,0.6729260755883052,Tamil Nadu
3246,11.86561930046997,78.44605280754469,0.4790502793296089,Tamil Nadu
3247,11.867369361346244,78.4599128862004,0.7504012841091493,Tamil Nadu
3248,11.896861634500588,78.45852917694307,0.3171163202122954,Tamil Nadu
3249,11.877144619492473,78.41162411525147,0.8166550034989503,Tamil Nadu
3250,11.87010161288829,78.44992257973513,0.3962788114412663,Tamil Nadu
3251,11.878193903980558,78.45908258162075,0.7145522388059702,Tamil Nadu
3252,11.875497745840264,78.48103136343009,0.825957235206365,Tamil Nadu
3253,11.887331692261869,78.43023701485158,0.6098912811767214,Tamil Nadu
3254,11.8727678889265,78.4449183704048,0.6512653061224489,Tamil Nadu
3255,11.867168296009702,78.4481655227593,0.4716981132075472,Tamil Nadu
3256,11.901352402635965,78.46789591991235,0.7214449780747546,Tamil Nadu
3257,11.901393883343866,78.43408822836967,0.7550246492226015,Tamil Nadu
3258,11.903818102134952,78.45393481264387,0.794480755265069,Tamil Nadu
3259,11.87963706129428,78.44460189705413,0.7992651970607882,Tamil Nadu
3260,11.875518725685476,78.44541148026566,0.7616963985190172,Tamil Nadu
3261,11.8886488537872,78.44726645474655,0.5502074688796681,Tamil Nadu
3262,11.864140370445336,78.41375049672513,0.7424453742445374,Tamil Nadu
3263,11.88511811231968,78.45584098800329,0.8060883336266057,Tamil Nadu
3264,11.861767318167775,78.4184237604558,0.6871114098470845,Tamil Nadu
3265,11.863799143490173,78.41532609922855,0.610648918469218,Tamil Nadu
3266,11.884978767345704,78.45635654565365,0.8204516247475675,Tamil Nadu
3267,11.86883962891791,78.46715443593476,0.7247372675828617,Tamil Nadu
3268,11.886138977860504,78.4728416754375,0.8345169281585466,Tamil Nadu
3269,11.89165347598821,78.42711164496905,0.7040498442367601,Tamil Nadu
3270,11.890090612972289,78.42753376258041,0.8084550345887779,Tamil Nadu
3271,11.900258351130118,78.43510135432939,0.8109538109538109,Tamil Nadu
3272,11.902048477194928,78.47767252777986,0.8527683266316115,Tamil Nadu
3273,11.87759224638665,78.4666244939472,0.7376794722545595,Tamil Nadu
3274,11.880710290165894,78.42837526658562,0.818489289740699,Tamil Nadu
3275,11.893778940693975,78.45139324829182,0.7710252891589884,Tamil Nadu
3276,11.893375316052513,78.450813931771,0.7224174279690794,Tamil Nadu
3277,11.864774944224076,78.42779867648785,0.5728155339805825,Tamil Nadu
3278,11.877579396340757,78.43800319309473,0.6602183489752921,Tamil Nadu
3279,11.87346989497418,78.42938881811726,0.7456946039035591,Tamil Nadu
3280,11.886018399678356,78.42154505395347,0.7920247992109342,Tamil Nadu
3281,11.89737606742482,78.4640895646496,0.680802103879027,Tamil Nadu
3282,11.892814367315538,78.47796111682433,0.8810352656273649,Tamil Nadu
3283,11.890659190710489,78.43947335036505,0.7837304847986853,Tamil Nadu
3284,11.879609789106686,78.44106732774551,0.8096702545703058,Tamil Nadu
3285,11.886822744556271,78.42596006846193,0.8070889018012783,Tamil Nadu
3286,11.898122326335535,78.45490267902517,0.7791120815138283,Tamil Nadu
3287,11.904034154834635,78.44211962298228,0.66502642609805,Tamil Nadu
3288,11.886933477386473,78.47127880709334,0.8203273696231442,Tamil Nadu
3289,11.89852625081165,78.41379364813106,0.7370304114490162,Tamil Nadu
3290,11.892119235450876,78.43533508070608,0.5319284802043422,Tamil Nadu
3291,11.870971485885676,78.43527336747566,0.7380191693290735,Tamil Nadu
3292,11.90133069908101,78.46673073384979,0.7901234567901234,Tamil Nadu
3293,11.877279931666124,78.42536397837051,0.8008519701810437,Tamil Nadu
3294,11.89177586401292,78.47804112974191,0.8434079811416063,Tamil Nadu
3295,11.86982717131999,78.42108446705286,0.776500638569604,Tamil Nadu
3296,11.890037627932475,78.46647136489972,0.7165925193606855,Tamil Nadu
3297,11.869569077745888,78.41521889121066,0.8026253360746481,Tamil Nadu
3298,11.90335156679518,78.43689368571668,0.7965611441426964,Tamil Nadu
3299,11.874992905138784,78.4513835437246,0.7784461152882205,Tamil Nadu
3300,11.893374428434797,78.4649731811096,0.7641495041952708,Tamil Nadu
3301,11.902359191224576,78.42210439776011,0.7289220917822838,Tamil Nadu
3302,11.878461580383378,78.46153321339305,0.7904128232269771,Tamil Nadu
3303,11.878804369731684,78.42249559873974,0.8035690326043204,Tamil Nadu
3304,11.864332739322624,78.47862277476719,0.8168689506836687,Tamil Nadu
3305,11.875867475497705,78.46376074714426,0.7138867339022498,Tamil Nadu
3306,11.876639781611344,78.48255839732029,0.8560285992850178,Tamil Nadu
3307,11.89991348370292,78.44443246781795,0.6484983314794216,Tamil Nadu
3308,11.880871273150332,78.44068669183655,0.781136828845851,Tamil Nadu
3309,11.885262698838146,78.41194484382434,0.7961783439490446,Tamil Nadu
3310,11.889463252487944,78.45611820802083,0.8118170031487313,Tamil Nadu
3311,11.865976552003124,78.46327226112452,0.806070826306914,Tamil Nadu
3312,11.866144676777244,78.47653202715436,0.7969512195121952,Tamil Nadu
3313,11.90251731679034,78.44097300362418,0.5658307210031348,Tamil Nadu
3314,11.865296792656762,78.41130078421139,0.8031463176945566,Tamil Nadu
3315,11.893912818130923,78.41405063788623,0.7945529899348727,Tamil Nadu
3316,11.86881889294554,78.46138444461769,0.8600234161571484,Tamil Nadu
3317,11.887530476284592,78.41842906897321,0.7610019133762393,Tamil Nadu
3318,11.880306855004644,78.43098611383917,0.6188109348116995,Tamil Nadu
3319,11.896430207314278,78.46560335368272,0.7834978843441467,Tamil Nadu
3320,11.896592598262972,78.423285501794,0.7729257641921398,Tamil Nadu
3321,11.873894651029044,78.43611176145313,0.7829929016369694,Tamil Nadu
3322,11.901119657983372,78.42935514386419,0.7591685226429101,Tamil Nadu
3323,11.884470176050918,78.43778836283408,0.8084973445798188,Tamil Nadu
3324,11.89130703834163,78.46498268799793,0.7283788227556725,Tamil Nadu
3325,11.878043071972453,78.4569391132153,0.7584577584577584,Tamil Nadu
3326,11.896081643867696,78.41855996609384,0.8005532503457815,Tamil Nadu
3327,11.894467373544542,78.4176201756456,0.7617597292724196,Tamil Nadu
3328,11.868371694504113,78.42230700609004,0.7806804374240583,Tamil Nadu
3329,11.876958289067847,78.47400746185328,0.8108543793659323,Tamil Nadu
3330,11.878771909442948,78.46814432412708,0.8095671981776765,Tamil Nadu
3331,11.88460963156335,78.42763544896142,0.7753764393268379,Tamil Nadu
3332,11.871099957216437,78.42779842675537,0.7826145012685272,Tamil Nadu
3333,11.872074244660368,78.47099203982145,0.7919335295135884,Tamil Nadu
3334,11.865846404347767,78.46373939713739,0.7720451863092227,Tamil Nadu
3335,11.901518910016645,78.47593449160762,0.8373020669648253,Tamil Nadu
3336,11.86269244702734,78.42118008940861,0.7345805320081847,Tamil Nadu
3337,11.873055055318728,78.47287426792802,0.829547141796585,Tamil Nadu
3338,11.864610322718196,78.42749022541179,0.4397939471989697,Tamil Nadu
3339,11.884715135153815,78.44125965056031,0.763273999695725,Tamil Nadu
3340,11.881111670860951,78.41965800991522,0.7470790378006873,Tamil Nadu
3341,11.888836065102334,78.48020588398181,0.5296562145825463,Tamil Nadu
3342,11.894757441737076,78.44681513320836,0.8278375564040263,Tamil Nadu
3343,11.888480040552368,78.44582326487229,0.7951839110875893,Tamil Nadu
3344,11.895972969301145,78.4312704356526,0.8256575169403928,Tamil Nadu
3345,11.871697830264948,78.45809020521357,0.836372136512389,Tamil Nadu
3346,11.893103532916609,78.44902538567999,0.8165669748051477,Tamil Nadu
3347,11.873452799059129,78.41746330573598,0.7768776371308017,Tamil Nadu
3348,11.896881757342792,78.47079946598791,0.7918498973907945,Tamil Nadu
3349,11.890461738158113,78.41618545329827,0.8147507922788821,Tamil Nadu
3350,11.880790906602172,78.45625529931266,0.6885287414535325,Tamil Nadu
3351,11.89061643475648,78.43116710494357,0.7805080524655488,Tamil Nadu
3352,11.868417418522926,78.4488496803808,0.515933007262487,Tamil Nadu
3353,11.880447376545352,78.43957210792414,0.7475728155339806,Tamil Nadu
3354,11.887541856926964,78.46271532758269,0.7531136686110673,Tamil Nadu
3355,11.883816388096902,78.46751528871054,0.7992107340173639,Tamil Nadu
3356,11.88336380062005,78.47790596736525,0.4577464788732394,Tamil Nadu
3357,11.868596985456604,78.45047302975945,0.5734055354993983,Tamil Nadu
3358,11.890482768599687,78.46918956990459,0.7656362329259525,Tamil Nadu
3359,11.888153595635314,78.46956386577214,0.8221918276628484,Tamil Nadu
3360,11.88718229498979,78.44275860217623,0.7200743494423791,Tamil Nadu
3361,11.86864925511638,78.4211656077973,0.7703185259248678,Tamil Nadu
3362,11.876435626356596,78.45498837029982,0.780910649647552,Tamil Nadu
3363,11.86471442319601,78.42422907057667,0.723121179431859,Tamil Nadu
3364,11.88624402108,78.41590530748874,0.8098651647038744,Tamil Nadu
3365,11.86762511884806,78.41958553843551,0.4950962586269524,Tamil Nadu
3366,11.881571696274795,78.47811936990733,0.7350018402649982,Tamil Nadu
3367,11.897850667430207,78.42668963481053,0.6561242093156987,Tamil Nadu
3368,11.86691024908444,78.46290250922557,0.7782624500181752,Tamil Nadu
3369,11.870502392714126,78.41926805427799,0.7815042337705462,Tamil Nadu
3370,11.889600290056997,78.42211420899467,0.7755102040816326,Tamil Nadu
3371,11.88113486908028,78.41015628389523,0.8428024727700912,Tamil Nadu
3372,11.903307070556584,78.4475944860537,0.812723373838456,Tamil Nadu
3373,11.881042425715464,78.47718315347863,0.8204182041820418,Tamil Nadu
3374,11.884568064492846,78.41087602737133,0.8065706902916205,Tamil Nadu
3375,11.8796522314117,78.42792732508,0.7333072253769336,Tamil Nadu
3376,11.88644403552199,78.41111511090818,0.8032473734479465,Tamil Nadu
3377,11.864279654149202,78.45221289668633,0.6582207207207207,Tamil Nadu
3378,11.896624583303357,78.48284764614743,0.4523396880415944,Tamil Nadu
3379,11.886448897094148,78.4635397299325,0.7253129346314325,Tamil Nadu
3380,11.888628168387536,78.42485241761581,0.7332387371408301,Tamil Nadu
3381,11.875927645808115,78.46229261667526,0.77751873438801,Tamil Nadu
3382,11.861859813472408,78.4508025659948,0.767207096971551,Tamil Nadu
3383,11.8696813473001,78.45824716805973,0.7575294297508026,Tamil Nadu
3384,11.904155354508765,78.42135102682302,0.7468982630272953,Tamil Nadu
3385,11.865591728567631,78.4745564322675,0.8152517029406878,Tamil Nadu
3386,11.87225416473344,78.4518340562001,0.7996870109546166,Tamil Nadu
3387,11.865129452046038,78.426820919662,0.6713542670005779,Tamil Nadu
3388,11.874212232633592,78.43118241925794,0.7955923679929005,Tamil Nadu
3389,11.892629291002798,78.4453537884172,0.8235601183226031,Tamil Nadu
3390,11.88500111976882,78.46016640294815,0.8181263350625572,Tamil Nadu
3391,11.898158079899874,78.48134008487995,0.6155941436840313,Tamil Nadu
3392,11.90427934568006,78.42326415018687,0.7055982829547487,Tamil Nadu
3393,11.863143951292434,78.4606962749562,0.8034918276374443,Tamil Nadu
3394,11.876238386816196,78.463619091831,0.734525447042641,Tamil Nadu
3395,11.864624891645686,78.44830967375383,0.4428332403792526,Tamil Nadu
3396,11.89865904724785,78.41958163480587,0.804635761589404,Tamil Nadu
3397,11.881603553413605,78.41419881875561,0.7644628099173554,Tamil Nadu
3398,11.90199579743906,78.41645499965877,0.8087787918296393,Tamil Nadu
3399,11.894881493866874,78.44045414533804,0.6515558970418748,Tamil Nadu
3400,11.90259042517032,78.45494887914965,0.7890068113416759,Tamil Nadu
3401,11.862890903377927,78.44866654202991,0.7673171458364367,Tamil Nadu
3402,11.898397273719036,78.4238819852708,0.7609203667086104,Tamil Nadu
3403,11.874009399171518,78.421866172755,0.755939524838013,Tamil Nadu
3404,11.888430003715785,78.43212683087619,0.8066037735849056,Tamil Nadu
3405,11.86703057664741,78.47990744105195,0.858179932590096,Tamil Nadu
3406,11.890728012056838,78.41272321238502,0.4994764397905759,Tamil Nadu
3407,11.87115295626146,78.43393855908371,0.754745405242543,Tamil Nadu
3408,11.885436679150184,78.45049017104195,0.471954082963736,Tamil Nadu
3409,11.886164642759391,78.43819662554142,0.7819265143992056,Tamil Nadu
3410,11.90231695101557,78.46510938066518,0.7901512713228195,Tamil Nadu
3411,11.873700344255,78.43117640513536,0.7732768095462396,Tamil Nadu
3412,11.876419166545643,78.45636369694742,0.6908646003262643,Tamil Nadu
3413,11.89933828882491,78.46785430098618,0.7097103918228279,Tamil Nadu
3414,11.887146081703124,78.47424604936558,0.8562452107279693,Tamil Nadu
3415,11.871354554830695,78.48248880590057,0.7761587350798326,Tamil Nadu
3416,11.865590727627618,78.4594986691769,0.7792060491493383,Tamil Nadu
3417,11.877160366837357,78.4670544350939,0.2630747977106769,Tamil Nadu
3418,11.885224885036978,78.45279850848493,0.7911573864493737,Tamil Nadu
3419,11.887283483393844,78.48002267358493,0.3784705309303458,Tamil Nadu
3420,11.885711525847494,78.41076445756684,0.6093714800630773,Tamil Nadu
3421,11.863063404674469,78.4290833617862,0.8125,Tamil Nadu
3422,11.888689864473092,78.47559482697542,0.8271741128883986,Tamil Nadu
3423,11.904361468421804,78.48114405966825,0.8039156169373197,Tamil Nadu
3424,11.8699701941187,78.44046871918606,0.8347403427986697,Tamil Nadu
3425,11.885579645269516,78.46129179638608,0.7608958837772397,Tamil Nadu
3426,11.877389360687744,78.4533182241911,0.611353711790393,Tamil Nadu
3427,11.900649023908406,78.41721243670099,0.7601903251387787,Tamil Nadu
3428,11.87023920854298,78.45449999505226,0.7691468470434213,Tamil Nadu
3429,11.89053985101054,78.4705218114275,0.8194171285535491,Tamil Nadu
3430,11.864611046198196,78.4469411236529,0.5303430079155673,Tamil Nadu
3431,11.897972236988354,78.46556763683067,0.7719612764431696,Tamil Nadu
3432,11.862828872153074,78.43153027301295,0.7997644287396938,Tamil Nadu
3433,11.882805380955112,78.42966763808444,0.7869451697127937,Tamil Nadu
3434,11.874349862489874,78.43492679553547,0.7624703087885986,Tamil Nadu
3435,11.88273611403898,78.47654697754584,0.6169257340241796,Tamil Nadu
3436,11.8945884105518,78.43166169413104,0.7752056046299116,Tamil Nadu
3437,11.886202911573294,78.41317205475617,0.7946357720996667,Tamil Nadu
3438,11.87997756471706,78.43862718688528,0.796844181459566,Tamil Nadu
3439,11.893198267885642,78.4330458524399,0.6616825797153666,Tamil Nadu
3440,11.870199705963476,78.46102813877394,0.7577729573391179,Tamil Nadu
3441,11.873601600497224,78.4457882830646,0.7871513806021924,Tamil Nadu
3442,11.90269080832084,78.46856205590463,0.7831135603227711,Tamil Nadu
3443,11.888939334305368,78.46406092236764,0.7838765008576329,Tamil Nadu
3444,11.90236716442428,78.4358182688103,0.7507875393769688,Tamil Nadu
3445,11.865593234186765,78.4232942876938,0.7951219512195122,Tamil Nadu
3446,11.882435728544776,78.42957859476584,0.739524348810872,Tamil Nadu
3447,11.885590208566832,78.46666905358784,0.7787545787545788,Tamil Nadu
3448,11.876731721688309,78.42791013926278,0.7418377650622686,Tamil Nadu
3449,11.86611801296643,78.46475069949989,0.7546099290780142,Tamil Nadu
3450,11.88555641837205,78.44372233425959,0.7321937321937322,Tamil Nadu
3451,11.89570906961625,78.4536923886412,0.7895731016244806,Tamil Nadu
3452,11.878990834356486,78.44278434684796,0.7961564859299931,Tamil Nadu
3453,11.890712956450283,78.45954617759821,0.7867715945287614,Tamil Nadu
3454,11.892141153625188,78.46551063914517,0.810014038371549,Tamil Nadu
3455,11.90399035398239,78.47326472500369,0.7111284046692607,Tamil Nadu
3456,11.891635800410317,78.43599489093232,0.4940998487140696,Tamil Nadu
3457,11.8658270519541,78.42551947475786,0.7392141138732959,Tamil Nadu
3458,11.873186940885647,78.48243183545763,0.7919383521043272,Tamil Nadu
3459,11.899584053926908,78.47551028390579,0.778526000748223,Tamil Nadu
3460,11.903097253955364,78.41187721254609,0.6470150641621722,Tamil Nadu
3461,11.882106203541577,78.41323504351114,0.7694989906404844,Tamil Nadu
3462,11.868601374776024,78.47517876641895,0.8070620037168441,Tamil Nadu
3463,11.89110067679614,78.41605177916853,0.7998043690903163,Tamil Nadu
3464,11.880117237495208,78.455877282764,0.6950207468879668,Tamil Nadu
3465,11.899463595609978,78.45220421633071,0.8085225679843006,Tamil Nadu
3466,11.8975431029609,78.42649246615889,0.8030545454545455,Tamil Nadu
3467,11.87995262432714,78.4327015898599,0.8127379716164763,Tamil Nadu
3468,11.884933667200556,78.44449432167961,0.7827168169101647,Tamil Nadu
3469,11.86930318624142,78.42965515058488,0.6805759232102386,Tamil Nadu
3470,11.886676420969271,78.48092819308543,0.4681832154933907,Tamil Nadu
3471,11.868766185942592,78.41219220328222,0.7206673100785882,Tamil Nadu
3472,11.886083096464816,78.44575308705616,0.710664493934456,Tamil Nadu
3473,11.862797911780188,78.45937870426408,0.8492957746478873,Tamil Nadu
3474,11.874115981150494,78.46899855862232,0.8232298340726137,Tamil Nadu
3475,11.89663266557025,78.46582028340181,0.7798408488063661,Tamil Nadu
3476,11.892304751150856,78.4154784444505,0.7932425617750882,Tamil Nadu
3477,11.902524813509858,78.4637634406331,0.759512375323236,Tamil Nadu
3478,11.880128686269654,78.44744651134147,0.7665487620010106,Tamil Nadu
3479,11.90161533732306,78.47544650786651,0.8508380442328672,Tamil Nadu
3480,11.88138410007888,78.4366930846226,0.7826863732337177,Tamil Nadu
3481,11.901580050974369,78.42784480261268,0.5516279069767441,Tamil Nadu
3482,11.90171973336428,78.43711519263107,0.8092732653732325,Tamil Nadu
3483,11.90433420941114,78.41761265132567,0.4014798574952041,Tamil Nadu
3484,11.880811528745214,78.47147164953971,0.8304267161410018,Tamil Nadu
3485,11.898791430542111,78.41473112447292,0.6673850574712644,Tamil Nadu
3486,11.904610092171566,78.44190186257464,0.6478632478632479,Tamil Nadu
3487,11.863256767260657,78.45962476412728,0.8357235984354628,Tamil Nadu
3488,11.902979304664376,78.44443076427852,0.7309417040358744,Tamil Nadu
3489,11.864501070442032,78.43753092023925,0.7278785634950018,Tamil Nadu
3490,11.894446757390805,78.44701472506605,0.8199713672154617,Tamil Nadu
3491,11.88074696254068,78.42757687326362,0.7877171856184414,Tamil Nadu
3492,11.890359622515112,78.4528693637882,0.7648103513890651,Tamil Nadu
3493,11.8913732906425,78.44240500995636,0.7821702299314239,Tamil Nadu
3494,11.869172140371004,78.45333668787178,0.6710102713475394,Tamil Nadu
3495,11.900669347486335,78.44149270323736,0.7063655030800822,Tamil Nadu
3496,11.86316189191934,78.44112740146205,0.7573251842531008,Tamil Nadu
3497,11.889965054821497,78.44942813367939,0.8234366789280084,Tamil Nadu
3498,11.903260052179649,78.4765658762717,0.8296422487223168,Tamil Nadu
3499,11.896330673300335,78.46162272311321,0.6706792777300086,Tamil Nadu
3500,11.89453527753012,78.4638887683952,0.7880059564099093,Tamil Nadu
3501,11.888336361450405,78.46689977436363,0.8486,Tamil Nadu
3502,11.89473420625982,78.43572845903374,0.7602513747054203,Tamil Nadu
3503,11.8881830207869,78.47015309813733,0.8193403298350824,Tamil Nadu
3504,11.883884563544989,78.4817513099992,0.7898318654923939,Tamil Nadu
3505,11.882763806979046,78.45136769642826,0.7840265573130248,Tamil Nadu
3506,11.888504311771628,78.42702127817977,0.810315670800451,Tamil Nadu
3507,11.874452593205987,78.46174088310575,0.8407005838198499,Tamil Nadu
3508,11.878898399275014,78.42591111478184,0.8036666666666666,Tamil Nadu
3509,11.902046708527894,78.45345482009672,0.5704490157044901,Tamil Nadu
3510,11.89867991963586,78.44147340927462,0.6503442999234889,Tamil Nadu
3511,11.87840642880998,78.43551305603502,0.7338598223099704,Tamil Nadu
3512,11.895779303724776,78.41235254951755,0.7756386523509812,Tamil Nadu
3513,11.881977045331848,78.46127752362955,0.7741379310344828,Tamil Nadu
3514,11.871620385826851,78.47856052610004,0.8301307928306152,Tamil Nadu
3515,11.894299291607062,78.47028203904243,0.8148202494497432,Tamil Nadu
3516,11.867162165153038,78.44728040775111,0.5266206896551724,Tamil Nadu
3517,11.89118651241193,78.45590215178129,0.8508882361169394,Tamil Nadu
3518,11.868517151531496,78.43726886777442,0.7169866201279814,Tamil Nadu
3519,11.864169607287346,78.46923522497606,0.794073518379595,Tamil Nadu
3520,11.874638012612207,78.42487362649327,0.7768792501378423,Tamil Nadu
3521,11.864265282294284,78.41504198360353,0.4307780320366132,Tamil Nadu
3522,11.867103901241853,78.46018307837079,0.7724829810103906,Tamil Nadu
3523,11.88134465966094,78.46073036693362,0.7831487076200068,Tamil Nadu
3524,11.878635627304105,78.44115610637904,0.7614046603216278,Tamil Nadu
3525,11.900745881427016,78.45399910246552,0.8112131770668356,Tamil Nadu
3526,11.895893775271947,78.46515376358917,0.7976763955794842,Tamil Nadu
3527,11.890434878569607,78.45562978502818,0.8101456554495229,Tamil Nadu
3528,11.892602855637165,78.41959099047914,0.7947918290971464,Tamil Nadu
3529,11.904136013036482,78.43437436994984,0.5957495957495957,Tamil Nadu
3530,11.86854268982121,78.43670102405497,0.7049081601927131,Tamil Nadu
3531,11.888717834870148,78.4373356147498,0.7250470809792844,Tamil Nadu
3532,11.863727850839789,78.43847611872968,0.7125220458553791,Tamil Nadu
3533,11.868766181410802,78.45100826069068,0.3069864186957053,Tamil Nadu
3534,11.864075382417386,78.48197745462916,0.8373828807368588,Tamil Nadu
3535,11.896032474219991,78.48270728304092,0.3411481815449353,Tamil Nadu
3536,11.895804468629592,78.43199450612626,0.7784631200205603,Tamil Nadu
3537,11.862771309467917,78.4780431165627,0.8177928329470494,Tamil Nadu
3538,11.901744468288998,78.41360768842948,0.6630454796538391,Tamil Nadu
3539,11.893243141731622,78.47156667288529,0.8262209212756124,Tamil Nadu
3540,11.892400067857618,78.44082676504478,0.7309518426407415,Tamil Nadu
3541,11.882971104464742,78.43870658063943,0.749291475910181,Tamil Nadu
3542,11.872767206160598,78.41457918183647,0.6919559343171898,Tamil Nadu
3543,11.888800291665245,78.47693365386853,0.8190383365821963,Tamil Nadu
3544,11.903814864408712,78.44569350122032,0.7112632233976354,Tamil Nadu
3545,11.88596259952246,78.4584119297532,0.737070838765754,Tamil Nadu
3546,11.871276787907334,78.45504051311796,0.7740662010324931,Tamil Nadu
3547,11.899820340825956,78.4362427666467,0.7418952618453866,Tamil Nadu
3548,11.902046512774849,78.43835539281002,0.7344370860927152,Tamil Nadu
3549,11.879629727060262,78.47211834886498,0.8557358053302433,Tamil Nadu
3550,11.88435089036081,78.43410623374834,0.800711743772242,Tamil Nadu
3551,11.879146952822955,78.42467662685743,0.755569306930693,Tamil Nadu
3552,11.880057702207004,78.43176575863876,0.8105299028795365,Tamil Nadu
3553,11.897548899682327,78.46551795674375,0.7140996418104851,Tamil Nadu
3554,11.88834467065012,78.41952231153374,0.8015873015873016,Tamil Nadu
3555,11.882708543457069,78.4602519585356,0.7949411083220699,Tamil Nadu
3556,11.903447291904689,78.46280843376724,0.7586022463897308,Tamil Nadu
3557,11.889554431703475,78.4199423566668,0.8221851542952461,Tamil Nadu
3558,11.8828832563479,78.44216013037966,0.7567757337452605,Tamil Nadu
3559,11.876398860545407,78.41238061148789,0.8281003332748641,Tamil Nadu
3560,11.904107474865611,78.47239078968505,0.7829968944099379,Tamil Nadu
3561,11.8851917000615,78.41420464028602,0.7885406774295664,Tamil Nadu
3562,11.901832582981118,78.45758189112131,0.7712626995645864,Tamil Nadu
3563,11.895575346484216,78.473011319993,0.7750242013552759,Tamil Nadu
3564,11.893766670328274,78.42144287574992,0.6154431342715861,Tamil Nadu
3565,11.902211999572158,78.47801470788416,0.8407916112834145,Tamil Nadu
3566,11.87762287268227,78.4498619721277,0.7374149659863946,Tamil Nadu
3567,11.903947176843989,78.4424962376686,0.6799691536533642,Tamil Nadu
3568,11.889177237441036,78.45444544079413,0.7703296703296704,Tamil Nadu
3569,11.881051519899946,78.43085027281232,0.7415514592933948,Tamil Nadu
3570,11.883806782015125,78.4415541105189,0.7821561338289963,Tamil Nadu
3571,11.89262098357166,78.44364796250973,0.7107680281414892,Tamil Nadu
3572,11.864764698110106,78.42075972750283,0.7069825436408977,Tamil Nadu
3573,11.882159555470512,78.41702501248628,0.753358925143954,Tamil Nadu
3574,11.893338711025326,78.42847413963226,0.7940650697175545,Tamil Nadu
3575,11.892484932125129,78.47325228581448,0.7357357357357357,Tamil Nadu
3576,11.882382586140768,78.441727850023,0.787122969837587,Tamil Nadu
3577,11.895192558329429,78.42116994432521,0.7875019675743743,Tamil Nadu
3578,11.871633024819538,78.43104671162833,0.7617962902700943,Tamil Nadu
3579,11.89721327270749,78.4238380749437,0.7672209026128266,Tamil Nadu
3580,11.868392254302444,78.46089145719192,0.8103703703703704,Tamil Nadu
3581,11.863090067526684,78.44121942577047,0.7374262920568851,Tamil Nadu
3582,11.883250352241983,78.4144423321727,0.7640429653107942,Tamil Nadu
3583,11.866021605003844,78.41342728166812,0.5571990558615264,Tamil Nadu
3584,11.8731735190607,78.41523767862223,0.7002917882451021,Tamil Nadu
3585,11.88499684859443,78.48056756940306,0.5245659401551533,Tamil Nadu
3586,11.885417776528667,78.43666294373418,0.7953303527074019,Tamil Nadu
3587,11.87080000542142,78.45778224396537,0.847615278052642,Tamil Nadu
3588,11.87806143607508,78.41014309467523,0.777401767249483,Tamil Nadu
3589,11.893520794100846,78.44805210139855,0.7865967802321228,Tamil Nadu
3590,11.90112385888373,78.41199041703587,0.6046870181930312,Tamil Nadu
3591,11.890157926294618,78.42941661711185,0.7814569536423841,Tamil Nadu
3592,11.889901317758806,78.43784430659126,0.6495652173913044,Tamil Nadu
3593,11.87463284160868,78.41177621408508,0.8123827392120075,Tamil Nadu
3594,11.88403460056522,78.45873232387783,0.7235476233837188,Tamil Nadu
3595,11.884295602851978,78.4599054211899,0.7573954139681428,Tamil Nadu
3596,11.901848483507388,78.47590876330938,0.848605577689243,Tamil Nadu
3597,11.900573038020784,78.4733989979119,0.7700650759219089,Tamil Nadu
3598,11.884957030512924,78.42457488872897,0.7152797912438388,Tamil Nadu
3599,11.87094950259356,78.44129713317166,0.7786943535770161,Tamil Nadu
3600,11.86464288361193,78.41480576658243,0.6036532827847665,Tamil Nadu
3601,11.89207917176362,78.41964338326702,0.7892733564013841,Tamil Nadu
3602,11.885449611218894,78.4444659824108,0.6945304437564499,Tamil Nadu
3603,11.873215898158508,78.47465407339081,0.7319204313069344,Tamil Nadu
3604,11.871154728828968,78.4547692724996,0.795439302481556,Tamil Nadu
3605,11.87004902410003,78.45169944761612,0.4322930800542741,Tamil Nadu
3606,11.896977495159394,78.44867726145802,0.8051375588995288,Tamil Nadu
3607,11.868557057701697,78.48178758179779,0.8398844858013798,Tamil Nadu
3608,11.890037189016176,78.43406290499273,0.8133797248141705,Tamil Nadu
3609,11.885059516007328,78.42068683694912,0.7987215697933701,Tamil Nadu
3610,11.887943421622277,78.42825050321719,0.8206129807692307,Tamil Nadu
3611,11.869071591152778,78.45988185834365,0.8421856439843882,Tamil Nadu
3612,11.887037440041686,78.46752392292866,0.6897241103558577,Tamil Nadu
3613,11.895802531517294,78.45011167279029,0.8197921989439618,Tamil Nadu
3614,11.89470086222362,78.4500356738366,0.8155975313259772,Tamil Nadu
3615,11.88475133608934,78.41889749259778,0.783978397839784,Tamil Nadu
3616,11.90025994155836,78.4496477271634,0.7944205205017787,Tamil Nadu
3617,11.886457566159892,78.42666201072146,0.8099076843063321,Tamil Nadu
3618,11.883134449841114,78.46996805388966,0.8277832512315271,Tamil Nadu
3619,11.863856679840705,78.44451429765371,0.7528328611898017,Tamil Nadu
3620,11.870603291594286,78.41231094549656,0.7792557972317095,Tamil Nadu
3621,11.89161256720019,78.47180394005998,0.7659574468085106,Tamil Nadu
3622,11.882284621170156,78.43695063264846,0.7609339606203172,Tamil Nadu
3623,11.898744928564629,78.47343912940138,0.8124419684308264,Tamil Nadu
3624,11.861856348552465,78.47925275262028,0.8278361725262776,Tamil Nadu
3625,11.897254167675602,78.46297065040311,0.4662641113153059,Tamil Nadu
3626,11.880971747242365,78.44410026149123,0.7657348653747214,Tamil Nadu
3627,11.896454203142834,78.45024631852874,0.7786245690437307,Tamil Nadu
3628,11.895770618051932,78.4588656479487,0.6028198074277854,Tamil Nadu
3629,11.882854095861411,78.41424925636169,0.6402328849628589,Tamil Nadu
3630,11.887798133076316,78.48205602952326,0.4778004073319755,Tamil Nadu
3631,11.891107041926176,78.46662386626917,0.8425354940484727,Tamil Nadu
3632,11.901724372710875,78.46666281379062,0.7880684188569045,Tamil Nadu
3633,11.89618043635106,78.41560128980848,0.6745775583823809,Tamil Nadu
3634,11.873884536621617,78.48130833482348,0.8003418803418804,Tamil Nadu
3635,11.897283266361992,78.41795149095711,0.7289719626168224,Tamil Nadu
3636,11.895281727008806,78.47313335249952,0.8092179826218361,Tamil Nadu
3637,11.885210643974416,78.4394263164601,0.8081224249558564,Tamil Nadu
3638,11.890152757303946,78.462138685887,0.7816609619888308,Tamil Nadu
3639,11.885128911061908,78.43057607155255,0.7933678359210274,Tamil Nadu
3640,11.895211228444715,78.41496813272047,0.7977455716586151,Tamil Nadu
3641,11.861833234102743,78.44092174020622,0.7078273865122361,Tamil Nadu
3642,11.885893483384963,78.41702160047899,0.7690360272638753,Tamil Nadu
3643,11.896388399254358,78.44975977383814,0.8095238095238095,Tamil Nadu
3644,11.864681797459571,78.48105609467443,0.8510769230769231,Tamil Nadu
3645,11.898437977230266,78.47868375176066,0.7969252770825885,Tamil Nadu
3646,11.87953697190673,78.42599202828178,0.8179441085144632,Tamil Nadu
3647,11.890718956173377,78.41609455317294,0.8167028199566161,Tamil Nadu
3648,11.876546974045148,78.41338415414454,0.8256023602688084,Tamil Nadu
3649,11.8800057381516,78.46667557027818,0.8721262724465286,Tamil Nadu
3650,11.870167955835797,78.4394194966247,0.7802162336614491,Tamil Nadu
3651,11.874219863378066,78.41421540853693,0.560227770477442,Tamil Nadu
3652,11.893487703808972,78.4492659728459,0.8016952493593534,Tamil Nadu
3653,11.895066720736512,78.46351634805143,0.7938275532930321,Tamil Nadu
3654,11.887370065402704,78.47388563090263,0.8484344274693693,Tamil Nadu
3655,11.867753823518926,78.42682460921853,0.7339611536197763,Tamil Nadu
3656,11.8708547884699,78.46244774759164,0.8048849357616829,Tamil Nadu
3657,11.892602430890795,78.43889602455052,0.8193173565722586,Tamil Nadu
3658,11.898512867148682,78.41614575435757,0.730177122992882,Tamil Nadu
3659,11.896312603933398,78.41338367300938,0.7540242358473503,Tamil Nadu
3660,11.86992629754414,78.44737288716561,0.496251395756899,Tamil Nadu
3661,11.87068684911963,78.48199084631027,0.8308400460299195,Tamil Nadu
3662,11.878323918616465,78.43515940042161,0.7031554343591742,Tamil Nadu
3663,11.871048393326763,78.44759785915753,0.5290737446983171,Tamil Nadu
3664,11.893172261039837,78.48076287238122,0.6878130217028381,Tamil Nadu
3665,11.874271957291043,78.42228998528014,0.7305524239007892,Tamil Nadu
3666,11.884366130857977,78.41484269815973,0.7866714958348424,Tamil Nadu
3667,11.867946743651428,78.440186425372,0.6816666666666666,Tamil Nadu
3668,11.898943649903664,78.4198888188768,0.7972210758013482,Tamil Nadu
3669,11.874286467656066,78.45254076025508,0.7661593554162937,Tamil Nadu
3670,11.894878023250136,78.45390407799314,0.7666481172324244,Tamil Nadu
3671,11.862224418662167,78.41964081522678,0.5629607785314067,Tamil Nadu
3672,11.887245512951283,78.44637154929185,0.6388177003246198,Tamil Nadu
3673,11.869068213837576,78.41014113016504,0.7168510501843836,Tamil Nadu
3674,11.873335046525517,78.42135956476392,0.7308138571191779,Tamil Nadu
3675,11.87265070139618,78.45994769282684,0.7970535177390259,Tamil Nadu
3676,11.890220192771327,78.44895419372325,0.7565164984179599,Tamil Nadu
3677,11.873729035633144,78.42258345769818,0.767578125,Tamil Nadu
3678,11.86281945870526,78.44874977733186,0.6407766990291263,Tamil Nadu
3679,11.87824810489166,78.41113455194655,0.3043815432338115,Tamil Nadu
3680,11.895270417944149,78.4797134064557,0.8035227891774106,Tamil Nadu
3681,11.87981262557284,78.43662465788007,0.802603693611868,Tamil Nadu
3682,11.882678510656056,78.47858623535608,0.7645095494159095,Tamil Nadu
3683,11.90143295846794,78.43182926234354,0.4607909604519774,Tamil Nadu
3684,11.887699516010944,78.41933357860249,0.7844906981027814,Tamil Nadu
3685,11.868061080737537,78.47391511696239,0.8587231352718079,Tamil Nadu
3686,11.887795445375886,78.41563412352431,0.8053772766695577,Tamil Nadu
3687,11.880108923852228,78.43801623685404,0.7175242893127024,Tamil Nadu
3688,11.87422056483945,78.41122551679544,0.8272574312955693,Tamil Nadu
3689,11.884731550322623,78.4541915766948,0.8410323545913596,Tamil Nadu
3690,11.887105577187048,78.47757939541907,0.5464892313080021,Tamil Nadu
3691,11.887684815840458,78.43301810824886,0.7832692659710782,Tamil Nadu
3692,11.897659107187833,78.47022551001821,0.7639024390243903,Tamil Nadu
3693,11.895773356485746,78.46613841449833,0.7309231406099076,Tamil Nadu
3694,11.897922340646282,78.47504528960799,0.7907113462669019,Tamil Nadu
3695,11.897573341239214,78.44729128604088,0.7434135166093929,Tamil Nadu
3696,11.902447554872222,78.46891466663443,0.8139626352015733,Tamil Nadu
3697,11.866729039746106,78.45400542863517,0.5249460819554278,Tamil Nadu
3698,11.884247124038664,78.45231678966277,0.8002436053593179,Tamil Nadu
3699,11.868354805871872,78.43682673375673,0.7933268545513443,Tamil Nadu
3700,11.87198469219547,78.4790919833572,0.8131091152302694,Tamil Nadu
3701,11.87271217978174,78.47728791237911,0.8324496288441146,Tamil Nadu
3702,11.87675873205251,78.47066356059425,0.8640513200098693,Tamil Nadu
3703,11.869217803766864,78.4640625856452,0.7873880082701585,Tamil Nadu
3704,11.895568851911657,78.45117251765026,0.8074148632779735,Tamil Nadu
3705,11.86854384294098,78.41829185820554,0.7487382840663303,Tamil Nadu
3706,11.876432377470744,78.41246547555333,0.8321654988321655,Tamil Nadu
3707,11.884450718038304,78.46217303524658,0.7588792423046566,Tamil Nadu
3708,11.87589328456085,78.43905024424585,0.7609670501072334,Tamil Nadu
3709,11.864420773159608,78.4210926367788,0.7615928739848048,Tamil Nadu
3710,11.8994736995209,78.41296603821235,0.7331220285261489,Tamil Nadu
3711,11.902349944993013,78.44289394421115,0.7713200379867047,Tamil Nadu
3712,11.868750620927988,78.46435354273656,0.7663534834249247,Tamil Nadu
3713,11.886740081523463,78.45175587642318,0.7464929859719439,Tamil Nadu
3714,11.89399069644322,78.47573805584268,0.7944126074498568,Tamil Nadu
3715,11.865209451669442,78.46037617410195,0.7884461513842215,Tamil Nadu
3716,11.878785703569466,78.47705897584939,0.8496433144320469,Tamil Nadu
3717,11.867711998469316,78.48105068416562,0.8424304840370752,Tamil Nadu
3718,11.902419806979166,78.41559820926551,0.7334375,Tamil Nadu
3719,11.9003257595638,78.48104124639025,0.7596189080249176,Tamil Nadu
3720,11.892082388931462,78.4525672485266,0.8124704025256512,Tamil Nadu
3721,11.865451241176585,78.41856716486924,0.5354196301564723,Tamil Nadu
3722,11.86698660389794,78.41312710152418,0.6887370069770753,Tamil Nadu
3723,11.89858782948144,78.47930045820765,0.7778600518326546,Tamil Nadu
3724,11.86284349580426,78.46350928535556,0.8253660257541012,Tamil Nadu
3725,11.873454849256683,78.4813802868777,0.8242732796846773,Tamil Nadu
3726,11.895525848653174,78.43188047551217,0.7787301229277095,Tamil Nadu
3727,11.889519723986108,78.46970278467093,0.8127818379723216,Tamil Nadu
3728,11.863515158250976,78.44617404261103,0.7828188917813313,Tamil Nadu
3729,11.873850106041312,78.43502782946943,0.729631315430132,Tamil Nadu
3730,11.88863957108292,78.44363460692993,0.699960830395613,Tamil Nadu
3731,11.874537826216816,78.46672123201907,0.3561756257693886,Tamil Nadu
3732,11.87834638256012,78.44847056822535,0.7643546971027216,Tamil Nadu
3733,11.898670377180178,78.4611495180971,0.522439585730725,Tamil Nadu
3734,11.890809949445115,78.45123119648791,0.7945868945868946,Tamil Nadu
3735,11.870475582841369,78.44676587416288,0.5019852524106636,Tamil Nadu
3736,11.882984507511312,78.45284329418831,0.7812916746046866,Tamil Nadu
3737,11.90250138697169,78.44170630637659,0.6718395815170009,Tamil Nadu
3738,11.883664266200118,78.44028863671907,0.7753484558622574,Tamil Nadu
3739,11.90136351201344,78.46530948242598,0.6379707916986933,Tamil Nadu
3740,11.891898930905974,78.47658020859963,0.8273972602739726,Tamil Nadu
3741,11.891258345517215,78.45139871506704,0.6903178122690318,Tamil Nadu
3742,11.882917676558309,78.45400209354968,0.8061138321229522,Tamil Nadu
3743,11.895030020519435,78.41892223033302,0.7661528880585396,Tamil Nadu
3744,11.878834023718325,78.44163775036169,0.8041582830315225,Tamil Nadu
3745,11.888958859544523,78.45508684632264,0.8247191011235955,Tamil Nadu
3746,11.898028933700488,78.4158305147364,0.6435611038107752,Tamil Nadu
3747,11.900435660536562,78.42030438216989,0.7824099469738526,Tamil Nadu
3748,11.888026818740547,78.46601182444611,0.7901815736381977,Tamil Nadu
3749,11.86763872214156,78.41131369469528,0.7515141594368964,Tamil Nadu
3750,11.87807362110997,78.41531941553511,0.8009064965586705,Tamil Nadu
3751,11.876762872921423,78.41307181495152,0.8389649923896499,Tamil Nadu
3752,11.86982942332855,78.42245913112976,0.7773279352226721,Tamil Nadu
3753,11.874177227923868,78.43527705750738,0.7453862996559274,Tamil Nadu
3754,11.873636813147447,78.47056561145502,0.7891970802919708,Tamil Nadu
3755,11.87598772941775,78.46924288485972,0.7744311671304632,Tamil Nadu
3756,11.904566584580207,78.41301341191658,0.6372629843363561,Tamil Nadu
3757,11.883680051753108,78.47302511783889,0.3293132328308207,Tamil Nadu
3758,11.89297450319804,78.43396378758015,0.7203740610148704,Tamil Nadu
3759,11.903659871250932,78.46509750445522,0.7802425317953269,Tamil Nadu
3760,11.864193283508772,78.43124324935279,0.6508271735304471,Tamil Nadu
3761,11.87017943114348,78.42491168107982,0.7911182187230902,Tamil Nadu
3762,11.875691860418254,78.46353105384084,0.6834136269786648,Tamil Nadu
3763,11.863084952503364,78.41150927790352,0.4359148936170213,Tamil Nadu
3764,11.891437527721587,78.41548166786767,0.7993788819875777,Tamil Nadu
3765,11.88492432176674,78.47554348883737,0.3353596757852077,Tamil Nadu
3766,11.895150806739696,78.46281761680935,0.79542269967305,Tamil Nadu
3767,11.868173145989166,78.41432803209946,0.7857368254970022,Tamil Nadu
3768,11.87735899355296,78.46616067840867,0.7310836667246478,Tamil Nadu
3769,11.865554440982397,78.4409066972321,0.6618299072954453,Tamil Nadu
3770,11.863968858226007,78.46133576289344,0.8239277652370203,Tamil Nadu
3771,11.893716444013714,78.48008264899137,0.8548143169215258,Tamil Nadu
3772,11.866927631373292,78.47280747518252,0.8442701358331739,Tamil Nadu
3773,11.892988720744068,78.44067214248172,0.7405480402358654,Tamil Nadu
3774,11.904548816301906,78.45178357651535,0.7759674134419552,Tamil Nadu
3775,11.8768865254235,78.46668473172457,0.2866266692471453,Tamil Nadu
3776,11.881650857232524,78.45487500457801,0.7496801705756929,Tamil Nadu
3777,11.876788622026217,78.42785317246575,0.7348086341374932,Tamil Nadu
3778,11.87187516778596,78.44958062649246,0.648852562087394,Tamil Nadu
3779,11.881188971393485,78.44870071879072,0.7541941564561734,Tamil Nadu
3780,11.884365164215597,78.42991114357577,0.7838684416601409,Tamil Nadu
3781,11.89254833441508,78.4213847849248,0.5763604447045055,Tamil Nadu
3782,11.889560784378554,78.42616806547659,0.7794857462269424,Tamil Nadu
3783,11.8914447713895,78.44804880316518,0.736705835490938,Tamil Nadu
3784,11.865482163522463,78.48228540447913,0.8121750796578904,Tamil Nadu
3785,11.897829308722557,78.4690423618956,0.7922201138519924,Tamil Nadu
3786,11.887675047592625,78.41127375716935,0.7901089689857502,Tamil Nadu
3787,11.881767126392797,78.44818243621371,0.7866666666666666,Tamil Nadu
3788,11.87957288541168,78.46490379484192,0.4566226347732952,Tamil Nadu
3789,11.896483582040446,78.4704328983419,0.8146964856230032,Tamil Nadu
3790,11.901236398724066,78.41203355770087,0.5086019709370302,Tamil Nadu
3791,11.90186068756786,78.45125397038316,0.7924118335283302,Tamil Nadu
3792,11.869643538215058,78.46936795245146,0.6940559440559441,Tamil Nadu
3793,11.869679036914793,78.4467275412149,0.6870424597364568,Tamil Nadu
3794,11.895875207470702,78.46972744508325,0.8207043756670224,Tamil Nadu
3795,11.879413091672603,78.46112101122584,0.7836115326251897,Tamil Nadu
3796,11.89134129312138,78.41175193273685,0.8059047888119791,Tamil Nadu
3797,11.863043728317344,78.42027186211455,0.7194507213627672,Tamil Nadu
3798,11.891144136682955,78.45381160437992,0.8282676843396484,Tamil Nadu
3799,11.870120307625657,78.46280792936639,0.7312697854379177,Tamil Nadu
3800,11.879759659655452,78.42997280126144,0.7179101268544399,Tamil Nadu
3801,11.881519310327446,78.45789393249339,0.7447253705318222,Tamil Nadu
3802,11.863301892166891,78.47218240057909,0.8496770405167352,Tamil Nadu
3803,11.899151665865832,78.46033080141635,0.4744525547445255,Tamil Nadu
3804,11.86928887850348,78.47505165433769,0.7756024096385542,Tamil Nadu
3805,11.903784643932257,78.41017453637076,0.495659196446598,Tamil Nadu
3806,11.895440957510749,78.46112962536853,0.4261780104712042,Tamil Nadu
3807,11.86405811399831,78.46423683290595,0.7919133818304855,Tamil Nadu
3808,11.865157857844707,78.4233274691007,0.7543751918943813,Tamil Nadu
3809,11.897853384000744,78.464265640759,0.5117419354838709,Tamil Nadu
3810,11.884779831628393,78.41157071021836,0.8297691545106926,Tamil Nadu
3811,11.881352409675303,78.4331357187012,0.8047700170357751,Tamil Nadu
3812,11.874181972770176,78.47410273868985,0.8321232512838675,Tamil Nadu
3813,11.89596609144898,78.47493590570035,0.6813460739509763,Tamil Nadu
3814,11.892035318327558,78.44130305376463,0.7282958199356914,Tamil Nadu
3815,11.878700629761363,78.44853529329293,0.7915402462966268,Tamil Nadu
3816,11.901605378450563,78.44435644517075,0.7341795781220832,Tamil Nadu
3817,11.892011157150495,78.4722589054147,0.8088235294117647,Tamil Nadu
3818,11.874192889874518,78.41794983069855,0.7977369165487977,Tamil Nadu
3819,11.901445900562075,78.46026543705229,0.4389045988986456,Tamil Nadu
3820,11.89944886386061,78.47812646907884,0.7449073224444852,Tamil Nadu
3821,11.899608111867549,78.4750312849172,0.8351736277804449,Tamil Nadu
3822,11.871954706640128,78.46299466905101,0.7476480354178195,Tamil Nadu
3823,11.895319098559437,78.42137090583641,0.76028880866426,Tamil Nadu
3824,11.870090398533302,78.47806753443793,0.8073261255446184,Tamil Nadu
3825,11.871491857352758,78.42774141976656,0.7852231528941117,Tamil Nadu
3826,11.895792062967828,78.47843185309799,0.7607215166574637,Tamil Nadu
3827,11.885252315311789,78.43872413573104,0.8154121863799283,Tamil Nadu
3828,11.87340228200501,78.42156435245127,0.7466990965948576,Tamil Nadu
3829,11.87553598253577,78.41624754480611,0.8022309315646668,Tamil Nadu
3830,11.86811909877616,78.41064604340048,0.7721287490855889,Tamil Nadu
3831,11.892191401246942,78.41221894878613,0.8153336345835216,Tamil Nadu
3832,11.869803861270404,78.45578507699307,0.7577791336180598,Tamil Nadu
3833,11.887826659834383,78.46192855983476,0.7533351483800708,Tamil Nadu
3834,11.864889826816755,78.42690376992071,0.6976942783945346,Tamil Nadu
3835,11.870925359203657,78.4442036094098,0.6740490278951817,Tamil Nadu
3836,11.889350491951992,78.4399675343557,0.8177331218050414,Tamil Nadu
3837,11.872885531999078,78.47531350461523,0.8431303737497806,Tamil Nadu
3838,11.893000723607262,78.47109110224262,0.7985516787360105,Tamil Nadu
3839,11.894281831567014,78.41738856009057,0.7262247838616714,Tamil Nadu
3840,11.87461912476151,78.4754169157875,0.8157637394875806,Tamil Nadu
3841,11.90304036783142,78.43363525476046,0.6746047628577146,Tamil Nadu
3842,11.884992470369534,78.43822778992448,0.7935902327355971,Tamil Nadu
3843,11.874282773192084,78.42581166748248,0.7337161313475686,Tamil Nadu
3844,11.889553965396358,78.47819464804505,0.8481487800716602,Tamil Nadu
3845,11.890434350514807,78.45036084420951,0.7730426164519326,Tamil Nadu
3846,11.869367879255616,78.45880007878017,0.7567164179104477,Tamil Nadu
3847,11.896132335407527,78.43537450147242,0.7931649331352154,Tamil Nadu
3848,11.874927911824075,78.43607797580181,0.7415284787310743,Tamil Nadu
3849,11.885865533717867,78.45417291128518,0.8103305098820794,Tamil Nadu
3850,11.879054662797396,78.42808164831682,0.7699833856378069,Tamil Nadu
3851,11.875216640164536,78.45465437917225,0.7275064267352185,Tamil Nadu
3852,11.900617208679831,78.46177364121714,0.4715012390765619,Tamil Nadu
3853,11.876765042594576,78.47797914402251,0.828141047586443,Tamil Nadu
3854,11.893432850241448,78.41352068583127,0.8005306695801467,Tamil Nadu
3855,11.867961380300445,78.4737860460472,0.8377389858686617,Tamil Nadu
3856,11.903800344089658,78.45354773271029,0.7129149875263865,Tamil Nadu
3857,11.862728468626852,78.46962717894593,0.8009462064131768,Tamil Nadu
3858,11.874066436125483,78.41208549180044,0.8360491351215844,Tamil Nadu
3859,11.900361659420511,78.44665692671272,0.7877519969570179,Tamil Nadu
3860,11.870822282440844,78.46351070177752,0.7655417406749556,Tamil Nadu
3861,11.89230829136145,78.4539116881343,0.8305271874137455,Tamil Nadu
3862,11.890218882379637,78.42257146562162,0.7975840679072804,Tamil Nadu
3863,11.871402876231942,78.4254815726749,0.8000253774901662,Tamil Nadu
3864,11.87392696417438,78.41043790389175,0.8081595648232094,Tamil Nadu
3865,11.883200742033932,78.4776792391188,0.5397339086659475,Tamil Nadu
3866,11.87195445797521,78.42390290162982,0.7974842767295598,Tamil Nadu
3867,11.886564305549186,78.44436672772457,0.7895827167801125,Tamil Nadu
3868,11.883641606123534,78.41223015983103,0.8214476258225146,Tamil Nadu
3869,11.89718853606188,78.45044119518317,0.8234388366124893,Tamil Nadu
3870,11.884576108834631,78.42938173126669,0.6863560732113144,Tamil Nadu
3871,11.870079428231794,78.42632777994514,0.787129389260828,Tamil Nadu
3872,11.903831936398843,78.43086225304285,0.412987012987013,Tamil Nadu
3873,11.90133497874323,78.46571456579433,0.7956909361069836,Tamil Nadu
3874,11.887957686850005,78.45952264289407,0.6944379253696316,Tamil Nadu
3875,11.889908213859652,78.46375399591447,0.7333114646547483,Tamil Nadu
3876,11.898362848906617,78.4577175469217,0.7863309352517985,Tamil Nadu
3877,11.89968502403031,78.47606313888264,0.7875210792580101,Tamil Nadu
3878,11.883399663277626,78.43017742132841,0.7422053231939163,Tamil Nadu
3879,11.896471321405382,78.455381219731,0.7976923076923077,Tamil Nadu
3880,11.866052554213356,78.4488434067673,0.4000791452314998,Tamil Nadu
3881,11.866330150108183,78.4469108406374,0.4395295320889798,Tamil Nadu
3882,11.89688285483363,78.47094467657669,0.7819420783645656,Tamil Nadu
3883,11.868921624801834,78.42884347682944,0.4903668956274082,Tamil Nadu
3884,11.87105423316664,78.46256603454891,0.801923076923077,Tamil Nadu
3885,11.888945581583364,78.45802347399676,0.8405011852353539,Tamil Nadu
3886,11.878954791486215,78.4287340156013,0.7437305509793154,Tamil Nadu
3887,11.900481009294214,78.47451853003882,0.803120898352049,Tamil Nadu
3888,11.880441081001193,78.45971217956289,0.7821670428893905,Tamil Nadu
3889,11.902032348426182,78.46477915870754,0.7535607817158,Tamil Nadu
3890,11.878047702948187,78.44231245172806,0.733728981206726,Tamil Nadu
3891,11.870851973941356,78.48177466870449,0.8271218290009396,Tamil Nadu
3892,11.90457048114416,78.42870522705604,0.7255836112434493,Tamil Nadu
3893,11.895868038587526,78.42322214045087,0.7476362386109678,Tamil Nadu
3894,11.902589249761917,78.44436482507226,0.733851563945956,Tamil Nadu
3895,11.890934765987254,78.44673264653561,0.7144524411593075,Tamil Nadu
3896,11.87244773258739,78.45558002431723,0.7208689927583937,Tamil Nadu
3897,11.872513539089594,78.41412044366386,0.7548717948717949,Tamil Nadu
3898,11.874008612629131,78.42329078289796,0.7940472117687307,Tamil Nadu
3899,11.869391113849671,78.43451970268005,0.7708268813874265,Tamil Nadu
3900,11.875783122537271,78.46913564322072,0.8331038281465161,Tamil Nadu
3901,11.882901106972936,78.42472190347604,0.7906976744186046,Tamil Nadu
3902,11.90342379563487,78.4202134974774,0.7406097355566784,Tamil Nadu
3903,11.87221310296516,78.42005531341499,0.7961134119146225,Tamil Nadu
3904,11.9008444871857,78.41024162224039,0.5709939148073022,Tamil Nadu
3905,11.889066836593877,78.4344490586248,0.787497905144964,Tamil Nadu
3906,11.882496730535648,78.4716623561515,0.2719050310910119,Tamil Nadu
3907,11.866238395985803,78.47700269482807,0.8288493692050464,Tamil Nadu
3908,11.890039614876551,78.48077573418615,0.3713901947615849,Tamil Nadu
3909,11.88760295358444,78.47117100114257,0.8126195028680688,Tamil Nadu
3910,11.904011834436956,78.46535603380586,0.7791104447776112,Tamil Nadu
3911,11.885629948289656,78.44204363474158,0.6455368693402329,Tamil Nadu
3912,11.86287131147791,78.47454188794308,0.7477618972828648,Tamil Nadu
3913,11.87987134321422,78.47047944772461,0.8229082047116165,Tamil Nadu
3914,11.88691015668567,78.43070921128943,0.7861040378319389,Tamil Nadu
3915,11.871310353668736,78.41493893850705,0.74656890392931,Tamil Nadu
3916,11.89203718936072,78.41684582004481,0.7968536251709987,Tamil Nadu
3917,11.890919904834696,78.46103373162363,0.7940828402366864,Tamil Nadu
3918,11.86586186368713,78.44452833960354,0.6302521008403361,Tamil Nadu
3919,11.86205169372752,78.43108134589544,0.7234251968503937,Tamil Nadu
3920,11.880727355104709,78.44512315932717,0.7511550103552652,Tamil Nadu
3921,11.869200097163922,78.41659790323618,0.783967811822965,Tamil Nadu
3922,11.900310475355305,78.43879038342664,0.6559303923065181,Tamil Nadu
3923,11.896531041943897,78.41707041803508,0.7836222355050807,Tamil Nadu
3924,11.884878268389851,78.44136667712472,0.774420344053852,Tamil Nadu
3925,11.862231607498297,78.45812956340453,0.8453259532595326,Tamil Nadu
3926,11.90254132410588,78.43257387399602,0.5742857142857143,Tamil Nadu
3927,11.872006838074658,78.43561590619704,0.7655995659251221,Tamil Nadu
3928,11.863510026965308,78.45071717418705,0.519847743338771,Tamil Nadu
3929,11.872023169537009,78.47743053497643,0.8504761904761905,Tamil Nadu
3930,11.866683499810849,78.44535375679615,0.4985947161326588,Tamil Nadu
3931,11.903442080620875,78.45708474934611,0.687843137254902,Tamil Nadu
3932,11.885298020790428,78.44664880624393,0.7288080545631699,Tamil Nadu
3933,11.862901357964654,78.41054743493781,0.7091521617069062,Tamil Nadu
3934,11.883573102572848,78.46340957663097,0.8019265502709211,Tamil Nadu
3935,11.883406363471094,78.41836898330729,0.7016434892541087,Tamil Nadu
3936,11.90098850787279,78.44490677281466,0.7714075707460493,Tamil Nadu
3937,11.874197503948285,78.44717865312506,0.7965933520754093,Tamil Nadu
3938,11.872255526255472,78.45527367951784,0.6836074662724081,Tamil Nadu
3939,11.864299153076216,78.45803968492936,0.7540636042402827,Tamil Nadu
3940,11.903836081822003,78.4777830051454,0.7877551020408163,Tamil Nadu
3941,11.885142551338651,78.45680393606958,0.8080128205128205,Tamil Nadu
3942,11.89759825887336,78.42364363216203,0.8057364555909657,Tamil Nadu
3943,11.887322476797374,78.42379217896865,0.7788888888888889,Tamil Nadu
3944,11.890340517441912,78.45115122220294,0.7882172915072686,Tamil Nadu
3945,11.87167091187376,78.4275278702225,0.7581808097615086,Tamil Nadu
3946,11.889934163437548,78.45147593168846,0.8320441988950277,Tamil Nadu
3947,11.867457594643184,78.42608690138857,0.6654036723987176,Tamil Nadu
3948,11.89105285715683,78.412543791524,0.7890930131636048,Tamil Nadu
3949,11.893610412138177,78.4270640199299,0.7698513800424629,Tamil Nadu
3950,11.869630824129834,78.45038570471242,0.5027774014361198,Tamil Nadu
3951,11.883627764409969,78.46524355412951,0.8032734784681392,Tamil Nadu
3952,11.90090332828785,78.4249232790484,0.7949509116409537,Tamil Nadu
3953,11.86908976904617,78.46151313569136,0.8340998126383921,Tamil Nadu
3954,11.900300041923089,78.4819027194254,0.7640514099366967,Tamil Nadu
3955,11.899392809790893,78.46706411725016,0.7329109703234411,Tamil Nadu
3956,11.892100600999232,78.48138405830491,0.8176845943482224,Tamil Nadu
3957,11.874279465417237,78.44015620868328,0.7593300564354634,Tamil Nadu
3958,11.877113229943989,78.45990193289526,0.7999224505622334,Tamil Nadu
3959,11.86659421234951,78.41197436849991,0.7350353631188545,Tamil Nadu
3960,11.862527710531754,78.47125306465182,0.8620689655172413,Tamil Nadu
3961,11.862571339681065,78.41589368738934,0.4434860202260559,Tamil Nadu
3962,11.891976396280374,78.44856105046136,0.6539882634209955,Tamil Nadu
3963,11.881346808859098,78.48226125302125,0.8348125339612389,Tamil Nadu
3964,11.89858216532457,78.4647943717845,0.527180783817952,Tamil Nadu
3965,11.901734506458288,78.46685902262954,0.6672643952978681,Tamil Nadu
3966,11.896504272205046,78.4745850688768,0.7836190476190477,Tamil Nadu
3967,11.893478277639865,78.42489219947626,0.8034325949831304,Tamil Nadu
3968,11.89200834029852,78.44373131979661,0.5492154065620543,Tamil Nadu
3969,11.865660854541984,78.4789128447594,0.7901477832512315,Tamil Nadu
3970,11.878035259241354,78.43005854055046,0.7154150197628458,Tamil Nadu
3971,11.89953881781052,78.4592333095864,0.7088230135064024,Tamil Nadu
3972,11.86412073869612,78.41016272650363,0.7341040462427746,Tamil Nadu
3973,11.864427132315935,78.43426267715714,0.7367452751296203,Tamil Nadu
3974,11.87786897995532,78.4122213659116,0.8369600519649236,Tamil Nadu
3975,11.867019421092714,78.43061229116772,0.594920634920635,Tamil Nadu
3976,11.868165435797891,78.41179661411358,0.772210267445435,Tamil Nadu
3977,11.870791862989469,78.43990585546094,0.2828220858895705,Tamil Nadu
3978,11.892524453142553,78.47933412965229,0.7969468456869597,Tamil Nadu
3979,11.87864006466936,78.48120228975696,0.839789394509214,Tamil Nadu
3980,11.874803345972175,78.44818725578119,0.7178683385579937,Tamil Nadu
3981,11.871529988368325,78.47940071476879,0.6143733567046451,Tamil Nadu
3982,11.892853080565809,78.4403047971175,0.7801608579088471,Tamil Nadu
3983,11.871216312475704,78.45435210443516,0.7410958904109589,Tamil Nadu
3984,11.879754312352304,78.43430615992433,0.7666088965915656,Tamil Nadu
3985,11.867266918383612,78.47274718856929,0.8417533432392273,Tamil Nadu
3986,11.89622145530062,78.46855196233432,0.7699530516431925,Tamil Nadu
3987,11.890037820742617,78.44868647917544,0.7332498434564809,Tamil Nadu
3988,11.868666394745295,78.42116488785587,0.7703185259248678,Tamil Nadu
3989,11.876112545572548,78.4300999138128,0.7793286806247923,Tamil Nadu
3990,11.883597837426978,78.47408730821178,0.3749281196089706,Tamil Nadu
3991,11.86297708255807,78.4210048088359,0.719652281900031,Tamil Nadu
3992,11.883496101535687,78.44045815414236,0.7787031528851874,Tamil Nadu
3993,11.88277078533206,78.44150897539492,0.577036140411551,Tamil Nadu
3994,11.87932123800308,78.44381788398812,0.828515433610975,Tamil Nadu
3995,11.895387930764134,78.46497357072982,0.7717908082408875,Tamil Nadu
3996,11.881437242141358,78.43437356876409,0.7614138438880707,Tamil Nadu
3997,11.899463020062164,78.41559569346272,0.7619387027797576,Tamil Nadu
3998,11.885003144036272,78.4721428529154,0.8400278212484785,Tamil Nadu
3999,11.872850808351824,78.46054376814456,0.8035326929036256,Tamil Nadu
4000,11.866574205256144,78.43557084272321,0.7788180222352252,Tamil Nadu
4001,11.870468471799043,78.44555298287246,0.4329880478087649,Tamil Nadu
4002,11.88905546389792,78.43058935203356,0.815220700152207,Tamil Nadu
4003,11.873575536552131,78.41529130094757,0.7263761879146494,Tamil Nadu
4004,11.884006244940853,78.46210577007422,0.7902144772117963,Tamil Nadu
4005,11.866703993116284,78.44683774474926,0.3672530446549391,Tamil Nadu
4006,11.86897164314026,78.45414297550367,0.8463595478303149,Tamil Nadu
4007,11.895272668924576,78.4484159758422,0.8361411597801028,Tamil Nadu
4008,11.89478985795068,78.44935587254494,0.8084878744650499,Tamil Nadu
4009,11.885887557399188,78.43092504141698,0.7408840904461194,Tamil Nadu
4010,11.875493237373297,78.47482295798466,0.7310709724502827,Tamil Nadu
4011,11.89845361486644,78.43189794840184,0.794671644323774,Tamil Nadu
4012,11.86848799318537,78.41557249009766,0.7460537727666956,Tamil Nadu
4013,11.895739936152262,78.46376682115083,0.7804002052334531,Tamil Nadu
4014,11.89169411690566,78.4650644608989,0.7775445960125918,Tamil Nadu
4015,11.872400766279856,78.43133975064362,0.6761496492595479,Tamil Nadu
4016,11.89560032910309,78.41042041263836,0.7297968047153714,Tamil Nadu
4017,11.886038924881204,78.46096371733826,0.765684850085854,Tamil Nadu
4018,11.866779915564935,78.44531919728155,0.4915437694493302,Tamil Nadu
4019,11.890480751425374,78.45637929984345,0.8202060485211033,Tamil Nadu
4020,11.890042954820077,78.43318653710148,0.743606998654105,Tamil Nadu
4021,11.884460386010057,78.46799270706572,0.794027149321267,Tamil Nadu
4022,11.88799950045844,78.44271698672678,0.7107001321003963,Tamil Nadu
4023,11.87183142036542,78.47662257485968,0.8305277094760734,Tamil Nadu
4024,11.881759298316334,78.44314274204608,0.7037453183520599,Tamil Nadu
4025,11.868202118126316,78.43237203811553,0.629580719709475,Tamil Nadu
4026,11.88595574965236,78.43932556595267,0.8213416753562739,Tamil Nadu
4027,11.877804953315042,78.45184163320779,0.7481279782164738,Tamil Nadu
4028,11.87848991935502,78.47743867357002,0.8471270426989984,Tamil Nadu
4029,11.882243053486857,78.4537867749841,0.7977733162985946,Tamil Nadu
4030,11.88691086717772,78.47311116032819,0.8636049246092129,Tamil Nadu
4031,11.900622076558967,78.46113879085004,0.2998906838333536,Tamil Nadu
4032,11.90283992786978,78.42825131532099,0.7966364812419147,Tamil Nadu
4033,11.893884823242226,78.42939028303576,0.7494044783230109,Tamil Nadu
4034,11.862449800725017,78.4498853053437,0.7144276958754349,Tamil Nadu
4035,11.864237763040077,78.42175205534464,0.6007574562095629,Tamil Nadu
4036,11.862655219339866,78.43394704968698,0.7506082725060828,Tamil Nadu
4037,11.881197405834564,78.47550971805032,0.7195876288659794,Tamil Nadu
4038,11.869649902702236,78.44796823427426,0.6033057851239669,Tamil Nadu
4039,11.88938141575214,78.46840921710694,0.7867963863794302,Tamil Nadu
4040,11.879347548663407,78.45216872748702,0.7773256889217681,Tamil Nadu
4041,11.89256212749024,78.45647374589866,0.7779395704404806,Tamil Nadu
4042,11.895852488499273,78.45832400494768,0.6954794779648193,Tamil Nadu
4043,11.86639412429469,78.42225370994335,0.7702401584550631,Tamil Nadu
4044,11.90073367527497,78.46346587780515,0.6657303370786517,Tamil Nadu
4045,11.883217556822094,78.41099281587607,0.8186317836308997,Tamil Nadu
4046,11.880304589703764,78.44930810191578,0.8046722907203114,Tamil Nadu
4047,11.869652674468758,78.4425769131434,0.7789520035226772,Tamil Nadu
4048,11.897853283594037,78.41632410678422,0.7185408299866132,Tamil Nadu
4049,11.90109214429274,78.47542813682747,0.8344731656427495,Tamil Nadu
4050,11.89080065146972,78.42664877911942,0.73444360333081,Tamil Nadu
4051,11.892551050582515,78.42284147075578,0.4695415532761147,Tamil Nadu
4052,11.899612016240836,78.4251875842739,0.7590558924766432,Tamil Nadu
4053,11.867995944269252,78.46492753396238,0.7176175098672407,Tamil Nadu
4054,11.869065262002817,78.43966216499024,0.7629586488060571,Tamil Nadu
4055,11.896497113908024,78.47714489014142,0.7658356417359188,Tamil Nadu
4056,11.88053646321522,78.42481584197762,0.7392459724298289,Tamil Nadu
4057,11.890973118307844,78.44293099513003,0.8294106571267181,Tamil Nadu
4058,11.866274512853908,78.47149158821098,0.8504994832931451,Tamil Nadu
4059,11.875693102380785,78.45904395029793,0.8040971374304707,Tamil Nadu
4060,11.89836152899768,78.45140163759122,0.8015102481121898,Tamil Nadu
4061,11.88227678041357,78.442642278149,0.4754724994691017,Tamil Nadu
4062,11.871692011556876,78.4620007381177,0.8313725490196079,Tamil Nadu
4063,11.88337568820094,78.4798202674601,0.7929255711127488,Tamil Nadu
4064,11.871672798401752,78.44929100685633,0.6161316872427983,Tamil Nadu
4065,11.886294942708137,78.41376851365197,0.8169257340241797,Tamil Nadu
4066,11.898847053073244,78.48265993972004,0.8026889534883721,Tamil Nadu
4067,11.871782515461112,78.42973216179932,0.8065732123925079,Tamil Nadu
4068,11.882790859771283,78.43500991253785,0.7850174216027874,Tamil Nadu
4069,11.864964530698556,78.41456702219976,0.5661053385883196,Tamil Nadu
4070,11.895656917299675,78.42313796816329,0.7856929063154744,Tamil Nadu
4071,11.88173718332995,78.43223072725254,0.7926804334491924,Tamil Nadu
4072,11.86520709902264,78.44194034844111,0.6093811588490343,Tamil Nadu
4073,11.868713689926826,78.4378483385868,0.7155514818209594,Tamil Nadu
4074,11.903539036343588,78.44635610895976,0.7508813160987075,Tamil Nadu
4075,11.895848695905714,78.45545247403237,0.7768044849334268,Tamil Nadu
4076,11.900633955601691,78.45977201197803,0.6672287802136031,Tamil Nadu
4077,11.876564045860766,78.48130177422527,0.735,Tamil Nadu
4078,11.89837197707679,78.43855393957388,0.7729459303444295,Tamil Nadu
4079,11.8803848346179,78.42763658784213,0.7948537187169545,Tamil Nadu
4080,11.869975571504892,78.46536601473647,0.817854463615904,Tamil Nadu
4081,11.863701160684212,78.46851973715897,0.8073998986315256,Tamil Nadu
4082,11.88502991787554,78.44536375714044,0.6272899557801642,Tamil Nadu
4083,11.886331826514535,78.41875316127023,0.7785630153121319,Tamil Nadu
4084,11.864533780663022,78.45674507930433,0.7418473621307837,Tamil Nadu
4085,11.902884028643992,78.47766549062068,0.8047722342733189,Tamil Nadu
4086,11.885106349913366,78.43107911089673,0.777122641509434,Tamil Nadu
4087,11.882263490923682,78.46341218901705,0.7750347168646814,Tamil Nadu
4088,11.90398427643802,78.4386926030618,0.7255787690570299,Tamil Nadu
4089,11.8650277329307,78.4588117329347,0.8269508670520231,Tamil Nadu
4090,11.868866906929403,78.41251393198291,0.759039759939985,Tamil Nadu
4091,11.867001504476304,78.42092669299818,0.7946033024567056,Tamil Nadu
4092,11.864434594447388,78.43692292250687,0.735390549662488,Tamil Nadu
4093,11.869797438677011,78.42150451725912,0.7662086317011806,Tamil Nadu
4094,11.880506868989524,78.43986670062874,0.7734311328443357,Tamil Nadu
4095,11.882972246252452,78.4614268416805,0.7187263078089462,Tamil Nadu
4096,11.869304826167818,78.45546738898894,0.8330490162629365,Tamil Nadu
4097,11.880310421219727,78.46996182201612,0.8272270114942529,Tamil Nadu
4098,11.90236426388122,78.46745908547193,0.8039816232771823,Tamil Nadu
4099,11.895026496330509,78.41283476396427,0.731764705882353,Tamil Nadu
4100,11.8676518117852,78.43150342950119,0.5932078257659653,Tamil Nadu
4101,11.898852542203038,78.46982208550313,0.6663861302810975,Tamil Nadu
4102,11.864829445408326,78.46272307831123,0.8218821729150727,Tamil Nadu
4103,11.86418974993227,78.4145688600178,0.6540201879568396,Tamil Nadu
4104,11.86596639394114,78.41401980320255,0.6209380502641267,Tamil Nadu
4105,11.898324913765949,78.4621251374645,0.4088067787192666,Tamil Nadu
4106,11.87546542919166,78.41699606103475,0.820977803568838,Tamil Nadu
4107,11.868719769215286,78.42864518436531,0.6902082834570266,Tamil Nadu
4108,11.898404195316228,78.43817838627821,0.7524329861703944,Tamil Nadu
4109,11.886059314828216,78.43143271730891,0.8347917395869794,Tamil Nadu
4110,11.8818860710867,78.4188945959514,0.7155928326343881,Tamil Nadu
4111,11.890715926243136,78.44703952023617,0.710691823899371,Tamil Nadu
4112,11.897652076984109,78.41150331342723,0.7680459075807913,Tamil Nadu
4113,11.87891317704881,78.46525952366422,0.7774524158125915,Tamil Nadu
4114,11.888371547670936,78.48074357148391,0.4144222415291051,Tamil Nadu
4115,11.899613702520256,78.42490364422295,0.7844007609384908,Tamil Nadu
4116,11.863170524791448,78.42310931183785,0.7256156060121522,Tamil Nadu
4117,11.87505428072183,78.42341910849079,0.7711887354454373,Tamil Nadu
4118,11.872447320653658,78.4390667731611,0.7673788745109841,Tamil Nadu
4119,11.902562689837552,78.42843768197862,0.7773025813349626,Tamil Nadu
4120,11.882633856552957,78.43314058399832,0.8174849425077569,Tamil Nadu
4121,11.89262167180696,78.4801230222588,0.7779444861215303,Tamil Nadu
4122,11.882596812707632,78.41703515478568,0.7581863979848866,Tamil Nadu
4123,11.867905328660449,78.4325076642499,0.6680950525905727,Tamil Nadu
4124,11.876336848269377,78.42371741160822,0.7805918788713008,Tamil Nadu
4125,11.88997372713848,78.4367357017803,0.6214702450408401,Tamil Nadu
4126,11.861744266987085,78.46722768339441,0.6748387096774193,Tamil Nadu
4127,11.89903881205884,78.46142755459513,0.5273326344166542,Tamil Nadu
4128,11.88124392040901,78.4792442606439,0.737814465408805,Tamil Nadu
4129,11.885388946625406,78.44414060813307,0.6024096385542169,Tamil Nadu
4130,11.87203495743092,78.46777535875586,0.7806510495892911,Tamil Nadu
4131,11.894454183110051,78.4664526583033,0.7971549972288934,Tamil Nadu
4132,11.87799684094715,78.43967580261112,0.7766730401529637,Tamil Nadu
4133,11.873322209476028,78.43857746744936,0.7796036732721121,Tamil Nadu
4134,11.88581712480384,78.44389983242397,0.7916729295054863,Tamil Nadu
4135,11.875753837428862,78.46791696967864,0.7183970856102003,Tamil Nadu
4136,11.895130892667916,78.4578268020699,0.7930174563591023,Tamil Nadu
4137,11.88530646469326,78.46261612973073,0.7760979121670266,Tamil Nadu
4138,11.89651554153867,78.4117575875188,0.7858356940509915,Tamil Nadu
4139,11.89149584424908,78.46809457279909,0.8019855111349611,Tamil Nadu
4140,11.884307022580275,78.46411192323585,0.7863174220230915,Tamil Nadu
4141,11.861993249947192,78.47650253158109,0.8174186778593914,Tamil Nadu
4142,11.895422789210786,78.48179872414671,0.590233977619532,Tamil Nadu
4143,11.873794222480289,78.44543337785916,0.7502404176397857,Tamil Nadu
4144,11.863479131377332,78.45306390958936,0.6583989306401307,Tamil Nadu
4145,11.881401859290351,78.47735862462184,0.8157994682871249,Tamil Nadu
4146,11.878091097127404,78.45107844545775,0.8023507578100835,Tamil Nadu
4147,11.868749037162305,78.45529225015521,0.8134294727354664,Tamil Nadu
4148,11.868267008920778,78.47912021247996,0.8352059925093633,Tamil Nadu
4149,11.887580139519914,78.42349153751493,0.790834312573443,Tamil Nadu
4150,11.864000733683916,78.43064951589882,0.7147881132407244,Tamil Nadu
4151,11.863141001512652,78.45968125853494,0.8649318463444857,Tamil Nadu
4152,11.89823220559432,78.46413371414502,0.4725419269976981,Tamil Nadu
4153,11.88016214482103,78.47257649017955,0.8396369137670197,Tamil Nadu
4154,11.899464487723789,78.42964088140492,0.4854323308270676,Tamil Nadu
4155,11.89486813450583,78.43518912213804,0.7225978927504325,Tamil Nadu
4156,11.898220609786412,78.44570057332353,0.7391304347826086,Tamil Nadu
4157,11.895040486707952,78.42474825665869,0.8119510439164866,Tamil Nadu
4158,11.88075904065915,78.43878496467562,0.7762564182355687,Tamil Nadu
4159,11.874261218544738,78.47089256148766,0.8477096966091612,Tamil Nadu
4160,11.87195052664516,78.45740631756418,0.846514745308311,Tamil Nadu
4161,11.88551595552754,78.44961623000641,0.7823408624229979,Tamil Nadu
4162,11.904493633020046,78.46961639202094,0.8244737780948983,Tamil Nadu
4163,11.869643910873284,78.44938546824768,0.4518785383427689,Tamil Nadu
4164,11.890027072770184,78.44670634349426,0.7454854472062885,Tamil Nadu
4165,11.896407572799315,78.4389462427462,0.7396429774334793,Tamil Nadu
4166,11.88918123278562,78.47703993489954,0.8547332185886403,Tamil Nadu
4167,11.86431547418165,78.46331103199257,0.8040900498367417,Tamil Nadu
4168,11.894473146310329,78.45468744160083,0.7961468796311543,Tamil Nadu
4169,11.871476875211076,78.43026769481176,0.8067165982121285,Tamil Nadu
4170,11.883245389552636,78.46167162841071,0.6111665004985045,Tamil Nadu
4171,11.884228116886044,78.43379183953095,0.7603128054740957,Tamil Nadu
4172,11.89663226614434,78.42775032480009,0.6336779911373708,Tamil Nadu
4173,11.901052299036897,78.4684870155658,0.748677731169068,Tamil Nadu
4174,11.88209497169627,78.43499803080005,0.8171896316507503,Tamil Nadu
4175,11.902980074179458,78.41201958531758,0.4397083567021873,Tamil Nadu
4176,11.86656189454258,78.42723915109083,0.5975,Tamil Nadu
4177,11.90286040119705,78.46482066146424,0.8021913805697589,Tamil Nadu
4178,11.9004472620036,78.42607664800136,0.7779850746268657,Tamil Nadu
4179,11.862126718368756,78.44630090577247,0.7893271461716937,Tamil Nadu
4180,11.890575698718012,78.45086090454951,0.7264189465087791,Tamil Nadu
4181,11.875810075903138,78.45012791738628,0.70220527275742,Tamil Nadu
4182,11.86762387289721,78.44719139702421,0.3348909657320872,Tamil Nadu
4183,11.87717113899103,78.48092653642696,0.8382047897416557,Tamil Nadu
4184,11.888406833908563,78.46340071363213,0.79860529986053,Tamil Nadu
4185,11.864818097197,78.41787753016149,0.4008620689655172,Tamil Nadu
4186,11.900321786505009,78.43212610451857,0.7271879081918269,Tamil Nadu
4187,11.881607005717983,78.43217360864813,0.7769156159068865,Tamil Nadu
4188,11.893151100314068,78.44729613325974,0.7667899552267861,Tamil Nadu
4189,11.879743177302238,78.47953203152596,0.80492534419236,Tamil Nadu
4190,11.871677845053178,78.44662541539455,0.3347977774906319,Tamil Nadu
4191,11.873103377132027,78.48133796162027,0.7993425753894526,Tamil Nadu
4192,11.871765571168329,78.42055072070531,0.7795637198622273,Tamil Nadu
4193,11.874161373491887,78.43082761146118,0.7645377911130161,Tamil Nadu
4194,11.862537903339744,78.46631897780455,0.7996934082779765,Tamil Nadu
4195,11.88494566825212,78.45370662983721,0.8274307791371539,Tamil Nadu
4196,11.87204221404466,78.45323586152723,0.724577621931782,Tamil Nadu
4197,11.865281599981824,78.44518180538087,0.7079225994888646,Tamil Nadu
4198,11.890407722024731,78.479446998633,0.8108221476510067,Tamil Nadu
4199,11.88610841018245,78.48249203288005,0.5542443852303007,Tamil Nadu
4200,11.893938472574172,78.41144894585814,0.8108941418293937,Tamil Nadu
4201,11.8862653666718,78.44572714132157,0.5868957251298442,Tamil Nadu
4202,11.86392228520758,78.47893945341409,0.7998547039593171,Tamil Nadu
4203,11.896193803450178,78.43090014392817,0.8170328016852242,Tamil Nadu
4204,11.89275597417429,78.462575534306,0.7609668755595345,Tamil Nadu
4205,11.874738560671268,78.43043782162054,0.7695988222304012,Tamil Nadu
4206,11.869378639808982,78.43114941740498,0.7762917933130699,Tamil Nadu
4207,11.878048180791128,78.4595249510829,0.7480233757304916,Tamil Nadu
4208,11.882855142470822,78.46544356446289,0.8418181818181818,Tamil Nadu
4209,11.895496941559443,78.48238645692471,0.760539629005059,Tamil Nadu
4210,11.864528673100551,78.43811327551683,0.6523836023001298,Tamil Nadu
4211,11.89867618572904,78.44697161984868,0.7543624161073825,Tamil Nadu
4212,11.863746930225233,78.43090566106015,0.7641483133537775,Tamil Nadu
4213,11.89435549504958,78.41556090448553,0.7922664408693197,Tamil Nadu
4214,11.88774451231567,78.47986131380644,0.5137976346911958,Tamil Nadu
4215,11.893441862531269,78.4592010019257,0.7957347550816395,Tamil Nadu
4216,11.86609302692472,78.47387392608437,0.8170531312762461,Tamil Nadu
4217,11.864791437982102,78.47042470034899,0.7753259779338014,Tamil Nadu
4218,11.87903867298333,78.46079803178009,0.7641859642920276,Tamil Nadu
4219,11.87135342291639,78.41879753706546,0.7862433862433862,Tamil Nadu
4220,11.881879633807944,78.47295407745227,0.4171279713448388,Tamil Nadu
4221,11.89019587229265,78.4293377326971,0.7767936226749336,Tamil Nadu
4222,11.886082435656592,78.42702777890104,0.7547475342264095,Tamil Nadu
4223,11.877300836418597,78.45187064810419,0.7613390928725702,Tamil Nadu
4224,11.86785511057305,78.45938462221491,0.7341719077568134,Tamil Nadu
4225,11.87041175226842,78.43488916488944,0.6235864297253635,Tamil Nadu
4226,11.902264140595156,78.41685085756434,0.6395131086142322,Tamil Nadu
4227,11.884585651927395,78.456879921814,0.7814848762603116,Tamil Nadu
4228,11.88219049364566,78.42445218267969,0.7177742892028607,Tamil Nadu
4229,11.87094488792963,78.45170325327432,0.3333333333333333,Tamil Nadu
4230,11.866162004284096,78.48202798245741,0.8386324786324786,Tamil Nadu
4231,11.874753038155951,78.43737245712877,0.8079810351639668,Tamil Nadu
4232,11.879082778173212,78.43898993770526,0.7629741460652953,Tamil Nadu
4233,11.891808048016484,78.43548280814178,0.5692166181204967,Tamil Nadu
4234,11.874070219122002,78.44172761644272,0.8054519368723099,Tamil Nadu
4235,11.87808613931781,78.45700692236463,0.7203136669156086,Tamil Nadu
4236,11.87197047080685,78.47978382423588,0.7176143279429664,Tamil Nadu
4237,11.87518234092267,78.43258344426555,0.7356863801697426,Tamil Nadu
4238,11.892391490158184,78.42636504372675,0.7376227282222686,Tamil Nadu
4239,11.90415768692252,78.4698626368369,0.8233579145944092,Tamil Nadu
4240,11.881387639030264,78.47855895803106,0.7625245141736495,Tamil Nadu
4241,11.86542307903042,78.458698762633,0.7806612157838606,Tamil Nadu
4242,11.902358603450482,78.4682600226499,0.7708174178762414,Tamil Nadu
4243,11.86825636839682,78.45744033615578,0.7860795454545455,Tamil Nadu
4244,11.862943553461914,78.46913353108997,0.8139703221136446,Tamil Nadu
4245,11.881290590193975,78.4431205332606,0.7889908256880734,Tamil Nadu
4246,11.90386679496484,78.41589914005938,0.6846166750545211,Tamil Nadu
4247,11.87568394771174,78.45896741131331,0.7673692427790788,Tamil Nadu
4248,11.869012961103072,78.43704476298748,0.6378876781223806,Tamil Nadu
4249,11.897001362252531,78.42889832577224,0.6925347954449599,Tamil Nadu
4250,11.862080814793176,78.45276288636258,0.6436583261432269,Tamil Nadu
4251,11.867605771084346,78.42814069551461,0.7175261385787701,Tamil Nadu
4252,11.886070161970803,78.4284662570591,0.814152529420755,Tamil Nadu
4253,11.894694704643058,78.46981997112984,0.8384463833380242,Tamil Nadu
4254,11.89270912608783,78.47331261218302,0.7942717429269996,Tamil Nadu
4255,11.90350022874484,78.41192571664703,0.501813433918468,Tamil Nadu
4256,11.89803058829933,78.42613882374846,0.749961697563965,Tamil Nadu
4257,11.864486174480756,78.4732930520459,0.813922797756516,Tamil Nadu
4258,11.880280413465446,78.42941074538511,0.4682057513163224,Tamil Nadu
4259,11.878784679278748,78.41558488787885,0.8034203420342034,Tamil Nadu
4260,11.871541453866158,78.47476794947761,0.842797783933518,Tamil Nadu
4261,11.870062298376078,78.47406658828503,0.8090772693173294,Tamil Nadu
4262,11.876810165402803,78.476595355854,0.8345454545454546,Tamil Nadu
4263,11.8634133084988,78.46384522097598,0.7751671787457076,Tamil Nadu
4264,11.870393077167966,78.41987283602485,0.7678780773739742,Tamil Nadu
4265,11.870303152267894,78.44126913480352,0.7969639468690702,Tamil Nadu
4266,11.882512151235638,78.48123356512932,0.7853564547206165,Tamil Nadu
4267,11.880872680988986,78.46151686530332,0.788659793814433,Tamil Nadu
4268,11.866163188190631,78.45880526011514,0.7235932872655478,Tamil Nadu
4269,11.884084984924185,78.47327226091376,0.5537372147915027,Tamil Nadu
4270,11.88030824167824,78.41828439984756,0.72953216374269,Tamil Nadu
4271,11.878909394629767,78.48055678179466,0.8244736293516781,Tamil Nadu
4272,11.86852225016794,78.47020040432514,0.7428031098970372,Tamil Nadu
4273,11.878879688319564,78.47850411467752,0.8120560917865598,Tamil Nadu
4274,11.90235614280306,78.42469950511361,0.7710575773107808,Tamil Nadu
4275,11.87883194328608,78.47256635779485,0.8239707227813358,Tamil Nadu
4276,11.902793062582106,78.44771803505901,0.7921243873584587,Tamil Nadu
4277,11.874964591749064,78.43202158116127,0.758337889557135,Tamil Nadu
4278,11.878572167606674,78.41568476455497,0.8185518060030524,Tamil Nadu
4279,11.898589225119403,78.44373494081346,0.6881481481481482,Tamil Nadu
4280,11.867217826977402,78.47410428128822,0.8472803347280334,Tamil Nadu
4281,11.862212229804106,78.44561941752627,0.7849257708412638,Tamil Nadu
4282,11.899119042275789,78.47353202176696,0.8316950371613522,Tamil Nadu
4283,11.886652269468366,78.42187239150768,0.8107648725212464,Tamil Nadu
4284,11.862060700990742,78.41119122344523,0.6696459264352012,Tamil Nadu
4285,11.87833389142299,78.43351514692695,0.7571657468399502,Tamil Nadu
4286,11.86407557003699,78.47554386752668,0.822141560798548,Tamil Nadu
4287,11.869701905727696,78.4485096259236,0.6497562261167479,Tamil Nadu
4288,11.873394093856376,78.46718513206459,0.7696279152572547,Tamil Nadu
4289,11.870273364512483,78.45404753633805,0.7616108171663727,Tamil Nadu
4290,11.893553874398776,78.43637130679924,0.628419452887538,Tamil Nadu
4291,11.872190433338677,78.4626236156823,0.779762821500077,Tamil Nadu
4292,11.877482033911036,78.45693942117079,0.7610039333208466,Tamil Nadu
4293,11.868806709798296,78.4508303001224,0.3456614509246088,Tamil Nadu
4294,11.903262353318944,78.45645150275271,0.7549812586308937,Tamil Nadu
4295,11.90464839650161,78.47455974476252,0.7661870503597122,Tamil Nadu
4296,11.867061677981935,78.42937498133973,0.6002667852378835,Tamil Nadu
4297,11.8785280948934,78.4590545924425,0.7099432338399561,Tamil Nadu
4298,11.89880607441729,78.43222376089354,0.7729670729488812,Tamil Nadu
4299,11.8746821492147,78.44005316009051,0.7784168306341759,Tamil Nadu
4300,11.86313396775664,78.46368712876244,0.8162014976174268,Tamil Nadu
4301,11.897039135982142,78.4391170356614,0.7250457038391225,Tamil Nadu
4302,11.888694119786974,78.4772261139633,0.8429154885328307,Tamil Nadu
4303,11.896635830761166,78.48094294819592,0.828996282527881,Tamil Nadu
4304,11.893587989768193,78.44276723008048,0.7560975609756098,Tamil Nadu
4305,11.867528248734333,78.4571130124626,0.7296278850682996,Tamil Nadu
4306,11.879174632605435,78.420526373069,0.7451587916343919,Tamil Nadu
4307,11.900912408030353,78.41301485068496,0.7565755544094894,Tamil Nadu
4308,11.883061659299836,78.42550215200835,0.7041024689066271,Tamil Nadu
4309,11.895656627515928,78.42171343867105,0.7936909357114336,Tamil Nadu
4310,11.892513362704786,78.48118537142653,0.7555816686251469,Tamil Nadu
4311,11.893119444482387,78.4208127142328,0.6892941573792638,Tamil Nadu
4312,11.862617970980285,78.41655019392918,0.3787841496431208,Tamil Nadu
4313,11.889465506324983,78.4464335533447,0.7455497382198953,Tamil Nadu
4314,11.86743638695248,78.47363561703315,0.833990739152804,Tamil Nadu
4315,11.89655180347379,78.45255375440692,0.8028439661798616,Tamil Nadu
4316,11.900066313711337,78.41113138702978,0.6608492510649994,Tamil Nadu
4317,11.88833294703471,78.4453597586933,0.703643061809251,Tamil Nadu
4318,11.8880802874326,78.45969640558428,0.7551327933697495,Tamil Nadu
4319,11.878043976111863,78.44586172944368,0.7662776412776413,Tamil Nadu
4320,11.889766503857585,78.47592016526292,0.8272113943028486,Tamil Nadu
4321,11.879887505477493,78.45440905518068,0.6927083333333334,Tamil Nadu
4322,11.898619430365663,78.45873282615031,0.4700698875721665,Tamil Nadu
4323,11.863251716572249,78.48247043241176,0.8094749444159398,Tamil Nadu
4324,11.87120793869316,78.4551403755887,0.7565115598478197,Tamil Nadu
4325,11.893142209261168,78.45188090687974,0.7446360959192259,Tamil Nadu
4326,11.901690301061432,78.43012692007855,0.2932985204525674,Tamil Nadu
4327,11.87662328663056,78.47555704533033,0.8247061249742215,Tamil Nadu
4328,11.875647961640826,78.48218992614294,0.8279693486590038,Tamil Nadu
4329,11.893234903908052,78.45443099601572,0.7793893129770992,Tamil Nadu
4330,11.87465035004167,78.44557979798083,0.8208232445520581,Tamil Nadu
4331,11.862413472607686,78.4335473679508,0.7699546880446149,Tamil Nadu
4332,11.90252797646555,78.41093429945246,0.3455149501661129,Tamil Nadu
4333,11.89087976353832,78.45077511974864,0.7409130561209654,Tamil Nadu
4334,11.887065027211658,78.47720620789065,0.470379746835443,Tamil Nadu
4335,11.891361783122088,78.46846705293036,0.7893877551020408,Tamil Nadu
4336,11.867669945130611,78.47960887991081,0.8184485006518905,Tamil Nadu
4337,11.878350674356676,78.41079086235473,0.7188006482982172,Tamil Nadu
4338,11.869650103570503,78.42286348404843,0.7541085271317829,Tamil Nadu
4339,11.877842287682208,78.41695413127916,0.8293564714389009,Tamil Nadu
4340,11.884987381844931,78.47798080190219,0.4312451260722641,Tamil Nadu
4341,11.879892575644076,78.41031052475438,0.8260269244045564,Tamil Nadu
4342,11.879626604733373,78.46360189031024,0.7438231469440832,Tamil Nadu
4343,11.897015346948455,78.4305704579377,0.8185353208036293,Tamil Nadu
4344,11.886943726311308,78.4681468939039,0.7570527713242615,Tamil Nadu
4345,11.900528110712951,78.44738720544491,0.758222834510074,Tamil Nadu
4346,11.871180797644987,78.42751699075917,0.7807063784923564,Tamil Nadu
4347,11.870863890591044,78.42049648250156,0.7558767194845899,Tamil Nadu
4348,11.890017947889676,78.43239835953032,0.771563981042654,Tamil Nadu
4349,11.893880269487063,78.45352439948627,0.8044682752457551,Tamil Nadu
4350,11.886989076426383,78.44533795467478,0.7326027397260274,Tamil Nadu
4351,11.899843375233688,78.43680715670678,0.7055474215064259,Tamil Nadu
4352,11.9041351450441,78.43188285984525,0.4068199841395717,Tamil Nadu
4353,11.881351015095843,78.47939072643098,0.7397260273972602,Tamil Nadu
4354,11.8680946940137,78.41154960913055,0.7803794913201454,Tamil Nadu
4355,11.8639763021275,78.42626506687158,0.7586642346008138,Tamil Nadu
4356,11.897827381865548,78.48187087016329,0.635620172648796,Tamil Nadu
4357,11.87685442939823,78.43165107855323,0.7791730474732006,Tamil Nadu
4358,11.873097475717811,78.45544316382146,0.7236051502145923,Tamil Nadu
4359,11.9040178076131,78.45200658630694,0.771560120417921,Tamil Nadu
4360,11.87903356869182,78.47123014824986,0.8649715037264357,Tamil Nadu
4361,11.899960011571595,78.47024812740398,0.738152610441767,Tamil Nadu
4362,11.879039022074265,78.44960209146517,0.7460144927536232,Tamil Nadu
4363,11.871794196439804,78.47794427670023,0.7700262927256792,Tamil Nadu
4364,11.866770872911266,78.42900845593147,0.6108965236836755,Tamil Nadu
4365,11.878220443109836,78.41796426947857,0.8204676892129746,Tamil Nadu
4366,11.867738130051857,78.41781031332442,0.7758318739054291,Tamil Nadu
4367,11.891838584888152,78.43664756329245,0.5119496855345912,Tamil Nadu
4368,11.89990789272938,78.43732577157445,0.7037620022036833,Tamil Nadu
4369,11.86397283208338,78.45335360284665,0.7138652714192283,Tamil Nadu
4370,11.880876842140802,78.4311721621767,0.7726597325408618,Tamil Nadu
4371,11.885410154293576,78.4209854799642,0.7485921889191643,Tamil Nadu
4372,11.904257217522431,78.4362600178316,0.7558224163027657,Tamil Nadu
4373,11.884246085138688,78.48040091401027,0.4599966870962398,Tamil Nadu
4374,11.867621065686595,78.41452591573677,0.6846805234795997,Tamil Nadu
4375,11.873952625899596,78.43955936787519,0.8183948447568834,Tamil Nadu
4376,11.878145298425071,78.45622577858208,0.7203960396039604,Tamil Nadu
4377,11.898503797747228,78.44360523264358,0.6923905240488155,Tamil Nadu
4378,11.897432762214324,78.42402497037287,0.7370123691722169,Tamil Nadu
4379,11.896889405838884,78.44913404502773,0.7935460212687936,Tamil Nadu
4380,11.878036745726208,78.4742286470571,0.5041903217085699,Tamil Nadu
4381,11.866781863176628,78.41738325938724,0.6778623121172759,Tamil Nadu
4382,11.867648286665473,78.47146584558631,0.7951473136915078,Tamil Nadu
4383,11.86269644472264,78.43765027144424,0.6600994292027251,Tamil Nadu
4384,11.882041885930168,78.44718018944252,0.7608384945212006,Tamil Nadu
4385,11.894010220034652,78.41043498727781,0.788677977490341,Tamil Nadu
4386,11.876279050782529,78.45210457874234,0.7382039573820396,Tamil Nadu
4387,11.897680924473171,78.45793404775017,0.658695652173913,Tamil Nadu
4388,11.896974150017206,78.41407831965472,0.7703392374662263,Tamil Nadu
4389,11.89587036622594,78.4425749722512,0.7728717176785416,Tamil Nadu
4390,11.879875959250368,78.42279119118992,0.7956159308428528,Tamil Nadu
4391,11.870741950994452,78.48197320891185,0.8125631768953069,Tamil Nadu
4392,11.864847588774396,78.44121239554177,0.7425952045133991,Tamil Nadu
4393,11.878489107966844,78.42676583204582,0.7697651339728746,Tamil Nadu
4394,11.896618997258642,78.42191041188252,0.7607080764975502,Tamil Nadu
4395,11.894079014471252,78.42675807926607,0.8257138141607526,Tamil Nadu
4396,11.874354538328705,78.4734098309772,0.8000785545954439,Tamil Nadu
4397,11.890977810162834,78.45381155615183,0.791641281832582,Tamil Nadu
4398,11.875440876321496,78.44686046360525,0.7676623992413466,Tamil Nadu
4399,11.881040093017466,78.44575872232016,0.7743623283191629,Tamil Nadu
4400,11.863473957320505,78.45150529556881,0.7668187001140251,Tamil Nadu
4401,11.899520012420597,78.44294242461085,0.7032640949554896,Tamil Nadu
4402,11.878986139979096,78.4592771126151,0.7485369076835945,Tamil Nadu
4403,11.870113317236193,78.42907930038218,0.7763309076981999,Tamil Nadu
4404,11.88376846092451,78.4311553114562,0.7745583038869258,Tamil Nadu
4405,11.883662860451675,78.43792741745025,0.7791210586505473,Tamil Nadu
4406,11.885336342349756,78.47044921492501,0.8573538098050797,Tamil Nadu
4407,11.86660574982238,78.42854937421153,0.7102871683024354,Tamil Nadu
4408,11.864936850466725,78.4634766189807,0.8030869212022745,Tamil Nadu
4409,11.867317705246757,78.41926779032804,0.6885566826837516,Tamil Nadu
4410,11.867426371347925,78.4783630164948,0.8474226804123711,Tamil Nadu
4411,11.889806623579569,78.44727122651787,0.732396839332748,Tamil Nadu
4412,11.887245819655856,78.42168147737941,0.7138643067846607,Tamil Nadu
4413,11.86964846305069,78.46110122597841,0.8095881161377447,Tamil Nadu
4414,11.890523709400648,78.44330006034258,0.8200960472848171,Tamil Nadu
4415,11.900799186547424,78.43729387242762,0.7072124112889916,Tamil Nadu
4416,11.895525663747136,78.44497307235541,0.7886311662855277,Tamil Nadu
4417,11.899935111071168,78.44271902668474,0.642681929681112,Tamil Nadu
4418,11.884126667973389,78.4828674266579,0.7420952380952381,Tamil Nadu
4419,11.900288173229674,78.46642225389934,0.7566478646253022,Tamil Nadu
4420,11.896484124706902,78.48039844053895,0.8139714395986106,Tamil Nadu
4421,11.876894650044502,78.44459541773487,0.7904079194401775,Tamil Nadu
4422,11.868529718077326,78.43439036479276,0.7994366197183098,Tamil Nadu
4423,11.869379463865217,78.45024248501137,0.4087917873124506,Tamil Nadu
4424,11.880919201681277,78.41776678158114,0.6644389729159339,Tamil Nadu
4425,11.887837125933824,78.47030381209416,0.8475144861238182,Tamil Nadu
4426,11.89541101788325,78.41718065000475,0.8158581833173011,Tamil Nadu
4427,11.886246841923708,78.45537097355505,0.8477021133847702,Tamil Nadu
4428,11.86458173505246,78.47133416413452,0.7956989247311828,Tamil Nadu
4429,11.894249587141866,78.4804696254982,0.8046948356807512,Tamil Nadu
4430,11.870465044907052,78.41195004134725,0.7625540405719987,Tamil Nadu
4431,11.874426287984582,78.42785220235962,0.7675453611776789,Tamil Nadu
4432,11.86689884819195,78.44579534124027,0.4163908380775851,Tamil Nadu
4433,11.891745530196976,78.4193632100444,0.8046151254842513,Tamil Nadu
4434,11.87493140760594,78.47665506711022,0.8220574606116775,Tamil Nadu
4435,11.877317547788929,78.47240739970387,0.8241619228336496,Tamil Nadu
4436,11.878468824025884,78.4655413925016,0.7751149047931714,Tamil Nadu
4437,11.89968452277029,78.43221865629793,0.790916597853014,Tamil Nadu
4438,11.889984863814574,78.4631319380677,0.7744496571634789,Tamil Nadu
4439,11.887721541761858,78.4761203962066,0.8405957851370622,Tamil Nadu
4440,11.870502606635087,78.45444343761754,0.7074801504387798,Tamil Nadu
4441,11.892209916781894,78.47479853718914,0.8038749150237934,Tamil Nadu
4442,11.871102845533873,78.44899416584546,0.5220704985709749,Tamil Nadu
4443,11.886209146262049,78.46925954608122,0.7730761252852105,Tamil Nadu
4444,11.867497644427637,78.42332450206892,0.7628327601579417,Tamil Nadu
4445,11.890937174305034,78.41786600856567,0.7775485645521747,Tamil Nadu
4446,11.867697685685222,78.44735768179973,0.3840067815767166,Tamil Nadu
4447,11.880723995439952,78.46241322441571,0.8035639118843834,Tamil Nadu
4448,11.89290478730452,78.44145848065729,0.5532393214796648,Tamil Nadu
4449,11.890650020356784,78.47188900094795,0.7867101213108818,Tamil Nadu
4450,11.887409682450016,78.45603032766277,0.7893129770992366,Tamil Nadu
4451,11.880119260010074,78.4462530260377,0.7568331762488218,Tamil Nadu
4452,11.863412231863787,78.43721889217998,0.7287604456824512,Tamil Nadu
4453,11.878290004196746,78.4142192261128,0.7921159029649596,Tamil Nadu
4454,11.900792274449593,78.47068454264998,0.6828442437923251,Tamil Nadu
4455,11.866687092022088,78.45963561566583,0.6344601962922574,Tamil Nadu
4456,11.882649421793078,78.46698344888527,0.7139976474542093,Tamil Nadu
4457,11.886533822586998,78.46810716695131,0.7876643073811931,Tamil Nadu
4458,11.898927315106535,78.46863083169671,0.79961860055743,Tamil Nadu
4459,11.87806875286196,78.41297280074451,0.8249438922731644,Tamil Nadu
4460,11.900269708164586,78.4300535773411,0.7700835749616237,Tamil Nadu
4461,11.89752156736182,78.45076833586363,0.7971587843912965,Tamil Nadu
4462,11.892435553244184,78.43369487852547,0.643497378657196,Tamil Nadu
4463,11.89687046567588,78.46298084233483,0.7600235849056604,Tamil Nadu
4464,11.89290405607533,78.45527730968875,0.8334100322135297,Tamil Nadu
4465,11.872859557501956,78.45946352004161,0.8326776209210831,Tamil Nadu
4466,11.902566831968564,78.46534786404509,0.7651929127338963,Tamil Nadu
4467,11.877849002991802,78.4142061340345,0.8293838862559242,Tamil Nadu
4468,11.870139751041371,78.47005187774566,0.7505089764945401,Tamil Nadu
4469,11.870348073647447,78.45829692980463,0.735136015637726,Tamil Nadu
4470,11.868206479883114,78.41915350525048,0.7227200843437006,Tamil Nadu
4471,11.904409914822958,78.44668446280633,0.8080529509100938,Tamil Nadu
4472,11.873722880405111,78.42015175327339,0.7931034482758621,Tamil Nadu
4473,11.881026485947675,78.43288995327237,0.8124694774540127,Tamil Nadu
4474,11.876042692799455,78.43768790542315,0.7557326394535697,Tamil Nadu
4475,11.868222922243568,78.4260484783068,0.7735072065888813,Tamil Nadu
4476,11.871962122739236,78.4262270431364,0.7558214747736093,Tamil Nadu
4477,11.868971615714496,78.41104607364929,0.7921854873336196,Tamil Nadu
4478,11.892331297141554,78.4231726982326,0.6362971094035857,Tamil Nadu
4479,11.899623400085837,78.4307129158798,0.756442831215971,Tamil Nadu
4480,11.886935299854308,78.46719710963687,0.7551515151515151,Tamil Nadu
4481,11.8776236090417,78.41704414687689,0.8240048802806161,Tamil Nadu
4482,11.892370321759572,78.46489951009255,0.8073687264287787,Tamil Nadu
4483,11.90205382603614,78.43841136643654,0.7262730502453054,Tamil Nadu
4484,11.884116788477028,78.45957170139508,0.813185015540651,Tamil Nadu
4485,11.872072258616722,78.47588679411847,0.8591727186611936,Tamil Nadu
4486,11.89970465607862,78.42078117528068,0.7613653995345229,Tamil Nadu
4487,11.896595368038302,78.45001515425035,0.817658024063718,Tamil Nadu
4488,11.883877445100136,78.4441259537825,0.7200616095494802,Tamil Nadu
4489,11.90465756281818,78.48071893798223,0.8054906542056075,Tamil Nadu
4490,11.871016581107542,78.4615708136708,0.8581859028362819,Tamil Nadu
4491,11.881489936217063,78.46542389277833,0.7785880013258204,Tamil Nadu
4492,11.877543163776313,78.44671583712194,0.8008904719501335,Tamil Nadu
4493,11.877995895474468,78.4594773318068,0.7255907675398424,Tamil Nadu
4494,11.884176772205754,78.44182996199932,0.5944387928111224,Tamil Nadu
4495,11.89553762296105,78.46593652488154,0.7695865451997197,Tamil Nadu
4496,11.87518837812326,78.46896961647755,0.7951253973860827,Tamil Nadu
4497,11.887419001603645,78.4729605657495,0.8543589743589743,Tamil Nadu
4498,11.867649619026311,78.41639391654056,0.5953207823067082,Tamil Nadu
4499,11.87270455414108,78.44012857164229,0.7759378168300102,Tamil Nadu
4500,11.90257722786516,78.41041266640897,0.5977412389968444,Tamil Nadu
4501,11.868862921279828,78.41778715684934,0.6560855542352741,Tamil Nadu
4502,11.879139710765685,78.48007102260469,0.728673835125448,Tamil Nadu
4503,11.901276937155746,78.42219242956803,0.7512968299711815,Tamil Nadu
4504,11.866913756283685,78.43272140551372,0.6459671663097787,Tamil Nadu
4505,11.866639763783509,78.47284683986537,0.844125885648377,Tamil Nadu
4506,11.89282051427795,78.43070373850243,0.7908369307895836,Tamil Nadu
4507,11.865678154322133,78.45361358129999,0.5607560756075608,Tamil Nadu
4508,11.894236566799467,78.42597885184946,0.6871401151631478,Tamil Nadu
4509,11.893835584008418,78.43187765260001,0.6940948693126815,Tamil Nadu
4510,11.874212448886324,78.41418241319327,0.6337808912239735,Tamil Nadu
4511,11.87901982179504,78.42154927235892,0.7528860028860029,Tamil Nadu
4512,11.871424357031207,78.41700774177076,0.7229797140006651,Tamil Nadu
4513,11.879881685064282,78.43007694173963,0.7800385897211015,Tamil Nadu
4514,11.880211481547825,78.45248093554228,0.7967875834686879,Tamil Nadu
4515,11.899428468436156,78.41743005955531,0.7608286252354048,Tamil Nadu
4516,11.8750092617532,78.48061082132864,0.8243684481869737,Tamil Nadu
4517,11.890682842277291,78.44186707767722,0.79316852236271,Tamil Nadu
4518,11.88513666108193,78.42156061584502,0.7548346849656893,Tamil Nadu
4519,11.873589023333958,78.47048868760746,0.7732166890982504,Tamil Nadu
4520,11.864838167018693,78.44758589935148,0.5200752823086575,Tamil Nadu
4521,11.8722892552237,78.4102087212142,0.802624073017684,Tamil Nadu
4522,11.883332485153325,78.45456611153182,0.7606191504679626,Tamil Nadu
4523,11.895523357046727,78.41984445393246,0.7854585084851315,Tamil Nadu
4524,11.866725137400506,78.4519511291029,0.5069478502533922,Tamil Nadu
4525,11.876861597168316,78.46951432245467,0.8307276007215875,Tamil Nadu
4526,11.897351525844522,78.42651809157532,0.7857352509539184,Tamil Nadu
4527,11.874691888770316,78.46486245070633,0.7889855072463768,Tamil Nadu
4528,11.86376820298243,78.47147109148634,0.7036905606813343,Tamil Nadu
4529,11.872065131915068,78.41382882096259,0.6967907068320536,Tamil Nadu
4530,11.899925308394632,78.4280947401071,0.3567362428842505,Tamil Nadu
4531,11.873135554018829,78.46667105939724,0.7658630665380907,Tamil Nadu
4532,11.894729308263535,78.45934214393124,0.7532387415175817,Tamil Nadu
4533,11.892782378126572,78.47767499574749,0.8381919423517852,Tamil Nadu
4534,11.871439166495492,78.4752978861649,0.8360248447204969,Tamil Nadu
4535,11.88733251225859,78.47809911793972,0.5274882485182915,Tamil Nadu
4536,11.8654494774895,78.4610844656714,0.8535821108104259,Tamil Nadu
4537,11.881322285934289,78.44765432384527,0.7731252379139703,Tamil Nadu
4538,11.881784776045937,78.47130682221655,0.3532905678308387,Tamil Nadu
4539,11.867828511701548,78.45417295449109,0.752109558721815,Tamil Nadu
4540,11.881956411563456,78.46458616118733,0.7393096342091705,Tamil Nadu
4541,11.87603020556691,78.44560081758473,0.8115671641791045,Tamil Nadu
4542,11.864839803383104,78.41100882631652,0.7572203489224454,Tamil Nadu
4543,11.888346796034114,78.46153356024114,0.7306701030927835,Tamil Nadu
4544,11.86588262853248,78.44731521304575,0.3663308512191561,Tamil Nadu
4545,11.876747124302444,78.45837440116858,0.763755868544601,Tamil Nadu
4546,11.883325417634548,78.4123407131549,0.8068913290420295,Tamil Nadu
4547,11.902320061929114,78.45655124021889,0.7915383368455179,Tamil Nadu
4548,11.902053751927204,78.47840224294458,0.8614772444665506,Tamil Nadu
4549,11.8894501117213,78.4249615484401,0.8013020096235494,Tamil Nadu
4550,11.892356174349944,78.4741763885993,0.817530695770805,Tamil Nadu
4551,11.897741647645232,78.45746960390359,0.7748472177549051,Tamil Nadu
4552,11.881566239201058,78.45449410911343,0.7602982954545454,Tamil Nadu
4553,11.901599818693525,78.42048923625666,0.7477851083883129,Tamil Nadu
4554,11.877884292084122,78.47817327102047,0.8203155059638323,Tamil Nadu
4555,11.90003134050171,78.46974680404364,0.7440529960855164,Tamil Nadu
4556,11.896858306169944,78.47056848808755,0.7947845804988662,Tamil Nadu
4557,11.89167591688416,78.47449221436469,0.7569573283858998,Tamil Nadu
4558,11.891069791670812,78.41258050298157,0.7890930131636048,Tamil Nadu
4559,11.873889537291667,78.45574043276245,0.8009640802363551,Tamil Nadu
4560,11.861817265901555,78.43252555293998,0.4662976872899783,Tamil Nadu
4561,11.864988268700596,78.41986502363547,0.7564242755604156,Tamil Nadu
4562,11.870688523632465,78.4222226598469,0.775357385976855,Tamil Nadu
4563,11.877079236527734,78.42957855026039,0.7770009199632014,Tamil Nadu
4564,11.887996171595894,78.47350252628011,0.8408971438584195,Tamil Nadu
4565,11.870822182683092,78.44087364909714,0.7597676107480029,Tamil Nadu
4566,11.863205956217756,78.4169263207405,0.3606333606333606,Tamil Nadu
4567,11.897209249280069,78.42609975007468,0.6204188481675392,Tamil Nadu
4568,11.888397780647532,78.42493753970187,0.8268704379562044,Tamil Nadu
4569,11.884990389449545,78.43365408761089,0.8246785773918851,Tamil Nadu
4570,11.89243491121421,78.47109700248025,0.8130588830774422,Tamil Nadu
4571,11.885553115896036,78.47736388411623,0.3586444932538437,Tamil Nadu
4572,11.86245532686913,78.44424040304416,0.6832971800433839,Tamil Nadu
4573,11.8828908406064,78.4352834963578,0.7737024221453287,Tamil Nadu
4574,11.868144472531991,78.45774148582228,0.7906566061968213,Tamil Nadu
4575,11.8900830417989,78.41687303304008,0.7878599027795089,Tamil Nadu
4576,11.87956466907747,78.4272533976768,0.8077047588216251,Tamil Nadu
4577,11.894106646306048,78.43671857942864,0.7114139693356047,Tamil Nadu
4578,11.894324086218674,78.44117793271064,0.753120665742025,Tamil Nadu
4579,11.890010667203422,78.45484424154317,0.7666372462488967,Tamil Nadu
4580,11.904384384311282,78.44506783250876,0.7193937038476487,Tamil Nadu
4581,11.893162521205436,78.42665515239952,0.7143502824858757,Tamil Nadu
4582,11.887460067508531,78.42828968906761,0.8311146967863385,Tamil Nadu
4583,11.897499009749792,78.4770058365757,0.7407476287892877,Tamil Nadu
4584,11.903825920385732,78.45790588777884,0.7228390166534496,Tamil Nadu
4585,11.878092660791808,78.41413663405365,0.8100594568536076,Tamil Nadu
4586,11.888961528495951,78.41433452289144,0.7856424693344058,Tamil Nadu
4587,11.880702313703972,78.47318587935916,0.796987333105101,Tamil Nadu
4588,11.882605268223235,78.44904202478729,0.7936241610738255,Tamil Nadu
4589,11.865793049468154,78.42637422538263,0.6145625792428908,Tamil Nadu
4590,11.901743817752347,78.46336258374902,0.7547711535213646,Tamil Nadu
4591,11.874869819877093,78.47913876462307,0.8454574846427417,Tamil Nadu
4592,11.879278332473596,78.44402470168887,0.8095238095238095,Tamil Nadu
4593,11.89870460229907,78.44294583809135,0.634914308489438,Tamil Nadu
4594,11.884753754488262,78.4685080801458,0.8065369355752882,Tamil Nadu
4595,11.883963031574648,78.42173953423533,0.7747236331042725,Tamil Nadu
4596,11.893547976076482,78.43869800155257,0.8116209688876261,Tamil Nadu
4597,11.88379864773619,78.41333336274052,0.8110347258945884,Tamil Nadu
4598,11.871722298467796,78.44654834108184,0.4060446780551905,Tamil Nadu
4599,11.863046232504969,78.46278400354436,0.8500716218367023,Tamil Nadu
4600,11.879163956407432,78.42993576573234,0.6892536743653369,Tamil Nadu
4601,11.873495650328625,78.46934695366032,0.8304218150830848,Tamil Nadu
4602,11.889849584856508,78.43846852423114,0.7002759499044788,Tamil Nadu
4603,11.87110965754404,78.44754163895313,0.5984954026191139,Tamil Nadu
4604,11.895454959978297,78.45184682455823,0.7812711291413117,Tamil Nadu
4605,11.881810932994316,78.44747118888628,0.796657816648446,Tamil Nadu
4606,11.877626302955791,78.42183824533457,0.76,Tamil Nadu
4607,11.880639439974306,78.42335606383104,0.7934214571165078,Tamil Nadu
4608,11.863116844093854,78.43121531578521,0.6432894268422926,Tamil Nadu
4609,11.880087627415325,78.46347970373802,0.8230936819172113,Tamil Nadu
4610,11.891627318729398,78.41086018124902,0.753256945534453,Tamil Nadu
4611,11.874420061346193,78.4211439390518,0.7100111411745981,Tamil Nadu
4612,11.895935300696353,78.44633700265061,0.6607142857142857,Tamil Nadu
4613,11.879130998917526,78.42003876832969,0.7744867048131943,Tamil Nadu
4614,11.896430401383904,78.48197297998686,0.4894938790425726,Tamil Nadu
4615,11.879466465722787,78.44546397022908,0.7591381300500193,Tamil Nadu
4616,11.873416567310574,78.43872305827757,0.7355491329479769,Tamil Nadu
4617,11.896281635102463,78.41197739842177,0.6445461479786423,Tamil Nadu
4618,11.8954193563164,78.41748833778259,0.8041701887855734,Tamil Nadu
4619,11.895584216087515,78.47375709187814,0.7468519322622666,Tamil Nadu
4620,11.890552725135242,78.41859779509727,0.8114700065919578,Tamil Nadu
4621,11.898071034079605,78.42632501689471,0.4670835504603092,Tamil Nadu
4622,11.898163568341769,78.41234828821169,0.7966391341498149,Tamil Nadu
4623,11.865709678967429,78.47530927077258,0.8141759180187874,Tamil Nadu
4624,11.864888318066347,78.47506424611382,0.7400563733166301,Tamil Nadu
4625,11.87858575402914,78.42689025893107,0.6296726709277551,Tamil Nadu
4626,11.866319205711523,78.48227721774194,0.8366782006920416,Tamil Nadu
4627,11.87713723183849,78.41985185001168,0.7843299652145105,Tamil Nadu
4628,11.885311193386668,78.47858044076955,0.3654661016949153,Tamil Nadu
4629,11.901504247860636,78.45577295522969,0.7542526837324525,Tamil Nadu
4630,11.876002097905076,78.47026663138944,0.785427807486631,Tamil Nadu
4631,11.896560219690471,78.46421039650988,0.7691676243638155,Tamil Nadu
4632,11.873198534790609,78.47083408201493,0.793544263342921,Tamil Nadu
4633,11.88499599560021,78.44042482297998,0.7497125964854656,Tamil Nadu
4634,11.899876684326454,78.41858621213822,0.7402852926709297,Tamil Nadu
4635,11.89179645673662,78.43571331762233,0.5390758699372504,Tamil Nadu
4636,11.888219765303452,78.47478848338896,0.8556475550695204,Tamil Nadu
4637,11.889587536696633,78.43219645372626,0.7994121969140338,Tamil Nadu
4638,11.891904088439732,78.43457567762712,0.7821891370278468,Tamil Nadu
4639,11.881902393034276,78.44499806391845,0.7107231920199502,Tamil Nadu
4640,11.904408454708182,78.46950634794246,0.8226197130613006,Tamil Nadu
4641,11.871908818073248,78.4143560413169,0.7156955779085216,Tamil Nadu
4642,11.90015384574308,78.43869299173244,0.6695652173913044,Tamil Nadu
4643,11.890059228459666,78.4140068764439,0.7584525868847303,Tamil Nadu
4644,11.868690527523436,78.43316175936585,0.7516560958421423,Tamil Nadu
4645,11.863938445760802,78.48006376316226,0.8366178204480377,Tamil Nadu
4646,11.871378994366047,78.42195359975346,0.787125557680051,Tamil Nadu
4647,11.90009280440962,78.45481547096009,0.8231501381639545,Tamil Nadu
4648,11.8729683393951,78.42568364890218,0.7976391231028668,Tamil Nadu
4649,11.891645440659074,78.45454023178242,0.7425589485890993,Tamil Nadu
4650,11.862394444995568,78.45940961040316,0.8596965600120174,Tamil Nadu
4651,11.899065872351006,78.46065163181055,0.3567839195979899,Tamil Nadu
4652,11.89677686472432,78.43254816057468,0.8034437086092715,Tamil Nadu
4653,11.900257427622916,78.47956737410117,0.7636647579385737,Tamil Nadu
4654,11.891638014432516,78.41907135603263,0.7931550402094633,Tamil Nadu
4655,11.861846247381717,78.48161992441699,0.6867267771021178,Tamil Nadu
4656,11.889964957945796,78.41748932789325,0.8440245516909375,Tamil Nadu
4657,11.88808506996908,78.43623689751618,0.6948757763975155,Tamil Nadu
4658,11.877778560565678,78.4814042618875,0.8514404720583131,Tamil Nadu
4659,11.903426857476678,78.4382835121891,0.8313336810989393,Tamil Nadu
4660,11.879856316641588,78.44417771499943,0.7887801956478339,Tamil Nadu
4661,11.89835615235469,78.43212899281977,0.7390839422562823,Tamil Nadu
4662,11.900246253487875,78.4381164397472,0.7010836845273931,Tamil Nadu
4663,11.890420142279437,78.4147916263361,0.8078805047643575,Tamil Nadu
4664,11.902750866934728,78.43907677214207,0.729042638777152,Tamil Nadu
4665,11.887265858750776,78.47634731149013,0.815347306426468,Tamil Nadu
4666,11.890042437182956,78.44556349380836,0.7983163802174675,Tamil Nadu
4667,11.880070330488676,78.42036115413639,0.7383211025595131,Tamil Nadu
4668,11.865688861482738,78.4621289345907,0.8115000792016474,Tamil Nadu
4669,11.895732930594212,78.41015351834969,0.6759811616954474,Tamil Nadu
4670,11.899286258948006,78.45111338772665,0.7342152736019242,Tamil Nadu
4671,11.892762259697651,78.44783189507558,0.7596501235976422,Tamil Nadu
4672,11.864764030362286,78.42105966913405,0.7628118471181025,Tamil Nadu
4673,11.869184665886705,78.4767253840343,0.7168742921857305,Tamil Nadu
4674,11.875108409204117,78.43021535223498,0.7972365038560412,Tamil Nadu
4675,11.864196661668178,78.45933159605741,0.755935946990613,Tamil Nadu
4676,11.88608668987797,78.44285132883554,0.6743054147231798,Tamil Nadu
4677,11.894675999227104,78.4620785294532,0.783433133732535,Tamil Nadu
4678,11.89588152684288,78.44662701617457,0.60596600763094,Tamil Nadu
4679,11.89522846145014,78.46081929931321,0.4233469865418373,Tamil Nadu
4680,11.88436692416087,78.45240542484228,0.7963254593175852,Tamil Nadu
4681,11.862562933111516,78.42061195050603,0.7348586810228802,Tamil Nadu
4682,11.887054364470735,78.45151679802004,0.8005847053392829,Tamil Nadu
4683,11.90148187056629,78.43864652956134,0.6937510470765622,Tamil Nadu
4684,11.881654514248188,78.45082907311901,0.7729596333509607,Tamil Nadu
4685,11.898951991358503,78.47643442274658,0.8022284122562674,Tamil Nadu
4686,11.88473921463582,78.43103320364666,0.6448598130841121,Tamil Nadu
4687,11.900152274362624,78.45644844012735,0.8321995464852607,Tamil Nadu
4688,11.878445203020298,78.43548490000565,0.7318957771787961,Tamil Nadu
4689,11.892364102499997,78.47868891991779,0.8545578695800614,Tamil Nadu
4690,11.878519894437671,78.43967048201435,0.8025195778004767,Tamil Nadu
4691,11.89016624648534,78.410189092441,0.8021420518602029,Tamil Nadu
4692,11.866945315463504,78.41658196524926,0.6908067542213884,Tamil Nadu
4693,11.88464830324365,78.41624140105665,0.7858426158821415,Tamil Nadu
4694,11.869847449640428,78.44760488539778,0.5939799331103679,Tamil Nadu
4695,11.902272064586896,78.42457485120941,0.7936507936507936,Tamil Nadu
4696,11.8618492355806,78.44368562809386,0.7590491626148028,Tamil Nadu
4697,11.86470775747391,78.41863044868175,0.7408759124087592,Tamil Nadu
4698,11.880736584967256,78.4470535768483,0.7665094339622641,Tamil Nadu
4699,11.878254280201466,78.42067353608407,0.7566745522135857,Tamil Nadu
4700,11.894976276753818,78.4314343736553,0.7903362531788641,Tamil Nadu
4701,11.895574057430109,78.46170437270793,0.5489009238611022,Tamil Nadu
4702,11.877465366321193,78.41249488354514,0.8123107971745711,Tamil Nadu
4703,11.8686787394676,78.46480704452266,0.772484200291687,Tamil Nadu
4704,11.86608850440105,78.48111973807356,0.8493611297915266,Tamil Nadu
4705,11.871713023375612,78.47770717858997,0.8130165289256198,Tamil Nadu
4706,11.864457301882323,78.4564221401879,0.8092435520166176,Tamil Nadu
4707,11.90136164054396,78.47593144168242,0.8225594630089013,Tamil Nadu
4708,11.89813324154736,78.41987689934682,0.7704626334519573,Tamil Nadu
4709,11.892417949071987,78.42659387653775,0.8002873563218391,Tamil Nadu
4710,11.872188022349372,78.44236856205183,0.8020367610531545,Tamil Nadu
4711,11.866760381094991,78.43935307615428,0.5998472699503627,Tamil Nadu
4712,11.895003701898242,78.45792387321382,0.793233082706767,Tamil Nadu
4713,11.889655313147008,78.47165638682657,0.8340787765113259,Tamil Nadu
4714,11.867473895855754,78.4667651893465,0.7270702571370723,Tamil Nadu
4715,11.873516980859394,78.46464219844094,0.7520091848450058,Tamil Nadu
4716,11.904255580097429,78.41931300271868,0.7437588318417334,Tamil Nadu
4717,11.89575501086218,78.45301139362495,0.7805922226186229,Tamil Nadu
4718,11.891149808652708,78.47398398178889,0.8289156626506025,Tamil Nadu
4719,11.9019621598365,78.44660348028249,0.7529128163921254,Tamil Nadu
4720,11.880167478992607,78.44704548577356,0.6946506758043023,Tamil Nadu
4721,11.869401724011212,78.45449832928391,0.8219061166429588,Tamil Nadu
4722,11.88197471687051,78.46628863269679,0.7139094650205762,Tamil Nadu
4723,11.873830639936443,78.4137071393305,0.7138147049126278,Tamil Nadu
4724,11.889674497223147,78.4409167614954,0.8486281929990539,Tamil Nadu
4725,11.903974930399055,78.43529621424511,0.7791723202170964,Tamil Nadu
4726,11.865211255065509,78.4718417877493,0.8085678436995878,Tamil Nadu
4727,11.89335813822532,78.4646191683208,0.7800628391888031,Tamil Nadu
4728,11.884214785789348,78.4468911801896,0.7798105194380921,Tamil Nadu
4729,11.870837916887131,78.43108116383087,0.751008064516129,Tamil Nadu
4730,11.889873804021084,78.45208843212603,0.8092172640819313,Tamil Nadu
4731,11.867910732279377,78.41790062585976,0.7720226153565566,Tamil Nadu
4732,11.895168645541233,78.46540634509573,0.7542533081285444,Tamil Nadu
4733,11.875703254004268,78.47599847741824,0.8276522405208733,Tamil Nadu
4734,11.890978424143054,78.41578759718726,0.8088705989940558,Tamil Nadu
4735,11.892027282031927,78.43978431726407,0.8146341463414634,Tamil Nadu
4736,11.881614142132063,78.44697781861287,0.7595129375951294,Tamil Nadu
4737,11.883508314393788,78.44917441106477,0.7849673202614379,Tamil Nadu
4738,11.896166315974009,78.45350624121751,0.7288854608561511,Tamil Nadu
4739,11.876193683618087,78.43694146334059,0.7847940482671022,Tamil Nadu
4740,11.871684285543092,78.43483938628951,0.765143299767622,Tamil Nadu
4741,11.871646400834276,78.43800464363005,0.8287269082056423,Tamil Nadu
4742,11.89171299274121,78.47073293641397,0.787673806839534,Tamil Nadu
4743,11.872779581717843,78.48068127460233,0.7939615129396151,Tamil Nadu
4744,11.894567465299293,78.47871829848123,0.8570554025099479,Tamil Nadu
4745,11.889009581233775,78.44005021809353,0.8316400580551524,Tamil Nadu
4746,11.899636108369071,78.4223893270479,0.7673246535069299,Tamil Nadu
4747,11.880126212090987,78.457023870881,0.7265155917102459,Tamil Nadu
4748,11.876043544347976,78.42463851053041,0.8125448028673835,Tamil Nadu
4749,11.897799124208014,78.43457094595577,0.8062351460925485,Tamil Nadu
4750,11.86328220416326,78.44257915275476,0.7718446601941747,Tamil Nadu
4751,11.876438404444553,78.41040716573126,0.7980218636127017,Tamil Nadu
4752,11.875450267880158,78.42914831121448,0.7341018966158424,Tamil Nadu
4753,11.895595261774911,78.4749409647105,0.8067081604426003,Tamil Nadu
4754,11.889261054766322,78.42865376564696,0.7664086166273982,Tamil Nadu
4755,11.885404763846132,78.4775076301724,0.4202662320021733,Tamil Nadu
4756,11.886117580788891,78.43875681622093,0.8054290398979778,Tamil Nadu
4757,11.86700452774652,78.47238768315447,0.8288693151177422,Tamil Nadu
4758,11.870002223537988,78.47140336426074,0.7549516351911562,Tamil Nadu
4759,11.871651927008935,78.41386756077081,0.716670059027071,Tamil Nadu
4760,11.90113057771686,78.47805364068935,0.814770998816968,Tamil Nadu
4761,11.883183002335889,78.46378491423742,0.7931034482758621,Tamil Nadu
4762,11.899431228619552,78.45808029220606,0.7771863117870722,Tamil Nadu
4763,11.8759726398007,78.42886453078681,0.7906847281499351,Tamil Nadu
4764,11.870515275146152,78.41752169552466,0.7988089489779494,Tamil Nadu
4765,11.867168721618349,78.41337133775917,0.670206819452208,Tamil Nadu
4766,11.897876453216488,78.42823768244595,0.6534772182254197,Tamil Nadu
4767,11.898995461801254,78.46071205378463,0.3866317169069462,Tamil Nadu
4768,11.904309934710648,78.41870379315915,0.7300032647730983,Tamil Nadu
4769,11.863880150475955,78.48290260638538,0.7854671280276817,Tamil Nadu
4770,11.874757753205026,78.44871769301619,0.7591914967764419,Tamil Nadu
4771,11.898891609789214,78.4349696998584,0.7192230791202514,Tamil Nadu
4772,11.888849314281355,78.46788077376338,0.8678396072013094,Tamil Nadu
4773,11.86847983926013,78.47656697899632,0.8137254901960784,Tamil Nadu
4774,11.895352870086692,78.44075853761032,0.6877819180231418,Tamil Nadu
4775,11.870791765656575,78.44078518377654,0.7516208039187438,Tamil Nadu
4776,11.889711939988128,78.43776052754396,0.6732153277572457,Tamil Nadu
4777,11.87191903744973,78.42374269999327,0.7879509870660313,Tamil Nadu
4778,11.903545087076722,78.44479945684725,0.711023458584181,Tamil Nadu
4779,11.898060503659185,78.41317235830925,0.8001958863858962,Tamil Nadu
4780,11.886301565422404,78.42352295226111,0.7408130658618853,Tamil Nadu
4781,11.8665572019613,78.44461312485045,0.463102847181871,Tamil Nadu
4782,11.893449704359162,78.43697855233847,0.6740688931631404,Tamil Nadu
4783,11.903047131217964,78.4421333430807,0.7243047158403869,Tamil Nadu
4784,11.890270213760118,78.4739723417716,0.8518848322944494,Tamil Nadu
4785,11.862257330273437,78.46329455701606,0.8187884108867427,Tamil Nadu
4786,11.86504689294887,78.44929360453493,0.6643333333333333,Tamil Nadu
4787,11.86271365826725,78.47556805564228,0.7988400994200497,Tamil Nadu
4788,11.866840786298198,78.46421765335762,0.5855263157894737,Tamil Nadu
4789,11.873242344502168,78.41246002700053,0.7925114695870948,Tamil Nadu
4790,11.866286576165972,78.46528382499004,0.7859754071119973,Tamil Nadu
4791,11.862483003535685,78.4221564146606,0.702897061845079,Tamil Nadu
4792,11.899499066222894,78.43194872268346,0.7873677248677249,Tamil Nadu
4793,11.867978800777353,78.45963879457915,0.7940323955669224,Tamil Nadu
4794,11.872374809895222,78.46012608816397,0.7816827997021594,Tamil Nadu
4795,11.902527660215895,78.47561035758707,0.8273733255678509,Tamil Nadu
4796,11.881686899077335,78.48269885170716,0.8422597212032281,Tamil Nadu
4797,11.901570568145017,78.42794011621459,0.5707502374169041,Tamil Nadu
4798,11.892894100038331,78.4644274427681,0.7718164188752424,Tamil Nadu
4799,11.87071035605488,78.47964442394611,0.8013950073421439,Tamil Nadu
4800,11.868856217054216,78.4355578663016,0.7673617753969773,Tamil Nadu
4801,11.881655230408738,78.47666312839185,0.747344021634151,Tamil Nadu
4802,11.890597776037236,78.47665044534925,0.7861313868613139,Tamil Nadu
4803,11.869007688537089,78.46681340486269,0.5779729408972228,Tamil Nadu
4804,11.865264674468344,78.47707828441857,0.8047529492220893,Tamil Nadu
4805,11.90412090112649,78.4118725573072,0.5082169268693508,Tamil Nadu
4806,11.863400039990934,78.46617655079372,0.7722592368261659,Tamil Nadu
4807,11.888882380998112,78.45074918465089,0.7727544910179641,Tamil Nadu
4808,11.897775143344244,78.478609536032,0.829228727326353,Tamil Nadu
4809,11.894019867003054,78.4102324371645,0.7978535960275509,Tamil Nadu
4810,11.90113618681752,78.42676397061754,0.7678571428571429,Tamil Nadu
4811,11.893406116738904,78.47099096697048,0.7850055126791621,Tamil Nadu
4812,11.872326818370786,78.45364047334647,0.8351841028638223,Tamil Nadu
4813,11.87837799777778,78.42201202878793,0.769218918502542,Tamil Nadu
4814,11.86419124081046,78.45349440541328,0.6176288019863438,Tamil Nadu
4815,11.864648583938193,78.45475341514853,0.7727102803738318,Tamil Nadu
4816,11.868055637988736,78.44204643589472,0.748566910456612,Tamil Nadu
4817,11.904078370798333,78.47963025384776,0.7139804096170971,Tamil Nadu
4818,11.863788989814555,78.4266572014298,0.6443609022556391,Tamil Nadu
4819,11.87061175056451,78.41852210831546,0.8035596572181938,Tamil Nadu
4820,11.881414761146315,78.4426658908391,0.6801909307875895,Tamil Nadu
4821,11.8842792332928,78.43462614544568,0.4846678023850085,Tamil Nadu
4822,11.899053009647623,78.47970302790763,0.7662913051504523,Tamil Nadu
4823,11.873814604980728,78.44292676454916,0.7781392322706572,Tamil Nadu
4824,11.87524166804457,78.42445685568279,0.7711488450359492,Tamil Nadu
4825,11.898335421029412,78.43388454479083,0.7764611689351482,Tamil Nadu
4826,11.878287070075222,78.45856129445094,0.6928653185806944,Tamil Nadu
4827,11.902390052930526,78.45024419123446,0.7323996971990916,Tamil Nadu
4828,11.889099762078686,78.46059779731411,0.6760511882998171,Tamil Nadu
4829,11.878733006790045,78.46191417431365,0.83203125,Tamil Nadu
4830,11.889213889792954,78.4515445204172,0.7714001327140013,Tamil Nadu
4831,11.874750518857905,78.42840528181425,0.7490142293845362,Tamil Nadu
4832,11.894900993020412,78.46089852258969,0.7240562045031319,Tamil Nadu
4833,11.899763338502751,78.43100167274733,0.7607721475353326,Tamil Nadu
4834,11.89894652461787,78.45419808049647,0.8208432776451869,Tamil Nadu
4835,11.88294449732128,78.4696634870559,0.8549990960043392,Tamil Nadu
4836,11.898784058689293,78.4233125590405,0.7668755595344673,Tamil Nadu
4837,11.903159758151114,78.46324587425958,0.7782720273738237,Tamil Nadu
4838,11.879713367588938,78.4598353182967,0.7823083403538332,Tamil Nadu
4839,11.876965841975354,78.43246409172502,0.7494141540384315,Tamil Nadu
4840,11.881534353260692,78.44494664356397,0.5531215772179627,Tamil Nadu
4841,11.86607732533868,78.47577988472744,0.8374114186388555,Tamil Nadu
4842,11.885409956677137,78.47268925212468,0.8306878306878307,Tamil Nadu
4843,11.864151558987038,78.41210550886443,0.5265637692932575,Tamil Nadu
4844,11.885984487385397,78.43741865507978,0.7226422602467171,Tamil Nadu
4845,11.867115887951416,78.41211534266704,0.7457531143827859,Tamil Nadu
4846,11.870622131482754,78.41593878081997,0.7529548859663726,Tamil Nadu
4847,11.873992870344985,78.47405722601867,0.8274902615470228,Tamil Nadu
4848,11.883297011291036,78.46974504682372,0.8415806959258612,Tamil Nadu
4849,11.876774056430948,78.4818131457244,0.8294401186503523,Tamil Nadu
4850,11.891718529934831,78.42774616079599,0.7741342756183746,Tamil Nadu
4851,11.869685249050155,78.42190561361372,0.8082564645395434,Tamil Nadu
4852,11.874388135956966,78.41298432147127,0.8357030015797788,Tamil Nadu
4853,11.899835130725751,78.4466774252173,0.7556688345930743,Tamil Nadu
4854,11.867203209862067,78.44032035141606,0.7609964966913196,Tamil Nadu
4855,11.883730500249516,78.46817431344569,0.7764595691539182,Tamil Nadu
4856,11.8994836285214,78.41575362403667,0.7885316539608883,Tamil Nadu
4857,11.874973218649156,78.45549757912548,0.6747595052679799,Tamil Nadu
4858,11.88450940658941,78.45829251658733,0.7827432107253351,Tamil Nadu
4859,11.886608288127212,78.43295960981727,0.7281239909589926,Tamil Nadu
4860,11.88677429948249,78.43519598681914,0.366504854368932,Tamil Nadu
4861,11.880586566017874,78.422547413237,0.7601156069364162,Tamil Nadu
4862,11.88706972481149,78.41025679823127,0.7637735849056604,Tamil Nadu
4863,11.870666191411177,78.41961253461442,0.7987301587301587,Tamil Nadu
4864,11.86781490499725,78.4828972225075,0.8357157237769277,Tamil Nadu
4865,11.893700129014174,78.46478175835041,0.7913043478260869,Tamil Nadu
4866,11.882186643327405,78.4721027373554,0.5097754079819034,Tamil Nadu
4867,11.898291790134843,78.4532189525155,0.8156575395295025,Tamil Nadu
4868,11.868266819737617,78.44144671025067,0.7846377337933539,Tamil Nadu
4869,11.873781140942846,78.47132388843995,0.8425846365354872,Tamil Nadu
4870,11.882385992039152,78.44959785633907,0.7937971500419112,Tamil Nadu
4871,11.873902818537935,78.44002231721562,0.8048554198237204,Tamil Nadu
4872,11.883780735182336,78.46982519883555,0.8025531914893617,Tamil Nadu
4873,11.87364994116086,78.41905800106687,0.6549601737871108,Tamil Nadu
4874,11.869508904689882,78.43228652496101,0.6493542181918109,Tamil Nadu
4875,11.876578729554414,78.46904133537977,0.7995146537240994,Tamil Nadu
4876,11.869819537743002,78.45914672199923,0.8114543114543115,Tamil Nadu
4877,11.88070981157901,78.44232810312114,0.7758919293384136,Tamil Nadu
4878,11.86349474646704,78.44022644559593,0.7998052580331061,Tamil Nadu
4879,11.868358280626714,78.44885083985307,0.5290251916757941,Tamil Nadu
4880,11.871151536113244,78.47956963584349,0.7752766119801603,Tamil Nadu
4881,11.867717481601598,78.47243465384426,0.8290479499652537,Tamil Nadu
4882,11.862902043292893,78.47188509670681,0.8351027784052406,Tamil Nadu
4883,11.864529803025103,78.46118923081553,0.8120313281119813,Tamil Nadu
4884,11.863365044757694,78.46982086481194,0.8283828382838284,Tamil Nadu
4885,11.872897786661726,78.41079575094412,0.82910459977083,Tamil Nadu
4886,11.900896409125243,78.4511190194006,0.7794518352300048,Tamil Nadu
4887,11.878939185049203,78.4822021267369,0.827573110520319,Tamil Nadu
4888,11.888645851893765,78.46562201561818,0.822881033827442,Tamil Nadu
4889,11.897559935478789,78.41365417047157,0.752063331648981,Tamil Nadu
4890,11.900463599200906,78.43355322285036,0.7647814910025706,Tamil Nadu
4891,11.893599442300632,78.41200760137617,0.7812597931682858,Tamil Nadu
4892,11.887737493950706,78.4163534301471,0.8092011412268189,Tamil Nadu
4893,11.866744685523358,78.42426713488562,0.7911845013652321,Tamil Nadu
4894,11.900381879863112,78.44121362737854,0.6851343938562808,Tamil Nadu
4895,11.87129909357517,78.43142830020021,0.7796976241900648,Tamil Nadu
4896,11.880901527893371,78.43765438310817,0.7668639053254438,Tamil Nadu
4897,11.900806902096454,78.43799307682393,0.6224521793665726,Tamil Nadu
4898,11.88652695493982,78.41592736247506,0.7978684307239985,Tamil Nadu
4899,11.887781259456254,78.42095703099328,0.775877427400677,Tamil Nadu
4900,11.8781599687017,78.43383157485,0.7490445859872611,Tamil Nadu
4901,11.901542043748792,78.43824493587532,0.711150556720994,Tamil Nadu
4902,11.88807543116348,78.4676435316502,0.8062860808210391,Tamil Nadu
4903,11.892541987204863,78.4289646040663,0.8035931379170607,Tamil Nadu
4904,11.87637697014998,78.4477699147835,0.7928913192071086,Tamil Nadu
4905,11.872143875770638,78.42454852977502,0.7558299039780522,Tamil Nadu
4906,11.899863356572489,78.46986950315964,0.7597456918186382,Tamil Nadu
4907,11.865641014299351,78.45014144035198,0.5132219902574808,Tamil Nadu
4908,11.900693018730506,78.46750006064833,0.7883173496076722,Tamil Nadu
4909,11.869658047246803,78.42922522671978,0.7310469314079422,Tamil Nadu
4910,11.896791240647064,78.47456026749057,0.7506234413965087,Tamil Nadu
4911,11.896126794807358,78.42544803286485,0.7897574123989218,Tamil Nadu
4912,11.870577823389658,78.43757883807224,0.7632110886514583,Tamil Nadu
4913,11.90324264579793,78.44184546494256,0.7322451814551137,Tamil Nadu
4914,11.8638147791458,78.46569443202935,0.7603930461073318,Tamil Nadu
4915,11.904458541845532,78.41823757976535,0.3571996817820206,Tamil Nadu
4916,11.863371246858904,78.48253642463577,0.8134678962937184,Tamil Nadu
4917,11.892016744617624,78.43471197101572,0.715496368038741,Tamil Nadu
4918,11.897773367924032,78.43953914961747,0.7352466367713004,Tamil Nadu
4919,11.880766117234636,78.45864174411253,0.7599268069533395,Tamil Nadu
4920,11.869427112783857,78.42018582493668,0.7822739480752015,Tamil Nadu
4921,11.88388985332208,78.4153335009806,0.807020702070207,Tamil Nadu
4922,11.874701187925542,78.47566972704384,0.8313427433948607,Tamil Nadu
4923,11.880659829687511,78.46997974260262,0.6977829638273045,Tamil Nadu
4924,11.862113614806407,78.43901392011709,0.739670932358318,Tamil Nadu
4925,11.86181838057646,78.45961609574627,0.8698512585812357,Tamil Nadu
4926,11.900840119148938,78.4431457102348,0.6645530783391287,Tamil Nadu
4927,11.89793829207495,78.4619641565589,0.4393960974220197,Tamil Nadu
4928,11.893253320951969,78.43950703807253,0.7465926299848561,Tamil Nadu
4929,11.87115400709919,78.46031346343833,0.8125314967243407,Tamil Nadu
4930,11.889357658853513,78.43958786018432,0.7378509196515005,Tamil Nadu
4931,11.864041232084364,78.44177588572734,0.8129946622492178,Tamil Nadu
4932,11.872021693995334,78.42394235599396,0.7959932711423765,Tamil Nadu
4933,11.870245202674932,78.44814649589941,0.4792004321988115,Tamil Nadu
4934,11.897007658216705,78.42069694267535,0.7817933856120014,Tamil Nadu
4935,11.90455772371978,78.43207762860908,0.6491748562951974,Tamil Nadu
4936,11.8916468918778,78.45202077968172,0.8103620059780804,Tamil Nadu
4937,11.884351355145586,78.46673285714807,0.8266331658291457,Tamil Nadu
4938,11.899247973813043,78.46770254488156,0.7823499404863119,Tamil Nadu
4939,11.892356155550804,78.46150239887284,0.7698841698841699,Tamil Nadu
4940,11.892279501766089,78.42116337963455,0.6656705923712427,Tamil Nadu
4941,11.903372176777577,78.48145474642752,0.8281798428881831,Tamil Nadu
4942,11.880771348386167,78.47494759475279,0.8025387870239774,Tamil Nadu
4943,11.864120980285389,78.4140801239956,0.6903100775193799,Tamil Nadu
4944,11.901943574518082,78.4764736965325,0.8121621621621622,Tamil Nadu
4945,11.891091140382978,78.45575291027934,0.8124413879337293,Tamil Nadu
4946,11.892657130882888,78.41906110191569,0.7974205725070777,Tamil Nadu
4947,11.870456782837206,78.47202484740774,0.7568106312292359,Tamil Nadu
4948,11.868682133009075,78.43382069815202,0.7821692562980842,Tamil Nadu
4949,11.87726902259862,78.47634483633176,0.8526722925457103,Tamil Nadu
4950,11.892251393961924,78.41293037744855,0.8178517397881997,Tamil Nadu
4951,11.898974834321804,78.48166992371496,0.8036764705882353,Tamil Nadu
4952,11.888582732813044,78.45137776068421,0.8028602183607566,Tamil Nadu
4953,11.867205176625893,78.4487620303761,0.4419739696312364,Tamil Nadu
4954,11.873468991098685,78.44683787818687,0.7491792514773473,Tamil Nadu
4955,11.88345505340458,78.461403849871,0.7735595498068201,Tamil Nadu
4956,11.894230251102714,78.4660214062956,0.791904047976012,Tamil Nadu
4957,11.864633915939908,78.43705097517393,0.7131630648330058,Tamil Nadu
4958,11.872937711291764,78.43563069677352,0.7495682210708118,Tamil Nadu
4959,11.873326338292896,78.41378326709078,0.7780433159073936,Tamil Nadu
4960,11.89838515352559,78.41258223189182,0.7891337919415976,Tamil Nadu
4961,11.883313652512456,78.44443364483332,0.7524135783245095,Tamil Nadu
4962,11.879172494489945,78.48228616353278,0.8333651096282173,Tamil Nadu
4963,11.862957331359024,78.41163501896729,0.4938875305623472,Tamil Nadu
4964,11.873236510422844,78.48178478773745,0.8041338582677166,Tamil Nadu
4965,11.889434770017235,78.46791659849424,0.8560677328316086,Tamil Nadu
4966,11.901617121608218,78.42254830868666,0.6998834498834499,Tamil Nadu
4967,11.8966154010309,78.4450777188155,0.5616748396831385,Tamil Nadu
4968,11.874187773429156,78.4293467955582,0.7815322850451656,Tamil Nadu
4969,11.89113211722326,78.4406219428855,0.6214046822742475,Tamil Nadu
4970,11.88574247848106,78.47734176593293,0.2944312796208531,Tamil Nadu
4971,11.887271791072225,78.45961002997723,0.7328316086547507,Tamil Nadu
4972,11.87984026075716,78.43945186254248,0.7736507936507937,Tamil Nadu
4973,11.897024542775643,78.48011046382022,0.8095412844036697,Tamil Nadu
4974,11.8870734732361,78.47563248020707,0.7220374584281464,Tamil Nadu
4975,11.90372611431363,78.46154351661599,0.7588512981904013,Tamil Nadu
4976,11.885996941333296,78.43636156255623,0.8208793197032749,Tamil Nadu
4977,11.86795783954627,78.44910534043593,0.413160733549083,Tamil Nadu
4978,11.888947607841326,78.44504113547973,0.7177914110429447,Tamil Nadu
4979,11.868406978888224,78.44396337110847,0.7660126947489901,Tamil Nadu
4980,11.887401655702044,78.4404912013971,0.7953836556456644,Tamil Nadu
4981,11.874705442909631,78.46303466441424,0.8023100303951368,Tamil Nadu
4982,11.891431004330672,78.45134057951068,0.8219467530638118,Tamil Nadu
4983,11.86312427437185,78.4814725054265,0.7787969659551949,Tamil Nadu
4984,11.861784607750012,78.44747784749735,0.7603540942143535,Tamil Nadu
4985,11.880337676149194,78.43388322432313,0.7612880644032202,Tamil Nadu
4986,11.864548333580691,78.43468476277181,0.6274802645615533,Tamil Nadu
4987,11.904291143780313,78.45304594526742,0.775438596491228,Tamil Nadu
4988,11.875133851009824,78.41641138909046,0.732258629752935,Tamil Nadu
4989,11.875124468710393,78.45435959320213,0.7504261847937266,Tamil Nadu
4990,11.877233039265343,78.44466618988307,0.7625350982751705,Tamil Nadu
4991,11.872075350536958,78.45192019087864,0.786648313833448,Tamil Nadu
4992,11.865322418571106,78.4825588392715,0.8158772515010007,Tamil Nadu
4993,11.900909674270377,78.44128877799835,0.7144600366076876,Tamil Nadu
4994,11.875506751507007,78.42163909593754,0.7842602981246994,Tamil Nadu
4995,11.880338049368625,78.47903273226989,0.7651821862348178,Tamil Nadu
4996,11.90362822698308,78.44838938638719,0.8415529905561385,Tamil Nadu
4997,11.896519558341364,78.41534092367554,0.7264549293188911,Tamil Nadu
4998,11.865189187191588,78.42436981072268,0.6754098360655738,Tamil Nadu
4999,11.882843965493343,78.45966964661108,0.6467040068935803,Tamil Nadu
