date,farm_id,district,latitude,longitude,altitude,rotun,plant_age,total_stalk,height_stalk,stalk_diameter,stalk_weight,temperature,presipitasi,relative_humidity,light_intensity,ndvi_s2,gndvi_s2,ndwi_s2,rvi_s2,dvi_s2,evi_s2,savi_s2,wdrvi_s2,ndvi_l9,gndvi_l9,ndwi_l9,rvi_l9,dvi_l9,evi_l9,savi_l9,wdrvi_l9,ndvi_fusion,gndvi_fusion,ndwi_fusion,rvi_fusion,dvi_fusion,evi_fusion,savi_fusion,wdrvi_fusion,yield_tons_per_hectare,temperature_humidity_interaction,water_stress_index,vegetation_health
2021-02-24,FARM0001,A,-7.505018,112.018029,306,1,56,11333,348.76,3.12,25.13,30.1,3.3,76.1,15.1,0.7399,0.6625,0.7185,6.6907,0.5215,0.7422,0.6493,0.1446,0.7346,0.6522,0.6894,6.5347,0.4884,0.6933,0.6289,0.133,0.7373,0.6573,0.704,6.6127,0.505,0.7178,0.6391,0.1388,115.49,2290.61,0.296,0.6973
2022-03-21,FARM0001,A,-7.505018,112.018029,306,2,48,10717,333.02,3.3,29.43,30.6,11.3,70.7,16.6,0.6967,0.6824,0.6688,5.5951,0.4894,0.702,0.6105,0.0562,0.6739,0.6438,0.6162,5.1339,0.4497,0.6614,0.5779,0.0132,0.6853,0.6631,0.6425,5.3645,0.4695,0.6817,0.5942,0.0347,115.45,2163.42,0.3575,0.6742
2023-06-14,FARM0001,A,-7.505018,112.018029,306,3,56,10114,331.58,3.15,41.76,30.1,1.1,75.9,13.7,0.71,0.6631,0.7022,5.8963,0.4746,0.693,0.6093,0.0823,0.7009,0.6431,0.6118,5.6868,0.4614,0.6729,0.5975,0.0643,0.7054,0.6531,0.657,5.7915,0.468,0.683,0.6034,0.0733,116.61,2284.59,0.343,0.67925
2024-08-07,FARM0001,A,-7.505018,112.018029,306,4,52,10497,276.99,2.45,18.6,26.3,4.7,81.2,16.1,0.7198,0.682,0.722,6.138,0.5185,0.7029,0.6373,0.1022,0.701,0.6823,0.6053,5.69,0.4477,0.6578,0.5898,0.0645,0.7104,0.6821,0.6637,5.914,0.4831,0.6803,0.6135,0.0834,113.85,2135.56,0.3363,0.69625
2021-01-25,FARM0002,A,-7.503585,112.010222,235,1,52,10101,347.52,2.72,21.05,27.8,7.3,88.1,14.1,0.7761,0.6953,0.7278,7.9325,0.5547,0.8298,0.685,0.2268,0.7382,0.669,0.7116,6.6382,0.504,0.7122,0.6392,0.1408,0.7571,0.6821,0.7197,7.2854,0.5294,0.771,0.6621,0.1838,115.27,2449.18,0.2803,0.7196
2022-02-19,FARM0002,A,-7.503585,112.010222,235,2,48,10837,307.2,3.11,25.13,31.3,0.6,76.9,15.5,0.7261,0.6881,0.6801,6.3027,0.5368,0.7686,0.6498,0.1153,0.7321,0.6922,0.6838,6.4643,0.4633,0.7349,0.6134,0.1277,0.7291,0.6901,0.682,6.3835,0.5001,0.7518,0.6316,0.1215,117.22,2406.97,0.3179999999999999,0.7096
2023-04-15,FARM0002,A,-7.503585,112.010222,235,3,52,10645,297.65,2.52,12.61,32.9,0.8,82.9,13.7,0.7401,0.646,0.7204,6.6942,0.5436,0.7525,0.6605,0.1449,0.675,0.6301,0.6519,5.1534,0.4444,0.6053,0.5754,0.0151,0.7075,0.638,0.6861,5.9238,0.494,0.6789,0.618,0.08,115.14,2727.41,0.3139,0.67275
2024-06-08,FARM0002,A,-7.503585,112.010222,235,4,52,9800,281.56,2.95,22.85,32.2,5.0,82.8,13.3,0.6697,0.6502,0.7085,5.0556,0.4702,0.6172,0.5867,0.0055,0.7925,0.7256,0.6732,8.6372,0.5361,0.8356,0.6835,0.2667,0.7311,0.6879,0.6909,6.8464,0.5032,0.7264,0.6351,0.1361,115.7,2666.16,0.3091,0.7095
2021-02-24,FARM0003,A,-7.511029,112.008487,597,1,56,11033,379.43,2.86,26.15,34.4,16.5,85.9,15.0,0.7259,0.7068,0.7252,6.2957,0.528,0.7818,0.6453,0.1147,0.6997,0.6964,0.5973,5.661,0.4466,0.6953,0.5886,0.062,0.7128,0.7016,0.6612,5.9784,0.4873,0.7386,0.6169,0.0884,112.77,2954.96,0.3388,0.7072
2022-03-21,FARM0003,A,-7.511029,112.008487,597,2,48,10098,354.74,3.3,30.13,32.1,8.3,86.9,16.7,0.7344,0.6396,0.7046,6.5308,0.4887,0.7398,0.629,0.1328,0.7459,0.6425,0.6528,6.8699,0.4866,0.7007,0.6334,0.1575,0.7401,0.6411,0.6787,6.7004,0.4877,0.7202,0.6312,0.1451,115.24,2789.49,0.3213,0.6906
2023-05-15,FARM0003,A,-7.511029,112.008487,597,3,52,10148,317.9,2.87,15.79,31.0,0.2,87.7,13.1,0.7311,0.6638,0.7252,6.4373,0.5303,0.7515,0.6492,0.1257,0.7138,0.6657,0.7222,5.987,0.5164,0.6849,0.6331,0.0898,0.7224,0.6648,0.7237,6.2122,0.5234,0.7182,0.6412,0.1078,114.2,2718.7,0.2763,0.6936
2024-06-08,FARM0003,A,-7.511029,112.008487,597,4,48,10773,298.86,2.3,17.12,32.7,2.4,76.5,16.2,0.7191,0.7054,0.6041,6.1202,0.4995,0.6931,0.6272,0.1007,0.7274,0.7071,0.7222,6.3369,0.5222,0.6988,0.6431,0.1179,0.7233,0.7063,0.6631,6.2286,0.5108,0.696,0.6352,0.1093,113.85,2501.55,0.3369,0.7148000000000001
2021-02-24,FARM0004,A,-7.498031,112.008584,687,1,56,10476,377.29,3.02,32.61,29.3,31.9,84.1,14.9,0.7066,0.6596,0.6802,5.8173,0.4801,0.6805,0.6106,0.0756,0.7194,0.668,0.7058,6.1273,0.4852,0.6602,0.6197,0.1013,0.713,0.6638,0.693,5.9723,0.4827,0.6703,0.6152,0.0884,116.64,2464.13,0.3070000000000001,0.6883999999999999
2022-03-21,FARM0004,A,-7.498031,112.008584,687,2,48,10197,377.98,3.59,58.63,30.7,27.5,86.4,15.5,0.7194,0.7144,0.7333,6.1286,0.5439,0.7352,0.6496,0.1014,0.7796,0.6686,0.6658,8.0735,0.5062,0.7757,0.6606,0.2351,0.7495,0.6915,0.6996,7.1011,0.5251,0.7554,0.6551,0.1683,114.47,2652.48,0.3004,0.7205
2023-05-15,FARM0004,A,-7.498031,112.008584,687,3,52,10489,347.4,2.69,31.66,30.3,0.6,85.0,16.2,0.7414,0.6996,0.7245,6.7354,0.5535,0.824,0.6661,0.1479,0.7119,0.7053,0.6693,5.9423,0.5157,0.7254,0.6318,0.0861,0.7267,0.7024,0.6969,6.3389,0.5346,0.7747,0.6489,0.117,114.17,2575.5,0.3031,0.71455
2024-08-07,FARM0004,A,-7.498031,112.008584,687,4,56,10296,295.74,2.98,26.97,25.8,2.0,75.9,14.3,0.7054,0.6575,0.7287,5.7882,0.5272,0.7552,0.6339,0.0731,0.7815,0.6807,0.6338,8.1525,0.5171,0.7961,0.6677,0.2397,0.7434,0.6691,0.6812,6.9703,0.5221,0.7757,0.6508,0.1564,114.31,1958.22,0.3188,0.70625
2021-02-24,FARM0005,A,-7.515317,111.98572,273,1,56,11150,359.56,3.27,26.53,31.3,27.6,88.9,16.9,0.7432,0.7239,0.6884,6.7894,0.5503,0.8259,0.6655,0.1518,0.6914,0.7209,0.7069,5.4814,0.4762,0.658,0.6009,0.0459,0.7173,0.7224,0.6977,6.1354,0.5132,0.7419,0.6332,0.0989,113.25,2782.57,0.3023,0.7198500000000001
2022-03-21,FARM0005,A,-7.515317,111.98572,273,2,48,10631,363.04,3.0,29.26,35.0,0.2,89.4,13.2,0.7308,0.6462,0.691,6.4288,0.5489,0.7358,0.6581,0.125,0.7442,0.6867,0.7179,6.8189,0.5291,0.774,0.6554,0.1539,0.7375,0.6664,0.7044,6.6238,0.539,0.7549,0.6567,0.1395,115.59,3129.0,0.2956,0.7019500000000001
2023-05-15,FARM0005,A,-7.515317,111.98572,273,3,52,10804,335.29,2.59,28.2,29.8,2.1,77.1,15.3,0.6585,0.6111,0.6619,4.8562,0.4588,0.6519,0.5751,-0.0146,0.6955,0.6589,0.6204,5.5675,0.4684,0.6331,0.5987,0.0537,0.677,0.635,0.6412,5.2118,0.4636,0.6425,0.5869,0.0196,114.62,2297.58,0.3588,0.656
2024-07-08,FARM0005,A,-7.515317,111.98572,273,4,52,10572,301.65,2.5,20.67,26.7,5.8,81.4,13.3,0.741,0.7017,0.6342,6.7212,0.4883,0.7207,0.632,0.1468,0.7116,0.6485,0.6617,5.9346,0.4934,0.7002,0.6202,0.0855,0.7263,0.6751,0.6479,6.3279,0.4909,0.7105,0.6261,0.1162,116.18,2173.38,0.3521,0.7007
2021-01-25,FARM0006,A,-7.504886,111.989643,656,1,52,9448,388.46,2.97,40.32,32.2,13.2,81.2,16.5,0.7546,0.7157,0.6636,7.1502,0.525,0.8319,0.6586,0.177,0.7721,0.7295,0.7185,7.7741,0.5319,0.7478,0.6711,0.2172,0.7633,0.7226,0.691,7.4621,0.5284,0.7899,0.6648,0.1971,114.71,2614.64,0.3090000000000001,0.74295
2022-04-20,FARM0006,A,-7.504886,111.989643,656,2,56,10135,356.03,3.3,42.79,34.8,4.8,71.3,13.2,0.7413,0.7073,0.7176,6.7317,0.5382,0.7961,0.6585,0.1476,0.7408,0.6793,0.6665,6.716,0.5053,0.7285,0.6412,0.1465,0.7411,0.6933,0.692,6.7238,0.5218,0.7623,0.6498,0.147,113.53,2481.24,0.3080000000000001,0.7172000000000001
2023-05-15,FARM0006,A,-7.504886,111.989643,656,3,48,9826,359.26,3.29,32.05,28.8,2.6,80.7,14.4,0.7683,0.7033,0.7333,7.6336,0.5649,0.8241,0.686,0.2085,0.7156,0.6837,0.7094,6.0312,0.4906,0.6674,0.6207,0.0935,0.742,0.6935,0.7213,6.8324,0.5277,0.7457,0.6533,0.151,117.24,2324.16,0.2786999999999999,0.71775
2024-08-07,FARM0006,A,-7.504886,111.989643,656,4,56,9050,333.97,2.94,27.42,26.1,6.1,85.0,13.1,0.7469,0.6974,0.6632,6.9027,0.5558,0.765,0.6701,0.1599,0.7155,0.6374,0.6771,6.0311,0.4657,0.6491,0.607,0.0935,0.7312,0.6674,0.6702,6.4669,0.5108,0.7071,0.6386,0.1267,113.77,2218.5,0.3298,0.6993
2021-02-24,FARM0007,A,-7.506283,111.998959,593,1,56,10559,378.75,2.97,28.46,31.2,50.0,82.1,13.9,0.7415,0.6816,0.706,6.7373,0.4941,0.7327,0.6354,0.148,0.7616,0.6375,0.6839,7.3895,0.4916,0.7178,0.6437,0.1929,0.7516,0.6595,0.6949,7.0634,0.4928,0.7253,0.6396,0.1704,113.22,2561.52,0.3051,0.70555
2022-04-20,FARM0007,A,-7.506283,111.998959,593,2,52,9335,388.09,3.16,33.13,33.2,1.1,85.4,13.7,0.7226,0.6671,0.7152,6.2089,0.5054,0.7199,0.632,0.1078,0.7611,0.6829,0.7058,7.3709,0.5195,0.7398,0.6589,0.1917,0.7418,0.675,0.7105,6.7899,0.5124,0.7298,0.6455,0.1498,115.15,2835.280000000001,0.2895,0.7084
2023-05-15,FARM0007,A,-7.506283,111.998959,593,3,48,9572,306.58,2.6,18.89,33.2,3.0,79.4,14.6,0.6754,0.639,0.7163,5.162,0.4877,0.7106,0.5986,0.0159,0.7016,0.7262,0.6683,5.7013,0.5056,0.6504,0.6213,0.0655,0.6885,0.6826,0.6923,5.4317,0.4966,0.6805,0.6099,0.0407,113.34,2636.08,0.3077,0.68555
2024-06-08,FARM0007,A,-7.506283,111.998959,593,4,48,9726,282.07,2.48,19.8,29.2,5.6,78.8,14.5,0.7401,0.6518,0.7208,6.6946,0.5242,0.7799,0.6508,0.1449,0.758,0.6946,0.6901,7.2637,0.5346,0.8209,0.6653,0.1846,0.749,0.6732,0.7054,6.9791,0.5294,0.8004,0.658,0.1647,113.24,2300.96,0.2946,0.7111000000000001
2021-01-25,FARM0008,A,-7.482407,112.005108,753,1,52,11292,394.45,3.42,50.0,30.0,23.2,72.1,15.1,0.7217,0.6608,0.6754,6.1852,0.5096,0.7452,0.6337,0.106,0.7441,0.6593,0.6806,6.8162,0.5023,0.696,0.6412,0.1537,0.7329,0.66,0.678,6.5007,0.5059,0.7206,0.6375,0.1298,115.46,2163.0,0.322,0.69645
2022-04-20,FARM0008,A,-7.482407,112.005108,753,2,56,11098,380.44,2.9,39.67,33.4,0.1,87.4,16.7,0.7062,0.6413,0.7247,5.8083,0.5186,0.7454,0.6303,0.0748,0.7275,0.6964,0.6306,6.3396,0.5034,0.7413,0.6335,0.1181,0.7169,0.6689,0.6776,6.0739,0.511,0.7433,0.6319,0.0965,116.96,2919.16,0.3224,0.6929000000000001
2023-07-14,FARM0008,A,-7.482407,112.005108,753,3,56,10417,307.73,2.67,18.04,26.2,4.5,74.1,16.2,0.7634,0.6879,0.6268,7.4538,0.5458,0.8699,0.6739,0.197,0.7359,0.6446,0.7087,6.5734,0.4973,0.7358,0.6345,0.136,0.7497,0.6662,0.6678,7.0136,0.5216,0.8028,0.6542,0.1665,115.36,1941.42,0.3322000000000001,0.7079500000000001
2024-09-06,FARM0008,A,-7.482407,112.005108,753,4,52,10911,335.86,2.78,17.64,21.3,1.8,71.7,17.0,0.7132,0.7159,0.7223,5.9743,0.5164,0.7597,0.6328,0.0888,0.776,0.7279,0.715,7.9278,0.5418,0.7605,0.6783,0.2265,0.7446,0.7219,0.7186,6.951,0.5291,0.7601,0.6555,0.1576,115.3,1527.21,0.2814,0.73325
2021-01-25,FARM0009,A,-7.517372,112.011021,374,1,52,11254,351.75,2.97,38.88,29.5,0.4,73.1,15.9,0.7738,0.7076,0.667,7.8424,0.5548,0.8181,0.6838,0.2213,0.7593,0.6325,0.6482,7.3077,0.4678,0.7102,0.6287,0.1875,0.7665,0.6701,0.6576,7.5751,0.5113,0.7641,0.6563,0.2044,113.82,2156.45,0.3424,0.7182999999999999
2022-03-21,FARM0009,A,-7.517372,112.011021,374,2,52,11103,376.06,2.93,24.6,30.4,3.8,70.5,13.7,0.7329,0.6448,0.7161,6.4869,0.5314,0.805,0.6507,0.1294,0.7383,0.6656,0.6654,6.6435,0.4808,0.7001,0.6265,0.1411,0.7356,0.6552,0.6908,6.5652,0.5061,0.7525,0.6386,0.1353,114.58,2143.2,0.3092,0.6954
2023-05-15,FARM0009,A,-7.517372,112.011021,374,3,52,10480,314.23,3.25,27.88,33.4,1.8,70.4,14.1,0.7112,0.6996,0.6369,5.9253,0.5188,0.7012,0.633,0.0847,0.744,0.7297,0.7222,6.8111,0.529,0.7327,0.6552,0.1533,0.7276,0.7147,0.6796,6.3682,0.5239,0.7169,0.6441,0.119,115.25,2351.36,0.3204,0.72115
2024-06-08,FARM0009,A,-7.517372,112.011021,374,4,48,10357,316.82,2.18,21.27,30.9,0.6,88.3,14.7,0.7158,0.7131,0.6441,6.0375,0.5076,0.7048,0.6297,0.094,0.707,0.692,0.6915,5.825,0.4542,0.658,0.5963,0.0762,0.7114,0.7025,0.6678,5.9312,0.4809,0.6814,0.613,0.0851,114.34,2728.47,0.3322000000000001,0.70695
2021-01-25,FARM0010,A,-7.491238,111.991885,426,1,52,9165,347.74,3.29,51.4,30.8,10.6,76.9,14.4,0.6992,0.6629,0.7188,5.6497,0.5031,0.7058,0.6188,0.061,0.7731,0.6195,0.6913,7.8149,0.4777,0.7163,0.641,0.2197,0.7362,0.6412,0.705,6.7323,0.4904,0.711,0.6299,0.1403,117.13,2368.52,0.295,0.6887
2022-02-19,FARM0010,A,-7.491238,111.991885,426,2,48,9228,351.23,3.01,41.29,32.6,50.0,88.1,15.6,0.7725,0.669,0.6813,7.7905,0.5573,0.7976,0.6844,0.2182,0.741,0.7011,0.7222,6.7222,0.5278,0.7318,0.6531,0.1469,0.7567,0.6851,0.7018,7.2563,0.5425,0.7647,0.6687,0.1825,116.06,2872.06,0.2982,0.7209000000000001
2023-05-15,FARM0010,A,-7.491238,111.991885,426,3,56,9388,295.79,3.36,23.2,32.5,1.5,81.2,14.9,0.7305,0.6935,0.6882,6.4223,0.5488,0.7659,0.6579,0.1245,0.7427,0.6837,0.707,6.7733,0.5285,0.7757,0.6543,0.1506,0.7366,0.6886,0.6976,6.5978,0.5386,0.7708,0.6561,0.1376,114.62,2639.0,0.3024,0.7126
2024-08-07,FARM0010,A,-7.491238,111.991885,426,4,56,9696,316.15,2.59,22.0,22.5,0.1,79.6,15.3,0.7232,0.7042,0.6733,6.2249,0.5012,0.7277,0.6302,0.1091,0.7947,0.6989,0.6508,8.7437,0.5431,0.8144,0.6884,0.2724,0.759,0.7015,0.6621,7.4843,0.5222,0.771,0.6593,0.1908,115.99,1791.0,0.3379,0.7302500000000001
2021-02-24,FARM0011,A,-7.496436,111.991091,784,1,56,9458,345.1,3.76,62.81,29.4,8.5,86.8,13.9,0.7692,0.729,0.7333,7.6639,0.5652,0.8324,0.6866,0.2104,0.715,0.6711,0.7222,6.0166,0.517,0.7194,0.634,0.0923,0.7421,0.7,0.7278,6.8402,0.5411,0.7759,0.6603,0.1513,115.12,2551.92,0.2722,0.72105
2022-05-20,FARM0011,A,-7.496436,111.991091,784,2,56,10707,339.32,3.61,43.41,33.7,6.5,79.1,14.6,0.7155,0.7088,0.7132,6.0292,0.4982,0.7665,0.6247,0.0933,0.6846,0.655,0.7028,5.3411,0.4656,0.6282,0.5918,0.033,0.7,0.6819,0.708,5.6852,0.4819,0.6973,0.6083,0.0632,112.72,2665.67,0.292,0.69095
2023-08-13,FARM0011,A,-7.496436,111.991091,784,3,56,10189,307.2,2.74,17.32,25.2,5.7,77.0,15.7,0.7471,0.6452,0.6649,6.9096,0.5359,0.8289,0.6604,0.1603,0.7111,0.6795,0.6783,5.9221,0.5153,0.732,0.6311,0.0844,0.7291,0.6623,0.6716,6.4159,0.5256,0.7805,0.6458,0.1224,116.16,1940.4,0.3284,0.6957
2024-11-05,FARM0011,A,-7.496436,111.991091,784,4,56,8918,338.02,2.45,14.53,25.9,29.4,80.1,13.0,0.7024,0.6226,0.7138,5.7195,0.494,0.7224,0.6158,0.0671,0.7364,0.6655,0.6607,6.5874,0.5118,0.6996,0.6424,0.137,0.7194,0.644,0.6872,6.1535,0.5029,0.711,0.6291,0.1021,115.19,2074.59,0.3128,0.6817
2021-01-25,FARM0012,A,-7.48148,111.993675,771,1,52,10681,368.53,2.63,22.5,32.9,50.0,85.0,13.5,0.7772,0.7298,0.6995,7.9748,0.5648,0.8386,0.6906,0.2293,0.7275,0.7025,0.6306,6.3396,0.5197,0.7063,0.6419,0.1181,0.7523,0.7161,0.665,7.1572,0.5423,0.7725,0.6663,0.1737,113.45,2796.5,0.335,0.7342
2022-04-20,FARM0012,A,-7.48148,111.993675,771,2,56,9927,355.72,2.51,24.44,32.3,9.5,78.4,15.6,0.7404,0.6279,0.621,6.703,0.5188,0.7681,0.6481,0.1455,0.7552,0.7211,0.6983,7.1697,0.4845,0.7629,0.6366,0.1783,0.7478,0.6745,0.6596,6.9363,0.5016,0.7655,0.6424,0.1619,116.68,2532.32,0.3404,0.71115
2023-07-14,FARM0012,A,-7.48148,111.993675,771,3,56,10011,328.47,2.96,36.54,24.1,8.4,82.3,16.2,0.759,0.7096,0.6976,7.2988,0.5335,0.8351,0.6652,0.1869,0.724,0.7163,0.697,6.2461,0.4704,0.7054,0.6137,0.1108,0.7415,0.713,0.6973,6.7725,0.5019,0.7702,0.6395,0.1489,114.79,1983.43,0.3027,0.72725
2024-08-07,FARM0012,A,-7.48148,111.993675,771,4,48,8998,324.42,2.95,37.12,26.3,4.6,72.9,13.4,0.7719,0.6803,0.715,7.7673,0.5464,0.8086,0.6785,0.2167,0.7031,0.7385,0.6483,5.737,0.5099,0.6916,0.6243,0.0686,0.7375,0.7094,0.6816,6.7521,0.5281,0.7501,0.6514,0.1427,113.08,1917.27,0.3184,0.72345
2021-01-25,FARM0013,A,-7.487019,111.994312,302,1,52,9335,344.48,2.72,26.78,30.3,20.4,87.4,15.9,0.7483,0.6611,0.6401,6.9461,0.5564,0.765,0.6712,0.1629,0.7055,0.6924,0.6954,5.7917,0.4921,0.6965,0.6164,0.0734,0.7269,0.6768,0.6678,6.3689,0.5242,0.7308,0.6438,0.1181,112.98,2648.22,0.3322000000000001,0.70185
2022-04-20,FARM0013,A,-7.487019,111.994312,302,2,56,10540,347.64,2.75,23.27,32.7,2.7,84.4,13.9,0.6905,0.6752,0.6718,5.4626,0.531,0.6829,0.6277,0.0442,0.7697,0.6902,0.6142,7.6829,0.476,0.7577,0.6384,0.2115,0.7301,0.6827,0.643,6.5727,0.5035,0.7203,0.633,0.1279,116.04,2759.880000000001,0.357,0.7063999999999999
2023-05-15,FARM0013,A,-7.487019,111.994312,302,3,48,8816,327.3,2.72,17.77,33.0,2.2,87.5,16.6,0.741,0.6638,0.7192,6.7218,0.5211,0.8254,0.6496,0.1469,0.7269,0.6693,0.6675,6.3225,0.507,0.6873,0.6351,0.1168,0.7339,0.6666,0.6933,6.5221,0.5141,0.7564,0.6424,0.1318,114.96,2887.5,0.3067,0.70025
2024-07-08,FARM0013,A,-7.487019,111.994312,302,4,52,10118,338.56,2.53,22.28,25.9,3.5,76.5,16.1,0.6615,0.663,0.7072,4.9084,0.4643,0.6215,0.5795,-0.0092,0.7197,0.6866,0.6952,6.1347,0.4662,0.7215,0.6093,0.1019,0.6906,0.6748,0.7012,5.5216,0.4652,0.6715,0.5944,0.0463,113.84,1981.35,0.2988,0.6827
2020-12-26,FARM0014,A,-7.495314,112.008271,775,1,48,10571,358.94,3.29,40.2,26.3,1.0,80.6,16.7,0.7423,0.6587,0.6979,6.7614,0.489,0.8161,0.633,0.1498,0.7836,0.7206,0.6222,8.2431,0.5191,0.8658,0.6698,0.2449,0.763,0.6896,0.6601,7.5022,0.5041,0.841,0.6514,0.1973,114.79,2119.78,0.3399,0.7263
2022-03-21,FARM0014,A,-7.495314,112.008271,775,2,56,10097,337.4,2.37,16.56,35.0,1.6,83.5,14.8,0.7637,0.6716,0.6329,7.4639,0.5629,0.8747,0.6825,0.1977,0.7425,0.6827,0.6939,6.7677,0.5184,0.7845,0.649,0.1502,0.7531,0.6771,0.6634,7.1158,0.5407,0.8296,0.6658,0.1739,112.84,2922.5,0.3366,0.7151000000000001
2023-04-15,FARM0014,A,-7.495314,112.008271,775,3,48,10270,343.57,3.08,34.52,33.5,1.3,87.3,17.0,0.7705,0.7052,0.6743,7.7164,0.5616,0.8035,0.6855,0.2136,0.7042,0.703,0.6485,5.7604,0.5095,0.7254,0.6246,0.0707,0.7374,0.7041,0.6614,6.7384,0.5356,0.7645,0.6551,0.1421,114.43,2924.55,0.3386,0.72075
2024-06-08,FARM0014,A,-7.495314,112.008271,775,4,52,10064,301.21,2.61,21.38,30.2,1.9,70.3,15.3,0.6947,0.6364,0.6653,5.5518,0.4811,0.6939,0.6052,0.0523,0.713,0.6609,0.7222,5.968,0.5161,0.733,0.6326,0.0883,0.7039,0.6487,0.6937,5.7599,0.4986,0.7135,0.6189,0.0703,113.39,2123.06,0.3063,0.6763
2021-02-24,FARM0015,A,-7.498935,111.989843,242,1,56,10369,322.46,2.92,33.79,34.7,7.1,72.0,14.9,0.734,0.6828,0.6699,6.5176,0.5043,0.7937,0.6372,0.1318,0.7163,0.656,0.702,6.0493,0.4767,0.671,0.6135,0.095,0.7251,0.6694,0.686,6.2834,0.4905,0.7323,0.6254,0.1134,115.83,2498.4,0.3139999999999999,0.6972499999999999
2022-04-20,FARM0015,A,-7.498935,111.989843,242,2,52,10790,352.13,2.81,26.13,33.0,0.1,82.7,16.8,0.6964,0.6463,0.7261,5.5881,0.5174,0.6879,0.6244,0.0555,0.7485,0.6589,0.7147,6.9538,0.5147,0.7956,0.6501,0.1634,0.7225,0.6526,0.7204,6.271,0.516,0.7417,0.6372,0.1095,113.79,2729.1,0.2796,0.68755
2023-05-15,FARM0015,A,-7.498935,111.989843,242,3,48,9562,351.17,3.18,37.07,30.1,6.7,79.5,15.1,0.7281,0.6867,0.6501,6.3557,0.4954,0.7194,0.6295,0.1194,0.7117,0.7193,0.6996,5.9371,0.4704,0.6514,0.6078,0.0857,0.7199,0.703,0.6748,6.1464,0.4829,0.6854,0.6186,0.1025,114.74,2392.95,0.3252,0.7114499999999999
2024-06-08,FARM0015,A,-7.498935,111.989843,242,4,48,10488,305.2,2.74,26.14,28.5,3.4,81.9,14.6,0.7323,0.659,0.6289,6.4719,0.513,0.7567,0.641,0.1283,0.7858,0.68,0.6896,8.3377,0.5342,0.7936,0.6792,0.2502,0.7591,0.6695,0.6592,7.4048,0.5236,0.7752,0.6601,0.1893,115.83,2334.15,0.3408,0.7142999999999999
2020-12-26,FARM0016,A,-7.510767,111.998274,541,1,48,10506,365.42,3.16,49.56,27.1,9.1,86.4,13.0,0.6684,0.669,0.7143,5.0322,0.4808,0.6482,0.5915,0.0032,0.795,0.6768,0.7222,8.7569,0.5492,0.8735,0.6918,0.2731,0.7317,0.6729,0.7183,6.8946,0.515,0.7608,0.6417,0.1382,113.88,2341.44,0.2817,0.7023
2022-03-21,FARM0016,A,-7.510767,111.998274,541,2,56,10732,344.63,3.36,23.93,30.4,45.6,81.1,14.2,0.7233,0.6619,0.6171,6.2285,0.5118,0.75,0.6357,0.1094,0.6863,0.6524,0.6271,5.3762,0.48,0.6313,0.6003,0.0363,0.7048,0.6572,0.6221,5.8024,0.4959,0.6907,0.618,0.0728,113.24,2465.44,0.3779,0.681
2023-05-15,FARM0016,A,-7.510767,111.998274,541,3,52,11166,342.66,3.3,39.78,29.7,3.9,76.9,16.9,0.6977,0.7152,0.6286,5.6165,0.5212,0.7478,0.6269,0.0581,0.724,0.66,0.6968,6.2462,0.4945,0.6811,0.627,0.1108,0.7109,0.6876,0.6627,5.9314,0.5078,0.7144,0.627,0.0844,114.39,2283.93,0.3373,0.6992499999999999
2024-06-08,FARM0016,A,-7.510767,111.998274,541,4,48,10488,310.44,2.48,15.96,28.6,6.3,70.0,13.1,0.739,0.6903,0.7261,6.6629,0.5357,0.7897,0.656,0.1426,0.7252,0.6473,0.6975,6.2783,0.4718,0.7113,0.6151,0.1133,0.7321,0.6688,0.7118,6.4706,0.5037,0.7505,0.6355,0.128,114.68,2002.0,0.2882,0.70045
2020-12-26,FARM0017,A,-7.513173,111.982985,355,1,48,10472,351.17,2.7,22.04,29.4,8.6,83.1,14.4,0.725,0.7065,0.617,6.2716,0.5233,0.745,0.6424,0.1128,0.7646,0.6821,0.6721,7.4962,0.4895,0.7951,0.644,0.1998,0.7448,0.6943,0.6446,6.8839,0.5064,0.77,0.6432,0.1563,115.55,2443.14,0.3554,0.71955
2022-01-20,FARM0017,A,-7.513173,111.982985,355,2,48,9201,359.97,2.49,14.42,29.7,5.1,73.0,13.5,0.7574,0.6751,0.6818,7.2432,0.5603,0.8588,0.6779,0.1832,0.7571,0.6572,0.7222,7.2349,0.5343,0.7404,0.6647,0.1827,0.7573,0.6662,0.702,7.2391,0.5473,0.7996,0.6713,0.1829,115.73,2168.1,0.298,0.71175
2023-02-14,FARM0017,A,-7.513173,111.982985,355,3,48,8917,321.96,2.62,20.33,30.8,9.9,74.5,16.6,0.6843,0.7102,0.6942,5.3345,0.4998,0.7309,0.6093,0.0324,0.7679,0.6394,0.624,7.6171,0.4733,0.7755,0.6359,0.2074,0.7261,0.6748,0.6591,6.4758,0.4865,0.7532,0.6226,0.1199,114.82,2294.6,0.3409,0.70045
2024-05-09,FARM0017,A,-7.513173,111.982985,355,4,56,9024,321.6,2.21,11.85,29.1,0.3,89.4,14.2,0.7207,0.6975,0.7322,6.162,0.5419,0.7302,0.6493,0.1041,0.7125,0.6772,0.7149,5.9563,0.5005,0.6998,0.6244,0.0873,0.7166,0.6874,0.7236,6.0591,0.5212,0.715,0.6368,0.0957,106.46,2601.54,0.2764,0.702
2021-02-24,FARM0018,A,-7.488051,111.991713,687,1,56,11080,357.34,2.72,25.54,31.4,2.9,75.5,16.7,0.7292,0.7277,0.6678,6.3861,0.5378,0.8206,0.6519,0.1217,0.6892,0.7014,0.6662,5.4358,0.4665,0.6551,0.5946,0.0418,0.7092,0.7145,0.667,5.911,0.5021,0.7378,0.6232,0.0817,113.53,2370.7,0.333,0.7118500000000001
2022-05-20,FARM0018,A,-7.488051,111.991713,687,2,56,9812,364.45,3.23,28.95,29.6,2.3,86.8,15.9,0.7153,0.6768,0.6785,6.0245,0.5206,0.7215,0.636,0.0929,0.706,0.6812,0.7179,5.8026,0.504,0.7129,0.6228,0.0743,0.7106,0.679,0.6982,5.9136,0.5123,0.7172,0.6294,0.0836,114.82,2569.28,0.3018,0.6948000000000001
2023-06-14,FARM0018,A,-7.488051,111.991713,687,3,48,10630,341.87,2.73,29.28,30.2,3.8,77.5,15.2,0.6906,0.6466,0.7232,5.4635,0.5085,0.7291,0.6169,0.0443,0.7194,0.68,0.6533,6.1283,0.5146,0.7365,0.6352,0.1014,0.705,0.6633,0.6882,5.7959,0.5116,0.7328,0.626,0.0728,113.27,2340.5,0.3118,0.68415
2024-09-06,FARM0018,A,-7.488051,111.991713,687,4,56,10538,326.09,2.4,16.81,21.4,0.7,77.8,14.6,0.7324,0.6689,0.7333,6.4738,0.5496,0.7411,0.6593,0.1285,0.7887,0.6958,0.6895,8.4631,0.5382,0.8367,0.6827,0.2572,0.7605,0.6824,0.7114,7.4685,0.5439,0.7889,0.671,0.1928,112.81,1664.92,0.2886,0.7214499999999999
2021-01-25,FARM0019,A,-7.507116,112.00546,410,1,52,10402,359.78,3.25,27.56,27.5,26.7,85.3,15.9,0.7469,0.654,0.7143,6.9007,0.513,0.7844,0.6483,0.1597,0.6947,0.6709,0.6336,5.5506,0.4989,0.693,0.6143,0.0522,0.7208,0.6624,0.6739,6.2256,0.506,0.7387,0.6313,0.1059,117.21,2345.75,0.3260999999999999,0.6916
2022-04-20,FARM0019,A,-7.507116,112.00546,410,2,56,10172,362.67,3.24,50.7,31.1,1.6,79.2,14.9,0.6785,0.6542,0.7197,5.2217,0.496,0.6884,0.6044,0.0217,0.7071,0.6729,0.7222,5.8284,0.5136,0.6562,0.6282,0.0765,0.6928,0.6636,0.721,5.525,0.5048,0.6723,0.6163,0.0491,113.74,2463.12,0.279,0.6781999999999999
2023-05-15,FARM0019,A,-7.507116,112.00546,410,3,48,10562,353.64,2.5,12.82,33.4,12.2,77.4,14.7,0.755,0.719,0.7333,7.1645,0.5593,0.8591,0.6761,0.1779,0.7337,0.7058,0.6583,6.5092,0.5095,0.7132,0.6398,0.1311,0.7443,0.7124,0.6958,6.8368,0.5344,0.7862,0.658,0.1545,116.07,2585.16,0.3042,0.72835
2024-08-07,FARM0019,A,-7.507116,112.00546,410,4,56,9963,299.69,2.79,30.25,22.9,4.3,73.8,14.4,0.672,0.6249,0.7146,5.0972,0.483,0.6382,0.5944,0.0096,0.7518,0.7348,0.6996,7.0572,0.5253,0.7824,0.6573,0.1706,0.7119,0.6799,0.7071,6.0772,0.5041,0.7103,0.6259,0.0901,117.21,1690.02,0.2929,0.6959
2021-01-25,FARM0020,A,-7.510904,111.996159,242,1,52,10939,363.18,3.03,42.31,31.0,13.0,71.2,15.1,0.7371,0.7285,0.7333,6.6077,0.5516,0.8168,0.6628,0.1385,0.7616,0.6915,0.6836,7.3884,0.4893,0.7866,0.6424,0.1928,0.7493,0.71,0.7084,6.998,0.5205,0.8017,0.6526,0.1656,116.75,2207.2,0.2916,0.7296499999999999
2022-03-21,FARM0020,A,-7.510904,111.996159,242,2,52,10621,361.73,3.08,25.34,32.9,1.8,83.1,16.3,0.6912,0.6288,0.6781,5.4766,0.497,0.6704,0.6116,0.0455,0.6966,0.6682,0.6376,5.5913,0.467,0.6724,0.5985,0.0558,0.6939,0.6485,0.6579,5.534,0.482,0.6714,0.605,0.0507,114.52,2733.99,0.3421,0.6712
2023-05-15,FARM0020,A,-7.510904,111.996159,242,3,52,10140,329.09,2.8,27.74,31.7,3.0,70.7,14.5,0.7016,0.7022,0.6264,5.7019,0.5304,0.7511,0.6335,0.0656,0.7849,0.6766,0.6333,8.2992,0.5453,0.8036,0.6846,0.2481,0.7433,0.6894,0.6299,7.0006,0.5379,0.7774,0.659,0.1568,116.04,2241.19,0.3701,0.71635
2024-07-08,FARM0020,A,-7.510904,111.996159,242,4,52,10091,357.49,2.72,26.32,25.6,1.6,89.5,14.3,0.6741,0.7034,0.6016,5.1371,0.4829,0.6883,0.5955,0.0135,0.7317,0.7161,0.6592,6.4538,0.5239,0.7122,0.6463,0.1269,0.7029,0.7097,0.6304,5.7955,0.5034,0.7002,0.6209,0.0702,116.75,2291.2,0.3696,0.7062999999999999
2021-01-25,FARM0021,A,-7.498983,111.989774,355,1,52,9229,369.19,3.18,45.04,28.6,0.5,84.8,13.4,0.7648,0.6507,0.6539,7.5043,0.5213,0.7805,0.6618,0.2003,0.7896,0.7389,0.6519,8.504,0.5471,0.8137,0.6879,0.2595,0.7772,0.6948,0.6529,8.0042,0.5342,0.7971,0.6749,0.2299,113.02,2425.28,0.3471,0.736
2022-02-19,FARM0021,A,-7.498983,111.989774,355,2,48,9937,373.1,3.34,52.06,32.8,13.6,72.2,14.8,0.6863,0.6697,0.6118,5.3763,0.5015,0.6802,0.6112,0.0363,0.7276,0.7147,0.6082,6.3413,0.4642,0.7226,0.6118,0.1183,0.707,0.6922,0.61,5.8588,0.4828,0.7014,0.6115,0.0773,113.99,2368.16,0.39,0.6996
2023-03-16,FARM0021,A,-7.498983,111.989774,355,3,48,8871,369.96,3.06,48.6,33.0,16.6,79.0,13.9,0.7511,0.6808,0.6588,7.0349,0.4993,0.7373,0.643,0.1691,0.6932,0.7188,0.6487,5.5193,0.4654,0.6339,0.596,0.0494,0.7222,0.6998,0.6538,6.2771,0.4823,0.6856,0.6195,0.1092,116.74,2607.0,0.3462,0.711
2024-05-09,FARM0021,A,-7.498983,111.989774,355,4,52,9739,320.16,2.85,24.9,32.9,1.0,74.4,15.0,0.7287,0.7281,0.7311,6.3732,0.5427,0.808,0.654,0.1207,0.7945,0.6807,0.6451,8.7317,0.549,0.7945,0.6914,0.2718,0.7616,0.7044,0.6881,7.5525,0.5459,0.8012,0.6727,0.1962,114.84,2447.76,0.3119,0.7330000000000001
2020-12-26,FARM0022,A,-7.514499,111.993633,605,1,48,9409,358.13,2.77,30.54,29.1,11.6,82.7,13.3,0.7261,0.6671,0.7124,6.3027,0.501,0.7048,0.6315,0.1153,0.6782,0.6922,0.7005,5.2147,0.4588,0.6329,0.585,0.021,0.7022,0.6797,0.7064,5.7587,0.4799,0.6688,0.6082,0.0681,113.65,2406.57,0.2936,0.69095
2022-01-20,FARM0022,A,-7.514499,111.993633,605,2,48,9730,309.1,2.61,15.69,29.8,5.7,88.6,14.6,0.6936,0.694,0.6672,5.5282,0.474,0.6756,0.6008,0.0502,0.7471,0.68,0.7222,6.9087,0.5303,0.8108,0.6575,0.1603,0.7204,0.687,0.6947,6.2185,0.5021,0.7432,0.6292,0.1052,113.96,2640.28,0.3053,0.7037
2023-02-14,FARM0022,A,-7.514499,111.993633,605,3,48,10020,328.46,3.2,38.68,33.4,0.0,82.7,13.2,0.757,0.6551,0.7125,7.2318,0.5134,0.8224,0.6536,0.1825,0.7352,0.6933,0.7052,6.554,0.4901,0.6881,0.6302,0.1345,0.7461,0.6742,0.7089,6.8929,0.5018,0.7553,0.6419,0.1585,113.07,2762.18,0.2911,0.7101500000000001
2024-05-09,FARM0022,A,-7.514499,111.993633,605,4,56,8669,349.73,2.76,27.43,32.6,6.8,84.5,13.5,0.7744,0.6853,0.7333,7.8638,0.5673,0.8156,0.6904,0.2226,0.7536,0.6835,0.7068,7.1173,0.5004,0.7613,0.6448,0.1747,0.764,0.6844,0.7201,7.4905,0.5339,0.7885,0.6676,0.1987,113.27,2754.7,0.2799,0.7242
2021-02-24,FARM0023,A,-7.497654,111.993727,478,1,56,10728,345.47,3.33,54.66,31.6,6.3,81.6,14.5,0.7068,0.6633,0.7261,5.8223,0.5219,0.7168,0.6322,0.076,0.7702,0.6455,0.7072,7.7018,0.5073,0.7643,0.6568,0.2127,0.7385,0.6544,0.7166,6.762,0.5146,0.7406,0.6445,0.1443,115.63,2578.56,0.2834,0.69645
2022-05-20,FARM0023,A,-7.497654,111.993727,478,2,56,10080,318.88,2.86,27.51,31.1,3.8,72.8,14.9,0.7022,0.6104,0.7027,5.7151,0.4725,0.6898,0.6043,0.0667,0.7279,0.6985,0.6308,6.3505,0.4576,0.6533,0.6081,0.119,0.715,0.6545,0.6668,6.0328,0.4651,0.6716,0.6062,0.0929,114.81,2264.08,0.3332000000000001,0.68475
2023-07-14,FARM0023,A,-7.497654,111.993727,478,3,52,9356,344.8,2.7,25.34,27.6,0.5,70.6,16.9,0.689,0.6892,0.7324,5.4306,0.5281,0.7069,0.6255,0.0413,0.6901,0.6883,0.6504,5.4537,0.4611,0.6782,0.5921,0.0434,0.6895,0.6888,0.6914,5.4422,0.4946,0.6926,0.6088,0.0423,115.82,1948.56,0.3086,0.6891499999999999
2024-08-07,FARM0023,A,-7.497654,111.993727,478,4,48,8970,332.23,2.4,24.35,26.7,4.4,76.0,14.3,0.7366,0.668,0.6459,6.5942,0.5508,0.7518,0.6622,0.1375,0.7037,0.7302,0.6904,5.7499,0.5048,0.6952,0.622,0.0698,0.7202,0.6991,0.6681,6.1721,0.5278,0.7235,0.6421,0.1036,114.33,2029.2,0.3319,0.70965
2020-12-26,FARM0024,A,-7.501661,111.981519,594,1,48,10032,333.77,3.6,31.79,27.6,12.2,81.3,14.8,0.6876,0.6927,0.6311,5.4011,0.5138,0.7165,0.6179,0.0386,0.7394,0.6739,0.6448,6.6744,0.4979,0.7413,0.6365,0.1434,0.7135,0.6833,0.638,6.0377,0.5058,0.7289,0.6272,0.091,112.97,2243.88,0.362,0.6984
2022-01-20,FARM0024,A,-7.501661,111.981519,594,2,48,9605,363.98,2.83,30.26,26.8,10.7,83.8,15.9,0.7644,0.7019,0.6485,7.4874,0.5539,0.8165,0.6784,0.1992,0.7573,0.6314,0.6048,7.2407,0.4894,0.7047,0.6405,0.1831,0.7608,0.6667,0.6266,7.364,0.5217,0.7606,0.6594,0.1911,115.81,2245.84,0.3734,0.71375
2023-02-14,FARM0024,A,-7.501661,111.981519,594,3,48,10575,285.18,3.21,34.25,32.4,24.0,86.9,15.5,0.7066,0.6976,0.6843,5.8174,0.4794,0.7011,0.6102,0.0756,0.7337,0.7054,0.6007,6.5108,0.4626,0.7374,0.6138,0.1313,0.7202,0.7015,0.6425,6.1641,0.471,0.7193,0.612,0.1034,113.05,2815.56,0.3575,0.71085
2024-05-09,FARM0024,A,-7.501661,111.981519,594,4,56,9019,318.86,2.29,13.96,33.7,8.7,78.1,16.6,0.7175,0.6934,0.6043,6.0788,0.5031,0.7498,0.6282,0.0974,0.7537,0.6763,0.6391,7.1205,0.516,0.7254,0.6534,0.175,0.7356,0.6848,0.6217,6.5997,0.5096,0.7376,0.6408,0.1362,115.01,2631.97,0.3783,0.7101999999999999
2021-01-25,FARM0025,A,-7.502026,112.003435,655,1,52,10670,346.24,2.95,38.49,32.4,28.6,84.4,14.1,0.7577,0.7003,0.6486,7.2553,0.5261,0.8412,0.6608,0.184,0.6999,0.682,0.714,5.6634,0.4935,0.6745,0.6142,0.0622,0.7288,0.6911,0.6813,6.4593,0.5098,0.7578,0.6375,0.1231,116.69,2734.56,0.3187,0.7099500000000001
2022-03-21,FARM0025,A,-7.502026,112.003435,655,2,52,10359,370.88,2.89,30.04,35.0,30.7,83.5,13.6,0.6762,0.6946,0.7124,5.1767,0.4804,0.6499,0.5953,0.0174,0.6987,0.7155,0.6831,5.6386,0.4999,0.6765,0.6169,0.06,0.6875,0.7051,0.6978,5.4076,0.4901,0.6632,0.6061,0.0387,117.3,2922.5,0.3022,0.6962999999999999
2023-04-15,FARM0025,A,-7.502026,112.003435,655,3,48,10364,325.07,3.0,21.51,35.0,0.7,81.0,14.7,0.7425,0.6529,0.6733,6.7685,0.5471,0.8182,0.6635,0.1503,0.7217,0.7428,0.6419,6.1863,0.5195,0.709,0.6388,0.106,0.7321,0.6979,0.6576,6.4774,0.5333,0.7636,0.6512,0.1282,117.18,2835.0,0.3424,0.715
2024-05-09,FARM0025,A,-7.502026,112.003435,655,4,48,9570,313.72,2.82,19.38,30.5,6.0,70.3,14.5,0.764,0.7038,0.6812,7.4745,0.523,0.8069,0.6623,0.1984,0.7283,0.6721,0.6999,6.3617,0.4892,0.6699,0.6263,0.1199,0.7462,0.6879,0.6905,6.9181,0.5061,0.7384,0.6443,0.1591,117.13,2144.15,0.3095,0.71705
2021-01-25,FARM0026,A,-7.499239,112.007102,318,1,52,11704,332.79,3.13,24.62,30.2,7.1,77.4,13.0,0.7,0.6239,0.7143,5.6678,0.4941,0.7399,0.6147,0.0626,0.7191,0.6729,0.7222,6.1187,0.5187,0.7105,0.637,0.1006,0.7096,0.6484,0.7182,5.8933,0.5064,0.7252,0.6258,0.0816,113.75,2337.48,0.2818000000000001,0.679
2022-03-21,FARM0026,A,-7.499239,112.007102,318,2,52,11208,342.69,2.71,40.14,33.2,50.0,71.5,14.5,0.7418,0.6974,0.6296,6.7462,0.5047,0.7864,0.6414,0.1487,0.7747,0.66,0.7134,7.8788,0.522,0.8105,0.6671,0.2235,0.7583,0.6787,0.6715,7.3125,0.5133,0.7984,0.6542,0.1861,115.8,2373.8,0.3285,0.7184999999999999
2023-06-14,FARM0026,A,-7.499239,112.007102,318,3,56,10811,338.95,2.9,22.2,29.5,0.9,70.9,14.7,0.6892,0.6804,0.6057,5.4344,0.4897,0.7313,0.6068,0.0416,0.6979,0.6666,0.7151,5.6193,0.4949,0.6792,0.614,0.0583,0.6935,0.6735,0.6604,5.5269,0.4923,0.7052,0.6104,0.05,116.67,2091.55,0.3396,0.6835
2024-07-08,FARM0026,A,-7.499239,112.007102,318,4,48,10778,299.25,2.96,23.86,27.3,1.7,89.1,15.1,0.715,0.6246,0.7109,6.0179,0.4936,0.6981,0.622,0.0924,0.7693,0.6293,0.6881,7.6707,0.4707,0.7846,0.6351,0.2108,0.7422,0.6269,0.6995,6.8443,0.4821,0.7413,0.6285,0.1516,115.91,2432.43,0.3005,0.68455
2021-02-24,FARM0027,A,-7.504192,112.018116,446,1,56,10351,357.12,3.6,64.23,31.3,13.2,86.1,13.2,0.7636,0.687,0.7333,7.4614,0.5629,0.8709,0.6825,0.1975,0.7353,0.6356,0.6185,6.5565,0.4785,0.6716,0.6237,0.1347,0.7495,0.6613,0.6759,7.0089,0.5207,0.7712,0.6531,0.1661,115.06,2694.93,0.3241000000000001,0.7054
2022-05-20,FARM0027,A,-7.504192,112.018116,446,2,56,10291,293.41,2.61,18.41,31.8,1.8,86.9,16.6,0.6906,0.7308,0.6611,5.4633,0.531,0.7376,0.6277,0.0443,0.6774,0.7088,0.6983,5.1996,0.4546,0.646,0.5823,0.0196,0.684,0.7198,0.6797,5.3315,0.4928,0.6918,0.605,0.0319,114.68,2763.42,0.3203,0.7019
2023-08-13,FARM0027,A,-7.504192,112.018116,446,3,56,9929,320.2,2.97,30.58,24.2,5.0,79.5,15.0,0.7014,0.6921,0.617,5.697,0.4868,0.6904,0.6115,0.0652,0.77,0.7161,0.6833,7.6971,0.4879,0.8207,0.6456,0.2124,0.7357,0.7041,0.6502,6.6971,0.4873,0.7556,0.6286,0.1388,116.54,1923.9,0.3498,0.7199
2024-09-06,FARM0027,A,-7.504192,112.018116,446,4,48,10086,317.37,2.69,28.05,21.0,0.5,85.3,13.0,0.7168,0.7137,0.719,6.062,0.5108,0.7867,0.6318,0.096,0.7482,0.7037,0.6499,6.943,0.4883,0.6924,0.6354,0.1627,0.7325,0.7087,0.6844,6.5025,0.4995,0.7395,0.6336,0.1293,117.15,1791.3,0.3156,0.7206
2021-02-24,FARM0028,A,-7.511028,112.006522,368,1,56,9510,343.71,3.67,37.87,31.3,8.8,85.1,13.1,0.7113,0.687,0.6799,5.9273,0.4962,0.7363,0.6215,0.0849,0.6844,0.6665,0.6813,5.3365,0.4682,0.6178,0.5931,0.0326,0.6978,0.6768,0.6806,5.6319,0.4822,0.677,0.6073,0.0587,113.49,2663.63,0.3194,0.6873
2022-03-21,FARM0028,A,-7.511028,112.006522,368,2,48,9590,338.27,2.77,28.53,32.0,0.5,71.0,13.6,0.6945,0.6953,0.6316,5.547,0.4847,0.6625,0.607,0.0519,0.7483,0.6886,0.708,6.9453,0.5197,0.7376,0.6526,0.1628,0.7214,0.6919,0.6698,6.2461,0.5022,0.7001,0.6298,0.1074,115.03,2272.0,0.3302,0.70665
2023-05-15,FARM0028,A,-7.511028,112.006522,368,3,52,9268,316.58,2.64,28.41,33.6,2.6,89.3,13.2,0.7018,0.6437,0.6404,5.7062,0.5117,0.6887,0.6245,0.066,0.7479,0.7241,0.7123,6.9329,0.5094,0.7882,0.6469,0.162,0.7248,0.6839,0.6764,6.3195,0.5106,0.7385,0.6357,0.114,116.71,3000.48,0.3236,0.70435
2024-08-07,FARM0028,A,-7.511028,112.006522,368,4,56,9010,325.57,2.93,35.15,22.3,2.6,75.8,14.2,0.7047,0.6845,0.6964,5.7729,0.5004,0.7383,0.6203,0.0717,0.6873,0.6871,0.6451,5.3955,0.4455,0.6337,0.582,0.038,0.696,0.6858,0.6707,5.5842,0.473,0.686,0.6011,0.0549,114.23,1690.34,0.3293,0.6909
2021-02-24,FARM0029,A,-7.517737,111.994957,651,1,56,9502,343.36,3.3,31.55,29.5,12.1,73.6,16.9,0.7162,0.6356,0.6828,6.0465,0.4852,0.7466,0.6181,0.0947,0.7399,0.7021,0.694,6.6894,0.4887,0.7007,0.6317,0.1445,0.728,0.6689,0.6884,6.3679,0.487,0.7236,0.6249,0.1196,115.72,2171.2,0.3116,0.69845
2022-04-20,FARM0029,A,-7.517737,111.994957,651,2,52,9239,337.36,2.86,22.39,33.6,1.0,70.3,16.9,0.6951,0.6454,0.7076,5.5594,0.488,0.7073,0.609,0.053,0.7159,0.6396,0.7002,6.0391,0.4732,0.7314,0.6114,0.0941,0.7055,0.6425,0.7039,5.7993,0.4806,0.7193,0.6102,0.0736,113.41,2362.08,0.2961,0.6739999999999999
2023-07-14,FARM0029,A,-7.517737,111.994957,651,3,56,10222,355.12,2.7,28.35,27.4,1.0,79.0,16.8,0.686,0.7002,0.6086,5.3692,0.4963,0.7029,0.6085,0.0356,0.7733,0.6735,0.6361,7.8227,0.4799,0.7265,0.6424,0.2201,0.7297,0.6869,0.6223,6.596,0.4881,0.7147,0.6254,0.1279,113.89,2164.6,0.3777,0.7082999999999999
2024-08-07,FARM0029,A,-7.517737,111.994957,651,4,48,9060,307.16,2.85,25.59,23.2,6.9,84.8,13.1,0.7408,0.6859,0.7122,6.7155,0.5063,0.7464,0.6417,0.1464,0.7101,0.6736,0.7084,5.8997,0.4866,0.703,0.6158,0.0825,0.7255,0.6797,0.7103,6.3076,0.4964,0.7247,0.6288,0.1145,117.08,1967.36,0.2897,0.7026
2021-01-25,FARM0030,A,-7.48646,112.012204,474,1,52,10573,389.22,3.37,32.4,30.3,5.2,77.4,16.6,0.7019,0.6869,0.7285,5.7101,0.5252,0.7339,0.6311,0.0663,0.7503,0.7001,0.6367,7.0094,0.5234,0.7757,0.6556,0.1673,0.7261,0.6935,0.6826,6.3597,0.5243,0.7548,0.6434,0.1168,112.8,2345.22,0.3174,0.7098
2022-03-21,FARM0030,A,-7.48646,112.012204,474,2,52,10222,347.73,2.56,18.34,35.0,2.0,80.3,16.1,0.7108,0.6692,0.7078,5.916,0.5401,0.7724,0.6431,0.0839,0.7963,0.66,0.7016,8.817,0.5497,0.8368,0.6927,0.2763,0.7535,0.6646,0.7047,7.3665,0.5449,0.8046,0.6679,0.1801,113.87,2810.5,0.2953,0.70905
2023-04-15,FARM0030,A,-7.48646,112.012204,474,3,48,11089,321.84,3.03,38.19,31.5,0.9,76.4,16.6,0.6725,0.6705,0.6198,5.106,0.4646,0.6583,0.5852,0.0105,0.7619,0.7022,0.7222,7.3993,0.5362,0.7751,0.6681,0.1935,0.7172,0.6864,0.671,6.2526,0.5004,0.7167,0.6267,0.102,114.59,2406.6,0.329,0.7018
2024-06-08,FARM0030,A,-7.48646,112.012204,474,4,52,10922,289.31,2.31,17.88,27.4,0.1,73.3,16.6,0.7264,0.7016,0.6725,6.3093,0.5,0.7208,0.6311,0.1158,0.7655,0.7336,0.7146,7.5272,0.521,0.7699,0.6619,0.2017,0.7459,0.7176,0.6935,6.9182,0.5105,0.7453,0.6465,0.1588,113.71,2008.42,0.3065,0.73175
2021-02-24,FARM0031,A,-7.481605,112.004652,708,1,56,9330,376.72,2.85,31.65,29.8,15.4,72.3,14.3,0.6888,0.6874,0.6074,5.426,0.4766,0.6742,0.5998,0.0409,0.7224,0.6799,0.6341,6.2055,0.4701,0.6536,0.6128,0.1076,0.7056,0.6837,0.6208,5.8157,0.4734,0.6639,0.6063,0.0742,115.28,2154.54,0.3792,0.69465
2022-03-21,FARM0031,A,-7.481605,112.004652,708,2,48,9352,365.93,3.21,44.92,30.7,5.5,80.6,15.0,0.7422,0.6897,0.7135,6.758,0.5538,0.7488,0.6666,0.1495,0.7909,0.7132,0.7162,8.5638,0.5342,0.7941,0.6817,0.2627,0.7665,0.7015,0.7149,7.6609,0.544,0.7714,0.6741,0.2061,114.9,2474.42,0.2851,0.734
2023-06-14,FARM0031,A,-7.481605,112.004652,708,3,56,8922,348.01,2.98,31.14,32.1,0.1,78.9,13.3,0.7207,0.6674,0.7172,6.162,0.5386,0.744,0.6477,0.1041,0.7327,0.6213,0.6189,6.4827,0.4605,0.6922,0.6121,0.1291,0.7267,0.6444,0.6681,6.3224,0.4996,0.7181,0.6299,0.1166,115.61,2532.690000000001,0.3319,0.68555
2024-08-07,FARM0031,A,-7.481605,112.004652,708,4,52,8855,267.43,2.69,20.05,26.5,0.0,74.1,15.9,0.7022,0.6848,0.7178,5.7152,0.5022,0.7034,0.6199,0.0667,0.7145,0.6811,0.6271,6.0056,0.4716,0.7116,0.6098,0.0914,0.7083,0.683,0.6724,5.8604,0.4869,0.7075,0.6148,0.0791,115.19,1963.65,0.3276,0.6956500000000001
2021-02-24,FARM0032,A,-7.489669,111.992276,644,1,56,10329,372.1,3.37,48.55,31.7,9.9,89.2,14.7,0.721,0.6656,0.7241,6.1673,0.5236,0.7748,0.6405,0.1045,0.7039,0.6905,0.6731,5.754,0.4898,0.6625,0.6144,0.0701,0.7124,0.6781,0.6986,5.9607,0.5067,0.7186,0.6274,0.0873,114.82,2827.64,0.3014,0.69525
2022-05-20,FARM0032,A,-7.489669,111.992276,644,2,56,9901,362.33,2.94,23.8,33.7,5.7,82.6,16.4,0.7394,0.7143,0.6627,6.6733,0.5512,0.7917,0.6638,0.1433,0.7158,0.7231,0.6428,6.0374,0.487,0.7181,0.6189,0.094,0.7276,0.7187,0.6528,6.3554,0.5191,0.7549,0.6413,0.1187,115.95,2783.62,0.3472,0.72315
2023-07-14,FARM0032,A,-7.489669,111.992276,644,3,52,9550,351.02,3.14,35.09,25.8,1.3,89.2,16.6,0.7421,0.7321,0.7291,6.7539,0.5538,0.7547,0.6665,0.1492,0.7691,0.6209,0.6883,7.6617,0.4709,0.7813,0.635,0.2102,0.7556,0.6765,0.7087,7.2078,0.5123,0.768,0.6508,0.1797,112.72,2301.36,0.2913,0.7160500000000001
2024-10-06,FARM0032,A,-7.489669,111.992276,644,4,56,9893,292.17,2.36,18.33,23.5,2.8,87.4,14.5,0.7057,0.6578,0.6908,5.7967,0.5024,0.7157,0.6218,0.0738,0.699,0.6892,0.6969,5.6435,0.485,0.7113,0.6093,0.0605,0.7023,0.6735,0.6939,5.7201,0.4937,0.7135,0.6156,0.0671,117.07,2053.9,0.3061,0.6879
2020-12-26,FARM0033,A,-7.486687,111.994497,670,1,48,10668,367.23,2.87,32.8,27.4,18.2,86.7,13.7,0.6745,0.6427,0.6097,5.1448,0.4608,0.675,0.5842,0.0143,0.7023,0.6953,0.7222,5.7176,0.5116,0.6873,0.6247,0.067,0.6884,0.669,0.666,5.4312,0.4862,0.6812,0.6044,0.0406,113.97,2375.58,0.334,0.6787000000000001
2022-02-19,FARM0033,A,-7.486687,111.994497,670,2,52,11441,332.9,3.13,23.25,30.3,19.4,81.9,15.0,0.7165,0.6993,0.6416,6.0556,0.5427,0.7801,0.6474,0.0955,0.7525,0.697,0.6624,7.0816,0.4745,0.7579,0.6296,0.1723,0.7345,0.6982,0.652,6.5686,0.5086,0.769,0.6385,0.1339,115.55,2481.57,0.348,0.71635
2023-05-15,FARM0033,A,-7.486687,111.994497,670,3,56,10268,319.24,2.7,23.08,32.0,5.1,78.3,13.7,0.765,0.6353,0.696,7.5113,0.5353,0.7785,0.6693,0.2007,0.6885,0.7197,0.7114,5.4198,0.4836,0.6284,0.6033,0.0403,0.7267,0.6775,0.7037,6.4655,0.5094,0.7035,0.6363,0.1205,115.6,2505.6,0.2963,0.7021
2024-06-08,FARM0033,A,-7.486687,111.994497,670,4,48,10305,277.53,2.53,16.67,31.5,0.3,89.7,14.1,0.6734,0.6377,0.7058,5.1237,0.4667,0.6686,0.5868,0.0122,0.7062,0.7039,0.7092,5.8075,0.4866,0.6666,0.6139,0.0747,0.6898,0.6708,0.7075,5.4656,0.4767,0.6676,0.6003,0.0435,113.5,2825.55,0.2925,0.6802999999999999
2021-01-25,FARM0034,A,-7.484984,111.99767,689,1,52,10600,342.58,3.23,33.17,30.5,23.9,88.8,13.1,0.7259,0.6627,0.6586,6.2961,0.5234,0.7633,0.643,0.1147,0.7805,0.6648,0.6719,8.112,0.5311,0.7692,0.6749,0.2373,0.7532,0.6637,0.6652,7.2041,0.5273,0.7663,0.6589,0.176,116.86,2708.4,0.3348,0.70845
2022-02-19,FARM0034,A,-7.484984,111.99767,689,2,48,10459,367.58,3.08,48.74,33.2,5.4,72.6,16.4,0.6741,0.6612,0.6075,5.1373,0.4724,0.6542,0.5901,0.0135,0.7316,0.6847,0.6554,6.4513,0.5073,0.7144,0.6376,0.1267,0.7029,0.673,0.6314,5.7943,0.4898,0.6843,0.6139,0.0701,113.86,2410.32,0.3686,0.6879500000000001
2023-04-15,FARM0034,A,-7.484984,111.99767,689,3,52,9785,347.7,2.94,26.25,33.0,2.4,81.8,16.0,0.7175,0.7219,0.7269,6.0796,0.5283,0.7352,0.641,0.0974,0.7201,0.7051,0.6999,6.1464,0.4744,0.6763,0.6141,0.1029,0.7188,0.7135,0.7134,6.113,0.5014,0.7057,0.6275,0.1001,116.31,2699.4,0.2866,0.7161500000000001
2024-05-09,FARM0034,A,-7.484984,111.99767,689,4,48,10438,317.53,2.31,18.24,31.3,5.8,73.4,13.1,0.7263,0.6612,0.6084,6.3071,0.4968,0.7579,0.6294,0.1156,0.7355,0.7306,0.6896,6.5628,0.5009,0.6868,0.6362,0.1352,0.7309,0.6959,0.649,6.4349,0.4989,0.7224,0.6328,0.1254,114.72,2297.42,0.351,0.7134
2020-12-26,FARM0035,A,-7.486433,111.986427,297,1,48,10042,342.06,2.95,27.98,26.1,18.7,81.3,16.7,0.7609,0.716,0.6782,7.3655,0.5261,0.8521,0.6624,0.1913,0.7722,0.7122,0.6362,7.7796,0.5381,0.7529,0.6744,0.2175,0.7666,0.7141,0.6572,7.5726,0.5321,0.8025,0.6684,0.2044,113.92,2121.93,0.3428,0.74035
2022-01-20,FARM0035,A,-7.486433,111.986427,297,2,48,9969,352.56,3.22,45.79,32.5,0.2,84.3,15.8,0.6818,0.6979,0.7269,5.2863,0.5127,0.6751,0.6143,0.0278,0.758,0.6985,0.6235,7.2634,0.5038,0.7976,0.6489,0.1846,0.7199,0.6982,0.6752,6.2749,0.5083,0.7364,0.6316,0.1062,113.55,2739.75,0.3248,0.70905
2023-03-16,FARM0035,A,-7.486433,111.986427,297,3,52,9640,301.52,2.5,16.02,30.9,0.1,71.2,16.6,0.7494,0.7113,0.7278,6.9813,0.5438,0.7818,0.6655,0.1654,0.719,0.7021,0.7222,6.1163,0.5186,0.7479,0.6369,0.1004,0.7342,0.7067,0.725,6.5488,0.5312,0.7648,0.6512,0.1329,114.34,2200.08,0.275,0.72045
2024-06-08,FARM0035,A,-7.486433,111.986427,297,4,56,9697,306.3,2.26,12.11,27.6,4.4,80.6,14.2,0.7413,0.6667,0.7219,6.7315,0.5273,0.776,0.653,0.1476,0.7145,0.6279,0.6395,6.0049,0.4598,0.6662,0.6031,0.0913,0.7279,0.6473,0.6807,6.3682,0.4935,0.7211,0.628,0.1195,108.58,2224.56,0.3193,0.6876
2021-02-24,FARM0036,A,-7.482738,112.012839,391,1,56,9339,358.11,2.96,22.75,32.6,22.2,70.6,15.6,0.7621,0.7072,0.7217,7.4079,0.5391,0.8293,0.6698,0.1941,0.7157,0.6548,0.6361,6.0341,0.5173,0.6885,0.6345,0.0937,0.7389,0.681,0.6789,6.721,0.5282,0.7589,0.6521,0.1439,112.93,2301.56,0.3211000000000001,0.7099500000000001
2022-03-21,FARM0036,A,-7.482738,112.012839,391,2,48,9834,325.39,2.78,28.16,32.8,7.1,77.3,16.2,0.7443,0.7072,0.6825,6.8221,0.5145,0.7781,0.6478,0.1541,0.7743,0.7098,0.6585,7.8631,0.5412,0.8397,0.6771,0.2226,0.7593,0.7085,0.6705,7.3426,0.5278,0.8089,0.6625,0.1884,114.47,2535.44,0.3295,0.7339
2023-04-15,FARM0036,A,-7.482738,112.012839,391,3,48,9153,320.82,2.41,19.52,32.3,0.6,83.1,16.9,0.7044,0.7181,0.7246,5.7668,0.5176,0.7154,0.6288,0.0712,0.6966,0.6755,0.7148,5.5913,0.4937,0.6398,0.6127,0.0558,0.7005,0.6968,0.7197,5.679,0.5057,0.6776,0.6207,0.0635,116.53,2684.13,0.2803,0.69865
2024-05-09,FARM0036,A,-7.482738,112.012839,391,4,48,8920,286.8,2.12,12.22,31.3,0.7,73.1,16.3,0.7116,0.6865,0.6567,5.9337,0.4774,0.7545,0.6116,0.0854,0.7242,0.6505,0.6984,6.2503,0.473,0.7446,0.6153,0.1111,0.7179,0.6685,0.6775,6.092,0.4752,0.7496,0.6134,0.0983,97.38,2288.03,0.3225,0.6932
2021-01-25,FARM0037,A,-7.482628,112.016657,324,1,52,10856,365.11,3.57,39.22,29.7,7.9,88.3,14.0,0.7348,0.6871,0.6881,6.5418,0.5506,0.764,0.6611,0.1336,0.7778,0.7004,0.6105,7.9994,0.501,0.7365,0.6568,0.2307,0.7563,0.6937,0.6493,7.2706,0.5258,0.7503,0.6589,0.1822,116.05,2622.51,0.3507,0.725
2022-02-19,FARM0037,A,-7.482628,112.016657,324,2,48,10174,360.18,3.44,49.38,32.4,17.8,83.8,13.5,0.7633,0.6776,0.7299,7.4501,0.5628,0.8047,0.6823,0.1968,0.7455,0.721,0.7121,6.8596,0.508,0.7149,0.645,0.1568,0.7544,0.6993,0.721,7.1549,0.5354,0.7598,0.6636,0.1768,116.18,2715.12,0.279,0.72685
2023-04-15,FARM0037,A,-7.482628,112.016657,324,3,52,11057,293.27,2.5,19.1,30.0,5.9,89.5,13.5,0.6758,0.6246,0.7115,5.1697,0.4784,0.66,0.5941,0.0167,0.7081,0.6745,0.6615,5.8515,0.451,0.628,0.595,0.0785,0.692,0.6496,0.6865,5.5106,0.4647,0.644,0.5946,0.0476,115.41,2685.0,0.3135,0.6708
2024-05-09,FARM0037,A,-7.482628,112.016657,324,4,48,10326,261.91,2.83,22.09,29.5,1.7,73.3,13.9,0.7388,0.7065,0.715,6.6584,0.5114,0.7311,0.6434,0.1422,0.703,0.686,0.6899,5.7339,0.45,0.642,0.592,0.0684,0.7209,0.6963,0.7025,6.1962,0.4807,0.6865,0.6177,0.1053,115.75,2162.35,0.2975,0.7086
2020-12-26,FARM0038,A,-7.485175,112.010363,394,1,48,9844,341.24,3.52,44.92,25.7,29.0,81.7,14.4,0.7571,0.6476,0.725,7.2334,0.5601,0.8064,0.6777,0.1826,0.7682,0.7162,0.6263,7.6276,0.4963,0.788,0.6496,0.2081,0.7626,0.6819,0.6757,7.4305,0.5282,0.7972,0.6636,0.1953,115.21,2099.69,0.3243,0.72225
2022-02-19,FARM0038,A,-7.485175,112.010363,394,2,52,10566,334.68,2.96,23.26,34.7,50.0,85.9,15.6,0.6912,0.6982,0.6715,5.4759,0.5131,0.6989,0.6195,0.0454,0.7393,0.6984,0.6354,6.6719,0.494,0.7366,0.6343,0.1432,0.7152,0.6983,0.6535,6.0739,0.5036,0.7178,0.6269,0.0943,113.63,2980.73,0.3465,0.70675
2023-03-16,FARM0038,A,-7.485175,112.010363,394,3,48,9751,351.59,2.98,21.37,35.0,5.7,74.2,16.1,0.6771,0.7023,0.6006,5.1936,0.4807,0.6393,0.5959,0.019,0.7079,0.7101,0.6896,5.8472,0.5035,0.7078,0.6235,0.0781,0.6925,0.7062,0.6451,5.5204,0.4921,0.6736,0.6097,0.0485,115.35,2597.0,0.3549,0.69935
2024-05-09,FARM0038,A,-7.485175,112.010363,394,4,52,9744,300.18,2.52,18.71,32.6,6.2,70.9,15.9,0.7181,0.63,0.6859,6.0937,0.505,0.7217,0.6295,0.0986,0.7616,0.6873,0.6516,7.3893,0.4681,0.6988,0.6299,0.1929,0.7398,0.6586,0.6687,6.7415,0.4865,0.7103,0.6297,0.1457,114.66,2311.34,0.3313,0.6992
2020-12-26,FARM0039,A,-7.498074,111.986986,585,1,48,10747,337.09,2.83,33.79,25.6,31.5,89.8,15.9,0.6882,0.6785,0.6478,5.4141,0.5287,0.6874,0.6253,0.0398,0.7315,0.7145,0.7149,6.45,0.5082,0.7514,0.6381,0.1266,0.7099,0.6965,0.6813,5.932,0.5185,0.7194,0.6317,0.0832,113.29,2298.88,0.3187,0.7032
2022-03-21,FARM0039,A,-7.498074,111.986986,585,2,56,10069,381.09,2.94,27.38,32.9,6.3,87.9,15.6,0.7338,0.6306,0.7075,6.5124,0.5069,0.7149,0.6385,0.1314,0.7738,0.7281,0.6357,7.842,0.5195,0.8285,0.6653,0.2213,0.7538,0.6794,0.6716,7.1772,0.5132,0.7717,0.6519,0.1763,116.49,2891.91,0.3284,0.7166
2023-04-15,FARM0039,A,-7.498074,111.986986,585,3,48,10377,350.36,2.58,29.04,30.7,0.3,86.6,16.9,0.7593,0.7122,0.6889,7.3105,0.527,0.8577,0.662,0.1877,0.7306,0.6955,0.6292,6.4228,0.4829,0.7118,0.6239,0.1246,0.745,0.7038,0.6591,6.8667,0.505,0.7847,0.643,0.1561,114.38,2658.62,0.3409,0.7243999999999999
2024-07-08,FARM0039,A,-7.498074,111.986986,585,4,56,9653,328.81,2.71,32.12,25.5,0.1,75.7,14.8,0.6943,0.7083,0.6215,5.5414,0.5177,0.6768,0.6234,0.0514,0.7214,0.6585,0.6927,6.1791,0.4617,0.6937,0.6075,0.1055,0.7078,0.6834,0.6571,5.8603,0.4897,0.6852,0.6154,0.0784,112.96,1930.35,0.3429,0.6956
2021-01-25,FARM0040,A,-7.515781,112.003424,638,1,52,10091,336.75,3.5,32.94,32.4,1.3,88.2,17.0,0.7048,0.6988,0.6907,5.7756,0.5292,0.7701,0.6346,0.072,0.703,0.6524,0.7196,5.7331,0.5063,0.7161,0.6224,0.0683,0.7039,0.6756,0.7052,5.7544,0.5177,0.7431,0.6285,0.0701,116.98,2857.68,0.2948,0.68975
2022-04-20,FARM0040,A,-7.515781,112.003424,638,2,56,9820,320.39,3.33,31.92,32.5,0.3,73.3,13.2,0.7607,0.7113,0.6292,7.3579,0.5357,0.8703,0.6673,0.1908,0.6849,0.7334,0.676,5.3477,0.4758,0.6595,0.5974,0.0336,0.7228,0.7224,0.6526,6.3528,0.5057,0.7649,0.6323,0.1122,114.8,2382.25,0.3474,0.7226
2023-06-14,FARM0040,A,-7.515781,112.003424,638,3,52,9667,313.12,3.1,21.38,27.2,6.7,75.9,13.7,0.7733,0.6726,0.7288,7.8206,0.556,0.8717,0.6842,0.22,0.7311,0.7056,0.6895,6.4367,0.4597,0.6661,0.6108,0.1256,0.7522,0.6891,0.7092,7.1287,0.5078,0.7689,0.6475,0.1728,115.82,2064.48,0.2907999999999999,0.72065
2024-08-07,FARM0040,A,-7.515781,112.003424,638,4,52,9413,288.57,2.49,17.01,26.5,2.9,86.6,13.3,0.7089,0.6453,0.7213,5.8713,0.5125,0.7547,0.6286,0.0801,0.7842,0.6644,0.7222,8.2696,0.545,0.8783,0.6841,0.2464,0.7466,0.6549,0.7218,7.0704,0.5288,0.8165,0.6564,0.1633,116.02,2294.9,0.2782,0.70075
2021-01-25,FARM0041,A,-7.518389,111.996217,300,1,52,9638,363.93,2.95,34.82,29.2,15.6,70.5,13.5,0.7387,0.6623,0.605,6.6541,0.4951,0.7915,0.6346,0.1419,0.7768,0.7041,0.7222,7.9614,0.5421,0.7778,0.6789,0.2285,0.7578,0.6832,0.6636,7.3078,0.5186,0.7847,0.6567,0.1852,113.7,2058.6,0.3364,0.7205
2022-04-20,FARM0041,A,-7.518389,111.996217,300,2,56,9530,352.16,2.31,20.49,32.6,0.1,86.4,16.3,0.7532,0.6587,0.7187,7.1033,0.5574,0.82,0.6743,0.1738,0.7905,0.7258,0.7153,8.5473,0.532,0.8535,0.6803,0.2618,0.7719,0.6923,0.717,7.8253,0.5447,0.8367,0.6773,0.2178,115.45,2816.64,0.283,0.7321
2023-07-14,FARM0041,A,-7.518389,111.996217,300,3,56,10506,337.52,2.61,15.22,27.4,2.8,87.6,15.2,0.7761,0.7243,0.7333,7.9319,0.5681,0.8084,0.6917,0.2267,0.7222,0.7323,0.6433,6.2003,0.4983,0.7522,0.6281,0.1072,0.7492,0.7283,0.6883,7.0661,0.5332,0.7803,0.6599,0.1669,113.48,2400.24,0.3117,0.73875
2024-08-07,FARM0041,A,-7.518389,111.996217,300,4,48,10498,311.63,2.47,21.77,25.3,0.3,70.1,15.7,0.736,0.6827,0.7276,6.5765,0.5378,0.7707,0.6555,0.1362,0.763,0.7185,0.6734,7.4405,0.4965,0.8161,0.6472,0.1962,0.7495,0.7006,0.7005,7.0085,0.5171,0.7934,0.6513,0.1662,116.05,1773.53,0.2995,0.72505
2021-01-25,FARM0042,A,-7.507385,111.995726,468,1,52,9959,363.61,2.89,30.06,32.3,29.3,74.5,14.6,0.6737,0.7014,0.7105,5.1286,0.4918,0.6943,0.5998,0.0127,0.752,0.6884,0.6584,7.0632,0.5263,0.7991,0.6579,0.171,0.7128,0.6949,0.6845,6.0959,0.5091,0.7467,0.6288,0.0919,114.61,2406.35,0.3155,0.70385
2022-03-21,FARM0042,A,-7.507385,111.995726,468,2,52,10314,322.11,3.33,45.28,32.5,2.3,78.2,14.4,0.6921,0.6484,0.6094,5.4953,0.491,0.7022,0.609,0.0472,0.7564,0.6637,0.7037,7.2097,0.4952,0.7245,0.6433,0.181,0.7242,0.6561,0.6565,6.3525,0.4931,0.7134,0.6261,0.1141,113.73,2541.5,0.3435,0.69015
2023-06-14,FARM0042,A,-7.507385,111.995726,468,3,56,10075,282.68,3.21,26.44,30.9,3.1,79.8,13.5,0.7207,0.6557,0.7123,6.1607,0.4994,0.7404,0.6279,0.104,0.715,0.6841,0.6878,6.0172,0.4508,0.6981,0.5981,0.0923,0.7178,0.6699,0.7,6.089,0.4751,0.7192,0.613,0.0982,113.5,2465.82,0.3,0.6938500000000001
2024-09-06,FARM0042,A,-7.507385,111.995726,468,4,56,9798,276.74,2.82,21.59,25.6,2.8,87.8,15.4,0.7399,0.6667,0.6882,6.6881,0.5528,0.8362,0.6649,0.1444,0.7472,0.7014,0.6961,6.911,0.4773,0.7073,0.6287,0.1604,0.7435,0.684,0.6921,6.7996,0.5151,0.7718,0.6468,0.1524,115.25,2247.68,0.3079,0.7137500000000001
2020-12-26,FARM0043,A,-7.49648,111.99706,247,1,48,10305,353.4,3.21,33.98,26.3,6.7,81.1,15.8,0.6999,0.649,0.7284,5.6652,0.5239,0.7479,0.6295,0.0624,0.7736,0.7311,0.7197,7.8328,0.5353,0.816,0.6736,0.2207,0.7368,0.69,0.724,6.749,0.5296,0.7819,0.6515,0.1416,116.89,2132.93,0.276,0.7134
2022-01-20,FARM0043,A,-7.49648,111.99706,247,2,48,9650,355.39,3.51,47.04,32.0,2.7,73.0,14.3,0.7366,0.6118,0.6449,6.5917,0.4881,0.7497,0.6297,0.1373,0.7571,0.7293,0.7193,7.2346,0.5279,0.7439,0.6614,0.1826,0.7468,0.6705,0.6821,6.9131,0.508,0.7468,0.6456,0.16,115.63,2336.0,0.3179,0.70865
2023-03-16,FARM0043,A,-7.49648,111.99706,247,3,52,10091,306.64,3.31,35.64,30.9,50.0,77.5,14.4,0.7056,0.6933,0.6988,5.7945,0.4768,0.6843,0.6083,0.0736,0.7103,0.7172,0.6533,5.9037,0.515,0.7328,0.6306,0.0829,0.708,0.7053,0.676,5.8491,0.4959,0.7085,0.6194,0.0782,115.88,2394.75,0.324,0.70665
2024-06-08,FARM0043,A,-7.49648,111.99706,247,4,56,9062,317.21,2.83,23.85,32.1,0.5,89.0,14.3,0.705,0.6553,0.7239,5.7801,0.5262,0.7697,0.6333,0.0724,0.7835,0.6798,0.6815,8.2373,0.5447,0.8487,0.6836,0.2446,0.7443,0.6675,0.7027,7.0087,0.5354,0.8092,0.6584,0.1585,113.86,2856.9,0.2973,0.7059
2021-02-24,FARM0044,A,-7.485078,111.986754,718,1,56,9453,366.85,3.19,34.19,33.8,50.0,88.6,16.7,0.7214,0.6527,0.7184,6.1794,0.5115,0.7892,0.6346,0.1055,0.766,0.6657,0.7017,7.5483,0.4949,0.7475,0.6477,0.2031,0.7437,0.6592,0.71,6.8638,0.5032,0.7684,0.6412,0.1543,116.67,2994.679999999999,0.29,0.70145
2022-05-20,FARM0044,A,-7.485078,111.986754,718,2,56,9466,376.06,2.69,32.52,28.7,1.0,80.6,13.7,0.7125,0.7055,0.6864,5.9566,0.4882,0.6875,0.6179,0.0873,0.7283,0.6674,0.6136,6.3621,0.4604,0.6934,0.61,0.1199,0.7204,0.6865,0.65,6.1593,0.4743,0.6905,0.614,0.1036,115.14,2313.22,0.35,0.70345
2023-06-14,FARM0044,A,-7.485078,111.986754,718,3,48,10346,342.75,3.01,28.73,29.6,1.3,81.9,17.0,0.6801,0.6871,0.7197,5.2515,0.4967,0.6443,0.6056,0.0245,0.7615,0.7321,0.6369,7.3855,0.5031,0.8121,0.6502,0.1926,0.7208,0.7096,0.6783,6.3185,0.4999,0.7282,0.6279,0.1086,113.25,2424.24,0.3217,0.7152000000000001
2024-08-07,FARM0044,A,-7.485078,111.986754,718,4,52,9206,322.21,2.67,18.34,23.4,4.6,88.4,13.4,0.6871,0.6848,0.7115,5.3928,0.4833,0.6952,0.6024,0.0378,0.7092,0.6657,0.6332,5.8779,0.4857,0.7145,0.6149,0.0807,0.6982,0.6753,0.6724,5.6353,0.4845,0.7049,0.6086,0.0592,116.26,2068.56,0.3276,0.68675
2021-01-25,FARM0045,A,-7.493136,111.981269,270,1,52,9716,385.93,3.21,34.75,32.8,2.1,70.4,16.6,0.6564,0.6138,0.6612,4.8202,0.4572,0.605,0.5731,-0.0183,0.7301,0.7159,0.6963,6.4101,0.4714,0.6808,0.6172,0.1236,0.6932,0.6649,0.6788,5.6152,0.4643,0.6429,0.5952,0.0526,116.42,2309.12,0.3212,0.67905
2022-04-20,FARM0045,A,-7.493136,111.981269,270,2,56,9470,350.64,2.95,42.44,35.0,4.2,75.7,14.3,0.6764,0.6981,0.7024,5.1802,0.4616,0.6931,0.5856,0.0177,0.7244,0.6468,0.6936,6.2562,0.4681,0.6648,0.6126,0.1116,0.7004,0.6724,0.698,5.7182,0.4649,0.679,0.5991,0.0647,114.92,2649.5,0.302,0.6864
2023-06-14,FARM0045,A,-7.493136,111.981269,270,3,52,9692,306.05,2.73,30.74,31.8,10.1,85.1,14.8,0.7069,0.7075,0.6401,5.8241,0.5212,0.7231,0.6319,0.0761,0.7501,0.6772,0.7165,7.0039,0.519,0.7218,0.6532,0.1669,0.7285,0.6924,0.6783,6.414,0.5201,0.7225,0.6425,0.1215,113.56,2706.18,0.3217,0.71045
2024-09-06,FARM0045,A,-7.493136,111.981269,270,4,56,10077,277.23,3.15,32.32,23.4,5.8,80.2,15.5,0.7235,0.6507,0.6649,6.2322,0.5186,0.7645,0.6393,0.1097,0.7302,0.66,0.6625,6.4117,0.4938,0.7497,0.6297,0.1237,0.7268,0.6554,0.6637,6.3219,0.5062,0.7571,0.6345,0.1167,116.95,1876.68,0.3363,0.6911
2021-01-25,FARM0046,A,-7.487187,112.002475,379,1,52,10186,370.13,2.6,20.28,31.3,7.4,86.5,13.8,0.6926,0.7039,0.6261,5.5062,0.5049,0.668,0.6162,0.0482,0.7101,0.7264,0.7034,5.899,0.4769,0.7001,0.6106,0.0825,0.7014,0.7151,0.6647,5.7026,0.4909,0.684,0.6134,0.0653,113.81,2707.45,0.3353,0.70825
2022-03-21,FARM0046,A,-7.487187,112.002475,379,2,52,9350,301.7,2.55,21.76,31.8,43.0,73.2,16.9,0.6868,0.6579,0.6651,5.3854,0.4809,0.718,0.601,0.0371,0.7681,0.7199,0.7116,7.6262,0.5156,0.8294,0.6604,0.208,0.7275,0.6889,0.6883,6.5058,0.4983,0.7737,0.6307,0.1226,114.41,2327.76,0.3117,0.7081999999999999
2023-04-15,FARM0046,A,-7.487187,112.002475,379,3,48,9260,324.47,2.9,30.0,31.2,4.5,88.4,14.7,0.6722,0.6737,0.7048,5.1005,0.4858,0.6636,0.5959,0.0099,0.7397,0.6746,0.7222,6.684,0.5272,0.7782,0.6521,0.1441,0.7059,0.6741,0.7135,5.8923,0.5065,0.7209,0.624,0.077,114.37,2758.08,0.2865,0.69
2024-05-09,FARM0046,A,-7.487187,112.002475,379,4,48,9966,326.49,2.77,17.27,33.4,1.5,82.7,13.7,0.7273,0.7128,0.6593,6.3336,0.5431,0.748,0.6534,0.1177,0.7642,0.641,0.6222,7.4803,0.5096,0.7967,0.6551,0.1987,0.7457,0.6769,0.6408,6.907,0.5264,0.7723,0.6543,0.1582,114.66,2762.18,0.3592,0.7113
2021-01-25,FARM0047,A,-7.500996,112.015918,755,1,52,10440,328.64,3.01,26.71,28.0,21.5,82.0,15.9,0.6892,0.6806,0.6753,5.436,0.528,0.6913,0.6255,0.0418,0.6755,0.7046,0.6228,5.164,0.4409,0.6096,0.5738,0.0161,0.6824,0.6926,0.6491,5.3,0.4845,0.6504,0.5997,0.029,114.88,2296.0,0.3509,0.6875
2022-04-20,FARM0047,A,-7.500996,112.015918,755,2,56,9651,352.41,3.41,30.54,33.0,3.3,73.9,13.8,0.7215,0.6486,0.6385,6.1814,0.4813,0.7696,0.6186,0.1057,0.6873,0.6618,0.6903,5.3969,0.4754,0.6898,0.5984,0.0382,0.7044,0.6552,0.6644,5.7892,0.4783,0.7297,0.6085,0.0719,113.89,2438.7,0.3356,0.6798
2023-05-15,FARM0047,A,-7.500996,112.015918,755,3,48,9877,327.85,2.77,24.98,32.4,11.6,84.6,16.7,0.7235,0.7143,0.6788,6.2335,0.5426,0.7781,0.6511,0.1098,0.7403,0.6875,0.699,6.6998,0.5107,0.7243,0.6438,0.1453,0.7319,0.7009,0.6889,6.4667,0.5266,0.7512,0.6474,0.1275,113.55,2741.04,0.3111,0.7163999999999999
2024-06-08,FARM0047,A,-7.500996,112.015918,755,4,48,10018,310.02,2.64,24.57,29.9,1.3,84.7,13.1,0.7371,0.6372,0.6775,6.6074,0.524,0.7276,0.6491,0.1385,0.7458,0.7359,0.705,6.8687,0.5247,0.8039,0.6539,0.1574,0.7415,0.6866,0.6912,6.738,0.5243,0.7657,0.6515,0.148,115.53,2532.53,0.3088,0.7140500000000001
2021-01-25,FARM0048,A,-7.510536,111.99934,642,1,52,10323,343.48,2.99,31.01,29.4,20.9,81.0,16.8,0.7526,0.6744,0.6185,7.0825,0.5111,0.8059,0.6502,0.1724,0.7133,0.6935,0.6265,5.9762,0.4785,0.6984,0.613,0.0889,0.7329,0.6839,0.6225,6.5293,0.4948,0.7521,0.6316,0.1306,117.27,2381.4,0.3774999999999999,0.7083999999999999
2022-03-21,FARM0048,A,-7.510536,111.99934,642,2,52,11033,334.32,2.64,27.95,31.5,3.1,71.9,14.7,0.74,0.6533,0.7065,6.6915,0.4945,0.7312,0.6349,0.1447,0.7577,0.6758,0.6468,7.2544,0.4929,0.7158,0.6426,0.184,0.7488,0.6646,0.6766,6.9729,0.4937,0.7235,0.6388,0.1643,116.87,2264.85,0.3234,0.7067
2023-05-15,FARM0048,A,-7.510536,111.99934,642,3,52,10195,340.68,2.24,19.71,33.5,0.6,80.7,13.8,0.752,0.7014,0.6999,7.0648,0.5511,0.8494,0.6705,0.1711,0.7516,0.7125,0.7171,7.0501,0.5209,0.7738,0.6549,0.1701,0.7518,0.7069,0.7085,7.0574,0.536,0.8116,0.6627,0.1706,115.9,2703.45,0.2915,0.7293499999999999
2024-06-08,FARM0048,A,-7.510536,111.99934,642,4,48,9810,323.28,2.3,21.03,32.8,6.0,86.2,14.3,0.7139,0.6718,0.6638,5.9912,0.4756,0.6759,0.6117,0.0902,0.7177,0.6696,0.6149,6.084,0.4849,0.6641,0.6187,0.0978,0.7158,0.6707,0.6393,6.0376,0.4803,0.67,0.6152,0.094,113.56,2827.36,0.3607,0.6932499999999999
2020-12-26,FARM0049,A,-7.502189,111.999525,769,1,48,10133,335.1,3.63,26.88,26.1,3.8,89.1,16.7,0.72,0.6636,0.645,6.1431,0.4811,0.7046,0.6178,0.1026,0.7062,0.6694,0.6784,5.8069,0.5,0.6921,0.6209,0.0747,0.7131,0.6665,0.6617,5.975,0.4906,0.6984,0.6193,0.0886,114.95,2325.51,0.3383,0.6898
2022-03-21,FARM0049,A,-7.502189,111.999525,769,2,56,9809,308.57,3.21,25.83,35.0,33.1,81.5,15.7,0.7187,0.6252,0.7022,6.1103,0.4781,0.6867,0.6155,0.0999,0.7635,0.6491,0.6526,7.4577,0.5183,0.7401,0.6595,0.1973,0.7411,0.6372,0.6774,6.784,0.4982,0.7134,0.6375,0.1486,115.04,2852.5,0.3226,0.6891499999999999
2023-06-14,FARM0049,A,-7.502189,111.999525,769,3,56,10364,302.26,3.08,26.74,32.1,1.2,79.5,16.0,0.6959,0.6408,0.7293,5.5778,0.5244,0.7066,0.6275,0.0546,0.6914,0.6259,0.689,5.4811,0.444,0.6208,0.5831,0.0459,0.6937,0.6333,0.7092,5.5295,0.4842,0.6637,0.6053,0.0503,115.01,2551.95,0.2907999999999999,0.6635
2024-07-08,FARM0049,A,-7.502189,111.999525,769,4,48,9297,308.34,2.39,19.9,24.8,1.6,86.4,13.0,0.7371,0.7155,0.7205,6.6081,0.5225,0.7691,0.6484,0.1385,0.7083,0.6768,0.6146,5.8558,0.477,0.6493,0.6097,0.0788,0.7227,0.6962,0.6676,6.232,0.4997,0.7092,0.629,0.1087,115.63,2142.72,0.3324,0.70945
2020-12-26,FARM0050,A,-7.489365,111.983169,344,1,48,10387,325.15,3.06,38.7,27.5,8.1,87.7,16.6,0.7046,0.6299,0.6785,5.7702,0.499,0.7608,0.6195,0.0715,0.7565,0.6403,0.6822,7.2126,0.5041,0.7243,0.6483,0.1812,0.7305,0.6351,0.6803,6.4914,0.5016,0.7425,0.6339,0.1263,114.56,2411.75,0.3197,0.6828000000000001
2022-01-20,FARM0050,A,-7.489365,111.983169,344,2,48,9106,303.97,2.42,16.12,27.2,6.0,89.3,16.8,0.7088,0.6313,0.6305,5.8686,0.5007,0.6787,0.6225,0.0799,0.7876,0.7307,0.7042,8.4178,0.5463,0.8836,0.6866,0.2547,0.7482,0.681,0.6673,7.1432,0.5235,0.7812,0.6546,0.1673,112.77,2428.96,0.3327,0.7146
2023-04-15,FARM0050,A,-7.489365,111.983169,344,3,56,8930,313.96,3.02,24.48,30.9,12.5,87.1,15.0,0.7523,0.6762,0.689,7.0751,0.5412,0.8283,0.6658,0.1719,0.7356,0.7107,0.7222,6.5641,0.5255,0.767,0.6491,0.1353,0.744,0.6935,0.7056,6.8196,0.5334,0.7977,0.6574,0.1536,114.69,2691.39,0.2944,0.71875
2024-07-08,FARM0050,A,-7.489365,111.983169,344,4,56,9394,284.29,2.74,23.01,25.2,0.7,73.6,15.1,0.7731,0.6704,0.6433,7.814,0.5668,0.871,0.6895,0.2196,0.7302,0.6326,0.699,6.4135,0.4764,0.7245,0.6201,0.1238,0.7517,0.6515,0.6712,7.1137,0.5216,0.7978,0.6548,0.1717,113.3,1854.72,0.3288,0.7016
2021-01-25,FARM0051,A,-7.509501,112.003249,693,1,52,10573,375.0,3.35,28.12,27.7,28.5,72.8,16.0,0.6595,0.6347,0.6231,4.8736,0.4569,0.5993,0.5745,-0.0128,0.7078,0.6842,0.6509,5.8454,0.4902,0.6986,0.6166,0.078,0.6837,0.6594,0.637,5.3595,0.4735,0.649,0.5956,0.0326,114.98,2016.56,0.363,0.67155
2022-03-21,FARM0051,A,-7.509501,112.003249,693,2,52,10048,359.65,2.79,32.51,35.0,18.7,72.4,13.3,0.7488,0.6976,0.7216,6.9632,0.5296,0.8386,0.658,0.1641,0.7665,0.671,0.7189,7.5642,0.5307,0.8119,0.6676,0.2041,0.7577,0.6843,0.7203,7.2637,0.5301,0.8253,0.6628,0.1841,115.04,2534.0,0.2796999999999999,0.7210000000000001
2023-04-15,FARM0051,A,-7.509501,112.003249,693,3,48,9667,360.24,2.76,23.47,32.5,0.3,84.9,13.1,0.7581,0.7061,0.6186,7.2662,0.5471,0.8339,0.6717,0.1848,0.7732,0.7285,0.7187,7.8166,0.5387,0.8433,0.6752,0.2198,0.7656,0.7173,0.6687,7.5414,0.5429,0.8386,0.6735,0.2023,114.81,2759.25,0.3313,0.7414499999999999
2024-05-09,FARM0051,A,-7.509501,112.003249,693,4,48,8964,305.26,2.23,15.31,33.2,1.9,70.5,14.8,0.673,0.702,0.7141,5.117,0.4825,0.6772,0.5947,0.0116,0.7277,0.7031,0.7079,6.3436,0.4925,0.7095,0.6277,0.1184,0.7003,0.7026,0.711,5.7303,0.4875,0.6934,0.6112,0.065,114.1,2340.6,0.289,0.70145
2020-12-26,FARM0052,A,-7.495156,111.992072,413,1,48,10630,366.64,2.96,29.43,30.7,4.1,72.1,15.3,0.7195,0.6602,0.623,6.1292,0.5179,0.7235,0.6368,0.1015,0.7718,0.6596,0.7074,7.764,0.5084,0.7995,0.6581,0.2165,0.7456,0.6599,0.6652,6.9466,0.5131,0.7615,0.6475,0.159,114.75,2213.47,0.3348,0.70275
2022-03-21,FARM0052,A,-7.495156,111.992072,413,2,56,9728,325.81,3.44,39.77,35.0,3.1,78.7,14.9,0.7235,0.6744,0.7329,6.2326,0.5448,0.8136,0.6522,0.1097,0.7338,0.6881,0.698,6.5145,0.476,0.6703,0.6216,0.1315,0.7287,0.6812,0.7155,6.3735,0.5104,0.7419,0.6369,0.1206,115.83,2754.5,0.2845,0.70495
2023-06-14,FARM0052,A,-7.495156,111.992072,413,3,56,9407,315.39,3.39,32.02,30.7,2.0,71.1,14.7,0.6808,0.6616,0.6817,5.2663,0.4998,0.6665,0.6075,0.0259,0.6677,0.6793,0.6907,5.0192,0.4377,0.6105,0.5682,0.0019,0.6743,0.6704,0.6862,5.1427,0.4687,0.6385,0.5878,0.0139,115.99,2182.77,0.3138,0.67235
2024-08-07,FARM0052,A,-7.495156,111.992072,413,4,52,10041,296.58,2.37,22.22,22.5,3.7,86.4,14.0,0.687,0.6384,0.6755,5.3907,0.4986,0.6688,0.6102,0.0376,0.7661,0.6312,0.6389,7.5498,0.4852,0.7985,0.6421,0.2032,0.7266,0.6348,0.6572,6.4702,0.4919,0.7336,0.6262,0.1204,112.92,1944.0,0.3428,0.6807000000000001
2021-01-25,FARM0053,A,-7.486251,111.997522,448,1,52,11021,354.86,2.61,16.87,27.4,14.0,86.4,14.3,0.707,0.69,0.643,5.8251,0.5011,0.6782,0.6218,0.0762,0.732,0.6686,0.7153,6.4632,0.5093,0.7446,0.6389,0.1276,0.7195,0.6793,0.6791,6.1442,0.5052,0.7114,0.6304,0.1019,113.3,2367.36,0.3209,0.6994
2022-02-19,FARM0053,A,-7.486251,111.997522,448,2,48,10491,381.72,2.81,23.8,33.5,20.0,86.7,13.2,0.6994,0.7052,0.7268,5.654,0.5307,0.7331,0.6324,0.0614,0.7936,0.6912,0.676,8.6911,0.5487,0.8019,0.6908,0.2696,0.7465,0.6982,0.7014,7.1726,0.5397,0.7675,0.6616,0.1655,113.51,2904.45,0.2986,0.72235
2023-04-15,FARM0053,A,-7.486251,111.997522,448,3,52,10146,338.4,2.33,22.24,33.7,0.9,73.1,15.7,0.702,0.697,0.7062,5.7115,0.5192,0.7152,0.6283,0.0664,0.7672,0.7179,0.6997,7.5897,0.5383,0.7777,0.6719,0.2057,0.7346,0.7075,0.703,6.6506,0.5287,0.7465,0.6501,0.1361,113.92,2463.47,0.297,0.72105
2024-06-08,FARM0053,A,-7.486251,111.997522,448,4,52,9139,287.83,2.74,31.0,28.7,0.7,76.1,13.4,0.7482,0.6666,0.7078,6.9416,0.5002,0.8144,0.6421,0.1626,0.7049,0.6992,0.6937,5.7766,0.4573,0.6332,0.5971,0.0721,0.7265,0.6829,0.7008,6.3591,0.4787,0.7238,0.6196,0.1173,116.95,2184.07,0.2992,0.7047
2021-02-24,FARM0054,A,-7.487141,111.994163,733,1,56,10647,335.09,3.33,43.04,33.2,18.5,89.6,16.9,0.7536,0.6576,0.6518,7.1165,0.5489,0.7718,0.6703,0.1747,0.7581,0.6866,0.7207,7.2673,0.5347,0.7704,0.6654,0.1848,0.7558,0.6721,0.6862,7.1919,0.5418,0.7711,0.6678,0.1798,117.01,2974.72,0.3138,0.7139500000000001
2022-04-20,FARM0054,A,-7.487141,111.994163,733,2,52,10061,339.81,3.19,24.87,34.1,1.0,84.4,13.1,0.7051,0.7033,0.7173,5.7822,0.5025,0.7487,0.6216,0.0725,0.7506,0.6834,0.7164,7.0206,0.519,0.7215,0.6534,0.1681,0.7279,0.6933,0.7169,6.4014,0.5107,0.7351,0.6375,0.1203,116.88,2878.04,0.2831,0.7106
2023-07-14,FARM0054,A,-7.487141,111.994163,733,3,56,10225,365.34,2.62,32.66,28.7,0.5,89.5,16.9,0.7288,0.6987,0.621,6.3752,0.4944,0.7262,0.6293,0.1209,0.7742,0.6957,0.6703,7.8578,0.5043,0.8415,0.657,0.2223,0.7515,0.6972,0.6456,7.1165,0.4993,0.7838,0.6432,0.1716,117.24,2568.65,0.3544,0.72435
2024-10-06,FARM0054,A,-7.487141,111.994163,733,4,56,8943,284.62,2.31,18.12,22.7,4.1,84.6,13.7,0.7035,0.7099,0.6754,5.7457,0.5006,0.7021,0.6198,0.0694,0.749,0.6697,0.6628,6.9678,0.531,0.7557,0.6588,0.1644,0.7263,0.6898,0.6691,6.3567,0.5158,0.7289,0.6393,0.1169,115.44,1920.42,0.3309,0.70805
2020-12-26,FARM0055,A,-7.484536,111.996438,649,1,48,9621,323.1,3.32,28.89,25.6,50.0,87.0,16.5,0.6936,0.7048,0.7186,5.5268,0.5002,0.6593,0.6144,0.05,0.7431,0.6878,0.7137,6.7863,0.5104,0.6988,0.6451,0.1516,0.7184,0.6963,0.7162,6.1565,0.5053,0.679,0.6297,0.1008,116.07,2227.2,0.2838000000000001,0.70735
2022-03-21,FARM0055,A,-7.484536,111.996438,649,2,56,9842,367.72,2.65,28.74,35.0,18.3,79.0,15.0,0.6979,0.6755,0.6773,5.6192,0.4854,0.7482,0.609,0.0583,0.728,0.6458,0.7056,6.3539,0.496,0.745,0.6298,0.1192,0.7129,0.6607,0.6914,5.9866,0.4907,0.7466,0.6194,0.0888,116.01,2765.0,0.3086,0.6868
2023-06-14,FARM0055,A,-7.484536,111.996438,649,3,56,10557,316.99,2.7,31.01,30.3,2.6,72.6,14.5,0.6936,0.6621,0.7058,5.5273,0.475,0.7156,0.6013,0.0501,0.7316,0.6282,0.6953,6.4514,0.4702,0.7283,0.6172,0.1267,0.7126,0.6452,0.7006,5.9894,0.4726,0.7219,0.6093,0.0884,117.23,2199.78,0.2994,0.6789000000000001
2024-08-07,FARM0055,A,-7.484536,111.996438,649,4,52,9660,298.98,2.44,13.92,26.7,3.7,82.3,16.6,0.7221,0.6803,0.6869,6.1978,0.4846,0.7867,0.6207,0.107,0.7259,0.7233,0.7196,6.297,0.5159,0.6995,0.6392,0.1148,0.724,0.7018,0.7032,6.2474,0.5002,0.7431,0.6299,0.1109,114.59,2197.41,0.2968,0.7129
2021-01-25,FARM0056,A,-7.510627,111.980786,391,1,52,9228,372.02,3.47,45.31,32.5,16.1,72.7,13.5,0.7673,0.6865,0.7333,7.5959,0.5644,0.7927,0.6852,0.2061,0.7231,0.7084,0.6542,6.2238,0.5097,0.6909,0.6345,0.109,0.7452,0.6975,0.6937,6.9098,0.537,0.7418,0.6599,0.1576,117.15,2362.75,0.3063,0.7213499999999999
2022-02-19,FARM0056,A,-7.510627,111.980786,391,2,48,9257,351.23,2.9,38.92,32.0,11.5,75.2,15.8,0.7491,0.6435,0.5914,6.9704,0.4895,0.7593,0.6365,0.1646,0.7257,0.6695,0.7222,6.2913,0.5215,0.7402,0.6419,0.1144,0.7374,0.6565,0.6568,6.6309,0.5055,0.7498,0.6392,0.1395,116.22,2406.4,0.3431999999999999,0.69695
2023-04-15,FARM0056,A,-7.510627,111.980786,391,3,52,9121,317.82,2.86,20.14,34.4,2.9,75.3,13.1,0.6946,0.618,0.6315,5.548,0.4771,0.6663,0.6029,0.052,0.7444,0.683,0.7222,6.8255,0.5292,0.7867,0.6555,0.1544,0.7195,0.6505,0.6768,6.1868,0.5031,0.7265,0.6292,0.1032,114.76,2590.32,0.3232,0.685
2024-06-08,FARM0056,A,-7.510627,111.980786,391,4,52,8941,280.37,2.54,14.8,32.1,0.4,87.3,15.4,0.7143,0.6911,0.6281,6.001,0.4856,0.7435,0.6174,0.091,0.7183,0.6358,0.6773,6.1009,0.4603,0.7277,0.6053,0.0992,0.7163,0.6635,0.6527,6.051,0.473,0.7356,0.6113,0.0951,117.07,2802.33,0.3473000000000001,0.6899
2020-12-26,FARM0057,A,-7.498572,111.995768,558,1,48,11099,357.32,3.09,28.77,25.3,4.5,89.0,14.2,0.7128,0.6788,0.7023,5.9627,0.4885,0.6805,0.6181,0.0878,0.7318,0.7015,0.6241,6.4562,0.5023,0.7192,0.6351,0.1271,0.7223,0.6902,0.6632,6.2094,0.4954,0.6998,0.6266,0.1075,113.82,2251.7,0.3368,0.70625
2022-03-21,FARM0057,A,-7.498572,111.995768,558,2,56,9783,349.13,2.97,31.86,35.0,14.4,79.3,16.3,0.7593,0.6555,0.7291,7.3084,0.551,0.8146,0.6743,0.1875,0.7513,0.6737,0.7007,7.0405,0.4875,0.717,0.6365,0.1695,0.7553,0.6646,0.7149,7.1745,0.5192,0.7658,0.6554,0.1785,113.27,2775.5,0.2851,0.70995
2023-06-14,FARM0057,A,-7.498572,111.995768,558,3,56,9673,340.15,2.3,21.76,30.9,2.5,74.0,13.4,0.6856,0.6376,0.6458,5.3605,0.4949,0.6956,0.6075,0.0348,0.71,0.6508,0.6147,5.897,0.458,0.6478,0.6,0.0823,0.6978,0.6442,0.6302,5.6287,0.4764,0.6717,0.6037,0.0586,115.55,2286.6,0.3698,0.671
2024-08-07,FARM0057,A,-7.498572,111.995768,558,4,52,9781,300.66,2.63,28.15,22.6,0.1,78.1,17.0,0.6921,0.692,0.6717,5.4954,0.4806,0.7106,0.6035,0.0472,0.7723,0.6707,0.6782,7.7834,0.5299,0.8532,0.6701,0.2177,0.7322,0.6814,0.6749,6.6394,0.5052,0.7819,0.6368,0.1325,114.97,1765.06,0.3250999999999999,0.7068
2020-12-26,FARM0058,A,-7.483073,111.980634,350,1,48,10534,381.27,2.76,23.69,24.7,35.3,81.4,14.3,0.7298,0.6852,0.7138,6.4032,0.542,0.7347,0.6543,0.1231,0.7775,0.6877,0.6988,7.987,0.4935,0.7398,0.6523,0.23,0.7537,0.6864,0.7063,7.1951,0.5177,0.7372,0.6533,0.1765,113.91,2010.58,0.2937,0.7200500000000001
2022-01-20,FARM0058,A,-7.483073,111.980634,350,2,48,11009,333.08,2.58,19.84,31.3,26.8,73.1,14.5,0.7518,0.6431,0.7172,7.0574,0.5213,0.8199,0.6552,0.1706,0.7719,0.6672,0.6115,7.7685,0.5024,0.7412,0.6548,0.2168,0.7618,0.6551,0.6644,7.4129,0.5119,0.7805,0.655,0.1937,116.29,2288.03,0.3356,0.70845
2023-02-14,FARM0058,A,-7.483073,111.980634,350,3,48,10755,317.52,2.61,25.9,30.8,18.1,74.3,13.9,0.7308,0.693,0.7308,6.4285,0.5429,0.7417,0.6552,0.125,0.7604,0.6563,0.688,7.3456,0.4674,0.7883,0.6289,0.19,0.7456,0.6746,0.7094,6.887,0.5052,0.765,0.6421,0.1575,114.49,2288.44,0.2906,0.7101
2024-05-09,FARM0058,A,-7.483073,111.980634,350,4,56,9789,336.68,2.18,20.76,31.9,13.2,71.9,14.2,0.7417,0.6442,0.6851,6.7428,0.5398,0.7464,0.6595,0.1484,0.7235,0.7134,0.6455,6.2334,0.503,0.701,0.6312,0.1098,0.7326,0.6788,0.6653,6.4881,0.5214,0.7237,0.6454,0.1291,113.6,2293.61,0.3347,0.7057
2020-12-26,FARM0059,A,-7.486925,112.002506,354,1,48,10040,379.24,2.86,31.63,29.9,7.1,71.7,15.9,0.6875,0.6725,0.6344,5.4004,0.4898,0.6861,0.606,0.0385,0.7365,0.6925,0.6882,6.5915,0.4905,0.7122,0.631,0.1373,0.712,0.6825,0.6613,5.9959,0.4902,0.6991,0.6185,0.0879,115.11,2143.83,0.3387,0.6972499999999999
2022-02-19,FARM0059,A,-7.486925,112.002506,354,2,52,10029,331.76,2.63,19.25,31.0,1.3,78.5,14.8,0.7461,0.6668,0.7286,6.8764,0.5443,0.8391,0.664,0.158,0.7577,0.7206,0.7222,7.2553,0.5345,0.769,0.6652,0.184,0.7519,0.6937,0.7254,7.0658,0.5394,0.804,0.6646,0.171,113.28,2433.5,0.2746,0.7228
2023-03-16,FARM0059,A,-7.486925,112.002506,354,3,48,8908,359.35,2.72,33.42,35.0,8.8,84.0,14.1,0.7639,0.7324,0.6575,7.4701,0.563,0.7981,0.6827,0.1981,0.7386,0.6403,0.7079,6.6516,0.4968,0.7737,0.6355,0.1418,0.7512,0.6864,0.6827,7.0609,0.5299,0.7859,0.6591,0.1699,116.87,2940.0,0.3173,0.7188
2024-05-09,FARM0059,A,-7.486925,112.002506,354,4,52,8792,311.45,2.83,24.67,30.1,3.1,83.5,15.1,0.7228,0.6463,0.7304,6.2156,0.5386,0.7183,0.6488,0.1084,0.702,0.6559,0.6425,5.7103,0.4598,0.6999,0.5971,0.0663,0.7124,0.6511,0.6865,5.963,0.4992,0.7091,0.623,0.0874,115.04,2513.35,0.3135,0.6817500000000001
2021-02-24,FARM0060,A,-7.480327,111.990644,318,1,56,11321,387.53,3.05,33.81,34.4,3.8,87.5,13.2,0.7493,0.7047,0.6335,6.977,0.5568,0.8099,0.6719,0.1651,0.7326,0.6285,0.6898,6.4786,0.4607,0.6937,0.6121,0.1288,0.7409,0.6666,0.6616,6.7278,0.5088,0.7518,0.642,0.1469,116.91,3010.0,0.3384,0.70375
2022-04-20,FARM0060,A,-7.480327,111.990644,318,2,52,10766,356.84,2.9,24.62,34.3,1.0,81.8,15.9,0.6988,0.687,0.6897,5.6392,0.5347,0.7459,0.6339,0.0601,0.7773,0.7246,0.7123,7.9806,0.5207,0.8017,0.6676,0.2296,0.738,0.7058,0.701,6.8099,0.5277,0.7738,0.6508,0.1448,112.8,2805.74,0.299,0.7219
2023-07-14,FARM0060,A,-7.480327,111.990644,318,3,56,10363,296.77,3.07,26.51,29.9,1.9,76.4,16.6,0.6984,0.6704,0.6991,5.6312,0.4845,0.661,0.6088,0.0594,0.7065,0.6315,0.6342,5.8139,0.4691,0.6548,0.6045,0.0753,0.7024,0.651,0.6667,5.7225,0.4768,0.6579,0.6067,0.0673,113.02,2284.36,0.3333,0.6767000000000001
2024-10-06,FARM0060,A,-7.480327,111.990644,318,4,56,9536,325.17,3.04,44.66,21.0,2.5,72.5,15.4,0.7099,0.7206,0.6877,5.8935,0.5133,0.7017,0.6295,0.082,0.758,0.7057,0.6934,7.2647,0.5347,0.7998,0.6654,0.1847,0.7339,0.7131,0.6905,6.5791,0.524,0.7508,0.6474,0.1333,114.08,1522.5,0.3095,0.7235
2021-01-25,FARM0061,A,-7.503567,111.988708,492,1,52,10767,389.26,3.47,31.83,28.8,7.1,88.5,13.8,0.7779,0.725,0.6793,8.0031,0.5688,0.9057,0.6929,0.231,0.7738,0.693,0.6873,7.8432,0.5363,0.8282,0.6743,0.2214,0.7758,0.709,0.6833,7.9232,0.5526,0.8669,0.6836,0.2262,115.81,2548.8,0.3167,0.7424
2022-02-19,FARM0061,A,-7.503567,111.988708,492,2,48,10756,321.39,2.81,28.59,29.2,4.8,83.4,16.6,0.7104,0.7027,0.6132,5.9072,0.5117,0.759,0.629,0.0832,0.7265,0.717,0.6869,6.313,0.4771,0.71,0.6187,0.1161,0.7185,0.7099,0.6501,6.1101,0.4944,0.7345,0.6238,0.0996,113.36,2435.28,0.3499,0.7142
2023-05-15,FARM0061,A,-7.503567,111.988708,492,3,56,9601,310.14,2.45,11.29,30.3,7.0,81.9,15.4,0.7015,0.7003,0.7184,5.7009,0.5033,0.743,0.6201,0.0655,0.7573,0.6695,0.7125,7.24,0.522,0.775,0.6583,0.183,0.7294,0.6849,0.7155,6.4705,0.5126,0.759,0.6392,0.1243,110.87,2481.57,0.2845,0.70715
2024-07-08,FARM0061,A,-7.503567,111.988708,492,4,52,9545,286.22,2.68,26.88,26.8,2.1,71.0,13.8,0.7373,0.7055,0.6455,6.6123,0.5509,0.7752,0.6626,0.1388,0.7675,0.7331,0.6411,7.6014,0.534,0.7657,0.6699,0.2064,0.7524,0.7193,0.6433,7.1069,0.5425,0.7704,0.6662,0.1726,115.38,1902.8,0.3567,0.73585
2021-01-25,FARM0062,A,-7.498661,112.003856,647,1,52,9564,394.89,3.26,28.89,30.3,17.9,81.8,14.7,0.7297,0.6597,0.6286,6.3981,0.4979,0.7675,0.6316,0.1227,0.6998,0.7175,0.7209,5.6628,0.5078,0.6497,0.6215,0.0622,0.7147,0.6886,0.6748,6.0304,0.5028,0.7086,0.6266,0.0924,116.46,2478.54,0.3252,0.70165
2022-04-20,FARM0062,A,-7.498661,112.003856,647,2,56,10165,348.85,2.97,30.56,34.5,2.3,87.9,14.1,0.681,0.6362,0.6269,5.2703,0.4951,0.6964,0.6053,0.0263,0.6799,0.6844,0.6918,5.2474,0.4443,0.6048,0.5777,0.0241,0.6805,0.6603,0.6593,5.2589,0.4697,0.6506,0.5915,0.0252,114.62,3032.55,0.3407,0.6704
2023-06-14,FARM0062,A,-7.498661,112.003856,647,3,52,9639,302.32,2.68,21.98,31.0,1.3,84.9,13.6,0.7228,0.6301,0.7072,6.214,0.4892,0.7129,0.6235,0.1083,0.6826,0.6549,0.6711,5.3011,0.4488,0.6157,0.5816,0.0292,0.7027,0.6425,0.6891,5.7576,0.469,0.6643,0.6026,0.0687,113.77,2631.9,0.3109,0.6726
2024-09-06,FARM0062,A,-7.498661,112.003856,647,4,56,9787,300.8,2.25,13.28,21.7,3.7,86.1,15.2,0.7163,0.6987,0.7298,6.0492,0.5376,0.7787,0.6448,0.095,0.7136,0.7005,0.7078,5.9822,0.4973,0.6802,0.6232,0.0894,0.7149,0.6996,0.7188,6.0157,0.5175,0.7294,0.634,0.0922,109.44,1868.37,0.2812,0.7072499999999999
2021-01-25,FARM0063,A,-7.482803,112.001803,555,1,52,9312,387.98,2.95,30.59,27.5,29.0,78.6,15.4,0.7219,0.6965,0.6184,6.1925,0.4855,0.7837,0.6211,0.1065,0.7625,0.643,0.7084,7.4225,0.507,0.7536,0.6529,0.195,0.7422,0.6697,0.6634,6.8075,0.4962,0.7686,0.637,0.1508,112.72,2161.5,0.3366,0.70595
2022-04-20,FARM0063,A,-7.482803,112.001803,555,2,56,9672,324.34,3.27,47.66,34.2,27.4,84.5,13.5,0.7146,0.7065,0.7229,6.0084,0.5183,0.7848,0.6345,0.0916,0.6791,0.674,0.6659,5.2319,0.4511,0.5989,0.5812,0.0227,0.6968,0.6902,0.6944,5.6201,0.4847,0.6919,0.6079,0.0571,115.47,2889.9,0.3056,0.6935
2023-05-15,FARM0063,A,-7.482803,112.001803,555,3,48,10078,349.54,2.89,28.95,33.5,0.2,82.1,16.2,0.7581,0.6777,0.7083,7.2666,0.5051,0.8084,0.6496,0.1848,0.727,0.6728,0.707,6.3264,0.4905,0.6915,0.6264,0.1171,0.7425,0.6753,0.7077,6.7965,0.4978,0.75,0.638,0.1509,114.59,2750.35,0.2923,0.7089000000000001
2024-07-08,FARM0063,A,-7.482803,112.001803,555,4,52,9656,283.54,2.42,18.92,27.8,3.3,77.3,15.1,0.704,0.6486,0.6889,5.756,0.5361,0.7595,0.6374,0.0703,0.7658,0.7164,0.6303,7.541,0.484,0.7796,0.6413,0.2026,0.7349,0.6825,0.6596,6.6485,0.51,0.7696,0.6394,0.1365,115.04,2148.94,0.3404,0.7087
2021-01-25,FARM0064,A,-7.517811,112.001419,586,1,52,9306,395.05,2.95,33.73,32.2,8.1,76.5,16.7,0.7276,0.7066,0.7163,6.3416,0.5107,0.7719,0.6374,0.1183,0.7294,0.6689,0.6991,6.3912,0.5049,0.7457,0.6353,0.1221,0.7285,0.6877,0.7077,6.3664,0.5078,0.7588,0.6363,0.1202,114.13,2463.3,0.2923,0.7081
2022-02-19,FARM0064,A,-7.517811,112.001419,586,2,48,9506,357.14,3.05,35.92,33.2,50.0,82.6,14.5,0.6752,0.6344,0.7112,5.1571,0.4777,0.644,0.5934,0.0155,0.762,0.7135,0.7189,7.4035,0.5289,0.7459,0.6644,0.1938,0.7186,0.6739,0.7151,6.2803,0.5033,0.6949,0.6289,0.1046,114.67,2742.32,0.2849,0.69625
2023-05-15,FARM0064,A,-7.517811,112.001419,586,3,56,8945,317.0,2.79,18.64,28.7,0.3,80.7,16.4,0.6585,0.691,0.6674,4.8566,0.453,0.662,0.572,-0.0145,0.7403,0.6949,0.6627,6.7008,0.5155,0.7761,0.6463,0.1454,0.6994,0.6929,0.6651,5.7787,0.4843,0.719,0.6092,0.0654,113.23,2316.09,0.3349,0.69615
2024-07-08,FARM0064,A,-7.517811,112.001419,586,4,52,9811,315.07,3.06,34.58,26.0,5.3,77.5,16.6,0.7503,0.616,0.6882,7.0081,0.4946,0.7978,0.64,0.1672,0.728,0.6938,0.6582,6.3524,0.5186,0.6916,0.6416,0.1191,0.7391,0.6549,0.6732,6.6803,0.5066,0.7447,0.6408,0.1432,116.68,2015.0,0.3268,0.6970000000000001
2020-12-26,FARM0065,A,-7.513113,112.01402,707,1,48,9911,388.36,3.36,28.42,28.1,8.0,85.1,14.2,0.7222,0.7253,0.725,6.1995,0.5278,0.7144,0.6432,0.1071,0.7819,0.6792,0.6637,8.1707,0.5441,0.8741,0.6825,0.2407,0.7521,0.7023,0.6943,7.1851,0.536,0.7942,0.6629,0.1739,113.13,2391.31,0.3057,0.7272000000000001
2022-01-20,FARM0065,A,-7.513113,112.01402,707,2,48,10913,371.84,2.94,30.05,32.3,33.7,78.4,15.8,0.7015,0.6959,0.7333,5.7009,0.536,0.6929,0.636,0.0655,0.724,0.6564,0.7133,6.2453,0.502,0.6949,0.631,0.1107,0.7127,0.6761,0.7233,5.9731,0.519,0.6939,0.6335,0.0881,114.44,2532.32,0.2766999999999999,0.6944
2023-03-16,FARM0065,A,-7.513113,112.01402,707,3,52,10520,288.56,3.06,34.27,32.6,2.8,70.6,16.8,0.7379,0.7037,0.6625,6.6304,0.5045,0.8149,0.6393,0.1402,0.7014,0.7078,0.717,5.6987,0.5002,0.6926,0.6185,0.0653,0.7197,0.7057,0.6898,6.1646,0.5024,0.7537,0.6289,0.1027,116.23,2301.56,0.3102,0.7127
2024-04-09,FARM0065,A,-7.513113,112.01402,707,4,48,9571,300.88,2.28,12.11,31.1,2.3,87.3,14.0,0.7195,0.6329,0.6163,6.1307,0.4836,0.7352,0.6189,0.1016,0.7181,0.689,0.7222,6.096,0.5183,0.7122,0.6364,0.0988,0.7188,0.661,0.6693,6.1133,0.5009,0.7237,0.6276,0.1002,110.15,2715.03,0.3307,0.6899
2021-02-24,FARM0066,A,-7.504661,111.986089,721,1,56,9548,380.25,3.34,43.78,29.5,19.2,85.7,16.2,0.7127,0.6284,0.6762,5.9605,0.4856,0.7027,0.6166,0.0876,0.73,0.6377,0.6779,6.4069,0.4787,0.7056,0.6213,0.1233,0.7213,0.633,0.677,6.1837,0.4822,0.7042,0.6189,0.1055,112.77,2528.15,0.323,0.67715
2022-05-20,FARM0066,A,-7.504661,111.986089,721,2,56,10143,346.65,2.88,26.97,28.4,0.1,89.5,13.9,0.7752,0.6522,0.6884,7.895,0.5677,0.9026,0.691,0.2245,0.7414,0.6716,0.6879,6.7349,0.4606,0.7111,0.6162,0.1478,0.7583,0.6619,0.6882,7.315,0.5141,0.8069,0.6536,0.1862,112.85,2541.8,0.3118,0.7101
2023-06-14,FARM0066,A,-7.504661,111.986089,721,3,48,9348,321.98,2.57,20.64,28.3,1.3,86.8,15.6,0.6685,0.6823,0.5993,5.0337,0.4788,0.7,0.5905,0.0034,0.7428,0.6726,0.6788,6.7764,0.4766,0.7425,0.6262,0.1508,0.7057,0.6774,0.639,5.905,0.4777,0.7212,0.6084,0.0771,115.87,2456.44,0.361,0.69155
2024-07-08,FARM0066,A,-7.504661,111.986089,721,4,48,8650,344.12,2.36,20.46,29.6,1.7,79.6,13.3,0.7308,0.6253,0.6838,6.4295,0.5048,0.735,0.6359,0.1251,0.7762,0.6945,0.6458,7.9377,0.5306,0.8292,0.6725,0.2271,0.7535,0.6599,0.6648,7.1836,0.5177,0.7821,0.6542,0.1761,115.58,2356.16,0.3352000000000001,0.7067
2021-01-25,FARM0067,A,-7.493238,111.985051,330,1,52,11305,360.91,3.6,31.47,28.8,28.3,81.7,15.0,0.6928,0.6874,0.715,5.5095,0.4926,0.7175,0.6101,0.0485,0.7465,0.7044,0.6901,6.8902,0.53,0.7693,0.6571,0.159,0.7196,0.6959,0.7026,6.1999,0.5113,0.7434,0.6336,0.1037,113.97,2352.96,0.2974,0.70775
2022-02-19,FARM0067,A,-7.493238,111.985051,330,2,48,9601,345.21,3.32,30.54,31.2,6.5,89.6,13.5,0.7163,0.6694,0.7149,6.0499,0.5021,0.731,0.6271,0.095,0.7473,0.6283,0.6368,6.9147,0.4743,0.6933,0.627,0.1607,0.7318,0.6488,0.6759,6.4823,0.4882,0.7122,0.6271,0.1279,116.18,2795.52,0.3241000000000001,0.6903
2023-05-15,FARM0067,A,-7.493238,111.985051,330,3,56,10275,304.91,3.31,40.28,29.3,9.0,73.7,14.0,0.7299,0.645,0.7186,6.406,0.5153,0.7556,0.641,0.1233,0.725,0.7105,0.6759,6.2715,0.4764,0.7126,0.6175,0.1128,0.7275,0.6778,0.6972,6.3388,0.4958,0.7341,0.6293,0.118,116.9,2159.41,0.3028,0.70265
2024-06-08,FARM0067,A,-7.493238,111.985051,330,4,48,10201,269.1,3.26,34.98,26.9,1.9,70.9,15.2,0.7184,0.6581,0.654,6.1034,0.5049,0.7758,0.6297,0.0994,0.7004,0.6443,0.6895,5.6764,0.4806,0.6415,0.6078,0.0634,0.7094,0.6512,0.6717,5.8899,0.4928,0.7087,0.6187,0.0814,114.01,1907.21,0.3283,0.6803
2020-12-26,FARM0068,A,-7.518118,112.006742,406,1,48,10834,369.64,3.2,24.24,26.2,3.5,83.4,13.0,0.7731,0.7158,0.7017,7.8153,0.5668,0.8399,0.6895,0.2197,0.7484,0.6348,0.7039,6.9481,0.4927,0.7565,0.638,0.163,0.7607,0.6753,0.7028,7.3817,0.5298,0.7982,0.6637,0.1914,114.09,2185.08,0.2972,0.718
2022-01-20,FARM0068,A,-7.518118,112.006742,406,2,48,10126,386.51,2.69,39.08,32.3,49.4,81.1,14.4,0.729,0.7274,0.6858,6.379,0.5481,0.7867,0.6567,0.1212,0.7315,0.7128,0.6619,6.4498,0.5239,0.7799,0.6462,0.1266,0.7302,0.7201,0.6739,6.4144,0.536,0.7833,0.6514,0.1239,115.6,2619.53,0.3260999999999999,0.72515
2023-03-16,FARM0068,A,-7.518118,112.006742,406,3,52,10071,330.37,2.59,23.88,32.5,24.3,75.3,13.0,0.6853,0.6734,0.7228,5.356,0.5179,0.6646,0.6187,0.0344,0.7732,0.6887,0.7222,7.8181,0.5407,0.7927,0.6763,0.2199,0.7293,0.6811,0.7225,6.5871,0.5293,0.7287,0.6475,0.1271,115.74,2447.25,0.2775,0.7052
2024-06-08,FARM0068,A,-7.518118,112.006742,406,4,56,10676,292.05,2.78,15.92,32.4,0.7,89.2,13.6,0.6916,0.6898,0.7226,5.4856,0.5077,0.6938,0.6171,0.0463,0.707,0.6503,0.6704,5.8269,0.4575,0.6948,0.5983,0.0764,0.6993,0.67,0.6965,5.6563,0.4826,0.6943,0.6077,0.0613,115.67,2890.08,0.3035,0.68465
2021-02-24,FARM0069,A,-7.519459,111.986487,346,1,56,10714,326.63,3.35,29.61,32.1,1.8,83.9,15.1,0.7218,0.6855,0.7142,6.1898,0.5029,0.7197,0.6304,0.1063,0.7561,0.6617,0.6914,7.1999,0.4962,0.7741,0.6437,0.1803,0.739,0.6736,0.7028,6.6949,0.4996,0.7469,0.637,0.1433,115.37,2693.190000000001,0.2972,0.7062999999999999
2022-04-20,FARM0069,A,-7.519459,111.986487,346,2,52,10148,332.37,2.67,24.12,33.1,4.4,86.3,13.5,0.6833,0.6723,0.7023,5.3152,0.4643,0.6821,0.5904,0.0306,0.7336,0.6761,0.6972,6.5084,0.4967,0.7251,0.633,0.1311,0.7085,0.6742,0.6998,5.9118,0.4805,0.7036,0.6117,0.0808,114.23,2856.53,0.3002,0.69135
2023-05-15,FARM0069,A,-7.519459,111.986487,346,3,48,9380,288.7,2.82,21.27,29.8,0.4,82.3,14.8,0.6946,0.695,0.6687,5.5482,0.4827,0.6992,0.6059,0.052,0.7894,0.6603,0.7197,8.4956,0.5412,0.8518,0.6847,0.259,0.742,0.6777,0.6942,7.0219,0.5119,0.7755,0.6453,0.1555,116.46,2452.54,0.3058,0.70985
2024-06-08,FARM0069,A,-7.519459,111.986487,346,4,48,9615,272.74,2.5,16.35,28.9,4.1,81.1,14.0,0.7648,0.6789,0.7279,7.5024,0.5504,0.8242,0.6769,0.2002,0.7027,0.6441,0.7144,5.7261,0.4955,0.691,0.6167,0.0677,0.7337,0.6615,0.7212,6.6142,0.523,0.7576,0.6468,0.1339,113.74,2343.79,0.2788,0.6976
2020-12-26,FARM0070,A,-7.509716,111.999178,533,1,48,10887,381.92,3.13,43.92,27.0,11.3,83.3,13.1,0.7383,0.7022,0.7088,6.6415,0.5521,0.7538,0.6637,0.141,0.745,0.6685,0.6222,6.8446,0.5035,0.7353,0.6423,0.1557,0.7417,0.6854,0.6655,6.743,0.5278,0.7446,0.653,0.1484,113.2,2249.1,0.3345,0.71355
2022-02-19,FARM0070,A,-7.509716,111.999178,533,2,52,10168,330.74,3.09,22.98,32.0,29.5,72.5,13.5,0.683,0.6858,0.6726,5.3089,0.5078,0.6738,0.6126,0.03,0.7139,0.6537,0.7222,5.9917,0.5165,0.6671,0.6333,0.0902,0.6985,0.6698,0.6974,5.6503,0.5122,0.6704,0.6229,0.0601,115.5,2320.0,0.3026,0.68415
2023-04-15,FARM0070,A,-7.509716,111.999178,533,3,52,10260,299.54,2.87,23.35,32.0,3.1,81.7,15.2,0.7505,0.7196,0.7275,7.0155,0.5437,0.766,0.666,0.1677,0.7012,0.6666,0.7102,5.6942,0.4864,0.7012,0.6112,0.0649,0.7259,0.6931,0.7188,6.3549,0.515,0.7336,0.6386,0.1163,113.58,2614.4,0.2812,0.7095
2024-06-08,FARM0070,A,-7.509716,111.999178,533,4,52,9522,323.17,2.25,20.06,32.6,1.7,83.2,14.9,0.7319,0.7096,0.688,6.4608,0.5351,0.7725,0.652,0.1275,0.7236,0.6835,0.6747,6.2361,0.5206,0.6882,0.6404,0.11,0.7278,0.6965,0.6813,6.3485,0.5278,0.7304,0.6462,0.1187,115.0,2712.32,0.3187,0.7121500000000001
2021-01-25,FARM0071,A,-7.484236,112.016795,743,1,52,9709,363.0,2.7,34.85,29.5,0.0,72.4,15.1,0.7366,0.6629,0.7288,6.5928,0.5408,0.7837,0.6573,0.1374,0.6874,0.6491,0.6966,5.3977,0.4556,0.6782,0.5877,0.0382,0.712,0.656,0.7127,5.9953,0.4982,0.7309,0.6225,0.0878,113.51,2135.8,0.2873,0.6839999999999999
2022-02-19,FARM0071,A,-7.484236,112.016795,743,2,48,10083,366.18,2.84,29.05,29.9,38.3,77.9,14.0,0.7377,0.6514,0.6949,6.6239,0.522,0.8269,0.6484,0.1397,0.74,0.7311,0.7081,6.693,0.5274,0.7663,0.6523,0.1448,0.7388,0.6913,0.7015,6.6584,0.5247,0.7966,0.6504,0.1422,115.69,2329.21,0.2985,0.71505
2023-03-16,FARM0071,A,-7.484236,112.016795,743,3,48,9254,312.09,2.59,25.32,35.0,1.8,72.6,15.2,0.6906,0.7291,0.7333,5.4634,0.531,0.6955,0.6277,0.0443,0.7311,0.7331,0.6783,6.4388,0.52,0.7301,0.644,0.1258,0.7109,0.7311,0.7058,5.9511,0.5255,0.7128,0.6358,0.085,116.43,2541.0,0.2942,0.721
2024-04-09,FARM0071,A,-7.484236,112.016795,743,4,48,10055,281.9,2.59,25.32,31.8,3.7,70.6,15.9,0.7412,0.6654,0.7274,6.7283,0.5534,0.7621,0.6659,0.1474,0.6999,0.6975,0.7066,5.6645,0.5105,0.7225,0.6229,0.0623,0.7206,0.6814,0.717,6.1964,0.532,0.7423,0.6444,0.1048,114.04,2245.08,0.283,0.7010000000000001
2020-12-26,FARM0072,A,-7.509324,112.01718,778,1,48,10280,388.92,2.93,38.96,28.2,45.4,83.6,14.7,0.7441,0.7038,0.6564,6.8148,0.5452,0.8507,0.6634,0.1536,0.7554,0.7359,0.6949,7.178,0.5203,0.7215,0.6565,0.1788,0.7498,0.7198,0.6757,6.9964,0.5327,0.7861,0.66,0.1662,116.57,2357.52,0.3243,0.7348
2022-01-20,FARM0072,A,-7.509324,112.01718,778,2,48,10628,328.41,2.82,34.31,32.6,13.3,88.6,13.0,0.6948,0.7186,0.7092,5.553,0.5287,0.6796,0.6289,0.0524,0.7423,0.6961,0.7222,6.7615,0.5283,0.7184,0.654,0.1498,0.7186,0.7073,0.7157,6.1572,0.5285,0.699,0.6415,0.1011,116.43,2888.36,0.2843,0.71295
2023-04-15,FARM0072,A,-7.509324,112.01718,778,3,56,10154,331.48,3.03,23.52,35.0,1.6,78.9,13.2,0.6604,0.6892,0.613,4.8895,0.4545,0.6323,0.5738,-0.0112,0.7446,0.6926,0.6374,6.83,0.5292,0.7719,0.6556,0.1547,0.7025,0.6909,0.6252,5.8598,0.4919,0.7021,0.6147,0.0718,112.77,2761.5,0.3748,0.6967
2024-05-09,FARM0072,A,-7.509324,112.01718,778,4,48,9916,326.86,2.71,20.92,33.2,0.9,76.5,14.3,0.7189,0.625,0.6624,6.1145,0.4789,0.7687,0.616,0.1003,0.7831,0.6478,0.6227,8.2202,0.5143,0.7519,0.6669,0.2436,0.751,0.6364,0.6426,7.1674,0.4966,0.7603,0.6415,0.1719,114.95,2539.8,0.3574000000000001,0.6937
2020-12-26,FARM0073,B,-7.556323,112.066969,452,1,48,9691,379.44,2.74,33.98,30.0,9.1,81.4,14.3,0.6667,0.6895,0.5005,4.9998,0.4785,0.6548,0.5894,0.0,0.7296,0.6571,0.5471,6.3957,0.4673,0.7015,0.6146,0.1225,0.6981,0.6733,0.5238,5.6978,0.4729,0.6782,0.602,0.0612,115.57,2442.0,0.4762,0.6857
2022-03-21,FARM0073,B,-7.556323,112.066969,452,2,56,9671,317.9,3.3,44.68,31.5,8.6,75.8,14.6,0.6714,0.699,0.5089,5.0873,0.46,0.6557,0.5822,0.0087,0.6766,0.6336,0.5524,5.1843,0.4445,0.6236,0.5763,0.0181,0.674,0.6663,0.5307,5.1358,0.4523,0.6396,0.5793,0.0134,113.79,2387.7,0.4693000000000001,0.67015
2023-04-15,FARM0073,B,-7.556323,112.066969,452,3,48,10600,329.83,2.95,23.83,34.5,4.7,73.9,15.0,0.7239,0.6928,0.5931,6.2446,0.5057,0.7123,0.6329,0.1107,0.7459,0.7112,0.5575,6.8724,0.4576,0.7324,0.6165,0.1577,0.7349,0.702,0.5753,6.5585,0.4816,0.7223,0.6247,0.1342,112.74,2549.55,0.4247,0.71845
2024-07-08,FARM0073,B,-7.556323,112.066969,452,4,56,8858,296.81,2.77,19.97,29.3,0.3,78.3,15.3,0.6959,0.6817,0.5563,5.5769,0.5001,0.7454,0.6156,0.0545,0.7014,0.7064,0.5316,5.699,0.4841,0.6409,0.6101,0.0653,0.6987,0.6941,0.544,5.638,0.4921,0.6932,0.6129,0.0599,114.92,2294.19,0.456,0.6964
2021-02-24,FARM0074,B,-7.53414,112.069307,732,1,56,10233,332.59,2.98,35.21,34.0,8.5,81.6,15.4,0.7336,0.6853,0.6238,6.5075,0.539,0.7907,0.6548,0.131,0.6809,0.7249,0.5811,5.2685,0.4647,0.6261,0.5895,0.0261,0.7073,0.7051,0.6024,5.888,0.5019,0.7084,0.6222,0.0786,115.59,2774.4,0.3976,0.7061999999999999
2022-03-21,FARM0074,B,-7.53414,112.069307,732,2,48,10153,361.02,3.06,26.33,32.6,9.7,75.3,15.6,0.765,0.6988,0.5592,7.5095,0.5634,0.7991,0.6835,0.2006,0.6979,0.7126,0.6354,5.6199,0.4956,0.7151,0.6143,0.0584,0.7314,0.7057,0.5973,6.5647,0.5295,0.7571,0.6489,0.1295,115.47,2454.78,0.4026999999999999,0.71855
2023-05-15,FARM0074,B,-7.53414,112.069307,732,3,52,10114,348.18,3.33,32.94,35.0,6.8,70.6,13.1,0.7158,0.6413,0.6233,6.0369,0.5247,0.7183,0.6383,0.0939,0.7742,0.7175,0.5647,7.8568,0.4852,0.8225,0.6459,0.2222,0.745,0.6794,0.594,6.9468,0.5049,0.7704,0.6421,0.1581,113.94,2471.0,0.406,0.7121999999999999
2024-07-08,FARM0074,B,-7.53414,112.069307,732,4,52,9384,311.93,2.62,20.98,28.8,0.4,81.7,16.7,0.7169,0.6353,0.5939,6.0634,0.5185,0.754,0.6358,0.0961,0.7012,0.6481,0.5678,5.6942,0.461,0.6474,0.5975,0.0649,0.709,0.6417,0.5809,5.8788,0.4897,0.7007,0.6166,0.0805,117.26,2352.96,0.4191,0.67535
2021-01-25,FARM0075,B,-7.565922,112.046186,475,1,52,10408,365.26,3.06,31.24,31.9,3.5,73.0,14.3,0.7262,0.6533,0.6294,6.3041,0.5207,0.7294,0.6418,0.1154,0.7104,0.7361,0.5905,5.9073,0.5048,0.706,0.6255,0.0832,0.7183,0.6947,0.6099,6.1057,0.5128,0.7177,0.6336,0.0993,116.61,2328.7,0.3901,0.7065
2022-04-20,FARM0075,B,-7.565922,112.046186,475,2,56,9770,321.5,2.87,28.32,34.7,4.9,73.4,14.9,0.7322,0.7159,0.5118,6.4687,0.5335,0.7927,0.6514,0.1281,0.71,0.7017,0.5456,5.8963,0.4943,0.6645,0.6198,0.0823,0.7211,0.7088,0.5287,6.1825,0.5139,0.7286,0.6356,0.1052,114.21,2546.98,0.4713000000000001,0.71495
2023-07-14,FARM0075,B,-7.565922,112.046186,475,3,56,10822,307.11,2.68,14.02,27.9,1.7,76.3,15.9,0.6945,0.7021,0.5529,5.5465,0.5153,0.7171,0.6223,0.0518,0.7275,0.6937,0.5928,6.339,0.4775,0.6738,0.6194,0.1181,0.711,0.6979,0.5728,5.9427,0.4964,0.6954,0.6209,0.085,115.74,2128.77,0.4272,0.70445
2024-08-07,FARM0075,B,-7.565922,112.046186,475,4,48,10379,303.93,2.43,13.54,28.0,1.6,83.0,13.5,0.6778,0.6351,0.4775,5.2074,0.4725,0.6574,0.592,0.0203,0.7021,0.7054,0.562,5.7147,0.5115,0.6638,0.6246,0.0667,0.69,0.6702,0.5197,5.461,0.492,0.6606,0.6083,0.0435,115.85,2324.0,0.4802999999999999,0.6800999999999999
2021-01-25,FARM0076,B,-7.564982,112.061459,241,1,52,9530,354.47,3.13,49.12,29.6,1.7,73.2,16.4,0.6964,0.6423,0.5295,5.5872,0.4624,0.6936,0.5959,0.0555,0.7798,0.7121,0.547,8.084,0.5337,0.8223,0.6759,0.2357,0.7381,0.6772,0.5382,6.8356,0.4981,0.758,0.6359,0.1456,114.61,2166.72,0.4618,0.70765
2022-02-19,FARM0076,B,-7.564982,112.061459,241,2,48,9466,310.51,2.87,22.11,33.3,3.3,85.9,13.4,0.7263,0.6478,0.5417,6.3077,0.5307,0.7261,0.6468,0.1156,0.7362,0.6853,0.5002,6.5828,0.498,0.75,0.635,0.1366,0.7313,0.6665,0.521,6.4452,0.5143,0.7381,0.6409,0.1261,113.12,2860.47,0.479,0.6989
2023-04-15,FARM0076,B,-7.564982,112.061459,241,3,52,9651,324.16,3.09,31.51,35.0,12.1,72.0,13.5,0.6627,0.67,0.5684,4.9301,0.4509,0.6001,0.573,-0.007,0.6745,0.6713,0.5723,5.1445,0.4544,0.6056,0.5807,0.0142,0.6686,0.6706,0.5703,5.0373,0.4527,0.6028,0.5769,0.0036,113.25,2520.0,0.4297,0.6696
2024-06-08,FARM0076,B,-7.564982,112.061459,241,4,52,9506,299.89,2.64,21.89,28.1,1.6,83.4,14.7,0.7363,0.6561,0.514,6.5854,0.5513,0.8181,0.6622,0.1368,0.7082,0.6773,0.6371,5.8532,0.5141,0.6862,0.629,0.0786,0.7223,0.6667,0.5755,6.2193,0.5327,0.7521,0.6456,0.1077,115.87,2343.54,0.4245,0.6945
2020-12-26,FARM0077,B,-7.530854,112.059064,516,1,48,10015,342.88,3.09,34.26,28.3,5.9,70.2,14.8,0.6683,0.6981,0.6131,5.0299,0.469,0.6179,0.5854,0.003,0.7075,0.6504,0.5196,5.8373,0.4664,0.6704,0.6035,0.0773,0.6879,0.6742,0.5664,5.4336,0.4677,0.6441,0.5944,0.0401,112.89,1986.66,0.4336,0.6810499999999999
2022-03-21,FARM0077,B,-7.530854,112.059064,516,2,56,10698,356.3,2.81,36.57,35.0,1.3,71.7,16.0,0.6661,0.6965,0.545,4.9896,0.4495,0.6551,0.5739,-0.001,0.716,0.7015,0.6285,6.0419,0.4933,0.6652,0.6223,0.0944,0.691,0.699,0.5867,5.5157,0.4714,0.6602,0.5981,0.0467,115.41,2509.5,0.4133,0.695
2023-04-15,FARM0077,B,-7.530854,112.059064,516,3,48,9925,342.58,2.51,15.63,32.3,2.7,84.9,14.8,0.7426,0.647,0.4975,6.7702,0.4788,0.8162,0.6274,0.1504,0.7476,0.6326,0.5122,6.9236,0.4595,0.7592,0.6184,0.1613,0.7451,0.6398,0.5049,6.8469,0.4692,0.7877,0.6229,0.1559,116.51,2742.27,0.4951,0.69245
2024-07-08,FARM0077,B,-7.530854,112.059064,516,4,56,8988,302.27,2.17,19.93,28.6,12.8,80.8,16.4,0.6945,0.6988,0.6209,5.5463,0.5328,0.6794,0.6307,0.0518,0.7567,0.6925,0.5226,7.2211,0.4617,0.7194,0.6238,0.1817,0.7256,0.6956,0.5717,6.3837,0.4973,0.6994,0.6273,0.1168,115.97,2310.88,0.4283,0.7106
2021-01-25,FARM0078,B,-7.561563,112.056901,691,1,52,9519,369.58,3.39,56.92,32.5,12.1,71.6,14.9,0.7103,0.6615,0.5801,5.9027,0.5399,0.6999,0.6427,0.0828,0.7042,0.7321,0.5586,5.7622,0.4915,0.7135,0.6154,0.0708,0.7072,0.6968,0.5694,5.8324,0.5157,0.7067,0.629,0.0768,114.0,2327.0,0.4306,0.702
2022-02-19,FARM0078,B,-7.561563,112.056901,691,2,48,8900,298.78,3.14,24.62,32.0,23.4,80.4,13.5,0.7104,0.6649,0.5223,5.9051,0.4782,0.7387,0.6114,0.083,0.762,0.7033,0.5617,7.4035,0.492,0.7686,0.6442,0.1938,0.7362,0.6841,0.542,6.6543,0.4851,0.7536,0.6278,0.1384,115.07,2572.8,0.458,0.7101500000000001
2023-03-16,FARM0078,B,-7.561563,112.056901,691,3,48,10044,339.89,2.66,29.89,33.9,1.4,87.2,15.9,0.7104,0.6758,0.523,5.906,0.5307,0.7323,0.6383,0.0831,0.7466,0.6594,0.5742,6.8918,0.53,0.7666,0.6571,0.1591,0.7285,0.6676,0.5486,6.3989,0.5303,0.7495,0.6477,0.1211,112.72,2956.08,0.4514,0.6980500000000001
2024-04-09,FARM0078,B,-7.561563,112.056901,691,4,48,8883,297.81,2.78,18.2,35.0,2.5,83.2,13.6,0.7451,0.6995,0.6108,6.8465,0.527,0.74,0.6548,0.1559,0.765,0.625,0.6025,7.5116,0.4863,0.7414,0.6423,0.2007,0.7551,0.6623,0.6067,7.179,0.5066,0.7407,0.6485,0.1783,113.62,2912.0,0.3933,0.7087
2021-02-24,FARM0079,B,-7.546492,112.032562,231,1,56,10937,342.25,3.08,31.34,35.0,5.6,72.8,14.1,0.7207,0.6682,0.5224,6.1608,0.5442,0.7999,0.6504,0.104,0.7715,0.6599,0.5368,7.7509,0.526,0.7621,0.6676,0.2157,0.7461,0.664,0.5296,6.9558,0.5351,0.781,0.659,0.1599,115.15,2548.0,0.4704,0.70505
2022-04-20,FARM0079,B,-7.546492,112.032562,231,2,52,9932,342.98,2.75,27.64,30.6,7.2,82.4,15.7,0.6924,0.7043,0.5568,5.502,0.501,0.6894,0.6142,0.0478,0.7236,0.681,0.5899,6.2346,0.4543,0.6476,0.6042,0.1099,0.708,0.6927,0.5733,5.8683,0.4776,0.6685,0.6092,0.0788,116.21,2521.440000000001,0.4267,0.70035
2023-05-15,FARM0079,B,-7.546492,112.032562,231,3,48,10514,324.71,3.08,40.97,31.7,0.5,68.4,16.5,0.71,0.6357,0.5313,5.8976,0.5111,0.7442,0.6285,0.0824,0.7815,0.7072,0.5155,8.1536,0.534,0.8676,0.6769,0.2398,0.7458,0.6714,0.5234,7.0256,0.5226,0.8059,0.6527,0.1611,116.64,2168.28,0.4766,0.7086
2024-08-07,FARM0079,B,-7.546492,112.032562,231,4,56,8892,271.84,2.5,14.7,26.5,0.3,77.8,15.8,0.73,0.6615,0.6139,6.4075,0.5173,0.8113,0.642,0.1234,0.7367,0.6684,0.5997,6.596,0.4827,0.6887,0.6268,0.1376,0.7334,0.665,0.6068,6.5018,0.5,0.75,0.6344,0.1305,114.01,2061.7,0.3932,0.6992
2021-02-24,FARM0080,B,-7.531765,112.059364,685,1,56,10587,364.03,3.5,36.69,32.9,6.6,73.8,14.0,0.7324,0.6376,0.5244,6.4729,0.5296,0.789,0.6495,0.1284,0.7686,0.6725,0.5902,7.6438,0.4861,0.7467,0.6439,0.2091,0.7505,0.6551,0.5573,7.0583,0.5079,0.7679,0.6467,0.1687,113.5,2428.02,0.4427,0.7028
2022-05-20,FARM0080,B,-7.531765,112.059364,685,2,56,9950,343.11,2.59,22.43,30.7,0.3,68.4,16.2,0.6757,0.6262,0.5603,5.1675,0.4628,0.6633,0.5858,0.0165,0.6911,0.6536,0.6131,5.4739,0.445,0.6568,0.5835,0.0452,0.6834,0.6399,0.5867,5.3207,0.4539,0.6601,0.5847,0.0309,116.97,2099.88,0.4133,0.6616500000000001
2023-06-14,FARM0080,B,-7.531765,112.059364,685,3,48,10772,311.01,2.27,21.29,30.8,0.2,77.8,13.6,0.73,0.6724,0.4921,6.4071,0.5038,0.7622,0.635,0.1234,0.6781,0.651,0.5297,5.2126,0.4602,0.6357,0.5857,0.0208,0.704,0.6617,0.5109,5.8098,0.482,0.699,0.6103,0.0721,115.63,2396.24,0.4891,0.68285
2024-08-07,FARM0080,B,-7.531765,112.059364,685,4,52,9114,301.33,2.39,16.74,24.2,5.0,84.0,14.8,0.7126,0.6469,0.5916,5.958,0.5165,0.7274,0.6325,0.0874,0.7177,0.675,0.6063,6.0855,0.4651,0.6814,0.6077,0.0979,0.7151,0.6609,0.5989,6.0218,0.4908,0.7044,0.6201,0.0927,116.01,2032.8,0.4011,0.688
2021-02-24,FARM0081,B,-7.561451,112.037878,243,1,56,9534,345.22,2.96,20.73,33.8,2.9,73.0,16.2,0.7677,0.6885,0.6369,7.6079,0.5646,0.8114,0.6855,0.2068,0.7627,0.6523,0.6013,7.4267,0.4868,0.7621,0.6415,0.1953,0.7652,0.6704,0.6191,7.5173,0.5257,0.7868,0.6635,0.2011,114.25,2467.4,0.3809,0.7178
2022-05-20,FARM0081,B,-7.561451,112.037878,243,2,56,10146,337.91,2.98,19.04,28.9,1.4,69.3,16.7,0.7189,0.6814,0.5106,6.1147,0.5032,0.7507,0.629,0.1003,0.7123,0.6498,0.541,5.9524,0.4949,0.7277,0.6213,0.087,0.7156,0.6656,0.5258,6.0336,0.499,0.7392,0.6252,0.0936,113.69,2002.77,0.4742,0.6906
2023-06-14,FARM0081,B,-7.561451,112.037878,243,3,48,9029,310.28,2.78,32.28,30.0,1.1,83.1,13.9,0.6787,0.6456,0.5887,5.2243,0.4842,0.6649,0.5986,0.0219,0.7485,0.7071,0.586,6.9514,0.4842,0.763,0.6333,0.1633,0.7136,0.6763,0.5874,6.0878,0.4842,0.7139,0.6159,0.0926,117.22,2493.0,0.4126,0.69495
2024-08-07,FARM0081,B,-7.561451,112.037878,243,4,52,9357,275.44,2.33,11.76,26.2,4.3,77.6,16.7,0.7032,0.7079,0.5217,5.7388,0.5209,0.7482,0.6297,0.0688,0.7564,0.6861,0.561,7.2086,0.4876,0.776,0.639,0.1809,0.7298,0.697,0.5413,6.4737,0.5042,0.7621,0.6343,0.1249,93.52,2033.12,0.4587,0.7134
2020-12-26,FARM0082,B,-7.565457,112.06224,358,1,48,11068,311.42,3.25,38.0,29.4,6.2,70.2,14.1,0.7428,0.6557,0.6159,6.7747,0.5431,0.7739,0.6617,0.1507,0.7337,0.7271,0.601,6.5113,0.4855,0.6835,0.6269,0.1313,0.7382,0.6914,0.6085,6.643,0.5143,0.7287,0.6443,0.141,117.14,2063.88,0.3915,0.7148
2022-02-19,FARM0082,B,-7.565457,112.06224,358,2,52,10337,340.94,2.76,24.8,30.8,9.8,87.8,15.7,0.7392,0.6626,0.6251,6.6685,0.5475,0.7441,0.662,0.143,0.7295,0.6326,0.5157,6.3931,0.4642,0.6872,0.6128,0.1223,0.7343,0.6476,0.5704,6.5308,0.5059,0.7157,0.6374,0.1326,115.96,2704.24,0.4296,0.69095
2023-03-16,FARM0082,B,-7.565457,112.06224,358,3,48,10242,306.5,2.55,24.14,32.1,15.8,74.6,14.6,0.7243,0.6686,0.5386,6.2548,0.4925,0.764,0.6261,0.1115,0.7927,0.6983,0.5226,8.6501,0.5483,0.8469,0.6902,0.2674,0.7585,0.6835,0.5306,7.4525,0.5204,0.8055,0.6581,0.1894,116.63,2394.66,0.4694,0.721
2024-05-09,FARM0082,B,-7.565457,112.06224,358,4,52,9276,302.63,2.94,27.91,32.3,0.1,81.8,14.9,0.732,0.6961,0.5144,6.463,0.4839,0.7562,0.6251,0.1276,0.6994,0.647,0.632,5.654,0.4779,0.6795,0.6058,0.0614,0.7157,0.6715,0.5732,6.0585,0.4809,0.7179,0.6155,0.0945,115.9,2642.14,0.4268,0.6936
2020-12-26,FARM0083,B,-7.55328,112.052622,580,1,48,9742,340.02,3.19,44.47,30.8,41.8,86.3,15.2,0.7624,0.7065,0.5601,7.4183,0.5153,0.8023,0.6574,0.1947,0.7294,0.6995,0.5685,6.391,0.4627,0.7356,0.6118,0.1221,0.7459,0.703,0.5643,6.9046,0.489,0.7689,0.6346,0.1584,112.94,2658.04,0.4357,0.72445
2022-01-20,FARM0083,B,-7.55328,112.052622,580,2,48,8878,354.73,3.52,54.94,31.0,12.1,87.7,15.9,0.6947,0.7089,0.5716,5.5501,0.5228,0.6761,0.6261,0.0521,0.6986,0.6873,0.5539,5.6356,0.4782,0.6747,0.6056,0.0598,0.6966,0.6981,0.5628,5.5928,0.5005,0.6754,0.6158,0.0559,112.88,2718.7,0.4372,0.69735
2023-02-14,FARM0083,B,-7.55328,112.052622,580,3,48,8685,323.66,3.04,22.44,30.4,2.8,81.4,15.4,0.764,0.6428,0.5881,7.4755,0.5408,0.8131,0.6716,0.1984,0.7413,0.6446,0.5842,6.7315,0.4906,0.7759,0.6334,0.1476,0.7527,0.6437,0.5862,7.1035,0.5157,0.7945,0.6525,0.173,116.98,2474.56,0.4137999999999999,0.6982
2024-04-09,FARM0083,B,-7.55328,112.052622,580,4,52,8547,281.73,2.57,22.22,31.7,1.3,83.7,13.8,0.7091,0.6374,0.5214,5.8751,0.5177,0.7561,0.6313,0.0805,0.7655,0.6899,0.5333,7.5274,0.5057,0.7783,0.6536,0.2018,0.7373,0.6636,0.5274,6.7013,0.5117,0.7672,0.6424,0.1411,115.5,2653.29,0.4726,0.70045
2021-02-24,FARM0084,B,-7.554241,112.040613,488,1,56,10806,348.49,3.32,36.63,35.0,25.6,79.8,14.0,0.7222,0.6595,0.5345,6.1995,0.4868,0.7156,0.6219,0.1071,0.6672,0.7057,0.4762,5.0091,0.4374,0.6465,0.5678,0.0009,0.6947,0.6826,0.5053,5.6043,0.4621,0.6811,0.5948,0.054,114.71,2793.0,0.4947,0.68865
2022-04-20,FARM0084,B,-7.554241,112.040613,488,2,52,10227,331.03,2.63,29.69,35.0,0.3,83.4,15.5,0.7423,0.6591,0.6147,6.7596,0.5282,0.817,0.6539,0.1496,0.7747,0.6473,0.5154,7.8777,0.5093,0.7892,0.6601,0.2235,0.7585,0.6532,0.5651,7.3187,0.5187,0.8031,0.657,0.1865,114.39,2919.0,0.4349,0.70585
2023-05-15,FARM0084,B,-7.554241,112.040613,488,3,48,9693,312.2,2.83,24.6,33.6,0.7,70.9,14.3,0.7561,0.6922,0.5896,7.2004,0.5597,0.7732,0.6769,0.1804,0.689,0.6828,0.5544,5.4301,0.479,0.6837,0.6011,0.0412,0.7225,0.6875,0.572,6.3152,0.5194,0.7284,0.639,0.1108,115.35,2382.24,0.428,0.7050000000000001
2024-06-08,FARM0084,B,-7.554241,112.040613,488,4,48,9535,310.27,2.39,25.31,30.4,1.9,73.1,15.0,0.7369,0.6121,0.537,6.603,0.4778,0.7804,0.6241,0.1382,0.7455,0.6589,0.5205,6.8599,0.4969,0.7697,0.639,0.1568,0.7412,0.6355,0.5288,6.7314,0.4873,0.775,0.6315,0.1475,116.02,2222.24,0.4712,0.68835
2020-12-26,FARM0085,B,-7.56182,112.043519,569,1,48,10576,385.8,2.77,19.45,25.9,9.0,86.2,16.3,0.6933,0.67,0.609,5.52,0.5011,0.6712,0.6147,0.0494,0.7344,0.6236,0.5479,6.5309,0.4648,0.7387,0.6154,0.1328,0.7138,0.6468,0.5784,6.0255,0.483,0.7049,0.6151,0.0911,115.94,2232.58,0.4216,0.6803
2022-03-21,FARM0085,B,-7.56182,112.043519,569,2,56,10337,327.43,3.02,48.19,33.2,16.1,85.9,14.6,0.7412,0.6795,0.5177,6.7266,0.5534,0.8161,0.6658,0.1472,0.6948,0.6668,0.5009,5.5532,0.4546,0.6338,0.5908,0.0524,0.718,0.6732,0.5093,6.1399,0.504,0.725,0.6283,0.0998,115.24,2851.880000000001,0.4907,0.6956
2023-05-15,FARM0085,B,-7.56182,112.043519,569,3,52,10452,330.81,3.21,31.77,31.7,2.1,69.3,16.3,0.7591,0.6717,0.5509,7.3037,0.551,0.8589,0.6743,0.1872,0.7071,0.7015,0.5852,5.8293,0.4648,0.6576,0.6024,0.0766,0.7331,0.6866,0.5681,6.5665,0.5079,0.7583,0.6384,0.1319,116.99,2196.81,0.4319,0.70985
2024-07-08,FARM0085,B,-7.56182,112.043519,569,4,52,10042,283.29,2.52,14.26,25.0,4.4,80.4,15.4,0.7115,0.6346,0.6218,5.9318,0.511,0.6871,0.6292,0.0852,0.7549,0.6991,0.544,7.1604,0.4725,0.7581,0.6295,0.1777,0.7332,0.6669,0.5829,6.5461,0.4917,0.7226,0.6293,0.1314,117.26,2010.0,0.4171,0.7000500000000001
2021-01-25,FARM0086,B,-7.560925,112.042433,288,1,52,10718,355.22,3.08,26.36,28.3,31.2,78.2,14.6,0.6842,0.6157,0.5719,5.3335,0.4682,0.6631,0.593,0.0323,0.7036,0.7331,0.5464,5.7487,0.4836,0.6891,0.611,0.0697,0.6939,0.6744,0.5591,5.5411,0.4759,0.6761,0.602,0.051,113.84,2213.06,0.4409,0.68415
2022-03-21,FARM0086,B,-7.560925,112.042433,288,2,52,9826,358.0,2.53,27.84,33.1,4.4,70.4,13.4,0.7545,0.723,0.6166,7.1479,0.5468,0.8465,0.6697,0.1768,0.7528,0.7235,0.6378,7.0921,0.509,0.7483,0.6492,0.173,0.7537,0.7232,0.6272,7.12,0.5279,0.7974,0.6594,0.1749,116.57,2330.24,0.3728,0.73845
2023-06-14,FARM0086,B,-7.560925,112.042433,288,3,56,10239,300.64,2.41,15.31,31.3,6.3,72.3,16.2,0.7417,0.6399,0.6022,6.7433,0.5415,0.7659,0.6603,0.1484,0.7484,0.7094,0.5357,6.9488,0.5198,0.7255,0.6527,0.1631,0.7451,0.6747,0.569,6.846,0.5307,0.7457,0.6565,0.1558,117.1,2262.99,0.431,0.7099
2024-08-07,FARM0086,B,-7.560925,112.042433,288,4,52,10347,300.47,2.52,15.64,24.2,17.1,85.9,15.1,0.7017,0.6477,0.5528,5.7047,0.5299,0.7552,0.6333,0.0658,0.739,0.674,0.4984,6.6626,0.5022,0.7637,0.6386,0.1426,0.7203,0.6609,0.5256,6.1836,0.5161,0.7594,0.636,0.1042,114.85,2078.78,0.4744,0.6906000000000001
2021-02-24,FARM0087,B,-7.547054,112.047792,701,1,56,9643,318.38,2.97,22.27,32.5,31.9,75.9,14.1,0.6914,0.6591,0.5311,5.4811,0.4862,0.7291,0.6062,0.0459,0.702,0.6383,0.5941,5.7113,0.4779,0.6608,0.6071,0.0664,0.6967,0.6487,0.5626,5.5962,0.4821,0.695,0.6066,0.0562,117.25,2466.75,0.4374,0.6727000000000001
2022-05-20,FARM0087,B,-7.547054,112.047792,701,2,56,10379,330.47,2.85,34.25,32.0,0.4,75.4,15.9,0.6957,0.6375,0.5076,5.573,0.4738,0.6781,0.6018,0.0542,0.7487,0.709,0.5642,6.9576,0.5295,0.7374,0.6579,0.1637,0.7222,0.6732,0.5359,6.2653,0.5017,0.7078,0.6298,0.109,116.75,2412.8,0.4641,0.6977
2023-06-14,FARM0087,B,-7.547054,112.047792,701,3,48,10138,313.82,2.51,23.98,30.5,0.6,82.7,13.8,0.6974,0.6331,0.5955,5.6087,0.4695,0.6534,0.6002,0.0574,0.7127,0.7189,0.5825,5.9619,0.5079,0.711,0.6283,0.0877,0.705,0.676,0.589,5.7853,0.4887,0.6822,0.6143,0.0726,113.07,2522.35,0.411,0.6905
2024-09-06,FARM0087,B,-7.547054,112.047792,701,4,56,9012,313.67,2.6,14.77,24.6,0.1,85.6,16.3,0.7401,0.718,0.5339,6.6956,0.5329,0.7919,0.6552,0.145,0.6996,0.6834,0.5255,5.6573,0.4441,0.6771,0.587,0.0617,0.7198,0.7007,0.5297,6.1765,0.4885,0.7345,0.6211,0.1033,113.29,2105.76,0.4703000000000001,0.71025
2021-01-25,FARM0088,B,-7.548939,112.045829,280,1,52,11158,336.32,3.02,22.1,32.2,2.3,84.7,13.0,0.6949,0.6697,0.6071,5.5551,0.4767,0.7389,0.6029,0.0526,0.7344,0.6932,0.6122,6.5301,0.5251,0.6996,0.6482,0.1327,0.7146,0.6814,0.6096,6.0426,0.5009,0.7193,0.6256,0.0926,115.74,2727.34,0.3904,0.698
2022-03-21,FARM0088,B,-7.548939,112.045829,280,2,52,10333,315.93,2.91,20.13,30.8,50.0,68.3,15.4,0.7566,0.7064,0.506,7.2172,0.5309,0.8425,0.6627,0.1815,0.729,0.6854,0.5183,6.3792,0.4708,0.666,0.6163,0.1212,0.7428,0.6959,0.5122,6.7982,0.5008,0.7543,0.6395,0.1513,116.5,2103.64,0.4878,0.7193499999999999
2023-06-14,FARM0088,B,-7.548939,112.045829,280,3,56,9688,306.54,2.37,20.51,32.4,2.2,75.2,14.9,0.69,0.7063,0.5229,5.4524,0.5136,0.7382,0.6192,0.0433,0.7098,0.7194,0.6362,5.893,0.5148,0.6677,0.6302,0.082,0.6999,0.7128,0.5795,5.6727,0.5142,0.7029,0.6247,0.0626,116.4,2436.48,0.4205,0.70635
2024-09-06,FARM0088,B,-7.548939,112.045829,280,4,56,9625,285.82,2.21,11.49,22.0,3.1,77.3,15.0,0.672,0.6947,0.5178,5.0978,0.4845,0.6652,0.5952,0.0097,0.6907,0.6957,0.6227,5.4655,0.4785,0.6558,0.6017,0.0445,0.6813,0.6952,0.5702,5.2816,0.4815,0.6605,0.5985,0.0271,85.37,1700.6,0.4298,0.68825
2020-12-26,FARM0089,B,-7.558472,112.036412,276,1,48,11439,322.63,3.34,34.37,29.2,1.2,77.2,16.6,0.653,0.6099,0.4699,4.763,0.4499,0.5938,0.5676,-0.0243,0.6902,0.6828,0.5291,5.4564,0.4625,0.646,0.5929,0.0437,0.6716,0.6464,0.4995,5.1097,0.4562,0.6199,0.5802,0.0097,114.29,2254.24,0.5005,0.659
2022-03-21,FARM0089,B,-7.558472,112.036412,276,2,56,10998,317.94,2.58,14.53,35.0,19.8,80.7,15.6,0.7681,0.6849,0.5604,7.6257,0.5584,0.8636,0.6827,0.208,0.7875,0.6781,0.5933,8.4136,0.5404,0.8286,0.6834,0.2545,0.7778,0.6815,0.5768,8.0197,0.5494,0.8461,0.683,0.2312,114.27,2824.5,0.4232,0.72965
2023-04-15,FARM0089,B,-7.558472,112.036412,276,3,48,9949,331.38,3.06,18.74,32.4,3.8,82.9,13.2,0.7297,0.6537,0.5916,6.3989,0.4911,0.7137,0.628,0.1227,0.7171,0.7289,0.6002,6.0684,0.5178,0.703,0.6355,0.0965,0.7234,0.6913,0.5959,6.2337,0.5045,0.7083,0.6318,0.1096,113.29,2685.96,0.4041,0.70735
2024-06-08,FARM0089,B,-7.558472,112.036412,276,4,52,10172,292.89,2.88,16.72,32.1,0.8,77.8,14.4,0.7764,0.7083,0.5251,7.945,0.5619,0.8172,0.6888,0.2275,0.74,0.6846,0.5053,6.6933,0.4906,0.7787,0.6328,0.1448,0.7582,0.6965,0.5152,7.3191,0.5262,0.7979,0.6608,0.1862,115.95,2497.38,0.4848,0.7273499999999999
2020-12-26,FARM0090,B,-7.558381,112.036607,750,1,48,10403,356.38,2.86,46.14,26.9,36.7,73.5,16.2,0.7239,0.6621,0.6179,6.2428,0.5459,0.7927,0.6529,0.1105,0.7801,0.688,0.5789,8.0933,0.5231,0.768,0.6703,0.2363,0.752,0.6751,0.5984,7.1681,0.5345,0.7803,0.6616,0.1734,115.05,1977.15,0.4016,0.71355
2022-02-19,FARM0090,B,-7.558381,112.036607,750,2,52,10843,351.2,2.85,38.22,34.5,6.7,80.0,13.5,0.7086,0.6424,0.5163,5.8627,0.4691,0.6977,0.6056,0.0794,0.713,0.6674,0.569,5.9686,0.4841,0.6835,0.6159,0.0883,0.7108,0.6549,0.5426,5.9156,0.4766,0.6906,0.6107,0.0839,113.35,2760.0,0.4574,0.68285
2023-04-15,FARM0090,B,-7.558381,112.036607,750,3,52,10186,301.18,2.75,28.41,32.8,0.9,68.2,14.1,0.6858,0.6701,0.5741,5.3663,0.4645,0.6989,0.5919,0.0353,0.7442,0.7353,0.622,6.8192,0.5291,0.745,0.6554,0.1539,0.715,0.7027,0.5981,6.0928,0.4968,0.722,0.6236,0.0946,115.79,2236.96,0.4019,0.70885
2024-07-08,FARM0090,B,-7.558381,112.036607,750,4,56,9906,304.51,3.0,24.8,27.4,0.5,77.6,13.1,0.7684,0.67,0.6185,7.6364,0.5504,0.8723,0.6788,0.2086,0.7038,0.7056,0.5824,5.7518,0.4807,0.6488,0.6095,0.0699,0.7361,0.6878,0.6004,6.6941,0.5156,0.7606,0.6442,0.1393,115.25,2126.24,0.3996,0.71195
2020-12-26,FARM0091,B,-7.546989,112.035235,274,1,48,9176,378.46,2.52,22.98,29.3,4.6,81.8,16.2,0.7577,0.6228,0.6005,7.2528,0.5092,0.7826,0.6517,0.1839,0.7037,0.7084,0.5952,5.7494,0.4784,0.6561,0.6082,0.0697,0.7307,0.6656,0.5978,6.5011,0.4938,0.7194,0.63,0.1268,113.38,2396.74,0.4022,0.69815
2022-03-21,FARM0091,B,-7.546989,112.035235,274,2,56,10283,355.72,2.93,35.42,32.0,3.1,81.6,15.1,0.7427,0.7155,0.6114,6.7734,0.5212,0.7729,0.6505,0.1506,0.7928,0.705,0.6387,8.6532,0.5483,0.7887,0.6902,0.2676,0.7678,0.7103,0.6251,7.7133,0.5348,0.7808,0.6704,0.2091,115.73,2611.2,0.3749,0.73905
2023-04-15,FARM0091,B,-7.546989,112.035235,274,3,48,9563,285.72,2.39,16.0,35.0,8.2,74.5,13.5,0.6803,0.6156,0.5668,5.2563,0.4726,0.6676,0.5934,0.025,0.7491,0.7021,0.6276,6.9705,0.4907,0.7515,0.6372,0.1646,0.7147,0.6589,0.5972,6.1134,0.4817,0.7095,0.6153,0.0948,112.85,2607.5,0.4028,0.6868000000000001
2024-07-08,FARM0091,B,-7.546989,112.035235,274,4,56,8958,344.55,2.58,21.21,28.9,0.7,77.9,16.2,0.7138,0.6456,0.5655,5.988,0.5061,0.7475,0.6279,0.0899,0.7802,0.6535,0.6508,8.0983,0.543,0.775,0.681,0.2365,0.747,0.6496,0.6081,7.0431,0.5246,0.7613,0.6545,0.1632,116.79,2251.31,0.3919,0.6982999999999999
2021-01-25,FARM0092,B,-7.560202,112.059188,231,1,52,9735,387.53,3.4,42.64,30.8,20.0,84.8,16.8,0.7338,0.7016,0.5877,6.5128,0.5476,0.7468,0.6591,0.1314,0.7196,0.6586,0.5158,6.1337,0.4743,0.7407,0.6138,0.1018,0.7267,0.6801,0.5517,6.3233,0.5109,0.7437,0.6364,0.1166,112.86,2611.84,0.4483,0.7034
2022-02-19,FARM0092,B,-7.560202,112.059188,231,2,48,9329,352.87,3.33,28.36,34.0,19.9,79.5,16.3,0.6773,0.7002,0.5758,5.1973,0.4977,0.6943,0.6046,0.0193,0.7568,0.6654,0.5896,7.2252,0.4807,0.7184,0.6352,0.182,0.7171,0.6828,0.5827,6.2112,0.4892,0.7064,0.6199,0.1007,117.26,2703.0,0.4173,0.69995
2023-05-15,FARM0092,B,-7.560202,112.059188,231,3,56,9116,354.21,3.37,35.58,32.0,1.6,86.6,14.4,0.6962,0.6769,0.5933,5.5837,0.5336,0.7238,0.632,0.0551,0.7525,0.6314,0.5821,7.0812,0.4567,0.7243,0.6189,0.1723,0.7244,0.6542,0.5877,6.3324,0.4952,0.7241,0.6255,0.1137,114.1,2771.2,0.4123,0.6893
2024-06-08,FARM0092,B,-7.560202,112.059188,231,4,48,9768,320.82,2.71,27.53,32.3,0.3,72.5,13.0,0.75,0.6647,0.4916,6.9993,0.506,0.8062,0.6461,0.1666,0.6981,0.7356,0.5487,5.6249,0.4974,0.6385,0.6153,0.0588,0.724,0.7001,0.5201,6.3121,0.5017,0.7224,0.6307,0.1127,114.03,2341.75,0.4799,0.71205
2021-02-24,FARM0093,B,-7.55986,112.043235,233,1,56,10355,358.64,3.16,48.59,34.3,22.0,85.1,13.0,0.6897,0.6557,0.5742,5.4449,0.4867,0.6619,0.6055,0.0426,0.7175,0.6411,0.5108,6.0798,0.471,0.7312,0.6109,0.0975,0.7036,0.6484,0.5425,5.7624,0.4789,0.6966,0.6082,0.07,114.49,2918.929999999999,0.4575,0.6759999999999999
2022-04-20,FARM0093,B,-7.55986,112.043235,233,2,52,9881,333.17,3.22,35.38,33.1,3.4,74.5,13.3,0.6797,0.6763,0.5141,5.244,0.5004,0.7161,0.6072,0.0238,0.6942,0.6706,0.5073,5.5401,0.4464,0.6276,0.5858,0.0512,0.6869,0.6734,0.5107,5.392,0.4734,0.6718,0.5965,0.0375,116.12,2465.95,0.4893,0.68015
2023-06-14,FARM0093,B,-7.55986,112.043235,233,3,52,9941,354.93,3.22,45.0,31.2,2.7,77.8,13.1,0.7311,0.6713,0.4998,6.4388,0.5258,0.7594,0.6469,0.1258,0.7104,0.6449,0.6372,5.9059,0.4904,0.6978,0.618,0.0831,0.7208,0.6581,0.5685,6.1724,0.5081,0.7286,0.6325,0.1044,113.63,2427.36,0.4315,0.68945
2024-07-08,FARM0093,B,-7.55986,112.043235,233,4,48,9431,335.91,3.27,29.89,28.0,15.0,68.2,14.2,0.726,0.7121,0.6289,6.3006,0.5235,0.7449,0.6431,0.1151,0.698,0.6515,0.5703,5.6218,0.4886,0.6896,0.6107,0.0585,0.712,0.6818,0.5996,5.9612,0.5061,0.7172,0.6269,0.0868,115.06,1909.6,0.4004,0.6969
2021-01-25,FARM0094,B,-7.564523,112.043641,509,1,52,10011,362.38,2.83,35.99,33.2,24.7,80.7,14.2,0.7545,0.7148,0.6373,7.1456,0.559,0.8119,0.6757,0.1767,0.7378,0.6933,0.58,6.6284,0.5265,0.7592,0.6507,0.14,0.7461,0.7041,0.6087,6.887,0.5427,0.7856,0.6632,0.1583,115.99,2679.24,0.3913,0.7251
2022-03-21,FARM0094,B,-7.564523,112.043641,509,2,52,9891,354.56,2.6,24.23,33.9,19.1,72.8,13.7,0.7225,0.6471,0.5491,6.2081,0.5453,0.7461,0.6519,0.1078,0.7457,0.6666,0.5915,6.8648,0.4718,0.7093,0.6248,0.1572,0.7341,0.6569,0.5703,6.5364,0.5086,0.7277,0.6384,0.1325,113.91,2467.92,0.4297,0.6955
2023-06-14,FARM0094,B,-7.564523,112.043641,509,3,56,10648,342.69,2.36,13.54,27.1,0.9,85.8,15.9,0.6682,0.6515,0.5141,5.0272,0.4545,0.6767,0.5776,0.0027,0.69,0.7153,0.5733,5.4509,0.4884,0.6723,0.6065,0.0431,0.6791,0.6834,0.5437,5.2391,0.4714,0.6745,0.5921,0.0229,115.31,2325.18,0.4563,0.68125
2024-09-06,FARM0094,B,-7.564523,112.043641,509,4,56,10176,312.04,2.86,21.41,26.0,2.0,71.5,14.9,0.7191,0.6674,0.5726,6.1192,0.5099,0.7185,0.6326,0.1007,0.768,0.6825,0.5063,7.6207,0.4982,0.8074,0.6505,0.2077,0.7435,0.675,0.5394,6.87,0.504,0.7629,0.6416,0.1542,114.59,1859.0,0.4606,0.70925
2021-01-25,FARM0095,B,-7.549248,112.031346,376,1,52,9999,340.55,2.96,21.85,31.3,19.5,81.6,14.9,0.726,0.6532,0.5003,6.3005,0.5038,0.7484,0.6329,0.1151,0.7787,0.7322,0.6068,8.0376,0.5406,0.8259,0.679,0.233,0.7524,0.6927,0.5536,7.1691,0.5222,0.7872,0.656,0.174,113.63,2554.08,0.4464,0.72255
2022-04-20,FARM0095,B,-7.549248,112.031346,376,2,56,11217,330.6,3.13,47.05,33.1,2.1,85.0,15.7,0.6978,0.6474,0.5753,5.6188,0.5341,0.7373,0.6331,0.0583,0.6954,0.6864,0.5769,5.5656,0.4484,0.6325,0.5875,0.0535,0.6966,0.6669,0.5761,5.5922,0.4913,0.6849,0.6103,0.0559,116.73,2813.5,0.4239000000000001,0.6817500000000001
2023-06-14,FARM0095,B,-7.549248,112.031346,376,3,52,9545,338.9,2.42,20.34,31.8,2.6,83.5,14.3,0.7521,0.6814,0.5755,7.0688,0.5522,0.7817,0.6711,0.1714,0.7489,0.6273,0.5043,6.9646,0.4811,0.7035,0.6317,0.1642,0.7505,0.6544,0.5399,7.0167,0.5167,0.7426,0.6514,0.1678,112.89,2655.3,0.4601,0.70245
2024-08-07,FARM0095,B,-7.549248,112.031346,376,4,52,10705,309.54,2.64,26.23,26.5,8.6,84.5,13.2,0.7271,0.6876,0.5688,6.3294,0.5112,0.7491,0.6374,0.1173,0.68,0.7194,0.5559,5.2508,0.4641,0.6742,0.5887,0.0245,0.7036,0.7035,0.5623,5.7901,0.4876,0.7116,0.613,0.0709,115.57,2239.25,0.4377,0.70355
2021-01-25,FARM0096,B,-7.536793,112.044419,547,1,52,11349,332.87,2.85,25.71,29.5,17.0,77.7,16.9,0.7456,0.7282,0.5212,6.8609,0.553,0.8388,0.6681,0.1569,0.7814,0.6498,0.5441,8.148,0.5369,0.7875,0.6784,0.2394,0.7635,0.689,0.5327,7.5044,0.545,0.8132,0.6732,0.1982,116.88,2292.15,0.4673,0.72625
2022-03-21,FARM0096,B,-7.536793,112.044419,547,2,52,10193,371.69,3.09,39.57,34.6,3.2,79.1,14.0,0.778,0.7151,0.5873,8.0103,0.5689,0.8329,0.6931,0.2314,0.7211,0.6317,0.5287,6.1712,0.4636,0.7106,0.6085,0.1048,0.7496,0.6734,0.558,7.0908,0.5162,0.7718,0.6508,0.1681,113.11,2736.86,0.4419999999999999,0.7115
2023-05-15,FARM0096,B,-7.536793,112.044419,547,3,52,10338,321.87,2.5,18.36,30.0,3.7,86.1,14.7,0.6774,0.6688,0.5427,5.1992,0.4917,0.673,0.6017,0.0195,0.7793,0.6596,0.632,8.0636,0.5246,0.7966,0.6708,0.2345,0.7284,0.6642,0.5873,6.6314,0.5082,0.7348,0.6362,0.127,113.16,2583.0,0.4127,0.6963
2024-08-07,FARM0096,B,-7.536793,112.044419,547,4,56,9750,306.21,2.76,19.5,27.3,0.4,87.4,15.2,0.743,0.6477,0.6019,6.7836,0.493,0.7839,0.6356,0.1514,0.6896,0.7153,0.5179,5.444,0.4525,0.6762,0.5871,0.0425,0.7163,0.6815,0.5599,6.1138,0.4728,0.7301,0.6113,0.0969,114.7,2386.02,0.4401,0.6989000000000001
2021-02-24,FARM0097,B,-7.556143,112.03077,567,1,56,9541,354.75,3.06,38.99,33.3,5.1,87.4,15.4,0.7002,0.6764,0.5389,5.6705,0.4941,0.7372,0.6147,0.0628,0.7478,0.6217,0.4621,6.9313,0.4571,0.7279,0.617,0.1619,0.724,0.6491,0.5005,6.3009,0.4756,0.7326,0.6159,0.1124,113.59,2910.42,0.4995000000000001,0.68655
2022-03-21,FARM0097,B,-7.556143,112.03077,567,2,48,10227,309.07,2.93,22.34,32.2,6.4,82.9,16.4,0.7335,0.6302,0.5235,6.5056,0.5058,0.8163,0.6378,0.1309,0.7309,0.6772,0.5891,6.4316,0.5236,0.7228,0.6457,0.1252,0.7322,0.6537,0.5563,6.4686,0.5147,0.7696,0.6417,0.128,113.36,2669.380000000001,0.4437,0.69295
2023-04-15,FARM0097,B,-7.556143,112.03077,567,3,48,9756,336.91,2.97,34.26,35.0,3.9,87.0,16.3,0.7047,0.6919,0.5933,5.7738,0.5374,0.7094,0.6385,0.0718,0.708,0.6568,0.4572,5.849,0.4411,0.6644,0.5891,0.0783,0.7064,0.6744,0.5252,5.8114,0.4892,0.6869,0.6138,0.075,114.36,3045.0,0.4748,0.6904
2024-07-08,FARM0097,B,-7.556143,112.03077,567,4,56,9446,296.2,2.88,18.36,25.2,2.0,75.1,14.0,0.7007,0.703,0.5188,5.6822,0.5187,0.6796,0.6273,0.0639,0.6633,0.6437,0.5658,4.9402,0.4235,0.5871,0.558,-0.006,0.682,0.6733,0.5423,5.3112,0.4711,0.6333,0.5927,0.0289,112.74,1892.52,0.4577,0.6776500000000001
2021-01-25,FARM0098,B,-7.560581,112.035509,453,1,52,11257,371.84,2.82,29.47,32.9,15.3,69.3,14.0,0.7617,0.6671,0.5942,7.3922,0.5541,0.8602,0.6771,0.193,0.7179,0.6375,0.4832,6.0905,0.4699,0.6653,0.6105,0.0983,0.7398,0.6523,0.5387,6.7414,0.512,0.7628,0.6438,0.1457,114.75,2279.97,0.4613,0.6960500000000001
2022-04-20,FARM0098,B,-7.560581,112.035509,453,2,56,10547,343.15,3.18,31.83,30.3,9.6,79.8,16.3,0.772,0.7149,0.5964,7.7735,0.5599,0.8265,0.6855,0.2171,0.7252,0.6888,0.5835,6.2773,0.501,0.6889,0.631,0.1133,0.7486,0.7019,0.5899,7.0254,0.5304,0.7577,0.6582,0.1652,115.2,2417.94,0.4101,0.72525
2023-07-14,FARM0098,B,-7.560581,112.035509,453,3,56,10566,314.69,2.82,15.4,25.6,8.5,78.4,17.0,0.7151,0.6823,0.5907,6.019,0.5107,0.718,0.6309,0.0925,0.7292,0.7049,0.5822,6.3844,0.4759,0.6822,0.6193,0.1216,0.7221,0.6936,0.5865,6.2017,0.4933,0.7001,0.6251,0.107,116.64,2007.04,0.4135,0.70785
2024-09-06,FARM0098,B,-7.560581,112.035509,453,4,52,9196,279.59,2.87,23.78,22.3,6.3,77.6,15.3,0.7087,0.6758,0.5824,5.8661,0.5138,0.6855,0.6291,0.0797,0.6989,0.712,0.5823,5.6415,0.4512,0.6616,0.5908,0.0603,0.7038,0.6939,0.5824,5.7538,0.4825,0.6736,0.61,0.07,117.06,1730.48,0.4176,0.69885
2021-02-24,FARM0099,B,-7.556578,112.043009,231,1,56,9211,382.98,3.31,38.71,34.8,2.2,71.5,14.4,0.6984,0.6246,0.5205,5.6322,0.4845,0.7453,0.6088,0.0595,0.7418,0.7238,0.5685,6.7446,0.5228,0.7504,0.6509,0.1485,0.7201,0.6742,0.5445,6.1884,0.5036,0.7478,0.6299,0.104,114.39,2488.2,0.4555,0.6971499999999999
2022-03-21,FARM0099,B,-7.556578,112.043009,231,2,48,8851,375.4,3.18,34.36,32.2,17.4,77.4,14.8,0.7433,0.7005,0.5247,6.7922,0.5543,0.7796,0.6675,0.152,0.7209,0.7127,0.5905,6.1667,0.4857,0.7051,0.6207,0.1045,0.7321,0.7066,0.5576,6.4795,0.52,0.7424,0.6441,0.1282,116.06,2492.28,0.4424,0.7193499999999999
2023-05-15,FARM0099,B,-7.556578,112.043009,231,3,52,9921,344.15,2.98,27.23,31.6,1.9,73.1,15.9,0.729,0.6273,0.4995,6.3812,0.4784,0.735,0.6207,0.1214,0.689,0.6748,0.5827,5.4314,0.4787,0.6196,0.601,0.0414,0.709,0.6511,0.5411,5.9063,0.4786,0.6773,0.6108,0.0814,113.74,2309.96,0.4589,0.68005
2024-06-08,FARM0099,B,-7.556578,112.043009,231,4,48,8612,319.6,2.39,20.94,31.9,0.4,70.7,13.1,0.7237,0.6926,0.4804,6.2396,0.4744,0.7187,0.6159,0.1103,0.7004,0.7143,0.5742,5.6767,0.4635,0.6781,0.5985,0.0634,0.7121,0.7035,0.5273,5.9581,0.469,0.6984,0.6072,0.0868,116.15,2255.33,0.4727,0.7078
2021-01-25,FARM0100,B,-7.56455,112.065915,767,1,52,10537,322.01,3.13,38.11,33.5,12.1,68.5,15.4,0.6739,0.6212,0.4935,5.1324,0.4626,0.6561,0.5848,0.0131,0.7172,0.6747,0.6071,6.0715,0.4548,0.6912,0.6015,0.0968,0.6955,0.6479,0.5503,5.602,0.4587,0.6736,0.5932,0.0549,115.72,2294.75,0.4497,0.6717
2022-03-21,FARM0100,B,-7.56455,112.065915,767,2,52,9781,337.15,2.61,25.91,34.9,0.5,73.7,15.0,0.7318,0.6085,0.4928,6.4558,0.4771,0.7981,0.6212,0.1271,0.747,0.6548,0.4774,6.9039,0.4748,0.6936,0.6271,0.1599,0.7394,0.6317,0.4851,6.6799,0.4759,0.7459,0.6242,0.1435,113.73,2572.13,0.5149,0.68555
2023-04-15,FARM0100,B,-7.56455,112.065915,767,3,48,9511,321.03,2.22,10.71,31.6,9.6,78.0,16.7,0.7055,0.7183,0.6354,5.7915,0.5218,0.7015,0.6314,0.0733,0.7555,0.664,0.5251,7.1811,0.5178,0.7492,0.6553,0.1791,0.7305,0.6912,0.5802,6.4863,0.5198,0.7253,0.6433,0.1262,94.5,2464.8,0.4198,0.71085
2024-06-08,FARM0100,B,-7.56455,112.065915,767,4,52,10267,292.42,2.03,15.44,27.9,1.0,75.4,16.1,0.7084,0.6525,0.515,5.8577,0.5138,0.6933,0.629,0.079,0.7316,0.6541,0.6129,6.4512,0.5075,0.7456,0.6377,0.1267,0.72,0.6533,0.564,6.1544,0.5106,0.7195,0.6333,0.1029,114.68,2103.66,0.4360000000000001,0.68665
2020-12-26,FARM0101,B,-7.550238,112.032209,731,1,48,10496,343.87,2.94,23.2,29.9,0.7,79.3,14.6,0.7731,0.6918,0.566,7.8148,0.5557,0.8839,0.6839,0.2197,0.7757,0.7198,0.5349,7.9176,0.5111,0.8108,0.6616,0.2259,0.7744,0.7058,0.5505,7.8662,0.5334,0.8473,0.6727,0.2228,113.18,2371.07,0.4495,0.7401
2022-01-20,FARM0101,B,-7.550238,112.032209,731,2,48,9527,320.31,3.19,31.46,31.2,8.5,84.3,13.8,0.6916,0.6253,0.5051,5.4852,0.4747,0.6843,0.6002,0.0463,0.6995,0.6762,0.616,5.6564,0.5104,0.7045,0.6226,0.0616,0.6956,0.6507,0.5605,5.5708,0.4925,0.6944,0.6114,0.0539,116.53,2630.16,0.4395,0.6731499999999999
2023-04-15,FARM0101,B,-7.550238,112.032209,731,3,56,9593,340.88,2.78,24.22,34.2,0.8,82.6,14.0,0.6858,0.624,0.5304,5.366,0.4699,0.6752,0.5947,0.0353,0.7238,0.7093,0.5015,6.2402,0.4705,0.7426,0.6137,0.1103,0.7048,0.6667,0.516,5.8031,0.4702,0.7089,0.6042,0.0728,116.34,2824.92,0.484,0.68575
2024-06-08,FARM0101,B,-7.550238,112.032209,731,4,52,9459,293.72,2.9,19.33,28.9,2.9,78.7,13.2,0.6862,0.6546,0.5037,5.3741,0.4624,0.7185,0.5909,0.0361,0.7122,0.6657,0.4636,5.9503,0.4418,0.6338,0.5915,0.0868,0.6992,0.6601,0.4837,5.6622,0.4521,0.6762,0.5912,0.0614,116.4,2274.43,0.5163,0.6796500000000001
2020-12-26,FARM0102,B,-7.560797,112.040239,667,1,48,9472,325.21,3.37,23.48,30.6,44.7,84.5,14.4,0.6899,0.7016,0.5695,5.4499,0.5307,0.6868,0.6272,0.0431,0.77,0.6221,0.5902,7.6953,0.4774,0.8129,0.6394,0.2123,0.73,0.6618,0.5799,6.5726,0.5041,0.7498,0.6333,0.1277,115.74,2585.7,0.4201,0.6959
2022-01-20,FARM0102,B,-7.560797,112.040239,667,2,48,10024,359.85,3.24,30.26,28.0,7.4,76.2,13.6,0.7806,0.6545,0.6006,8.1142,0.5699,0.9152,0.6949,0.2375,0.7646,0.6661,0.5981,7.4948,0.5203,0.786,0.6611,0.1997,0.7726,0.6603,0.5993,7.8045,0.5451,0.8506,0.678,0.2186,114.54,2133.6,0.4006999999999999,0.71645
2023-04-15,FARM0102,B,-7.560797,112.040239,667,3,56,9882,325.88,2.77,27.41,33.9,5.4,83.1,16.0,0.6821,0.664,0.5487,5.2909,0.4962,0.7194,0.6063,0.0283,0.7607,0.6771,0.5052,7.3592,0.5017,0.7282,0.649,0.1909,0.7214,0.6706,0.527,6.325,0.4989,0.7238,0.6277,0.1096,116.73,2817.09,0.473,0.696
2024-05-09,FARM0102,B,-7.560797,112.040239,667,4,48,9214,305.17,2.56,23.32,33.4,0.2,82.1,13.1,0.7344,0.7226,0.5742,6.5314,0.5456,0.8014,0.6585,0.1328,0.7721,0.6745,0.6016,7.7746,0.4785,0.7234,0.641,0.2172,0.7533,0.6986,0.5879,7.153,0.512,0.7624,0.6497,0.175,113.93,2742.14,0.4121,0.72595
2020-12-26,FARM0103,B,-7.544782,112.051196,365,1,48,10136,338.92,2.93,24.61,30.4,2.1,79.9,14.8,0.7397,0.6796,0.5851,6.6838,0.5121,0.7343,0.6443,0.1441,0.6987,0.7167,0.5859,5.6381,0.4584,0.6726,0.5948,0.06,0.7192,0.6982,0.5855,6.161,0.4852,0.7035,0.6195,0.1021,113.73,2428.96,0.4145,0.7087
2022-01-20,FARM0103,B,-7.544782,112.051196,365,2,48,10557,350.41,2.31,17.24,32.1,50.0,74.6,14.5,0.7023,0.6863,0.5526,5.7184,0.5131,0.7565,0.6254,0.067,0.7142,0.6356,0.6248,5.9983,0.4792,0.7167,0.6138,0.0908,0.7083,0.6609,0.5887,5.8583,0.4961,0.7366,0.6196,0.0789,114.23,2394.66,0.4113,0.6846000000000001
2023-04-15,FARM0103,B,-7.544782,112.051196,365,3,56,9834,307.91,2.9,36.34,32.5,4.0,70.1,16.2,0.7399,0.6586,0.5972,6.688,0.5215,0.7931,0.6493,0.1444,0.7184,0.6507,0.4644,6.1027,0.4457,0.7143,0.5967,0.0993,0.7291,0.6547,0.5308,6.3953,0.4836,0.7537,0.623,0.1219,114.72,2278.25,0.4692,0.6919
2024-05-09,FARM0103,B,-7.544782,112.051196,365,4,48,9153,290.22,2.78,26.45,34.6,4.1,87.0,16.8,0.7188,0.6888,0.5666,6.1119,0.5004,0.7527,0.6275,0.1001,0.7809,0.7308,0.6349,8.1298,0.5337,0.7795,0.6765,0.2384,0.7499,0.7098,0.6007,7.1208,0.5171,0.7661,0.652,0.1692,115.55,3010.2,0.3993,0.72985
2021-02-24,FARM0104,B,-7.564106,112.036399,698,1,56,9092,350.11,3.2,39.1,33.0,34.9,68.2,15.0,0.7044,0.6903,0.528,5.7648,0.4918,0.6738,0.6157,0.071,0.7153,0.7063,0.543,6.0241,0.4768,0.6754,0.6131,0.0929,0.7098,0.6983,0.5355,5.8944,0.4843,0.6746,0.6144,0.082,113.99,2250.6,0.4645,0.7040500000000001
2022-03-21,FARM0104,B,-7.564106,112.036399,698,2,48,8926,324.23,3.47,43.83,34.4,5.0,80.8,15.4,0.734,0.6433,0.5679,6.518,0.4871,0.7158,0.6279,0.1318,0.7615,0.6971,0.6158,7.3844,0.5304,0.8287,0.6649,0.1925,0.7477,0.6702,0.5918,6.9512,0.5088,0.7722,0.6464,0.1622,114.49,2779.52,0.4082,0.70895
2023-05-15,FARM0104,B,-7.564106,112.036399,698,3,52,10068,356.19,3.31,26.81,33.4,3.2,68.9,16.3,0.7148,0.6438,0.5478,6.0117,0.4876,0.7183,0.6187,0.0919,0.7236,0.633,0.5429,6.2349,0.4505,0.728,0.6019,0.1099,0.7192,0.6384,0.5454,6.1233,0.469,0.7232,0.6103,0.1009,117.04,2301.26,0.4546,0.6788
2024-06-08,FARM0104,B,-7.564106,112.036399,698,4,48,8959,296.48,2.95,24.03,30.7,3.3,68.4,15.0,0.7369,0.66,0.5846,6.602,0.5251,0.748,0.6496,0.1381,0.7616,0.713,0.516,7.3877,0.5361,0.7932,0.6679,0.1928,0.7492,0.6865,0.5503,6.9949,0.5306,0.7706,0.6587,0.1654,117.22,2099.88,0.4497,0.71785
2021-02-24,FARM0105,B,-7.546814,112.030043,582,1,56,9817,334.74,3.25,29.26,31.5,15.2,85.6,15.1,0.7039,0.668,0.5203,5.7537,0.5254,0.7029,0.6323,0.0701,0.7776,0.7036,0.6193,7.9928,0.5019,0.819,0.6572,0.2303,0.7407,0.6858,0.5698,6.8732,0.5136,0.7609,0.6448,0.1502,116.81,2696.4,0.4302,0.7132499999999999
2022-03-21,FARM0105,B,-7.546814,112.030043,582,2,48,10242,308.18,2.79,26.03,31.8,28.8,73.1,14.2,0.749,0.6936,0.6257,6.9671,0.5511,0.7898,0.6689,0.1644,0.6872,0.6435,0.5598,5.3938,0.4349,0.6163,0.5758,0.0379,0.7181,0.6686,0.5927,6.1805,0.493,0.703,0.6224,0.1011,117.05,2324.58,0.4073,0.6933499999999999
2023-06-14,FARM0105,B,-7.546814,112.030043,582,3,56,9834,347.58,2.41,17.11,27.8,3.1,83.4,16.4,0.6788,0.6956,0.5053,5.2275,0.4539,0.6789,0.5826,0.0222,0.6882,0.7091,0.572,5.4134,0.4442,0.6678,0.5817,0.0397,0.6835,0.7024,0.5386,5.3205,0.4491,0.6734,0.5821,0.031,114.26,2318.52,0.4614,0.69295
2024-08-07,FARM0105,B,-7.546814,112.030043,582,4,52,8482,321.96,2.37,18.44,28.2,0.5,71.5,16.5,0.764,0.6876,0.5072,7.4746,0.5191,0.8261,0.6602,0.1984,0.7591,0.6214,0.5206,7.3008,0.4689,0.7708,0.6293,0.187,0.7615,0.6545,0.5139,7.3877,0.494,0.7985,0.6447,0.1927,116.24,2016.3,0.4861,0.708
2021-01-25,FARM0106,B,-7.552846,112.060338,586,1,52,11218,374.23,3.11,45.71,32.1,9.4,72.6,13.8,0.6907,0.6582,0.5808,5.4667,0.4923,0.7098,0.6089,0.0446,0.7791,0.6498,0.5697,8.0549,0.5064,0.8519,0.6605,0.234,0.7349,0.654,0.5753,6.7608,0.4993,0.7808,0.6347,0.1393,116.32,2330.46,0.4247,0.69445
2022-04-20,FARM0106,B,-7.552846,112.060338,586,2,56,9933,355.29,2.76,35.39,35.0,3.0,77.8,16.6,0.7505,0.6608,0.5307,7.0151,0.5527,0.7683,0.6705,0.1677,0.7809,0.6718,0.5538,8.1283,0.524,0.8147,0.6712,0.2383,0.7657,0.6663,0.5422,7.5717,0.5383,0.7915,0.6709,0.203,114.04,2723.0,0.4578,0.716
2023-07-14,FARM0106,B,-7.552846,112.060338,586,3,56,10682,338.61,2.57,16.61,26.7,1.8,74.6,16.2,0.6573,0.6409,0.5428,4.8352,0.4545,0.6647,0.5722,-0.0168,0.6831,0.7141,0.5773,5.312,0.4572,0.6102,0.5865,0.0303,0.6702,0.6775,0.56,5.0736,0.4559,0.6375,0.5794,0.0068,115.25,1991.82,0.4399999999999999,0.6738500000000001
2024-10-06,FARM0106,B,-7.552846,112.060338,586,4,56,10501,315.89,2.41,14.58,24.4,1.4,72.6,14.9,0.7558,0.6688,0.5725,7.1886,0.5304,0.7876,0.662,0.1796,0.6775,0.6525,0.5221,5.2019,0.4507,0.6115,0.5802,0.0198,0.7166,0.6606,0.5473,6.1952,0.4905,0.6996,0.6211,0.0997,116.6,1771.44,0.4527,0.6886
2020-12-26,FARM0107,B,-7.553935,112.063198,419,1,48,10722,362.91,3.21,33.85,27.6,6.3,76.0,16.0,0.6759,0.6896,0.5143,5.1717,0.4906,0.6647,0.6004,0.0169,0.7284,0.7277,0.5939,6.3626,0.4927,0.7054,0.6282,0.1199,0.7021,0.7087,0.5541,5.7671,0.4917,0.6851,0.6143,0.0684,114.27,2097.6,0.4459,0.7054
2022-02-19,FARM0107,B,-7.553935,112.063198,419,2,52,10260,372.59,2.45,19.1,31.6,20.2,80.6,14.5,0.6824,0.6211,0.6051,5.2975,0.4657,0.6869,0.5908,0.0289,0.7669,0.6604,0.6004,7.5794,0.4788,0.7886,0.6388,0.2051,0.7246,0.6408,0.6027,6.4385,0.4723,0.7377,0.6148,0.117,116.56,2546.96,0.3973,0.6827000000000001
2023-05-15,FARM0107,B,-7.553935,112.063198,419,3,56,10044,334.35,2.83,28.28,32.7,3.7,84.7,13.5,0.7318,0.689,0.5698,6.4584,0.5418,0.7669,0.6552,0.1273,0.7417,0.6575,0.5487,6.7444,0.5281,0.721,0.6536,0.1485,0.7368,0.6732,0.5593,6.6014,0.5349,0.7439,0.6544,0.1379,115.49,2769.690000000001,0.4407,0.7050000000000001
2024-08-07,FARM0107,B,-7.553935,112.063198,419,4,56,9149,334.87,2.25,15.89,27.3,0.9,68.1,15.0,0.6761,0.6739,0.592,5.1738,0.4598,0.6546,0.5845,0.0171,0.6931,0.7066,0.4841,5.5172,0.4574,0.6646,0.5915,0.0492,0.6846,0.6902,0.538,5.3455,0.4586,0.6596,0.588,0.0331,115.83,1859.13,0.462,0.6874
2021-02-24,FARM0108,B,-7.537559,112.034359,741,1,56,10984,340.08,3.41,39.72,34.8,23.9,78.3,13.5,0.691,0.6688,0.4759,5.4731,0.4753,0.7176,0.6002,0.0452,0.7553,0.668,0.6233,7.1745,0.5255,0.7541,0.6592,0.1786,0.7232,0.6684,0.5496,6.3238,0.5004,0.7358,0.6297,0.1119,116.86,2724.84,0.4504,0.6958
2022-04-20,FARM0108,B,-7.537559,112.034359,741,2,52,10366,356.34,2.86,24.77,35.0,0.2,83.8,15.4,0.7252,0.695,0.5652,6.2775,0.519,0.7509,0.6404,0.1133,0.7573,0.7268,0.5336,7.2404,0.5071,0.7272,0.6503,0.183,0.7412,0.7109,0.5494,6.7589,0.513,0.739,0.6454,0.1482,112.8,2933.0,0.4506,0.72605
2023-05-15,FARM0108,B,-7.537559,112.034359,741,3,48,10645,346.01,2.96,41.33,29.3,1.4,78.5,15.7,0.7345,0.6725,0.4804,6.534,0.4985,0.7593,0.6344,0.133,0.7486,0.736,0.5784,6.9541,0.519,0.7244,0.6524,0.1635,0.7415,0.7043,0.5294,6.7441,0.5088,0.7418,0.6434,0.1482,115.18,2300.05,0.4706,0.7229000000000001
2024-08-07,FARM0108,B,-7.537559,112.034359,741,4,56,10292,334.1,2.55,25.26,23.4,0.8,86.1,13.1,0.726,0.6471,0.5788,6.2997,0.4896,0.7458,0.6254,0.115,0.7461,0.6646,0.4713,6.8757,0.467,0.7023,0.6221,0.1579,0.736,0.6559,0.5251,6.5877,0.4783,0.7241,0.6237,0.1365,114.83,2014.74,0.4749,0.6959500000000001
2020-12-26,FARM0109,B,-7.567648,112.059171,302,1,48,9932,396.18,2.49,18.22,28.0,50.0,79.1,15.6,0.7232,0.6548,0.5796,6.2264,0.498,0.7017,0.6285,0.1092,0.7723,0.6628,0.5559,7.7819,0.479,0.774,0.6414,0.2176,0.7477,0.6588,0.5678,7.0041,0.4885,0.7379,0.6349,0.1634,113.32,2214.8,0.4322,0.70325
2022-01-20,FARM0109,B,-7.567648,112.059171,302,2,48,10921,363.27,2.87,26.14,27.8,18.6,72.2,14.2,0.7223,0.6512,0.5329,6.2009,0.5095,0.7582,0.634,0.1072,0.7608,0.7078,0.5975,7.3607,0.5197,0.7674,0.6589,0.191,0.7415,0.6795,0.5652,6.7808,0.5146,0.7628,0.6465,0.1491,117.23,2007.16,0.4348,0.7105
2023-02-14,FARM0109,B,-7.567648,112.059171,302,3,48,10375,288.52,2.22,11.38,30.3,7.6,78.2,16.2,0.6938,0.685,0.6266,5.5324,0.5275,0.7282,0.6279,0.0506,0.7601,0.6908,0.597,7.3364,0.5066,0.7801,0.6514,0.1894,0.727,0.6879,0.6118,6.4344,0.5171,0.7541,0.6396,0.12,107.28,2369.46,0.3882,0.7074499999999999
2024-05-09,FARM0109,B,-7.567648,112.059171,302,4,56,9625,274.23,2.2,11.31,33.7,0.3,82.6,16.0,0.7507,0.6852,0.5401,7.0226,0.5368,0.8412,0.6627,0.1682,0.7316,0.6964,0.6348,6.4525,0.5098,0.7526,0.6389,0.1268,0.7412,0.6908,0.5875,6.7375,0.5233,0.7969,0.6508,0.1475,97.44,2783.62,0.4125,0.716
2021-01-25,FARM0110,B,-7.530112,112.061208,549,1,52,9944,349.38,3.49,55.97,30.9,25.4,72.4,14.4,0.7222,0.7201,0.5575,6.1986,0.5345,0.7497,0.6465,0.107,0.7777,0.6706,0.6168,7.9959,0.5425,0.7724,0.6795,0.2305,0.7499,0.6954,0.5871,7.0973,0.5385,0.761,0.663,0.1688,113.62,2237.16,0.4129,0.72265
2022-03-21,FARM0110,B,-7.530112,112.061208,549,2,52,10187,373.35,2.99,33.56,30.5,13.5,85.7,15.7,0.7747,0.6537,0.601,7.8767,0.5675,0.894,0.6906,0.2234,0.7676,0.6632,0.5441,7.6057,0.5385,0.8357,0.6723,0.2067,0.7711,0.6584,0.5726,7.7412,0.553,0.8648,0.6814,0.2151,115.29,2613.85,0.4274,0.71475
2023-04-15,FARM0110,B,-7.530112,112.061208,549,3,48,9498,321.27,3.24,43.27,35.0,0.4,69.6,13.1,0.711,0.6341,0.5847,5.9216,0.5177,0.7233,0.6323,0.0844,0.7037,0.6459,0.575,5.7505,0.4894,0.7073,0.6141,0.0698,0.7074,0.64,0.5799,5.8361,0.5036,0.7153,0.6232,0.0771,114.96,2436.0,0.4201,0.6737
2024-05-09,FARM0110,B,-7.530112,112.061208,549,4,48,10340,306.7,2.5,19.11,30.2,2.1,74.7,14.2,0.6606,0.6323,0.5935,4.8926,0.4509,0.6062,0.5719,-0.0109,0.7288,0.7063,0.5443,6.3755,0.5228,0.7487,0.6442,0.1209,0.6947,0.6693,0.5689,5.6341,0.4868,0.6775,0.6081,0.055,116.29,2255.94,0.4311,0.6819999999999999
2020-12-26,FARM0111,B,-7.550885,112.047195,357,1,48,9406,358.87,2.72,28.05,27.1,2.9,70.0,15.9,0.7337,0.6368,0.5488,6.51,0.5121,0.774,0.6412,0.1312,0.7097,0.6746,0.5885,5.8889,0.5017,0.6888,0.6235,0.0816,0.7217,0.6557,0.5687,6.1994,0.5069,0.7314,0.6324,0.1064,115.94,1897.0,0.4313,0.6887
2022-02-19,FARM0111,B,-7.550885,112.047195,357,2,52,10293,364.09,2.69,27.17,31.3,2.2,71.1,15.7,0.738,0.6155,0.5502,6.6347,0.4773,0.7928,0.6243,0.1405,0.6917,0.6754,0.5851,5.4868,0.4406,0.606,0.5813,0.0464,0.7149,0.6454,0.5676,6.0607,0.4589,0.6994,0.6028,0.0935,113.33,2225.43,0.4324,0.68015
2023-03-16,FARM0111,B,-7.550885,112.047195,357,3,48,8773,363.36,2.86,31.18,35.0,7.0,84.8,14.7,0.7618,0.6488,0.5259,7.3969,0.519,0.8479,0.659,0.1933,0.7606,0.6568,0.5461,7.3536,0.471,0.7361,0.6312,0.1905,0.7612,0.6528,0.536,7.3753,0.495,0.792,0.6451,0.1919,112.86,2968.0,0.464,0.7070000000000001
2024-06-08,FARM0111,B,-7.550885,112.047195,357,4,56,9656,337.98,2.49,29.15,30.6,6.7,81.6,15.9,0.7418,0.688,0.5255,6.7469,0.4842,0.8094,0.6301,0.1487,0.7818,0.6547,0.6139,8.1644,0.5345,0.8501,0.6773,0.2404,0.7618,0.6713,0.5697,7.4556,0.5094,0.8298,0.6537,0.1945,116.72,2496.96,0.4303,0.71655
2021-02-24,FARM0112,B,-7.559462,112.038214,606,1,56,9921,366.69,2.68,26.64,31.1,47.4,68.6,16.8,0.753,0.6778,0.5024,7.0977,0.4997,0.8211,0.6442,0.1734,0.7523,0.6528,0.4963,7.0743,0.473,0.7322,0.6286,0.1718,0.7527,0.6653,0.4993,7.086,0.4864,0.7767,0.6364,0.1726,116.06,2133.46,0.5006999999999999,0.7090000000000001
2022-03-21,FARM0112,B,-7.559462,112.038214,606,2,48,10393,329.62,2.41,21.86,32.8,7.8,72.5,13.1,0.7493,0.7015,0.6023,6.9776,0.529,0.7578,0.658,0.1651,0.6922,0.6682,0.5067,5.4984,0.4362,0.6458,0.579,0.0475,0.7208,0.6848,0.5545,6.238,0.4826,0.7018,0.6185,0.1063,117.17,2378.0,0.4455,0.7028
2023-04-15,FARM0112,B,-7.559462,112.038214,606,3,48,9303,294.78,2.95,27.43,33.9,2.4,74.9,13.8,0.7727,0.7235,0.605,7.7994,0.5586,0.8415,0.6852,0.2187,0.7275,0.6667,0.5375,6.3391,0.5092,0.7057,0.6365,0.1181,0.7501,0.6951,0.5713,7.0693,0.5339,0.7736,0.6608,0.1684,114.26,2539.11,0.4287,0.7226
2024-05-09,FARM0112,B,-7.559462,112.038214,606,4,48,9538,262.45,2.01,7.62,34.5,1.7,87.4,16.8,0.6891,0.6649,0.6056,5.4335,0.52,0.7368,0.6217,0.0415,0.6987,0.6814,0.4935,5.6388,0.4644,0.6924,0.5981,0.06,0.6939,0.6731,0.5496,5.5361,0.4922,0.7146,0.6099,0.0508,84.32,3015.3,0.4504,0.6835
2021-02-24,FARM0113,B,-7.537062,112.036171,665,1,56,9053,369.33,2.87,36.98,34.4,14.3,70.0,15.3,0.6901,0.6963,0.6008,5.4533,0.4942,0.6887,0.6096,0.0434,0.7195,0.6769,0.5905,6.1295,0.5189,0.7322,0.6373,0.1015,0.7048,0.6866,0.5956,5.7914,0.5065,0.7104,0.6234,0.0724,114.19,2408.0,0.4044,0.6957
2022-04-20,FARM0113,B,-7.537062,112.036171,665,2,52,9768,358.14,2.97,41.91,32.5,0.0,76.9,14.1,0.7459,0.6671,0.4835,6.8722,0.4874,0.7836,0.6339,0.1577,0.7262,0.6768,0.4921,6.304,0.4614,0.697,0.6096,0.1154,0.7361,0.672,0.4878,6.5881,0.4744,0.7403,0.6217,0.1365,115.25,2499.25,0.5122,0.7040500000000001
2023-05-15,FARM0113,B,-7.537062,112.036171,665,3,48,10139,316.48,2.82,33.37,34.6,0.6,73.1,13.2,0.7014,0.6528,0.5785,5.6977,0.5359,0.7574,0.6359,0.0652,0.7015,0.6984,0.5576,5.6996,0.5112,0.6611,0.6241,0.0654,0.7014,0.6756,0.568,5.6987,0.5236,0.7093,0.63,0.0653,116.0,2529.26,0.4320000000000001,0.6885
2024-08-07,FARM0113,B,-7.537062,112.036171,665,4,56,9363,339.94,2.72,23.73,22.9,0.2,71.9,14.9,0.7305,0.6983,0.563,6.422,0.5391,0.7318,0.6532,0.1245,0.7097,0.6238,0.5873,5.8895,0.4625,0.6425,0.6024,0.0817,0.7201,0.661,0.5751,6.1557,0.5008,0.6872,0.6278,0.1031,114.88,1646.51,0.4249000000000001,0.69055
2021-01-25,FARM0114,B,-7.531255,112.060872,493,1,52,11226,351.79,2.82,20.91,32.3,22.5,78.7,16.2,0.74,0.67,0.5163,6.6922,0.527,0.7842,0.6521,0.1447,0.7553,0.6745,0.5416,7.1725,0.5336,0.7344,0.6634,0.1785,0.7476,0.6722,0.5289,6.9324,0.5303,0.7593,0.6578,0.1616,114.37,2542.01,0.4711,0.7099
2022-03-21,FARM0114,B,-7.531255,112.060872,493,2,52,11132,317.39,3.53,27.08,34.1,43.5,80.9,13.9,0.7135,0.6389,0.5536,5.9801,0.527,0.7143,0.6382,0.0893,0.7584,0.705,0.5869,7.2765,0.5245,0.8146,0.6602,0.1854,0.7359,0.672,0.5702,6.6283,0.5257,0.7644,0.6492,0.1373,115.57,2758.690000000001,0.4298,0.7039500000000001
2023-05-15,FARM0114,B,-7.531255,112.060872,493,3,52,9929,303.88,2.96,20.22,31.2,2.9,86.2,14.1,0.6753,0.702,0.5387,5.1586,0.4922,0.6898,0.6008,0.0156,0.7535,0.7072,0.6095,7.1145,0.5139,0.7795,0.6522,0.1745,0.7144,0.7046,0.5741,6.1366,0.503,0.7346,0.6265,0.0951,112.74,2689.44,0.4258999999999999,0.7095
2024-08-07,FARM0114,B,-7.531255,112.060872,493,4,56,9307,299.32,2.51,15.75,28.0,0.6,80.3,16.9,0.6914,0.7015,0.6177,5.4814,0.53,0.6763,0.6277,0.0459,0.7016,0.716,0.5833,5.7019,0.4783,0.6865,0.6071,0.0656,0.6965,0.7088,0.6005,5.5916,0.5041,0.6814,0.6174,0.0558,114.27,2248.4,0.3995,0.70265
2020-12-26,FARM0115,B,-7.543523,112.04868,703,1,48,10095,386.31,2.59,27.14,26.0,9.3,83.5,14.3,0.7675,0.6674,0.5176,7.6006,0.5413,0.7932,0.6736,0.2064,0.7487,0.6412,0.5638,6.9595,0.4843,0.6951,0.6334,0.1638,0.7581,0.6543,0.5407,7.28,0.5128,0.7442,0.6535,0.1851,116.89,2171.0,0.4593,0.7061999999999999
2022-03-21,FARM0115,B,-7.543523,112.04868,703,2,56,11137,326.2,2.82,22.87,33.1,3.5,83.1,14.8,0.7557,0.6724,0.5542,7.1877,0.5596,0.8711,0.6767,0.1795,0.7137,0.7106,0.6282,5.9858,0.514,0.7137,0.6319,0.0897,0.7347,0.6915,0.5912,6.5867,0.5368,0.7924,0.6543,0.1346,115.16,2750.61,0.4088000000000001,0.7131000000000001
2023-05-15,FARM0115,B,-7.543523,112.04868,703,3,52,9474,342.91,2.42,22.19,35.0,11.6,81.1,16.5,0.6605,0.6923,0.5945,4.8905,0.4625,0.6096,0.578,-0.0111,0.7059,0.6975,0.5709,5.8013,0.4861,0.7256,0.6134,0.0742,0.6832,0.6949,0.5827,5.3459,0.4743,0.6676,0.5957,0.0316,115.82,2838.5,0.4173,0.6890499999999999
2024-06-08,FARM0115,B,-7.543523,112.04868,703,4,48,10247,309.54,2.25,20.51,28.9,9.3,77.7,14.3,0.7312,0.6252,0.4785,6.4398,0.4884,0.7614,0.6272,0.1259,0.7617,0.7195,0.4692,7.3912,0.4784,0.7531,0.6361,0.193,0.7464,0.6724,0.4738,6.9155,0.4834,0.7572,0.6317,0.1594,115.9,2245.53,0.5262,0.7094
2020-12-26,FARM0116,B,-7.557664,112.065074,621,1,48,9649,384.34,3.5,60.6,28.7,6.4,74.5,16.0,0.745,0.697,0.5272,6.8416,0.5169,0.8242,0.6494,0.1555,0.7434,0.69,0.5664,6.7948,0.4986,0.6971,0.6388,0.1522,0.7442,0.6935,0.5468,6.8182,0.5077,0.7606,0.6441,0.1538,114.46,2138.15,0.4532,0.71885
2022-02-19,FARM0116,B,-7.557664,112.065074,621,2,52,9591,320.45,2.89,32.75,33.5,1.5,80.4,16.7,0.6976,0.6324,0.5123,5.6147,0.4848,0.7006,0.6086,0.0579,0.7443,0.6556,0.483,6.8225,0.4789,0.7502,0.6282,0.1542,0.721,0.644,0.4977,6.2186,0.4819,0.7254,0.6184,0.106,113.73,2693.4,0.5023,0.6825
2023-05-15,FARM0116,B,-7.557664,112.065074,621,3,56,10050,293.29,2.57,16.16,33.8,0.2,85.4,15.5,0.7478,0.6911,0.6063,6.9293,0.5554,0.8495,0.6704,0.1617,0.7147,0.655,0.6177,6.0112,0.5169,0.6925,0.6339,0.0918,0.7313,0.6731,0.612,6.4703,0.5361,0.771,0.6521,0.1268,114.23,2886.52,0.388,0.7021999999999999
2024-08-07,FARM0116,B,-7.557664,112.065074,621,4,56,9095,294.41,2.3,19.03,26.2,2.9,73.9,14.7,0.748,0.6868,0.5396,6.9365,0.5477,0.7548,0.6667,0.1622,0.7254,0.7161,0.5818,6.2822,0.4808,0.7537,0.6202,0.1136,0.7367,0.7015,0.5607,6.6094,0.5142,0.7542,0.6434,0.1379,115.62,1936.18,0.4393,0.7191000000000001
2021-02-24,FARM0117,B,-7.546751,112.061404,738,1,56,10593,382.39,3.29,28.85,34.4,1.7,70.4,15.4,0.7591,0.6602,0.6033,7.3036,0.5131,0.7915,0.6545,0.1872,0.7026,0.6707,0.6157,5.724,0.5036,0.7134,0.6208,0.0675,0.7308,0.6655,0.6095,6.5138,0.5083,0.7525,0.6377,0.1274,116.22,2421.76,0.3905,0.69815
2022-03-21,FARM0117,B,-7.546751,112.061404,738,2,48,10743,328.23,2.64,23.92,35.0,24.3,81.0,14.9,0.7324,0.7092,0.5542,6.4735,0.5222,0.7554,0.6457,0.1284,0.6919,0.6594,0.6115,5.4908,0.4825,0.6347,0.6044,0.0468,0.7121,0.6843,0.5829,5.9821,0.5023,0.695,0.6251,0.0876,113.16,2835.0,0.4171,0.6981999999999999
2023-05-15,FARM0117,B,-7.546751,112.061404,738,3,52,10706,355.25,2.8,33.17,32.5,3.9,76.4,13.4,0.7009,0.6396,0.5578,5.6877,0.4648,0.658,0.5995,0.0643,0.7174,0.6951,0.5978,6.0771,0.4697,0.6539,0.6101,0.0972,0.7092,0.6673,0.5778,5.8824,0.4673,0.6559,0.6048,0.0808,114.01,2483.0,0.4222,0.68825
2024-06-08,FARM0117,B,-7.546751,112.061404,738,4,48,10319,327.25,2.28,10.83,28.9,5.8,79.7,13.3,0.7452,0.608,0.4786,6.8503,0.4823,0.8075,0.6306,0.1561,0.746,0.7225,0.5494,6.8728,0.5298,0.7479,0.6567,0.1577,0.7456,0.6652,0.514,6.8615,0.5061,0.7777,0.6436,0.1569,101.0,2303.33,0.486,0.7054
2020-12-26,FARM0118,B,-7.552596,112.051415,349,1,48,11020,323.39,2.89,25.1,29.6,4.2,82.6,16.0,0.743,0.6646,0.529,6.7832,0.5113,0.8258,0.6455,0.1513,0.6981,0.6727,0.5022,5.6242,0.45,0.6625,0.5897,0.0588,0.7206,0.6686,0.5156,6.2037,0.4807,0.7442,0.6176,0.105,116.02,2444.96,0.4844000000000001,0.6946
2022-01-20,FARM0118,B,-7.552596,112.051415,349,2,48,11172,334.54,3.05,31.31,28.0,31.4,71.6,16.2,0.7335,0.7013,0.5295,6.5037,0.5126,0.7315,0.6413,0.1307,0.7731,0.7219,0.5253,7.8127,0.5102,0.7423,0.6597,0.2195,0.7533,0.7116,0.5274,7.1582,0.5114,0.7369,0.6505,0.1751,115.97,2004.8,0.4726,0.73245
2023-03-16,FARM0118,B,-7.552596,112.051415,349,3,52,9738,316.38,3.11,41.25,33.7,5.5,72.4,14.3,0.7551,0.699,0.5988,7.1669,0.5359,0.8052,0.6645,0.1781,0.6926,0.6616,0.5503,5.5072,0.4819,0.6767,0.6045,0.0483,0.7239,0.6803,0.5746,6.337,0.5089,0.741,0.6345,0.1132,116.82,2439.880000000001,0.4254,0.7021
2024-05-09,FARM0118,B,-7.552596,112.051415,349,4,52,10693,290.91,2.23,8.05,33.4,5.4,75.5,16.5,0.7241,0.6915,0.5487,6.2499,0.4883,0.7514,0.6237,0.1111,0.7095,0.6819,0.5031,5.8858,0.4909,0.7001,0.6178,0.0814,0.7168,0.6867,0.5259,6.0678,0.4896,0.7257,0.6208,0.0962,84.32,2521.7,0.4741,0.70175
2021-02-24,FARM0119,B,-7.555633,112.058708,386,1,56,11426,329.56,3.41,39.97,31.1,11.7,84.0,13.1,0.7375,0.7007,0.6205,6.6194,0.5518,0.7671,0.6631,0.1394,0.6983,0.7023,0.529,5.6291,0.5009,0.718,0.6172,0.0592,0.7179,0.7015,0.5747,6.1242,0.5264,0.7426,0.6402,0.0993,114.7,2612.4,0.4253,0.7097
2022-03-21,FARM0119,B,-7.555633,112.058708,386,2,48,10831,307.49,2.56,22.72,34.0,5.1,79.8,14.2,0.7519,0.6892,0.4635,7.0604,0.4854,0.8129,0.6356,0.1708,0.7271,0.7132,0.6068,6.3276,0.4822,0.7126,0.6218,0.1172,0.7395,0.7012,0.5352,6.694,0.4838,0.7627,0.6287,0.144,115.51,2713.2,0.4648,0.72035
2023-04-15,FARM0119,B,-7.555633,112.058708,386,3,48,10918,300.3,2.28,10.28,32.9,1.1,81.1,16.7,0.745,0.6882,0.5385,6.8427,0.5124,0.8216,0.6471,0.1556,0.7667,0.684,0.4919,7.5738,0.4995,0.7483,0.6507,0.2047,0.7559,0.6861,0.5152,7.2083,0.5059,0.785,0.6489,0.1801,101.62,2668.19,0.4848,0.7210000000000001
2024-05-09,FARM0119,B,-7.555633,112.058708,386,4,48,9540,279.76,2.54,15.11,35.0,4.6,70.8,16.4,0.6921,0.6638,0.5589,5.4946,0.4908,0.7244,0.6088,0.0471,0.7063,0.694,0.5253,5.8108,0.4439,0.7057,0.5901,0.075,0.6992,0.6789,0.5421,5.6527,0.4674,0.7151,0.5995,0.0611,115.25,2478.0,0.4579,0.6890499999999999
2021-01-25,FARM0120,B,-7.533709,112.054983,233,1,52,9859,334.75,2.67,24.14,30.7,2.7,87.6,14.5,0.7024,0.6175,0.6043,5.7211,0.4709,0.7384,0.6035,0.0673,0.7688,0.7422,0.5292,7.6507,0.5378,0.8335,0.6725,0.2095,0.7356,0.6798,0.5667,6.6859,0.5044,0.7859,0.638,0.1384,116.44,2689.32,0.4333,0.7077
2022-03-21,FARM0120,B,-7.533709,112.054983,233,2,52,10396,350.25,3.17,43.57,30.7,10.6,85.4,13.9,0.6735,0.6745,0.5583,5.1254,0.4851,0.6546,0.5963,0.0124,0.7186,0.6533,0.5132,6.1078,0.4867,0.6945,0.6201,0.0997,0.6961,0.6639,0.5357,5.6166,0.4859,0.6745,0.6082,0.0561,115.16,2621.78,0.4643,0.68
2023-05-15,FARM0120,B,-7.533709,112.054983,233,3,52,10007,330.51,2.67,17.06,29.3,4.2,73.3,14.2,0.7473,0.6381,0.5634,6.9135,0.5242,0.7486,0.6544,0.1606,0.7333,0.7162,0.5482,6.4981,0.5203,0.7275,0.6452,0.1303,0.7403,0.6771,0.5558,6.7058,0.5222,0.738,0.6498,0.1455,112.98,2147.69,0.4442,0.7087
2024-08-07,FARM0120,B,-7.533709,112.054983,233,4,56,9639,298.85,2.62,22.98,28.4,3.7,69.2,13.1,0.6819,0.6862,0.5949,5.2866,0.4677,0.6715,0.5916,0.0279,0.762,0.6615,0.6524,7.4022,0.5362,0.8327,0.6682,0.1937,0.7219,0.6738,0.6236,6.3444,0.502,0.7521,0.6299,0.1108,114.84,1965.28,0.3764,0.69785
2021-01-25,FARM0121,B,-7.569014,112.066348,445,1,52,9955,367.93,2.75,35.4,27.6,17.5,87.6,16.9,0.7369,0.649,0.5005,6.6028,0.4888,0.7729,0.6303,0.1381,0.6699,0.6518,0.5312,5.0582,0.4397,0.6438,0.5704,0.0058,0.7034,0.6504,0.5159,5.8305,0.4643,0.7083,0.6003,0.072,115.38,2417.76,0.4841,0.6769000000000001
2022-03-21,FARM0121,B,-7.569014,112.066348,445,2,52,9828,334.07,2.62,19.58,32.0,9.7,74.0,14.3,0.6837,0.6728,0.5464,5.3222,0.4759,0.6965,0.5968,0.0312,0.7288,0.6384,0.6036,6.3743,0.493,0.7033,0.6286,0.1208,0.7062,0.6556,0.575,5.8483,0.4845,0.6999,0.6127,0.076,116.89,2368.0,0.425,0.6809000000000001
2023-04-15,FARM0121,B,-7.569014,112.066348,445,3,48,10801,317.53,2.72,28.73,32.6,3.7,75.7,14.0,0.7293,0.7056,0.5305,6.3874,0.521,0.7284,0.6435,0.1218,0.7731,0.6736,0.5965,7.8161,0.5407,0.761,0.6762,0.2197,0.7512,0.6896,0.5635,7.1017,0.5309,0.7447,0.6599,0.1708,115.14,2467.82,0.4365,0.7203999999999999
2024-05-09,FARM0121,B,-7.569014,112.066348,445,4,48,10147,305.76,2.47,15.39,30.6,5.8,85.7,14.2,0.7439,0.7214,0.5589,6.8097,0.548,0.824,0.6647,0.1532,0.7487,0.6241,0.4982,6.9575,0.4773,0.7728,0.6294,0.1637,0.7463,0.6727,0.5286,6.8836,0.5127,0.7984,0.6471,0.1585,113.29,2622.42,0.4714,0.7095
2021-01-25,FARM0122,B,-7.539793,112.038582,567,1,52,10384,353.07,3.13,24.59,27.9,6.3,69.8,14.9,0.7208,0.7088,0.5421,6.1638,0.5302,0.7677,0.6437,0.1042,0.7819,0.6809,0.5794,8.1717,0.5441,0.8664,0.6825,0.2408,0.7514,0.6948,0.5607,7.1677,0.5372,0.817,0.6631,0.1725,116.69,1947.42,0.4393,0.7231
2022-04-20,FARM0122,B,-7.539793,112.038582,567,2,56,9369,311.79,2.6,23.2,30.3,6.5,69.3,16.8,0.7212,0.7003,0.51,6.1731,0.4929,0.7003,0.6247,0.105,0.7356,0.6788,0.6137,6.5657,0.5256,0.7661,0.6492,0.1354,0.7284,0.6895,0.5619,6.3694,0.5092,0.7332,0.6369,0.1202,112.91,2099.79,0.4381,0.70895
2023-05-15,FARM0122,B,-7.539793,112.038582,567,3,48,9041,290.73,2.25,11.16,32.7,2.4,70.0,14.3,0.71,0.6802,0.4998,5.8974,0.4693,0.716,0.6064,0.0823,0.7394,0.6936,0.601,6.6752,0.4958,0.7661,0.6354,0.1435,0.7247,0.6869,0.5504,6.2863,0.4826,0.741,0.6209,0.1129,89.26,2289.0,0.4496,0.7058
2024-06-08,FARM0122,B,-7.539793,112.038582,567,4,48,8863,267.5,2.68,22.33,29.8,12.9,76.6,14.2,0.7231,0.6357,0.5725,6.2219,0.5007,0.7037,0.6298,0.1089,0.7813,0.6763,0.5682,8.1446,0.5439,0.8014,0.682,0.2392,0.7522,0.656,0.5704,7.1832,0.5223,0.7526,0.6559,0.1741,113.16,2282.68,0.4296,0.7041
2021-01-25,FARM0123,B,-7.557744,112.050035,474,1,52,11338,345.33,3.0,20.52,32.6,6.7,76.5,16.9,0.6927,0.689,0.5817,5.5087,0.5225,0.6853,0.6249,0.0484,0.7799,0.7129,0.5793,8.0886,0.5272,0.7587,0.6725,0.236,0.7363,0.701,0.5805,6.7987,0.5249,0.722,0.6487,0.1422,113.79,2493.9,0.4195,0.71865
2022-02-19,FARM0123,B,-7.557744,112.050035,474,2,48,10498,374.31,2.65,21.75,31.3,2.8,79.6,14.9,0.7327,0.6958,0.6069,6.4808,0.5352,0.7527,0.6524,0.129,0.7659,0.6854,0.5911,7.5424,0.4828,0.7137,0.6407,0.2027,0.7493,0.6906,0.599,7.0116,0.509,0.7332,0.6465,0.1658,116.14,2491.48,0.401,0.71995
2023-05-15,FARM0123,B,-7.557744,112.050035,474,3,56,9850,329.01,3.01,23.26,30.2,1.2,71.4,15.4,0.7439,0.677,0.5766,6.8105,0.5385,0.8126,0.66,0.1533,0.7184,0.7385,0.6155,6.1014,0.5145,0.7223,0.6346,0.0992,0.7312,0.7077,0.5961,6.456,0.5265,0.7675,0.6473,0.1263,116.74,2156.28,0.4039,0.7194499999999999
2024-08-07,FARM0123,B,-7.557744,112.050035,474,4,56,10032,279.57,2.36,9.86,26.9,1.3,69.9,15.1,0.7028,0.6267,0.5184,5.73,0.4799,0.7156,0.6086,0.068,0.6901,0.6422,0.5883,5.4543,0.477,0.6584,0.6007,0.0435,0.6965,0.6344,0.5534,5.5921,0.4785,0.687,0.6046,0.0557,84.86,1880.31,0.4466,0.66545
2021-01-25,FARM0124,B,-7.562538,112.055454,517,1,52,10676,347.0,3.29,31.83,31.5,26.8,77.2,15.7,0.7692,0.7069,0.5048,7.6666,0.5436,0.8834,0.6758,0.2105,0.7011,0.7121,0.5898,5.6906,0.5012,0.6618,0.6188,0.0646,0.7352,0.7095,0.5473,6.6786,0.5224,0.7726,0.6473,0.1376,113.61,2431.8,0.4527,0.72235
2022-03-21,FARM0124,B,-7.562538,112.055454,517,2,52,10558,342.28,3.21,23.98,35.0,5.3,73.1,14.5,0.7251,0.6817,0.5944,6.2767,0.5007,0.7586,0.6309,0.1132,0.7141,0.6986,0.6133,5.9963,0.5121,0.7367,0.6311,0.0906,0.7196,0.6901,0.6039,6.1365,0.5064,0.7477,0.631,0.1019,112.78,2558.5,0.3961,0.70485
2023-05-15,FARM0124,B,-7.562538,112.055454,517,3,52,9549,308.94,3.18,32.2,33.5,1.7,76.9,14.2,0.7531,0.6646,0.6224,7.1017,0.5333,0.7702,0.6622,0.1737,0.7532,0.6353,0.5964,7.1049,0.4838,0.7007,0.6353,0.1739,0.7532,0.65,0.6094,7.1033,0.5086,0.7355,0.6487,0.1738,112.91,2576.15,0.3905999999999999,0.7016
2024-07-08,FARM0124,B,-7.562538,112.055454,517,4,52,10196,326.61,2.45,17.03,26.0,5.5,70.4,13.9,0.7363,0.6097,0.5898,6.583,0.4781,0.7474,0.6239,0.1367,0.71,0.6753,0.62,5.8958,0.5148,0.7393,0.6303,0.0822,0.7231,0.6425,0.6049,6.2394,0.4965,0.7434,0.6271,0.1094,116.55,1830.4,0.3951,0.6828
2021-02-24,FARM0125,B,-7.5424,112.06479,572,1,56,10629,343.53,3.43,35.25,31.3,22.0,75.9,15.9,0.7186,0.7054,0.5191,6.1075,0.4856,0.7562,0.6195,0.0997,0.7479,0.6675,0.6489,6.9344,0.5236,0.772,0.6544,0.1621,0.7333,0.6864,0.584,6.5209,0.5046,0.7641,0.637,0.1309,115.55,2375.67,0.416,0.70985
2022-04-20,FARM0125,B,-7.5424,112.06479,572,2,52,10091,346.68,2.99,28.53,32.2,1.3,72.2,14.8,0.72,0.6471,0.4582,6.1425,0.4732,0.7224,0.6134,0.1025,0.7387,0.6756,0.4966,6.6551,0.4834,0.695,0.6281,0.142,0.7294,0.6614,0.4774,6.3988,0.4783,0.7087,0.6207,0.1223,115.33,2324.84,0.5226,0.6954
2023-06-14,FARM0125,B,-7.5424,112.06479,572,3,52,9856,317.46,3.37,32.68,28.4,2.1,86.9,14.8,0.7068,0.6456,0.5763,5.8224,0.5186,0.6864,0.6306,0.076,0.7114,0.6544,0.6105,5.9308,0.5059,0.7162,0.6266,0.0852,0.7091,0.65,0.5934,5.8766,0.5122,0.7013,0.6286,0.0806,115.68,2467.96,0.4066,0.67955
2024-08-07,FARM0125,B,-7.5424,112.06479,572,4,52,9491,321.09,2.81,19.52,23.7,2.1,70.5,16.8,0.6906,0.7297,0.5119,5.4644,0.531,0.7476,0.6277,0.0444,0.7298,0.6801,0.5286,6.4025,0.5232,0.6981,0.6449,0.123,0.7102,0.7049,0.5203,5.9334,0.5271,0.7229,0.6363,0.0837,112.97,1670.85,0.4797,0.70755
2020-12-26,FARM0126,B,-7.557291,112.069646,736,1,48,11051,361.81,3.11,22.25,29.1,32.7,82.3,13.5,0.6971,0.7017,0.5489,5.6037,0.534,0.6861,0.6327,0.0569,0.7012,0.7349,0.5563,5.6939,0.497,0.6518,0.6167,0.0649,0.6992,0.7183,0.5526,5.6488,0.5155,0.6689,0.6247,0.0609,114.53,2394.93,0.4474,0.70875
2022-01-20,FARM0126,B,-7.557291,112.069646,736,2,48,10282,334.74,3.21,43.35,29.6,19.0,80.2,14.1,0.7096,0.6697,0.4978,5.8872,0.5191,0.6958,0.6323,0.0815,0.7129,0.6393,0.5116,5.9671,0.4745,0.6787,0.6107,0.0882,0.7113,0.6545,0.5047,5.9272,0.4968,0.6872,0.6215,0.0848,117.17,2373.92,0.4953,0.6829000000000001
2023-03-16,FARM0126,B,-7.557291,112.069646,736,3,52,10565,316.18,2.56,28.83,31.2,1.7,81.7,15.4,0.7573,0.6519,0.6023,7.2413,0.5136,0.8094,0.6539,0.1831,0.7766,0.6763,0.5685,7.953,0.542,0.853,0.6787,0.228,0.767,0.6641,0.5854,7.5971,0.5278,0.8312,0.6663,0.2055,116.77,2549.04,0.4146,0.71555
2024-04-09,FARM0126,B,-7.557291,112.069646,736,4,48,9838,337.84,2.91,34.33,31.3,5.8,79.8,16.5,0.7132,0.6741,0.5213,5.9743,0.532,0.7019,0.6405,0.0888,0.7218,0.7257,0.4949,6.1887,0.4794,0.7419,0.6177,0.1062,0.7175,0.6999,0.5081,6.0815,0.5057,0.7219,0.6291,0.0975,115.2,2497.74,0.4919,0.7087
2021-02-24,FARM0127,B,-7.546908,112.058201,332,1,56,10803,355.74,3.25,37.9,29.6,12.3,79.8,16.9,0.7232,0.6931,0.5088,6.2251,0.5004,0.7028,0.6297,0.1091,0.7094,0.6505,0.4872,5.8816,0.4606,0.6714,0.6012,0.081,0.7163,0.6718,0.498,6.0534,0.4805,0.6871,0.6154,0.0951,116.82,2362.08,0.502,0.6940500000000001
2022-03-21,FARM0127,B,-7.546908,112.058201,332,2,48,10781,370.08,3.31,39.22,35.0,9.9,81.9,13.2,0.739,0.6926,0.6283,6.664,0.5214,0.7654,0.6488,0.1427,0.7314,0.6448,0.5753,6.4459,0.4872,0.7112,0.6267,0.1263,0.7352,0.6687,0.6018,6.5549,0.5043,0.7383,0.6377,0.1345,117.28,2866.5,0.3982,0.70195
2023-05-15,FARM0127,B,-7.546908,112.058201,332,3,52,9258,307.05,2.92,24.76,31.7,2.6,83.1,14.1,0.6897,0.6884,0.645,5.4463,0.5299,0.7449,0.6267,0.0427,0.7651,0.7161,0.6055,7.5135,0.537,0.7616,0.6702,0.2009,0.7274,0.7023,0.6252,6.4799,0.5334,0.7532,0.6484,0.1218,116.84,2634.27,0.3748,0.71485
2024-07-08,FARM0127,B,-7.546908,112.058201,332,4,52,9189,267.26,3.06,32.82,26.9,1.1,87.1,16.2,0.7571,0.6452,0.6136,7.2325,0.545,0.8538,0.6701,0.1825,0.7682,0.7375,0.5566,7.6291,0.5362,0.8102,0.6714,0.2082,0.7626,0.6913,0.5851,7.4308,0.5406,0.832,0.6708,0.1953,113.14,2342.99,0.4149,0.72695
2021-01-25,FARM0128,B,-7.557246,112.069713,596,1,52,11217,355.61,2.67,17.04,32.2,41.6,70.8,14.5,0.6743,0.6622,0.5126,5.1402,0.4738,0.6254,0.5909,0.0138,0.7235,0.6379,0.5897,6.2345,0.4776,0.679,0.6176,0.1099,0.6989,0.6501,0.5511,5.6873,0.4757,0.6522,0.6042,0.0619,113.19,2279.76,0.4489,0.6745
2022-04-20,FARM0128,B,-7.557246,112.069713,596,2,56,10781,357.79,2.27,14.63,30.8,4.1,81.9,14.0,0.6954,0.6354,0.4913,5.5659,0.4801,0.7301,0.605,0.0536,0.7385,0.6614,0.5259,6.6484,0.5267,0.7757,0.6512,0.1415,0.717,0.6484,0.5086,6.1072,0.5034,0.7529,0.6281,0.0975,112.75,2522.52,0.4913999999999999,0.6827
2023-06-14,FARM0128,B,-7.557246,112.069713,596,3,52,9529,319.41,2.23,12.5,27.0,1.1,71.5,15.4,0.7326,0.6609,0.5953,6.4788,0.4951,0.7708,0.6316,0.1288,0.7454,0.6188,0.5221,6.8541,0.4677,0.714,0.6222,0.1564,0.739,0.6398,0.5587,6.6664,0.4814,0.7424,0.6269,0.1426,104.09,1930.5,0.4413,0.6894
2024-08-07,FARM0128,B,-7.557246,112.069713,596,4,52,9476,289.59,2.16,19.21,27.5,1.9,82.7,13.5,0.7404,0.7033,0.6076,6.7046,0.52,0.7705,0.6488,0.1456,0.7435,0.6871,0.622,6.7977,0.5116,0.712,0.6459,0.1524,0.742,0.6952,0.6148,6.7512,0.5158,0.7413,0.6474,0.149,115.38,2274.25,0.3852,0.7186
2021-01-25,FARM0129,B,-7.5306,112.03385,706,1,52,10810,330.26,3.02,42.39,29.1,14.4,77.2,16.1,0.6965,0.6274,0.6067,5.5892,0.4852,0.6893,0.6082,0.0556,0.748,0.6653,0.5601,6.9372,0.4978,0.7923,0.6407,0.1623,0.7222,0.6464,0.5834,6.2632,0.4915,0.7408,0.6244,0.109,113.18,2246.52,0.4166,0.6842999999999999
2022-02-19,FARM0129,B,-7.5306,112.03385,706,2,48,10987,356.15,2.61,29.56,34.9,12.1,81.9,15.4,0.6568,0.6901,0.4879,4.8283,0.4537,0.6128,0.5716,-0.0175,0.7022,0.685,0.5053,5.717,0.4883,0.6678,0.6128,0.0669,0.6795,0.6876,0.4966,5.2727,0.471,0.6403,0.5922,0.0247,112.87,2858.31,0.5034000000000001,0.68355
2023-04-15,FARM0129,B,-7.5306,112.03385,706,3,52,9454,317.01,3.09,33.71,35.0,1.8,71.5,13.2,0.7442,0.654,0.6076,6.8198,0.4989,0.7414,0.6394,0.154,0.6757,0.6488,0.4696,5.1674,0.4303,0.6069,0.5678,0.0165,0.71,0.6514,0.5386,5.9936,0.4646,0.6742,0.6036,0.0852,115.82,2502.5,0.4614,0.6807
2024-05-09,FARM0129,B,-7.5306,112.03385,706,4,48,10301,296.97,2.42,11.78,29.9,1.7,78.6,16.6,0.7102,0.648,0.5162,5.9018,0.5399,0.7674,0.6426,0.0827,0.7828,0.6998,0.5907,8.2077,0.5275,0.8272,0.6741,0.2429,0.7465,0.6739,0.5535,7.0548,0.5337,0.7973,0.6583,0.1628,108.69,2350.14,0.4465,0.7102
2021-02-24,FARM0130,B,-7.546904,112.06734,723,1,56,10173,355.16,3.54,55.53,33.2,0.6,83.2,13.4,0.7539,0.6359,0.5219,7.1267,0.5155,0.8026,0.6532,0.1754,0.7046,0.7252,0.5569,5.7711,0.4946,0.6979,0.6173,0.0716,0.7293,0.6805,0.5394,6.4489,0.5051,0.7503,0.6352,0.1235,114.33,2762.24,0.4606,0.7049
2022-03-21,FARM0130,B,-7.546904,112.06734,723,2,48,10229,345.98,2.66,29.74,32.7,13.6,78.0,16.9,0.6933,0.7075,0.6044,5.5217,0.5266,0.7343,0.6272,0.0496,0.6728,0.7171,0.5937,5.1115,0.4431,0.6593,0.5736,0.011,0.683,0.7123,0.599,5.3166,0.4849,0.6968,0.6004,0.0303,116.47,2550.6,0.401,0.6976500000000001
2023-04-15,FARM0130,B,-7.546904,112.06734,723,3,48,8796,307.59,2.98,24.19,32.9,5.1,85.8,14.0,0.6959,0.694,0.555,5.5758,0.5067,0.698,0.6188,0.0544,0.7688,0.6995,0.6017,7.6505,0.4724,0.7726,0.6359,0.2095,0.7323,0.6967,0.5784,6.6132,0.4896,0.7353,0.6274,0.132,113.06,2822.82,0.4216,0.7144999999999999
2024-05-09,FARM0130,B,-7.546904,112.06734,723,4,48,9001,323.49,2.56,19.13,32.2,3.2,70.9,16.4,0.6649,0.6593,0.4784,4.9685,0.459,0.6483,0.5784,-0.0032,0.7575,0.6771,0.5407,7.2469,0.4827,0.7232,0.6367,0.1835,0.7112,0.6682,0.5095,6.1077,0.4708,0.6858,0.6075,0.0902,113.97,2282.98,0.4905,0.6897
2020-12-26,FARM0131,B,-7.53542,112.054293,671,1,48,11095,361.8,2.96,26.19,29.5,12.8,70.2,13.7,0.6678,0.6442,0.5825,5.0203,0.4518,0.6302,0.576,0.002,0.7281,0.6609,0.5657,6.3554,0.4874,0.7586,0.6252,0.1194,0.6979,0.6526,0.5741,5.6878,0.4696,0.6944,0.6006,0.0607,116.5,2070.9,0.4258999999999999,0.6752499999999999
2022-02-19,FARM0131,B,-7.53542,112.054293,671,2,52,9895,310.22,2.84,20.2,34.9,0.7,83.0,13.3,0.7491,0.7034,0.5589,6.9726,0.5197,0.753,0.653,0.1648,0.7706,0.6365,0.564,7.7195,0.5062,0.7553,0.6563,0.2138,0.7599,0.6699,0.5614,7.346,0.513,0.7541,0.6547,0.1893,113.69,2896.7,0.4386,0.7149000000000001
2023-03-16,FARM0131,B,-7.53542,112.054293,671,3,48,10195,343.83,2.43,20.86,31.9,2.5,85.7,15.9,0.7476,0.673,0.5452,6.9242,0.5271,0.7949,0.6561,0.1614,0.6622,0.663,0.608,4.9213,0.4271,0.6352,0.5595,-0.0079,0.7049,0.668,0.5766,5.9227,0.4771,0.715,0.6078,0.0767,116.24,2733.83,0.4234,0.68645
2024-05-09,FARM0131,B,-7.53542,112.054293,671,4,52,10181,335.93,2.67,15.67,32.4,1.9,74.2,16.5,0.7196,0.63,0.5103,6.1323,0.4829,0.6861,0.6186,0.1017,0.7015,0.6605,0.5629,5.7008,0.5043,0.6694,0.6206,0.0655,0.7106,0.6453,0.5366,5.9166,0.4936,0.6778,0.6196,0.0836,113.06,2404.08,0.4634,0.67795
2021-02-24,FARM0132,B,-7.559685,112.033769,498,1,56,9933,345.11,2.84,25.97,30.5,21.7,82.5,15.3,0.6801,0.6456,0.51,5.2524,0.4913,0.7049,0.6029,0.0246,0.7412,0.6534,0.6373,6.7286,0.506,0.7828,0.6417,0.1474,0.7107,0.6495,0.5736,5.9905,0.4986,0.7439,0.6223,0.086,114.49,2516.25,0.4264,0.6800999999999999
2022-05-20,FARM0132,B,-7.559685,112.033769,498,2,56,9664,299.52,2.67,26.64,32.0,2.3,78.4,13.0,0.7395,0.6867,0.568,6.6761,0.4763,0.7782,0.6244,0.1436,0.7051,0.6552,0.6121,5.7817,0.5123,0.7315,0.6265,0.0725,0.7223,0.6709,0.5901,6.2289,0.4943,0.7548,0.6255,0.108,115.04,2508.8,0.4099,0.6966000000000001
2023-06-14,FARM0132,B,-7.559685,112.033769,498,3,48,9491,313.67,2.95,19.17,30.1,1.7,85.8,14.7,0.6768,0.6912,0.5157,5.1888,0.4952,0.6575,0.6031,0.0185,0.6875,0.712,0.4857,5.4007,0.4545,0.6134,0.5872,0.0385,0.6822,0.7016,0.5007,5.2948,0.4748,0.6355,0.5951,0.0285,113.74,2582.58,0.4993,0.6919
2024-09-06,FARM0132,B,-7.559685,112.033769,498,4,56,8901,284.6,2.42,13.85,22.1,0.6,77.8,16.2,0.6841,0.662,0.5353,5.3306,0.5012,0.7034,0.6099,0.032,0.7098,0.7221,0.5142,5.8924,0.4774,0.7159,0.6107,0.0819,0.6969,0.692,0.5248,5.6115,0.4893,0.7097,0.6103,0.057,94.05,1719.38,0.4752,0.69445
2020-12-26,FARM0133,B,-7.539279,112.030506,366,1,48,10899,349.27,2.68,16.84,26.0,3.1,72.1,14.0,0.7176,0.644,0.4998,6.0816,0.4868,0.7228,0.6197,0.0976,0.7782,0.735,0.6323,8.0192,0.5269,0.8472,0.6715,0.2319,0.7479,0.6895,0.5661,7.0504,0.5069,0.785,0.6456,0.1648,117.24,1874.6,0.4339,0.7187
2022-02-19,FARM0133,B,-7.539279,112.030506,366,2,52,10252,315.62,2.51,12.54,31.1,48.9,79.6,17.0,0.7173,0.6818,0.5985,6.0754,0.4989,0.7044,0.626,0.0971,0.6999,0.7421,0.5905,5.6635,0.5105,0.6569,0.6229,0.0622,0.7086,0.712,0.5945,5.8695,0.5047,0.6806,0.6244,0.0797,113.56,2475.56,0.4055,0.7102999999999999
2023-05-15,FARM0133,B,-7.539279,112.030506,366,3,56,9401,298.39,2.4,18.22,34.2,9.1,83.8,15.6,0.7721,0.6898,0.5381,7.7766,0.5626,0.9097,0.6869,0.2173,0.7194,0.6644,0.5438,6.1274,0.5188,0.7336,0.6373,0.1013,0.7458,0.6771,0.5409,6.952,0.5407,0.8216,0.6621,0.1593,116.5,2865.96,0.4591,0.71145
2024-07-08,FARM0133,B,-7.539279,112.030506,366,4,52,10374,295.35,2.2,14.22,29.9,5.1,80.9,14.5,0.7604,0.6315,0.5245,7.3487,0.5101,0.76,0.6535,0.1902,0.7288,0.6408,0.5183,6.3734,0.4893,0.6723,0.6266,0.1208,0.7446,0.6362,0.5214,6.861,0.4997,0.7162,0.64,0.1555,112.94,2418.91,0.4786,0.6904
2020-12-26,FARM0134,B,-7.568474,112.047193,664,1,48,9366,326.63,3.18,35.63,25.5,11.8,69.7,16.3,0.718,0.7108,0.5625,6.0931,0.5209,0.7246,0.6376,0.0985,0.7694,0.7357,0.5673,7.6728,0.516,0.768,0.6612,0.2109,0.7437,0.7233,0.5649,6.8829,0.5185,0.7463,0.6494,0.1547,114.26,1777.35,0.4351,0.7335
2022-03-21,FARM0134,B,-7.568474,112.047193,664,2,56,9672,340.66,2.46,19.47,35.0,4.3,84.7,14.8,0.6621,0.6308,0.5893,4.9187,0.468,0.6861,0.5817,-0.0082,0.7159,0.6498,0.4821,6.0396,0.4542,0.6502,0.6006,0.0942,0.689,0.6403,0.5357,5.4792,0.4611,0.6681,0.5911,0.043,115.15,2964.5,0.4643,0.66465
2023-05-15,FARM0134,B,-7.568474,112.047193,664,3,52,8890,311.48,3.11,33.46,31.2,1.1,86.1,15.3,0.6684,0.6125,0.4875,5.0317,0.4659,0.6195,0.5838,0.0032,0.7244,0.636,0.5864,6.2559,0.4781,0.749,0.6182,0.1116,0.6964,0.6243,0.5369,5.6438,0.472,0.6842,0.601,0.0574,114.59,2686.32,0.4631,0.66035
2024-08-07,FARM0134,B,-7.568474,112.047193,664,4,56,9619,289.48,2.79,21.38,22.9,3.8,75.8,16.1,0.7313,0.6733,0.4969,6.4421,0.5107,0.7861,0.6392,0.126,0.7094,0.7084,0.4718,5.8812,0.444,0.6626,0.5915,0.081,0.7203,0.6908,0.4844,6.1616,0.4774,0.7243,0.6154,0.1035,114.36,1735.82,0.5156000000000001,0.70555
2021-01-25,FARM0135,B,-7.532702,112.055224,688,1,52,10293,373.52,2.68,32.05,29.8,9.5,76.5,15.1,0.7248,0.6568,0.567,6.2686,0.5196,0.7763,0.6405,0.1126,0.7011,0.6364,0.5215,5.6914,0.4486,0.6698,0.5904,0.0647,0.713,0.6466,0.5443,5.98,0.4841,0.7231,0.6154,0.0886,114.24,2279.7,0.4557,0.6798
2022-02-19,FARM0135,B,-7.532702,112.055224,688,2,48,10888,345.95,2.78,25.22,30.3,12.5,86.2,16.9,0.6796,0.6718,0.5558,5.242,0.5063,0.6779,0.61,0.0236,0.7257,0.6666,0.4947,6.2923,0.4555,0.7267,0.6059,0.1144,0.7027,0.6692,0.5252,5.7672,0.4809,0.7023,0.6079,0.069,115.47,2611.86,0.4748,0.6859500000000001
2023-04-15,FARM0135,B,-7.532702,112.055224,688,3,52,9381,369.39,2.76,24.96,32.4,1.2,87.7,15.1,0.7321,0.6559,0.5381,6.4657,0.4853,0.7044,0.626,0.1278,0.6994,0.6918,0.6007,5.6526,0.4707,0.7098,0.6019,0.0613,0.7157,0.6739,0.5694,6.0592,0.478,0.7071,0.6139,0.0945,116.08,2841.48,0.4306,0.6948000000000001
2024-05-09,FARM0135,B,-7.532702,112.055224,688,4,48,10219,329.28,2.49,30.53,30.4,0.9,69.8,14.1,0.6961,0.6584,0.567,5.5802,0.5227,0.7241,0.6268,0.0548,0.7505,0.6587,0.5413,7.0168,0.5152,0.7749,0.6514,0.1678,0.7233,0.6585,0.5541,6.2985,0.519,0.7495,0.6391,0.1113,115.17,2121.92,0.4459,0.6909000000000001
2020-12-26,FARM0136,B,-7.534591,112.040081,339,1,48,10417,331.36,2.97,32.76,26.3,16.5,79.5,14.3,0.7437,0.6392,0.591,6.8036,0.5214,0.7647,0.6512,0.1528,0.7908,0.7146,0.5188,8.5594,0.5345,0.8123,0.6818,0.2625,0.7672,0.6769,0.5549,7.6815,0.528,0.7885,0.6665,0.2077,114.97,2090.85,0.4451000000000001,0.72205
2022-01-20,FARM0136,B,-7.534591,112.040081,339,2,48,9750,325.21,3.31,33.56,27.3,10.9,77.7,14.8,0.6633,0.6837,0.5562,4.9406,0.4708,0.646,0.5837,-0.006,0.7501,0.6238,0.5834,7.0037,0.4689,0.77,0.6252,0.1669,0.7067,0.6538,0.5698,5.9722,0.4698,0.708,0.6044,0.0805,116.73,2121.21,0.4302,0.68025
2023-02-14,FARM0136,B,-7.534591,112.040081,339,3,48,9404,305.37,2.58,20.81,33.1,5.5,79.2,16.7,0.7563,0.646,0.4808,7.2071,0.5086,0.831,0.6507,0.1808,0.7286,0.6303,0.5171,6.3696,0.4601,0.7288,0.61,0.1205,0.7425,0.6381,0.499,6.7883,0.4844,0.7799,0.6303,0.1506,113.27,2621.52,0.501,0.6903
2024-04-09,FARM0136,B,-7.534591,112.040081,339,4,52,10000,284.0,2.79,19.51,32.8,4.9,87.3,15.5,0.726,0.6725,0.578,6.2994,0.5369,0.8141,0.6497,0.115,0.6642,0.6302,0.4594,4.9559,0.4283,0.596,0.5612,-0.0044,0.6951,0.6513,0.5187,5.6276,0.4826,0.7051,0.6055,0.0553,114.29,2863.44,0.4813,0.6732
2021-02-24,FARM0137,B,-7.555115,112.054389,527,1,56,10625,365.06,2.68,25.78,32.7,3.1,70.1,14.7,0.6965,0.625,0.4963,5.5889,0.4875,0.6769,0.6094,0.0556,0.7078,0.6576,0.5666,5.8446,0.5139,0.7271,0.6287,0.0779,0.7021,0.6413,0.5314,5.7167,0.5007,0.702,0.6191,0.0667,116.71,2292.27,0.4686,0.6717
2022-05-20,FARM0137,B,-7.555115,112.054389,527,2,56,9811,331.87,2.94,23.38,31.2,11.4,78.2,15.2,0.728,0.7055,0.5077,6.3516,0.5319,0.7678,0.6483,0.1191,0.7091,0.6311,0.5285,5.8753,0.4738,0.7104,0.6084,0.0805,0.7185,0.6683,0.5181,6.1135,0.5028,0.7391,0.6283,0.0998,116.09,2439.84,0.4819,0.6934
2023-06-14,FARM0137,B,-7.555115,112.054389,527,3,48,10253,357.43,2.4,22.06,30.2,1.1,77.1,15.9,0.7455,0.663,0.4849,6.8584,0.5127,0.7542,0.6475,0.1567,0.685,0.7036,0.5333,5.3487,0.4626,0.6202,0.5904,0.0337,0.7152,0.6833,0.5091,6.1036,0.4877,0.6872,0.619,0.0952,113.76,2328.42,0.4909,0.6992499999999999
2024-07-08,FARM0137,B,-7.555115,112.054389,527,4,48,10352,332.11,2.75,24.13,27.5,1.8,75.3,13.1,0.7352,0.7191,0.5866,6.554,0.5188,0.7504,0.6455,0.1345,0.7665,0.6754,0.5316,7.5636,0.4941,0.7892,0.6475,0.2041,0.7508,0.6972,0.5591,7.0588,0.5064,0.7698,0.6465,0.1693,116.4,2070.75,0.4409,0.724
2021-01-25,FARM0138,B,-7.55192,112.050764,318,1,52,10252,387.12,3.33,46.73,31.7,33.4,74.3,13.9,0.7644,0.6562,0.5796,7.4905,0.5367,0.848,0.6697,0.1994,0.746,0.6849,0.591,6.8741,0.5292,0.7298,0.6564,0.1578,0.7552,0.6705,0.5853,7.1823,0.5329,0.7889,0.663,0.1786,114.5,2355.31,0.4147,0.71285
2022-02-19,FARM0138,B,-7.55192,112.050764,318,2,48,9508,354.13,2.68,21.0,31.8,7.3,82.8,16.1,0.7694,0.6379,0.6268,7.6718,0.5398,0.8559,0.6738,0.2108,0.7738,0.6878,0.5867,7.8436,0.5339,0.7968,0.673,0.2214,0.7716,0.6628,0.6067,7.7577,0.5368,0.8264,0.6734,0.2161,116.79,2633.04,0.3933,0.7172
2023-05-15,FARM0138,B,-7.55192,112.050764,318,3,56,9406,294.8,2.68,15.17,31.1,1.5,79.7,16.7,0.7574,0.6806,0.5271,7.2427,0.5167,0.7697,0.6556,0.1832,0.7342,0.6532,0.5194,6.5248,0.4512,0.6794,0.6073,0.1323,0.7458,0.6669,0.5233,6.8838,0.484,0.7245,0.6314,0.1577,114.2,2478.67,0.4767,0.70635
2024-08-07,FARM0138,B,-7.55192,112.050764,318,4,56,9646,312.0,2.87,34.87,25.6,0.9,86.7,14.8,0.7096,0.69,0.5232,5.886,0.4755,0.7124,0.6095,0.0814,0.7711,0.6306,0.4984,7.7372,0.4909,0.8037,0.6478,0.2149,0.7403,0.6603,0.5108,6.8116,0.4832,0.7581,0.6287,0.1481,114.39,2219.52,0.4892,0.7002999999999999
2021-01-25,FARM0139,B,-7.539567,112.049415,470,1,52,10518,356.79,2.91,25.76,29.6,13.4,82.3,16.6,0.721,0.6956,0.5371,6.1685,0.5392,0.7568,0.6482,0.1046,0.7857,0.7085,0.5881,8.331,0.5436,0.8558,0.6841,0.2499,0.7533,0.7021,0.5626,7.2498,0.5414,0.8063,0.6661,0.1772,115.47,2436.08,0.4374,0.7277
2022-02-19,FARM0139,B,-7.539567,112.049415,470,2,48,9379,349.71,2.81,30.25,31.3,9.1,78.7,15.0,0.6878,0.7039,0.5049,5.407,0.5009,0.6768,0.6118,0.0391,0.7252,0.6861,0.6058,6.2789,0.4927,0.7151,0.6267,0.1134,0.7065,0.695,0.5553,5.843,0.4968,0.6959,0.6192,0.0762,115.22,2463.31,0.4447,0.70075
2023-03-16,FARM0139,B,-7.539567,112.049415,470,3,48,10306,299.05,2.88,20.18,33.0,20.4,78.9,14.0,0.6826,0.6549,0.4994,5.3003,0.5088,0.6966,0.6128,0.0292,0.7695,0.7182,0.4948,7.677,0.484,0.7901,0.6431,0.2112,0.726,0.6865,0.4971,6.4886,0.4964,0.7433,0.6279,0.1202,115.91,2603.7,0.5029,0.70625
2024-04-09,FARM0139,B,-7.539567,112.049415,470,4,48,9272,274.49,2.29,12.58,34.3,8.8,68.8,16.7,0.6937,0.6866,0.5112,5.5294,0.5086,0.7012,0.6187,0.0503,0.7243,0.7258,0.5313,6.2535,0.4801,0.6727,0.6193,0.1114,0.709,0.7062,0.5213,5.8914,0.4944,0.6869,0.619,0.0808,96.87,2359.84,0.4787,0.7076
2020-12-26,FARM0140,B,-7.546696,112.035732,603,1,48,9580,375.97,3.19,37.87,26.1,1.4,72.8,13.4,0.7715,0.6692,0.5064,7.7523,0.548,0.8014,0.6792,0.2158,0.7739,0.688,0.5211,7.8461,0.541,0.7565,0.6768,0.2216,0.7727,0.6786,0.5137,7.7992,0.5445,0.779,0.678,0.2187,114.28,1900.08,0.4863,0.72565
2022-01-20,FARM0140,B,-7.546696,112.035732,603,2,48,9492,361.5,3.24,44.9,29.9,12.7,80.1,14.5,0.6848,0.6521,0.4684,5.3443,0.4614,0.6412,0.5896,0.0333,0.7121,0.6672,0.513,5.9464,0.5157,0.6703,0.6319,0.0865,0.6984,0.6597,0.4907,5.6454,0.4886,0.6558,0.6108,0.0599,114.54,2394.99,0.5093,0.6790499999999999
2023-04-15,FARM0140,B,-7.546696,112.035732,603,3,56,8896,327.74,2.72,22.64,33.3,1.9,73.2,16.7,0.6801,0.7044,0.596,5.2527,0.4872,0.6611,0.6008,0.0247,0.7692,0.6827,0.5935,7.6658,0.4964,0.7576,0.6501,0.2105,0.7247,0.6935,0.5947,6.4593,0.4918,0.7093,0.6255,0.1176,113.65,2437.56,0.4053,0.7091000000000001
2024-05-09,FARM0140,B,-7.546696,112.035732,603,4,48,9892,315.06,3.1,28.66,31.3,8.1,83.8,13.5,0.6606,0.6942,0.5717,4.8929,0.4551,0.6525,0.5742,-0.0108,0.7611,0.6713,0.5129,7.3705,0.4611,0.6985,0.6255,0.1916,0.7108,0.6827,0.5423,6.1317,0.4581,0.6755,0.5998,0.0904,115.68,2622.94,0.4577,0.69675
2020-12-26,FARM0141,B,-7.555061,112.059715,496,1,48,9913,356.38,3.15,26.59,30.4,7.3,75.0,17.0,0.6885,0.6429,0.613,5.4207,0.496,0.7303,0.6097,0.0404,0.6938,0.664,0.5946,5.5319,0.4564,0.6575,0.5913,0.0505,0.6912,0.6534,0.6038,5.4763,0.4762,0.6939,0.6005,0.0454,113.98,2280.0,0.3962,0.6723
2022-01-20,FARM0141,B,-7.555061,112.059715,496,2,48,10673,299.2,3.15,18.79,32.1,23.1,85.8,15.3,0.7019,0.7036,0.6165,5.7098,0.491,0.6658,0.614,0.0663,0.7565,0.7113,0.4817,7.2135,0.4916,0.7648,0.6413,0.1812,0.7292,0.7074,0.5491,6.4617,0.4913,0.7153,0.6277,0.1238,113.52,2754.18,0.4509,0.7182999999999999
2023-02-14,FARM0141,B,-7.555061,112.059715,496,3,48,10395,316.01,2.62,15.28,34.0,15.3,76.1,16.9,0.6724,0.698,0.6228,5.1055,0.4877,0.7004,0.597,0.0104,0.7411,0.6808,0.5761,6.7248,0.4976,0.7398,0.6372,0.1471,0.7068,0.6894,0.5994,5.9151,0.4927,0.7201,0.6171,0.0788,116.31,2587.4,0.4006,0.6980999999999999
2024-03-10,FARM0141,B,-7.555061,112.059715,496,4,48,10646,309.72,2.28,19.14,33.7,5.7,80.2,16.9,0.7381,0.6405,0.616,6.6353,0.5326,0.787,0.6539,0.1405,0.7156,0.6488,0.5842,6.0315,0.4838,0.7347,0.617,0.0935,0.7268,0.6446,0.6001,6.3334,0.5082,0.7608,0.6355,0.117,113.42,2702.74,0.3999,0.6857
2021-01-25,FARM0142,B,-7.567047,112.059534,677,1,52,9252,367.22,3.26,26.62,31.3,7.1,75.9,15.2,0.677,0.661,0.464,5.1914,0.4592,0.6586,0.5845,0.0188,0.7095,0.6845,0.4978,5.8839,0.4685,0.7147,0.6056,0.0812,0.6932,0.6728,0.4809,5.5376,0.4638,0.6867,0.5951,0.05,113.0,2375.67,0.5191,0.683
2022-02-19,FARM0142,B,-7.567047,112.059534,677,2,48,9596,344.26,2.75,23.3,34.9,28.5,69.4,17.0,0.7585,0.7248,0.5204,7.2825,0.5434,0.7828,0.6701,0.1858,0.7405,0.6313,0.4845,6.7086,0.4528,0.7182,0.6111,0.1459,0.7495,0.678,0.5025,6.9955,0.4981,0.7505,0.6406,0.1659,116.13,2422.06,0.4975000000000001,0.7137500000000001
2023-03-16,FARM0142,B,-7.567047,112.059534,677,3,48,8997,356.51,2.32,16.21,31.4,36.6,77.3,14.3,0.7751,0.6889,0.5909,7.8924,0.5559,0.8344,0.6851,0.2243,0.7756,0.7087,0.4778,7.9116,0.4925,0.742,0.6508,0.2255,0.7753,0.6988,0.5344,7.902,0.5242,0.7882,0.6679,0.2249,114.77,2427.22,0.4656,0.73705
2024-05-09,FARM0142,B,-7.567047,112.059534,677,4,52,9636,298.4,2.81,23.27,32.6,2.0,81.5,15.3,0.7037,0.7092,0.6149,5.7505,0.537,0.75,0.6377,0.0698,0.7781,0.6962,0.6052,8.0134,0.5323,0.8392,0.6743,0.2316,0.7409,0.7027,0.61,6.8819,0.5346,0.7946,0.656,0.1507,116.55,2656.9,0.39,0.7218
2021-02-24,FARM0143,B,-7.544234,112.045901,602,1,56,10128,396.28,3.11,50.99,31.8,15.0,78.4,14.3,0.6981,0.6751,0.5476,5.6252,0.4723,0.671,0.6022,0.0588,0.7435,0.721,0.5735,6.7984,0.519,0.7132,0.6498,0.1524,0.7208,0.698,0.5606,6.2118,0.4957,0.6921,0.626,0.1056,113.77,2493.12,0.4394,0.7094
2022-04-20,FARM0143,B,-7.544234,112.045901,602,2,52,9824,330.34,2.68,26.26,34.8,0.5,76.0,14.9,0.7302,0.6474,0.5169,6.4119,0.5027,0.7267,0.6345,0.1237,0.7401,0.6883,0.5299,6.6949,0.5274,0.7088,0.6524,0.1449,0.7351,0.6679,0.5234,6.5534,0.515,0.7178,0.6434,0.1343,114.01,2644.8,0.4766,0.7015
2023-05-15,FARM0143,B,-7.544234,112.045901,602,3,48,10796,363.18,2.78,19.55,29.3,5.9,71.2,15.1,0.7262,0.6901,0.5859,6.3042,0.5214,0.7538,0.6421,0.1154,0.7437,0.6718,0.4846,6.8022,0.4895,0.7088,0.6339,0.1527,0.7349,0.681,0.5353,6.5532,0.5054,0.7313,0.638,0.134,114.89,2086.16,0.4647,0.7079500000000001
2024-06-08,FARM0143,B,-7.544234,112.045901,602,4,48,9598,308.73,2.71,24.08,33.2,1.4,80.2,16.6,0.7235,0.7223,0.5665,6.2329,0.5366,0.7743,0.6482,0.1098,0.6779,0.6819,0.5119,5.2086,0.4431,0.6179,0.5761,0.0204,0.7007,0.7021,0.5392,5.7208,0.4898,0.6961,0.6122,0.0651,114.95,2662.64,0.4608,0.7014
2021-01-25,FARM0144,B,-7.566429,112.045498,768,1,52,9835,372.09,3.09,40.83,29.4,14.6,76.5,16.6,0.7511,0.6505,0.558,7.0365,0.5006,0.8306,0.6437,0.1692,0.7648,0.6823,0.5144,7.5044,0.5155,0.8089,0.6586,0.2003,0.758,0.6664,0.5362,7.2704,0.508,0.8197,0.6512,0.1847,115.64,2249.1,0.4638,0.7121999999999999
2022-04-20,FARM0144,B,-7.566429,112.045498,768,2,56,8920,289.92,2.71,21.86,35.0,2.3,70.6,16.2,0.7238,0.6791,0.5448,6.2413,0.5299,0.7188,0.6451,0.1104,0.7874,0.7209,0.6106,8.4091,0.5463,0.8758,0.6864,0.2542,0.7556,0.7,0.5777,7.3252,0.5381,0.7973,0.6658,0.1823,115.71,2471.0,0.4223,0.7278
2023-06-14,FARM0144,B,-7.566429,112.045498,768,3,52,9243,314.01,2.4,23.13,28.4,0.1,84.2,15.0,0.7508,0.7042,0.5011,7.0255,0.5066,0.7715,0.6469,0.1684,0.7083,0.6604,0.5758,5.8562,0.5141,0.7341,0.6291,0.0789,0.7295,0.6823,0.5384,6.4409,0.5104,0.7528,0.638,0.1237,113.68,2391.28,0.4616,0.7059
2024-08-07,FARM0144,B,-7.566429,112.045498,768,4,52,8635,278.03,2.3,16.1,23.7,0.5,79.5,14.9,0.697,0.656,0.5771,5.6002,0.5142,0.7519,0.6232,0.0566,0.7136,0.7072,0.5841,5.9828,0.4586,0.6597,0.602,0.0895,0.7053,0.6816,0.5806,5.7915,0.4864,0.7058,0.6126,0.0731,109.97,1884.15,0.4194,0.69345
2020-12-26,FARM0145,C,-7.615551,112.081274,585,1,48,10179,329.18,2.56,23.69,24.7,0.9,83.7,15.8,0.6642,0.6291,0.6519,4.9551,0.4175,0.6694,0.5549,-0.0045,0.7093,0.6155,0.6903,5.8798,0.4529,0.7157,0.5967,0.0809,0.6867,0.6223,0.6711,5.4174,0.4352,0.6926,0.5758,0.0382,114.67,2067.39,0.3289,0.6545
2022-01-20,FARM0145,C,-7.615551,112.081274,585,2,48,10276,339.74,2.6,20.55,31.5,2.3,82.7,13.8,0.7373,0.6525,0.7127,6.6132,0.506,0.7334,0.6398,0.1389,0.7629,0.6605,0.7015,7.4363,0.4933,0.7324,0.6453,0.1959,0.7501,0.6565,0.7071,7.0247,0.4996,0.7329,0.6426,0.1674,115.19,2605.05,0.2929,0.7033
2023-04-15,FARM0145,C,-7.615551,112.081274,585,3,56,10186,322.38,2.23,11.57,30.6,0.2,92.4,16.2,0.6923,0.6604,0.6641,5.5005,0.4468,0.6843,0.5851,0.0477,0.6667,0.6516,0.6799,5.0002,0.4198,0.576,0.5574,0.0,0.6795,0.656,0.672,5.2503,0.4333,0.6302,0.5713,0.0238,114.5,2827.440000000001,0.328,0.6677500000000001
2024-05-09,FARM0145,C,-7.615551,112.081274,585,4,48,10506,304.32,2.3,13.23,29.6,3.5,76.2,16.9,0.6853,0.6789,0.6875,5.3556,0.4525,0.6503,0.585,0.0343,0.6814,0.683,0.685,5.277,0.4336,0.6391,0.5723,0.027,0.6833,0.6809,0.6863,5.3163,0.4431,0.6447,0.5787,0.0306,115.4,2255.52,0.3137,0.6820999999999999
2021-02-24,FARM0146,C,-7.595799,112.084874,253,1,56,10295,323.32,3.05,22.12,34.2,5.2,73.7,16.2,0.6999,0.6978,0.7013,5.6643,0.469,0.7102,0.6012,0.0623,0.7094,0.6579,0.6739,5.8824,0.4757,0.6587,0.6096,0.0811,0.7047,0.6778,0.6876,5.7734,0.4724,0.6845,0.6054,0.0717,113.95,2520.54,0.3124,0.6912499999999999
2022-03-21,FARM0146,C,-7.595799,112.084874,253,2,48,8918,303.36,3.1,36.18,30.9,27.1,79.8,14.7,0.6706,0.602,0.6925,5.0722,0.4419,0.6589,0.5719,0.0072,0.7073,0.7158,0.696,5.8336,0.4623,0.6384,0.6011,0.0769,0.689,0.6589,0.6942,5.4529,0.4521,0.6487,0.5865,0.0421,114.8,2465.82,0.3058,0.67395
2023-06-14,FARM0146,C,-7.595799,112.084874,253,3,56,8858,306.95,2.97,18.43,27.7,3.1,74.3,13.5,0.6676,0.6181,0.6816,5.0163,0.4228,0.6365,0.5596,0.0016,0.75,0.6785,0.6269,7.0005,0.4432,0.7598,0.6094,0.1667,0.7088,0.6483,0.6543,6.0084,0.433,0.6982,0.5845,0.0842,115.66,2058.11,0.3457,0.67855
2024-08-07,FARM0146,C,-7.595799,112.084874,253,4,52,9823,302.23,2.59,18.5,23.5,1.6,92.2,16.2,0.7267,0.6152,0.6951,6.317,0.4679,0.699,0.6135,0.1164,0.6616,0.6886,0.6756,4.91,0.4114,0.565,0.5501,-0.0091,0.6941,0.6519,0.6853,5.6135,0.4396,0.632,0.5818,0.0536,113.97,2166.7,0.3147,0.673
2020-12-26,FARM0147,C,-7.597251,112.098065,230,1,48,9591,369.24,3.11,48.55,29.6,6.3,77.1,14.5,0.668,0.6905,0.6621,5.0234,0.4605,0.6758,0.5808,0.0023,0.6857,0.6941,0.6598,5.3641,0.4383,0.6077,0.5771,0.0351,0.6768,0.6923,0.661,5.1937,0.4494,0.6417,0.5789,0.0187,115.87,2282.16,0.339,0.68455
2022-03-21,FARM0147,C,-7.597251,112.098065,230,2,56,9916,340.75,3.08,21.45,31.4,6.9,73.8,13.1,0.6832,0.6296,0.6865,5.3139,0.4366,0.658,0.575,0.0304,0.709,0.6819,0.6695,5.8729,0.4192,0.6181,0.5762,0.0803,0.6961,0.6558,0.678,5.5934,0.4279,0.6381,0.5756,0.0554,117.28,2317.32,0.322,0.67595
2023-05-15,FARM0147,C,-7.597251,112.098065,230,3,52,10194,342.75,2.9,20.75,28.4,0.2,91.1,16.5,0.7306,0.6133,0.695,6.4237,0.4693,0.7211,0.6162,0.1246,0.7339,0.6529,0.6764,6.5162,0.4641,0.7467,0.6148,0.1317,0.7323,0.6331,0.6857,6.47,0.4667,0.7339,0.6155,0.1281,114.01,2587.24,0.3143,0.6827
2024-07-08,FARM0147,C,-7.597251,112.098065,230,4,52,9922,299.59,2.33,14.83,28.3,5.2,81.6,13.5,0.7106,0.6843,0.6983,5.9104,0.4678,0.76,0.6058,0.0834,0.7165,0.7001,0.6888,6.0552,0.453,0.6406,0.6001,0.0955,0.7136,0.6922,0.6936,5.9828,0.4604,0.7003,0.6029,0.0894,113.84,2309.28,0.3064,0.7029000000000001
2021-02-24,FARM0148,C,-7.610254,112.118279,699,1,56,10760,326.37,3.47,51.56,28.6,41.2,76.1,16.4,0.7029,0.6848,0.6326,5.7317,0.4482,0.6739,0.591,0.0682,0.6967,0.6819,0.6567,5.5946,0.3963,0.6129,0.5562,0.0561,0.6998,0.6834,0.6446,5.6632,0.4223,0.6434,0.5736,0.0622,114.71,2176.46,0.3554,0.6916
2022-03-21,FARM0148,C,-7.610254,112.118279,699,2,48,9601,291.44,2.63,14.78,30.4,2.9,78.6,13.8,0.7576,0.6958,0.6491,7.2521,0.5212,0.7613,0.6581,0.1838,0.7057,0.6847,0.7023,5.7958,0.4732,0.6496,0.6064,0.0737,0.7317,0.6902,0.6757,6.5239,0.4972,0.7054,0.6323,0.1288,114.74,2389.44,0.3243,0.71095
2023-06-14,FARM0148,C,-7.610254,112.118279,699,3,56,10467,295.9,2.62,17.52,27.7,1.5,74.3,15.5,0.7268,0.6888,0.6828,6.3211,0.5008,0.7978,0.6318,0.1167,0.7343,0.689,0.6859,6.5277,0.4545,0.7242,0.6093,0.1325,0.7306,0.6889,0.6843,6.4244,0.4777,0.761,0.6205,0.1246,115.06,2058.11,0.3157,0.70975
2024-08-07,FARM0148,C,-7.610254,112.118279,699,4,52,10359,301.87,2.77,35.22,22.8,5.0,83.6,13.9,0.7283,0.6013,0.6305,6.3607,0.4462,0.7057,0.6016,0.1198,0.696,0.6835,0.6879,5.5787,0.4439,0.6453,0.5852,0.0547,0.7121,0.6424,0.6592,5.9697,0.4451,0.6755,0.5934,0.0872,113.78,1906.08,0.3408,0.6772499999999999
2021-01-25,FARM0149,C,-7.5867,112.104883,276,1,52,10437,367.07,2.81,34.15,27.8,39.1,81.4,16.0,0.7113,0.6202,0.6992,5.9281,0.4695,0.7202,0.6071,0.0849,0.6454,0.6861,0.6616,4.6397,0.3851,0.5901,0.5267,-0.0374,0.6783,0.6531,0.6804,5.2839,0.4273,0.6551,0.5669,0.0238,113.4,2262.92,0.3196,0.6657
2022-04-20,FARM0149,C,-7.5867,112.104883,276,2,56,10016,353.76,2.8,29.23,31.4,6.7,80.5,16.4,0.7232,0.6642,0.6573,6.226,0.5091,0.7601,0.6343,0.1092,0.6852,0.6616,0.6698,5.3539,0.4112,0.5965,0.5607,0.0342,0.7042,0.6629,0.6635,5.7899,0.4602,0.6783,0.5975,0.0717,115.56,2527.7,0.3365,0.6835500000000001
2023-07-14,FARM0149,C,-7.5867,112.104883,276,3,56,10100,316.38,2.57,23.44,28.8,17.3,78.8,13.6,0.6748,0.6353,0.6528,5.1505,0.4498,0.6944,0.5784,0.0148,0.7216,0.6923,0.7001,6.1843,0.4752,0.7161,0.6153,0.1059,0.6982,0.6638,0.6765,5.6674,0.4625,0.7053,0.5968,0.0604,115.13,2269.44,0.3235,0.681
2024-10-06,FARM0149,C,-7.5867,112.104883,276,4,56,9514,297.91,2.32,19.17,23.9,4.7,84.2,13.2,0.7073,0.6579,0.6431,5.8327,0.4769,0.6983,0.6092,0.0769,0.7186,0.5942,0.6694,6.1084,0.4223,0.6952,0.5824,0.0998,0.713,0.626,0.6562,5.9705,0.4496,0.6967,0.5958,0.0883,116.87,2012.38,0.3438,0.6695
2021-01-25,FARM0150,C,-7.610934,112.108237,475,1,52,10490,349.67,2.99,31.85,32.4,10.3,79.9,14.8,0.7139,0.5847,0.6728,5.9914,0.4259,0.7456,0.5826,0.0902,0.6616,0.6943,0.6457,4.9106,0.4249,0.5762,0.558,-0.009,0.6878,0.6395,0.6592,5.451,0.4254,0.6609,0.5703,0.0406,114.51,2588.76,0.3408,0.66365
2022-02-19,FARM0150,C,-7.610934,112.108237,475,2,48,9992,334.09,3.08,24.94,32.1,5.1,81.4,16.2,0.7194,0.6718,0.6547,6.1286,0.4719,0.6972,0.6123,0.1014,0.6909,0.6245,0.6866,5.4712,0.4398,0.6845,0.5805,0.045,0.7052,0.6482,0.6707,5.7999,0.4558,0.6909,0.5964,0.0732,113.53,2612.940000000001,0.3293,0.6767000000000001
2023-05-15,FARM0150,C,-7.610934,112.108237,475,3,56,9329,292.16,3.2,23.71,30.2,0.1,78.5,17.0,0.6655,0.6303,0.7049,4.9784,0.4616,0.6493,0.5801,-0.0022,0.693,0.6097,0.6747,5.5154,0.4215,0.6146,0.5705,0.049,0.6793,0.62,0.6898,5.2469,0.4416,0.632,0.5753,0.0234,115.51,2370.7,0.3102,0.6496500000000001
2024-07-08,FARM0150,C,-7.610934,112.108237,475,4,52,9500,300.86,2.93,25.2,24.6,4.9,92.6,16.2,0.7266,0.6813,0.7126,6.3145,0.5016,0.7505,0.6321,0.1162,0.767,0.64,0.6846,7.5845,0.4988,0.7291,0.6504,0.2054,0.7468,0.6606,0.6986,6.9495,0.5002,0.7398,0.6413,0.1608,113.4,2277.96,0.3014,0.7037
2021-01-25,FARM0151,C,-7.618475,112.10878,667,1,52,9790,365.42,3.26,30.79,28.8,3.6,90.1,14.3,0.7127,0.6615,0.7014,5.9607,0.4742,0.7393,0.6104,0.0877,0.7723,0.6842,0.6857,7.7835,0.4787,0.7476,0.6412,0.2177,0.7425,0.6729,0.6936,6.8721,0.4765,0.7434,0.6258,0.1527,115.87,2594.88,0.3064,0.7077
2022-04-20,FARM0151,C,-7.618475,112.10878,667,2,56,8691,329.88,2.56,16.65,32.6,10.5,78.4,16.0,0.674,0.5858,0.6681,5.1347,0.4173,0.6422,0.5593,0.0133,0.7054,0.6578,0.7018,5.7878,0.4721,0.6821,0.6056,0.073,0.6897,0.6218,0.6849,5.4613,0.4447,0.6621,0.5825,0.0432,116.4,2555.84,0.3151,0.65575
2023-06-14,FARM0151,C,-7.618475,112.10878,667,3,52,9987,333.88,2.28,21.44,26.6,1.1,86.3,15.7,0.6672,0.6483,0.6881,5.0095,0.4333,0.5969,0.5654,0.001,0.7561,0.7148,0.7007,7.2016,0.4894,0.7703,0.6399,0.1804,0.7117,0.6815,0.6944,6.1056,0.4613,0.6836,0.6026,0.0907,116.59,2295.58,0.3056,0.6966
2024-09-06,FARM0151,C,-7.618475,112.10878,667,4,56,8656,296.91,2.12,13.34,21.1,1.3,92.7,14.5,0.7148,0.6277,0.7095,6.0116,0.4905,0.7467,0.6202,0.0919,0.6932,0.6008,0.6718,5.5182,0.4171,0.5992,0.5679,0.0493,0.704,0.6143,0.6906,5.7649,0.4538,0.6729,0.5941,0.0706,90.6,1955.97,0.3094,0.6591499999999999
2021-02-24,FARM0152,C,-7.584427,112.110607,703,1,56,10900,362.94,3.16,24.15,33.9,11.1,79.2,16.7,0.7169,0.6825,0.6477,6.0657,0.4599,0.7457,0.6043,0.0963,0.7028,0.6022,0.6571,5.7303,0.399,0.6756,0.5605,0.0681,0.7099,0.6424,0.6524,5.898,0.4294,0.7106,0.5824,0.0822,113.53,2684.88,0.3476,0.67615
2022-03-21,FARM0152,C,-7.584427,112.110607,703,2,48,9939,324.84,2.65,16.51,32.0,2.5,82.1,13.5,0.6743,0.6431,0.698,5.1409,0.4529,0.6332,0.5799,0.0139,0.7064,0.7013,0.6894,5.811,0.4503,0.6969,0.5938,0.075,0.6903,0.6722,0.6937,5.476,0.4516,0.665,0.5868,0.0445,113.45,2627.2,0.3063,0.68125
2023-05-15,FARM0152,C,-7.584427,112.110607,703,3,52,10165,300.22,2.66,20.74,33.4,2.9,80.3,14.1,0.7372,0.6764,0.6946,6.6117,0.483,0.7343,0.6272,0.1388,0.703,0.6336,0.6665,5.7333,0.4271,0.6917,0.5784,0.0683,0.7201,0.655,0.6805,6.1725,0.455,0.713,0.6028,0.1036,117.07,2682.02,0.3195,0.68755
2024-06-08,FARM0152,C,-7.584427,112.110607,703,4,48,9704,267.63,2.85,15.83,31.1,7.1,82.1,15.4,0.6547,0.6273,0.6985,4.7921,0.4458,0.6612,0.5663,-0.0212,0.7505,0.6458,0.6727,7.016,0.4382,0.7548,0.6064,0.1678,0.7026,0.6365,0.6856,5.904,0.442,0.708,0.5863,0.0733,113.29,2553.31,0.3144,0.66955
2020-12-26,FARM0153,C,-7.617262,112.0979,251,1,48,10604,352.05,3.17,43.38,25.1,29.8,84.8,14.5,0.6525,0.602,0.6891,4.7561,0.4291,0.6226,0.556,-0.025,0.6978,0.6824,0.688,5.6179,0.4617,0.6263,0.5962,0.0582,0.6752,0.6422,0.6886,5.187,0.4454,0.6244,0.5761,0.0166,116.8,2128.48,0.3114,0.6587000000000001
2022-03-21,FARM0153,C,-7.617262,112.0979,251,2,56,10658,329.75,2.57,22.11,35.0,7.0,73.6,13.7,0.7114,0.682,0.6921,5.9308,0.4569,0.6994,0.6,0.0852,0.7149,0.5938,0.6623,6.0146,0.4104,0.6352,0.5732,0.0921,0.7132,0.6379,0.6772,5.9727,0.4336,0.6673,0.5866,0.0886,115.52,2576.0,0.3228,0.67555
2023-05-15,FARM0153,C,-7.617262,112.0979,251,3,52,9924,291.32,2.83,18.16,31.9,2.6,90.5,15.2,0.6534,0.625,0.6961,4.7705,0.4411,0.5929,0.5631,-0.0235,0.6876,0.6665,0.6964,5.4016,0.4553,0.6487,0.5876,0.0386,0.6705,0.6458,0.6962,5.0861,0.4482,0.6208,0.5754,0.0076,113.2,2886.95,0.3038,0.65815
2024-08-07,FARM0153,C,-7.617262,112.0979,251,4,56,9148,312.63,2.41,17.71,25.2,6.6,73.5,14.8,0.7038,0.6459,0.6381,5.7524,0.484,0.7094,0.6113,0.07,0.6883,0.6766,0.6584,5.4156,0.3958,0.5864,0.5523,0.0399,0.696,0.6612,0.6482,5.584,0.4399,0.6479,0.5818,0.0549,113.42,1852.2,0.3518,0.6786
2021-01-25,FARM0154,C,-7.581453,112.117872,250,1,52,9924,343.76,3.26,42.36,30.2,50.0,79.0,14.3,0.6403,0.6056,0.6081,4.5606,0.4124,0.5651,0.5407,-0.046,0.6834,0.715,0.6938,5.3172,0.4491,0.6366,0.5821,0.0307,0.6619,0.6603,0.651,4.9389,0.4308,0.6009,0.5614,-0.0076,116.46,2385.8,0.349,0.6611
2022-02-19,FARM0154,C,-7.581453,112.117872,250,2,48,10461,345.36,2.51,20.61,30.9,20.6,74.1,13.7,0.6885,0.6278,0.6763,5.4204,0.467,0.6707,0.5945,0.0403,0.6696,0.6952,0.6915,5.0527,0.4399,0.6194,0.5703,0.0052,0.679,0.6615,0.6839,5.2366,0.4535,0.645,0.5824,0.0228,117.29,2289.69,0.3161,0.67025
2023-05-15,FARM0154,C,-7.581453,112.117872,250,3,56,10233,315.24,2.62,14.04,30.1,0.2,92.0,15.3,0.7184,0.6258,0.7103,6.1024,0.4946,0.7319,0.6242,0.0993,0.6839,0.6489,0.6821,5.3274,0.4298,0.6092,0.5713,0.0317,0.7012,0.6374,0.6962,5.7149,0.4622,0.6705,0.5978,0.0655,113.14,2769.2,0.3038,0.6693
2024-08-07,FARM0154,C,-7.581453,112.117872,250,4,56,9606,307.02,2.87,29.72,25.2,3.5,90.2,13.9,0.7082,0.5909,0.6813,5.853,0.4374,0.7381,0.587,0.0786,0.6982,0.6444,0.6826,5.6269,0.4359,0.6202,0.5816,0.059,0.7032,0.6176,0.682,5.7399,0.4367,0.6792,0.5843,0.0688,114.78,2273.04,0.3179999999999999,0.6604000000000001
2021-01-25,FARM0155,C,-7.599305,112.081213,506,1,52,10375,361.38,2.99,38.17,31.5,13.4,92.1,16.0,0.6465,0.6239,0.6539,4.6572,0.4139,0.6429,0.5445,-0.0355,0.7012,0.6305,0.6571,5.6929,0.4026,0.6647,0.5622,0.0648,0.6738,0.6272,0.6555,5.175,0.4083,0.6538,0.5534,0.0146,115.35,2901.15,0.3445,0.6505
2022-03-21,FARM0155,C,-7.599305,112.081213,506,2,52,10137,329.15,3.0,29.34,29.7,3.1,84.5,16.0,0.6317,0.5768,0.6762,4.4306,0.4008,0.5869,0.5299,-0.0604,0.7391,0.6694,0.6516,6.6656,0.471,0.7613,0.6212,0.1428,0.6854,0.6231,0.6639,5.5481,0.4359,0.6741,0.5756,0.0412,116.96,2509.65,0.3361,0.65425
2023-06-14,FARM0155,C,-7.599305,112.081213,506,3,56,10354,299.48,2.57,19.79,30.9,0.1,74.0,16.2,0.6905,0.6931,0.6866,5.4623,0.4602,0.6575,0.5918,0.0442,0.6828,0.6745,0.6787,5.3049,0.4592,0.6438,0.5875,0.0296,0.6866,0.6838,0.6826,5.3836,0.4597,0.6507,0.5896,0.0369,116.86,2286.6,0.3174,0.6852
2024-09-06,FARM0155,C,-7.599305,112.081213,506,4,56,9486,287.71,2.34,21.85,22.1,5.3,82.8,13.6,0.6359,0.6688,0.6847,4.4934,0.4154,0.6075,0.5403,-0.0534,0.7038,0.6752,0.6874,5.7532,0.4584,0.6534,0.5973,0.07,0.6699,0.672,0.686,5.1233,0.4369,0.6305,0.5688,0.0083,114.19,1829.88,0.3139999999999999,0.67095
2021-02-24,FARM0156,C,-7.588489,112.107194,316,1,56,10707,336.68,3.07,23.88,30.7,23.7,76.6,14.5,0.6764,0.6701,0.6358,5.1809,0.4351,0.6532,0.5709,0.0178,0.6904,0.7021,0.6833,5.4594,0.4341,0.633,0.5768,0.0439,0.6834,0.6861,0.6595,5.3201,0.4346,0.6431,0.5739,0.0308,114.02,2351.62,0.3405,0.68475
2022-05-20,FARM0156,C,-7.588489,112.107194,316,2,56,10083,317.59,2.61,25.01,29.9,0.7,84.0,16.8,0.6644,0.6235,0.6842,4.9594,0.4485,0.6408,0.5725,-0.0041,0.7018,0.6504,0.6778,5.7075,0.4294,0.6675,0.5793,0.0661,0.6831,0.637,0.681,5.3335,0.439,0.6541,0.5759,0.031,113.16,2511.6,0.319,0.66005
2023-07-14,FARM0156,C,-7.588489,112.107194,316,3,52,9440,298.98,2.47,12.79,26.9,7.1,87.4,13.5,0.6838,0.6974,0.6436,5.3255,0.4624,0.7035,0.5897,0.0315,0.6917,0.6501,0.6993,5.4867,0.4621,0.6637,0.5934,0.0464,0.6877,0.6738,0.6714,5.4061,0.4622,0.6836,0.5915,0.039,114.21,2351.06,0.3286,0.68075
2024-09-06,FARM0156,C,-7.588489,112.107194,316,4,52,9991,302.62,2.66,26.12,24.9,1.3,81.9,14.2,0.6933,0.6468,0.6423,5.52,0.4396,0.6856,0.5814,0.0494,0.7329,0.6275,0.6369,6.4891,0.4312,0.7044,0.5943,0.1296,0.7131,0.6371,0.6396,6.0045,0.4354,0.695,0.5879,0.0895,112.77,2039.31,0.3604000000000001,0.6751
2021-02-24,FARM0157,C,-7.585878,112.10084,769,1,56,10196,360.25,2.96,30.98,30.6,31.1,90.0,15.5,0.6774,0.6307,0.6811,5.1999,0.44,0.6619,0.5741,0.0196,0.7606,0.6872,0.6991,7.3526,0.4879,0.7654,0.6411,0.1905,0.719,0.6589,0.6901,6.2763,0.4639,0.7136,0.6076,0.105,113.07,2754.0,0.3099,0.68895
2022-05-20,FARM0157,C,-7.585878,112.10084,769,2,56,9447,357.69,2.95,20.45,33.6,6.7,86.2,13.7,0.685,0.6659,0.7074,5.3486,0.4744,0.7166,0.5967,0.0337,0.7496,0.6124,0.6704,6.9866,0.4342,0.7227,0.6035,0.1657,0.7173,0.6391,0.6889,6.1676,0.4543,0.7197,0.6001,0.0997,113.45,2896.32,0.3111,0.6782
2023-08-13,FARM0157,C,-7.585878,112.10084,769,3,56,9566,286.3,2.29,18.55,23.4,2.5,76.7,13.5,0.6709,0.7054,0.649,5.0778,0.4795,0.6483,0.5921,0.0077,0.6721,0.5823,0.66,5.1001,0.3926,0.6362,0.5432,0.0099,0.6715,0.6439,0.6545,5.089,0.436,0.6422,0.5677,0.0088,116.79,1794.78,0.3455,0.6577
2024-11-05,FARM0157,C,-7.585878,112.10084,769,4,56,9001,304.92,2.64,26.32,24.9,12.5,78.9,16.2,0.6629,0.6893,0.7057,4.9336,0.4622,0.6552,0.5791,-0.0067,0.7704,0.6614,0.7017,7.7096,0.4964,0.8078,0.6507,0.2132,0.7167,0.6753,0.7037,6.3216,0.4793,0.7315,0.6149,0.1033,117.09,1964.61,0.2963,0.696
2021-02-24,FARM0158,C,-7.585971,112.091785,473,1,56,9449,337.23,2.37,15.59,30.6,4.7,84.2,15.2,0.7167,0.7005,0.6848,6.0606,0.4752,0.679,0.6129,0.0959,0.6762,0.6784,0.6837,5.1762,0.4295,0.6445,0.5675,0.0173,0.6965,0.6894,0.6843,5.6184,0.4523,0.6618,0.5902,0.0566,115.79,2576.52,0.3157,0.69295
2022-04-20,FARM0158,C,-7.585971,112.091785,473,2,52,10291,350.56,2.61,24.6,32.9,6.3,85.2,13.7,0.6655,0.6687,0.6618,4.9793,0.4512,0.6704,0.5746,-0.0021,0.7167,0.6238,0.624,6.0591,0.4026,0.6718,0.5688,0.0958,0.6911,0.6462,0.6429,5.5192,0.4269,0.6711,0.5717,0.0468,115.65,2803.08,0.3571,0.66865
2023-05-15,FARM0158,C,-7.585971,112.091785,473,3,48,9469,295.42,2.21,15.72,31.6,0.4,77.1,13.1,0.7413,0.6507,0.6713,6.7321,0.4779,0.8091,0.6263,0.1476,0.7213,0.6132,0.6597,6.1764,0.4088,0.6998,0.5748,0.1053,0.7313,0.632,0.6655,6.4542,0.4434,0.7545,0.6006,0.1264,115.21,2436.36,0.3345,0.68165
2024-06-08,FARM0158,C,-7.585971,112.091785,473,4,48,10143,314.68,2.28,16.69,27.2,1.8,87.8,16.7,0.6804,0.6844,0.695,5.2574,0.4501,0.6982,0.5812,0.0251,0.6915,0.6954,0.6528,5.4829,0.4563,0.6519,0.5901,0.0461,0.6859,0.6899,0.6739,5.3701,0.4532,0.6751,0.5857,0.0356,113.11,2388.16,0.3260999999999999,0.6879
2020-12-26,FARM0159,C,-7.592678,112.118491,665,1,48,10573,363.74,2.53,16.13,26.9,0.8,73.7,13.4,0.7434,0.6399,0.6901,6.7953,0.4651,0.7402,0.6198,0.1522,0.7468,0.703,0.6933,6.8977,0.472,0.7068,0.6254,0.1595,0.7451,0.6714,0.6917,6.8465,0.4686,0.7235,0.6226,0.1559,113.72,1982.53,0.3083,0.70825
2022-01-20,FARM0159,C,-7.592678,112.118491,665,2,48,9498,342.66,2.46,20.88,29.9,5.4,92.8,16.8,0.6798,0.6218,0.6772,5.2459,0.4584,0.6834,0.5855,0.024,0.7197,0.666,0.7041,6.1354,0.482,0.7312,0.6181,0.102,0.6997,0.6439,0.6907,5.6906,0.4702,0.7073,0.6018,0.063,116.07,2774.72,0.3093,0.6718
2023-02-14,FARM0159,C,-7.592678,112.118491,665,3,48,9219,308.68,2.65,19.56,28.6,25.5,76.6,13.3,0.7428,0.599,0.6936,6.7747,0.4711,0.7718,0.623,0.1507,0.6855,0.6533,0.6651,5.3586,0.4045,0.64,0.5566,0.0346,0.7141,0.6262,0.6794,6.0666,0.4378,0.7059,0.5898,0.0927,114.5,2190.76,0.3206,0.67015
2024-04-09,FARM0159,C,-7.592678,112.118491,665,4,52,10017,324.88,2.65,20.11,30.8,0.0,91.7,14.2,0.7075,0.6478,0.6824,5.8381,0.4389,0.6892,0.5877,0.0773,0.7118,0.6531,0.6583,5.9384,0.4036,0.6118,0.5673,0.0858,0.7096,0.6504,0.6703,5.8882,0.4212,0.6505,0.5775,0.0816,114.01,2824.36,0.3297,0.6799999999999999
2020-12-26,FARM0160,C,-7.618958,112.115429,313,1,48,10156,365.09,2.72,31.19,25.0,0.3,88.0,14.0,0.6324,0.625,0.6722,4.4405,0.3953,0.5581,0.527,-0.0593,0.7326,0.606,0.6689,6.4803,0.4263,0.6528,0.591,0.1289,0.6825,0.6155,0.6706,5.4604,0.4108,0.6054,0.559,0.0348,114.53,2200.0,0.3294,0.649
2022-01-20,FARM0160,C,-7.618958,112.115429,313,2,48,9577,322.7,2.18,11.89,27.7,3.3,77.1,14.6,0.7325,0.6406,0.6544,6.476,0.4938,0.753,0.6309,0.1286,0.7022,0.6856,0.6685,5.717,0.4153,0.6269,0.5708,0.0669,0.7174,0.6631,0.6615,6.0965,0.4545,0.6899,0.6008,0.0978,112.38,2135.67,0.3385,0.69025
2023-02-14,FARM0160,C,-7.618958,112.115429,313,3,48,9647,294.05,2.4,21.92,32.8,19.8,74.3,14.4,0.7478,0.6628,0.7153,6.9307,0.5211,0.829,0.6531,0.1618,0.752,0.6639,0.6304,7.0651,0.444,0.6871,0.6108,0.1712,0.7499,0.6634,0.6729,6.9979,0.4825,0.758,0.6319,0.1665,114.71,2437.04,0.3270999999999999,0.70665
2024-03-10,FARM0160,C,-7.618958,112.115429,313,4,48,9639,269.45,2.34,14.84,32.9,5.3,82.3,13.8,0.724,0.6959,0.6996,6.2452,0.4752,0.766,0.6164,0.1107,0.7059,0.6561,0.6757,5.8011,0.4277,0.6733,0.5801,0.0742,0.7149,0.676,0.6877,6.0232,0.4515,0.7197,0.5983,0.0925,114.06,2707.67,0.3123,0.69545
2021-02-24,FARM0161,C,-7.617932,112.110704,658,1,56,10416,349.49,3.06,31.81,28.6,19.1,75.3,16.1,0.6702,0.6499,0.7129,5.0649,0.4788,0.6577,0.5914,0.0065,0.7441,0.6716,0.6821,6.817,0.4515,0.7361,0.6119,0.1538,0.7072,0.6608,0.6975,5.941,0.4651,0.6969,0.6017,0.0801,113.52,2153.58,0.3025,0.684
2022-05-20,FARM0161,C,-7.617932,112.110704,658,2,56,9517,303.89,2.99,22.59,30.5,3.3,82.9,15.6,0.6772,0.6347,0.6816,5.1964,0.4265,0.6426,0.5662,0.0193,0.6937,0.6629,0.7007,5.5297,0.4654,0.6751,0.5962,0.0503,0.6855,0.6488,0.6911,5.363,0.4459,0.6589,0.5812,0.0348,116.12,2528.45,0.3089,0.66715
2023-06-14,FARM0161,C,-7.617932,112.110704,658,3,48,8672,287.45,2.25,10.09,28.2,6.7,75.3,16.3,0.7194,0.6914,0.7032,6.1267,0.4803,0.6899,0.617,0.1013,0.7191,0.6857,0.6633,6.1212,0.4133,0.6691,0.5769,0.1008,0.7193,0.6886,0.6833,6.1239,0.4468,0.6795,0.5969,0.101,86.01,2123.46,0.3167,0.7039500000000001
2024-09-06,FARM0161,C,-7.617932,112.110704,658,4,56,8737,300.14,2.49,16.46,22.5,0.5,77.4,15.4,0.7223,0.6532,0.7174,6.2027,0.5097,0.75,0.6341,0.1074,0.7305,0.5903,0.659,6.4202,0.4107,0.6629,0.58,0.1244,0.7264,0.6217,0.6882,6.3115,0.4602,0.7064,0.607,0.1159,115.13,1741.5,0.3118,0.67405
2020-12-26,FARM0162,C,-7.604845,112.095513,318,1,48,9406,362.87,2.9,23.14,27.2,2.8,87.1,13.3,0.7037,0.681,0.639,5.7493,0.4838,0.743,0.6111,0.0697,0.6635,0.6162,0.624,4.9431,0.4032,0.6106,0.546,-0.0057,0.6836,0.6486,0.6315,5.3462,0.4435,0.6768,0.5785,0.032,116.49,2369.12,0.3685,0.6660999999999999
2022-01-20,FARM0162,C,-7.604845,112.095513,318,2,48,9626,294.04,2.46,15.88,29.4,2.0,79.4,15.1,0.7268,0.7099,0.7162,6.3217,0.509,0.7415,0.6361,0.1167,0.6831,0.6888,0.6683,5.3102,0.4083,0.6124,0.5579,0.0301,0.7049,0.6993,0.6923,5.8159,0.4586,0.6769,0.597,0.0734,114.64,2334.36,0.3077,0.7021
2023-03-16,FARM0162,C,-7.604845,112.095513,318,3,52,9327,330.0,2.78,22.48,31.5,43.0,86.8,13.6,0.6621,0.6328,0.6499,4.9193,0.4534,0.6112,0.5741,-0.0081,0.7053,0.6425,0.6315,5.7865,0.422,0.6816,0.5763,0.0729,0.6837,0.6376,0.6407,5.3529,0.4377,0.6464,0.5752,0.0324,114.91,2734.2,0.3593,0.66065
2024-05-09,FARM0162,C,-7.604845,112.095513,318,4,52,8915,299.59,2.2,17.88,31.5,4.6,76.5,16.4,0.6902,0.6714,0.6612,5.4565,0.428,0.6676,0.5732,0.0437,0.7044,0.6744,0.7033,5.7658,0.4745,0.7139,0.6065,0.0711,0.6973,0.6729,0.6822,5.6112,0.4513,0.6908,0.5898,0.0574,115.28,2409.75,0.3178,0.6851
2020-12-26,FARM0163,C,-7.596156,112.096399,489,1,48,10288,378.8,3.03,35.77,29.5,2.9,90.0,16.8,0.6885,0.6127,0.6165,5.4208,0.4454,0.6752,0.5825,0.0404,0.6842,0.624,0.6539,5.3326,0.427,0.6258,0.5698,0.0322,0.6863,0.6183,0.6352,5.3767,0.4362,0.6505,0.5762,0.0363,113.2,2655.0,0.3648,0.6523
2022-02-19,FARM0163,C,-7.596156,112.096399,489,2,52,9765,351.78,2.59,20.3,32.0,15.7,74.8,15.9,0.6853,0.615,0.6652,5.3561,0.4637,0.6994,0.5912,0.0344,0.6787,0.6698,0.7027,5.2257,0.4631,0.6075,0.5876,0.0221,0.682,0.6424,0.6839,5.2909,0.4634,0.6535,0.5894,0.0282,116.32,2393.6,0.3161,0.6622
2023-04-15,FARM0163,C,-7.596156,112.096399,489,3,52,9708,335.19,2.66,33.19,34.6,0.7,91.6,16.8,0.738,0.6327,0.7091,6.6336,0.5072,0.7683,0.6408,0.1404,0.7759,0.6873,0.6812,7.924,0.4929,0.8173,0.6512,0.2262,0.7569,0.66,0.6951,7.2788,0.5,0.7928,0.646,0.1833,115.95,3169.36,0.3048999999999999,0.70845
2024-05-09,FARM0163,C,-7.596156,112.096399,489,4,48,8306,298.76,2.71,30.0,32.8,2.7,73.4,15.4,0.7378,0.6899,0.6698,6.6283,0.5036,0.7781,0.6388,0.14,0.6495,0.5978,0.6694,4.7065,0.3977,0.5512,0.5363,-0.0302,0.6937,0.6438,0.6696,5.6674,0.4506,0.6647,0.5875,0.0549,115.92,2407.52,0.3304,0.66875
2020-12-26,FARM0164,C,-7.581931,112.108395,257,1,48,10060,346.9,2.76,20.78,27.3,8.2,75.1,16.8,0.755,0.6443,0.6424,7.1623,0.5123,0.7805,0.652,0.1778,0.7302,0.6381,0.6723,6.4141,0.4307,0.718,0.5928,0.1239,0.7426,0.6412,0.6573,6.7882,0.4715,0.7492,0.6224,0.1508,116.93,2050.23,0.3427,0.6919
2022-02-19,FARM0164,C,-7.581931,112.108395,257,2,52,9231,317.45,2.55,18.02,29.2,28.0,86.6,15.2,0.696,0.6279,0.7074,5.5797,0.4851,0.6868,0.6079,0.0548,0.7565,0.6765,0.7002,7.2152,0.4885,0.8021,0.6395,0.1813,0.7263,0.6522,0.7038,6.3974,0.4868,0.7445,0.6237,0.1181,113.86,2528.72,0.2962,0.6892499999999999
2023-04-15,FARM0164,C,-7.581931,112.108395,257,3,52,10135,344.14,3.06,26.99,29.5,8.2,89.2,15.3,0.6755,0.6571,0.7183,5.1631,0.4918,0.6685,0.6007,0.016,0.7489,0.6676,0.6833,6.9658,0.4552,0.7704,0.6164,0.1643,0.7122,0.6624,0.7008,6.0644,0.4735,0.7194,0.6085,0.0902,115.47,2631.4,0.2992,0.6873
2024-05-09,FARM0164,C,-7.581931,112.108395,257,4,48,9728,310.26,2.75,23.5,30.0,0.4,75.7,16.2,0.733,0.6594,0.6446,6.4916,0.4683,0.7436,0.6168,0.1298,0.752,0.6992,0.6895,7.0634,0.4671,0.7237,0.6249,0.171,0.7425,0.6793,0.667,6.7775,0.4677,0.7336,0.6209,0.1504,116.18,2271.0,0.333,0.7109000000000001
2021-01-25,FARM0165,C,-7.603942,112.093721,323,1,52,10357,333.18,3.21,23.67,28.8,26.2,78.9,15.3,0.7337,0.6594,0.6857,6.5111,0.4668,0.767,0.6163,0.1313,0.7308,0.6194,0.6621,6.4283,0.4154,0.7074,0.5832,0.125,0.7322,0.6394,0.6739,6.4697,0.4411,0.7372,0.5997,0.1281,114.13,2272.32,0.3260999999999999,0.6858
2022-03-21,FARM0165,C,-7.603942,112.093721,323,2,52,10698,351.04,3.15,41.22,33.7,35.0,73.3,14.4,0.7509,0.6529,0.7077,7.0294,0.5012,0.7775,0.6439,0.1687,0.7217,0.6841,0.6687,6.1873,0.4222,0.681,0.5837,0.1061,0.7363,0.6685,0.6882,6.6084,0.4617,0.7293,0.6138,0.1374,113.98,2470.21,0.3118,0.7023999999999999
2023-05-15,FARM0165,C,-7.603942,112.093721,323,3,52,9343,316.75,2.31,13.66,31.5,0.8,85.6,13.5,0.6807,0.639,0.6966,5.2645,0.4529,0.6326,0.583,0.0258,0.6848,0.6249,0.6448,5.3454,0.4448,0.6626,0.5804,0.0334,0.6828,0.6319,0.6707,5.305,0.4489,0.6476,0.5817,0.0296,112.83,2696.4,0.3293,0.65735
2024-06-08,FARM0165,C,-7.603942,112.093721,323,4,48,9446,321.75,2.35,20.02,27.4,9.2,92.1,14.5,0.6661,0.6448,0.6298,4.9905,0.4379,0.6,0.5675,-0.0009,0.7401,0.6467,0.679,6.6941,0.4449,0.6772,0.6061,0.1449,0.7031,0.6458,0.6544,5.8423,0.4414,0.6386,0.5868,0.072,115.21,2523.54,0.3456,0.67445
2020-12-26,FARM0166,C,-7.604358,112.10292,458,1,48,9875,362.54,2.5,28.76,25.1,13.4,74.8,16.8,0.6681,0.6079,0.6817,5.0259,0.4596,0.6236,0.5804,0.0026,0.7188,0.6622,0.7009,6.1126,0.4757,0.6853,0.6142,0.1001,0.6935,0.635,0.6913,5.5693,0.4676,0.6544,0.5973,0.0514,113.17,1877.48,0.3087,0.66425
2022-02-19,FARM0166,C,-7.604358,112.10292,458,2,52,9676,314.7,2.4,17.11,32.2,4.1,83.7,14.3,0.6699,0.6229,0.6764,5.0582,0.4514,0.6357,0.5768,0.0058,0.716,0.7137,0.7033,6.0418,0.4791,0.7082,0.6147,0.0943,0.6929,0.6683,0.6899,5.55,0.4653,0.6719,0.5957,0.0501,116.71,2695.14,0.3101,0.6806
2023-05-15,FARM0166,C,-7.604358,112.10292,458,3,56,10225,310.51,2.73,16.4,33.9,0.5,75.4,16.7,0.715,0.6835,0.665,6.0172,0.4499,0.6856,0.5976,0.0923,0.7043,0.6098,0.6788,5.7635,0.4319,0.6203,0.582,0.0709,0.7096,0.6466,0.6719,5.8903,0.4409,0.6529,0.5898,0.0816,113.91,2556.06,0.3280999999999999,0.6780999999999999
2024-06-08,FARM0166,C,-7.604358,112.10292,458,4,48,10197,280.92,2.22,15.72,26.7,4.4,88.3,15.8,0.7479,0.6409,0.7075,6.9336,0.4995,0.7465,0.6416,0.162,0.6807,0.6481,0.6463,5.2636,0.4501,0.6589,0.5814,0.0257,0.7143,0.6445,0.6769,6.0986,0.4748,0.7027,0.6115,0.0939,113.32,2357.61,0.3231000000000001,0.6794
2020-12-26,FARM0167,C,-7.581394,112.104048,393,1,48,9207,350.14,2.93,21.72,27.4,31.1,89.8,14.6,0.731,0.6888,0.6937,6.4355,0.4671,0.7537,0.6151,0.1255,0.7161,0.6992,0.6939,6.0437,0.4618,0.6867,0.605,0.0945,0.7235,0.694,0.6938,6.2396,0.4644,0.7202,0.6101,0.11,114.82,2460.52,0.3062,0.70875
2022-03-21,FARM0167,C,-7.581394,112.104048,393,2,56,10373,306.69,2.62,12.21,33.0,8.9,87.1,16.0,0.663,0.6822,0.699,4.9346,0.4622,0.6189,0.5791,-0.0066,0.713,0.7136,0.6478,5.9675,0.4491,0.6776,0.5962,0.0882,0.688,0.6979,0.6734,5.4511,0.4556,0.6483,0.5877,0.0408,114.24,2874.3,0.3266,0.69295
2023-05-15,FARM0167,C,-7.581394,112.104048,393,3,52,8679,291.94,2.75,22.78,29.7,1.5,92.7,14.2,0.7335,0.7048,0.7141,6.5046,0.5075,0.7367,0.6387,0.1308,0.7126,0.639,0.7049,5.9587,0.4809,0.7191,0.614,0.0875,0.723,0.6719,0.7095,6.2317,0.4942,0.7279,0.6263,0.1091,115.76,2753.19,0.2905,0.69745
2024-06-08,FARM0167,C,-7.581394,112.104048,393,4,48,9304,287.97,3.02,32.4,31.7,2.3,74.2,16.4,0.6703,0.6909,0.6431,5.0662,0.4634,0.6165,0.5835,0.0066,0.6571,0.602,0.6637,4.8324,0.3924,0.5947,0.5365,-0.017,0.6637,0.6465,0.6534,4.9493,0.4279,0.6056,0.56,-0.0052,115.77,2352.14,0.3466,0.6551
2020-12-26,FARM0168,C,-7.584437,112.097021,612,1,48,10511,388.88,2.88,28.33,29.1,50.0,90.4,16.5,0.6387,0.612,0.6755,4.536,0.4025,0.5788,0.5342,-0.0487,0.7365,0.6688,0.6559,6.5894,0.4646,0.7291,0.6163,0.1371,0.6876,0.6404,0.6657,5.5627,0.4336,0.6539,0.5753,0.0442,114.48,2630.64,0.3343,0.6639999999999999
2022-03-21,FARM0168,C,-7.584437,112.097021,612,2,56,10386,334.11,2.96,42.51,32.3,7.1,79.3,15.0,0.6603,0.6272,0.639,4.8878,0.4216,0.6573,0.5555,-0.0114,0.7005,0.6203,0.6733,5.677,0.422,0.6169,0.5742,0.0634,0.6804,0.6238,0.6562,5.2824,0.4218,0.6371,0.5648,0.026,116.62,2561.39,0.3438,0.6521
2023-05-15,FARM0168,C,-7.584437,112.097021,612,3,52,9865,350.75,2.51,21.39,31.6,4.0,73.0,16.9,0.6908,0.6726,0.6502,5.4686,0.45,0.6849,0.5862,0.0448,0.6828,0.6375,0.6868,5.3052,0.4371,0.609,0.575,0.0296,0.6868,0.655,0.6685,5.3869,0.4435,0.647,0.5806,0.0372,116.54,2306.8,0.3315,0.6709
2024-06-08,FARM0168,C,-7.584437,112.097021,612,4,48,10160,304.53,2.45,12.85,28.2,0.9,91.5,13.4,0.6346,0.6019,0.6411,4.473,0.4,0.576,0.5308,-0.0556,0.7711,0.6512,0.6502,7.7392,0.4825,0.7836,0.643,0.215,0.7029,0.6266,0.6457,6.1061,0.4413,0.6798,0.5869,0.0797,117.15,2580.3,0.3542999999999999,0.66475
2021-01-25,FARM0169,C,-7.604888,112.103594,566,1,52,10092,338.08,3.06,32.93,28.3,2.3,74.3,16.0,0.6375,0.6421,0.6807,4.5165,0.4099,0.6028,0.5379,-0.0508,0.6885,0.6353,0.6605,5.4204,0.411,0.6467,0.562,0.0403,0.663,0.6387,0.6706,4.9684,0.4105,0.6247,0.55,-0.0052,116.8,2102.69,0.3294,0.65085
2022-04-20,FARM0169,C,-7.604888,112.103594,566,2,56,10673,342.4,2.67,19.6,32.4,4.3,89.0,13.9,0.734,0.6567,0.6809,6.5198,0.4459,0.6835,0.604,0.1319,0.6829,0.6488,0.6636,5.3068,0.4014,0.5791,0.5535,0.0298,0.7085,0.6528,0.6722,5.9133,0.4236,0.6313,0.5787,0.0808,113.66,2883.6,0.3278,0.68065
2023-05-15,FARM0169,C,-7.604888,112.103594,566,3,48,9353,346.15,2.39,20.42,32.4,1.4,76.3,13.6,0.6785,0.6513,0.6882,5.2213,0.4378,0.6135,0.5734,0.0217,0.6816,0.6884,0.6716,5.2813,0.4127,0.621,0.56,0.0274,0.6801,0.6699,0.6799,5.2513,0.4252,0.6172,0.5667,0.0245,113.01,2472.12,0.3201000000000001,0.675
2024-06-08,FARM0169,C,-7.604888,112.103594,566,4,48,9644,310.08,2.14,12.35,28.2,0.3,91.8,15.2,0.6941,0.6601,0.6973,5.5371,0.4824,0.6585,0.6055,0.051,0.7025,0.6228,0.6642,5.7238,0.409,0.6643,0.5669,0.0675,0.6983,0.6415,0.6808,5.6304,0.4457,0.6614,0.5862,0.0592,111.46,2588.76,0.3192,0.6698999999999999
2020-12-26,FARM0170,C,-7.614038,112.093845,309,1,48,11078,331.04,3.48,30.14,29.7,11.7,80.4,14.8,0.696,0.7058,0.7116,5.5787,0.4871,0.7419,0.6089,0.0547,0.7063,0.7009,0.6666,5.8102,0.4591,0.6416,0.5988,0.0749,0.7012,0.7034,0.6891,5.6944,0.4731,0.6918,0.6039,0.0648,115.02,2387.88,0.3109,0.7023
2022-02-19,FARM0170,C,-7.614038,112.093845,309,2,52,10481,330.33,3.01,30.6,28.6,50.0,86.9,13.6,0.6642,0.6054,0.6844,4.9557,0.426,0.6082,0.5599,-0.0045,0.6893,0.6811,0.6725,5.4377,0.4168,0.5952,0.566,0.0419,0.6768,0.6433,0.6785,5.1967,0.4214,0.6017,0.5629,0.0187,116.28,2485.34,0.3215,0.66005
2023-05-15,FARM0170,C,-7.614038,112.093845,309,3,56,10377,332.51,3.19,41.1,32.4,6.5,79.9,16.7,0.7307,0.6466,0.6595,6.4271,0.4407,0.7574,0.5993,0.1249,0.7342,0.7001,0.6793,6.5249,0.4434,0.6804,0.6025,0.1323,0.7325,0.6733,0.6694,6.476,0.4421,0.7189,0.6009,0.1286,117.06,2588.76,0.3306,0.7029000000000001
2024-06-08,FARM0170,C,-7.614038,112.093845,309,4,48,9917,267.08,2.76,14.21,28.3,1.6,89.8,15.6,0.6928,0.6165,0.6361,5.5104,0.4756,0.6634,0.6013,0.0486,0.715,0.6572,0.6984,6.0186,0.4695,0.6994,0.6089,0.0924,0.7039,0.6368,0.6672,5.7645,0.4726,0.6814,0.6051,0.0705,113.7,2541.34,0.3328,0.67035
2020-12-26,FARM0171,C,-7.581541,112.101375,252,1,48,9963,380.67,2.82,22.96,26.4,8.5,89.5,13.0,0.703,0.6176,0.7101,5.7341,0.4869,0.7164,0.6124,0.0684,0.6432,0.5937,0.6582,4.6054,0.3797,0.5459,0.5224,-0.0411,0.6731,0.6057,0.6841,5.1697,0.4333,0.6311,0.5674,0.0137,117.07,2362.8,0.3159,0.6394
2022-01-20,FARM0171,C,-7.581541,112.101375,252,2,48,11141,333.7,3.12,32.46,27.5,9.8,85.0,14.5,0.7303,0.5982,0.6911,6.4167,0.4622,0.7624,0.612,0.1241,0.6964,0.7206,0.6954,5.5884,0.457,0.6451,0.5929,0.0556,0.7134,0.6594,0.6932,6.0026,0.4596,0.7037,0.6024,0.0898,114.78,2337.5,0.3068,0.6864
2023-04-15,FARM0171,C,-7.581541,112.101375,252,3,56,10320,306.61,2.97,27.93,30.5,2.3,76.1,15.2,0.7496,0.6208,0.7043,6.9865,0.4939,0.7462,0.6393,0.1657,0.7204,0.6648,0.6739,6.1536,0.4574,0.6535,0.6045,0.1034,0.735,0.6428,0.6891,6.5701,0.4756,0.6998,0.6219,0.1346,114.42,2321.05,0.3109,0.6889000000000001
2024-07-08,FARM0171,C,-7.581541,112.101375,252,4,56,9152,280.7,2.84,24.9,29.7,1.8,85.6,14.9,0.6748,0.5987,0.6562,5.1505,0.4487,0.6669,0.5778,0.0148,0.65,0.6511,0.6568,4.7137,0.3803,0.5376,0.5257,-0.0295,0.6624,0.6249,0.6565,4.9321,0.4145,0.6022,0.5518,-0.0073,115.83,2542.32,0.3435,0.64365
2021-01-25,FARM0172,C,-7.580095,112.106648,261,1,52,9718,376.02,2.57,29.45,32.5,3.4,86.4,13.9,0.6666,0.6482,0.697,4.9992,0.448,0.6683,0.5734,-0.0001,0.738,0.716,0.7009,6.6329,0.4925,0.7183,0.6328,0.1404,0.7023,0.6821,0.6989,5.8161,0.4702,0.6933,0.6031,0.0701,115.43,2808.0,0.3011,0.6922
2022-02-19,FARM0172,C,-7.580095,112.106648,261,2,48,10465,357.61,2.87,18.01,30.7,50.0,76.9,16.4,0.6641,0.6835,0.6554,4.9545,0.4724,0.634,0.585,-0.0046,0.6912,0.6195,0.6263,5.4768,0.4115,0.6074,0.5635,0.0455,0.6777,0.6515,0.6408,5.2156,0.4419,0.6207,0.5742,0.0205,115.76,2360.83,0.3592,0.6646
2023-04-15,FARM0172,C,-7.580095,112.106648,261,3,52,9861,284.76,2.31,11.24,31.0,12.3,77.9,16.6,0.6833,0.6338,0.6655,5.3145,0.473,0.6751,0.5951,0.0305,0.7395,0.6834,0.6986,6.6764,0.4792,0.763,0.6261,0.1436,0.7114,0.6586,0.682,5.9954,0.4761,0.7191,0.6106,0.087,103.8,2414.9,0.3179999999999999,0.685
2024-07-08,FARM0172,C,-7.580095,112.106648,261,4,56,8968,284.89,2.42,20.46,27.7,0.2,82.6,14.1,0.7067,0.6851,0.6175,5.8192,0.4539,0.6948,0.5961,0.0757,0.6736,0.64,0.6721,5.1273,0.4104,0.592,0.555,0.0126,0.6902,0.6626,0.6448,5.4733,0.4322,0.6434,0.5755,0.0441,113.69,2288.02,0.3552,0.6764
2021-01-25,FARM0173,C,-7.588726,112.091161,702,1,52,10530,343.27,2.57,25.93,28.2,5.8,82.3,15.9,0.6299,0.6203,0.6543,4.404,0.4014,0.5629,0.5295,-0.0634,0.6885,0.6315,0.6337,5.4206,0.3951,0.5864,0.5519,0.0404,0.6592,0.6259,0.644,4.9123,0.3983,0.5747,0.5407,-0.0115,114.37,2320.86,0.356,0.64255
2022-03-21,FARM0173,C,-7.588726,112.091161,702,2,52,10528,342.45,2.74,24.45,33.4,14.0,73.6,13.3,0.6659,0.6013,0.6915,4.9857,0.4384,0.6,0.5677,-0.0014,0.6608,0.6045,0.668,4.8961,0.3998,0.5641,0.5427,-0.0105,0.6633,0.6029,0.6798,4.9409,0.4191,0.5821,0.5552,-0.006,116.07,2458.24,0.3202,0.6331
2023-06-14,FARM0173,C,-7.588726,112.091161,702,3,56,9647,310.15,2.29,13.18,26.2,0.1,85.1,14.3,0.7353,0.6246,0.6454,6.5545,0.4807,0.7918,0.625,0.1345,0.6822,0.6692,0.6724,5.2931,0.414,0.6399,0.561,0.0285,0.7087,0.6469,0.6589,5.9238,0.4473,0.7158,0.593,0.0815,116.64,2229.62,0.3411,0.6778
2024-07-08,FARM0173,C,-7.588726,112.091161,702,4,48,9899,297.32,2.48,21.55,28.3,10.0,73.6,13.0,0.6487,0.6077,0.6853,4.6939,0.4215,0.5958,0.5499,-0.0316,0.7414,0.6343,0.6853,6.7339,0.456,0.7071,0.6134,0.1478,0.6951,0.621,0.6853,5.7139,0.4387,0.6514,0.5817,0.0581,116.62,2082.88,0.3147,0.65805
2021-02-24,FARM0174,C,-7.59857,112.093438,786,1,56,9691,348.25,2.75,34.83,30.7,8.0,88.2,14.8,0.6849,0.6537,0.7093,5.3479,0.478,0.7092,0.5986,0.0336,0.6645,0.6651,0.6268,4.9605,0.3962,0.5515,0.5421,-0.004,0.6747,0.6594,0.668,5.1542,0.4371,0.6304,0.5703,0.0148,116.04,2707.74,0.332,0.6670499999999999
2022-04-20,FARM0174,C,-7.59857,112.093438,786,2,52,9676,325.45,2.9,25.31,34.6,0.0,80.3,13.7,0.7543,0.6549,0.7083,7.141,0.5037,0.7695,0.647,0.1763,0.7525,0.6984,0.6957,7.0801,0.4785,0.7174,0.6319,0.1722,0.7534,0.6767,0.702,7.1105,0.4911,0.7434,0.6394,0.1743,115.73,2778.38,0.298,0.71505
2023-05-15,FARM0174,C,-7.59857,112.093438,786,3,48,9912,275.36,2.76,15.26,30.2,6.2,88.8,16.8,0.7569,0.6375,0.666,7.2264,0.5184,0.7977,0.6563,0.1821,0.6522,0.6707,0.6604,4.751,0.386,0.5574,0.5303,-0.0255,0.7046,0.6541,0.6632,5.9887,0.4522,0.6776,0.5933,0.0783,116.46,2681.76,0.3368,0.67935
2024-06-08,FARM0174,C,-7.59857,112.093438,786,4,48,9222,318.72,2.83,30.74,30.5,8.6,90.5,16.9,0.6642,0.6548,0.6975,4.9563,0.448,0.6325,0.5722,-0.0044,0.6739,0.6972,0.6798,5.134,0.4524,0.5934,0.5794,0.0132,0.6691,0.676,0.6887,5.0452,0.4502,0.613,0.5758,0.0044,115.55,2760.25,0.3113,0.67255
2021-02-24,FARM0175,C,-7.581612,112.09009,779,1,56,9370,318.3,2.54,18.61,32.3,23.8,89.6,16.5,0.6649,0.6509,0.6505,4.9677,0.4587,0.6264,0.5782,-0.0032,0.6682,0.7072,0.6423,5.0275,0.4279,0.6003,0.5628,0.0027,0.6665,0.6791,0.6464,4.9976,0.4433,0.6133,0.5705,-0.0003,116.7,2894.079999999999,0.3536,0.6728000000000001
2022-05-20,FARM0175,C,-7.581612,112.09009,779,2,56,10022,356.49,2.89,18.59,32.5,0.7,92.5,14.3,0.7174,0.6356,0.6937,6.0764,0.4619,0.675,0.6057,0.0972,0.7549,0.696,0.6945,7.1596,0.4771,0.7741,0.6322,0.1776,0.7361,0.6658,0.6941,6.618,0.4695,0.7246,0.619,0.1374,114.71,3006.25,0.3058999999999999,0.70095
2023-07-14,FARM0175,C,-7.581612,112.09009,779,3,52,9230,311.69,2.22,19.22,23.9,0.0,81.2,15.5,0.6544,0.617,0.6596,4.7874,0.4297,0.6069,0.5573,-0.0217,0.7724,0.6976,0.7033,7.7865,0.5003,0.7759,0.6539,0.2179,0.7134,0.6573,0.6815,6.2869,0.465,0.6914,0.6056,0.0981,115.77,1940.68,0.3185,0.68535
2024-09-06,FARM0175,C,-7.581612,112.09009,779,4,52,9399,323.05,2.47,21.04,25.6,0.9,89.3,14.0,0.6778,0.6774,0.6725,5.208,0.4469,0.6773,0.5782,0.0204,0.7045,0.7002,0.6847,5.7679,0.4417,0.6526,0.5879,0.0713,0.6912,0.6888,0.6786,5.4879,0.4443,0.665,0.5831,0.0458,114.12,2286.08,0.3214,0.69
2021-02-24,FARM0176,C,-7.583988,112.102981,208,1,56,10198,354.25,3.07,20.96,33.2,44.8,88.3,16.4,0.6752,0.7035,0.7146,5.1575,0.4844,0.6645,0.5968,0.0155,0.6645,0.6883,0.6829,4.9607,0.4237,0.6128,0.5586,-0.0039,0.6698,0.6959,0.6988,5.0591,0.454,0.6387,0.5777,0.0058,114.83,2931.56,0.3012,0.68285
2022-05-20,FARM0176,C,-7.583988,112.102981,208,2,56,9632,337.74,2.96,37.83,28.7,4.1,76.8,14.6,0.7339,0.6586,0.681,6.5161,0.4461,0.7354,0.604,0.1317,0.738,0.6374,0.6826,6.6345,0.4502,0.7257,0.6084,0.1405,0.736,0.648,0.6818,6.5753,0.4482,0.7305,0.6062,0.1361,116.75,2204.16,0.3182,0.692
2023-08-13,FARM0176,C,-7.583988,112.102981,208,3,56,9710,288.47,2.9,18.19,26.3,0.6,81.6,13.4,0.7439,0.6031,0.6425,6.8105,0.4684,0.7608,0.622,0.1533,0.72,0.6576,0.6413,6.1441,0.4069,0.6464,0.573,0.1027,0.732,0.6303,0.6419,6.4773,0.4376,0.7036,0.5975,0.128,113.0,2146.08,0.3581,0.6811499999999999
2024-09-06,FARM0176,C,-7.583988,112.102981,208,4,48,8749,313.25,2.61,15.71,22.2,0.3,73.2,14.2,0.7027,0.6279,0.6726,5.7276,0.4217,0.6414,0.575,0.0678,0.7182,0.6345,0.7013,6.0977,0.4762,0.6794,0.6142,0.0989,0.7105,0.6312,0.687,5.9127,0.449,0.6604,0.5946,0.0834,107.37,1625.04,0.3129999999999999,0.67085
2021-01-25,FARM0177,C,-7.595266,112.085183,769,1,52,10348,337.92,3.35,45.1,27.7,13.9,83.1,13.5,0.6925,0.6401,0.6826,5.5041,0.4339,0.6527,0.5777,0.048,0.6307,0.5799,0.6012,4.4154,0.3716,0.5388,0.5118,-0.0621,0.6616,0.61,0.6419,4.9597,0.4027,0.5957,0.5447,-0.0071,113.24,2301.87,0.3581,0.6357999999999999
2022-04-20,FARM0177,C,-7.595266,112.085183,769,2,56,10464,353.6,3.31,22.21,31.7,0.5,76.3,14.8,0.6928,0.6456,0.6249,5.5115,0.4453,0.6888,0.5845,0.0487,0.738,0.5963,0.6513,6.6349,0.4168,0.6853,0.5872,0.1405,0.7154,0.621,0.6381,6.0732,0.4311,0.687,0.5859,0.0946,113.69,2418.71,0.3619,0.6682
2023-06-14,FARM0177,C,-7.595266,112.085183,769,3,52,8953,346.55,2.63,29.13,26.8,1.0,84.5,14.1,0.6934,0.6934,0.6442,5.5226,0.4718,0.7023,0.5995,0.0497,0.6818,0.6543,0.6645,5.2844,0.4022,0.6072,0.5535,0.0277,0.6876,0.6738,0.6543,5.4035,0.437,0.6548,0.5765,0.0387,117.22,2264.6,0.3457,0.6807
2024-09-06,FARM0177,C,-7.595266,112.085183,769,4,56,9946,293.07,2.56,17.04,25.0,0.6,73.7,14.0,0.6862,0.6616,0.7175,5.3731,0.4948,0.7265,0.6078,0.036,0.752,0.7061,0.7052,7.0655,0.4965,0.7634,0.6419,0.1712,0.7191,0.6838,0.7113,6.2193,0.4956,0.7449,0.6249,0.1036,115.58,1842.5,0.2887,0.7014499999999999
2021-01-25,FARM0178,C,-7.6078,112.104717,428,1,52,9759,362.55,2.83,22.2,32.1,14.4,87.3,13.4,0.6388,0.6583,0.686,4.5369,0.4186,0.5797,0.5435,-0.0486,0.7227,0.6198,0.6627,6.2134,0.4136,0.6601,0.5786,0.1082,0.6808,0.639,0.6743,5.3751,0.4161,0.6199,0.561,0.0298,116.31,2802.33,0.3257,0.6598999999999999
2022-04-20,FARM0178,C,-7.6078,112.104717,428,2,56,9246,308.79,3.05,21.78,32.4,0.2,87.3,15.2,0.7342,0.6265,0.6533,6.5246,0.502,0.8158,0.6361,0.1323,0.6895,0.6632,0.696,5.4421,0.4553,0.622,0.5886,0.0423,0.7119,0.6449,0.6746,5.9833,0.4787,0.7189,0.6124,0.0873,115.98,2828.52,0.3254,0.6784
2023-07-14,FARM0178,C,-7.6078,112.104717,428,3,56,9293,304.11,2.88,18.24,23.6,1.6,90.3,13.2,0.6669,0.6002,0.6937,5.0041,0.4424,0.6831,0.5704,0.0004,0.7791,0.6551,0.7037,8.0519,0.5036,0.8076,0.6589,0.2338,0.723,0.6277,0.6987,6.528,0.473,0.7454,0.6147,0.1171,116.71,2131.08,0.3013,0.67535
2024-09-06,FARM0178,C,-7.6078,112.104717,428,4,52,9415,286.04,2.06,15.05,21.1,12.0,85.0,16.0,0.6698,0.6164,0.6385,5.0578,0.4664,0.6174,0.5848,0.0057,0.7384,0.6424,0.6862,6.6464,0.4817,0.7465,0.6271,0.1414,0.7041,0.6294,0.6624,5.8521,0.4741,0.682,0.6059,0.0736,105.87,1793.5,0.3376,0.66675
2020-12-26,FARM0179,C,-7.594057,112.081037,368,1,48,10145,358.94,3.19,29.43,26.0,0.8,86.0,15.7,0.6809,0.6475,0.6994,5.2673,0.458,0.6822,0.5859,0.026,0.7365,0.6923,0.6758,6.5896,0.4384,0.6704,0.6004,0.1372,0.7087,0.6699,0.6876,5.9285,0.4482,0.6763,0.5931,0.0816,114.63,2236.0,0.3124,0.6893
2022-02-19,FARM0179,C,-7.594057,112.081037,368,2,52,9930,340.39,2.77,29.6,30.4,10.7,89.1,16.6,0.7365,0.6177,0.7097,6.5892,0.4997,0.7486,0.636,0.1371,0.6852,0.7005,0.6561,5.3524,0.4309,0.6408,0.5726,0.034,0.7108,0.6591,0.6829,5.9708,0.4653,0.6947,0.6043,0.0856,113.9,2708.64,0.3171,0.68495
2023-04-15,FARM0179,C,-7.594057,112.081037,368,3,52,9116,358.63,2.69,25.55,32.9,6.8,83.9,13.9,0.7018,0.593,0.6165,5.708,0.4485,0.6447,0.5906,0.0661,0.6806,0.6825,0.705,5.2623,0.4682,0.6804,0.5912,0.0256,0.6912,0.6378,0.6608,5.4852,0.4583,0.6626,0.5909,0.0458,114.02,2760.31,0.3391999999999999,0.6645000000000001
2024-05-09,FARM0179,C,-7.594057,112.081037,368,4,48,8865,328.33,2.45,22.04,32.0,0.0,80.0,15.4,0.7253,0.7007,0.7164,6.2817,0.5088,0.7536,0.6352,0.1136,0.6854,0.5968,0.6675,5.3567,0.4079,0.6473,0.5587,0.0344,0.7054,0.6487,0.6919,5.8192,0.4584,0.7005,0.597,0.074,116.22,2560.0,0.3081,0.67705
2021-02-24,FARM0180,C,-7.610805,112.091628,492,1,56,11075,360.91,2.57,29.37,28.8,26.5,79.6,15.9,0.7027,0.6317,0.7062,5.728,0.4794,0.7119,0.6083,0.0679,0.7108,0.7189,0.6939,5.9147,0.4598,0.7132,0.6014,0.0838,0.7067,0.6753,0.7001,5.8213,0.4696,0.7126,0.6048,0.0758,114.61,2292.48,0.2999000000000001,0.6910000000000001
2022-05-20,FARM0180,C,-7.610805,112.091628,492,2,56,10320,356.76,2.32,28.51,29.9,1.8,87.5,15.0,0.6787,0.6244,0.7002,5.2256,0.4585,0.6433,0.5851,0.0221,0.6987,0.6616,0.6717,5.6387,0.4189,0.6452,0.5715,0.06,0.6887,0.643,0.6859,5.4321,0.4387,0.6442,0.5783,0.041,115.04,2616.25,0.3141,0.66585
2023-06-14,FARM0180,C,-7.610805,112.091628,492,3,48,9751,305.75,2.38,14.99,31.2,0.5,82.9,14.8,0.6788,0.6331,0.6051,5.2268,0.4131,0.6572,0.559,0.0222,0.7093,0.6386,0.6483,5.8795,0.4055,0.6397,0.5675,0.0808,0.694,0.6358,0.6267,5.5531,0.4093,0.6484,0.5632,0.0515,115.97,2586.48,0.3733,0.6649
2024-07-08,FARM0180,C,-7.610805,112.091628,492,4,48,9564,314.78,2.41,14.85,26.8,1.7,89.2,15.7,0.6908,0.6031,0.6001,5.4673,0.4201,0.6671,0.5686,0.0446,0.7734,0.6528,0.7,7.8273,0.4942,0.7602,0.6509,0.2204,0.7321,0.6279,0.6501,6.6473,0.4571,0.7137,0.6097,0.1325,115.54,2390.56,0.3499,0.6799999999999999
2020-12-26,FARM0181,C,-7.599878,112.114118,696,1,48,10456,338.21,2.57,15.94,25.9,39.3,79.8,13.5,0.6548,0.6804,0.6356,4.7935,0.4547,0.6125,0.571,-0.0211,0.6925,0.6666,0.615,5.5045,0.4074,0.6654,0.5615,0.048,0.6737,0.6735,0.6253,5.149,0.4311,0.639,0.5663,0.0135,114.56,2066.82,0.3747,0.6736
2022-01-20,FARM0181,C,-7.599878,112.114118,696,2,48,9558,351.63,2.78,25.76,26.2,31.8,90.8,16.9,0.7018,0.6802,0.7035,5.7079,0.48,0.7529,0.6081,0.0661,0.6985,0.6315,0.6914,5.6335,0.4508,0.616,0.5904,0.0596,0.7002,0.6558,0.6975,5.6707,0.4654,0.6844,0.5993,0.0628,115.76,2378.96,0.3025,0.678
2023-04-15,FARM0181,C,-7.599878,112.114118,696,3,56,9476,320.6,2.56,25.47,32.7,6.1,77.3,14.4,0.7586,0.6643,0.6829,7.2857,0.5155,0.8023,0.6555,0.186,0.7316,0.6,0.6712,6.4522,0.4294,0.6917,0.5926,0.1268,0.7451,0.6322,0.677,6.8689,0.4724,0.747,0.6241,0.1564,114.63,2527.71,0.323,0.68865
2024-07-08,FARM0181,C,-7.599878,112.114118,696,4,56,9449,296.51,2.75,22.75,29.7,11.8,80.9,15.5,0.682,0.6682,0.7139,5.2903,0.4858,0.6584,0.6011,0.0282,0.6848,0.6083,0.6819,5.346,0.4299,0.66,0.5718,0.0334,0.6834,0.6382,0.6979,5.3182,0.4579,0.6592,0.5865,0.0308,116.01,2402.73,0.3021,0.6608
2021-01-25,FARM0182,C,-7.608436,112.107339,731,1,52,10252,327.54,2.36,15.01,30.9,7.5,79.7,16.0,0.644,0.6276,0.6851,4.6187,0.4193,0.6044,0.5464,-0.0396,0.7169,0.7083,0.6986,6.0651,0.4706,0.663,0.6104,0.0963,0.6805,0.6679,0.6918,5.3419,0.4449,0.6337,0.5784,0.0283,113.85,2462.73,0.3082,0.6742
2022-02-19,FARM0182,C,-7.608436,112.107339,731,2,48,10261,354.1,2.31,16.81,30.1,12.8,91.4,14.7,0.7204,0.6364,0.6837,6.1522,0.4458,0.7448,0.5977,0.1033,0.699,0.6621,0.6453,5.6444,0.4371,0.6235,0.5826,0.0605,0.7097,0.6492,0.6645,5.8983,0.4415,0.6841,0.5902,0.0819,115.3,2751.14,0.3355,0.67945
2023-05-15,FARM0182,C,-7.608436,112.107339,731,3,56,9388,333.78,2.48,14.26,29.6,8.7,83.6,14.9,0.6612,0.6942,0.7032,4.9038,0.4609,0.668,0.5775,-0.0097,0.7159,0.638,0.6636,6.0403,0.4127,0.6742,0.5751,0.0942,0.6886,0.6661,0.6834,5.472,0.4368,0.6711,0.5763,0.0423,114.76,2474.56,0.3166,0.67735
2024-08-07,FARM0182,C,-7.608436,112.107339,731,4,56,8395,312.94,2.66,14.5,24.4,0.5,76.4,16.4,0.696,0.6501,0.713,5.5798,0.4898,0.7082,0.6104,0.0548,0.6847,0.6485,0.6349,5.3439,0.425,0.5884,0.5688,0.0332,0.6904,0.6493,0.6739,5.4618,0.4574,0.6483,0.5896,0.044,105.99,1864.16,0.3260999999999999,0.6698500000000001
2021-02-24,FARM0183,C,-7.609578,112.104658,311,1,56,9837,387.78,2.97,51.34,28.8,21.1,78.3,13.5,0.7204,0.6352,0.7005,6.1542,0.4755,0.7316,0.6149,0.1035,0.6824,0.6035,0.6657,5.297,0.4041,0.6208,0.555,0.0288,0.7014,0.6194,0.6831,5.7256,0.4398,0.6762,0.5849,0.0662,114.8,2255.04,0.3169,0.6604
2022-03-21,FARM0183,C,-7.609578,112.104658,311,2,48,10458,356.64,2.54,25.72,31.9,38.9,79.6,16.9,0.7093,0.6329,0.6516,5.8801,0.4376,0.7241,0.5877,0.0809,0.7245,0.6298,0.6652,6.2598,0.418,0.6499,0.5822,0.1119,0.7169,0.6313,0.6584,6.0699,0.4278,0.687,0.5849,0.0964,114.94,2539.24,0.3416,0.6740999999999999
2023-04-15,FARM0183,C,-7.609578,112.104658,311,3,48,9844,300.62,2.26,15.0,29.8,7.3,74.6,16.9,0.7084,0.6808,0.6877,5.8597,0.4527,0.7082,0.5962,0.0792,0.7305,0.6696,0.6822,6.4213,0.4469,0.6764,0.603,0.1244,0.7195,0.6752,0.685,6.1405,0.4498,0.6923,0.5996,0.1018,114.06,2223.08,0.3149999999999999,0.69735
2024-06-08,FARM0183,C,-7.609578,112.104658,311,4,52,9033,288.97,2.25,10.46,31.4,0.7,90.0,14.0,0.6823,0.6137,0.701,5.2957,0.4615,0.6779,0.5885,0.0287,0.7462,0.6409,0.6861,6.8802,0.4591,0.69,0.6175,0.1583,0.7143,0.6273,0.6936,6.0879,0.4603,0.6839,0.603,0.0935,86.93,2826.0,0.3064,0.6708000000000001
2021-01-25,FARM0184,C,-7.584057,112.098008,486,1,52,10044,357.12,2.89,36.78,29.5,17.7,78.0,16.1,0.7529,0.6432,0.7027,7.0944,0.492,0.7827,0.6398,0.1732,0.6911,0.7014,0.7057,5.4735,0.4737,0.6604,0.5994,0.0452,0.722,0.6723,0.7042,6.284,0.4828,0.7215,0.6196,0.1092,114.99,2301.0,0.2958,0.6971499999999999
2022-04-20,FARM0184,C,-7.584057,112.098008,486,2,56,10786,349.69,2.66,21.69,34.2,1.2,83.9,16.9,0.7249,0.6363,0.6884,6.2703,0.4555,0.7125,0.6055,0.1127,0.6768,0.6692,0.6756,5.1889,0.4592,0.6552,0.5845,0.0185,0.7009,0.6527,0.682,5.7296,0.4573,0.6838,0.595,0.0656,115.92,2869.380000000001,0.3179999999999999,0.6768
2023-05-15,FARM0184,C,-7.584057,112.098008,486,3,48,9477,273.23,2.07,9.56,29.8,6.2,73.2,16.4,0.6957,0.648,0.7165,5.5729,0.4968,0.7427,0.6138,0.0542,0.7033,0.6591,0.7056,5.7406,0.4785,0.6632,0.6081,0.069,0.6995,0.6535,0.7111,5.6568,0.4877,0.703,0.6109,0.0616,85.7,2181.36,0.2889,0.6765
2024-08-07,FARM0184,C,-7.584057,112.098008,486,4,56,9323,278.24,2.02,10.11,26.1,5.1,76.5,15.4,0.6503,0.625,0.6497,4.719,0.4437,0.6252,0.5629,-0.0289,0.7506,0.6164,0.6642,7.0177,0.4249,0.6651,0.5978,0.1679,0.7004,0.6207,0.6569,5.8684,0.4343,0.6452,0.5804,0.0695,85.83,1996.65,0.3431,0.66055
2021-02-24,FARM0185,C,-7.609179,112.105145,764,1,56,10437,369.75,3.15,28.26,34.4,1.9,78.2,13.3,0.7305,0.6341,0.6862,6.4204,0.4537,0.7243,0.607,0.1244,0.6792,0.6501,0.626,5.2342,0.4024,0.5732,0.5525,0.0229,0.7048,0.6421,0.6561,5.8273,0.4281,0.6488,0.5798,0.0736,116.77,2690.08,0.3439,0.67345
2022-05-20,FARM0185,C,-7.609179,112.105145,764,2,56,10304,340.68,2.87,27.28,28.5,2.9,84.5,14.1,0.734,0.6978,0.718,6.52,0.5157,0.7284,0.6433,0.1319,0.7478,0.6395,0.692,6.9302,0.47,0.6935,0.6247,0.1618,0.7409,0.6687,0.705,6.7251,0.4929,0.711,0.634,0.1469,115.93,2408.25,0.295,0.7048
2023-06-14,FARM0185,C,-7.609179,112.105145,764,3,48,10455,325.36,2.61,29.13,26.5,0.2,78.6,16.9,0.7234,0.6859,0.6993,6.2296,0.4745,0.7765,0.6157,0.1095,0.6607,0.6345,0.6725,4.8953,0.4064,0.5648,0.5467,-0.0106,0.6921,0.6602,0.6859,5.5625,0.4404,0.6707,0.5812,0.0495,113.41,2082.9,0.3141,0.67615
2024-07-08,FARM0185,C,-7.609179,112.105145,764,4,48,9019,308.38,2.35,17.22,27.3,5.6,74.8,15.0,0.6782,0.7098,0.7143,5.2146,0.485,0.6564,0.5987,0.021,0.6674,0.6725,0.6651,5.0124,0.398,0.5804,0.5445,0.0012,0.6728,0.6911,0.6897,5.1135,0.4415,0.6184,0.5716,0.0111,114.92,2042.04,0.3103,0.6819500000000001
2021-01-25,FARM0186,C,-7.590457,112.118448,434,1,52,10483,316.31,2.63,31.92,28.0,7.7,79.4,14.3,0.7016,0.6668,0.7047,5.7027,0.4761,0.6701,0.6059,0.0657,0.7421,0.6104,0.6658,6.7549,0.4276,0.6589,0.596,0.1493,0.7219,0.6386,0.6852,6.2288,0.4518,0.6645,0.6009,0.1075,116.44,2223.2,0.3148,0.68025
2022-03-21,FARM0186,C,-7.590457,112.118448,434,2,52,10774,344.97,2.27,23.05,31.2,5.9,90.8,14.2,0.6799,0.6277,0.6638,5.2471,0.4655,0.7123,0.5894,0.0241,0.6752,0.6243,0.6789,5.157,0.4399,0.6618,0.573,0.0155,0.6775,0.626,0.6714,5.202,0.4527,0.687,0.5812,0.0198,113.6,2832.96,0.3286,0.65175
2023-06-14,FARM0186,C,-7.590457,112.118448,434,3,56,10629,344.55,2.85,24.53,28.5,0.6,82.4,15.8,0.7108,0.6939,0.6736,5.9151,0.4902,0.7125,0.6181,0.0838,0.6839,0.6508,0.6628,5.3268,0.4234,0.6035,0.5675,0.0316,0.6973,0.6723,0.6682,5.6209,0.4568,0.658,0.5928,0.0577,113.66,2348.4,0.3318,0.6848000000000001
2024-07-08,FARM0186,C,-7.590457,112.118448,434,4,48,8881,309.08,2.65,20.89,27.4,11.5,76.9,16.6,0.6961,0.6442,0.675,5.5812,0.423,0.6808,0.5728,0.0549,0.6927,0.6607,0.6626,5.5092,0.4651,0.6518,0.5956,0.0485,0.6944,0.6525,0.6688,5.5452,0.4441,0.6663,0.5842,0.0517,116.52,2107.06,0.3312,0.67345
2021-02-24,FARM0187,C,-7.600027,112.108075,315,1,56,10355,374.84,2.77,22.77,31.7,18.7,91.8,16.8,0.7425,0.6791,0.6556,6.7659,0.5055,0.7732,0.6421,0.1501,0.6597,0.6089,0.6537,4.8772,0.423,0.6036,0.556,-0.0124,0.7011,0.644,0.6546,5.8216,0.4642,0.6884,0.599,0.0688,113.08,2910.06,0.3454,0.67255
2022-04-20,FARM0187,C,-7.600027,112.108075,315,2,52,10074,301.51,2.95,23.61,29.3,15.2,80.4,15.8,0.6662,0.6221,0.6939,4.9908,0.4648,0.6309,0.5821,-0.0009,0.7018,0.6447,0.6771,5.706,0.4283,0.6388,0.5786,0.0659,0.684,0.6334,0.6855,5.3484,0.4466,0.6349,0.5804,0.0325,113.66,2355.72,0.3145,0.6587000000000001
2023-06-14,FARM0187,C,-7.600027,112.108075,315,3,52,9181,326.38,2.71,23.25,31.4,3.1,81.7,14.7,0.7269,0.6335,0.7138,6.3245,0.5041,0.7318,0.6336,0.117,0.6552,0.6108,0.6635,4.7998,0.3914,0.5779,0.535,-0.0204,0.6911,0.6222,0.6887,5.5622,0.4478,0.6548,0.5843,0.0483,114.6,2565.38,0.3113,0.65665
2024-08-07,FARM0187,C,-7.600027,112.108075,315,4,52,8948,280.17,2.57,16.75,23.2,6.0,86.4,15.4,0.7126,0.6771,0.6821,5.9577,0.4404,0.6742,0.5908,0.0874,0.7387,0.6483,0.6859,6.6542,0.4787,0.7155,0.6254,0.1419,0.7256,0.6627,0.684,6.306,0.4595,0.6949,0.6081,0.1147,117.19,2004.48,0.3159999999999999,0.69415
2020-12-26,FARM0188,C,-7.610406,112.114494,457,1,48,10634,366.83,2.86,37.99,28.8,41.1,85.5,16.7,0.7286,0.673,0.6915,6.37,0.4622,0.7508,0.6112,0.1205,0.717,0.6334,0.6642,6.0673,0.4139,0.624,0.5763,0.0964,0.7228,0.6532,0.6779,6.2187,0.4381,0.6874,0.5938,0.1085,113.72,2462.4,0.3221000000000001,0.688
2022-01-20,FARM0188,C,-7.610406,112.114494,457,2,48,9752,340.9,3.17,33.41,31.7,19.3,90.6,15.3,0.6856,0.6799,0.6539,5.3604,0.4417,0.6405,0.579,0.0348,0.7538,0.671,0.6649,7.1242,0.4695,0.7011,0.6272,0.1752,0.7197,0.6755,0.6594,6.2423,0.4556,0.6708,0.6031,0.105,113.2,2872.02,0.3406,0.6976
2023-02-14,FARM0188,C,-7.610406,112.114494,457,3,48,9804,329.09,2.52,28.59,28.9,2.0,90.2,16.3,0.6945,0.669,0.6883,5.5464,0.4739,0.6663,0.6012,0.0518,0.7344,0.6967,0.7021,6.5307,0.4838,0.697,0.6263,0.1327,0.7145,0.6828,0.6952,6.0385,0.4789,0.6817,0.6137,0.0923,116.45,2606.78,0.3048,0.69865
2024-04-09,FARM0188,C,-7.610406,112.114494,457,4,52,10023,314.45,2.35,19.37,35.0,1.7,73.1,16.1,0.744,0.6124,0.7059,6.8112,0.4948,0.7834,0.637,0.1533,0.6605,0.6771,0.6765,4.8913,0.4123,0.5759,0.5501,-0.011,0.7022,0.6448,0.6912,5.8513,0.4535,0.6797,0.5936,0.0712,116.19,2558.5,0.3088,0.6735
2020-12-26,FARM0189,C,-7.596178,112.104363,614,1,48,9465,366.98,3.14,42.89,26.8,1.3,90.5,15.3,0.733,0.5983,0.6916,6.4904,0.464,0.743,0.6143,0.1297,0.7287,0.6373,0.6481,6.3718,0.4342,0.7281,0.5943,0.1206,0.7308,0.6178,0.6698,6.4311,0.4491,0.7356,0.6043,0.1252,114.65,2425.4,0.3302,0.6743
2022-01-20,FARM0189,C,-7.596178,112.104363,614,2,48,9522,373.47,2.73,32.21,28.3,21.8,78.4,13.0,0.6943,0.632,0.6894,5.5424,0.4457,0.6948,0.5855,0.0514,0.7345,0.6093,0.681,6.5337,0.4463,0.6846,0.6044,0.133,0.7144,0.6206,0.6852,6.038,0.446,0.6897,0.5949,0.0922,112.89,2218.72,0.3148,0.6675
2023-04-15,FARM0189,C,-7.596178,112.104363,614,3,56,9056,304.31,2.99,28.07,30.7,8.4,89.5,13.3,0.6556,0.6335,0.6837,4.8065,0.4216,0.6384,0.5532,-0.0197,0.7004,0.7091,0.7038,5.6764,0.4739,0.6741,0.6042,0.0634,0.678,0.6713,0.6938,5.2414,0.4478,0.6563,0.5787,0.0218,114.22,2747.65,0.3062,0.67465
2024-05-09,FARM0189,C,-7.596178,112.104363,614,4,48,9795,307.87,2.64,29.32,30.9,6.4,84.9,15.2,0.7119,0.6665,0.7154,5.941,0.5012,0.6859,0.6244,0.086,0.6372,0.6377,0.6299,4.5127,0.3742,0.5457,0.5163,-0.0512,0.6745,0.6521,0.6726,5.2269,0.4377,0.6158,0.5703,0.0174,115.5,2623.41,0.3274,0.6633
2020-12-26,FARM0190,C,-7.59562,112.091861,435,1,48,9758,318.94,2.78,24.06,29.7,38.3,92.4,15.6,0.6923,0.6444,0.7048,5.5007,0.4726,0.6565,0.5994,0.0477,0.7107,0.6475,0.6767,5.9133,0.4309,0.6278,0.5842,0.0837,0.7015,0.646,0.6908,5.707,0.4517,0.6422,0.5918,0.0657,116.8,2744.28,0.3092,0.6737500000000001
2022-02-19,FARM0190,C,-7.59562,112.091861,435,2,52,9068,297.63,2.21,10.49,31.9,4.4,79.9,16.4,0.6389,0.6259,0.6768,4.5381,0.4045,0.6161,0.5354,-0.0484,0.674,0.6178,0.6263,5.1355,0.4138,0.5869,0.5572,0.0134,0.6564,0.6219,0.6515,4.8368,0.4091,0.6015,0.5463,-0.0175,86.58,2548.81,0.3485,0.63915
2023-05-15,FARM0190,C,-7.59562,112.091861,435,3,56,9084,318.65,2.8,16.27,31.1,0.3,82.7,14.7,0.692,0.6881,0.7064,5.4925,0.4754,0.6622,0.6008,0.0469,0.6759,0.5865,0.6655,5.1709,0.4016,0.6164,0.5506,0.0168,0.6839,0.6373,0.686,5.3317,0.4385,0.6393,0.5757,0.0319,116.89,2571.97,0.3139999999999999,0.6606
2024-06-08,FARM0190,C,-7.59562,112.091861,435,4,48,9523,282.73,2.44,21.11,32.3,10.8,82.9,14.0,0.7089,0.68,0.6844,5.87,0.4714,0.7021,0.607,0.08,0.7078,0.686,0.6593,5.8449,0.4038,0.6647,0.5658,0.0779,0.7083,0.683,0.6719,5.8574,0.4376,0.6834,0.5864,0.079,112.99,2677.67,0.3280999999999999,0.6956500000000001
2021-02-24,FARM0191,C,-7.58141,112.080905,510,1,56,10534,398.69,3.14,27.55,31.0,22.4,75.0,13.5,0.7299,0.6231,0.6722,6.4039,0.4421,0.7565,0.5998,0.1231,0.6936,0.6768,0.6863,5.5284,0.4403,0.6328,0.582,0.0502,0.7118,0.65,0.6792,5.9661,0.4412,0.6946,0.5909,0.0866,112.76,2325.0,0.3208,0.6809000000000001
2022-03-21,FARM0191,C,-7.58141,112.080905,510,2,48,10278,356.76,3.08,38.85,30.7,11.7,90.7,14.4,0.6543,0.6389,0.6398,4.7848,0.433,0.6227,0.5591,-0.022,0.6894,0.6998,0.6821,5.4394,0.4318,0.609,0.575,0.0421,0.6718,0.6694,0.6609,5.1121,0.4324,0.6159,0.5671,0.01,114.98,2784.49,0.3391,0.6706
2023-05-15,FARM0191,C,-7.58141,112.080905,510,3,52,9301,363.02,2.76,29.79,29.0,6.9,85.9,14.5,0.6563,0.6344,0.697,4.8196,0.4439,0.619,0.566,-0.0184,0.6471,0.6515,0.6718,4.6674,0.4002,0.5692,0.5368,-0.0344,0.6517,0.643,0.6844,4.7435,0.4221,0.5941,0.5514,-0.0264,115.89,2491.1,0.3156,0.64735
2024-07-08,FARM0191,C,-7.58141,112.080905,510,4,52,8654,288.2,3.12,42.0,27.5,0.6,80.8,16.9,0.6523,0.6803,0.69,4.752,0.4304,0.6034,0.5566,-0.0254,0.733,0.6647,0.6582,6.4892,0.4104,0.7099,0.5808,0.1296,0.6926,0.6725,0.6741,5.6206,0.4204,0.6567,0.5687,0.0521,114.07,2222.0,0.3259,0.68255
2021-01-25,FARM0192,C,-7.619593,112.107825,420,1,52,9596,319.14,2.76,26.68,32.4,36.8,90.6,14.8,0.7151,0.6947,0.6986,6.0206,0.4773,0.7113,0.6133,0.0926,0.6607,0.6824,0.6714,4.8953,0.4048,0.5784,0.5457,-0.0106,0.6879,0.6885,0.685,5.458,0.4411,0.6449,0.5795,0.041,113.95,2935.44,0.3149999999999999,0.6881999999999999
2022-03-21,FARM0192,C,-7.619593,112.107825,420,2,52,10251,349.48,3.06,38.66,33.8,26.1,92.7,15.5,0.759,0.6605,0.7143,7.3002,0.5178,0.8566,0.657,0.187,0.71,0.6057,0.6641,5.8972,0.4115,0.6121,0.5717,0.0823,0.7345,0.6331,0.6892,6.5987,0.4646,0.7344,0.6144,0.1347,113.32,3133.26,0.3108,0.6838
2023-04-15,FARM0192,C,-7.619593,112.107825,420,3,48,9768,324.87,2.36,19.5,31.2,1.4,82.7,15.1,0.6596,0.5696,0.6609,4.8754,0.4055,0.5973,0.5456,-0.0126,0.6722,0.6333,0.6554,5.1019,0.3863,0.5939,0.5392,0.0101,0.6659,0.6014,0.6582,4.9886,0.3959,0.5956,0.5424,-0.0013,115.26,2580.24,0.3418,0.63365
2024-07-08,FARM0192,C,-7.619593,112.107825,420,4,56,9791,281.1,2.44,14.12,28.4,12.3,85.9,16.9,0.7218,0.6466,0.6304,6.1884,0.4537,0.7157,0.603,0.1062,0.7355,0.6349,0.6855,6.5615,0.4543,0.7044,0.6097,0.1351,0.7286,0.6408,0.658,6.375,0.454,0.7101,0.6064,0.1206,115.35,2439.56,0.342,0.6847000000000001
2021-01-25,FARM0193,C,-7.583544,112.113705,640,1,52,10006,328.99,3.19,30.55,30.3,2.4,89.9,17.0,0.6956,0.6194,0.6336,5.5696,0.4485,0.7235,0.5877,0.0539,0.7271,0.6033,0.6586,6.328,0.409,0.6856,0.5774,0.1172,0.7113,0.6114,0.6461,5.9488,0.4287,0.7046,0.5825,0.0856,113.71,2723.97,0.3539,0.6613500000000001
2022-03-21,FARM0193,C,-7.583544,112.113705,640,2,52,10101,310.7,2.65,27.99,33.5,18.0,83.5,16.6,0.6965,0.6153,0.6102,5.5904,0.419,0.6376,0.5706,0.0557,0.7188,0.6326,0.6898,6.113,0.4556,0.6788,0.6028,0.1002,0.7077,0.624,0.65,5.8517,0.4373,0.6582,0.5867,0.0779,112.71,2797.25,0.35,0.66585
2023-05-15,FARM0193,C,-7.583544,112.113705,640,3,52,8744,322.39,2.3,14.33,31.2,3.8,79.1,16.9,0.6773,0.5877,0.6866,5.1971,0.4346,0.685,0.571,0.0193,0.7104,0.7096,0.7055,5.9052,0.481,0.677,0.6129,0.083,0.6938,0.6487,0.696,5.5512,0.4578,0.681,0.592,0.0512,115.39,2467.92,0.304,0.67125
2024-07-08,FARM0193,C,-7.583544,112.113705,640,4,52,8818,310.57,2.85,33.71,25.2,1.2,85.2,13.2,0.6774,0.6809,0.7171,5.1988,0.4902,0.6747,0.6009,0.0195,0.707,0.6978,0.7007,5.8253,0.4707,0.6713,0.6056,0.0762,0.6922,0.6894,0.7089,5.512,0.4804,0.673,0.6033,0.0479,117.11,2147.04,0.2911,0.6908000000000001
2021-02-24,FARM0194,C,-7.612988,112.083583,278,1,56,10254,373.84,2.82,19.73,34.2,5.6,79.3,15.5,0.7084,0.625,0.6495,5.8584,0.4861,0.6742,0.6147,0.0791,0.6517,0.6499,0.6665,4.7417,0.3943,0.5994,0.5352,-0.0265,0.68,0.6374,0.658,5.3,0.4402,0.6368,0.5749,0.0263,116.45,2712.06,0.342,0.6587000000000001
2022-04-20,FARM0194,C,-7.612988,112.083583,278,2,52,10791,327.25,3.13,38.41,33.9,4.1,81.7,13.4,0.6583,0.6355,0.7063,4.8532,0.4613,0.6005,0.5763,-0.0149,0.6946,0.6402,0.6882,5.5485,0.4439,0.6522,0.5845,0.052,0.6764,0.6378,0.6973,5.2009,0.4526,0.6263,0.5804,0.0186,117.03,2769.63,0.3027,0.6571
2023-06-14,FARM0194,C,-7.612988,112.083583,278,3,52,10282,318.27,2.66,22.79,31.5,4.3,83.1,16.3,0.6797,0.6962,0.6434,5.2446,0.4804,0.6348,0.5971,0.0239,0.7231,0.6324,0.7041,6.2216,0.4834,0.7289,0.6205,0.1089,0.7014,0.6643,0.6737,5.7331,0.4819,0.6818,0.6088,0.0664,115.07,2617.65,0.3263,0.68285
2024-07-08,FARM0194,C,-7.612988,112.083583,278,4,48,10106,352.55,2.94,36.7,25.8,1.6,90.1,13.6,0.7154,0.6304,0.6919,6.0279,0.5043,0.7181,0.6278,0.0932,0.695,0.6549,0.6817,5.5567,0.4332,0.685,0.5785,0.0527,0.7052,0.6426,0.6868,5.7923,0.4688,0.7016,0.6031,0.073,113.86,2324.58,0.3132,0.6738999999999999
2021-01-25,FARM0195,C,-7.583613,112.091761,325,1,52,10879,336.51,2.78,15.39,30.3,5.3,85.1,15.6,0.6958,0.6609,0.698,5.575,0.4614,0.6537,0.595,0.0544,0.692,0.611,0.6745,5.4925,0.4209,0.6218,0.5696,0.0469,0.6939,0.6359,0.6863,5.5337,0.4411,0.6377,0.5823,0.0507,116.85,2578.53,0.3137,0.6649
2022-04-20,FARM0195,C,-7.583613,112.091761,325,2,56,9768,350.76,2.73,34.13,30.2,2.5,82.6,14.2,0.668,0.6409,0.7093,5.024,0.471,0.6941,0.5862,0.0024,0.6412,0.5869,0.6574,4.574,0.378,0.5267,0.5204,-0.0445,0.6546,0.6139,0.6833,4.799,0.4245,0.6104,0.5533,-0.0211,116.54,2494.52,0.3167,0.63425
2023-05-15,FARM0195,C,-7.583613,112.091761,325,3,48,10727,312.63,3.16,35.32,34.1,2.6,85.8,16.5,0.6216,0.6337,0.6722,4.2851,0.3911,0.5514,0.5195,-0.077,0.6874,0.7234,0.6639,5.3973,0.461,0.6123,0.5907,0.0382,0.6545,0.6786,0.6681,4.8412,0.426,0.5818,0.5551,-0.0194,115.55,2925.78,0.3319,0.66655
2024-06-08,FARM0195,C,-7.583613,112.091761,325,4,48,10114,305.52,2.83,20.7,26.5,4.8,81.1,16.9,0.6644,0.6225,0.6302,4.9602,0.4293,0.5928,0.5619,-0.004,0.673,0.6064,0.6633,5.1165,0.3974,0.6091,0.5467,0.0115,0.6687,0.6145,0.6468,5.0383,0.4134,0.6009,0.5543,0.0038,117.19,2149.15,0.3532,0.6416
2020-12-26,FARM0196,C,-7.610527,112.105115,305,1,48,9294,354.2,3.29,40.51,27.0,47.3,73.2,16.1,0.6776,0.6085,0.6752,5.2028,0.4166,0.6588,0.5605,0.0199,0.6965,0.6985,0.6784,5.5902,0.4285,0.6116,0.5764,0.0557,0.687,0.6535,0.6768,5.3965,0.4226,0.6352,0.5684,0.0378,115.16,1976.4,0.3232,0.67025
2022-03-21,FARM0196,C,-7.610527,112.105115,305,2,56,9327,320.46,2.39,13.86,33.2,10.3,77.7,15.1,0.6777,0.63,0.6724,5.2052,0.4764,0.655,0.5941,0.0201,0.6686,0.5933,0.6673,5.0355,0.4017,0.5593,0.5474,0.0035,0.6732,0.6117,0.6698,5.1203,0.4391,0.6072,0.5707,0.0118,115.68,2579.64,0.3302,0.64245
2023-06-14,FARM0196,C,-7.610527,112.105115,305,3,56,9166,359.28,2.32,20.13,29.6,4.5,80.9,16.1,0.7398,0.6516,0.698,6.6866,0.5166,0.8233,0.6467,0.1443,0.7482,0.6622,0.6914,6.9424,0.4692,0.7352,0.6244,0.1626,0.744,0.6569,0.6947,6.8145,0.4929,0.7793,0.6355,0.1535,115.56,2394.64,0.3053,0.70045
2024-07-08,FARM0196,C,-7.610527,112.105115,305,4,48,8383,297.44,2.87,29.41,29.8,5.0,74.0,15.8,0.7132,0.677,0.6929,5.9728,0.4589,0.7445,0.602,0.0887,0.7218,0.6814,0.6716,6.1878,0.4267,0.6717,0.5866,0.1062,0.7175,0.6792,0.6822,6.0803,0.4428,0.7081,0.5943,0.0974,114.08,2205.2,0.3178,0.69835
2021-02-24,FARM0197,C,-7.582655,112.092421,447,1,56,10426,317.05,2.9,26.13,31.4,3.6,73.8,14.7,0.672,0.6988,0.7084,5.0967,0.471,0.6605,0.5883,0.0096,0.6564,0.6651,0.6761,4.8209,0.4101,0.5763,0.5469,-0.0182,0.6642,0.6819,0.6923,4.9588,0.4406,0.6184,0.5676,-0.0043,115.32,2317.32,0.3077,0.6730499999999999
2022-05-20,FARM0197,C,-7.582655,112.092421,447,2,56,10660,359.09,2.75,23.2,30.5,0.4,87.8,16.2,0.7373,0.6407,0.707,6.613,0.4945,0.713,0.6336,0.1389,0.6682,0.6623,0.6774,5.0274,0.4165,0.5665,0.5561,0.0027,0.7027,0.6515,0.6922,5.8202,0.4555,0.6398,0.5949,0.0708,115.0,2677.9,0.3078,0.6771
2023-08-13,FARM0197,C,-7.582655,112.092421,447,3,56,9971,285.84,2.48,10.41,21.7,1.7,78.5,15.0,0.7547,0.6821,0.6671,7.1544,0.523,0.8528,0.6576,0.1773,0.6827,0.6949,0.6295,5.3025,0.4215,0.6398,0.5658,0.0294,0.7187,0.6885,0.6483,6.2285,0.4722,0.7463,0.6117,0.1033,84.63,1703.45,0.3517,0.7036
2024-10-06,FARM0197,C,-7.582655,112.092421,447,4,52,9990,306.83,2.17,13.4,23.8,3.6,89.9,14.2,0.6913,0.677,0.7148,5.4781,0.4915,0.6594,0.6088,0.0456,0.7495,0.696,0.6878,6.9851,0.4933,0.7138,0.6389,0.1656,0.7204,0.6865,0.7013,6.2316,0.4924,0.6866,0.6238,0.1056,113.97,2139.62,0.2987,0.70345
2021-01-25,FARM0198,C,-7.60679,112.096574,487,1,52,10129,377.43,2.71,20.97,29.9,40.5,92.8,15.4,0.6766,0.6788,0.6693,5.1852,0.4611,0.6335,0.5854,0.0182,0.7444,0.6675,0.628,6.8232,0.4391,0.692,0.6043,0.1542,0.7105,0.6732,0.6487,6.0042,0.4501,0.6628,0.5949,0.0862,117.16,2774.72,0.3512999999999999,0.6918500000000001
2022-04-20,FARM0198,C,-7.60679,112.096574,487,2,56,10210,358.13,2.81,23.44,30.2,1.3,79.1,13.9,0.7266,0.6762,0.6542,6.3163,0.4959,0.7415,0.6291,0.1163,0.7667,0.714,0.6608,7.573,0.4763,0.7652,0.6372,0.2046,0.7467,0.6951,0.6575,6.9447,0.4861,0.7534,0.6332,0.1605,114.19,2388.82,0.3425,0.7209000000000001
2023-06-14,FARM0198,C,-7.60679,112.096574,487,3,52,9791,330.84,2.61,16.83,26.1,3.8,83.4,14.3,0.6972,0.6211,0.7138,5.606,0.492,0.6733,0.6121,0.0571,0.7189,0.6448,0.6633,6.1153,0.4132,0.6958,0.5767,0.1003,0.7081,0.633,0.6885,5.8606,0.4526,0.6846,0.5944,0.0787,115.68,2176.74,0.3115,0.67055
2024-08-07,FARM0198,C,-7.60679,112.096574,487,4,52,9961,310.02,2.6,22.6,21.5,2.9,77.3,16.0,0.639,0.5878,0.6744,4.5409,0.401,0.6145,0.5335,-0.0481,0.77,0.6284,0.689,7.6946,0.4725,0.7854,0.6364,0.2123,0.7045,0.6081,0.6817,6.1177,0.4368,0.7,0.585,0.0821,116.06,1661.95,0.3183,0.6563
2021-02-24,FARM0199,C,-7.616227,112.101146,356,1,56,10483,335.43,2.94,37.83,29.4,4.6,87.8,13.6,0.6918,0.676,0.6837,5.4886,0.4353,0.6434,0.5782,0.0466,0.7621,0.6442,0.6767,7.4057,0.4975,0.7251,0.6473,0.1939,0.7269,0.6601,0.6802,6.4471,0.4664,0.6843,0.6128,0.1202,116.69,2581.32,0.3198,0.6935
2022-05-20,FARM0199,C,-7.616227,112.101146,356,2,56,9070,333.5,3.16,24.67,31.0,2.7,79.0,16.6,0.6378,0.6371,0.6476,4.5216,0.4043,0.6183,0.5348,-0.0502,0.6521,0.614,0.6613,4.7493,0.3872,0.5369,0.531,-0.0257,0.645,0.6255,0.6544,4.6354,0.3957,0.5776,0.5329,-0.038,115.62,2449.0,0.3456,0.63525
2023-06-14,FARM0199,C,-7.616227,112.101146,356,3,48,8932,350.1,3.02,32.18,28.2,5.1,81.5,13.1,0.6596,0.5769,0.6756,4.8761,0.4107,0.621,0.5487,-0.0125,0.7289,0.6985,0.6731,6.3766,0.4316,0.6611,0.5928,0.121,0.6943,0.6377,0.6744,5.6263,0.4211,0.6411,0.5707,0.0542,117.01,2298.3,0.3256,0.666
2024-08-07,FARM0199,C,-7.616227,112.101146,356,4,52,9053,328.15,2.9,31.51,24.1,8.6,73.4,14.7,0.7184,0.6015,0.6859,6.1026,0.4487,0.732,0.5985,0.0993,0.7131,0.6938,0.6823,5.9706,0.4408,0.6967,0.5913,0.0885,0.7157,0.6477,0.6841,6.0366,0.4448,0.7144,0.5949,0.0939,116.2,1768.94,0.3159,0.6817
2021-02-24,FARM0200,C,-7.612317,112.092603,256,1,56,9183,338.73,2.54,15.29,32.2,37.1,74.0,16.2,0.7283,0.6739,0.692,6.3608,0.4631,0.779,0.6115,0.1198,0.7213,0.7218,0.6818,6.175,0.4749,0.6932,0.6149,0.1051,0.7248,0.6978,0.6869,6.2679,0.469,0.7361,0.6132,0.1125,116.66,2382.8,0.3131,0.7113
2022-05-20,FARM0200,C,-7.612317,112.092603,256,2,56,10059,363.6,2.53,26.99,32.5,13.8,92.9,14.0,0.755,0.6475,0.7143,7.1621,0.5163,0.7691,0.6541,0.1778,0.7542,0.6618,0.7035,7.136,0.4941,0.7191,0.6416,0.176,0.7546,0.6547,0.7089,7.149,0.5052,0.7441,0.6479,0.1769,114.26,3019.25,0.2911,0.70465
2023-06-14,FARM0200,C,-7.612317,112.092603,256,3,48,9605,293.41,2.58,19.97,30.4,5.9,88.4,17.0,0.6251,0.5787,0.6759,4.3352,0.3979,0.597,0.5251,-0.0712,0.7559,0.6467,0.6823,7.1935,0.4883,0.7187,0.6391,0.1799,0.6905,0.6127,0.6791,5.7644,0.4431,0.6578,0.5821,0.0543,116.82,2687.36,0.3209,0.6516
2024-08-07,FARM0200,C,-7.612317,112.092603,256,4,52,9033,332.01,2.9,39.34,21.9,0.2,89.8,15.0,0.7295,0.6723,0.6532,6.393,0.4989,0.7728,0.6321,0.1223,0.6478,0.6012,0.6603,4.6791,0.3843,0.5507,0.5273,-0.0332,0.6887,0.6368,0.6568,5.5361,0.4416,0.6618,0.5797,0.0446,112.91,1966.62,0.3431999999999999,0.66275
2020-12-26,FARM0201,C,-7.61937,112.09908,527,1,48,10474,332.65,3.43,57.34,24.8,6.2,74.3,13.0,0.6405,0.6551,0.6756,4.5637,0.4106,0.6322,0.5398,-0.0456,0.6972,0.6721,0.6434,5.6041,0.4138,0.6799,0.5676,0.057,0.6688,0.6636,0.6595,5.0839,0.4122,0.656,0.5537,0.0057,115.78,1842.64,0.3405,0.6661999999999999
2022-01-20,FARM0201,C,-7.61937,112.09908,527,2,48,9663,325.28,2.81,33.32,27.2,28.4,74.2,16.4,0.699,0.6955,0.716,5.6435,0.4972,0.6941,0.6157,0.0605,0.6963,0.6563,0.6558,5.5864,0.4437,0.6368,0.5853,0.0554,0.6976,0.6759,0.6859,5.6149,0.4704,0.6655,0.6005,0.0579,113.07,2018.24,0.3141,0.68675
2023-02-14,FARM0201,C,-7.61937,112.09908,527,3,48,9387,309.08,3.07,27.24,29.4,50.0,86.0,14.2,0.6923,0.6882,0.7155,5.5004,0.4933,0.685,0.6103,0.0477,0.7284,0.642,0.6792,6.3634,0.4864,0.6976,0.6248,0.12,0.7104,0.6651,0.6973,5.9319,0.4899,0.6913,0.6175,0.0838,116.26,2528.4,0.3027,0.6877500000000001
2024-03-10,FARM0201,C,-7.61937,112.09908,527,4,48,10316,277.17,3.03,24.13,30.4,6.6,82.9,14.8,0.6933,0.6646,0.6633,5.5217,0.4603,0.6544,0.5932,0.0496,0.7043,0.6358,0.6774,5.7628,0.4298,0.6902,0.5806,0.0709,0.6988,0.6502,0.6703,5.6422,0.445,0.6723,0.5869,0.0602,112.91,2520.16,0.3297,0.6745
2021-02-24,FARM0202,C,-7.586458,112.119574,232,1,56,9809,339.66,2.96,21.75,31.0,0.4,85.7,16.0,0.6897,0.5886,0.6872,5.4451,0.4404,0.6757,0.5802,0.0426,0.7509,0.6942,0.6888,7.0303,0.4655,0.777,0.6235,0.1688,0.7203,0.6414,0.688,6.2377,0.453,0.7264,0.6019,0.1057,116.84,2656.7,0.3120000000000001,0.68085
2022-03-21,FARM0202,C,-7.586458,112.119574,232,2,48,10463,297.94,2.69,25.13,31.6,17.9,77.3,15.5,0.6912,0.5958,0.6736,5.4761,0.4192,0.6904,0.5683,0.0454,0.7084,0.6665,0.6845,5.8585,0.4428,0.6401,0.5904,0.0791,0.6998,0.6311,0.6791,5.6673,0.431,0.6652,0.5793,0.0623,113.86,2442.68,0.3209,0.66545
2023-04-15,FARM0202,C,-7.586458,112.119574,232,3,48,10167,311.5,2.53,15.4,32.6,0.1,91.5,15.8,0.6828,0.6494,0.6375,5.3053,0.4475,0.6599,0.581,0.0296,0.74,0.6926,0.6645,6.6909,0.422,0.6718,0.5914,0.1446,0.7114,0.671,0.651,5.9981,0.4347,0.6658,0.5862,0.0871,112.85,2982.9,0.349,0.6912
2024-07-08,FARM0202,C,-7.586458,112.119574,232,4,56,10442,298.89,1.92,13.41,26.7,1.0,92.8,14.0,0.6745,0.6067,0.6931,5.1436,0.4444,0.6143,0.5752,0.0142,0.7,0.7053,0.686,5.6675,0.4422,0.6676,0.5861,0.0626,0.6872,0.656,0.6895,5.4056,0.4433,0.6409,0.5806,0.0384,116.51,2477.76,0.3105,0.6716
2020-12-26,FARM0203,C,-7.611112,112.087801,691,1,48,10615,325.0,3.03,27.54,29.2,45.0,80.8,15.6,0.7209,0.6841,0.6804,6.1653,0.4506,0.6886,0.6008,0.1044,0.7667,0.6365,0.7017,7.5716,0.4951,0.7525,0.6482,0.2046,0.7438,0.6603,0.691,6.8685,0.4728,0.7206,0.6245,0.1545,113.89,2359.36,0.3090000000000001,0.7020500000000001
2022-01-20,FARM0203,C,-7.611112,112.087801,691,2,48,9885,322.88,2.79,30.93,29.4,16.3,91.4,15.5,0.6866,0.6122,0.6266,5.3825,0.4271,0.6772,0.571,0.0368,0.6434,0.6871,0.6381,4.6089,0.39,0.6,0.5289,-0.0407,0.665,0.6496,0.6323,4.9957,0.4085,0.6386,0.5499,-0.0019,115.74,2687.16,0.3677,0.6573
2023-02-14,FARM0203,C,-7.611112,112.087801,691,3,48,9325,281.35,2.37,16.12,32.2,20.6,79.4,14.0,0.659,0.6302,0.6455,4.8651,0.4324,0.6061,0.561,-0.0137,0.6642,0.6372,0.6172,4.9555,0.3875,0.6022,0.5365,-0.0045,0.6616,0.6337,0.6313,4.9103,0.4099,0.6042,0.5487,-0.0091,113.39,2556.68,0.3687,0.6476500000000001
2024-03-10,FARM0203,C,-7.611112,112.087801,691,4,48,9429,287.59,2.75,15.6,33.5,42.3,73.0,15.8,0.7381,0.6614,0.6788,6.6371,0.4983,0.7234,0.6361,0.1407,0.7674,0.6431,0.6991,7.5981,0.4904,0.7976,0.6458,0.2062,0.7528,0.6522,0.6889,7.1176,0.4944,0.7605,0.6409,0.1735,115.88,2445.5,0.3111,0.7025
2020-12-26,FARM0204,C,-7.619998,112.117272,717,1,48,9793,363.86,2.9,32.28,27.4,21.0,92.2,14.7,0.7477,0.6245,0.6987,6.9276,0.5018,0.7955,0.6427,0.1616,0.747,0.6144,0.6634,6.9045,0.4227,0.6615,0.5948,0.16,0.7473,0.6194,0.6811,6.916,0.4622,0.7285,0.6188,0.1608,113.92,2526.28,0.3189,0.6833499999999999
2022-03-21,FARM0204,C,-7.619998,112.117272,717,2,56,9867,369.76,2.73,28.48,32.9,50.0,90.8,16.1,0.7141,0.6021,0.68,5.9961,0.448,0.6747,0.5961,0.0906,0.7104,0.6577,0.6794,5.9051,0.4352,0.7002,0.5867,0.083,0.7122,0.6299,0.6797,5.9506,0.4416,0.6875,0.5914,0.0868,116.3,2987.32,0.3203,0.67105
2023-06-14,FARM0204,C,-7.619998,112.117272,717,3,56,10262,351.36,2.72,23.21,28.6,4.2,86.8,13.0,0.7109,0.6601,0.7102,5.919,0.4904,0.7678,0.6183,0.0842,0.7135,0.6499,0.6952,5.9808,0.4632,0.6732,0.6046,0.0893,0.7122,0.655,0.7027,5.9499,0.4768,0.7205,0.6114,0.0867,113.73,2482.48,0.2973,0.6836
2024-08-07,FARM0204,C,-7.619998,112.117272,717,4,52,10249,308.51,2.98,23.05,24.9,14.7,92.5,13.5,0.6793,0.673,0.7089,5.2369,0.475,0.6838,0.5941,0.0231,0.667,0.6668,0.6682,5.0053,0.4023,0.5818,0.547,0.0005,0.6731,0.6699,0.6886,5.1211,0.4387,0.6328,0.5706,0.0118,116.01,2303.25,0.3114,0.6715
2020-12-26,FARM0205,C,-7.601651,112.097735,661,1,48,10382,329.13,3.25,45.8,26.0,38.4,77.0,13.0,0.7303,0.6733,0.6668,6.4162,0.504,0.75,0.6353,0.1241,0.6588,0.6351,0.6742,4.8612,0.4081,0.59,0.5468,-0.0141,0.6945,0.6542,0.6705,5.6387,0.4561,0.67,0.591,0.055,114.76,2002.0,0.3295,0.67435
2022-01-20,FARM0205,C,-7.601651,112.097735,661,2,48,9302,334.69,3.31,46.86,30.9,38.0,89.0,13.9,0.7114,0.654,0.6996,5.931,0.4705,0.6804,0.6077,0.0852,0.6847,0.6636,0.6996,5.3423,0.4599,0.6426,0.5887,0.0331,0.6981,0.6588,0.6996,5.6367,0.4652,0.6615,0.5982,0.0591,115.5,2750.1,0.3004,0.67845
2023-03-16,FARM0205,C,-7.601651,112.097735,661,3,52,9483,330.48,2.62,24.34,29.4,16.0,76.2,13.7,0.7,0.666,0.6289,5.6676,0.4559,0.657,0.594,0.0626,0.7088,0.6567,0.6628,5.8688,0.4091,0.6808,0.5697,0.0799,0.7044,0.6614,0.6458,5.7682,0.4325,0.6689,0.5819,0.0713,114.62,2240.28,0.3542,0.6829000000000001
2024-06-08,FARM0205,C,-7.601651,112.097735,661,4,56,9865,312.27,2.53,24.84,32.2,0.7,92.9,14.6,0.6997,0.6595,0.7069,5.6593,0.4794,0.7187,0.6068,0.0618,0.6923,0.6325,0.6202,5.5006,0.4031,0.5982,0.5587,0.0477,0.696,0.646,0.6635,5.5799,0.4412,0.6584,0.5827,0.0548,113.75,2991.380000000001,0.3365,0.671
2020-12-26,FARM0206,C,-7.603631,112.086197,220,1,48,10731,326.32,3.01,21.58,27.0,8.1,87.8,16.5,0.7007,0.6468,0.669,5.6813,0.4508,0.7307,0.5914,0.0638,0.7341,0.6715,0.6693,6.5215,0.4274,0.6637,0.5924,0.1321,0.7174,0.6591,0.6692,6.1014,0.4391,0.6972,0.5919,0.0979,114.48,2370.6,0.3308,0.68825
2022-01-20,FARM0206,C,-7.603631,112.086197,220,2,48,9458,300.8,2.37,19.78,27.9,16.8,83.5,14.9,0.7272,0.6135,0.6222,6.3319,0.4559,0.7694,0.6069,0.1175,0.6598,0.6064,0.6586,4.8783,0.3863,0.6149,0.5338,-0.0123,0.6935,0.6099,0.6404,5.6051,0.4211,0.6921,0.5703,0.0526,116.11,2329.65,0.3596,0.6517
2023-02-14,FARM0206,C,-7.603631,112.086197,220,3,48,8810,308.95,2.9,23.71,29.1,43.9,76.0,15.5,0.6744,0.6395,0.6727,5.1427,0.4825,0.6406,0.5955,0.0141,0.6521,0.6219,0.6709,4.7491,0.4008,0.5991,0.5394,-0.0257,0.6633,0.6307,0.6718,4.9459,0.4416,0.6198,0.5674,-0.0058,116.66,2211.6,0.3282,0.647
2024-03-10,FARM0206,C,-7.603631,112.086197,220,4,48,9932,282.79,2.93,15.7,31.8,14.9,92.5,16.9,0.6732,0.5933,0.6441,5.12,0.4183,0.6149,0.5595,0.0119,0.7095,0.6927,0.6709,5.8846,0.4714,0.7189,0.6072,0.0813,0.6913,0.643,0.6575,5.5023,0.4448,0.6669,0.5834,0.0466,115.99,2941.5,0.3425,0.66715
2020-12-26,FARM0207,C,-7.605453,112.111676,368,1,48,10197,350.65,3.04,46.09,26.5,2.4,89.8,15.0,0.7214,0.6618,0.6529,6.178,0.4381,0.7369,0.5935,0.1054,0.6562,0.6634,0.6669,4.8171,0.3965,0.6025,0.5386,-0.0186,0.6888,0.6626,0.6599,5.4975,0.4173,0.6697,0.566,0.0434,114.3,2379.7,0.3401,0.6757
2022-03-21,FARM0207,C,-7.605453,112.111676,368,2,56,9813,317.79,3.0,24.4,31.9,11.2,89.2,14.2,0.7354,0.6597,0.6775,6.5579,0.4603,0.7653,0.6132,0.1348,0.7349,0.6457,0.6368,6.5445,0.4136,0.7041,0.5837,0.1338,0.7351,0.6527,0.6571,6.5512,0.4369,0.7347,0.5985,0.1343,112.77,2845.48,0.3429,0.6939
2023-04-15,FARM0207,C,-7.605453,112.111676,368,3,48,9402,316.28,2.6,18.93,31.7,4.1,78.7,15.4,0.6636,0.684,0.6903,4.9455,0.4354,0.6693,0.5649,-0.0055,0.6543,0.5979,0.6272,4.7851,0.3922,0.5458,0.5351,-0.022,0.6589,0.6409,0.6587,4.8653,0.4138,0.6075,0.55,-0.0137,113.02,2494.79,0.3413,0.6499
2024-06-08,FARM0207,C,-7.605453,112.111676,368,4,52,9069,291.12,2.52,22.27,26.8,2.6,82.7,14.2,0.737,0.6878,0.7155,6.605,0.5117,0.7425,0.6427,0.1383,0.6831,0.6237,0.6755,5.3108,0.4192,0.6481,0.5646,0.0301,0.71,0.6558,0.6955,5.9579,0.4655,0.6953,0.6036,0.0842,112.86,2216.36,0.3045,0.6829000000000001
2021-01-25,FARM0208,C,-7.581013,112.080573,274,1,52,9222,345.33,3.23,42.57,27.7,5.4,74.3,13.6,0.7123,0.6496,0.6174,5.9527,0.4365,0.7299,0.5884,0.087,0.7478,0.6806,0.6777,6.9298,0.4455,0.7397,0.6099,0.1618,0.7301,0.6651,0.6476,6.4413,0.441,0.7348,0.5991,0.1244,116.85,2058.11,0.3524,0.6976
2022-03-21,FARM0208,C,-7.581013,112.080573,274,2,52,9089,336.59,3.13,32.93,30.0,0.4,74.0,15.4,0.7021,0.6716,0.7021,5.7148,0.4714,0.7029,0.6037,0.0667,0.7113,0.679,0.6541,5.928,0.4006,0.6827,0.5652,0.0849,0.7067,0.6753,0.6781,5.8214,0.436,0.6928,0.5844,0.0758,117.28,2220.0,0.3219,0.6910000000000001
2023-04-15,FARM0208,C,-7.581013,112.080573,274,3,48,9389,334.49,2.88,30.32,33.1,1.0,88.4,13.9,0.6792,0.6791,0.6919,5.2335,0.4846,0.6642,0.599,0.0228,0.7395,0.6734,0.6605,6.6775,0.4158,0.6921,0.5871,0.1437,0.7093,0.6762,0.6762,5.9555,0.4502,0.6781,0.5931,0.0832,112.77,2926.04,0.3238,0.69275
2024-05-09,FARM0208,C,-7.581013,112.080573,274,4,48,9652,337.11,2.41,21.56,34.3,7.4,82.7,15.7,0.7029,0.7046,0.7107,5.7328,0.4881,0.7057,0.613,0.0683,0.7003,0.6192,0.6775,5.6722,0.4543,0.6707,0.5932,0.063,0.7016,0.6619,0.6941,5.7025,0.4712,0.6882,0.6031,0.0656,113.93,2836.61,0.3058999999999999,0.6817500000000001
2021-02-24,FARM0209,C,-7.606399,112.116681,749,1,56,9234,387.47,3.61,39.67,33.9,8.7,85.4,15.7,0.7415,0.6796,0.7094,6.7366,0.5009,0.7653,0.6391,0.148,0.6966,0.6824,0.7051,5.5929,0.4749,0.698,0.6028,0.056,0.7191,0.681,0.7073,6.1647,0.4879,0.7317,0.621,0.102,116.25,2895.06,0.2927,0.7000500000000001
2022-04-20,FARM0209,C,-7.606399,112.116681,749,2,52,9411,312.24,2.91,20.19,33.8,0.8,84.7,16.8,0.6908,0.6304,0.6794,5.4673,0.4666,0.6674,0.5954,0.0446,0.7806,0.6416,0.7022,8.1155,0.5012,0.7617,0.6583,0.2375,0.7357,0.636,0.6908,6.7914,0.4839,0.7145,0.6268,0.1411,116.62,2862.86,0.3092,0.6858500000000001
2023-05-15,FARM0209,C,-7.606399,112.116681,749,3,48,9947,363.85,2.77,25.4,31.2,6.6,87.9,13.1,0.7093,0.6578,0.7028,5.8794,0.4756,0.7437,0.6094,0.0808,0.7046,0.6706,0.7009,5.7715,0.47,0.6954,0.6041,0.0716,0.707,0.6642,0.7018,5.8254,0.4728,0.7195,0.6068,0.0762,117.23,2742.48,0.2982,0.6856
2024-08-07,FARM0209,C,-7.606399,112.116681,749,4,56,9387,293.91,3.1,37.39,26.1,1.5,81.8,14.1,0.675,0.682,0.6733,5.1539,0.4452,0.6194,0.5759,0.0152,0.7167,0.7031,0.6881,6.0609,0.4659,0.6798,0.6077,0.0959,0.6959,0.6926,0.6807,5.6074,0.4555,0.6496,0.5918,0.0555,115.85,2134.98,0.3193,0.69425
2020-12-26,FARM0210,C,-7.615605,112.118766,225,1,48,9847,361.31,3.42,55.27,28.4,29.0,73.0,15.0,0.6454,0.6682,0.6843,4.6395,0.4185,0.616,0.5466,-0.0374,0.6547,0.6762,0.6751,4.7913,0.408,0.5544,0.5449,-0.0213,0.65,0.6722,0.6797,4.7154,0.4133,0.5852,0.5457,-0.0294,114.21,2073.2,0.3203,0.6611
2022-01-20,FARM0210,C,-7.615605,112.118766,225,2,48,9400,309.76,2.87,19.31,32.0,5.2,86.9,14.2,0.6969,0.6617,0.6929,5.5985,0.4618,0.709,0.5958,0.0565,0.6585,0.6124,0.6523,4.856,0.4215,0.6304,0.5546,-0.0146,0.6777,0.6371,0.6726,5.2272,0.4416,0.6697,0.5752,0.0209,113.87,2780.8,0.3274,0.6574
2023-04-15,FARM0210,C,-7.615605,112.118766,225,3,56,10419,274.0,2.39,17.19,33.5,7.4,77.3,16.0,0.7464,0.6801,0.6783,6.8862,0.5113,0.8376,0.6472,0.1587,0.6919,0.6544,0.6712,5.4913,0.4157,0.6286,0.5664,0.0468,0.7191,0.6673,0.6747,6.1887,0.4635,0.7331,0.6068,0.1028,116.28,2589.55,0.3253,0.6932
2024-05-09,FARM0210,C,-7.615605,112.118766,225,4,48,9978,288.51,2.65,21.57,31.7,12.0,88.5,13.5,0.7089,0.6221,0.6996,5.8705,0.4694,0.6672,0.6059,0.0801,0.7425,0.6591,0.6731,6.766,0.4362,0.7201,0.6016,0.1501,0.7257,0.6406,0.6864,6.3182,0.4528,0.6936,0.6038,0.1151,115.37,2805.45,0.3136,0.6831499999999999
2021-01-25,FARM0211,C,-7.596288,112.103484,275,1,52,9388,355.71,2.53,16.44,27.0,43.9,92.6,13.6,0.74,0.6081,0.6841,6.6916,0.4589,0.727,0.6145,0.1447,0.6614,0.6264,0.6427,4.907,0.3853,0.5974,0.5339,-0.0094,0.7007,0.6173,0.6634,5.7993,0.4221,0.6622,0.5742,0.0677,115.69,2500.2,0.3366,0.659
2022-04-20,FARM0211,C,-7.596288,112.103484,275,2,56,9021,358.56,3.14,29.78,30.2,1.1,90.8,16.9,0.7466,0.6328,0.7163,6.8942,0.5171,0.7497,0.6504,0.1593,0.7203,0.6191,0.6896,6.1511,0.4559,0.6702,0.6036,0.1032,0.7335,0.6259,0.7029,6.5227,0.4865,0.71,0.627,0.1312,113.05,2742.16,0.2971,0.6797
2023-05-15,FARM0211,C,-7.596288,112.103484,275,3,48,9731,324.63,2.68,22.62,28.8,0.1,83.0,16.1,0.6673,0.5955,0.6882,5.0106,0.4333,0.633,0.5655,0.0011,0.7309,0.6864,0.7023,6.4324,0.4829,0.6996,0.6241,0.1253,0.6991,0.6409,0.6952,5.7215,0.4581,0.6663,0.5948,0.0632,114.19,2390.4,0.3048,0.67
2024-06-08,FARM0211,C,-7.596288,112.103484,275,4,48,9799,263.82,2.65,14.85,29.1,0.4,74.8,16.1,0.6585,0.6373,0.6315,4.8564,0.4409,0.6382,0.5654,-0.0146,0.6881,0.6864,0.6647,5.4127,0.4047,0.6073,0.5579,0.0396,0.6733,0.6618,0.6481,5.1346,0.4228,0.6228,0.5617,0.0125,113.56,2176.68,0.3519,0.6675500000000001
2020-12-26,FARM0212,C,-7.582608,112.104427,626,1,48,10574,360.02,3.18,43.19,29.2,5.5,87.8,16.1,0.7044,0.6263,0.6628,5.765,0.4544,0.6582,0.5952,0.0711,0.7237,0.612,0.6081,6.2389,0.4067,0.6245,0.5744,0.1102,0.714,0.6192,0.6354,6.002,0.4305,0.6414,0.5848,0.0907,116.47,2563.76,0.3646,0.6666
2022-02-19,FARM0212,C,-7.582608,112.104427,626,2,52,10372,327.52,2.58,21.37,31.9,8.6,88.5,15.6,0.7228,0.6199,0.6843,6.2146,0.4476,0.7118,0.5999,0.1083,0.7238,0.6892,0.6642,6.2424,0.4305,0.6802,0.5899,0.1105,0.7233,0.6546,0.6742,6.2285,0.4391,0.696,0.5949,0.1094,115.35,2823.15,0.3258,0.68895
2023-04-15,FARM0212,C,-7.582608,112.104427,626,3,52,9930,289.25,2.84,26.95,33.5,5.0,92.9,15.8,0.7038,0.6223,0.6696,5.7527,0.4781,0.7551,0.6081,0.07,0.7619,0.6394,0.6769,7.3984,0.4681,0.7695,0.6301,0.1934,0.7328,0.6308,0.6732,6.5755,0.4731,0.7623,0.6191,0.1317,114.06,3112.15,0.3268,0.6818
2024-06-08,FARM0212,C,-7.582608,112.104427,626,4,52,9112,285.64,2.27,15.97,32.2,1.0,89.2,14.4,0.6866,0.7071,0.7143,5.3816,0.4885,0.6776,0.6049,0.0368,0.732,0.6527,0.6504,6.4635,0.4721,0.719,0.6185,0.1277,0.7093,0.6799,0.6824,5.9225,0.4803,0.6983,0.6117,0.0822,117.01,2872.24,0.3176,0.6946
2021-02-24,FARM0213,C,-7.602892,112.108943,318,1,56,9648,322.09,2.89,27.07,34.2,18.8,90.6,13.5,0.7487,0.6705,0.7076,6.9573,0.505,0.7649,0.6449,0.1637,0.6847,0.6594,0.6722,5.3423,0.4147,0.6522,0.5626,0.0331,0.7167,0.665,0.6899,6.1498,0.4598,0.7086,0.6037,0.0984,116.6,3098.52,0.3101,0.69085
2022-03-21,FARM0213,C,-7.602892,112.108943,318,2,48,9329,327.14,2.53,17.8,31.2,7.5,92.2,15.4,0.756,0.6991,0.7006,7.196,0.5069,0.833,0.6496,0.1801,0.7055,0.6347,0.6662,5.7906,0.4129,0.6763,0.5707,0.0733,0.7307,0.6669,0.6834,6.4933,0.4599,0.7546,0.6101,0.1267,115.44,2876.64,0.3166,0.6988000000000001
2023-05-15,FARM0213,C,-7.602892,112.108943,318,3,52,10333,342.21,2.44,27.75,28.7,0.4,88.9,14.0,0.6861,0.5905,0.6563,5.3707,0.4198,0.6215,0.5663,0.0357,0.7318,0.644,0.6295,6.4574,0.406,0.6312,0.5773,0.1272,0.7089,0.6173,0.6429,5.9141,0.4129,0.6264,0.5718,0.0815,113.82,2551.43,0.3571,0.6631
2024-08-07,FARM0213,C,-7.602892,112.108943,318,4,56,9227,261.69,2.49,11.84,27.1,18.5,83.5,14.2,0.7443,0.6851,0.7098,6.8202,0.5027,0.8078,0.6415,0.154,0.6778,0.6148,0.6668,5.2075,0.4041,0.5779,0.553,0.0203,0.711,0.6499,0.6883,6.0138,0.4534,0.6929,0.5972,0.0872,99.49,2262.85,0.3117,0.68045
2020-12-26,FARM0214,C,-7.604806,112.110538,688,1,48,11262,338.82,2.62,22.02,24.2,6.9,85.5,13.5,0.641,0.6281,0.6293,4.5708,0.404,0.6202,0.5361,-0.0448,0.7757,0.7077,0.7012,7.915,0.4974,0.7609,0.6538,0.2257,0.7083,0.6679,0.6653,6.2429,0.4507,0.6906,0.5949,0.0904,117.08,2069.1,0.3347,0.6881
2022-02-19,FARM0214,C,-7.604806,112.110538,688,2,52,10755,303.17,2.83,26.5,28.4,42.4,80.1,13.5,0.659,0.5918,0.6158,4.8658,0.4177,0.631,0.5526,-0.0136,0.7783,0.6571,0.6989,8.0193,0.4939,0.7632,0.6529,0.2319,0.7186,0.6244,0.6574,6.4425,0.4558,0.6971,0.6028,0.1092,113.13,2274.84,0.3426,0.6715
2023-05-15,FARM0214,C,-7.604806,112.110538,688,3,56,10195,304.48,2.76,15.5,32.9,1.0,78.3,13.4,0.6987,0.6637,0.6521,5.6384,0.4635,0.6621,0.5976,0.06,0.722,0.701,0.6734,6.1954,0.476,0.6627,0.6159,0.1068,0.7104,0.6824,0.6627,5.9169,0.4698,0.6624,0.6068,0.0834,114.8,2576.07,0.3373,0.6964
2024-07-08,FARM0214,C,-7.604806,112.110538,688,4,52,9566,302.3,2.22,14.55,25.4,0.0,80.9,14.9,0.7521,0.6202,0.7077,7.068,0.5016,0.7619,0.6448,0.1714,0.6691,0.6076,0.658,5.0438,0.3887,0.6259,0.5394,0.0044,0.7106,0.6139,0.6829,6.0559,0.4452,0.6939,0.5921,0.0879,113.88,2054.86,0.3171,0.66225
2021-02-24,FARM0215,C,-7.590957,112.108272,388,1,56,9309,327.04,3.21,21.16,28.8,7.5,88.9,14.4,0.6434,0.6843,0.6886,4.609,0.4247,0.6242,0.5491,-0.0407,0.7403,0.6584,0.6664,6.7,0.4887,0.689,0.6318,0.1453,0.6918,0.6713,0.6775,5.6545,0.4567,0.6566,0.5905,0.0523,113.34,2560.32,0.3225,0.68155
2022-05-20,FARM0215,C,-7.590957,112.108272,388,2,56,10261,319.56,2.6,18.28,33.4,2.2,87.2,14.8,0.6869,0.6451,0.6889,5.3869,0.4421,0.7122,0.5798,0.0372,0.7061,0.6742,0.6975,5.8042,0.4644,0.6694,0.6017,0.0744,0.6965,0.6597,0.6932,5.5956,0.4532,0.6908,0.5908,0.0558,113.19,2912.48,0.3068,0.6780999999999999
2023-08-13,FARM0215,C,-7.590957,112.108272,388,3,56,8686,322.76,3.01,25.6,23.4,0.2,75.1,13.6,0.7111,0.6113,0.6722,5.9235,0.4241,0.7224,0.5802,0.0845,0.6622,0.6877,0.6599,4.9212,0.3889,0.6009,0.5365,-0.0079,0.6867,0.6495,0.6661,5.4223,0.4065,0.6616,0.5584,0.0383,113.84,1757.34,0.3339,0.6680999999999999
2024-10-06,FARM0215,C,-7.590957,112.108272,388,4,52,9800,281.18,2.56,12.93,24.3,2.3,87.0,13.7,0.6939,0.6303,0.6417,5.5341,0.4705,0.6702,0.5991,0.0507,0.6924,0.6723,0.7042,5.5014,0.4714,0.6511,0.5988,0.0477,0.6931,0.6513,0.673,5.5177,0.4709,0.6607,0.5989,0.0492,111.46,2114.1,0.327,0.6722
2021-01-25,FARM0216,C,-7.581929,112.080748,242,1,52,9819,342.06,2.58,20.54,26.7,2.8,86.2,16.9,0.6821,0.6587,0.678,5.292,0.4227,0.6733,0.5663,0.0284,0.7324,0.6361,0.6689,6.4733,0.4261,0.7224,0.5908,0.1284,0.7073,0.6474,0.6734,5.8826,0.4244,0.6979,0.5786,0.0784,116.37,2301.54,0.3266,0.67735
2022-02-19,FARM0216,C,-7.581929,112.080748,242,2,48,8970,285.71,2.88,23.81,29.7,45.2,84.6,13.5,0.6504,0.6533,0.6955,4.7204,0.4388,0.6471,0.5603,-0.0288,0.6762,0.6179,0.6861,5.1766,0.4333,0.6189,0.5698,0.0174,0.6633,0.6356,0.6908,4.9485,0.4361,0.633,0.565,-0.0057,112.71,2512.62,0.3092,0.6494500000000001
2023-04-15,FARM0216,C,-7.581929,112.080748,242,3,52,9583,273.14,2.49,19.22,32.2,4.1,74.1,15.9,0.7173,0.6603,0.6565,6.0738,0.4344,0.7491,0.5893,0.097,0.7108,0.6857,0.6902,5.9157,0.4533,0.6831,0.5977,0.0839,0.714,0.673,0.6733,5.9947,0.4438,0.7161,0.5935,0.0904,113.3,2386.02,0.3267,0.6935
2024-06-08,FARM0216,C,-7.581929,112.080748,242,4,52,9493,310.77,2.46,18.87,32.2,12.2,81.2,16.3,0.6977,0.6933,0.642,5.6169,0.4639,0.6973,0.5973,0.0581,0.6923,0.7054,0.6961,5.5002,0.4566,0.6391,0.5907,0.0476,0.695,0.6994,0.669,5.5585,0.4602,0.6682,0.594,0.0529,114.15,2614.64,0.331,0.6972
2021-01-25,FARM0217,D,-7.646818,112.144591,322,1,52,8971,293.87,3.05,28.98,29.9,25.1,83.7,13.1,0.6312,0.6416,0.6442,4.4228,0.3576,0.5999,0.5029,-0.0613,0.736,0.6357,0.6673,6.5755,0.4249,0.6476,0.5916,0.1361,0.6836,0.6387,0.6557,5.4991,0.3912,0.6237,0.5473,0.0374,116.6,2502.63,0.3443000000000001,0.66115
2022-04-20,FARM0217,D,-7.646818,112.144591,322,2,56,9632,361.42,2.73,21.02,32.4,1.8,93.5,16.3,0.711,0.6453,0.6867,5.9193,0.4475,0.6921,0.5943,0.0842,0.6706,0.6036,0.6342,5.0709,0.3586,0.5763,0.5198,0.007,0.6908,0.6245,0.6605,5.4951,0.4031,0.6342,0.5571,0.0456,115.08,3029.4,0.3395,0.6576500000000001
2023-07-14,FARM0217,D,-7.646818,112.144591,322,3,56,9551,323.88,2.27,13.62,25.4,7.3,95.0,16.8,0.6649,0.6272,0.6716,4.9675,0.4065,0.5866,0.5486,-0.0033,0.6656,0.604,0.6716,4.9813,0.4069,0.5618,0.5492,-0.0019,0.6652,0.6156,0.6716,4.9744,0.4067,0.5742,0.5489,-0.0026,116.84,2413.0,0.3284,0.6404000000000001
2024-09-06,FARM0217,D,-7.646818,112.144591,322,4,52,8522,290.11,2.22,9.74,24.2,10.5,95.0,16.4,0.6821,0.6376,0.6902,5.2918,0.4424,0.6515,0.5778,0.0284,0.7224,0.5559,0.6352,6.2036,0.376,0.5945,0.5526,0.1074,0.7022,0.5968,0.6627,5.7477,0.4092,0.623,0.5652,0.0679,85.78,2299.0,0.3373,0.6495
2021-02-24,FARM0218,D,-7.65686,112.157913,239,1,56,10610,358.31,2.39,19.12,32.3,18.3,88.3,16.8,0.6188,0.5595,0.6622,4.2459,0.3761,0.5349,0.5093,-0.0816,0.6441,0.6511,0.6572,4.6197,0.3788,0.5803,0.5222,-0.0395,0.6314,0.6053,0.6597,4.4328,0.3775,0.5576,0.5157,-0.0605,113.46,2852.09,0.3403,0.61835
2022-03-21,FARM0218,D,-7.65686,112.157913,239,2,48,10580,345.02,2.22,11.92,29.7,50.0,80.1,15.1,0.6602,0.5901,0.6741,4.8851,0.4085,0.6391,0.5477,-0.0116,0.6537,0.6238,0.6511,4.7753,0.3741,0.5336,0.5233,-0.023,0.6569,0.6069,0.6626,4.8302,0.3913,0.5863,0.5355,-0.0173,116.79,2378.97,0.3374,0.6319
2023-06-14,FARM0218,D,-7.65686,112.157913,239,3,56,10528,349.3,2.28,25.21,27.9,4.5,91.9,15.2,0.6376,0.5799,0.6802,4.5182,0.4092,0.6058,0.5375,-0.0506,0.7263,0.6041,0.6752,6.306,0.434,0.6418,0.5931,0.1155,0.6819,0.592,0.6777,5.4121,0.4216,0.6238,0.5653,0.0324,115.2,2564.01,0.3223,0.6369499999999999
2024-09-06,FARM0218,D,-7.65686,112.157913,239,4,56,9988,293.32,2.32,14.94,20.0,3.1,80.4,15.4,0.7435,0.6297,0.6952,6.7973,0.4744,0.7918,0.6253,0.1524,0.7084,0.6356,0.6411,5.8582,0.3792,0.5922,0.5494,0.079,0.7259,0.6326,0.6682,6.3277,0.4268,0.692,0.5874,0.1157,114.4,1608.0,0.3318,0.67925
2020-12-26,FARM0219,D,-7.637709,112.162038,414,1,48,9977,353.32,2.95,26.46,27.8,50.0,79.3,14.5,0.6509,0.5898,0.6585,4.7286,0.383,0.6374,0.5278,-0.0279,0.6972,0.6699,0.6582,5.6039,0.3986,0.6089,0.5579,0.057,0.674,0.6299,0.6584,5.1663,0.3908,0.6232,0.5428,0.0145,114.06,2204.54,0.3416,0.65195
2022-02-19,FARM0219,D,-7.637709,112.162038,414,2,52,9458,325.29,2.84,30.99,28.4,0.6,83.3,13.7,0.6662,0.5914,0.645,4.9908,0.3706,0.626,0.5262,-0.0009,0.7003,0.563,0.636,5.6731,0.3702,0.5863,0.5399,0.0631,0.6832,0.5772,0.6405,5.332,0.3704,0.6061,0.533,0.0311,114.76,2365.72,0.3595,0.6302000000000001
2023-04-15,FARM0219,D,-7.637709,112.162038,414,3,52,8934,299.86,2.53,19.51,33.5,19.0,90.9,13.1,0.6118,0.5588,0.6495,4.1514,0.3572,0.5714,0.4944,-0.0927,0.6674,0.6394,0.6755,5.0136,0.4134,0.6233,0.554,0.0014,0.6396,0.5991,0.6625,4.5825,0.3853,0.5974,0.5242,-0.0457,113.45,3045.15,0.3375,0.61935
2024-07-08,FARM0219,D,-7.637709,112.162038,414,4,56,8689,296.19,2.6,21.54,24.8,6.7,81.1,16.6,0.6235,0.5939,0.6686,4.3118,0.3868,0.5366,0.5178,-0.0739,0.6726,0.66,0.6779,5.1078,0.419,0.6474,0.5597,0.0107,0.648,0.627,0.6733,4.7098,0.4029,0.592,0.5388,-0.0316,114.43,2011.28,0.3267,0.6375
2021-02-24,FARM0220,D,-7.640011,112.139316,411,1,56,9378,399.31,2.95,24.76,27.4,38.0,86.4,13.8,0.6244,0.602,0.6745,4.3252,0.3955,0.5675,0.5235,-0.0724,0.6532,0.6738,0.6687,4.7672,0.3981,0.6052,0.5382,-0.0238,0.6388,0.6379,0.6716,4.5462,0.3968,0.5863,0.5308,-0.0481,116.96,2367.36,0.3284,0.63835
2022-03-21,FARM0220,D,-7.640011,112.139316,411,2,48,10086,327.85,2.38,19.62,32.1,50.0,94.7,13.9,0.7078,0.5917,0.6612,5.8435,0.4064,0.6438,0.5675,0.0778,0.724,0.6432,0.6768,6.2455,0.4357,0.6692,0.5932,0.1108,0.7159,0.6174,0.669,6.0445,0.4211,0.6565,0.5803,0.0943,114.37,3039.87,0.331,0.66665
2023-06-14,FARM0220,D,-7.640011,112.139316,411,3,56,9653,341.34,2.61,21.54,30.2,6.7,87.2,14.9,0.6464,0.6411,0.6804,4.6554,0.4128,0.6362,0.5438,-0.0357,0.6333,0.5823,0.657,4.4543,0.3746,0.5584,0.5148,-0.0577,0.6398,0.6117,0.6687,4.5548,0.3937,0.5973,0.5293,-0.0467,115.33,2633.44,0.3313,0.62575
2024-08-07,FARM0220,D,-7.640011,112.139316,411,4,52,9196,300.19,2.68,28.03,21.8,0.6,83.6,13.9,0.7325,0.6792,0.6846,6.477,0.4517,0.7539,0.6068,0.1287,0.6706,0.596,0.6502,5.0721,0.3788,0.5549,0.5336,0.0072,0.7016,0.6376,0.6674,5.7745,0.4152,0.6544,0.5702,0.0679,116.49,1822.48,0.3326,0.6696
2020-12-26,FARM0221,D,-7.655503,112.160521,218,1,48,10218,339.83,2.65,22.95,24.6,17.6,94.4,15.5,0.6744,0.6278,0.6615,5.1421,0.3954,0.6358,0.5459,0.014,0.6872,0.6797,0.6681,5.3929,0.4094,0.6049,0.5604,0.0378,0.6808,0.6537,0.6648,5.2675,0.4024,0.6203,0.5532,0.0259,115.03,2322.24,0.3352000000000001,0.6672499999999999
2022-03-21,FARM0221,D,-7.655503,112.160521,218,2,56,9458,337.04,2.61,27.72,33.2,43.7,79.7,16.3,0.6685,0.6095,0.6862,5.0336,0.4307,0.6803,0.5646,0.0034,0.6632,0.6524,0.6274,4.9383,0.3483,0.5438,0.5096,-0.0062,0.6659,0.631,0.6568,4.986,0.3895,0.612,0.5371,-0.0014,114.12,2646.04,0.3431999999999999,0.64845
2023-06-14,FARM0221,D,-7.655503,112.160521,218,3,56,10141,339.92,2.83,34.17,26.3,10.0,95.0,14.3,0.7171,0.6277,0.677,6.0691,0.4337,0.7567,0.5888,0.0966,0.6719,0.6056,0.6799,5.0962,0.4218,0.5851,0.561,0.0095,0.6945,0.6167,0.6785,5.5827,0.4277,0.6709,0.5749,0.0531,116.34,2498.5,0.3215,0.6556
2024-09-06,FARM0221,D,-7.655503,112.160521,218,4,56,8863,322.19,2.38,18.18,20.0,1.3,86.9,13.8,0.6831,0.6733,0.6775,5.3115,0.4223,0.6318,0.5665,0.0302,0.7057,0.5971,0.6465,5.7963,0.3854,0.6103,0.5527,0.0738,0.6944,0.6352,0.662,5.5539,0.4039,0.6211,0.5596,0.052,116.04,1738.0,0.338,0.6648000000000001
2021-02-24,FARM0222,D,-7.650763,112.152258,682,1,56,9387,372.04,3.11,34.86,29.0,50.0,80.7,15.9,0.712,0.598,0.6536,5.9442,0.397,0.6412,0.5631,0.0863,0.7058,0.6629,0.6366,5.7977,0.3727,0.6041,0.5438,0.0739,0.7089,0.6305,0.6451,5.8709,0.3848,0.6227,0.5534,0.0801,112.94,2340.3,0.3549,0.6697
2022-03-21,FARM0222,D,-7.650763,112.152258,682,2,48,8782,340.93,2.57,27.72,28.3,14.4,95.0,13.3,0.6546,0.6255,0.6762,4.7906,0.4096,0.5907,0.5458,-0.0214,0.6851,0.653,0.6277,5.3506,0.3555,0.607,0.5233,0.0339,0.6698,0.6392,0.6519,5.0706,0.3825,0.5988,0.5345,0.0062,115.61,2688.5,0.3481,0.6545
2023-06-14,FARM0222,D,-7.650763,112.152258,682,3,56,9452,293.21,2.01,14.78,27.2,3.3,91.5,15.9,0.6711,0.6417,0.6868,5.0809,0.4325,0.6819,0.5669,0.008,0.6865,0.5878,0.6508,5.3796,0.3848,0.601,0.5443,0.0366,0.6788,0.6148,0.6688,5.2302,0.4087,0.6415,0.5556,0.0223,115.1,2488.8,0.3312,0.6468
2024-08-07,FARM0222,D,-7.650763,112.152258,682,4,52,9697,324.29,2.45,18.09,25.3,3.8,81.7,13.1,0.7212,0.604,0.6688,6.1747,0.4222,0.7125,0.5835,0.1051,0.6821,0.5662,0.6357,5.2914,0.3641,0.5868,0.5283,0.0283,0.7017,0.5851,0.6522,5.7331,0.3932,0.6497,0.5559,0.0667,113.21,2067.01,0.3478,0.6434
2021-01-25,FARM0223,D,-7.637462,112.159748,577,1,52,10506,393.72,2.81,26.84,30.0,0.5,90.6,16.5,0.6931,0.5727,0.6562,5.5165,0.3944,0.6267,0.5534,0.0491,0.6903,0.5784,0.6478,5.4586,0.3821,0.6191,0.544,0.0438,0.6917,0.5755,0.652,5.4875,0.3883,0.6229,0.5487,0.0465,113.22,2718.0,0.348,0.6335999999999999
2022-02-19,FARM0223,D,-7.637462,112.159748,577,2,48,10281,348.84,2.39,12.41,29.7,50.0,87.5,14.4,0.6936,0.6591,0.6969,5.5273,0.4585,0.6721,0.5924,0.0501,0.6921,0.6535,0.6559,5.4963,0.3937,0.5892,0.5525,0.0473,0.6929,0.6563,0.6764,5.5118,0.4261,0.6306,0.5724,0.0487,115.04,2598.75,0.3236,0.6746
2023-03-16,FARM0223,D,-7.637462,112.159748,577,3,48,10250,292.01,2.8,19.27,33.0,15.8,84.4,15.0,0.6816,0.6826,0.6834,5.2824,0.4311,0.6183,0.571,0.0275,0.6451,0.6041,0.6491,4.6355,0.3686,0.5593,0.5161,-0.0378,0.6634,0.6434,0.6663,4.9589,0.3998,0.5888,0.5435,-0.0052,115.67,2785.2,0.3337,0.6534
2024-06-08,FARM0223,D,-7.637462,112.159748,577,4,56,9151,305.67,2.01,13.99,27.6,1.8,88.0,16.1,0.684,0.5927,0.6856,5.3284,0.4356,0.6384,0.5747,0.0318,0.6764,0.685,0.6618,5.1805,0.3965,0.6105,0.5476,0.0177,0.6802,0.6388,0.6737,5.2544,0.416,0.6245,0.5611,0.0248,116.14,2428.8,0.3263,0.6595
2020-12-26,FARM0224,D,-7.637676,112.152086,637,1,48,9560,363.13,2.74,23.8,24.5,30.5,91.5,15.4,0.6374,0.6048,0.6527,4.5163,0.3706,0.5358,0.514,-0.0508,0.7259,0.6088,0.682,6.2975,0.4449,0.65,0.5997,0.1149,0.6817,0.6068,0.6674,5.4069,0.4077,0.5929,0.5569,0.032,115.33,2241.75,0.3326,0.64425
2022-03-21,FARM0224,D,-7.637676,112.152086,637,2,56,8698,352.16,3.02,27.42,32.2,1.3,81.6,13.4,0.705,0.6588,0.6767,5.7797,0.4288,0.6923,0.5804,0.0723,0.6652,0.6628,0.6449,4.974,0.3701,0.6121,0.5255,-0.0026,0.6851,0.6608,0.6608,5.3768,0.3994,0.6522,0.553,0.0349,117.29,2627.52,0.3391999999999999,0.67295
2023-04-15,FARM0224,D,-7.637676,112.152086,637,3,48,9172,315.03,2.6,31.33,31.0,4.4,86.7,14.9,0.6339,0.6174,0.6793,4.4626,0.4062,0.6119,0.5341,-0.0568,0.7034,0.6131,0.6563,5.7436,0.398,0.6278,0.5601,0.0692,0.6686,0.6153,0.6678,5.1031,0.4021,0.6198,0.5471,0.0062,116.57,2687.7,0.3322000000000001,0.64195
2024-06-08,FARM0224,D,-7.637676,112.152086,637,4,52,9223,267.92,2.8,18.41,27.9,0.9,95.0,15.6,0.6468,0.6106,0.6908,4.6618,0.4296,0.6469,0.5535,-0.035,0.6646,0.6131,0.6621,4.9627,0.3928,0.5963,0.54,-0.0037,0.6557,0.6119,0.6765,4.8122,0.4112,0.6216,0.5468,-0.0194,114.34,2650.5,0.3235,0.6337999999999999
2020-12-26,FARM0225,D,-7.665997,112.14201,426,1,48,10212,374.62,3.35,33.35,22.8,6.7,87.0,13.7,0.6673,0.5518,0.6548,5.0118,0.3837,0.6369,0.5354,0.0012,0.6914,0.6583,0.6801,5.4804,0.4293,0.6333,0.5745,0.0458,0.6793,0.605,0.6674,5.2461,0.4065,0.6351,0.555,0.0235,115.13,1983.6,0.3326,0.64215
2022-02-19,FARM0225,D,-7.665997,112.14201,426,2,52,10660,336.62,3.11,34.61,30.7,2.7,95.0,13.4,0.6942,0.63,0.6755,5.5398,0.4231,0.6767,0.572,0.0512,0.6258,0.6142,0.6526,4.3444,0.3662,0.5096,0.5062,-0.0702,0.66,0.6221,0.6641,4.9421,0.3947,0.5931,0.5391,-0.0095,115.99,2916.5,0.3359,0.64105
2023-04-15,FARM0225,D,-7.665997,112.14201,426,3,52,9557,307.76,2.77,20.26,28.3,5.3,91.2,13.2,0.6764,0.6305,0.6668,5.1805,0.4037,0.6391,0.5521,0.0177,0.6447,0.6603,0.6501,4.6284,0.3697,0.5623,0.5166,-0.0386,0.6605,0.6454,0.6585,4.9045,0.3867,0.6007,0.5343,-0.0104,115.24,2580.96,0.3415,0.6529499999999999
2024-07-08,FARM0225,D,-7.665997,112.14201,426,4,56,9078,335.66,2.81,15.76,25.5,8.2,87.2,15.7,0.6785,0.6403,0.6716,5.2211,0.4115,0.63,0.5578,0.0216,0.7378,0.6814,0.6637,6.6267,0.42,0.7028,0.5892,0.1399,0.7081,0.6609,0.6676,5.9239,0.4157,0.6664,0.5735,0.0808,114.68,2223.6,0.3324,0.6845
2021-02-24,FARM0226,D,-7.663902,112.146441,297,1,56,10021,323.08,3.16,35.45,32.9,1.8,94.1,13.2,0.7354,0.6886,0.6938,6.5581,0.4688,0.7897,0.6182,0.1348,0.6723,0.6346,0.672,5.104,0.4099,0.5944,0.5541,0.0103,0.7039,0.6616,0.6829,5.8311,0.4394,0.692,0.5862,0.0725,113.77,3095.89,0.3171,0.68275
2022-05-20,FARM0226,D,-7.663902,112.146441,297,2,56,9425,375.55,2.63,30.59,27.6,6.1,79.8,13.3,0.7355,0.6236,0.6832,6.5618,0.4504,0.7748,0.6073,0.1351,0.6302,0.5471,0.6258,4.4086,0.3359,0.5368,0.4878,-0.0629,0.6829,0.5853,0.6545,5.4852,0.3932,0.6558,0.5476,0.0361,113.76,2202.48,0.3455,0.6341
2023-08-13,FARM0226,D,-7.663902,112.146441,297,3,56,9202,295.25,2.87,18.27,20.5,2.5,79.4,15.9,0.6843,0.6887,0.6914,5.3345,0.4453,0.6396,0.5805,0.0324,0.6894,0.5884,0.6603,5.4396,0.3989,0.6575,0.5548,0.0421,0.6868,0.6386,0.6758,5.3871,0.4221,0.6486,0.5676,0.0372,114.64,1627.7,0.3242,0.6627
2024-09-06,FARM0226,D,-7.663902,112.146441,297,4,48,10017,307.93,2.78,32.69,23.0,0.5,92.1,13.2,0.6966,0.644,0.6501,5.5924,0.3872,0.6326,0.5501,0.0559,0.6447,0.6597,0.6459,4.6283,0.3644,0.5471,0.5131,-0.0386,0.6706,0.6519,0.648,5.1103,0.3758,0.5899,0.5316,0.0087,113.58,2118.3,0.352,0.66125
2021-02-24,FARM0227,D,-7.666012,112.147282,627,1,56,9527,368.32,2.82,26.21,32.5,2.9,86.3,16.2,0.7348,0.636,0.6827,6.5427,0.4493,0.7719,0.6064,0.1337,0.6516,0.6158,0.6499,4.74,0.3718,0.5949,0.5209,-0.0267,0.6932,0.6259,0.6663,5.6414,0.4105,0.6834,0.5636,0.0535,112.93,2804.75,0.3337,0.6595500000000001
2022-04-20,FARM0227,D,-7.666012,112.147282,627,2,52,9478,352.94,2.72,30.69,31.1,3.6,93.7,14.5,0.6975,0.6862,0.6904,5.6123,0.4487,0.6407,0.5887,0.0577,0.6814,0.5985,0.6576,5.2781,0.3923,0.5945,0.5471,0.0271,0.6895,0.6423,0.674,5.4452,0.4205,0.6176,0.5679,0.0424,117.05,2914.07,0.326,0.6658999999999999
2023-07-14,FARM0227,D,-7.666012,112.147282,627,3,56,9441,338.85,2.74,33.41,25.8,0.5,91.7,16.2,0.7134,0.5901,0.6641,5.9789,0.4125,0.6692,0.5739,0.0892,0.642,0.6127,0.6661,4.5863,0.3901,0.5602,0.5283,-0.0432,0.6777,0.6014,0.6651,5.2826,0.4013,0.6147,0.5511,0.023,115.48,2365.86,0.3349,0.6395500000000001
2024-10-06,FARM0227,D,-7.666012,112.147282,627,4,56,8952,316.03,3.09,32.46,21.8,0.1,91.6,16.8,0.6262,0.6246,0.6572,4.351,0.3724,0.5761,0.5103,-0.0694,0.6538,0.5658,0.6354,4.7768,0.3546,0.5453,0.5103,-0.0228,0.64,0.5952,0.6463,4.5639,0.3635,0.5607,0.5103,-0.0461,115.8,1996.88,0.3537,0.6175999999999999
2020-12-26,FARM0228,D,-7.659699,112.166746,534,1,48,9306,316.4,2.75,23.21,22.7,44.1,91.9,14.2,0.7237,0.651,0.6718,6.2372,0.4278,0.6994,0.5881,0.1101,0.6729,0.5855,0.654,5.1144,0.3845,0.5759,0.5383,0.0113,0.6983,0.6182,0.6629,5.6758,0.4061,0.6377,0.5632,0.0607,114.34,2086.13,0.3371,0.65825
2022-02-19,FARM0228,D,-7.659699,112.166746,534,2,52,8309,337.57,2.29,17.41,28.8,50.0,80.9,13.2,0.722,0.6304,0.6723,6.1952,0.428,0.7494,0.5875,0.1068,0.7182,0.6901,0.667,6.0978,0.4185,0.6673,0.5798,0.0989,0.7201,0.6602,0.6697,6.1465,0.4233,0.7083,0.5837,0.1028,114.58,2329.92,0.3303,0.69015
2023-05-15,FARM0228,D,-7.659699,112.166746,534,3,56,8616,291.34,2.9,22.57,27.2,2.4,86.4,14.8,0.7172,0.6458,0.6633,6.0714,0.4126,0.6523,0.5755,0.0968,0.6933,0.6113,0.6372,5.52,0.3695,0.5814,0.5365,0.0494,0.7052,0.6285,0.6502,5.7957,0.391,0.6169,0.556,0.0731,116.64,2350.08,0.3498,0.6668499999999999
2024-07-08,FARM0228,D,-7.659699,112.166746,534,4,52,8327,301.66,2.51,25.65,26.6,13.1,95.0,15.9,0.6847,0.6278,0.6618,5.3442,0.3995,0.6067,0.5531,0.0333,0.6531,0.6844,0.6599,4.7654,0.3857,0.5756,0.5305,-0.024,0.6689,0.6561,0.6609,5.0548,0.3926,0.5911,0.5418,0.0046,116.81,2527.0,0.3391,0.6625000000000001
2021-02-24,FARM0229,D,-7.664185,112.152537,341,1,56,8582,393.62,2.7,32.83,28.7,49.1,92.7,15.1,0.6405,0.6394,0.68,4.5628,0.4099,0.6147,0.5394,-0.0457,0.6667,0.6456,0.6667,4.9999,0.4001,0.6168,0.5455,0.0,0.6536,0.6425,0.6734,4.7813,0.405,0.6157,0.5424,-0.0229,117.13,2660.49,0.3266,0.64805
2022-03-21,FARM0229,D,-7.664185,112.152537,341,2,48,9862,364.79,2.64,36.66,30.6,23.4,91.1,15.7,0.5988,0.5812,0.6477,3.9855,0.3503,0.5518,0.4843,-0.1129,0.6724,0.5868,0.651,5.1048,0.3804,0.5744,0.5354,0.0104,0.6356,0.584,0.6494,4.5452,0.3654,0.5631,0.5099,-0.0513,114.84,2787.66,0.3506,0.6098
2023-05-15,FARM0229,D,-7.664185,112.152537,341,3,52,8948,348.97,2.73,34.98,29.7,4.6,83.0,14.0,0.6578,0.6915,0.6925,4.8453,0.4369,0.6573,0.5629,-0.0157,0.7349,0.5741,0.6527,6.5453,0.4031,0.7234,0.5767,0.1338,0.6964,0.6328,0.6726,5.6953,0.42,0.6904,0.5698,0.0591,116.21,2465.1,0.3274,0.6646000000000001
2024-08-07,FARM0229,D,-7.664185,112.152537,341,4,56,8252,302.94,2.38,18.43,23.2,3.6,83.8,15.6,0.6782,0.5679,0.653,5.2144,0.385,0.6226,0.5409,0.021,0.6822,0.6425,0.6483,5.2936,0.3801,0.5771,0.5393,0.0285,0.6802,0.6052,0.6506,5.254,0.3826,0.5999,0.5401,0.0248,116.14,1944.16,0.3494,0.6427
2020-12-26,FARM0230,D,-7.656664,112.158006,360,1,48,10250,339.13,2.68,28.99,28.5,10.7,79.1,15.1,0.7063,0.5757,0.6522,5.8092,0.3933,0.6895,0.5582,0.0749,0.6893,0.6241,0.6654,5.4375,0.4062,0.6297,0.5593,0.0419,0.6978,0.5999,0.6588,5.6233,0.3997,0.6596,0.5588,0.0584,114.72,2254.35,0.3411999999999999,0.6488499999999999
2022-02-19,FARM0230,D,-7.656664,112.158006,360,2,52,8737,326.94,2.75,28.83,32.2,2.8,81.9,15.5,0.7334,0.6164,0.6899,6.5023,0.4612,0.7657,0.6128,0.1306,0.7049,0.6429,0.6544,5.778,0.3958,0.6493,0.5593,0.0722,0.7192,0.6296,0.6722,6.1402,0.4285,0.7075,0.5861,0.1014,115.39,2637.18,0.3278,0.6744
2023-05-15,FARM0230,D,-7.656664,112.158006,360,3,56,8874,320.36,2.75,18.43,30.7,3.7,95.0,16.7,0.6174,0.6413,0.6454,4.2273,0.3542,0.5376,0.4949,-0.0837,0.7119,0.6053,0.6665,5.9411,0.4155,0.6385,0.5751,0.086,0.6646,0.6233,0.6559,5.0842,0.3849,0.588,0.535,0.0011,113.05,2916.5,0.3441,0.64395
2024-07-08,FARM0230,D,-7.656664,112.158006,360,4,52,8593,280.88,1.88,9.32,24.4,2.7,94.7,15.2,0.7095,0.6133,0.6948,5.8843,0.4609,0.7291,0.6014,0.0812,0.7641,0.6979,0.6803,7.4769,0.4554,0.7611,0.6232,0.1985,0.7368,0.6556,0.6876,6.6806,0.4582,0.7451,0.6123,0.1399,86.09,2310.68,0.3124,0.6961999999999999
2021-01-25,FARM0231,D,-7.669521,112.162279,238,1,52,9051,357.31,3.55,46.48,27.3,50.0,81.1,15.2,0.6187,0.6204,0.6432,4.2449,0.3521,0.5155,0.494,-0.0817,0.7445,0.6728,0.6706,6.8284,0.4328,0.6555,0.6004,0.1546,0.6816,0.6466,0.6569,5.5366,0.3925,0.5855,0.5472,0.0365,115.7,2214.03,0.3431,0.6640999999999999
2022-04-20,FARM0231,D,-7.669521,112.162279,238,2,56,9393,319.52,2.83,26.43,30.6,3.5,89.3,15.9,0.6954,0.5926,0.6816,5.5651,0.4333,0.634,0.5787,0.0535,0.7019,0.6582,0.68,5.7085,0.433,0.6198,0.5815,0.0662,0.6986,0.6254,0.6808,5.6368,0.4331,0.6269,0.5801,0.0598,114.42,2732.58,0.3192,0.6619999999999999
2023-06-14,FARM0231,D,-7.669521,112.162279,238,3,52,9000,273.56,2.56,23.04,25.9,6.1,81.0,15.8,0.6225,0.5503,0.6436,4.2981,0.3539,0.5446,0.4968,-0.0755,0.6798,0.65,0.6711,5.2464,0.4113,0.595,0.5583,0.0241,0.6512,0.6001,0.6574,4.7723,0.3826,0.5698,0.5276,-0.0257,115.24,2097.9,0.3426,0.62565
2024-09-06,FARM0231,D,-7.669521,112.162279,238,4,56,8519,300.85,2.87,30.04,20.2,4.1,86.6,15.7,0.6849,0.6245,0.6958,5.3472,0.4532,0.6336,0.5852,0.0336,0.637,0.6367,0.6524,4.509,0.37,0.5588,0.5134,-0.0516,0.6609,0.6306,0.6741,4.9281,0.4116,0.5962,0.5493,-0.009,113.89,1749.32,0.3259,0.64575
2021-01-25,FARM0232,D,-7.654955,112.142163,241,1,52,10285,322.74,2.79,25.99,27.1,50.0,93.6,14.6,0.6469,0.6353,0.6898,4.6636,0.428,0.5871,0.5526,-0.0348,0.7238,0.6265,0.6357,6.2409,0.377,0.6652,0.5539,0.1104,0.6853,0.6309,0.6627,5.4522,0.4025,0.6261,0.5533,0.0378,113.12,2536.56,0.3373,0.6581
2022-02-19,FARM0232,D,-7.654955,112.142163,241,2,48,9430,363.96,3.0,29.33,28.9,10.7,92.5,15.2,0.6057,0.5859,0.6515,4.0728,0.3575,0.5276,0.4919,-0.1022,0.6247,0.6157,0.6294,4.3287,0.3381,0.5308,0.4871,-0.072,0.6152,0.6008,0.6405,4.2008,0.3478,0.5292,0.4895,-0.0871,115.08,2673.25,0.3595,0.608
2023-05-15,FARM0232,D,-7.654955,112.142163,241,3,56,9202,279.05,2.68,18.31,28.2,0.3,81.3,16.8,0.6968,0.6139,0.6695,5.5966,0.4149,0.6832,0.5681,0.0563,0.7251,0.6834,0.6681,6.2745,0.4224,0.6773,0.5853,0.113,0.7109,0.6487,0.6688,5.9355,0.4187,0.6802,0.5767,0.0847,116.59,2292.66,0.3312,0.6798
2024-06-08,FARM0232,D,-7.654955,112.142163,241,4,48,8560,281.82,2.22,9.42,26.5,5.0,84.6,14.6,0.6564,0.6406,0.6926,4.8203,0.4364,0.6036,0.562,-0.0183,0.7412,0.6223,0.6802,6.7266,0.4473,0.6941,0.608,0.1472,0.6988,0.6314,0.6864,5.7735,0.4419,0.6489,0.585,0.0645,84.55,2241.9,0.3136,0.6651
2021-01-25,FARM0233,D,-7.655939,112.155499,509,1,52,10595,363.12,2.82,38.14,29.5,20.6,94.3,13.5,0.7166,0.5921,0.6616,6.0563,0.4099,0.7211,0.5736,0.0955,0.6679,0.597,0.6659,5.0225,0.3994,0.6304,0.5456,0.0022,0.6922,0.5946,0.6638,5.5394,0.4047,0.6758,0.5596,0.0489,115.26,2781.85,0.3362000000000001,0.6434
2022-03-21,FARM0233,D,-7.655939,112.155499,509,2,52,9816,379.58,2.55,18.89,30.5,25.1,82.6,15.0,0.663,0.6826,0.6911,4.9339,0.4364,0.6637,0.5652,-0.0067,0.735,0.6187,0.6648,6.5463,0.4207,0.6399,0.5885,0.1339,0.699,0.6506,0.6779,5.7401,0.4286,0.6518,0.5768,0.0636,115.67,2519.3,0.3221000000000001,0.6748
2023-06-14,FARM0233,D,-7.655939,112.155499,509,3,56,9001,327.99,2.87,29.7,27.7,11.2,95.0,13.1,0.6454,0.607,0.664,4.6405,0.3885,0.6273,0.5289,-0.0373,0.6608,0.6552,0.6514,4.8968,0.377,0.5924,0.5283,-0.0104,0.6531,0.6311,0.6577,4.7686,0.3828,0.6099,0.5286,-0.0239,113.93,2631.5,0.3423,0.6421
2024-07-08,FARM0233,D,-7.655939,112.155499,509,4,48,10186,338.41,2.74,19.22,26.2,15.8,90.5,13.5,0.697,0.6193,0.6538,5.6009,0.3924,0.6416,0.5537,0.0567,0.6387,0.6075,0.6358,4.536,0.3501,0.5765,0.501,-0.0487,0.6679,0.6134,0.6448,5.0684,0.3713,0.609,0.5274,0.004,117.16,2371.1,0.3552,0.6406499999999999
2021-02-24,FARM0234,D,-7.656306,112.134922,322,1,56,9997,363.91,3.05,29.43,31.4,10.0,79.5,13.6,0.6127,0.5669,0.6638,4.1639,0.3761,0.5258,0.5065,-0.0912,0.7428,0.6462,0.6598,6.777,0.4159,0.6884,0.5886,0.1509,0.6778,0.6066,0.6618,5.4704,0.396,0.6071,0.5475,0.0298,114.78,2496.3,0.3381999999999999,0.6422
2022-04-20,FARM0234,D,-7.656306,112.134922,322,2,52,10246,347.45,2.73,21.73,29.7,2.4,84.4,14.8,0.6513,0.6051,0.6861,4.7362,0.4238,0.6221,0.5524,-0.0271,0.7511,0.6101,0.6686,7.0344,0.4319,0.7409,0.6026,0.1691,0.7012,0.6076,0.6774,5.8853,0.4278,0.6815,0.5775,0.071,113.15,2506.68,0.3226,0.6544000000000001
2023-05-15,FARM0234,D,-7.656306,112.134922,322,3,48,9377,333.33,2.09,10.64,28.3,5.9,82.3,14.4,0.6693,0.6398,0.6945,5.0473,0.4448,0.6239,0.5729,0.0047,0.6824,0.6455,0.6335,5.2968,0.3615,0.6142,0.5266,0.0288,0.6758,0.6427,0.664,5.1721,0.4032,0.619,0.5498,0.0168,95.81,2329.09,0.336,0.65925
2024-06-08,FARM0234,D,-7.656306,112.134922,322,4,48,9145,285.46,2.44,21.95,27.9,4.8,85.6,14.9,0.7175,0.6358,0.6598,6.0809,0.4077,0.7093,0.5725,0.0975,0.6828,0.667,0.6416,5.306,0.3717,0.5727,0.5339,0.0297,0.7002,0.6514,0.6507,5.6934,0.3897,0.641,0.5532,0.0636,115.49,2388.24,0.3493000000000001,0.6758
2021-02-24,FARM0235,D,-7.661769,112.140298,527,1,56,9437,363.89,3.06,40.45,32.0,4.4,93.1,16.7,0.711,0.6625,0.6762,5.9196,0.4302,0.6685,0.5839,0.0842,0.7373,0.659,0.656,6.6129,0.4086,0.6724,0.5814,0.1389,0.7241,0.6608,0.6661,6.2662,0.4194,0.6704,0.5826,0.1116,112.92,2979.2,0.3339,0.69245
2022-03-21,FARM0235,D,-7.661769,112.140298,527,2,48,10010,304.17,2.52,16.84,32.6,37.5,91.1,16.7,0.6344,0.6268,0.6679,4.4705,0.3899,0.6044,0.5247,-0.0559,0.6507,0.6466,0.6422,4.7256,0.3618,0.5352,0.5139,-0.0282,0.6425,0.6367,0.655,4.5981,0.3758,0.5698,0.5193,-0.0421,115.82,2969.86,0.345,0.6396
2023-05-15,FARM0235,D,-7.661769,112.140298,527,3,52,9763,336.49,2.24,16.14,30.6,2.9,95.0,16.0,0.6342,0.6535,0.6843,4.4678,0.4141,0.5984,0.5388,-0.0562,0.6554,0.6415,0.6598,4.8036,0.3864,0.5803,0.5319,-0.02,0.6448,0.6475,0.6721,4.6357,0.4002,0.5894,0.5353,-0.0381,113.56,2907.0,0.3279,0.64615
2024-07-08,FARM0235,D,-7.661769,112.140298,527,4,52,9692,316.4,2.36,17.47,27.5,1.3,85.6,14.7,0.7092,0.6567,0.6952,5.8787,0.4616,0.7204,0.6016,0.0808,0.6647,0.6522,0.6801,4.9643,0.4193,0.6114,0.5562,-0.0036,0.687,0.6545,0.6876,5.4215,0.4405,0.6659,0.5789,0.0386,115.9,2354.0,0.3124,0.67075
2021-01-25,FARM0236,D,-7.641712,112.144368,221,1,52,9260,357.77,2.92,33.08,30.5,50.0,95.0,13.0,0.7324,0.6898,0.6939,6.4727,0.4679,0.6967,0.6163,0.1284,0.7022,0.6878,0.6622,5.7157,0.406,0.6338,0.5648,0.0668,0.7173,0.6888,0.6781,6.0942,0.4369,0.6653,0.5905,0.0976,113.7,2897.5,0.3219,0.70305
2022-04-20,FARM0236,D,-7.641712,112.144368,221,2,56,9613,332.0,2.56,28.3,33.6,5.0,88.9,15.0,0.6351,0.6441,0.6823,4.4814,0.4114,0.5637,0.5377,-0.0547,0.6482,0.5452,0.6241,4.685,0.3398,0.5571,0.4977,-0.0325,0.6417,0.5946,0.6532,4.5832,0.3756,0.5604,0.5177,-0.0436,116.88,2987.04,0.3468,0.61815
2023-06-14,FARM0236,D,-7.641712,112.144368,221,3,52,8493,311.66,2.35,17.01,28.1,2.7,82.9,15.7,0.6187,0.6393,0.6614,4.2457,0.3751,0.5602,0.5086,-0.0816,0.674,0.5871,0.6362,5.1347,0.3622,0.5646,0.5237,0.0133,0.6464,0.6132,0.6488,4.6902,0.3686,0.5624,0.5161,-0.0341,115.83,2329.49,0.3512,0.6297999999999999
2024-07-08,FARM0236,D,-7.641712,112.144368,221,4,48,9175,267.11,2.48,12.54,25.8,1.5,81.9,14.3,0.7051,0.6211,0.653,5.782,0.394,0.6319,0.5582,0.0725,0.6274,0.6111,0.6271,4.3671,0.3364,0.531,0.4869,-0.0676,0.6662,0.6161,0.64,5.0746,0.3652,0.5814,0.5226,0.0025,99.55,2113.02,0.36,0.64115
2021-01-25,FARM0237,D,-7.639305,112.135606,365,1,52,10525,337.91,2.61,14.63,27.1,50.0,84.3,14.6,0.6586,0.5972,0.6841,4.8581,0.4234,0.5848,0.5557,-0.0144,0.7108,0.6868,0.6633,5.9149,0.4105,0.6565,0.5715,0.0838,0.6847,0.642,0.6737,5.3865,0.417,0.6207,0.5636,0.0347,112.73,2284.53,0.3263,0.66335
2022-04-20,FARM0237,D,-7.639305,112.135606,365,2,56,9287,330.63,2.87,31.87,29.7,4.2,86.1,15.6,0.6493,0.6037,0.6681,4.7023,0.3957,0.5772,0.535,-0.0307,0.6463,0.6803,0.6721,4.6541,0.4003,0.597,0.5364,-0.0358,0.6478,0.642,0.6701,4.6782,0.398,0.5871,0.5357,-0.0333,115.65,2557.17,0.3299,0.6449
2023-05-15,FARM0237,D,-7.639305,112.135606,365,3,48,10039,365.83,2.62,28.74,31.5,16.8,90.9,14.6,0.7159,0.6214,0.696,6.0401,0.4656,0.7222,0.6071,0.0942,0.6699,0.5883,0.6239,5.0585,0.3464,0.5404,0.5109,0.0058,0.6929,0.6048,0.66,5.5493,0.406,0.6313,0.559,0.05,112.94,2863.35,0.34,0.6488499999999999
2024-08-07,FARM0237,D,-7.639305,112.135606,365,4,56,10383,266.11,2.41,10.66,20.5,2.2,95.0,13.4,0.6982,0.543,0.6488,5.6263,0.386,0.6759,0.5499,0.0589,0.6001,0.6048,0.6259,4.0014,0.326,0.4934,0.4687,-0.1109,0.6491,0.5739,0.6373,4.8139,0.356,0.5846,0.5093,-0.026,85.88,1947.5,0.3627,0.6114999999999999
2020-12-26,FARM0238,D,-7.662128,112.161476,460,1,48,9744,310.67,2.93,28.95,24.6,50.0,89.1,14.9,0.6799,0.6058,0.6615,5.2476,0.3974,0.6177,0.5496,0.0242,0.706,0.6625,0.6515,5.8019,0.3922,0.6482,0.5574,0.0742,0.6929,0.6341,0.6565,5.5247,0.3948,0.633,0.5535,0.0492,114.26,2191.86,0.3435,0.6635
2022-02-19,FARM0238,D,-7.662128,112.161476,460,2,52,10319,319.82,3.05,39.5,27.8,11.7,81.1,16.3,0.6089,0.5853,0.6608,4.1138,0.3707,0.5177,0.5015,-0.0972,0.6833,0.6211,0.6532,5.3142,0.387,0.5665,0.5443,0.0305,0.6461,0.6032,0.657,4.714,0.3788,0.5421,0.5229,-0.0334,114.94,2254.58,0.343,0.6246499999999999
2023-05-15,FARM0238,D,-7.662128,112.161476,460,3,56,8604,270.67,2.85,18.53,28.6,3.3,92.1,14.1,0.661,0.5521,0.6461,4.8993,0.3702,0.598,0.5238,-0.0102,0.7113,0.6619,0.6554,5.9278,0.3993,0.661,0.5643,0.0849,0.6861,0.607,0.6507,5.4135,0.3847,0.6295,0.5441,0.0374,116.04,2634.06,0.3493000000000001,0.64655
2024-06-08,FARM0238,D,-7.662128,112.161476,460,4,48,8944,296.19,1.98,15.65,27.6,15.2,94.9,14.7,0.6055,0.5628,0.6472,4.0691,0.3521,0.5494,0.4883,-0.1026,0.6286,0.671,0.6413,4.3848,0.3532,0.5103,0.4989,-0.0655,0.617,0.6169,0.6442,4.227,0.3527,0.5299,0.4936,-0.0841,113.21,2619.24,0.3558,0.61695
2021-02-24,FARM0239,D,-7.648705,112.13149,472,1,56,9748,368.42,2.85,19.88,32.0,1.4,93.2,15.9,0.7013,0.5748,0.656,5.6964,0.3969,0.6371,0.5585,0.0651,0.7279,0.638,0.6379,6.3495,0.3811,0.6333,0.5585,0.1189,0.7146,0.6064,0.647,6.023,0.389,0.6352,0.5585,0.092,114.85,2982.4,0.353,0.6605000000000001
2022-03-21,FARM0239,D,-7.648705,112.13149,472,2,48,10279,352.12,2.59,28.22,30.4,38.2,92.8,13.8,0.6621,0.594,0.6694,4.9194,0.4023,0.6444,0.5448,-0.0081,0.6344,0.595,0.6246,4.4702,0.336,0.5301,0.4895,-0.0559,0.6483,0.5945,0.647,4.6948,0.3692,0.5872,0.5172,-0.032,115.98,2821.12,0.353,0.6214
2023-04-15,FARM0239,D,-7.648705,112.13149,472,3,48,10308,334.98,2.2,16.11,33.4,13.7,95.0,14.2,0.6892,0.6272,0.6898,5.4352,0.4445,0.6471,0.5823,0.0417,0.6935,0.6006,0.6446,5.5253,0.379,0.588,0.5432,0.0499,0.6914,0.6139,0.6672,5.4802,0.4117,0.6176,0.5628,0.0458,113.73,3173.0,0.3328,0.65265
2024-05-09,FARM0239,D,-7.648705,112.13149,472,4,48,10074,318.16,2.46,13.28,26.9,4.3,95.0,16.5,0.6409,0.6438,0.6443,4.5691,0.3611,0.5952,0.5094,-0.045,0.6491,0.5939,0.6703,4.6994,0.3988,0.6034,0.5368,-0.031,0.645,0.6189,0.6573,4.6343,0.3799,0.5993,0.5231,-0.038,113.6,2555.5,0.3427,0.63195
2021-01-25,FARM0240,D,-7.644969,112.151762,253,1,52,10379,358.46,3.21,27.62,25.2,50.0,85.0,14.0,0.6667,0.5912,0.6714,5.0013,0.4069,0.6145,0.5497,0.0001,0.6986,0.585,0.6572,5.6368,0.3977,0.66,0.5579,0.0599,0.6827,0.5881,0.6643,5.319,0.4023,0.6373,0.5538,0.03,113.4,2142.0,0.3357,0.6354
2022-04-20,FARM0240,D,-7.644969,112.151762,253,2,56,8966,360.36,3.17,42.56,28.9,8.8,86.0,15.1,0.6662,0.6029,0.6779,4.9908,0.4165,0.6415,0.5552,-0.0009,0.6625,0.6474,0.6526,4.9268,0.3792,0.5627,0.5304,-0.0074,0.6644,0.6251,0.6653,4.9588,0.3979,0.6021,0.5428,-0.0041,114.63,2485.4,0.3347,0.6447499999999999
2023-07-14,FARM0240,D,-7.644969,112.151762,253,3,56,8852,309.57,2.8,30.29,22.8,2.3,85.9,16.4,0.6272,0.6283,0.6436,4.3648,0.3555,0.579,0.4998,-0.0678,0.7189,0.6124,0.6552,6.114,0.4015,0.6212,0.5689,0.1002,0.673,0.6204,0.6494,5.2394,0.3785,0.6001,0.5344,0.0162,115.18,1958.52,0.3506,0.6467
2024-10-06,FARM0240,D,-7.644969,112.151762,253,4,56,9449,304.02,2.84,16.68,20.6,4.8,95.0,13.9,0.7073,0.6002,0.6653,5.834,0.4123,0.7009,0.5711,0.077,0.6548,0.6059,0.6394,4.7934,0.3597,0.5337,0.5142,-0.0211,0.6811,0.6031,0.6523,5.3137,0.386,0.6173,0.5427,0.0279,114.7,1957.0,0.3477,0.6421
2021-02-24,FARM0241,D,-7.630695,112.163971,541,1,56,9825,307.6,3.17,33.15,29.4,29.9,83.9,13.2,0.7272,0.6017,0.6767,6.3316,0.4367,0.7356,0.5952,0.1175,0.6307,0.6776,0.6498,4.415,0.3644,0.5408,0.5072,-0.0621,0.6789,0.6397,0.6632,5.3733,0.4005,0.6382,0.5512,0.0277,114.45,2466.66,0.3368,0.6593
2022-03-21,FARM0241,D,-7.630695,112.163971,541,2,48,10751,301.0,2.62,19.35,28.1,45.4,95.0,16.8,0.6471,0.6217,0.6842,4.6675,0.4191,0.6019,0.5478,-0.0344,0.7176,0.5794,0.638,6.0816,0.378,0.6833,0.5522,0.0976,0.6823,0.6005,0.6611,5.3745,0.3986,0.6426,0.55,0.0316,114.92,2669.5,0.3389,0.6414
2023-05-15,FARM0241,D,-7.630695,112.163971,541,3,52,9426,295.65,3.11,21.44,30.1,7.5,80.2,13.1,0.6442,0.6409,0.6655,4.6215,0.3901,0.5834,0.5293,-0.0393,0.6258,0.5717,0.6373,4.3447,0.3476,0.5519,0.494,-0.0701,0.635,0.6063,0.6514,4.4831,0.3688,0.5677,0.5116,-0.0547,115.55,2414.02,0.3486,0.6206499999999999
2024-06-08,FARM0241,D,-7.630695,112.163971,541,4,48,9061,253.99,2.54,22.61,25.4,3.7,95.0,13.8,0.6686,0.6047,0.6486,5.0347,0.3759,0.5932,0.5308,0.0035,0.6477,0.6238,0.6397,4.6775,0.3578,0.5603,0.51,-0.0333,0.6582,0.6143,0.6441,4.8561,0.3669,0.5768,0.5204,-0.0149,115.23,2413.0,0.3559,0.63625
2020-12-26,FARM0242,D,-7.660058,112.150862,603,1,48,9685,319.14,2.5,26.25,26.5,50.0,95.0,16.2,0.7231,0.6332,0.6947,6.2217,0.4659,0.7684,0.6107,0.1089,0.754,0.6614,0.6814,7.1303,0.4537,0.7813,0.6177,0.1756,0.7385,0.6473,0.6881,6.676,0.4598,0.7748,0.6142,0.1422,114.46,2517.5,0.3119,0.6929000000000001
2022-01-20,FARM0242,D,-7.660058,112.150862,603,2,48,9353,309.14,2.81,17.79,26.5,45.4,89.5,16.8,0.6519,0.6169,0.6711,4.7452,0.401,0.6413,0.5394,-0.0261,0.6901,0.5699,0.6383,5.4533,0.3699,0.6008,0.5356,0.0434,0.671,0.5934,0.6547,5.0992,0.3855,0.621,0.5375,0.0086,115.2,2371.75,0.3453000000000001,0.6322000000000001
2023-03-16,FARM0242,D,-7.660058,112.150862,603,3,52,10163,272.86,2.74,27.68,28.3,1.8,81.5,14.8,0.6805,0.5852,0.6558,5.2596,0.3897,0.6188,0.5449,0.0253,0.7199,0.6705,0.6499,6.1392,0.3945,0.6247,0.5646,0.1023,0.7002,0.6278,0.6529,5.6994,0.3921,0.6217,0.5548,0.0638,114.26,2306.45,0.3471,0.664
2024-06-08,FARM0242,D,-7.660058,112.150862,603,4,56,9958,260.25,2.03,9.93,28.4,7.1,93.7,15.9,0.7217,0.6665,0.694,6.1865,0.4641,0.6848,0.609,0.1061,0.6788,0.6582,0.6488,5.2257,0.3797,0.6074,0.5376,0.0221,0.7002,0.6623,0.6714,5.7061,0.4219,0.6461,0.5733,0.0641,90.32,2661.08,0.3286,0.68125
2021-02-24,FARM0243,D,-7.651383,112.165772,286,1,56,8835,347.23,2.83,33.73,27.6,6.2,82.8,15.8,0.6363,0.5919,0.667,4.4991,0.3894,0.5562,0.5253,-0.0527,0.6821,0.6312,0.669,5.2904,0.409,0.6351,0.5579,0.0282,0.6592,0.6116,0.668,4.8948,0.3992,0.5957,0.5416,-0.0123,115.33,2285.28,0.332,0.6354
2022-03-21,FARM0243,D,-7.651383,112.165772,286,2,48,8539,339.64,3.09,42.63,31.6,28.2,95.0,14.0,0.656,0.5764,0.6575,4.8142,0.3834,0.5948,0.5303,-0.0189,0.6685,0.5891,0.6523,5.0336,0.3808,0.5597,0.534,0.0034,0.6623,0.5828,0.6549,4.9239,0.3821,0.5773,0.5322,-0.0078,116.32,3002.0,0.3451,0.6225499999999999
2023-05-15,FARM0243,D,-7.651383,112.165772,286,3,52,8934,278.29,2.92,21.18,31.3,3.0,92.3,15.9,0.7076,0.5658,0.6608,5.8391,0.4058,0.6923,0.567,0.0774,0.6186,0.5893,0.6268,4.2437,0.3332,0.5335,0.4812,-0.0818,0.6631,0.5776,0.6438,5.0414,0.3695,0.6129,0.5241,-0.0022,112.88,2888.99,0.3562,0.62035
2024-08-07,FARM0243,D,-7.651383,112.165772,286,4,56,8969,260.64,2.89,13.24,25.8,6.4,83.5,14.4,0.7248,0.6399,0.6959,6.2686,0.4687,0.7205,0.6132,0.1126,0.7214,0.6323,0.6757,6.1786,0.4331,0.6788,0.5904,0.1054,0.7231,0.6361,0.6858,6.2236,0.4509,0.6997,0.6018,0.109,104.33,2154.3,0.3142,0.6796
2020-12-26,FARM0244,D,-7.648455,112.13616,411,1,48,9308,316.44,3.11,29.55,25.0,32.8,94.2,13.3,0.6615,0.6257,0.6859,4.9083,0.4274,0.6135,0.5594,-0.0093,0.7255,0.6351,0.6298,6.2853,0.3702,0.6305,0.5497,0.1139,0.6935,0.6304,0.6579,5.5968,0.3988,0.622,0.5545,0.0523,114.12,2355.0,0.3421,0.66195
2022-03-21,FARM0244,D,-7.648455,112.13616,411,2,56,9522,278.79,2.63,25.18,31.9,6.4,83.9,15.0,0.7098,0.6527,0.6935,5.8926,0.4587,0.6757,0.6003,0.0819,0.7038,0.6154,0.6689,5.7519,0.4164,0.6265,0.5722,0.0699,0.7068,0.6341,0.6812,5.8222,0.4376,0.6511,0.5862,0.0759,113.89,2676.41,0.3188,0.67045
2023-06-14,FARM0244,D,-7.648455,112.13616,411,3,56,9509,289.43,2.4,13.01,24.8,4.4,95.0,16.4,0.646,0.5654,0.6573,4.6501,0.3796,0.5784,0.5235,-0.0363,0.7383,0.6766,0.6776,6.6428,0.442,0.6698,0.6034,0.1411,0.6922,0.621,0.6674,5.6464,0.4108,0.6241,0.5635,0.0524,115.13,2356.0,0.3326,0.6566000000000001
2024-09-06,FARM0244,D,-7.648455,112.13616,411,4,56,9075,298.91,1.86,8.91,23.0,3.0,85.6,16.3,0.7184,0.6576,0.6899,6.1021,0.4557,0.7494,0.6026,0.0993,0.6805,0.6519,0.6445,5.2606,0.3747,0.5678,0.535,0.0254,0.6995,0.6547,0.6672,5.6813,0.4152,0.6586,0.5688,0.0623,85.87,1968.8,0.3328,0.6771
2021-02-24,FARM0245,D,-7.636391,112.169169,503,1,56,10884,327.07,2.65,31.37,29.6,40.4,92.4,13.9,0.6618,0.5947,0.6632,4.9133,0.3934,0.6147,0.5392,-0.0087,0.6812,0.6308,0.6518,5.2742,0.3844,0.6036,0.5418,0.0267,0.6715,0.6128,0.6575,5.0938,0.3889,0.6091,0.5405,0.009,115.45,2735.04,0.3425,0.64215
2022-03-21,FARM0245,D,-7.636391,112.169169,503,2,48,9847,323.13,2.91,22.6,30.5,48.5,84.5,14.0,0.6451,0.5707,0.6582,4.6359,0.3805,0.5813,0.5237,-0.0378,0.7519,0.6562,0.6812,7.0625,0.4527,0.7147,0.6162,0.171,0.6985,0.6134,0.6697,5.8492,0.4166,0.648,0.5699,0.0666,113.93,2577.25,0.3303,0.65595
2023-05-15,FARM0245,D,-7.636391,112.169169,503,3,52,9830,343.15,2.77,29.67,28.6,7.4,95.0,16.9,0.713,0.6666,0.6794,5.9698,0.4361,0.7455,0.5885,0.0884,0.6144,0.6535,0.636,4.1868,0.3421,0.5249,0.4856,-0.0885,0.6637,0.6601,0.6577,5.0783,0.3891,0.6352,0.537,-0.0001,113.39,2717.0,0.3423,0.6618999999999999
2024-06-08,FARM0245,D,-7.636391,112.169169,503,4,48,9951,276.44,2.28,17.94,26.6,1.9,86.0,14.4,0.6406,0.654,0.6593,4.5649,0.3804,0.5669,0.5216,-0.0455,0.7389,0.5966,0.6695,6.6589,0.4293,0.6617,0.5957,0.1423,0.6897,0.6253,0.6644,5.6119,0.4048,0.6143,0.5587,0.0484,113.62,2287.6,0.3356,0.6575
2021-01-25,FARM0246,D,-7.658532,112.160441,397,1,52,9893,374.1,2.57,34.14,26.3,38.8,89.5,15.7,0.6358,0.6099,0.6526,4.492,0.3698,0.5565,0.5129,-0.0535,0.672,0.5837,0.6606,5.098,0.3933,0.6117,0.5436,0.0097,0.6539,0.5968,0.6566,4.795,0.3815,0.5841,0.5282,-0.0219,116.56,2353.85,0.3434,0.6253500000000001
2022-04-20,FARM0246,D,-7.658532,112.160441,397,2,56,10826,323.32,2.13,15.08,27.9,1.7,85.8,15.8,0.6366,0.6388,0.6745,4.5037,0.4003,0.5691,0.5319,-0.0522,0.7072,0.6534,0.6801,5.8314,0.4351,0.6983,0.5852,0.0768,0.6719,0.6461,0.6773,5.1675,0.4177,0.6337,0.5586,0.0123,114.23,2393.82,0.3227,0.659
2023-05-15,FARM0246,D,-7.658532,112.160441,397,3,48,10431,324.85,2.61,26.98,30.9,6.4,83.9,13.2,0.6052,0.6376,0.6583,4.0654,0.3659,0.5312,0.4969,-0.1031,0.6752,0.6078,0.6763,5.1583,0.4175,0.6197,0.56,0.0156,0.6402,0.6227,0.6673,4.6118,0.3917,0.5755,0.5284,-0.0438,116.58,2592.51,0.3327,0.6314500000000001
2024-08-07,FARM0246,D,-7.658532,112.160441,397,4,56,9565,302.72,2.08,12.15,25.6,0.5,90.0,15.2,0.6575,0.6156,0.6651,4.8391,0.3945,0.6056,0.5379,-0.0164,0.7067,0.6198,0.6567,5.8182,0.3996,0.6504,0.5626,0.0756,0.6821,0.6177,0.6609,5.3286,0.3971,0.628,0.5503,0.0296,98.42,2304.0,0.3391,0.6499
2021-02-24,FARM0247,D,-7.643416,112.142404,478,1,56,9305,349.36,2.62,20.99,31.7,12.1,91.8,15.7,0.7173,0.596,0.6698,6.0743,0.4224,0.6546,0.5819,0.097,0.694,0.568,0.6361,5.5359,0.3684,0.6202,0.5361,0.0509,0.7056,0.582,0.6529,5.8051,0.3954,0.6374,0.559,0.0739,116.39,2910.06,0.3471,0.6437999999999999
2022-05-20,FARM0247,D,-7.643416,112.142404,478,2,56,9331,316.97,3.19,18.01,30.1,6.5,95.0,16.8,0.7353,0.6428,0.6805,6.555,0.4457,0.7345,0.6044,0.1346,0.6378,0.5927,0.6612,4.5225,0.3819,0.5257,0.5214,-0.0501,0.6866,0.6177,0.6708,5.5387,0.4138,0.6301,0.5629,0.0422,116.53,2859.5,0.3292,0.65215
2023-06-14,FARM0247,D,-7.643416,112.142404,478,3,48,8405,308.53,2.81,20.51,28.7,8.1,95.0,13.9,0.7329,0.6368,0.6965,6.4883,0.4727,0.7611,0.6193,0.1295,0.6377,0.6096,0.6537,4.5203,0.3719,0.547,0.515,-0.0504,0.6853,0.6232,0.6751,5.5043,0.4223,0.6541,0.5671,0.0396,116.3,2726.5,0.3249,0.65425
2024-07-08,FARM0247,D,-7.643416,112.142404,478,4,48,8343,275.16,2.39,19.38,25.1,9.8,90.6,13.1,0.738,0.6719,0.6896,6.6331,0.4622,0.7052,0.6156,0.1404,0.7139,0.6013,0.6245,5.9912,0.3604,0.5971,0.538,0.0902,0.726,0.6366,0.657,6.3121,0.4113,0.6511,0.5768,0.1153,115.73,2274.06,0.343,0.6813
2021-02-24,FARM0248,D,-7.660956,112.130758,542,1,56,9834,365.78,2.96,37.64,32.2,29.5,87.0,13.7,0.7128,0.6286,0.678,5.9632,0.4336,0.7143,0.5869,0.0879,0.7589,0.6754,0.6786,7.2946,0.4506,0.6874,0.618,0.1866,0.7358,0.652,0.6783,6.6289,0.4421,0.7008,0.6024,0.1372,114.4,2801.4,0.3217,0.6939
2022-04-20,FARM0248,D,-7.660956,112.130758,542,2,52,9823,349.53,2.37,23.78,33.6,2.1,80.8,14.7,0.691,0.6483,0.6744,5.472,0.4202,0.677,0.5688,0.0451,0.6596,0.6074,0.6628,4.8747,0.392,0.5712,0.5373,-0.0127,0.6753,0.6279,0.6686,5.1733,0.4061,0.6241,0.553,0.0162,114.77,2714.88,0.3314,0.6516
2023-05-15,FARM0248,D,-7.660956,112.130758,542,3,48,9492,332.51,2.21,15.05,30.7,16.7,92.0,13.6,0.6718,0.5869,0.6764,5.0943,0.4163,0.6216,0.5577,0.0093,0.6867,0.6097,0.6609,5.3845,0.3989,0.5776,0.5536,0.037,0.6793,0.5983,0.6686,5.2394,0.4076,0.5996,0.5556,0.0232,115.74,2824.4,0.3314,0.6388
2024-06-08,FARM0248,D,-7.660956,112.130758,542,4,48,9747,291.9,2.49,16.9,25.5,30.4,82.3,16.1,0.6385,0.6451,0.689,4.5332,0.4232,0.626,0.5459,-0.049,0.6675,0.6576,0.6346,5.0157,0.3581,0.5803,0.5183,0.0016,0.653,0.6513,0.6618,4.7745,0.3907,0.6032,0.5321,-0.0237,113.64,2098.65,0.3381999999999999,0.65215
2021-01-25,FARM0249,D,-7.638084,112.131491,700,1,52,9061,340.27,2.75,19.23,30.7,0.9,95.0,14.6,0.674,0.5804,0.6754,5.1353,0.4156,0.6615,0.5583,0.0133,0.7232,0.5971,0.6718,6.2252,0.4276,0.7227,0.5878,0.1091,0.6986,0.5888,0.6736,5.6802,0.4216,0.6921,0.573,0.0612,116.94,2916.5,0.3264,0.6436999999999999
2022-03-21,FARM0249,D,-7.638084,112.131491,700,2,52,9216,363.05,2.48,14.94,30.0,38.2,95.0,15.7,0.6931,0.6567,0.6702,5.5163,0.4147,0.6598,0.5663,0.0491,0.6613,0.6484,0.658,4.9042,0.386,0.5473,0.5342,-0.0097,0.6772,0.6525,0.6641,5.2102,0.4003,0.6035,0.5503,0.0197,113.71,2850.0,0.3359,0.6648499999999999
2023-05-15,FARM0249,D,-7.638084,112.131491,700,3,52,8657,315.38,2.85,28.03,29.8,3.5,83.4,14.2,0.6616,0.649,0.653,4.9103,0.3794,0.6393,0.5302,-0.009,0.6645,0.6551,0.6767,4.9607,0.4141,0.597,0.553,-0.004,0.663,0.652,0.6649,4.9355,0.3967,0.6182,0.5416,-0.0065,116.76,2485.32,0.3351,0.6575
2024-08-07,FARM0249,D,-7.638084,112.131491,700,4,56,9082,302.2,2.73,24.63,23.6,4.8,85.4,16.1,0.687,0.595,0.6479,5.3891,0.3812,0.6742,0.5421,0.0375,0.7001,0.618,0.6744,5.6691,0.4235,0.6283,0.5749,0.0627,0.6935,0.6065,0.6612,5.5291,0.4024,0.6513,0.5585,0.0501,114.55,2015.44,0.3388,0.65
2020-12-26,FARM0250,D,-7.647647,112.137035,680,1,48,9990,321.44,2.72,25.64,23.2,36.6,93.7,16.3,0.6321,0.6526,0.6707,4.4358,0.393,0.5575,0.5255,-0.0598,0.7312,0.6824,0.672,6.4406,0.4306,0.697,0.5932,0.1259,0.6816,0.6675,0.6714,5.4382,0.4118,0.6272,0.5594,0.0331,113.77,2173.84,0.3286,0.67455
2022-01-20,FARM0250,D,-7.647647,112.137035,680,2,48,10598,328.43,2.6,27.89,26.7,7.2,95.0,16.5,0.6722,0.5724,0.6551,5.1008,0.3858,0.5945,0.5389,0.01,0.6774,0.6174,0.6667,5.1995,0.4038,0.624,0.5526,0.0196,0.6748,0.5949,0.6609,5.1502,0.3948,0.6092,0.5457,0.0148,114.29,2536.5,0.3391,0.6348499999999999
2023-04-15,FARM0250,D,-7.647647,112.137035,680,3,56,10319,311.21,2.7,26.59,27.9,0.5,90.6,16.6,0.7065,0.6435,0.6775,5.8152,0.4307,0.6984,0.5822,0.0754,0.7044,0.6691,0.6803,5.7651,0.4344,0.6564,0.5835,0.0711,0.7055,0.6563,0.6789,5.7902,0.4325,0.6774,0.5829,0.0732,114.26,2527.74,0.3211000000000001,0.6809000000000001
2024-06-08,FARM0250,D,-7.647647,112.137035,680,4,52,8878,315.89,2.49,18.1,27.2,7.3,95.0,13.6,0.6989,0.6172,0.6905,5.6416,0.4494,0.6664,0.5898,0.0603,0.598,0.5586,0.6246,3.9751,0.3239,0.4588,0.4664,-0.1142,0.6484,0.5879,0.6575,4.8084,0.3866,0.5626,0.5281,-0.0269,115.48,2584.0,0.3425,0.61815
2020-12-26,FARM0251,D,-7.635851,112.132666,722,1,48,9200,300.05,2.99,37.69,25.4,11.9,85.3,13.1,0.6764,0.6557,0.6598,5.18,0.3938,0.6653,0.5458,0.0177,0.6336,0.5776,0.6397,4.4578,0.353,0.5215,0.5009,-0.0573,0.655,0.6167,0.6498,4.8189,0.3734,0.5934,0.5233,-0.0198,115.02,2166.62,0.3502,0.63585
2022-02-19,FARM0251,D,-7.635851,112.132666,722,2,52,9974,302.57,2.99,32.94,29.7,33.3,83.4,14.5,0.7311,0.6329,0.6787,6.4381,0.4413,0.7357,0.5998,0.1257,0.7288,0.6488,0.6762,6.3733,0.4365,0.6448,0.5958,0.1207,0.7299,0.6408,0.6775,6.4057,0.4389,0.6902,0.5978,0.1232,116.26,2476.98,0.3225,0.68535
2023-03-16,FARM0251,D,-7.635851,112.132666,722,3,48,8748,300.31,3.09,35.6,30.5,11.2,95.0,14.9,0.6733,0.6205,0.6467,5.1213,0.375,0.6523,0.5322,0.012,0.6867,0.6146,0.6587,5.3845,0.3958,0.6352,0.5516,0.037,0.68,0.6176,0.6527,5.2529,0.3854,0.6437,0.5419,0.0245,116.65,2897.5,0.3473000000000001,0.6488
2024-05-09,FARM0251,D,-7.635851,112.132666,722,4,52,8703,287.16,2.51,15.82,27.7,2.0,91.5,16.3,0.717,0.6454,0.6723,6.068,0.4262,0.6821,0.5842,0.0965,0.7028,0.6352,0.6394,5.7293,0.3753,0.6266,0.5444,0.068,0.7099,0.6403,0.6559,5.8987,0.4008,0.6543,0.5643,0.0822,116.57,2534.55,0.3441,0.6751
2021-01-25,FARM0252,D,-7.642083,112.156673,573,1,52,10243,308.17,2.5,20.41,29.2,41.1,81.4,16.1,0.6453,0.5933,0.665,4.6378,0.3899,0.6144,0.5296,-0.0376,0.654,0.6357,0.6254,4.7796,0.3431,0.5874,0.5023,-0.0225,0.6496,0.6145,0.6452,4.7087,0.3665,0.6009,0.5159,-0.0301,113.32,2376.88,0.3548,0.63205
2022-03-21,FARM0252,D,-7.642083,112.156673,573,2,52,8837,310.72,2.44,12.12,28.7,45.2,85.5,13.5,0.7289,0.6402,0.6748,6.3767,0.4343,0.7458,0.5944,0.121,0.7228,0.6639,0.6605,6.2153,0.4105,0.6727,0.5766,0.1084,0.7258,0.6521,0.6677,6.296,0.4224,0.7092,0.5855,0.1147,107.84,2453.85,0.3323,0.68895
2023-06-14,FARM0252,D,-7.642083,112.156673,573,3,56,8472,279.98,2.73,14.33,28.0,7.8,80.4,13.1,0.6387,0.6527,0.6702,4.5359,0.3948,0.6118,0.5296,-0.0487,0.6727,0.5653,0.6449,5.1109,0.3726,0.5617,0.5303,0.011,0.6557,0.609,0.6575,4.8234,0.3837,0.5868,0.53,-0.0189,108.26,2251.2,0.3425,0.63235
2024-09-06,FARM0252,D,-7.642083,112.156673,573,4,56,9574,314.42,2.08,14.21,22.5,12.9,81.6,16.4,0.6484,0.6327,0.6838,4.6876,0.4188,0.5718,0.5482,-0.0323,0.6889,0.6256,0.6475,5.4294,0.3814,0.606,0.543,0.0412,0.6686,0.6291,0.6657,5.0585,0.4001,0.5889,0.5456,0.0045,107.57,1836.0,0.3343,0.6488499999999999
2020-12-26,FARM0253,D,-7.638926,112.156864,590,1,48,9490,309.92,2.9,20.1,23.7,27.0,94.6,14.2,0.6786,0.5684,0.6445,5.2226,0.374,0.6696,0.5337,0.0218,0.7281,0.6355,0.6432,6.355,0.3881,0.6451,0.5636,0.1193,0.7033,0.602,0.6439,5.7888,0.3811,0.6573,0.5486,0.0706,115.06,2242.02,0.3561,0.65265
2022-01-20,FARM0253,D,-7.638926,112.156864,590,2,48,10297,278.11,2.99,14.75,25.1,20.7,84.0,14.1,0.6389,0.6411,0.6886,4.538,0.4227,0.5833,0.5458,-0.0484,0.6574,0.6367,0.6552,4.8385,0.3808,0.5504,0.5293,-0.0164,0.6482,0.6389,0.6719,4.6883,0.4018,0.5669,0.5376,-0.0324,115.76,2108.4,0.3280999999999999,0.6435500000000001
2023-03-16,FARM0253,D,-7.638926,112.156864,590,3,52,10290,297.06,2.61,17.94,29.2,19.9,85.6,16.9,0.6704,0.6005,0.6962,5.0683,0.4481,0.616,0.5753,0.0068,0.6713,0.6312,0.6299,5.0839,0.3537,0.6118,0.5167,0.0083,0.6708,0.6158,0.663,5.0761,0.4009,0.6139,0.546,0.0076,112.91,2499.52,0.337,0.6433
2024-04-09,FARM0253,D,-7.638926,112.156864,590,4,48,9633,304.19,2.34,22.46,29.1,1.8,89.7,14.1,0.652,0.5979,0.6744,4.7474,0.4059,0.5792,0.5424,-0.0259,0.7517,0.6867,0.6651,7.0554,0.4268,0.7235,0.5996,0.1705,0.7019,0.6423,0.6698,5.9014,0.4163,0.6513,0.571,0.0723,113.37,2610.27,0.3302,0.6720999999999999
2020-12-26,FARM0254,D,-7.668224,112.136376,702,1,48,9865,351.56,3.03,24.74,25.0,50.0,86.6,16.3,0.6793,0.6553,0.6803,5.2365,0.4253,0.6879,0.5665,0.0231,0.6805,0.6451,0.666,5.2598,0.404,0.5894,0.5541,0.0253,0.6799,0.6502,0.6732,5.2482,0.4147,0.6386,0.5603,0.0242,114.48,2165.0,0.3268,0.6650499999999999
2022-02-19,FARM0254,D,-7.668224,112.136376,702,2,52,9071,349.06,2.96,29.85,32.3,24.5,84.1,13.1,0.655,0.6583,0.6631,4.797,0.3907,0.6109,0.5345,-0.0207,0.7544,0.6149,0.6712,7.1441,0.4372,0.72,0.6075,0.1766,0.7047,0.6366,0.6672,5.9706,0.414,0.6655,0.571,0.0779,117.14,2716.429999999999,0.3328,0.67065
2023-03-16,FARM0254,D,-7.668224,112.136376,702,3,48,8525,304.69,2.61,23.31,28.1,47.4,91.9,16.2,0.7196,0.6556,0.6638,6.1321,0.4142,0.6558,0.5776,0.1017,0.6144,0.5854,0.6429,4.1863,0.3502,0.5198,0.4909,-0.0886,0.667,0.6205,0.6534,5.1592,0.3822,0.5878,0.5343,0.0066,116.09,2582.39,0.3466,0.64375
2024-05-09,FARM0254,D,-7.668224,112.136376,702,4,52,9304,256.49,2.26,16.19,30.0,4.3,86.2,16.5,0.7089,0.6287,0.6621,5.8715,0.4081,0.6995,0.5691,0.0802,0.7154,0.588,0.6356,6.0265,0.3743,0.6483,0.5487,0.0931,0.7122,0.6084,0.6488,5.949,0.3912,0.6739,0.5589,0.0866,116.58,2586.0,0.3512,0.6603000000000001
2021-01-25,FARM0255,D,-7.630872,112.138226,207,1,52,9996,331.51,2.72,20.72,26.9,8.5,82.1,13.5,0.6539,0.6255,0.6735,4.7789,0.4053,0.5779,0.5429,-0.0226,0.7014,0.6495,0.6585,5.6974,0.4005,0.6046,0.5609,0.0652,0.6776,0.6375,0.666,5.2382,0.4029,0.5912,0.5519,0.0213,114.71,2208.49,0.334,0.65755
2022-04-20,FARM0255,D,-7.630872,112.138226,207,2,56,8688,348.09,2.99,23.94,32.7,1.8,83.8,15.3,0.7069,0.6141,0.6756,5.823,0.4279,0.6702,0.5807,0.076,0.661,0.5836,0.6423,4.9002,0.3654,0.6087,0.5206,-0.0101,0.6839,0.5988,0.659,5.3616,0.3966,0.6395,0.5507,0.033,115.02,2740.26,0.341,0.64135
2023-06-14,FARM0255,D,-7.630872,112.138226,207,3,52,9716,282.81,2.4,17.34,28.4,7.6,91.0,13.6,0.6106,0.622,0.6467,4.1366,0.3535,0.5371,0.4914,-0.0945,0.7001,0.6436,0.6785,5.669,0.43,0.6313,0.5789,0.0627,0.6554,0.6328,0.6626,4.9028,0.3917,0.5842,0.5352,-0.0159,112.85,2584.4,0.3374,0.6441
2024-08-07,FARM0255,D,-7.630872,112.138226,207,4,52,8366,300.4,2.77,23.31,20.9,18.1,95.0,14.1,0.6193,0.6394,0.6667,4.2528,0.3825,0.559,0.5134,-0.0808,0.6422,0.5938,0.6621,4.5892,0.3848,0.5585,0.5251,-0.0428,0.6307,0.6166,0.6644,4.421,0.3836,0.5587,0.5192,-0.0618,115.32,1985.5,0.3356,0.62365
2020-12-26,FARM0256,D,-7.667321,112.136349,519,1,48,9468,388.0,3.2,31.2,25.9,2.3,95.0,16.8,0.6981,0.6648,0.667,5.6247,0.4116,0.6406,0.5666,0.0588,0.7521,0.6459,0.678,7.0675,0.4474,0.7422,0.613,0.1713,0.7251,0.6554,0.6725,6.3461,0.4295,0.6914,0.5898,0.1151,116.55,2460.5,0.3275,0.69025
2022-02-19,FARM0256,D,-7.667321,112.136349,519,2,52,9688,347.93,2.32,14.99,30.7,2.3,84.7,15.3,0.6713,0.5857,0.6621,5.0854,0.3951,0.5828,0.5445,0.0085,0.7108,0.5517,0.6325,5.9149,0.3691,0.6111,0.5432,0.0838,0.6911,0.5687,0.6473,5.5002,0.3821,0.5969,0.5438,0.0461,116.08,2600.29,0.3527,0.6299
2023-04-15,FARM0256,D,-7.667321,112.136349,519,3,52,8753,344.55,2.54,16.56,27.9,10.7,89.3,13.6,0.6995,0.6177,0.6471,5.6554,0.3842,0.6514,0.5492,0.0615,0.6687,0.6691,0.6776,5.0371,0.417,0.5886,0.5567,0.0037,0.6841,0.6434,0.6623,5.3462,0.4006,0.62,0.553,0.0326,114.21,2491.47,0.3377,0.6637500000000001
2024-07-08,FARM0256,D,-7.667321,112.136349,519,4,56,8689,292.65,1.94,8.82,26.7,6.2,95.0,13.2,0.6631,0.6116,0.6532,4.9365,0.3802,0.5988,0.5313,-0.0064,0.6624,0.5556,0.633,4.9238,0.3546,0.5544,0.5137,-0.0077,0.6627,0.5836,0.6431,4.9301,0.3674,0.5766,0.5225,-0.007,85.7,2536.5,0.3569,0.62315
2021-02-24,FARM0257,D,-7.658356,112.139804,726,1,56,9127,309.84,3.37,25.41,32.0,5.6,93.4,14.9,0.632,0.5941,0.6544,4.4345,0.3708,0.5313,0.5118,-0.0599,0.7338,0.652,0.663,6.5137,0.4177,0.6888,0.586,0.1315,0.6829,0.623,0.6587,5.4741,0.3942,0.61,0.5489,0.0358,114.56,2988.8,0.3413,0.6529499999999999
2022-03-21,FARM0257,D,-7.658356,112.139804,726,2,48,8669,320.72,2.53,12.13,32.8,5.3,94.6,15.7,0.6573,0.6141,0.6625,4.8364,0.3908,0.5747,0.5356,-0.0166,0.6447,0.5968,0.6593,4.6285,0.3818,0.5301,0.5243,-0.0386,0.651,0.6055,0.6609,4.7324,0.3863,0.5524,0.5299,-0.0276,108.53,3102.88,0.3391,0.62825
2023-05-15,FARM0257,D,-7.658356,112.139804,726,3,52,9682,322.62,2.27,19.79,28.6,0.2,95.0,15.0,0.6892,0.6432,0.6796,5.4343,0.4277,0.6373,0.5725,0.0416,0.7109,0.6585,0.6664,5.9169,0.4151,0.6084,0.5744,0.084,0.7,0.6509,0.673,5.6756,0.4214,0.6228,0.5735,0.0628,114.7,2717.0,0.327,0.67545
2024-06-08,FARM0257,D,-7.658356,112.139804,726,4,48,9198,280.26,2.33,14.93,29.8,15.1,91.0,15.9,0.6394,0.5629,0.6464,4.547,0.3632,0.5699,0.5101,-0.0474,0.7393,0.694,0.6774,6.6718,0.442,0.7212,0.6039,0.1432,0.6894,0.6285,0.6619,5.6094,0.4026,0.6456,0.557,0.0479,116.61,2711.8,0.3381,0.6589499999999999
2021-02-24,FARM0258,D,-7.644334,112.163329,554,1,56,9269,353.63,2.7,20.53,32.3,5.6,95.0,16.1,0.641,0.643,0.678,4.5709,0.4071,0.5677,0.538,-0.0448,0.6775,0.5704,0.641,5.2025,0.3692,0.5547,0.53,0.0198,0.6593,0.6067,0.6595,4.8867,0.3882,0.5612,0.534,-0.0125,116.84,3068.5,0.3405,0.633
2022-05-20,FARM0258,D,-7.644334,112.163329,554,2,56,9257,326.02,2.49,15.78,29.4,2.9,82.2,14.7,0.7089,0.559,0.6612,5.87,0.4067,0.6532,0.5682,0.08,0.6095,0.5889,0.629,4.1223,0.3326,0.51,0.4771,-0.0962,0.6592,0.5739,0.6451,4.9961,0.3697,0.5816,0.5227,-0.0081,115.49,2416.68,0.3549,0.6165499999999999
2023-06-14,FARM0258,D,-7.644334,112.163329,554,3,48,9484,337.13,2.53,16.06,28.2,3.5,79.5,14.3,0.6694,0.5708,0.6678,5.0493,0.4026,0.5924,0.5483,0.0049,0.6197,0.579,0.6471,4.2589,0.3572,0.5175,0.4978,-0.08,0.6445,0.5749,0.6575,4.6541,0.3799,0.5549,0.523,-0.0376,115.26,2241.9,0.3425,0.6096999999999999
2024-07-08,FARM0258,D,-7.644334,112.163329,554,4,48,9100,308.37,2.39,12.73,25.4,7.4,94.0,13.2,0.6874,0.6517,0.6633,5.3973,0.4025,0.6342,0.5561,0.0382,0.6482,0.6403,0.663,4.6847,0.3881,0.5854,0.5298,-0.0326,0.6678,0.646,0.6631,5.041,0.3953,0.6098,0.543,0.0028,106.95,2387.6,0.3369,0.6569
2020-12-26,FARM0259,D,-7.663896,112.137684,755,1,48,8837,352.63,2.97,41.28,27.1,4.3,83.0,15.8,0.6995,0.5931,0.6899,5.6557,0.4487,0.6599,0.5896,0.0615,0.6271,0.6437,0.6478,4.3638,0.3606,0.5287,0.5032,-0.0679,0.6633,0.6184,0.6689,5.0098,0.4047,0.5943,0.5464,-0.0032,114.1,2249.3,0.3310999999999999,0.6408499999999999
2022-01-20,FARM0259,D,-7.663896,112.137684,755,2,48,9707,332.19,2.87,21.93,24.9,50.0,93.6,14.1,0.7254,0.6356,0.672,6.2838,0.4286,0.7125,0.5894,0.1138,0.6337,0.6311,0.6369,4.4605,0.3497,0.5375,0.4987,-0.057,0.6796,0.6333,0.6544,5.3721,0.3892,0.625,0.544,0.0284,114.66,2330.64,0.3456,0.65645
2023-04-15,FARM0259,D,-7.663896,112.137684,755,3,56,9396,331.0,2.98,36.35,30.8,3.3,93.5,14.0,0.6556,0.5872,0.6783,4.8069,0.4131,0.5994,0.5483,-0.0197,0.6907,0.6255,0.6798,5.4669,0.4286,0.627,0.5737,0.0446,0.6732,0.6063,0.679,5.1369,0.4209,0.6132,0.561,0.0125,114.56,2879.8,0.321,0.63975
2024-06-08,FARM0259,D,-7.663896,112.137684,755,4,52,9561,279.36,2.24,18.46,30.4,5.5,95.0,13.9,0.718,0.5952,0.6882,6.093,0.4526,0.6961,0.6006,0.0985,0.7033,0.6096,0.6329,5.7402,0.3673,0.6154,0.539,0.0689,0.7107,0.6024,0.6606,5.9166,0.41,0.6558,0.5698,0.0837,114.45,2888.0,0.3394,0.65655
2020-12-26,FARM0260,D,-7.661301,112.159753,742,1,48,10617,345.53,2.88,32.72,27.5,0.7,92.6,16.0,0.7089,0.6057,0.6709,5.8709,0.4213,0.7264,0.5775,0.0801,0.7247,0.6034,0.6692,6.2647,0.4241,0.7125,0.5862,0.1123,0.7168,0.6046,0.6701,6.0678,0.4227,0.7195,0.5818,0.0962,116.77,2546.5,0.3299,0.6607000000000001
2022-02-19,FARM0260,D,-7.661301,112.159753,742,2,52,10346,368.16,3.04,35.13,31.7,2.5,94.8,15.0,0.6759,0.6208,0.6432,5.1717,0.3715,0.6402,0.5309,0.0169,0.6949,0.6038,0.6337,5.5558,0.3657,0.5632,0.5345,0.0526,0.6854,0.6123,0.6384,5.3637,0.3686,0.6017,0.5327,0.0348,115.82,3005.16,0.3616,0.6488499999999999
2023-05-15,FARM0260,D,-7.661301,112.159753,742,3,56,9364,321.31,2.34,21.98,31.9,7.1,95.0,14.3,0.667,0.6243,0.6831,5.0055,0.4251,0.6348,0.5606,0.0006,0.6569,0.6899,0.6748,4.829,0.4083,0.5912,0.5461,-0.0174,0.6619,0.6571,0.679,4.9173,0.4167,0.613,0.5534,-0.0084,113.11,3030.5,0.321,0.6595
2024-06-08,FARM0260,D,-7.661301,112.159753,742,4,48,9760,283.85,2.14,12.65,27.2,8.0,81.1,15.5,0.6791,0.6434,0.6687,5.2331,0.4074,0.5994,0.5556,0.0228,0.6526,0.5668,0.6445,4.7575,0.3654,0.5642,0.5171,-0.0248,0.6659,0.6051,0.6566,4.9953,0.3864,0.5818,0.5364,-0.001,102.24,2205.92,0.3434,0.6355
2021-01-25,FARM0261,D,-7.632638,112.157283,641,1,52,9627,344.53,2.96,27.75,25.6,46.1,95.0,16.9,0.6953,0.6421,0.6763,5.5635,0.4248,0.6571,0.5736,0.0533,0.6657,0.679,0.6546,4.9823,0.3829,0.5526,0.5342,-0.0018,0.6805,0.6606,0.6655,5.2729,0.4039,0.6049,0.5539,0.0258,113.23,2432.0,0.3345,0.67055
2022-04-20,FARM0261,D,-7.632638,112.157283,641,2,56,8748,365.86,3.12,34.56,32.3,12.2,82.5,13.1,0.6089,0.6198,0.653,4.114,0.3606,0.517,0.4953,-0.0972,0.6467,0.5634,0.6427,4.6611,0.3611,0.537,0.5118,-0.0351,0.6278,0.5916,0.6479,4.3876,0.3609,0.527,0.5035,-0.0661,116.79,2664.75,0.3521,0.6097
2023-06-14,FARM0261,D,-7.632638,112.157283,641,3,52,8648,287.93,3.1,19.62,28.2,4.3,90.8,13.4,0.6185,0.6613,0.6709,4.2426,0.3881,0.5595,0.5163,-0.0819,0.6778,0.6212,0.6575,5.2069,0.391,0.6307,0.5447,0.0203,0.6481,0.6412,0.6642,4.7247,0.3896,0.5951,0.5305,-0.0308,116.33,2560.56,0.3358,0.64465
2024-07-08,FARM0261,D,-7.632638,112.157283,641,4,48,9372,313.52,2.05,15.2,24.2,0.2,89.2,13.9,0.7134,0.6274,0.6732,5.9784,0.4263,0.7029,0.5826,0.0891,0.7025,0.6502,0.649,5.7231,0.3878,0.6351,0.5529,0.0674,0.708,0.6388,0.6611,5.8508,0.407,0.669,0.5678,0.0783,115.6,2158.64,0.3389,0.6734
2021-01-25,FARM0262,D,-7.663645,112.141428,771,1,52,9918,373.13,2.77,17.91,28.5,50.0,83.4,16.7,0.6121,0.5571,0.649,4.1565,0.3567,0.5201,0.4942,-0.0921,0.7236,0.6116,0.6501,6.2347,0.396,0.7065,0.5672,0.1099,0.6678,0.5844,0.6496,5.1956,0.3764,0.6133,0.5307,0.0089,113.23,2376.9,0.3504,0.6261
2022-04-20,FARM0262,D,-7.663645,112.141428,771,2,56,10121,332.53,2.69,26.34,28.3,5.3,94.8,16.3,0.6664,0.5867,0.6551,4.9948,0.3838,0.5958,0.535,-0.0005,0.6955,0.6645,0.6478,5.5677,0.3838,0.5769,0.5474,0.0537,0.6809,0.6256,0.6514,5.2812,0.3838,0.5864,0.5412,0.0266,114.95,2682.84,0.3486,0.65325
2023-06-14,FARM0262,D,-7.663645,112.141428,771,3,52,8561,352.85,2.21,15.25,28.8,4.8,83.8,14.0,0.7062,0.6289,0.6657,5.8075,0.4125,0.6948,0.5707,0.0747,0.7075,0.5796,0.6449,5.8386,0.3839,0.667,0.5523,0.0774,0.7069,0.6043,0.6553,5.8231,0.3982,0.6809,0.5615,0.076,114.44,2413.44,0.3447,0.6556
2024-08-07,FARM0262,D,-7.663645,112.141428,771,4,52,9046,302.84,2.28,18.74,20.4,26.5,91.5,16.8,0.6678,0.634,0.6494,5.0211,0.3767,0.6409,0.531,0.0021,0.7221,0.6694,0.6553,6.1981,0.4027,0.6655,0.5711,0.107,0.695,0.6517,0.6523,5.6096,0.3897,0.6532,0.5511,0.0545,115.9,1866.6,0.3477,0.6733499999999999
2020-12-26,FARM0263,D,-7.657792,112.146095,497,1,48,9141,328.66,3.22,33.55,23.9,50.0,83.1,14.0,0.6947,0.5525,0.6547,5.5509,0.3929,0.6606,0.5531,0.0522,0.738,0.7069,0.6802,6.6323,0.4462,0.7123,0.6059,0.1403,0.7163,0.6297,0.6675,6.0916,0.4195,0.6865,0.5795,0.0963,114.79,1986.09,0.3325,0.673
2022-03-21,FARM0263,D,-7.657792,112.146095,497,2,56,9415,303.73,2.74,35.3,33.9,13.2,87.9,16.8,0.7095,0.6065,0.6779,5.8843,0.4323,0.6628,0.5846,0.0812,0.7003,0.6678,0.6382,5.6737,0.373,0.6505,0.5418,0.0631,0.7049,0.6372,0.658,5.779,0.4027,0.6567,0.5632,0.0722,113.1,2979.81,0.342,0.6710499999999999
2023-04-15,FARM0263,D,-7.657792,112.146095,497,3,48,9780,326.0,2.42,18.32,29.7,14.8,79.8,13.9,0.6535,0.6762,0.6879,4.7712,0.4275,0.6569,0.5556,-0.0234,0.6765,0.6356,0.6411,5.1819,0.369,0.5581,0.5294,0.0179,0.665,0.6559,0.6645,4.9766,0.3983,0.6075,0.5425,-0.0028,114.37,2370.06,0.3355,0.66045
2024-06-08,FARM0263,D,-7.657792,112.146095,497,4,52,8590,293.55,2.75,22.92,26.4,3.3,95.0,15.3,0.7374,0.6491,0.6954,6.6151,0.4724,0.7418,0.6212,0.1391,0.6628,0.628,0.6728,4.9316,0.4075,0.6033,0.5483,-0.0069,0.7001,0.6386,0.6841,5.7734,0.44,0.6726,0.5848,0.0661,114.46,2508.0,0.3159,0.6693499999999999
2021-01-25,FARM0264,D,-7.636689,112.16686,205,1,52,9107,351.4,2.24,17.83,25.6,0.1,95.0,13.9,0.6174,0.5813,0.6681,4.228,0.3837,0.5281,0.5132,-0.0837,0.6741,0.6136,0.6683,5.1361,0.4051,0.6,0.5519,0.0134,0.6458,0.5975,0.6682,4.682,0.3944,0.5641,0.5326,-0.0351,115.5,2432.0,0.3318,0.62165
2022-02-19,FARM0264,D,-7.636689,112.16686,205,2,48,8912,287.94,2.46,12.53,29.3,28.4,87.1,15.2,0.6616,0.553,0.6468,4.9098,0.3713,0.6165,0.5248,-0.0091,0.7049,0.6259,0.6715,5.7778,0.4207,0.6731,0.5754,0.0722,0.6832,0.5895,0.6591,5.3438,0.396,0.6448,0.5501,0.0315,106.62,2552.03,0.3409,0.63635
2023-03-16,FARM0264,D,-7.636689,112.16686,205,3,48,10016,279.49,2.87,23.24,31.0,45.5,95.0,14.3,0.6667,0.6071,0.6555,5.0007,0.3845,0.5745,0.5357,0.0001,0.664,0.6195,0.6823,4.9525,0.4226,0.6412,0.5578,-0.0048,0.6654,0.6133,0.6689,4.9766,0.4036,0.6078,0.5467,-0.0024,113.42,2945.0,0.3310999999999999,0.63935
2024-05-09,FARM0264,D,-7.636689,112.16686,205,4,52,9095,293.62,2.24,9.12,27.5,3.0,89.1,13.7,0.6905,0.672,0.6818,5.4623,0.4317,0.6785,0.5755,0.0442,0.6026,0.5882,0.6263,4.0329,0.3273,0.4885,0.4707,-0.1071,0.6466,0.6301,0.654,4.7476,0.3795,0.5835,0.5231,-0.0314,86.48,2450.25,0.346,0.63835
2020-12-26,FARM0265,D,-7.661187,112.162406,252,1,48,9234,364.44,2.9,20.65,27.6,7.3,85.2,14.8,0.6638,0.6583,0.6594,4.9484,0.3887,0.5871,0.5371,-0.0052,0.6632,0.652,0.65,4.9378,0.3759,0.5881,0.5285,-0.0063,0.6635,0.6552,0.6547,4.9431,0.3823,0.5876,0.5328,-0.0057,113.21,2351.52,0.3453000000000001,0.65935
2022-03-21,FARM0265,D,-7.661187,112.162406,252,2,56,9048,347.29,2.6,17.8,28.4,50.0,94.7,13.8,0.6519,0.6571,0.6793,4.7454,0.4134,0.5773,0.5467,-0.0261,0.6545,0.6114,0.6321,4.7888,0.3509,0.55,0.508,-0.0216,0.6532,0.6343,0.6557,4.7671,0.3822,0.5637,0.5274,-0.0239,117.22,2689.48,0.3443000000000001,0.64375
2023-06-14,FARM0265,D,-7.661187,112.162406,252,3,56,9386,301.47,1.9,12.55,27.4,13.8,95.0,13.3,0.7394,0.6002,0.6944,6.6749,0.4715,0.7478,0.6216,0.1435,0.6931,0.627,0.667,5.517,0.4099,0.6692,0.5633,0.0492,0.7163,0.6136,0.6807,6.096,0.4407,0.7085,0.5925,0.0963,113.84,2603.0,0.3193,0.66495
2024-07-08,FARM0265,D,-7.661187,112.162406,252,4,48,8877,298.71,2.3,11.21,26.1,0.4,86.5,14.0,0.7163,0.588,0.665,6.0487,0.4149,0.6528,0.5766,0.0949,0.742,0.6198,0.6798,6.7507,0.4469,0.758,0.6081,0.149,0.7291,0.6039,0.6724,6.3997,0.4309,0.7054,0.5924,0.122,91.42,2257.65,0.3276,0.6665
2021-01-25,FARM0266,D,-7.655303,112.147024,536,1,52,9787,323.93,2.4,22.87,28.2,1.1,95.0,13.7,0.6856,0.63,0.6742,5.3621,0.418,0.666,0.565,0.0349,0.6639,0.571,0.6333,4.9501,0.3554,0.5604,0.5149,-0.005,0.6748,0.6005,0.6537,5.1561,0.3867,0.6132,0.54,0.015,113.28,2679.0,0.3463000000000001,0.63765
2022-04-20,FARM0266,D,-7.655303,112.147024,536,2,56,9345,310.88,2.88,33.07,32.7,0.3,83.1,15.2,0.6165,0.5694,0.6539,4.2155,0.3645,0.565,0.501,-0.0851,0.6402,0.6253,0.6377,4.5582,0.3528,0.5524,0.5035,-0.0462,0.6284,0.5974,0.6458,4.3869,0.3587,0.5587,0.5023,-0.0657,115.95,2717.37,0.3542,0.6129
2023-07-14,FARM0266,D,-7.655303,112.147024,536,3,56,9569,266.67,2.21,11.68,26.2,2.7,86.1,16.0,0.7395,0.6715,0.6865,6.677,0.4574,0.7154,0.6134,0.1436,0.6519,0.5771,0.6423,4.7461,0.3624,0.5341,0.5148,-0.026,0.6957,0.6243,0.6644,5.7116,0.4099,0.6247,0.5641,0.0588,101.58,2255.82,0.3356,0.6599999999999999
2024-10-06,FARM0266,D,-7.655303,112.147024,536,4,56,9576,266.95,2.22,10.0,20.5,1.4,91.6,14.0,0.6737,0.6235,0.6718,5.1298,0.4101,0.661,0.5548,0.0128,0.6732,0.6687,0.6776,5.1196,0.4188,0.585,0.5598,0.0118,0.6735,0.6461,0.6747,5.1247,0.4144,0.623,0.5573,0.0123,84.43,1877.8,0.3253,0.6597999999999999
2020-12-26,FARM0267,D,-7.647723,112.131855,330,1,48,10289,329.11,2.75,36.16,26.4,20.9,86.5,13.9,0.6338,0.613,0.6752,4.4622,0.4002,0.6148,0.5306,-0.0568,0.6777,0.6209,0.6664,5.2062,0.4036,0.6189,0.5526,0.0202,0.6558,0.6169,0.6708,4.8342,0.4019,0.6169,0.5416,-0.0183,114.66,2283.6,0.3292,0.63635
2022-01-20,FARM0267,D,-7.647723,112.131855,330,2,48,9435,341.41,2.9,36.78,29.0,4.6,79.5,16.3,0.664,0.6606,0.6895,4.9529,0.4342,0.6446,0.5645,-0.0047,0.6956,0.5793,0.6522,5.5695,0.3898,0.5963,0.5514,0.0539,0.6798,0.62,0.6708,5.2612,0.412,0.6204,0.5579,0.0246,114.36,2305.5,0.3292,0.6498999999999999
2023-04-15,FARM0267,D,-7.647723,112.131855,330,3,56,9759,316.41,2.09,15.08,31.8,0.3,84.8,16.2,0.7256,0.6429,0.6732,6.2891,0.4306,0.7265,0.5907,0.1142,0.6817,0.6498,0.6736,5.2825,0.4157,0.6539,0.5618,0.0275,0.7036,0.6463,0.6734,5.7858,0.4231,0.6902,0.5763,0.0708,115.34,2696.64,0.3266,0.6749499999999999
2024-06-08,FARM0267,D,-7.647723,112.131855,330,4,52,9121,271.13,2.53,15.59,25.4,1.9,85.4,15.2,0.6973,0.5918,0.6862,5.6077,0.4416,0.7116,0.5845,0.0573,0.6908,0.6392,0.6762,5.4677,0.423,0.602,0.5704,0.0447,0.694,0.6155,0.6812,5.5377,0.4323,0.6568,0.5774,0.051,115.46,2169.16,0.3188,0.6547499999999999
2021-02-24,FARM0268,D,-7.649723,112.157731,688,1,56,9907,340.6,2.95,24.4,29.6,34.1,90.0,14.1,0.7122,0.6083,0.6798,5.9503,0.4365,0.6503,0.5883,0.0868,0.7026,0.619,0.6492,5.7243,0.388,0.6391,0.5531,0.0675,0.7074,0.6137,0.6645,5.8373,0.4122,0.6447,0.5707,0.0772,114.9,2664.0,0.3355,0.66055
2022-05-20,FARM0268,D,-7.649723,112.157731,688,2,56,10369,327.05,2.6,25.99,28.3,1.8,95.0,13.8,0.6661,0.6287,0.6738,4.9897,0.4104,0.603,0.5515,-0.001,0.6526,0.6576,0.6499,4.7566,0.3722,0.5887,0.5216,-0.025,0.6593,0.6431,0.6619,4.8731,0.3913,0.5959,0.5366,-0.013,115.81,2688.5,0.3381,0.6512
2023-07-14,FARM0268,D,-7.649723,112.157731,688,3,52,9880,285.24,2.95,27.4,23.0,5.3,89.9,16.5,0.6458,0.676,0.6795,4.6466,0.4112,0.6139,0.5426,-0.0366,0.6433,0.578,0.6398,4.6071,0.3565,0.5354,0.5072,-0.0409,0.6446,0.627,0.6597,4.6268,0.3838,0.5746,0.5249,-0.0388,112.81,2067.7,0.3403,0.6357999999999999
2024-10-06,FARM0268,D,-7.649723,112.157731,688,4,56,10022,323.4,2.64,32.02,23.2,1.8,91.3,15.3,0.6489,0.6433,0.6513,4.6967,0.3727,0.5607,0.5203,-0.0313,0.6518,0.6221,0.6309,4.7439,0.3488,0.5533,0.5054,-0.0263,0.6504,0.6327,0.6411,4.7203,0.3607,0.557,0.5129,-0.0288,114.74,2118.16,0.3589,0.6415500000000001
2021-01-25,FARM0269,D,-7.635307,112.145049,291,1,52,10609,313.9,2.94,27.65,30.9,3.9,95.0,15.5,0.593,0.6445,0.6462,3.9139,0.3464,0.5283,0.4792,-0.1218,0.6848,0.5984,0.6348,5.3453,0.3638,0.6076,0.5292,0.0334,0.6389,0.6215,0.6405,4.6296,0.3551,0.568,0.5042,-0.0442,116.48,2935.5,0.3595,0.6302000000000001
2022-02-19,FARM0269,D,-7.635307,112.145049,291,2,48,10125,318.66,2.29,14.8,28.4,50.0,92.8,14.4,0.6435,0.6451,0.6682,4.6095,0.3937,0.587,0.5311,-0.0406,0.6737,0.6245,0.6575,5.1302,0.3896,0.5712,0.542,0.0129,0.6586,0.6348,0.6628,4.8699,0.3916,0.5791,0.5366,-0.0139,115.15,2635.52,0.3372000000000001,0.6467
2023-03-16,FARM0269,D,-7.635307,112.145049,291,3,48,10174,315.94,2.66,16.66,28.0,5.9,84.9,15.7,0.6605,0.6724,0.6912,4.8918,0.4356,0.6343,0.5636,-0.0109,0.637,0.6197,0.6435,4.5096,0.3588,0.5153,0.5062,-0.0516,0.6488,0.646,0.6673,4.7007,0.3972,0.5748,0.5349,-0.0313,114.94,2377.2,0.3327,0.6474
2024-04-09,FARM0269,D,-7.635307,112.145049,291,4,48,9878,320.08,2.59,22.33,30.1,0.8,87.9,15.9,0.7083,0.6409,0.6952,5.8566,0.4612,0.7394,0.601,0.0789,0.6907,0.5582,0.6325,5.4657,0.363,0.5685,0.5309,0.0445,0.6995,0.5995,0.6639,5.6611,0.4121,0.654,0.5659,0.0617,114.84,2645.79,0.3361,0.6495
2021-02-24,FARM0270,D,-7.636115,112.167509,496,1,56,9498,348.93,2.95,40.33,29.1,50.0,95.0,13.2,0.7209,0.5782,0.6666,6.1662,0.4188,0.6663,0.5812,0.1044,0.6388,0.6168,0.6465,4.5375,0.3631,0.5313,0.5098,-0.0485,0.6799,0.5975,0.6565,5.3518,0.3909,0.5988,0.5455,0.028,115.97,2764.5,0.3435,0.6387
2022-03-21,FARM0270,D,-7.636115,112.167509,496,2,48,9262,326.13,3.07,38.79,28.3,24.1,88.4,13.5,0.698,0.6623,0.6892,5.6217,0.4469,0.711,0.5879,0.0585,0.6402,0.5974,0.6432,4.5586,0.3596,0.5821,0.508,-0.0462,0.6691,0.6298,0.6662,5.0902,0.4032,0.6466,0.5479,0.0062,117.12,2501.72,0.3338,0.6494500000000001
2023-04-15,FARM0270,D,-7.636115,112.167509,496,3,48,9794,307.44,2.91,20.01,30.1,2.7,80.0,14.9,0.7235,0.6741,0.6893,6.2331,0.4564,0.7195,0.6054,0.1098,0.6368,0.6029,0.6588,4.5061,0.3782,0.5633,0.5186,-0.052,0.6801,0.6385,0.674,5.3696,0.4173,0.6414,0.562,0.0289,116.77,2408.0,0.326,0.6593
2024-05-09,FARM0270,D,-7.636115,112.167509,496,4,48,9570,285.0,2.19,13.39,30.1,0.9,80.1,13.5,0.6522,0.6029,0.6706,4.7512,0.4004,0.5753,0.5392,-0.0255,0.6831,0.588,0.6494,5.3108,0.3819,0.5867,0.5409,0.0301,0.6677,0.5954,0.66,5.031,0.3911,0.581,0.54,0.0023,107.22,2411.01,0.34,0.6315500000000001
2021-01-25,FARM0271,D,-7.661515,112.141761,722,1,52,10117,329.55,2.45,17.27,26.3,13.3,93.9,14.7,0.6664,0.6081,0.6581,4.9946,0.3879,0.5964,0.5377,-0.0005,0.6767,0.6063,0.6704,5.187,0.4091,0.6224,0.5556,0.0184,0.6716,0.6072,0.6642,5.0908,0.3985,0.6094,0.5466,0.0089,112.92,2469.57,0.3358,0.6394
2022-02-19,FARM0271,D,-7.661515,112.141761,722,2,48,9388,342.61,2.7,14.74,29.8,40.4,84.5,16.3,0.7077,0.6238,0.692,5.8417,0.4552,0.6647,0.5973,0.0776,0.6416,0.6137,0.634,4.5797,0.349,0.5731,0.5014,-0.0439,0.6746,0.6188,0.663,5.2107,0.4021,0.6189,0.5494,0.0169,112.84,2518.1,0.337,0.6467
2023-05-15,FARM0271,D,-7.661515,112.141761,722,3,56,9757,341.29,2.89,26.64,32.3,1.9,91.8,15.9,0.6399,0.6679,0.6763,4.5534,0.4041,0.6223,0.5357,-0.0468,0.6897,0.6224,0.654,5.4456,0.3903,0.6214,0.5492,0.0427,0.6648,0.6452,0.6651,4.9995,0.3972,0.6218,0.5425,-0.002,114.26,2965.14,0.3349,0.655
2024-08-07,FARM0271,D,-7.661515,112.141761,722,4,56,9616,306.97,2.06,15.89,20.4,5.8,95.0,17.0,0.6262,0.5977,0.6447,4.3511,0.3566,0.517,0.5001,-0.0694,0.6771,0.6298,0.6312,5.1941,0.3571,0.568,0.5214,0.019,0.6517,0.6137,0.6379,4.7726,0.3568,0.5425,0.5108,-0.0252,114.35,1938.0,0.3621,0.6327
2021-01-25,FARM0272,D,-7.647891,112.139546,586,1,52,8941,341.1,2.79,18.63,25.8,50.0,91.1,14.5,0.6498,0.5638,0.6581,4.7117,0.382,0.5931,0.5267,-0.0297,0.6897,0.6423,0.6465,5.4459,0.3802,0.6253,0.5425,0.0427,0.6698,0.603,0.6523,5.0788,0.3811,0.6092,0.5346,0.0065,116.63,2350.38,0.3477,0.6364
2022-02-19,FARM0272,D,-7.647891,112.139546,586,2,48,10079,335.17,2.29,11.42,30.4,31.3,92.8,16.0,0.6418,0.592,0.6556,4.583,0.3758,0.617,0.5193,-0.0435,0.6386,0.5694,0.6268,4.5337,0.3397,0.5151,0.4938,-0.0489,0.6402,0.5807,0.6412,4.5584,0.3578,0.566,0.5065,-0.0462,110.43,2821.12,0.3588,0.6104499999999999
2023-05-15,FARM0272,D,-7.647891,112.139546,586,3,56,9490,285.07,2.33,18.14,29.0,2.1,83.6,15.6,0.6104,0.5778,0.651,4.1338,0.3586,0.5518,0.4946,-0.0948,0.7012,0.6536,0.6796,5.6941,0.4322,0.6351,0.5807,0.0649,0.6558,0.6157,0.6653,4.914,0.3954,0.5935,0.5377,-0.015,113.8,2424.4,0.3347,0.63575
2024-07-08,FARM0272,D,-7.647891,112.139546,586,4,52,8953,294.76,2.12,11.35,22.7,4.3,95.0,16.9,0.6722,0.6432,0.6738,5.1009,0.4126,0.6797,0.5556,0.01,0.7429,0.641,0.6523,6.7785,0.4052,0.6411,0.5814,0.151,0.7075,0.6421,0.6631,5.9397,0.4089,0.6604,0.5685,0.0805,85.21,2156.5,0.3369,0.6748000000000001
2020-12-26,FARM0273,D,-7.647113,112.14146,690,1,48,9837,353.46,2.76,19.67,27.4,5.5,95.0,13.0,0.6719,0.6083,0.6737,5.0958,0.4123,0.6106,0.5554,0.0095,0.7343,0.5819,0.6525,6.5262,0.4026,0.6397,0.5761,0.1324,0.7031,0.5951,0.6631,5.811,0.4075,0.6252,0.5657,0.071,116.3,2603.0,0.3369,0.6491
2022-03-21,FARM0273,D,-7.647113,112.14146,690,2,56,9062,302.3,2.55,21.24,32.7,36.4,83.6,14.6,0.6976,0.6651,0.6823,5.6138,0.4352,0.6784,0.5809,0.0578,0.7211,0.5791,0.6442,6.1717,0.3872,0.6228,0.5601,0.1049,0.7094,0.6221,0.6632,5.8928,0.4112,0.6506,0.5705,0.0814,115.88,2733.72,0.3368,0.6657500000000001
2023-05-15,FARM0273,D,-7.647113,112.14146,690,3,52,9628,296.26,3.05,30.42,27.9,4.8,92.6,13.2,0.6142,0.5524,0.6466,4.1844,0.3546,0.5462,0.4938,-0.0888,0.6769,0.6394,0.6745,5.1893,0.4154,0.5977,0.5595,0.0186,0.6455,0.5959,0.6606,4.6868,0.385,0.5719,0.5266,-0.0351,114.26,2583.54,0.3394,0.6207
2024-07-08,FARM0273,D,-7.647113,112.14146,690,4,52,9264,277.18,2.26,16.1,27.4,27.9,91.6,16.2,0.6004,0.5392,0.6438,4.0051,0.3462,0.5251,0.4824,-0.1105,0.7105,0.59,0.6559,5.909,0.3998,0.6509,0.5643,0.0833,0.6555,0.5646,0.6499,4.957,0.373,0.588,0.5234,-0.0136,115.73,2509.84,0.3501,0.61005
2021-02-24,FARM0274,D,-7.63576,112.159276,236,1,56,9344,384.49,2.7,32.95,28.9,36.4,88.9,14.3,0.6247,0.6284,0.6674,4.3285,0.3855,0.5486,0.5176,-0.072,0.6621,0.6496,0.6373,4.9187,0.3597,0.5923,0.5171,-0.0082,0.6434,0.639,0.6524,4.6236,0.3726,0.5705,0.5174,-0.0401,117.2,2569.21,0.3476,0.6412
2022-05-20,FARM0274,D,-7.63576,112.159276,236,2,56,8786,370.46,3.0,24.75,32.1,13.9,81.3,14.5,0.7079,0.6538,0.6647,5.8478,0.4115,0.6663,0.5709,0.0782,0.6739,0.6346,0.6592,5.1322,0.392,0.6098,0.5436,0.013,0.6909,0.6442,0.6619,5.49,0.4018,0.6381,0.5572,0.0456,115.41,2609.73,0.3381,0.66755
2023-08-13,FARM0274,D,-7.63576,112.159276,236,3,56,9296,310.01,2.93,20.27,25.2,5.1,91.8,15.6,0.7156,0.6302,0.6781,6.0335,0.4348,0.6538,0.5889,0.0937,0.7099,0.6292,0.6596,5.8934,0.4048,0.6434,0.5674,0.082,0.7128,0.6297,0.6688,5.9635,0.4198,0.6486,0.5781,0.0878,116.18,2313.36,0.3312,0.67125
2024-11-05,FARM0274,D,-7.63576,112.159276,236,4,56,9355,316.98,2.68,30.64,21.0,38.7,85.4,14.6,0.6944,0.6601,0.6813,5.5443,0.4323,0.7078,0.5777,0.0516,0.6557,0.5838,0.6625,4.8091,0.3902,0.5845,0.5345,-0.0195,0.6751,0.622,0.6719,5.1767,0.4113,0.6461,0.5561,0.0161,114.35,1793.4,0.3280999999999999,0.64855
2021-02-24,FARM0275,D,-7.641981,112.132232,756,1,56,9981,390.83,2.57,20.87,28.3,15.8,93.8,13.4,0.6374,0.609,0.6881,4.5154,0.4214,0.5922,0.5444,-0.0509,0.6921,0.5474,0.6231,5.4946,0.3522,0.5518,0.5237,0.0471,0.6647,0.5782,0.6556,5.005,0.3868,0.572,0.534,-0.0019,114.9,2654.54,0.3444,0.6214500000000001
2022-05-20,FARM0275,D,-7.641981,112.132232,756,2,56,10420,366.22,2.24,24.32,26.7,3.1,92.2,14.5,0.7067,0.6426,0.697,5.8199,0.4637,0.6774,0.6017,0.0758,0.6819,0.6916,0.6636,5.2866,0.401,0.5926,0.5528,0.0279,0.6943,0.6671,0.6803,5.5532,0.4324,0.635,0.5772,0.0518,116.44,2461.74,0.3197,0.6807000000000001
2023-08-13,FARM0275,D,-7.641981,112.132232,756,3,56,9500,320.55,2.73,17.05,22.7,3.6,94.5,13.3,0.7297,0.6654,0.687,6.3978,0.4547,0.7319,0.6073,0.1226,0.6993,0.6737,0.682,5.6518,0.4353,0.6854,0.5817,0.0612,0.7145,0.6696,0.6845,6.0248,0.445,0.7086,0.5945,0.0919,116.9,2145.15,0.3155,0.69205
2024-09-06,FARM0275,D,-7.641981,112.132232,756,4,48,9767,319.37,2.57,15.83,22.7,5.0,79.4,13.9,0.7153,0.614,0.6877,6.024,0.4507,0.6779,0.5982,0.0929,0.6624,0.6418,0.6626,4.9243,0.3927,0.5947,0.539,-0.0076,0.6888,0.6279,0.6752,5.4742,0.4217,0.6363,0.5686,0.0426,117.06,1802.38,0.3248,0.65835
2021-01-25,FARM0276,D,-7.649125,112.138384,591,1,52,9136,365.92,3.29,32.51,25.2,50.0,90.8,16.1,0.6137,0.6417,0.6666,4.1769,0.3802,0.5329,0.5094,-0.0897,0.7118,0.635,0.6795,5.9388,0.4358,0.6814,0.5877,0.0858,0.6627,0.6383,0.673,5.0579,0.408,0.6072,0.5486,-0.0019,115.97,2288.16,0.327,0.6505
2022-04-20,FARM0276,D,-7.649125,112.138384,591,2,56,9259,340.33,2.88,34.67,31.1,3.7,91.8,15.9,0.657,0.6062,0.6567,4.8315,0.3827,0.5635,0.5303,-0.0171,0.7303,0.6239,0.6477,6.4155,0.3948,0.6292,0.5691,0.124,0.6937,0.6151,0.6522,5.6235,0.3888,0.5963,0.5497,0.0534,115.33,2854.98,0.3478,0.6544
2023-06-14,FARM0276,D,-7.649125,112.138384,591,3,52,9029,345.71,2.94,36.28,24.6,1.8,85.5,16.4,0.732,0.5954,0.6895,6.4628,0.4599,0.704,0.6114,0.1276,0.6244,0.5801,0.6374,4.3243,0.3471,0.5109,0.4931,-0.0725,0.6782,0.5878,0.6634,5.3936,0.4035,0.6075,0.5522,0.0276,114.43,2103.3,0.3366,0.633
2024-09-06,FARM0276,D,-7.649125,112.138384,591,4,56,8981,322.74,2.31,10.85,22.6,3.2,85.3,16.8,0.6705,0.6167,0.6589,5.0691,0.3903,0.5977,0.541,0.0069,0.6297,0.5845,0.643,4.4013,0.3557,0.544,0.501,-0.0637,0.6501,0.6006,0.6509,4.7352,0.373,0.5709,0.521,-0.0284,85.03,1927.78,0.3491,0.6253500000000001
2020-12-26,FARM0277,D,-7.659314,112.132973,637,1,48,9415,380.99,3.04,41.83,25.3,4.1,85.4,14.6,0.6513,0.6055,0.644,4.7358,0.3642,0.6108,0.5158,-0.0271,0.674,0.6709,0.67,5.1341,0.4075,0.5727,0.5533,0.0132,0.6626,0.6382,0.657,4.9349,0.3859,0.5917,0.5346,-0.007,114.35,2160.62,0.343,0.6504
2022-03-21,FARM0277,D,-7.659314,112.132973,637,2,56,9971,344.04,3.04,34.63,30.9,5.3,95.0,14.9,0.7212,0.5989,0.6955,6.1739,0.4667,0.6974,0.6103,0.1051,0.6671,0.6093,0.6607,5.0075,0.3917,0.5868,0.5404,0.0008,0.6941,0.6041,0.6781,5.5907,0.4292,0.6421,0.5753,0.0529,114.98,2935.5,0.3219,0.6491
2023-05-15,FARM0277,D,-7.659314,112.132973,637,3,52,8939,319.95,2.52,13.22,30.3,3.5,90.0,16.5,0.6485,0.6259,0.6883,4.6895,0.4262,0.609,0.5524,-0.032,0.6945,0.685,0.6689,5.5473,0.4131,0.6015,0.566,0.0519,0.6715,0.6554,0.6786,5.1184,0.4197,0.6052,0.5592,0.0099,113.48,2727.0,0.3214,0.66345
2024-07-08,FARM0277,D,-7.659314,112.132973,637,4,52,8522,344.33,2.36,19.72,24.8,10.8,90.6,16.4,0.647,0.6766,0.6888,4.666,0.4264,0.5816,0.5518,-0.0346,0.7094,0.6995,0.6792,5.8819,0.4345,0.6446,0.5859,0.081,0.6782,0.688,0.684,5.274,0.4304,0.6131,0.5688,0.0232,116.42,2246.88,0.3159999999999999,0.6831
2020-12-26,FARM0278,D,-7.640581,112.157575,605,1,48,9662,317.18,2.33,17.22,23.3,7.3,87.5,16.4,0.6039,0.6191,0.6584,4.0496,0.3656,0.5244,0.4961,-0.105,0.724,0.6244,0.6656,6.2457,0.4183,0.643,0.5822,0.1108,0.6639,0.6218,0.662,5.1476,0.3919,0.5837,0.5391,0.0029,113.41,2038.75,0.338,0.64285
2022-01-20,FARM0278,D,-7.640581,112.157575,605,2,48,10680,332.96,2.48,19.12,26.3,50.0,94.0,13.1,0.6941,0.5987,0.6667,5.5385,0.4098,0.6553,0.5637,0.0511,0.6571,0.5859,0.6376,4.8324,0.3584,0.5867,0.5142,-0.017,0.6756,0.5923,0.6522,5.1854,0.3841,0.621,0.539,0.017,115.86,2472.2,0.3478,0.63395
2023-03-16,FARM0278,D,-7.640581,112.157575,605,3,52,10434,330.29,2.86,23.04,31.8,10.3,95.0,14.7,0.6488,0.5875,0.6683,4.6949,0.3958,0.5948,0.5349,-0.0315,0.7193,0.679,0.6707,6.1261,0.4245,0.6794,0.5841,0.1012,0.6841,0.6332,0.6695,5.4105,0.4102,0.6371,0.5595,0.0349,117.24,3021.0,0.3305,0.65865
2024-04-09,FARM0278,D,-7.640581,112.157575,605,4,48,10120,320.23,1.84,9.55,30.0,6.1,82.3,16.1,0.6326,0.6378,0.6765,4.4444,0.4016,0.6191,0.5308,-0.0588,0.7624,0.6315,0.6812,7.4187,0.4563,0.7759,0.6231,0.1948,0.6975,0.6346,0.6788,5.9315,0.4289,0.6975,0.577,0.068,85.88,2469.0,0.3212,0.66605
2021-02-24,FARM0279,D,-7.637922,112.152442,357,1,56,9833,347.11,2.38,16.2,27.5,10.9,92.0,14.3,0.7242,0.5963,0.6695,6.251,0.4243,0.749,0.5861,0.1112,0.7561,0.631,0.6738,7.1986,0.4418,0.7223,0.6111,0.1802,0.7401,0.6136,0.6716,6.7248,0.433,0.7356,0.5986,0.1457,115.99,2530.0,0.3284,0.67685
2022-03-21,FARM0279,D,-7.637922,112.152442,357,2,48,10066,316.3,2.91,19.38,32.4,8.1,79.5,14.6,0.7084,0.6664,0.6712,5.8576,0.4215,0.654,0.5774,0.079,0.6523,0.641,0.6284,4.7529,0.346,0.5251,0.5037,-0.0253,0.6804,0.6537,0.6498,5.3053,0.3838,0.5895,0.5405,0.0268,113.16,2575.8,0.3502,0.6670499999999999
2023-04-15,FARM0279,D,-7.637922,112.152442,357,3,48,9415,287.31,2.52,24.8,32.8,1.2,81.5,13.2,0.7143,0.6041,0.6942,6.0001,0.4616,0.6904,0.6041,0.0909,0.659,0.6514,0.6776,4.8659,0.4134,0.62,0.5501,-0.0136,0.6867,0.6278,0.6859,5.433,0.4375,0.6552,0.5771,0.0387,116.01,2673.2,0.3141,0.65725
2024-07-08,FARM0279,D,-7.637922,112.152442,357,4,56,9771,312.35,2.61,23.66,22.7,8.3,84.1,14.9,0.6212,0.5555,0.6576,4.2804,0.371,0.5224,0.5072,-0.0775,0.6449,0.6147,0.6357,4.6318,0.352,0.5406,0.5049,-0.0382,0.6331,0.5851,0.6466,4.4561,0.3615,0.5315,0.506,-0.0579,114.61,1909.07,0.3534,0.6091
2021-01-25,FARM0280,D,-7.657871,112.154448,390,1,52,10003,335.11,2.83,18.41,28.8,15.3,80.2,14.4,0.674,0.6486,0.6861,5.1351,0.4326,0.6191,0.5683,0.0133,0.6881,0.6179,0.6768,5.4121,0.4229,0.6306,0.5691,0.0396,0.681,0.6332,0.6814,5.2736,0.4277,0.6249,0.5687,0.0265,116.89,2309.76,0.3186,0.6571
2022-04-20,FARM0280,D,-7.657871,112.154448,390,2,56,9296,359.59,2.81,32.58,32.7,2.0,87.1,15.3,0.7251,0.6624,0.6732,6.276,0.4303,0.6709,0.5903,0.1132,0.6403,0.6021,0.6394,4.5601,0.3549,0.5613,0.5049,-0.046,0.6827,0.6323,0.6563,5.418,0.3926,0.6161,0.5476,0.0336,114.93,2848.17,0.3437,0.6575
2023-05-15,FARM0280,D,-7.657871,112.154448,390,3,48,9687,338.11,2.19,17.93,27.0,6.6,84.5,13.1,0.5955,0.6078,0.647,3.9449,0.3484,0.5422,0.4816,-0.118,0.6656,0.613,0.6797,4.9808,0.4191,0.585,0.5565,-0.0019,0.6306,0.6104,0.6633,4.4628,0.3837,0.5636,0.519,-0.0599,113.15,2281.5,0.3367,0.6205
2024-07-08,FARM0280,D,-7.657871,112.154448,390,4,52,8624,310.84,2.48,18.61,25.0,6.4,87.7,14.1,0.6909,0.6224,0.6603,5.4701,0.3994,0.6869,0.5557,0.0449,0.6834,0.6562,0.639,5.3176,0.3686,0.63,0.532,0.0308,0.6872,0.6393,0.6496,5.3939,0.384,0.6584,0.5438,0.0378,117.21,2192.5,0.3504,0.66325
2021-01-25,FARM0281,D,-7.656098,112.163454,315,1,52,9516,334.82,2.69,17.59,27.3,39.3,82.6,15.1,0.6876,0.6881,0.6931,5.4015,0.4496,0.6784,0.5845,0.0386,0.6301,0.6703,0.6417,4.4064,0.3542,0.5018,0.5002,-0.0631,0.6588,0.6792,0.6674,4.904,0.4019,0.5901,0.5423,-0.0122,115.09,2254.98,0.3326,0.669
2022-02-19,FARM0281,D,-7.656098,112.163454,315,2,48,8898,303.31,2.57,18.85,32.8,8.8,87.4,16.1,0.6514,0.6322,0.6808,4.7377,0.4154,0.6441,0.5477,-0.0269,0.6205,0.5641,0.6434,4.2702,0.353,0.5145,0.4954,-0.0787,0.636,0.5982,0.6621,4.5039,0.3842,0.5793,0.5215,-0.0528,116.45,2866.72,0.3379,0.6171
2023-04-15,FARM0281,D,-7.656098,112.163454,315,3,52,8597,280.32,2.95,26.89,32.4,2.3,86.5,14.9,0.7053,0.6021,0.6725,5.7874,0.4225,0.6997,0.5766,0.073,0.6733,0.6644,0.6571,5.1212,0.3889,0.628,0.5413,0.012,0.6893,0.6333,0.6648,5.4543,0.4057,0.6639,0.559,0.0425,114.89,2802.6,0.3352000000000001,0.6613
2024-05-09,FARM0281,D,-7.656098,112.163454,315,4,48,9184,249.23,2.5,21.38,30.1,8.2,89.9,14.5,0.632,0.6086,0.6686,4.4353,0.39,0.5653,0.5237,-0.0599,0.7138,0.578,0.6549,5.987,0.3994,0.6444,0.5654,0.0898,0.6729,0.5933,0.6618,5.2111,0.3947,0.6049,0.5446,0.015,113.13,2705.99,0.3381999999999999,0.6331
2021-01-25,FARM0282,D,-7.658627,112.133687,536,1,52,9510,379.79,3.57,57.32,28.9,23.8,95.0,16.3,0.7307,0.6383,0.6774,6.4277,0.439,0.6952,0.5982,0.1249,0.7425,0.688,0.662,6.7677,0.4191,0.685,0.5906,0.1502,0.7366,0.6632,0.6697,6.5977,0.429,0.6901,0.5944,0.1376,115.31,2745.5,0.3303,0.6999
2022-02-19,FARM0282,D,-7.658627,112.133687,536,2,48,8972,364.63,2.6,30.3,31.6,36.2,80.2,13.4,0.7193,0.6837,0.6868,6.124,0.4506,0.7579,0.6,0.101,0.634,0.6619,0.6376,4.4645,0.3506,0.5172,0.4995,-0.0566,0.6766,0.6728,0.6622,5.2943,0.4006,0.6376,0.5497,0.0222,116.21,2534.32,0.3378,0.6747
2023-05-15,FARM0282,D,-7.658627,112.133687,536,3,56,8814,331.16,3.12,37.69,30.9,4.8,82.1,13.3,0.6178,0.6077,0.6648,4.2333,0.3793,0.5765,0.5108,-0.083,0.7223,0.7014,0.6804,6.202,0.441,0.7073,0.5957,0.1073,0.6701,0.6545,0.6726,5.2176,0.4102,0.6419,0.5532,0.0121,113.57,2536.89,0.3274,0.6623
2024-06-08,FARM0282,D,-7.658627,112.133687,536,4,48,9319,314.72,2.58,15.46,26.5,0.6,95.0,15.4,0.6744,0.5704,0.6703,5.1418,0.4081,0.648,0.5539,0.014,0.6493,0.6324,0.6521,4.7026,0.3738,0.5462,0.5213,-0.0306,0.6618,0.6014,0.6612,4.9222,0.391,0.5971,0.5376,-0.0083,117.0,2517.5,0.3388,0.6316
2020-12-26,FARM0283,D,-7.632338,112.135267,517,1,48,11040,342.33,3.24,24.43,26.4,9.7,87.9,13.8,0.6441,0.6066,0.6461,4.6192,0.3644,0.5795,0.5129,-0.0396,0.7275,0.6536,0.6326,6.3406,0.3743,0.6405,0.5534,0.1182,0.6858,0.6301,0.6393,5.4799,0.3693,0.61,0.5331,0.0393,114.33,2320.56,0.3607,0.65795
2022-02-19,FARM0283,D,-7.632338,112.135267,517,2,52,9605,322.24,2.45,20.47,26.9,6.7,88.0,15.6,0.6082,0.5858,0.6559,4.104,0.364,0.5643,0.497,-0.0984,0.7153,0.6734,0.6737,6.0249,0.4278,0.7042,0.5844,0.093,0.6617,0.6296,0.6648,5.0645,0.3959,0.6343,0.5407,-0.0027,117.04,2367.2,0.3352000000000001,0.6456500000000001
2023-04-15,FARM0283,D,-7.632338,112.135267,517,3,52,10097,326.18,2.53,14.71,28.2,0.5,95.0,14.8,0.6447,0.598,0.6552,4.6295,0.3764,0.5756,0.5209,-0.0385,0.7382,0.6347,0.6694,6.6385,0.4289,0.6532,0.5951,0.1408,0.6914,0.6164,0.6623,5.634,0.4026,0.6144,0.558,0.0512,116.8,2679.0,0.3377,0.6538999999999999
2024-05-09,FARM0283,D,-7.632338,112.135267,517,4,48,9970,270.07,2.32,16.4,32.3,3.2,95.0,15.0,0.6446,0.6802,0.6836,4.6282,0.4172,0.6049,0.5455,-0.0386,0.642,0.6623,0.6549,4.5865,0.3751,0.5611,0.5189,-0.0431,0.6433,0.6713,0.6693,4.6073,0.3961,0.583,0.5322,-0.0409,114.69,3068.5,0.3307,0.6573
2020-12-26,FARM0284,D,-7.650531,112.133281,778,1,48,8893,365.12,3.27,44.36,27.7,1.4,84.3,15.1,0.6666,0.6584,0.6957,4.9997,0.4457,0.6593,0.5721,0.0,0.6908,0.6238,0.6575,5.469,0.3954,0.6011,0.5531,0.0448,0.6787,0.6411,0.6766,5.2344,0.4206,0.6302,0.5626,0.0224,115.41,2335.11,0.3234,0.6598999999999999
2022-03-21,FARM0284,D,-7.650531,112.133281,778,2,56,9596,343.05,3.06,22.2,31.9,28.1,91.9,13.9,0.6647,0.6459,0.6568,4.9644,0.3854,0.5756,0.5354,-0.0036,0.7002,0.6545,0.6595,5.6722,0.4014,0.615,0.561,0.063,0.6825,0.6502,0.6581,5.3183,0.3934,0.5953,0.5482,0.0297,114.59,2931.61,0.3419,0.66635
2023-05-15,FARM0284,D,-7.650531,112.133281,778,3,52,9693,309.45,2.95,40.7,27.5,1.2,84.0,14.0,0.6532,0.6585,0.6616,4.7666,0.3881,0.5886,0.532,-0.0239,0.6354,0.6318,0.6614,4.4848,0.3813,0.5442,0.5199,-0.0543,0.6443,0.6451,0.6615,4.6257,0.3847,0.5664,0.5259,-0.0391,114.14,2310.0,0.3385,0.6447
2024-06-08,FARM0284,D,-7.650531,112.133281,778,4,48,9205,323.13,2.24,13.27,29.4,1.9,95.0,13.8,0.6304,0.5539,0.647,4.4115,0.3609,0.5967,0.5047,-0.0625,0.6097,0.5604,0.6363,4.1241,0.3409,0.482,0.4828,-0.096,0.6201,0.5571,0.6417,4.2678,0.3509,0.5394,0.4938,-0.0793,111.33,2793.0,0.3583,0.5886
2020-12-26,FARM0285,D,-7.652299,112.169371,589,1,48,8848,371.69,2.67,26.89,24.1,42.3,82.4,14.7,0.653,0.5533,0.6581,4.7644,0.3832,0.6265,0.5289,-0.0241,0.6278,0.5751,0.6472,4.3736,0.3601,0.5083,0.5031,-0.0668,0.6404,0.5642,0.6527,4.569,0.3717,0.5674,0.516,-0.0455,112.72,1985.84,0.3473000000000001,0.6023000000000001
2022-03-21,FARM0285,D,-7.652299,112.169371,589,2,56,8583,339.58,2.24,16.99,31.7,8.4,79.4,14.3,0.6516,0.5693,0.6666,4.7412,0.3944,0.5761,0.5353,-0.0266,0.6999,0.5987,0.6295,5.6649,0.3621,0.626,0.5339,0.0623,0.6758,0.584,0.648,5.203,0.3783,0.6011,0.5346,0.0179,116.12,2516.98,0.352,0.6298999999999999
2023-05-15,FARM0285,D,-7.652299,112.169371,589,3,52,8321,339.77,2.59,15.65,30.8,2.2,95.0,13.4,0.6088,0.639,0.6526,4.112,0.36,0.5266,0.4948,-0.0975,0.6495,0.6145,0.6717,4.7062,0.401,0.6009,0.5383,-0.0303,0.6291,0.6267,0.6621,4.4091,0.3805,0.5638,0.5165,-0.0639,116.2,2926.0,0.3379,0.6279
2024-07-08,FARM0285,D,-7.652299,112.169371,589,4,52,8801,282.31,2.66,14.74,26.1,1.2,86.6,16.5,0.7327,0.6311,0.684,6.4819,0.4507,0.691,0.6063,0.1291,0.618,0.573,0.6393,4.2353,0.3472,0.5184,0.4904,-0.0828,0.6753,0.602,0.6617,5.3586,0.399,0.6047,0.5484,0.0231,116.65,2260.26,0.3383,0.6386499999999999
2020-12-26,FARM0286,D,-7.663889,112.137199,433,1,48,10325,352.98,2.87,40.29,27.7,12.3,95.0,16.4,0.6697,0.5812,0.6594,5.0559,0.3908,0.5857,0.541,0.0056,0.6108,0.6272,0.6303,4.1382,0.3345,0.5065,0.4789,-0.0943,0.6403,0.6042,0.6449,4.5971,0.3626,0.5461,0.51,-0.0444,114.94,2631.5,0.3551,0.62225
2022-03-21,FARM0286,D,-7.663889,112.137199,433,2,56,9885,338.16,2.91,28.09,28.9,8.2,80.3,13.3,0.6771,0.5678,0.6437,5.1946,0.3726,0.6016,0.5321,0.0191,0.6531,0.6208,0.6318,4.7645,0.3502,0.5651,0.5069,-0.0241,0.6651,0.5943,0.6378,4.9796,0.3614,0.5834,0.5195,-0.0025,115.39,2320.67,0.3622,0.6297
2023-04-15,FARM0286,D,-7.663889,112.137199,433,3,48,9896,312.06,2.77,29.71,31.1,11.8,95.0,15.4,0.6498,0.5856,0.6663,4.7103,0.3933,0.5896,0.5338,-0.0298,0.6516,0.6074,0.6656,4.7405,0.393,0.5388,0.5344,-0.0266,0.6507,0.5965,0.6659,4.7254,0.3932,0.5642,0.5341,-0.0282,114.49,2954.5,0.3341,0.6235999999999999
2024-07-08,FARM0286,D,-7.663889,112.137199,433,4,56,8559,275.52,2.05,16.65,27.1,7.1,82.6,14.6,0.6895,0.655,0.674,5.4404,0.4191,0.6807,0.5675,0.0422,0.6969,0.6508,0.6403,5.5984,0.3746,0.6442,0.5416,0.0565,0.6932,0.6529,0.6572,5.5194,0.3969,0.6625,0.5545,0.0493,116.54,2238.46,0.3428,0.67305
2020-12-26,FARM0287,D,-7.650251,112.150783,528,1,48,10613,326.92,3.12,27.71,27.6,47.2,94.6,13.4,0.6706,0.6437,0.6479,5.0719,0.3757,0.6123,0.5315,0.0071,0.7113,0.6322,0.6585,5.9267,0.4038,0.63,0.5672,0.0848,0.6909,0.638,0.6532,5.4993,0.3897,0.6212,0.5494,0.046,116.51,2610.96,0.3468,0.66445
2022-02-19,FARM0287,D,-7.650251,112.150783,528,2,52,10334,346.29,2.28,19.47,28.0,44.8,84.2,14.8,0.6321,0.5726,0.6523,4.436,0.368,0.5538,0.5101,-0.0598,0.6459,0.5841,0.639,4.6479,0.3563,0.5852,0.5082,-0.0365,0.639,0.5784,0.6456,4.5419,0.3622,0.5695,0.5092,-0.0481,113.13,2357.6,0.3544,0.6087
2023-03-16,FARM0287,D,-7.650251,112.150783,528,3,48,10474,334.7,2.71,21.53,29.3,28.0,81.3,16.6,0.6166,0.6034,0.6458,4.2166,0.3545,0.5095,0.4947,-0.085,0.7507,0.6614,0.6633,7.0223,0.4237,0.6892,0.5971,0.1682,0.6837,0.6324,0.6546,5.6194,0.3891,0.5993,0.5459,0.0416,114.53,2382.09,0.3454,0.65805
2024-06-08,FARM0287,D,-7.650251,112.150783,528,4,56,10126,272.64,2.45,14.71,27.0,6.0,95.0,16.5,0.7389,0.6088,0.6921,6.6597,0.467,0.7814,0.6188,0.1423,0.6249,0.6259,0.6436,4.3313,0.3547,0.535,0.4983,-0.0717,0.6819,0.6173,0.6678,5.4955,0.4108,0.6582,0.5586,0.0353,114.67,2565.0,0.3322000000000001,0.6496
2020-12-26,FARM0288,D,-7.648135,112.144237,371,1,48,9938,326.75,2.7,22.9,28.3,10.1,82.1,17.0,0.6411,0.6355,0.6611,4.5726,0.383,0.5858,0.5235,-0.0446,0.7153,0.6455,0.6806,6.0262,0.4388,0.7136,0.5912,0.0931,0.6782,0.6405,0.6709,5.2994,0.4109,0.6497,0.5574,0.0242,114.43,2323.43,0.3290999999999999,0.65935
2022-03-21,FARM0288,D,-7.648135,112.144237,371,2,56,10133,301.8,2.88,29.02,33.4,25.7,81.7,15.2,0.624,0.5503,0.654,4.3188,0.3674,0.5447,0.5062,-0.0731,0.7059,0.59,0.6504,5.7995,0.3907,0.642,0.5563,0.074,0.6649,0.5701,0.6522,5.0592,0.3791,0.5934,0.5312,0.0005,116.56,2728.78,0.3478,0.6175
2023-05-15,FARM0288,D,-7.648135,112.144237,371,3,52,10412,299.28,2.4,22.35,32.2,24.3,88.1,15.3,0.719,0.6033,0.6892,6.1162,0.4546,0.7246,0.6022,0.1004,0.6263,0.6209,0.6282,4.3517,0.3373,0.5404,0.4872,-0.0693,0.6726,0.6121,0.6587,5.2339,0.396,0.6325,0.5447,0.0155,115.51,2836.82,0.3413,0.64235
2024-07-08,FARM0288,D,-7.648135,112.144237,371,4,52,10256,293.03,2.41,12.39,24.8,12.0,85.3,14.1,0.6308,0.6072,0.6611,4.417,0.3792,0.571,0.5166,-0.0619,0.7407,0.6418,0.6739,6.713,0.4369,0.6644,0.6013,0.1462,0.6857,0.6245,0.6675,5.565,0.408,0.6177,0.5589,0.0422,107.94,2115.44,0.3325,0.6551
2021-01-25,FARM0289,E,-7.686026,112.208194,579,1,52,10206,367.24,3.26,44.8,29.7,0.2,67.9,15.7,0.6704,0.6886,0.5281,5.0682,0.4646,0.6897,0.5842,0.0068,0.7323,0.6351,0.5337,6.4706,0.4495,0.718,0.6053,0.1282,0.7013,0.6619,0.5309,5.7694,0.457,0.7039,0.5947,0.0675,117.01,2016.63,0.4691,0.6816
2022-03-21,FARM0289,E,-7.686026,112.208194,579,2,52,8913,307.93,2.58,26.15,30.2,7.0,69.1,15.4,0.6495,0.5931,0.5755,4.7057,0.3992,0.5975,0.5372,-0.0303,0.7198,0.6056,0.6129,6.1385,0.4362,0.6753,0.5916,0.1022,0.6847,0.5993,0.5942,5.4221,0.4177,0.6364,0.5644,0.0359,115.63,2086.82,0.4058,0.642
2023-05-15,FARM0289,E,-7.686026,112.208194,579,3,52,10047,286.09,2.58,14.29,30.0,1.5,78.0,16.0,0.7123,0.6591,0.5359,5.9521,0.461,0.736,0.6028,0.0869,0.7211,0.5822,0.532,6.1718,0.3937,0.7021,0.5646,0.1049,0.7167,0.6206,0.534,6.062,0.4273,0.719,0.5837,0.0959,113.78,2340.0,0.466,0.66865
2024-07-08,FARM0289,E,-7.686026,112.208194,579,4,52,9471,283.48,2.49,18.47,28.3,1.9,69.6,16.6,0.7261,0.5786,0.4837,6.3014,0.4316,0.747,0.5916,0.1152,0.6713,0.5992,0.5036,5.0847,0.3723,0.6046,0.5295,0.0084,0.6987,0.5889,0.4937,5.693,0.402,0.6758,0.5605,0.0618,117.09,1969.68,0.5063,0.6437999999999999
2020-12-26,FARM0290,E,-7.710209,112.182789,582,1,48,9774,347.48,2.46,16.09,25.4,8.4,73.9,14.5,0.7332,0.6367,0.5034,6.4973,0.4768,0.7659,0.6218,0.1302,0.7541,0.7016,0.518,7.135,0.4684,0.7485,0.6267,0.1759,0.7437,0.6691,0.5107,6.8161,0.4726,0.7572,0.6242,0.1531,116.25,1877.06,0.4893,0.7064
2022-03-21,FARM0290,E,-7.710209,112.182789,582,2,56,9692,299.8,2.96,24.79,29.5,7.2,73.8,13.5,0.6936,0.6286,0.5693,5.527,0.4736,0.6776,0.6006,0.0501,0.6978,0.6225,0.467,5.6178,0.4042,0.6292,0.5618,0.0582,0.6957,0.6256,0.5181,5.5724,0.4389,0.6534,0.5812,0.0541,116.84,2177.1,0.4819,0.66065
2023-04-15,FARM0290,E,-7.710209,112.182789,582,3,48,9300,277.13,2.15,8.99,31.1,1.1,76.8,15.5,0.6197,0.5623,0.5131,4.2588,0.3778,0.549,0.5107,-0.0801,0.7255,0.6303,0.5606,6.2847,0.4607,0.6527,0.6088,0.1138,0.6726,0.5963,0.5368,5.2718,0.4192,0.6008,0.5598,0.0169,86.45,2388.48,0.4631999999999999,0.63445
2024-05-09,FARM0290,E,-7.710209,112.182789,582,4,48,9321,285.14,2.04,10.69,33.7,3.9,80.9,15.8,0.7259,0.6755,0.5968,6.2961,0.4864,0.766,0.6236,0.1147,0.7156,0.6877,0.5906,6.0312,0.4598,0.7074,0.6036,0.0935,0.7207,0.6816,0.5937,6.1637,0.4731,0.7367,0.6136,0.1041,86.58,2726.33,0.4063,0.7011499999999999
2021-01-25,FARM0291,E,-7.68068,112.206672,289,1,52,8736,326.47,2.89,20.26,31.5,7.9,86.6,14.4,0.7197,0.6888,0.5104,6.1343,0.4735,0.7604,0.6134,0.1019,0.7372,0.6421,0.6355,6.6115,0.4601,0.6828,0.614,0.1388,0.7285,0.6654,0.573,6.3729,0.4668,0.7216,0.6137,0.1203,117.22,2727.9,0.427,0.69695
2022-04-20,FARM0291,E,-7.68068,112.206672,289,2,56,9207,352.42,2.67,33.34,31.4,4.0,86.9,14.0,0.7065,0.6389,0.5639,5.8134,0.4582,0.7377,0.5984,0.0752,0.6417,0.6127,0.5573,4.5827,0.3653,0.5443,0.5125,-0.0435,0.6741,0.6258,0.5606,5.198,0.4117,0.641,0.5554,0.0158,113.13,2728.66,0.4394,0.64995
2023-05-15,FARM0291,E,-7.68068,112.206672,289,3,48,9243,326.62,2.42,16.42,30.6,0.2,67.7,15.0,0.7284,0.6412,0.5289,6.3641,0.4311,0.7132,0.5923,0.12,0.6711,0.5999,0.5248,5.0817,0.3804,0.6016,0.5348,0.0081,0.6998,0.6205,0.5269,5.7229,0.4057,0.6574,0.5636,0.0641,116.8,2071.62,0.4731,0.66015
2024-06-08,FARM0291,E,-7.68068,112.206672,289,4,48,8229,274.46,2.57,16.02,30.2,1.5,67.8,13.9,0.7036,0.6279,0.4949,5.7486,0.4793,0.7108,0.6087,0.0697,0.721,0.6857,0.5342,6.1682,0.4616,0.6988,0.6072,0.1046,0.7123,0.6568,0.5146,5.9584,0.4704,0.7048,0.6079,0.0871,106.53,2047.56,0.4854000000000001,0.68455
2021-01-25,FARM0292,E,-7.687109,112.187333,296,1,52,9149,319.8,2.99,20.74,27.7,1.0,82.8,15.5,0.7027,0.6089,0.5875,5.7273,0.4733,0.7477,0.605,0.0678,0.6656,0.6093,0.5012,4.9816,0.3986,0.625,0.5441,-0.0018,0.6842,0.6091,0.5444,5.3544,0.436,0.6863,0.5746,0.033,114.63,2293.56,0.4556,0.64665
2022-02-19,FARM0292,E,-7.687109,112.187333,296,2,48,9602,333.68,2.75,24.38,30.5,6.6,75.6,13.3,0.6537,0.5947,0.4642,4.7756,0.3962,0.6143,0.5373,-0.023,0.683,0.6771,0.5926,5.3086,0.4499,0.614,0.5824,0.0299,0.6683,0.6359,0.5284,5.0421,0.4231,0.6141,0.5599,0.0035,115.4,2305.8,0.4716,0.6521
2023-03-16,FARM0292,E,-7.687109,112.187333,296,3,48,8962,296.76,3.02,18.65,31.9,7.8,70.9,15.5,0.7234,0.6568,0.5097,6.2294,0.4948,0.7241,0.6268,0.1095,0.7526,0.6253,0.6236,7.083,0.4693,0.7003,0.6265,0.1724,0.738,0.641,0.5667,6.6562,0.482,0.7122,0.6267,0.1409,115.14,2261.71,0.4333,0.6895
2024-06-08,FARM0292,E,-7.687109,112.187333,296,4,56,8657,254.58,2.31,9.38,26.8,0.9,80.0,16.8,0.6398,0.6244,0.5768,4.5527,0.4058,0.6281,0.5366,-0.0468,0.7283,0.6262,0.5602,6.3598,0.4697,0.699,0.6154,0.1197,0.684,0.6253,0.5685,5.4563,0.4377,0.6636,0.576,0.0364,86.04,2144.0,0.4315,0.65465
2021-01-25,FARM0293,E,-7.691095,112.204784,333,1,52,10006,332.29,3.17,38.41,29.0,1.9,81.7,16.4,0.729,0.6863,0.6135,6.3795,0.4668,0.7153,0.614,0.1212,0.6943,0.6571,0.6197,5.5433,0.4458,0.6827,0.5855,0.0515,0.7117,0.6717,0.6166,5.9614,0.4563,0.699,0.5998,0.0864,112.98,2369.3,0.3834,0.6917
2022-03-21,FARM0293,E,-7.691095,112.204784,333,2,52,9396,345.68,2.38,13.86,34.6,13.5,68.7,13.9,0.7098,0.6392,0.4964,5.8924,0.4576,0.7345,0.5996,0.0819,0.668,0.6879,0.5014,5.0245,0.4244,0.5821,0.5607,0.0024,0.6889,0.6635,0.4989,5.4585,0.441,0.6583,0.5802,0.0422,114.18,2377.02,0.5011,0.6761999999999999
2023-05-15,FARM0293,E,-7.691095,112.204784,333,3,52,10063,288.15,2.43,14.37,28.8,1.6,81.0,15.6,0.6572,0.6832,0.5099,4.8345,0.4417,0.629,0.5653,-0.0168,0.7124,0.7048,0.6063,5.9547,0.4357,0.6268,0.5879,0.0871,0.6848,0.694,0.5581,5.3946,0.4387,0.6279,0.5766,0.0352,114.66,2332.8,0.4419,0.6894
2024-08-07,FARM0293,E,-7.691095,112.204784,333,4,56,8901,305.81,2.55,22.04,24.0,0.1,86.4,16.9,0.6344,0.6667,0.573,4.4711,0.4102,0.5999,0.5366,-0.0558,0.6546,0.6436,0.5297,4.7904,0.3835,0.5356,0.5298,-0.0214,0.6445,0.6552,0.5513,4.6308,0.3968,0.5677,0.5332,-0.0386,113.75,2073.6,0.4487,0.64985
2021-02-24,FARM0294,E,-7.692667,112.187778,540,1,56,9672,332.82,2.73,29.16,28.6,3.4,69.1,15.1,0.7572,0.6651,0.5859,7.2361,0.5074,0.7854,0.6505,0.1827,0.6467,0.6892,0.5635,4.6615,0.3874,0.5857,0.5287,-0.035,0.702,0.6771,0.5747,5.9488,0.4474,0.6855,0.5896,0.0739,114.1,1976.26,0.4253,0.68955
2022-05-20,FARM0294,E,-7.692667,112.187778,540,2,56,9308,291.96,2.81,27.13,28.4,12.8,70.5,15.3,0.7042,0.5969,0.4882,5.7624,0.452,0.7283,0.5938,0.0708,0.7265,0.7117,0.5834,6.3139,0.4691,0.7263,0.6142,0.1161,0.7154,0.6543,0.5358,6.0382,0.4606,0.7273,0.604,0.0935,113.58,2002.2,0.4641999999999999,0.68485
2023-06-14,FARM0294,E,-7.692667,112.187778,540,3,48,9365,318.92,2.77,20.51,27.3,1.5,83.3,13.0,0.6512,0.6302,0.4568,4.7341,0.4042,0.59,0.541,-0.0273,0.6728,0.6908,0.5256,5.1125,0.4438,0.655,0.5741,0.0111,0.662,0.6605,0.4912,4.9233,0.424,0.6225,0.5575,-0.0081,112.82,2274.09,0.5087999999999999,0.66125
2024-09-06,FARM0294,E,-7.692667,112.187778,540,4,56,10157,310.04,2.14,11.75,20.5,3.3,76.5,15.9,0.6595,0.6574,0.4489,4.873,0.4118,0.6206,0.5493,-0.0129,0.7579,0.6028,0.5087,7.2614,0.4508,0.6959,0.6177,0.1844,0.7087,0.6301,0.4788,6.0672,0.4313,0.6583,0.5835,0.0858,85.11,1568.25,0.5212,0.6694
2021-02-24,FARM0295,E,-7.708226,112.187092,332,1,56,8985,380.39,2.72,25.99,33.4,5.7,78.6,14.2,0.741,0.6803,0.5966,6.7234,0.4813,0.7944,0.628,0.147,0.6553,0.6498,0.5716,4.8026,0.4138,0.5642,0.5486,-0.0201,0.6982,0.6651,0.5841,5.763,0.4475,0.6793,0.5883,0.0634,116.03,2625.24,0.4159,0.6816500000000001
2022-03-21,FARM0295,E,-7.708226,112.187092,332,2,48,10075,349.64,2.51,22.9,32.8,10.2,82.9,14.9,0.6817,0.674,0.5317,5.2828,0.4687,0.6617,0.592,0.0275,0.7538,0.6649,0.5949,7.1219,0.4723,0.7005,0.6288,0.175,0.7177,0.6695,0.5633,6.2024,0.4705,0.6811,0.6104,0.1013,115.86,2719.12,0.4367,0.6936
2023-04-15,FARM0295,E,-7.708226,112.187092,332,3,48,9571,333.81,2.23,13.51,28.9,1.0,76.5,13.0,0.709,0.6516,0.5329,5.8718,0.4548,0.679,0.5976,0.0802,0.73,0.5872,0.5878,6.4066,0.4076,0.6585,0.5777,0.1233,0.7195,0.6194,0.5603,6.1392,0.4312,0.6688,0.5876,0.1018,116.24,2210.85,0.4397,0.66945
2024-05-09,FARM0295,E,-7.708226,112.187092,332,4,48,9535,300.06,2.66,22.13,28.4,1.8,76.2,14.3,0.7067,0.6756,0.5028,5.8189,0.4287,0.6395,0.5811,0.0757,0.7289,0.6129,0.4532,6.3761,0.4124,0.6737,0.5804,0.121,0.7178,0.6443,0.478,6.0975,0.4206,0.6566,0.5808,0.0983,116.52,2164.08,0.522,0.6810499999999999
2021-02-24,FARM0296,E,-7.690931,112.185063,675,1,56,10038,355.87,2.74,29.82,33.3,3.5,68.5,15.4,0.6942,0.6097,0.534,5.5404,0.4409,0.7216,0.5826,0.0513,0.6615,0.5972,0.5494,4.908,0.3668,0.5964,0.5217,-0.0093,0.6778,0.6035,0.5417,5.2242,0.4038,0.659,0.5522,0.021,115.76,2281.05,0.4583,0.6406499999999999
2022-03-21,FARM0296,E,-7.690931,112.185063,675,2,48,9297,358.7,2.85,39.73,29.2,7.7,68.2,14.2,0.6576,0.5891,0.4642,4.8419,0.4027,0.6116,0.543,-0.0161,0.6355,0.6521,0.5068,4.4863,0.3585,0.5352,0.5053,-0.0541,0.6466,0.6206,0.4855,4.6641,0.3806,0.5734,0.5242,-0.0351,116.72,1991.44,0.5145,0.6335999999999999
2023-06-14,FARM0296,E,-7.690931,112.185063,675,3,56,8756,289.81,2.58,18.53,27.5,0.8,85.9,13.7,0.7249,0.656,0.6086,6.27,0.4734,0.7874,0.6158,0.1127,0.6712,0.6459,0.5109,5.0828,0.4403,0.5815,0.5713,0.0082,0.698,0.651,0.5597,5.6764,0.4568,0.6844,0.5936,0.0604,115.87,2362.25,0.4403,0.6745
2024-09-06,FARM0296,E,-7.690931,112.185063,675,4,56,9159,294.83,2.57,21.47,20.6,1.8,86.0,15.2,0.6927,0.6128,0.5114,5.5079,0.4245,0.6513,0.5722,0.0483,0.7065,0.6096,0.5878,5.8138,0.4036,0.6472,0.5651,0.0753,0.6996,0.6112,0.5496,5.6609,0.414,0.6493,0.5686,0.0618,117.18,1771.6,0.4504,0.6554
2021-01-25,FARM0297,E,-7.718027,112.183318,494,1,52,9169,386.32,2.28,23.83,28.4,27.9,77.8,14.9,0.7387,0.6701,0.5442,6.6553,0.4758,0.7898,0.6238,0.142,0.7644,0.6861,0.5728,7.489,0.4773,0.7401,0.6367,0.1993,0.7516,0.6781,0.5585,7.0722,0.4765,0.765,0.6303,0.1707,116.25,2209.52,0.4415,0.71485
2022-02-19,FARM0297,E,-7.718027,112.183318,494,2,48,9431,341.2,2.77,34.33,31.9,8.0,79.9,14.0,0.7157,0.6802,0.4737,6.036,0.4451,0.715,0.5951,0.0939,0.7119,0.6203,0.556,5.9423,0.3847,0.65,0.5547,0.0861,0.7138,0.6502,0.5149,5.9892,0.4149,0.6825,0.5749,0.09,112.96,2548.81,0.4851,0.6819999999999999
2023-05-15,FARM0297,E,-7.718027,112.183318,494,3,56,8458,319.66,2.26,12.21,29.4,2.0,75.0,16.6,0.6578,0.5758,0.4708,4.8437,0.3945,0.6507,0.5381,-0.0159,0.7041,0.6543,0.4871,5.759,0.4115,0.6507,0.5692,0.0705,0.6809,0.615,0.4789,5.3013,0.403,0.6507,0.5536,0.0273,89.14,2205.0,0.5211,0.64795
2024-07-08,FARM0297,E,-7.718027,112.183318,494,4,52,9046,307.74,1.89,10.45,26.5,0.1,68.2,13.5,0.6173,0.6325,0.5817,4.2256,0.3858,0.5411,0.5144,-0.0839,0.6898,0.6873,0.4967,5.4485,0.4274,0.6707,0.5727,0.0429,0.6536,0.6599,0.5392,4.8371,0.4066,0.6059,0.5435,-0.0205,84.08,1807.3,0.4608,0.65675
2020-12-26,FARM0298,E,-7.700566,112.198336,674,1,48,9764,373.58,2.9,28.15,23.9,36.6,85.0,13.4,0.6936,0.6216,0.5947,5.5282,0.447,0.6867,0.5859,0.0502,0.6958,0.6509,0.4758,5.5748,0.4317,0.6342,0.5779,0.0544,0.6947,0.6362,0.5352,5.5515,0.4393,0.6604,0.5819,0.0523,112.73,2031.5,0.4648,0.66545
2022-01-20,FARM0298,E,-7.700566,112.198336,674,2,48,9041,326.48,2.33,13.27,31.1,10.1,76.1,16.2,0.7209,0.6533,0.4889,6.1667,0.433,0.7381,0.5901,0.1045,0.6583,0.5732,0.484,4.8525,0.3725,0.5354,0.5242,-0.015,0.6896,0.6133,0.4864,5.5096,0.4027,0.6368,0.5572,0.0448,111.21,2366.71,0.5136000000000001,0.65145
2023-04-15,FARM0298,E,-7.700566,112.198336,674,3,56,9593,320.36,2.41,14.74,30.8,0.7,74.8,14.2,0.7222,0.6414,0.5015,6.1988,0.47,0.723,0.6126,0.107,0.6557,0.6963,0.6129,4.809,0.3983,0.5877,0.5395,-0.0195,0.6889,0.6689,0.5572,5.5039,0.4341,0.6553,0.576,0.0438,114.45,2303.84,0.4428,0.6789000000000001
2024-07-08,FARM0298,E,-7.700566,112.198336,674,4,56,9225,301.28,2.46,12.76,29.1,14.9,76.2,16.5,0.6762,0.6345,0.4742,5.1768,0.4052,0.6252,0.5529,0.0174,0.6201,0.6049,0.4494,4.2642,0.3588,0.5497,0.499,-0.0794,0.6481,0.6197,0.4618,4.7205,0.382,0.5875,0.526,-0.031,99.16,2217.42,0.5382,0.6339
2020-12-26,FARM0299,E,-7.718431,112.200659,256,1,48,10668,315.84,2.71,14.15,24.9,14.0,81.6,15.6,0.735,0.5906,0.505,6.5473,0.4554,0.704,0.6101,0.134,0.6984,0.6962,0.6373,5.6305,0.4534,0.6412,0.5918,0.0593,0.7167,0.6434,0.5712,6.0889,0.4544,0.6726,0.601,0.0967,116.04,2031.84,0.4288,0.68005
2022-02-19,FARM0299,E,-7.718431,112.200659,256,2,52,9464,343.8,2.31,17.93,32.5,2.5,70.4,16.3,0.6821,0.6445,0.5241,5.2905,0.447,0.6679,0.5804,0.0282,0.7517,0.6992,0.5405,7.0551,0.4779,0.6956,0.6311,0.1705,0.7169,0.6718,0.5323,6.1728,0.4624,0.6817,0.6057,0.0994,115.23,2288.0,0.4677,0.69435
2023-05-15,FARM0299,E,-7.718431,112.200659,256,3,56,10018,308.3,2.16,10.41,32.0,4.1,75.1,15.4,0.7094,0.6099,0.4713,5.8817,0.4459,0.7182,0.5926,0.081,0.7183,0.6297,0.5236,6.0996,0.4363,0.6834,0.591,0.0991,0.7138,0.6198,0.4974,5.9907,0.4411,0.7008,0.5918,0.09,89.68,2403.2,0.5025999999999999,0.6668000000000001
2024-06-08,FARM0299,E,-7.718431,112.200659,256,4,48,8702,290.56,2.2,15.48,27.4,0.5,67.5,14.5,0.6738,0.6174,0.474,5.1313,0.4118,0.6217,0.5559,0.013,0.7505,0.6336,0.6038,7.016,0.472,0.6975,0.6272,0.1678,0.7122,0.6255,0.5389,6.0737,0.4419,0.6596,0.5915,0.0904,106.82,1849.5,0.4611,0.66885
2021-02-24,FARM0300,E,-7.707737,112.181668,610,1,56,9662,355.89,2.47,12.37,28.6,11.2,73.5,16.6,0.6602,0.5781,0.5076,4.8862,0.4046,0.5787,0.5454,-0.0115,0.65,0.625,0.4968,4.7136,0.3979,0.5622,0.5367,-0.0295,0.6551,0.6015,0.5022,4.7999,0.4013,0.5705,0.541,-0.0205,111.64,2102.1,0.4978,0.6283000000000001
2022-03-21,FARM0300,E,-7.707737,112.181668,610,2,48,8640,320.92,2.51,20.81,34.8,4.9,68.3,15.1,0.6886,0.6202,0.5435,5.4232,0.4342,0.6751,0.5761,0.0406,0.7009,0.6261,0.6115,5.687,0.4502,0.696,0.5912,0.0643,0.6948,0.6232,0.5775,5.5551,0.4422,0.6856,0.5837,0.0524,115.83,2376.84,0.4225,0.659
2023-04-15,FARM0300,E,-7.707737,112.181668,610,3,48,9425,349.57,2.27,22.09,32.9,2.4,83.4,15.5,0.7214,0.6152,0.4931,6.1784,0.4668,0.7403,0.6104,0.1054,0.7121,0.6896,0.5515,5.9465,0.4119,0.6766,0.5729,0.0865,0.7167,0.6524,0.5223,6.0624,0.4393,0.7084,0.5917,0.0959,113.86,2743.86,0.4777,0.68455
2024-06-08,FARM0300,E,-7.707737,112.181668,610,4,52,8344,320.22,1.91,10.57,31.4,0.4,81.9,15.8,0.6478,0.6076,0.5364,4.6778,0.3955,0.5787,0.5342,-0.0333,0.7454,0.6619,0.616,6.8563,0.4641,0.7411,0.6201,0.1566,0.6966,0.6348,0.5762,5.7671,0.4298,0.6599,0.5771,0.0616,86.47,2571.66,0.4238,0.6657
2020-12-26,FARM0301,E,-7.709575,112.192753,581,1,48,10107,371.73,2.48,19.08,28.4,13.1,72.2,13.9,0.6305,0.5714,0.5681,4.413,0.3797,0.5894,0.5167,-0.0624,0.7637,0.7011,0.5553,7.4651,0.4644,0.7404,0.6287,0.1978,0.6971,0.6363,0.5617,5.939,0.422,0.6649,0.5727,0.0677,113.41,2050.48,0.4383,0.6667000000000001
2022-01-20,FARM0301,E,-7.709575,112.192753,581,2,48,10190,295.56,2.5,15.73,28.2,18.5,77.3,13.0,0.7514,0.6178,0.5198,7.0454,0.4996,0.7361,0.6433,0.1698,0.7011,0.6936,0.4929,5.6907,0.4232,0.622,0.5752,0.0646,0.7262,0.6557,0.5063,6.3681,0.4614,0.6791,0.6093,0.1172,116.8,2179.86,0.4937,0.69095
2023-02-14,FARM0301,E,-7.709575,112.192753,581,3,48,9967,281.77,2.2,13.31,31.7,1.0,84.3,14.2,0.6376,0.6097,0.5179,4.5191,0.3885,0.5656,0.5253,-0.0505,0.6545,0.6308,0.4762,4.7886,0.3656,0.5783,0.5181,-0.0216,0.6461,0.6202,0.4971,4.6539,0.3771,0.572,0.5217,-0.0361,115.6,2672.31,0.5029,0.63315
2024-05-09,FARM0301,E,-7.709575,112.192753,581,4,56,9243,286.58,2.02,8.4,33.0,1.4,85.2,16.5,0.6866,0.5687,0.4598,5.3811,0.404,0.6056,0.5568,0.0367,0.6905,0.6427,0.5354,5.4617,0.4498,0.6751,0.586,0.0441,0.6885,0.6057,0.4976,5.4214,0.4269,0.6403,0.5714,0.0404,84.74,2811.6,0.5024,0.6471
2021-01-25,FARM0302,E,-7.71749,112.211519,294,1,52,8814,338.33,2.45,14.83,26.7,18.0,72.7,17.0,0.6849,0.6164,0.5927,5.3473,0.4756,0.6453,0.5973,0.0336,0.7389,0.5803,0.459,6.6592,0.4124,0.6408,0.5846,0.1423,0.7119,0.5984,0.5259,6.0032,0.444,0.643,0.591,0.0879,112.79,1941.09,0.4741,0.65515
2022-04-20,FARM0302,E,-7.71749,112.211519,294,2,56,8638,311.09,2.47,21.51,30.7,1.0,82.3,16.7,0.7436,0.6576,0.4934,6.8013,0.496,0.73,0.6375,0.1526,0.7215,0.5864,0.4808,6.1815,0.4036,0.7051,0.5715,0.1057,0.7326,0.622,0.4871,6.4914,0.4498,0.7175,0.6045,0.1292,113.26,2526.61,0.5129,0.6773
2023-06-14,FARM0302,E,-7.71749,112.211519,294,3,52,9762,333.11,1.99,16.87,28.7,11.3,73.6,15.7,0.7133,0.5886,0.4831,5.9768,0.4224,0.7275,0.5801,0.089,0.7133,0.5801,0.457,5.9759,0.3962,0.6235,0.5631,0.0889,0.7133,0.5844,0.4701,5.9763,0.4093,0.6755,0.5716,0.0889,116.91,2112.32,0.5299,0.64885
2024-07-08,FARM0302,E,-7.71749,112.211519,294,4,48,8533,318.74,2.27,16.24,24.7,2.6,79.5,13.7,0.6632,0.6711,0.6134,4.9387,0.4515,0.6713,0.5736,-0.0062,0.6992,0.6531,0.5759,5.6488,0.4444,0.6306,0.587,0.0609,0.6812,0.6621,0.5946,5.2937,0.448,0.651,0.5803,0.0274,116.89,1963.65,0.4054,0.6716500000000001
2020-12-26,FARM0303,E,-7.70137,112.203775,538,1,48,9840,326.76,2.76,20.32,27.7,15.5,84.3,13.9,0.7364,0.6391,0.5846,6.5879,0.4696,0.7567,0.6192,0.137,0.6577,0.6776,0.4586,4.8422,0.3961,0.5757,0.539,-0.016,0.697,0.6583,0.5216,5.715,0.4329,0.6662,0.5791,0.0605,116.5,2335.11,0.4784,0.67765
2022-03-21,FARM0303,E,-7.70137,112.203775,538,2,56,10176,350.63,2.84,30.83,32.2,2.4,75.9,13.9,0.6455,0.6019,0.5186,4.6415,0.3951,0.5923,0.5329,-0.0372,0.7401,0.6568,0.4758,6.695,0.4187,0.7245,0.5893,0.1449,0.6928,0.6293,0.4972,5.6682,0.4069,0.6584,0.5611,0.0539,117.17,2443.98,0.5028,0.6610499999999999
2023-05-15,FARM0303,E,-7.70137,112.203775,538,3,52,9721,304.36,2.43,19.59,30.0,1.2,84.4,14.6,0.7536,0.6376,0.6087,7.1163,0.496,0.7414,0.6424,0.1747,0.7332,0.6868,0.48,6.4961,0.4484,0.7283,0.6051,0.1301,0.7434,0.6622,0.5443,6.8062,0.4722,0.7349,0.6237,0.1524,115.98,2532.0,0.4557,0.7028
2024-07-08,FARM0303,E,-7.70137,112.203775,538,4,52,8848,313.09,2.54,15.43,24.3,6.6,81.2,13.1,0.6582,0.6558,0.5911,4.8506,0.4586,0.6209,0.5748,-0.0152,0.6789,0.6718,0.5459,5.2277,0.3791,0.5948,0.5372,0.0223,0.6685,0.6638,0.5685,5.0392,0.4188,0.6078,0.556,0.0035,111.92,1973.16,0.4315,0.66615
2020-12-26,FARM0304,E,-7.703265,112.192205,391,1,48,9441,326.96,3.54,57.93,24.3,34.6,84.6,16.0,0.7018,0.6634,0.5639,5.7062,0.4806,0.7497,0.6084,0.066,0.7211,0.639,0.524,6.1719,0.4392,0.6986,0.594,0.1049,0.7115,0.6512,0.5439,5.939,0.4599,0.7242,0.6012,0.0854,115.66,2055.78,0.4560999999999999,0.68135
2022-03-21,FARM0304,E,-7.703265,112.192205,391,2,56,8939,286.54,2.67,25.03,33.7,2.6,74.6,14.9,0.6914,0.6689,0.5441,5.4806,0.425,0.6364,0.5719,0.0459,0.7494,0.6772,0.5448,6.9805,0.4623,0.6844,0.6209,0.1653,0.7204,0.673,0.5445,6.2305,0.4436,0.6604,0.5964,0.1056,115.51,2514.02,0.4555,0.6967000000000001
2023-05-15,FARM0304,E,-7.703265,112.192205,391,3,52,10144,302.95,2.22,18.99,27.6,7.8,68.1,13.7,0.6605,0.5632,0.4765,4.8909,0.3921,0.6391,0.5378,-0.011,0.6407,0.5985,0.4614,4.567,0.3738,0.5348,0.5175,-0.0453,0.6506,0.5809,0.4689,4.729,0.3829,0.587,0.5277,-0.0281,113.16,1879.56,0.5311,0.61575
2024-08-07,FARM0304,E,-7.703265,112.192205,391,4,56,8803,271.27,2.34,12.75,26.6,7.0,68.3,14.5,0.6777,0.5898,0.5406,5.2062,0.4175,0.6644,0.5611,0.0202,0.6764,0.6719,0.5687,5.1811,0.4021,0.5737,0.5511,0.0178,0.6771,0.6308,0.5547,5.1937,0.4098,0.619,0.5561,0.019,88.98,1816.78,0.4453,0.65395
2021-02-24,FARM0305,E,-7.705921,112.217503,786,1,56,9817,323.08,2.64,28.07,30.9,4.7,73.6,16.4,0.6409,0.6475,0.512,4.5691,0.4096,0.5813,0.5394,-0.045,0.6296,0.5859,0.4263,4.4003,0.3634,0.5471,0.5061,-0.0638,0.6353,0.6167,0.4692,4.4847,0.3865,0.5642,0.5227,-0.0544,116.65,2274.24,0.5307999999999999,0.626
2022-04-20,FARM0305,E,-7.705921,112.217503,786,2,52,9136,314.2,2.76,21.76,32.3,1.7,70.2,13.8,0.6388,0.6568,0.4634,4.5366,0.388,0.5724,0.5255,-0.0486,0.7018,0.6496,0.6014,5.7065,0.4382,0.6191,0.5846,0.066,0.6703,0.6532,0.5324,5.1216,0.4131,0.5957,0.555,0.0087,115.16,2267.46,0.4676,0.6617500000000001
2023-07-14,FARM0305,E,-7.705921,112.217503,786,3,56,9707,296.24,2.61,16.29,25.8,5.3,84.0,16.4,0.6532,0.5976,0.5549,4.7663,0.4205,0.6099,0.5514,-0.0239,0.6663,0.6089,0.4787,4.9934,0.424,0.5883,0.5597,-0.0007,0.6597,0.6033,0.5168,4.8798,0.4222,0.5991,0.5556,-0.0123,117.25,2167.2,0.4832,0.6315
2024-08-07,FARM0305,E,-7.705921,112.217503,786,4,48,8581,325.27,2.57,29.33,23.3,5.2,82.8,16.9,0.6611,0.5997,0.5114,4.9011,0.4271,0.6037,0.559,-0.01,0.6755,0.6275,0.5681,5.1625,0.4151,0.6365,0.5586,0.016,0.6683,0.6136,0.5398,5.0318,0.4211,0.6201,0.5588,0.003,113.7,1929.24,0.4602000000000001,0.64095
2021-01-25,FARM0306,E,-7.687792,112.194423,554,1,52,9868,336.74,2.81,24.52,29.2,3.0,72.6,15.1,0.708,0.6805,0.5266,5.8484,0.4717,0.6708,0.6066,0.0782,0.7401,0.6222,0.5269,6.6965,0.4273,0.6653,0.595,0.145,0.7241,0.6514,0.5268,6.2725,0.4495,0.6681,0.6008,0.1116,113.75,2119.92,0.4732,0.68775
2022-04-20,FARM0306,E,-7.687792,112.194423,554,2,56,9655,314.07,2.65,26.3,32.4,1.6,79.3,14.0,0.6876,0.5937,0.5032,5.4027,0.4301,0.6475,0.5732,0.0387,0.7147,0.6118,0.5192,6.009,0.4012,0.673,0.567,0.0917,0.7011,0.6027,0.5112,5.7059,0.4157,0.6603,0.5701,0.0652,114.24,2569.32,0.4888,0.6518999999999999
2023-06-14,FARM0306,E,-7.687792,112.194423,554,3,52,8471,287.97,2.96,32.8,27.8,0.1,85.3,13.3,0.6736,0.6144,0.5119,5.1277,0.4508,0.6568,0.5783,0.0126,0.6617,0.6507,0.5772,4.9114,0.3904,0.6154,0.5373,-0.0089,0.6676,0.6326,0.5446,5.0196,0.4206,0.6361,0.5578,0.0018,116.27,2371.34,0.4554,0.6501
2024-08-07,FARM0306,E,-7.687792,112.194423,554,4,52,8907,264.01,2.64,20.59,24.9,5.8,79.9,16.5,0.6728,0.5989,0.6039,5.1124,0.429,0.6798,0.5657,0.0111,0.6287,0.6133,0.4566,4.3861,0.3631,0.5706,0.5055,-0.0654,0.6507,0.6061,0.5302,4.7493,0.3961,0.6252,0.5356,-0.0271,116.46,1989.51,0.4698,0.6284
2020-12-26,FARM0307,E,-7.704555,112.190302,312,1,48,10014,359.21,2.34,19.02,29.3,46.5,68.0,16.6,0.6584,0.6777,0.5137,4.854,0.4264,0.6617,0.5573,-0.0148,0.7003,0.6629,0.6117,5.6735,0.453,0.6317,0.5925,0.0631,0.6793,0.6703,0.5627,5.2638,0.4397,0.6467,0.5749,0.0241,113.23,1992.4,0.4373,0.6748000000000001
2022-02-19,FARM0307,E,-7.704555,112.190302,312,2,52,9291,335.77,2.39,13.52,31.5,6.1,72.5,14.8,0.624,0.6112,0.5465,4.3188,0.3836,0.5796,0.5161,-0.0731,0.7336,0.6125,0.5931,6.5063,0.4319,0.7167,0.595,0.1309,0.6788,0.6119,0.5698,5.4125,0.4077,0.6482,0.5556,0.0289,113.04,2283.75,0.4302,0.64535
2023-04-15,FARM0307,E,-7.704555,112.190302,312,3,52,9741,278.1,2.32,15.69,33.9,0.3,75.8,14.0,0.7319,0.6295,0.5007,6.4587,0.4858,0.7609,0.6262,0.1273,0.6983,0.6195,0.4871,5.6296,0.4271,0.6486,0.5763,0.0592,0.7151,0.6245,0.4939,6.0441,0.4565,0.7047,0.6013,0.0933,116.44,2569.62,0.5061,0.6698
2024-07-08,FARM0307,E,-7.704555,112.190302,312,4,56,9579,306.72,2.54,14.7,27.9,0.2,73.0,15.5,0.72,0.6415,0.5271,6.1429,0.4542,0.6787,0.6025,0.1026,0.6622,0.66,0.569,4.9215,0.3743,0.5778,0.5271,-0.0079,0.6911,0.6507,0.548,5.5322,0.4142,0.6283,0.5648,0.0473,114.54,2036.7,0.452,0.6709
2020-12-26,FARM0308,E,-7.705927,112.210256,562,1,48,9776,340.5,2.68,18.2,27.5,1.3,77.8,16.6,0.6997,0.5745,0.4643,5.6607,0.404,0.704,0.5625,0.062,0.7673,0.6667,0.5354,7.5963,0.4855,0.7848,0.643,0.2061,0.7335,0.6206,0.4999,6.6285,0.4448,0.7444,0.6027,0.134,114.37,2139.5,0.5001,0.67705
2022-01-20,FARM0308,E,-7.705927,112.210256,562,2,48,8897,334.11,2.14,17.72,26.7,1.4,81.2,14.5,0.7024,0.6722,0.6136,5.7207,0.4797,0.6902,0.6083,0.0672,0.6955,0.6196,0.5745,5.5676,0.4261,0.6144,0.5744,0.0537,0.6989,0.6459,0.594,5.6441,0.4529,0.6523,0.5913,0.0605,113.15,2168.04,0.406,0.6724
2023-04-15,FARM0308,E,-7.705927,112.210256,562,3,56,9334,317.81,2.59,16.21,32.4,1.3,84.1,17.0,0.6579,0.6118,0.4593,4.8458,0.4161,0.5928,0.5511,-0.0157,0.6566,0.6441,0.5192,4.8246,0.3805,0.5614,0.5287,-0.0179,0.6573,0.6279,0.4893,4.8352,0.3983,0.5771,0.5399,-0.0168,112.96,2724.84,0.5106999999999999,0.6426000000000001
2024-05-09,FARM0308,E,-7.705927,112.210256,562,4,48,9524,317.41,2.56,25.25,33.9,3.4,84.6,13.1,0.685,0.6876,0.5914,5.3488,0.4693,0.6363,0.594,0.0337,0.7016,0.6262,0.4965,5.7025,0.4549,0.6567,0.5942,0.0656,0.6933,0.6569,0.544,5.5256,0.4621,0.6465,0.5941,0.0497,114.83,2867.94,0.456,0.6751
2020-12-26,FARM0309,E,-7.71183,112.186056,697,1,48,10701,359.37,2.82,31.74,24.1,19.4,80.2,13.8,0.7022,0.6719,0.4521,5.7169,0.4364,0.6916,0.5837,0.0669,0.6979,0.6984,0.5359,5.6198,0.4241,0.611,0.5743,0.0584,0.7001,0.6852,0.494,5.6683,0.4303,0.6513,0.579,0.0626,115.24,1932.82,0.506,0.69265
2022-01-20,FARM0309,E,-7.71183,112.186056,697,2,48,10231,338.87,2.19,12.01,26.1,3.9,78.6,13.4,0.7021,0.6012,0.4993,5.7143,0.4392,0.6491,0.5853,0.0667,0.6852,0.672,0.4993,5.3541,0.4071,0.6266,0.5582,0.0342,0.6937,0.6366,0.4993,5.5342,0.4232,0.6378,0.5717,0.0504,106.03,2051.46,0.5006999999999999,0.66515
2023-03-16,FARM0309,E,-7.71183,112.186056,697,3,52,9993,277.97,2.3,15.2,32.9,0.4,68.6,15.9,0.7301,0.6282,0.4982,6.4106,0.4604,0.768,0.6108,0.1236,0.7156,0.5803,0.5461,6.033,0.4043,0.689,0.5695,0.0936,0.7229,0.6042,0.5221,6.2218,0.4323,0.7285,0.5901,0.1086,113.61,2256.94,0.4779,0.66355
2024-05-09,FARM0309,E,-7.71183,112.186056,697,4,52,9629,269.06,2.22,16.69,32.3,3.8,81.5,13.7,0.6418,0.5865,0.597,4.584,0.4077,0.5771,0.5387,-0.0434,0.7303,0.6821,0.571,6.4169,0.4609,0.6865,0.6112,0.1241,0.6861,0.6343,0.584,5.5005,0.4343,0.6318,0.575,0.0404,114.44,2632.45,0.416,0.6602
2021-01-25,FARM0310,E,-7.697343,112.183158,217,1,52,10147,321.3,2.48,17.6,27.7,5.8,84.7,16.1,0.7494,0.6462,0.5119,6.9796,0.4909,0.8373,0.6375,0.1652,0.6586,0.5951,0.5799,4.8591,0.3749,0.5718,0.526,-0.0143,0.704,0.6207,0.5459,5.9193,0.4329,0.7045,0.5817,0.0755,116.36,2346.19,0.4540999999999999,0.66235
2022-03-21,FARM0310,E,-7.697343,112.183158,217,2,52,9656,331.42,2.29,18.26,33.5,50.0,84.7,16.5,0.6386,0.6564,0.5779,4.5344,0.4012,0.5647,0.5334,-0.0488,0.7603,0.7021,0.5464,7.3424,0.4714,0.7202,0.6313,0.1898,0.6994,0.6793,0.5621,5.9384,0.4363,0.6425,0.5824,0.0705,116.75,2837.45,0.4379,0.68935
2023-06-14,FARM0310,E,-7.697343,112.183158,217,3,56,9824,345.97,2.46,14.01,26.1,1.0,69.8,13.5,0.6858,0.6193,0.5115,5.3655,0.4047,0.6428,0.5569,0.0353,0.6615,0.6327,0.59,4.9082,0.408,0.5559,0.548,-0.0093,0.6736,0.626,0.5508,5.1368,0.4064,0.5993,0.5524,0.013,113.06,1821.78,0.4492,0.6497999999999999
2024-07-08,FARM0310,E,-7.697343,112.183158,217,4,48,9661,254.8,2.45,14.63,25.6,10.0,82.9,13.5,0.7364,0.6986,0.5249,6.5885,0.4943,0.7644,0.6331,0.1371,0.7067,0.6579,0.4995,5.8187,0.4402,0.7048,0.5881,0.0757,0.7216,0.6782,0.5122,6.2036,0.4673,0.7346,0.6106,0.1064,115.91,2122.24,0.4878,0.6999
2020-12-26,FARM0311,E,-7.712192,112.212791,564,1,48,9597,387.05,2.99,34.38,25.2,2.1,81.2,13.2,0.7043,0.6435,0.6052,5.7639,0.4798,0.6843,0.6093,0.071,0.7187,0.5908,0.4588,6.1088,0.4051,0.6829,0.5713,0.0998,0.7115,0.6172,0.532,5.9363,0.4424,0.6836,0.5903,0.0854,115.13,2046.24,0.468,0.66435
2022-03-21,FARM0311,E,-7.712192,112.212791,564,2,56,9054,341.23,2.46,18.52,30.0,2.6,74.7,14.4,0.698,0.6225,0.5763,5.6216,0.4741,0.6643,0.603,0.0585,0.7427,0.6885,0.5134,6.7722,0.4394,0.7211,0.6038,0.1505,0.7203,0.6555,0.5448,6.1969,0.4568,0.6927,0.6034,0.1045,113.78,2241.0,0.4552,0.6879
2023-04-15,FARM0311,E,-7.712192,112.212791,564,3,48,8515,327.84,2.59,26.15,29.8,2.2,72.5,15.2,0.7427,0.6475,0.5782,6.7723,0.4805,0.7754,0.6284,0.1506,0.7189,0.7018,0.5572,6.1148,0.4645,0.6539,0.6079,0.1003,0.7308,0.6747,0.5677,6.4436,0.4725,0.7146,0.6182,0.1254,112.84,2160.5,0.4323,0.70275
2024-05-09,FARM0311,E,-7.712192,112.212791,564,4,48,8314,300.55,2.45,26.36,28.9,1.8,79.4,16.4,0.6761,0.606,0.5206,5.1741,0.414,0.6338,0.5583,0.0171,0.6302,0.6314,0.562,4.4079,0.373,0.5424,0.5124,-0.0629,0.6531,0.6187,0.5413,4.791,0.3935,0.5881,0.5354,-0.0229,115.07,2294.66,0.4587,0.6359
2020-12-26,FARM0312,E,-7.709786,112.188093,504,1,48,10293,337.71,2.9,19.3,26.2,12.3,86.0,14.0,0.6828,0.6888,0.6128,5.3049,0.4609,0.697,0.5884,0.0296,0.6881,0.639,0.5385,5.413,0.4353,0.6171,0.5765,0.0397,0.6855,0.6639,0.5757,5.359,0.4481,0.6571,0.5824,0.0346,116.4,2253.2,0.4243,0.6747000000000001
2022-02-19,FARM0312,E,-7.709786,112.188093,504,2,52,9385,337.39,3.1,29.89,29.9,13.9,82.0,16.6,0.6994,0.6399,0.5046,5.6534,0.4394,0.6647,0.5842,0.0613,0.7611,0.6622,0.6266,7.3727,0.4782,0.7962,0.6358,0.1918,0.7303,0.6511,0.5656,6.5131,0.4588,0.7305,0.61,0.1266,114.97,2451.8,0.4344,0.6907
2023-03-16,FARM0312,E,-7.709786,112.188093,504,3,48,9246,287.93,2.53,20.1,32.0,50.0,82.8,16.0,0.6907,0.6586,0.5883,5.4652,0.4516,0.702,0.5871,0.0445,0.6512,0.6575,0.4544,4.7347,0.3657,0.5907,0.5168,-0.0273,0.6709,0.658,0.5213,5.1,0.4087,0.6464,0.5519,0.0086,115.63,2649.6,0.4787,0.66445
2024-05-09,FARM0312,E,-7.709786,112.188093,504,4,52,9762,299.94,2.37,22.45,33.4,4.8,82.3,16.2,0.737,0.6665,0.5474,6.6047,0.4577,0.7579,0.6124,0.1383,0.6995,0.6576,0.507,5.6554,0.4286,0.6229,0.5778,0.0615,0.7182,0.6621,0.5272,6.1301,0.4431,0.6904,0.5951,0.0999,116.88,2748.82,0.4728,0.69015
2021-02-24,FARM0313,E,-7.689201,112.184802,784,1,56,10052,358.23,2.68,15.6,34.1,2.7,80.5,16.8,0.6558,0.6438,0.57,4.8111,0.4169,0.5993,0.5506,-0.0193,0.742,0.685,0.5827,6.7512,0.4618,0.7701,0.6172,0.149,0.6989,0.6644,0.5764,5.7812,0.4393,0.6847,0.5839,0.0649,114.4,2745.05,0.4236,0.68165
2022-04-20,FARM0313,E,-7.689201,112.184802,784,2,52,9808,329.23,2.28,16.99,30.2,3.2,72.8,15.4,0.7181,0.6601,0.6027,6.0937,0.4517,0.6807,0.6001,0.0986,0.6868,0.6875,0.4688,5.3855,0.425,0.6382,0.5698,0.0371,0.7024,0.6738,0.5358,5.7396,0.4384,0.6594,0.585,0.0679,113.04,2198.56,0.4641999999999999,0.6880999999999999
2023-05-15,FARM0313,E,-7.689201,112.184802,784,3,48,9914,299.01,2.72,15.76,30.6,0.2,77.4,13.1,0.6995,0.6525,0.5675,5.6558,0.4633,0.6654,0.5979,0.0615,0.6558,0.6599,0.5481,4.81,0.3788,0.5788,0.5272,-0.0194,0.6776,0.6562,0.5578,5.2329,0.4211,0.6221,0.5626,0.0211,114.65,2368.440000000001,0.4422,0.6669
2024-07-08,FARM0313,E,-7.689201,112.184802,784,4,52,9350,286.49,2.44,21.83,26.8,1.3,77.8,15.6,0.6766,0.6269,0.589,5.185,0.4475,0.6228,0.578,0.0182,0.7167,0.6255,0.5936,6.059,0.4367,0.6374,0.5905,0.0958,0.6967,0.6262,0.5913,5.622,0.4421,0.6301,0.5843,0.057,115.27,2085.04,0.4087,0.66145
2020-12-26,FARM0314,E,-7.69997,112.190656,710,1,48,9510,366.54,3.18,35.96,24.2,17.7,78.9,15.4,0.6819,0.6856,0.503,5.2873,0.4361,0.6225,0.5741,0.0279,0.7348,0.6499,0.5986,6.5416,0.4118,0.6538,0.5825,0.1336,0.7084,0.6678,0.5508,5.9144,0.424,0.6381,0.5783,0.0807,112.7,1909.38,0.4492,0.6880999999999999
2022-03-21,FARM0314,E,-7.69997,112.190656,710,2,56,9203,318.55,3.07,21.63,32.2,4.8,80.9,16.6,0.6728,0.5996,0.5801,5.1129,0.3977,0.6342,0.5467,0.0112,0.7381,0.6202,0.5715,6.6377,0.4086,0.6945,0.5817,0.1407,0.7055,0.6099,0.5758,5.8753,0.4031,0.6644,0.5642,0.0759,114.23,2604.98,0.4242,0.6577
2023-06-14,FARM0314,E,-7.69997,112.190656,710,3,56,9698,323.9,2.77,31.82,29.9,3.7,68.3,13.2,0.6522,0.6207,0.5379,4.7502,0.4417,0.648,0.5628,-0.0256,0.6695,0.6109,0.4495,5.0506,0.3933,0.6066,0.5425,0.005,0.6608,0.6158,0.4937,4.9004,0.4175,0.6273,0.5527,-0.0103,116.88,2042.17,0.5063,0.6383000000000001
2024-09-06,FARM0314,E,-7.69997,112.190656,710,4,56,8749,320.79,2.44,16.86,23.5,2.0,80.7,16.7,0.6526,0.6538,0.5829,4.7562,0.4449,0.6248,0.5647,-0.025,0.7711,0.6852,0.5832,7.7357,0.4864,0.7483,0.6452,0.2148,0.7118,0.6695,0.583,6.246,0.4656,0.6866,0.6049,0.0949,116.92,1896.45,0.417,0.69065
2020-12-26,FARM0315,E,-7.705278,112.216679,445,1,48,8685,322.63,2.75,22.21,29.6,7.1,76.3,13.7,0.6582,0.6592,0.5439,4.852,0.4201,0.5942,0.5537,-0.015,0.7018,0.6171,0.6116,5.7071,0.4469,0.6948,0.5897,0.066,0.68,0.6382,0.5778,5.2795,0.4335,0.6445,0.5717,0.0255,115.1,2258.48,0.4222,0.6591
2022-01-20,FARM0315,E,-7.705278,112.216679,445,2,48,9026,324.2,2.49,24.13,30.0,0.4,81.5,16.6,0.7,0.664,0.4821,5.6672,0.4082,0.6296,0.5653,0.0625,0.6844,0.6167,0.504,5.3368,0.3774,0.6364,0.5384,0.0326,0.6922,0.6403,0.493,5.502,0.3928,0.633,0.5519,0.0476,113.36,2445.0,0.507,0.66625
2023-04-15,FARM0315,E,-7.705278,112.216679,445,3,56,9344,299.83,2.61,12.49,29.1,0.4,80.9,17.0,0.732,0.6729,0.506,6.4617,0.4641,0.7423,0.6139,0.1275,0.6997,0.6052,0.5987,5.6597,0.4333,0.6227,0.5807,0.0619,0.7158,0.639,0.5524,6.0607,0.4487,0.6825,0.5973,0.0947,107.74,2354.19,0.4476,0.6774
2024-05-09,FARM0315,E,-7.705278,112.216679,445,4,48,9285,271.82,2.78,17.77,32.6,0.5,75.3,15.9,0.6964,0.6064,0.449,5.5866,0.4245,0.6412,0.5739,0.0554,0.6545,0.5937,0.5706,4.7888,0.3789,0.5589,0.5268,-0.0216,0.6754,0.6,0.5098,5.1877,0.4017,0.6001,0.5503,0.0169,113.46,2454.78,0.4902,0.6376999999999999
2021-02-24,FARM0316,E,-7.680582,112.209016,479,1,56,10059,314.79,2.74,24.2,33.6,4.0,86.6,16.5,0.6767,0.5702,0.5117,5.187,0.4042,0.5989,0.5526,0.0184,0.7637,0.6318,0.5896,7.4625,0.461,0.7299,0.6266,0.1976,0.7202,0.601,0.5506,6.3247,0.4326,0.6644,0.5896,0.108,116.72,2909.76,0.4494,0.6606
2022-03-21,FARM0316,E,-7.680582,112.209016,479,2,48,9618,314.0,3.12,36.13,33.7,1.2,81.0,15.2,0.6597,0.6458,0.5399,4.8769,0.3978,0.6287,0.541,-0.0125,0.7327,0.625,0.4507,6.4826,0.4018,0.6398,0.5749,0.1291,0.6962,0.6354,0.4953,5.6797,0.3998,0.6343,0.5579,0.0583,112.71,2729.7,0.5046999999999999,0.6658
2023-04-15,FARM0316,E,-7.680582,112.209016,479,3,48,8906,311.39,2.31,17.35,31.3,0.8,73.9,15.0,0.6508,0.6824,0.5858,4.7266,0.4417,0.6334,0.5621,-0.0281,0.6698,0.5986,0.47,5.0562,0.3867,0.6302,0.5384,0.0056,0.6603,0.6405,0.5279,4.8914,0.4142,0.6318,0.5502,-0.0113,116.2,2313.07,0.4721,0.6504
2024-05-09,FARM0316,E,-7.680582,112.209016,479,4,48,8661,267.95,2.9,23.48,28.6,2.4,74.0,16.3,0.7321,0.6324,0.5728,6.4665,0.4899,0.7552,0.6286,0.1279,0.7066,0.6471,0.5398,5.8174,0.4461,0.6264,0.5915,0.0756,0.7194,0.6397,0.5563,6.142,0.468,0.6908,0.61,0.1017,114.08,2116.4,0.4437,0.6795500000000001
2021-02-24,FARM0317,E,-7.700268,112.18888,518,1,56,10225,313.43,3.3,33.34,29.6,10.0,81.6,14.8,0.6749,0.6503,0.5603,5.151,0.405,0.6558,0.5522,0.0149,0.6774,0.6736,0.5224,5.2002,0.4105,0.5774,0.5568,0.0196,0.6761,0.6619,0.5413,5.1756,0.4078,0.6166,0.5545,0.0173,116.17,2415.36,0.4587,0.669
2022-03-21,FARM0317,E,-7.700268,112.18888,518,2,48,8620,335.9,2.81,22.52,29.5,4.9,69.6,16.7,0.6413,0.6531,0.5588,4.576,0.4163,0.5694,0.5434,-0.0443,0.667,0.6627,0.5825,5.0065,0.4159,0.6353,0.5553,0.0006,0.6542,0.6579,0.5707,4.7913,0.4161,0.6023,0.5493,-0.0218,115.89,2053.2,0.4293,0.65605
2023-04-15,FARM0317,E,-7.700268,112.18888,518,3,48,9271,273.68,2.29,19.79,29.3,4.9,78.2,15.7,0.7099,0.686,0.5566,5.8931,0.4716,0.7404,0.6075,0.082,0.7223,0.6923,0.5185,6.2016,0.4552,0.6581,0.6041,0.1073,0.7161,0.6891,0.5376,6.0474,0.4634,0.6992,0.6058,0.0946,114.96,2291.26,0.4624,0.7026
2024-06-08,FARM0317,E,-7.700268,112.18888,518,4,52,8628,269.85,2.23,12.14,27.6,19.5,68.5,15.6,0.6342,0.5759,0.4601,4.4677,0.3939,0.5713,0.527,-0.0562,0.7303,0.6507,0.5328,6.415,0.4094,0.6553,0.579,0.124,0.6822,0.6133,0.4965,5.4413,0.4016,0.6133,0.553,0.0339,84.57,1890.6,0.5035000000000001,0.64775
2021-02-24,FARM0318,E,-7.703554,112.208401,466,1,56,10085,322.93,3.03,24.34,28.9,5.8,83.6,13.7,0.6788,0.6367,0.5697,5.2272,0.4593,0.6571,0.5855,0.0222,0.695,0.6084,0.4487,5.5582,0.3842,0.6525,0.5474,0.0529,0.6869,0.6226,0.5092,5.3927,0.4218,0.6548,0.5665,0.0375,114.38,2416.04,0.4908,0.6547499999999999
2022-05-20,FARM0318,E,-7.703554,112.208401,466,2,56,10237,331.87,2.7,21.61,30.6,2.2,68.4,15.0,0.6954,0.6483,0.5987,5.5658,0.4641,0.7079,0.5963,0.0536,0.739,0.6402,0.5948,6.6614,0.4298,0.7032,0.5961,0.1425,0.7172,0.6442,0.5967,6.1136,0.447,0.7055,0.5962,0.098,113.05,2093.04,0.4033,0.6807
2023-07-14,FARM0318,E,-7.703554,112.208401,466,3,52,9075,299.6,2.23,13.32,24.5,2.7,80.3,16.6,0.6834,0.6015,0.5159,5.3171,0.4423,0.6239,0.5783,0.0307,0.6501,0.5924,0.5644,4.7153,0.3953,0.5485,0.5351,-0.0293,0.6667,0.5969,0.5401,5.0162,0.4188,0.5862,0.5567,0.0007,97.75,1967.35,0.4599,0.6317999999999999
2024-08-07,FARM0318,E,-7.703554,112.208401,466,4,48,10159,296.25,1.91,12.24,22.7,4.2,72.2,16.3,0.7067,0.6724,0.5077,5.8195,0.4737,0.7167,0.6072,0.0757,0.6236,0.6021,0.5002,4.3136,0.3583,0.5191,0.5002,-0.0737,0.6652,0.6373,0.504,5.0665,0.416,0.6179,0.5537,0.001,87.09,1638.94,0.496,0.65125
2021-02-24,FARM0319,E,-7.703496,112.203825,296,1,56,11029,300.35,2.25,16.58,30.0,3.7,72.1,13.3,0.6391,0.6058,0.5818,4.5415,0.4051,0.6198,0.5359,-0.0481,0.7292,0.6193,0.4812,6.3858,0.4264,0.729,0.5896,0.1217,0.6841,0.6125,0.5315,5.4636,0.4157,0.6744,0.5628,0.0368,112.83,2163.0,0.4685,0.6483000000000001
2022-05-20,FARM0319,E,-7.703496,112.203825,296,2,56,10676,320.8,2.39,17.55,32.8,3.3,80.4,13.1,0.6808,0.6344,0.548,5.2652,0.4729,0.7084,0.5938,0.0258,0.6969,0.6097,0.5086,5.5977,0.4102,0.6566,0.5652,0.0564,0.6888,0.6221,0.5283,5.4314,0.4416,0.6825,0.5795,0.0411,113.7,2637.12,0.4717,0.65545
2023-06-14,FARM0319,E,-7.703496,112.203825,296,3,48,9250,302.15,2.08,17.29,26.3,3.2,76.5,16.0,0.6524,0.6026,0.4708,4.7538,0.3893,0.6275,0.5325,-0.0252,0.6772,0.675,0.5391,5.1949,0.4425,0.598,0.5755,0.0191,0.6648,0.6388,0.5049,4.9743,0.4159,0.6127,0.554,-0.0031,112.82,2011.95,0.4951,0.6517999999999999
2024-09-06,FARM0319,E,-7.703496,112.203825,296,4,56,9424,288.93,2.4,13.22,22.4,2.5,72.9,16.4,0.6846,0.6088,0.5459,5.3409,0.4588,0.6773,0.5881,0.033,0.7539,0.7071,0.4932,7.1263,0.4793,0.7089,0.633,0.1753,0.7192,0.6579,0.5195,6.2336,0.4691,0.6931,0.6106,0.1042,94.74,1632.96,0.4805,0.68855
2021-01-25,FARM0320,E,-7.707763,112.189959,677,1,52,10048,357.7,3.13,52.75,26.5,14.4,68.9,13.6,0.6868,0.6091,0.518,5.3854,0.4146,0.6373,0.5635,0.0371,0.6612,0.5997,0.453,4.9027,0.3699,0.5405,0.5237,-0.0098,0.674,0.6044,0.4855,5.1441,0.3923,0.5889,0.5436,0.0136,115.24,1825.85,0.5145,0.6392
2022-02-19,FARM0320,E,-7.707763,112.189959,677,2,48,8888,297.32,2.82,27.26,30.5,3.0,80.2,15.4,0.6305,0.5815,0.525,4.4131,0.3921,0.6003,0.5243,-0.0623,0.6788,0.6137,0.574,5.2264,0.4387,0.6648,0.574,0.0221,0.6547,0.5976,0.5495,4.8198,0.4154,0.6325,0.5492,-0.0201,113.61,2446.1,0.4505,0.62615
2023-05-15,FARM0320,E,-7.707763,112.189959,677,3,56,8852,309.42,3.01,22.88,32.4,6.6,76.5,16.7,0.6707,0.6492,0.4434,5.0732,0.4097,0.6037,0.5532,0.0073,0.7698,0.6864,0.6122,7.6878,0.4713,0.728,0.6356,0.2118,0.7202,0.6678,0.5278,6.3805,0.4405,0.6659,0.5944,0.1096,114.79,2478.6,0.4722,0.694
2024-08-07,FARM0320,E,-7.707763,112.189959,677,4,56,9583,266.63,2.96,16.09,22.3,7.0,83.9,13.7,0.7014,0.6651,0.5141,5.6973,0.4342,0.693,0.582,0.0652,0.6566,0.6282,0.5495,4.8234,0.3985,0.5629,0.54,-0.018,0.679,0.6467,0.5318,5.2604,0.4163,0.628,0.561,0.0236,113.39,1870.97,0.4681999999999999,0.66285
2021-02-24,FARM0321,E,-7.696345,112.203465,620,1,56,10817,356.47,2.63,26.0,30.5,35.0,79.5,16.9,0.6296,0.6365,0.5669,4.3996,0.3976,0.5842,0.5271,-0.0639,0.6617,0.6304,0.5595,4.9114,0.4268,0.609,0.5591,-0.0089,0.6456,0.6335,0.5632,4.6555,0.4122,0.5966,0.5431,-0.0364,114.21,2424.75,0.4368,0.63955
2022-05-20,FARM0321,E,-7.696345,112.203465,620,2,56,9745,377.17,2.68,28.14,28.9,1.9,83.8,17.0,0.751,0.6646,0.485,7.0313,0.4885,0.7516,0.6369,0.1688,0.6374,0.5846,0.5863,4.515,0.3787,0.5759,0.5192,-0.051,0.6942,0.6246,0.5356,5.7732,0.4336,0.6637,0.578,0.0589,112.71,2421.82,0.4644,0.6594
2023-07-14,FARM0321,E,-7.696345,112.203465,620,3,52,9602,330.95,2.86,31.38,24.0,3.8,70.5,13.6,0.6558,0.6625,0.4904,4.8108,0.4321,0.6502,0.5593,-0.0193,0.6876,0.6994,0.5782,5.4026,0.422,0.6169,0.5684,0.0387,0.6717,0.681,0.5343,5.1067,0.4271,0.6335,0.5639,0.0097,114.33,1692.0,0.4657,0.67635
2024-10-06,FARM0321,E,-7.696345,112.203465,620,4,56,10275,315.05,2.1,9.54,21.2,1.4,75.6,13.1,0.6652,0.6492,0.5392,4.9735,0.3982,0.6425,0.5436,-0.0027,0.7108,0.6367,0.5667,5.9161,0.3904,0.5957,0.5581,0.0839,0.688,0.6429,0.5529,5.4448,0.3943,0.6191,0.5509,0.0406,84.4,1602.72,0.4471000000000001,0.66545
2020-12-26,FARM0322,E,-7.707581,112.212015,587,1,48,10326,325.47,3.2,22.0,26.6,2.6,81.7,16.0,0.7158,0.702,0.5583,6.0378,0.4791,0.6999,0.6146,0.094,0.7225,0.6522,0.6019,6.2077,0.4441,0.684,0.5976,0.1078,0.7192,0.6771,0.5801,6.1227,0.4616,0.692,0.6061,0.1009,116.42,2173.22,0.4199000000000001,0.69815
2022-01-20,FARM0322,E,-7.707581,112.212015,587,2,48,10102,337.76,2.4,18.77,26.0,19.0,73.7,16.7,0.7261,0.6528,0.6187,6.3008,0.4952,0.7736,0.6284,0.1151,0.6665,0.6907,0.6113,4.9972,0.4247,0.6321,0.5602,-0.0003,0.6963,0.6717,0.615,5.649,0.4599,0.7029,0.5943,0.0574,115.31,1916.2,0.385,0.6839999999999999
2023-03-16,FARM0322,E,-7.707581,112.212015,587,3,52,8545,302.72,2.74,19.74,29.1,23.3,77.9,16.3,0.6502,0.628,0.4735,4.7178,0.4029,0.5693,0.5398,-0.029,0.738,0.6179,0.5825,6.6334,0.4554,0.7348,0.6115,0.1404,0.6941,0.623,0.528,5.6756,0.4292,0.6521,0.5756,0.0557,114.05,2266.89,0.472,0.65855
2024-06-08,FARM0322,E,-7.707581,112.212015,587,4,56,9196,273.04,2.2,9.77,31.8,0.4,72.4,15.7,0.727,0.6622,0.5247,6.3263,0.4325,0.7075,0.5925,0.1171,0.7255,0.6526,0.6009,6.2866,0.4686,0.698,0.6134,0.114,0.7263,0.6574,0.5628,6.3064,0.4506,0.7027,0.603,0.1155,83.66,2302.32,0.4372,0.69185
2021-02-24,FARM0323,E,-7.685637,112.186107,486,1,56,10885,335.69,2.55,25.21,32.6,10.9,78.4,15.7,0.6852,0.6364,0.4948,5.3537,0.4391,0.662,0.5774,0.0342,0.7552,0.629,0.5693,7.1699,0.4326,0.7675,0.6049,0.1783,0.7202,0.6327,0.532,6.2618,0.4359,0.7148,0.5911,0.1062,115.66,2555.84,0.468,0.67645
2022-03-21,FARM0323,E,-7.685637,112.186107,486,2,48,9145,281.09,2.49,19.87,32.2,14.8,83.2,13.8,0.6299,0.6564,0.5425,4.404,0.3893,0.5422,0.5223,-0.0634,0.7212,0.6085,0.5717,6.1734,0.412,0.7101,0.5769,0.105,0.6755,0.6325,0.5571,5.2887,0.4007,0.6262,0.5496,0.0208,116.3,2679.04,0.4429,0.6539999999999999
2023-06-14,FARM0323,E,-7.685637,112.186107,486,3,56,9169,280.33,2.86,16.3,29.9,0.0,79.6,15.0,0.6519,0.6776,0.5383,4.7461,0.4239,0.6035,0.5528,-0.0261,0.7309,0.6587,0.4315,6.4335,0.399,0.6399,0.5722,0.1254,0.6914,0.6682,0.4849,5.5898,0.4115,0.6217,0.5625,0.0497,115.95,2380.04,0.5151,0.6798
2024-09-06,FARM0323,E,-7.685637,112.186107,486,4,56,9987,281.95,1.96,10.74,20.0,2.1,75.6,15.8,0.6321,0.6128,0.4621,4.4368,0.4092,0.5951,0.535,-0.0597,0.7555,0.641,0.5728,7.1814,0.4816,0.7122,0.6351,0.1791,0.6938,0.6269,0.5174,5.8091,0.4454,0.6536,0.5851,0.0597,83.64,1512.0,0.4826,0.66035
2021-01-25,FARM0324,E,-7.695065,112.198741,727,1,52,9815,342.37,2.84,21.33,31.7,0.4,73.7,13.1,0.7051,0.584,0.4511,5.7822,0.417,0.7296,0.5731,0.0725,0.6822,0.6504,0.5131,5.2925,0.4246,0.6164,0.5674,0.0284,0.6936,0.6172,0.4821,5.5373,0.4208,0.673,0.5703,0.0505,114.61,2336.29,0.5179,0.6554
2022-02-19,FARM0324,E,-7.695065,112.198741,727,2,48,9285,317.59,2.73,23.56,29.5,2.2,72.0,14.4,0.7142,0.6094,0.5996,5.9985,0.4647,0.6944,0.6058,0.0908,0.6324,0.6302,0.5851,4.441,0.3695,0.5338,0.5112,-0.0592,0.6733,0.6198,0.5924,5.2198,0.4171,0.6141,0.5585,0.0158,116.07,2124.0,0.4076,0.64655
2023-04-15,FARM0324,E,-7.695065,112.198741,727,3,52,8326,352.29,2.55,25.14,31.6,1.4,86.7,13.9,0.6501,0.6539,0.5459,4.7157,0.4036,0.5938,0.5401,-0.0293,0.6731,0.6393,0.562,5.1173,0.3837,0.5878,0.5378,0.0116,0.6616,0.6466,0.5539,4.9165,0.3936,0.5908,0.539,-0.0088,114.28,2739.72,0.4461000000000001,0.6540999999999999
2024-06-08,FARM0324,E,-7.695065,112.198741,727,4,52,8716,301.69,2.16,8.83,29.9,4.7,76.4,16.4,0.7192,0.6676,0.6256,6.1238,0.483,0.7303,0.6184,0.101,0.738,0.6744,0.5979,6.6326,0.4752,0.7444,0.6231,0.1403,0.7286,0.671,0.6117,6.3782,0.4791,0.7373,0.6208,0.1207,83.99,2284.36,0.3883,0.6998
2020-12-26,FARM0325,E,-7.714902,112.201121,710,1,48,9501,326.23,2.9,32.06,26.7,50.0,74.5,16.5,0.6886,0.6546,0.4874,5.4223,0.4134,0.6638,0.5636,0.0405,0.6729,0.6041,0.5736,5.1145,0.4065,0.626,0.5523,0.0113,0.6807,0.6294,0.5305,5.2684,0.41,0.6449,0.5579,0.0259,113.64,1989.15,0.4695,0.6550499999999999
2022-01-20,FARM0325,E,-7.714902,112.201121,710,2,48,8625,333.77,3.02,39.84,25.8,1.8,67.6,13.5,0.6608,0.6713,0.5825,4.8969,0.4498,0.6059,0.5715,-0.0104,0.724,0.6067,0.4697,6.246,0.4407,0.6484,0.5962,0.1108,0.6924,0.639,0.5261,5.5714,0.4452,0.6271,0.5838,0.0502,112.76,1744.08,0.4739,0.6657
2023-02-14,FARM0325,E,-7.714902,112.201121,710,3,48,9010,302.92,2.28,10.15,27.6,6.5,73.1,15.6,0.6302,0.6137,0.5452,4.4086,0.3832,0.5658,0.5188,-0.0629,0.7151,0.6721,0.4971,6.0198,0.4244,0.6322,0.5822,0.0925,0.6727,0.6429,0.5212,5.2142,0.4038,0.599,0.5505,0.0148,85.26,2017.56,0.4788,0.6577999999999999
2024-04-09,FARM0325,E,-7.714902,112.201121,710,4,52,8703,299.2,2.51,21.3,29.8,1.9,81.4,13.7,0.6557,0.6432,0.5803,4.8097,0.3984,0.6045,0.5396,-0.0194,0.7042,0.64,0.5821,5.7615,0.4364,0.6358,0.5846,0.0708,0.68,0.6416,0.5812,5.2856,0.4174,0.6202,0.5621,0.0257,116.39,2425.72,0.4188,0.6608
2021-01-25,FARM0326,E,-7.691258,112.203189,500,1,52,10454,305.92,2.92,25.7,27.8,50.0,69.8,16.8,0.7008,0.6492,0.586,5.6841,0.4781,0.7274,0.6066,0.064,0.6571,0.6937,0.4998,4.8329,0.4067,0.6178,0.5452,-0.017,0.679,0.6715,0.5429,5.2585,0.4424,0.6726,0.5759,0.0235,116.3,1940.44,0.4571,0.67525
2022-04-20,FARM0326,E,-7.691258,112.203189,500,2,56,9788,320.86,2.8,24.88,30.0,0.8,73.5,14.1,0.6526,0.6279,0.4849,4.7565,0.4336,0.5981,0.5585,-0.025,0.7383,0.6671,0.5058,6.6432,0.4444,0.732,0.605,0.1411,0.6954,0.6475,0.4953,5.6998,0.439,0.6651,0.5818,0.0581,115.35,2205.0,0.5046999999999999,0.67145
2023-05-15,FARM0326,E,-7.691258,112.203189,500,3,48,9988,311.89,2.71,16.49,28.6,2.9,79.0,15.3,0.6623,0.6046,0.5281,4.9221,0.4416,0.6123,0.5677,-0.0078,0.7243,0.6022,0.4599,6.254,0.393,0.6519,0.5654,0.1114,0.6933,0.6034,0.494,5.5881,0.4173,0.6321,0.5666,0.0518,116.71,2259.4,0.506,0.64835
2024-06-08,FARM0326,E,-7.691258,112.203189,500,4,48,9781,258.6,2.7,21.08,28.8,10.7,82.9,14.6,0.6368,0.6114,0.4852,4.507,0.4109,0.5986,0.5382,-0.0519,0.7422,0.6679,0.6195,6.758,0.4397,0.7098,0.6038,0.1495,0.6895,0.6396,0.5523,5.6325,0.4253,0.6542,0.571,0.0488,114.71,2387.52,0.4477,0.66455
2020-12-26,FARM0327,E,-7.689768,112.186569,576,1,48,9628,352.07,2.5,28.73,23.8,1.0,70.2,13.1,0.6813,0.6735,0.5971,5.2756,0.4505,0.6329,0.5819,0.0268,0.7007,0.6608,0.574,5.6816,0.4576,0.6466,0.5953,0.0638,0.691,0.6672,0.5856,5.4786,0.454,0.6398,0.5886,0.0453,115.4,1670.76,0.4144,0.6791
2022-03-21,FARM0327,E,-7.689768,112.186569,576,2,56,9448,307.88,2.48,15.1,29.0,1.7,78.7,16.4,0.673,0.6432,0.625,5.1165,0.471,0.6359,0.5888,0.0115,0.6621,0.6712,0.4647,4.9189,0.3703,0.5914,0.5243,-0.0082,0.6676,0.6572,0.5448,5.0177,0.4206,0.6136,0.5566,0.0017,113.07,2282.3,0.4552,0.6624
2023-05-15,FARM0327,E,-7.689768,112.186569,576,3,52,9783,327.72,2.66,20.54,33.2,0.7,80.8,17.0,0.7411,0.6367,0.6163,6.7255,0.4738,0.7233,0.6238,0.1472,0.7191,0.6047,0.4846,6.1194,0.4129,0.6478,0.5765,0.1007,0.7301,0.6207,0.5504,6.4224,0.4433,0.6856,0.6002,0.1239,117.24,2682.56,0.4496,0.6754
2024-07-08,FARM0327,E,-7.689768,112.186569,576,4,52,8707,277.0,2.14,10.74,27.8,1.5,67.5,16.8,0.6378,0.6261,0.4666,4.522,0.3908,0.6068,0.5268,-0.0502,0.659,0.6956,0.5163,4.865,0.4158,0.6154,0.5514,-0.0137,0.6484,0.6608,0.4914,4.6935,0.4033,0.6111,0.5391,-0.0319,84.37,1876.5,0.5085999999999999,0.6546000000000001
2020-12-26,FARM0328,E,-7.698161,112.205785,431,1,48,9192,312.07,2.66,26.52,27.9,28.0,81.0,15.6,0.6753,0.5993,0.5183,5.1605,0.4151,0.6123,0.5586,0.0158,0.6759,0.6136,0.5105,5.1705,0.3805,0.595,0.5369,0.0168,0.6756,0.6065,0.5144,5.1655,0.3978,0.6036,0.5478,0.0163,113.58,2259.9,0.4856,0.64105
2022-02-19,FARM0328,E,-7.698161,112.205785,431,2,52,9374,285.56,2.51,24.04,31.1,22.7,75.2,13.4,0.6873,0.5996,0.5165,5.3954,0.4496,0.6408,0.5843,0.038,0.7126,0.6129,0.498,5.9585,0.4223,0.6873,0.5797,0.0875,0.6999,0.6062,0.5073,5.6769,0.4359,0.664,0.582,0.0628,113.08,2338.72,0.4927,0.6530499999999999
2023-05-15,FARM0328,E,-7.698161,112.205785,431,3,56,9675,270.56,2.51,19.85,29.8,1.8,69.2,16.3,0.6791,0.6487,0.5608,5.232,0.4683,0.6729,0.5905,0.0227,0.6997,0.577,0.5072,5.6605,0.3978,0.5982,0.5584,0.062,0.6894,0.6129,0.534,5.4462,0.433,0.6355,0.5744,0.0423,115.49,2062.16,0.466,0.65115
2024-08-07,FARM0328,E,-7.698161,112.205785,431,4,56,9262,293.72,1.94,17.23,24.9,0.7,81.6,16.9,0.7143,0.6306,0.5792,6.0003,0.4522,0.7271,0.5986,0.0909,0.701,0.6458,0.6051,5.6891,0.4384,0.6357,0.5843,0.0645,0.7077,0.6382,0.5922,5.8447,0.4453,0.6814,0.5915,0.0777,115.57,2031.84,0.4078000000000001,0.6729499999999999
2020-12-26,FARM0329,E,-7.696551,112.19352,636,1,48,9505,371.18,2.87,40.66,29.1,5.7,82.9,17.0,0.6461,0.643,0.592,4.6519,0.4358,0.5852,0.5566,-0.0361,0.7678,0.6414,0.4767,7.6123,0.4631,0.715,0.6297,0.2071,0.707,0.6422,0.5344,6.1321,0.4495,0.6501,0.5932,0.0855,115.78,2412.39,0.4656,0.6746
2022-02-19,FARM0329,E,-7.696551,112.19352,636,2,52,10090,345.51,2.71,28.64,30.3,0.1,72.3,16.8,0.7321,0.6931,0.5005,6.4662,0.4787,0.7307,0.6223,0.1279,0.6737,0.6466,0.5936,5.13,0.3789,0.6081,0.535,0.0128,0.7029,0.6698,0.547,5.7981,0.4288,0.6694,0.5786,0.0704,113.98,2190.69,0.453,0.68635
2023-04-15,FARM0329,E,-7.696551,112.19352,636,3,52,9570,327.73,2.38,13.52,30.8,1.5,77.0,15.3,0.7355,0.6504,0.5904,6.5613,0.4551,0.6941,0.6102,0.135,0.7202,0.586,0.5023,6.1486,0.393,0.6611,0.5637,0.103,0.7279,0.6182,0.5464,6.3549,0.424,0.6776,0.5869,0.119,116.57,2371.6,0.4536,0.6730499999999999
2024-07-08,FARM0329,E,-7.696551,112.19352,636,4,56,9392,318.25,2.52,23.85,26.8,1.4,80.9,13.7,0.6932,0.7021,0.5255,5.5198,0.4805,0.6942,0.6041,0.0494,0.7426,0.6332,0.5599,6.7711,0.4157,0.7256,0.5884,0.1505,0.7179,0.6676,0.5427,6.1454,0.4481,0.7099,0.5963,0.0999,116.0,2168.12,0.4573,0.69275
2020-12-26,FARM0330,E,-7.703688,112.182385,620,1,48,10090,319.77,3.4,31.55,27.5,10.7,70.5,13.7,0.6696,0.6487,0.5692,5.0525,0.4684,0.6156,0.5857,0.0052,0.7072,0.6031,0.5114,5.8315,0.4251,0.6136,0.5791,0.0768,0.6884,0.6259,0.5403,5.442,0.4467,0.6146,0.5824,0.041,115.72,1938.75,0.4597,0.65715
2022-02-19,FARM0330,E,-7.703688,112.182385,620,2,52,9688,301.92,3.26,23.62,30.4,6.2,75.1,16.2,0.6766,0.6712,0.576,5.1847,0.4135,0.6397,0.5582,0.0181,0.7094,0.6791,0.5184,5.8826,0.4052,0.6312,0.5674,0.0811,0.693,0.6752,0.5472,5.5336,0.4094,0.6354,0.5628,0.0496,114.68,2283.04,0.4528,0.6840999999999999
2023-04-15,FARM0330,E,-7.703688,112.182385,620,3,52,9791,297.08,2.94,33.99,34.1,0.1,78.8,16.8,0.7391,0.6222,0.483,6.6669,0.4742,0.7408,0.6231,0.1429,0.6921,0.606,0.5728,5.4946,0.3997,0.6004,0.5564,0.0471,0.7156,0.6141,0.5279,6.0808,0.4369,0.6706,0.5897,0.095,116.97,2687.08,0.4721,0.6648499999999999
2024-05-09,FARM0330,E,-7.703688,112.182385,620,4,48,9598,282.65,2.41,17.26,33.4,1.4,77.5,13.0,0.6393,0.6427,0.5123,4.5442,0.4064,0.5717,0.5367,-0.0478,0.6736,0.6416,0.4547,5.1266,0.3766,0.5779,0.5334,0.0125,0.6564,0.6421,0.4835,4.8354,0.3915,0.5748,0.5351,-0.0176,115.75,2588.5,0.5165,0.64925
2021-02-24,FARM0331,E,-7.702156,112.203101,526,1,56,10857,350.76,3.27,29.45,30.5,22.5,73.2,13.2,0.6593,0.6694,0.4493,4.8702,0.4038,0.6385,0.5444,-0.0132,0.6765,0.6489,0.5896,5.1832,0.4112,0.5943,0.5568,0.018,0.6679,0.6591,0.5194,5.0267,0.4075,0.6164,0.5506,0.0024,116.79,2232.6,0.4806,0.6635
2022-04-20,FARM0331,E,-7.702156,112.203101,526,2,52,9231,307.16,2.78,19.75,29.5,4.9,81.3,13.5,0.6466,0.6437,0.5062,4.6588,0.4021,0.638,0.5376,-0.0353,0.6424,0.6468,0.5405,4.5921,0.3748,0.5385,0.5189,-0.0425,0.6445,0.6452,0.5234,4.6255,0.3885,0.5882,0.5283,-0.0389,116.23,2398.35,0.4766,0.6448499999999999
2023-07-14,FARM0331,E,-7.702156,112.203101,526,3,56,9992,298.43,2.98,23.7,25.0,5.0,76.3,13.4,0.6987,0.6448,0.5452,5.6389,0.4727,0.7386,0.6027,0.0601,0.6292,0.6391,0.5484,4.3936,0.3557,0.5304,0.5009,-0.0646,0.664,0.642,0.5468,5.0162,0.4142,0.6345,0.5518,-0.0023,114.68,1907.5,0.4532,0.653
2024-10-06,FARM0331,E,-7.702156,112.203101,526,4,56,9514,279.03,2.71,15.53,20.0,1.1,75.3,13.9,0.6946,0.6151,0.4646,5.5494,0.4039,0.6185,0.5602,0.0521,0.71,0.6461,0.4619,5.8964,0.4278,0.6719,0.582,0.0823,0.7023,0.6306,0.4632,5.7229,0.4159,0.6452,0.5711,0.0672,103.39,1506.0,0.5367999999999999,0.66645
2021-01-25,FARM0332,E,-7.698385,112.210821,437,1,52,9910,316.36,2.62,21.86,28.5,5.7,82.4,13.2,0.6617,0.6055,0.5748,4.9121,0.4417,0.6537,0.5675,-0.0089,0.746,0.692,0.4866,6.8739,0.4444,0.726,0.6084,0.1578,0.7039,0.6487,0.5307,5.893,0.4431,0.6899,0.5879,0.0745,115.51,2348.4,0.4693000000000001,0.6763
2022-04-20,FARM0332,E,-7.698385,112.210821,437,2,56,9743,362.14,2.74,36.72,30.1,0.7,84.1,17.0,0.6512,0.6616,0.543,4.7347,0.4416,0.6297,0.5623,-0.0273,0.6842,0.6646,0.5051,5.3329,0.4129,0.631,0.5613,0.0322,0.6677,0.6631,0.524,5.0338,0.4272,0.6304,0.5618,0.0025,116.55,2531.41,0.476,0.6654
2023-05-15,FARM0332,E,-7.698385,112.210821,437,3,48,9163,303.47,2.22,13.94,27.9,1.7,72.6,13.3,0.6997,0.6395,0.5288,5.6595,0.4276,0.6629,0.5772,0.0619,0.7397,0.5942,0.4844,6.6826,0.399,0.6586,0.5758,0.144,0.7197,0.6168,0.5066,6.1711,0.4133,0.6608,0.5765,0.1029,110.41,2025.54,0.4933999999999999,0.66825
2024-07-08,FARM0332,E,-7.698385,112.210821,437,4,52,9512,293.39,2.24,19.43,27.7,1.0,77.8,16.1,0.6414,0.6156,0.4365,4.5768,0.3856,0.5785,0.5252,-0.0442,0.7661,0.6527,0.6196,7.5514,0.4737,0.7487,0.6354,0.2033,0.7037,0.6341,0.5281,6.0641,0.4296,0.6636,0.5803,0.0795,116.61,2155.06,0.4719,0.6689
2021-01-25,FARM0333,E,-7.71714,112.181284,433,1,52,8975,332.39,2.33,14.81,27.7,16.5,68.5,14.5,0.6408,0.6038,0.4858,4.5681,0.4229,0.6326,0.5469,-0.0451,0.6649,0.6434,0.5607,4.9689,0.4145,0.5871,0.5535,-0.0031,0.6529,0.6236,0.5232,4.7685,0.4187,0.6098,0.5502,-0.0241,113.31,1897.45,0.4768,0.63825
2022-02-19,FARM0333,E,-7.71714,112.181284,433,2,48,9453,289.42,2.27,10.28,31.6,27.1,73.2,13.5,0.6475,0.6039,0.4485,4.6743,0.3886,0.5707,0.5298,-0.0337,0.7362,0.6324,0.5226,6.5824,0.4525,0.6795,0.6089,0.1366,0.6919,0.6182,0.4856,5.6283,0.4205,0.6251,0.5694,0.0515,84.52,2313.12,0.5144,0.6550499999999999
2023-04-15,FARM0333,E,-7.71714,112.181284,433,3,52,8910,264.69,2.22,10.25,30.4,1.9,79.8,15.4,0.6639,0.604,0.5386,4.9513,0.4326,0.6763,0.5635,-0.0049,0.6987,0.6558,0.5055,5.6389,0.4603,0.6726,0.5958,0.0601,0.6813,0.6299,0.5221,5.2951,0.4465,0.6744,0.5797,0.0276,84.6,2425.92,0.4779,0.6556
2024-05-09,FARM0333,E,-7.71714,112.181284,433,4,48,8442,266.97,2.32,15.98,32.9,7.4,71.3,15.9,0.7195,0.6101,0.5083,6.1305,0.4595,0.7155,0.6053,0.1016,0.6537,0.6595,0.5376,4.7758,0.3875,0.562,0.5319,-0.0229,0.6866,0.6348,0.5229,5.4531,0.4235,0.6387,0.5686,0.0393,107.03,2345.77,0.4771,0.6607000000000001
2021-01-25,FARM0334,E,-7.685025,112.18454,687,1,52,10340,371.28,2.57,26.45,29.6,6.1,71.5,16.8,0.6961,0.5866,0.5063,5.5819,0.4281,0.6389,0.5759,0.055,0.7386,0.6262,0.5551,6.6509,0.4574,0.7374,0.613,0.1417,0.7174,0.6064,0.5307,6.1164,0.4427,0.6881,0.5945,0.0983,116.77,2116.4,0.4693000000000001,0.6619
2022-02-19,FARM0334,E,-7.685025,112.18454,687,2,48,10276,352.73,2.73,21.85,28.6,9.2,81.2,15.4,0.7151,0.6228,0.5743,6.0204,0.4799,0.6795,0.6147,0.0926,0.628,0.6217,0.5031,4.3767,0.3605,0.519,0.5035,-0.0665,0.6716,0.6223,0.5387,5.1986,0.4202,0.5992,0.5591,0.0131,115.15,2322.32,0.4613,0.6469499999999999
2023-03-16,FARM0334,E,-7.685025,112.18454,687,3,48,9944,319.32,3.11,21.77,32.6,6.0,86.7,14.4,0.6619,0.6789,0.5871,4.9158,0.4407,0.6169,0.567,-0.0085,0.6812,0.686,0.5649,5.2738,0.4361,0.5895,0.5737,0.0267,0.6716,0.6824,0.576,5.0948,0.4384,0.6032,0.5704,0.0091,114.75,2826.42,0.424,0.677
2024-06-08,FARM0334,E,-7.685025,112.18454,687,4,56,9178,285.19,2.04,12.27,30.9,2.4,70.5,16.8,0.681,0.5695,0.4777,5.2701,0.4043,0.6494,0.5545,0.0263,0.7403,0.6482,0.5583,6.7017,0.417,0.6776,0.5883,0.1454,0.7107,0.6089,0.518,5.9859,0.4107,0.6635,0.5714,0.0859,90.54,2178.45,0.482,0.6597999999999999
2021-02-24,FARM0335,E,-7.70578,112.205577,443,1,56,9042,339.76,3.04,33.58,32.2,15.3,72.4,16.8,0.7169,0.5784,0.5331,6.0654,0.4361,0.7288,0.5902,0.0963,0.7652,0.711,0.6139,7.5171,0.4799,0.7782,0.6387,0.2011,0.7411,0.6447,0.5735,6.7912,0.458,0.7535,0.6144,0.1487,112.9,2331.28,0.4265,0.6929000000000001
2022-03-21,FARM0335,E,-7.70578,112.205577,443,2,48,9582,372.47,2.64,19.88,31.4,26.6,75.9,13.7,0.7319,0.6322,0.5715,6.4587,0.4948,0.7231,0.6311,0.1273,0.6994,0.6429,0.5306,5.6544,0.419,0.6167,0.5719,0.0614,0.7157,0.6375,0.5511,6.0566,0.4569,0.6699,0.6015,0.0944,114.92,2383.26,0.4489,0.6766
2023-06-14,FARM0335,E,-7.70578,112.205577,443,3,56,8551,280.32,2.81,15.11,31.3,0.9,69.4,14.6,0.6832,0.5953,0.4797,5.3139,0.4023,0.6124,0.5542,0.0304,0.684,0.6847,0.5772,5.3285,0.4526,0.6322,0.5844,0.0318,0.6836,0.64,0.5285,5.3212,0.4275,0.6223,0.5693,0.0311,111.38,2172.22,0.4715,0.6617999999999999
2024-08-07,FARM0335,E,-7.70578,112.205577,443,4,52,9284,330.98,2.44,16.37,25.2,0.7,74.9,14.2,0.7027,0.6459,0.5559,5.7272,0.4366,0.7133,0.584,0.0678,0.7076,0.6342,0.6135,5.84,0.4488,0.7051,0.5935,0.0775,0.7052,0.64,0.5847,5.7836,0.4427,0.7092,0.5888,0.0726,114.28,1887.48,0.4153,0.6726000000000001
2020-12-26,FARM0336,E,-7.717778,112.196276,246,1,48,9667,364.53,3.34,29.78,28.9,16.8,67.9,16.9,0.7449,0.6955,0.5215,6.8396,0.4967,0.7782,0.6386,0.1554,0.7369,0.6372,0.55,6.6028,0.4228,0.6711,0.5906,0.1381,0.7409,0.6663,0.5358,6.7212,0.4598,0.7246,0.6146,0.1468,115.27,1962.31,0.4641999999999999,0.7036
2022-02-19,FARM0336,E,-7.717778,112.196276,246,2,52,9657,341.13,2.66,24.16,33.3,32.6,85.6,13.9,0.6866,0.6257,0.5175,5.3823,0.4574,0.652,0.5883,0.0368,0.6579,0.6088,0.5808,4.8468,0.3976,0.5605,0.5401,-0.0156,0.6723,0.6172,0.5491,5.1146,0.4275,0.6062,0.5642,0.0106,116.0,2850.48,0.4509,0.6447499999999999
2023-03-16,FARM0336,E,-7.717778,112.196276,246,3,48,9835,319.23,2.65,27.48,34.8,2.6,78.9,14.0,0.6639,0.5832,0.5784,4.951,0.4045,0.6087,0.547,-0.0049,0.6769,0.6737,0.6131,5.1897,0.4217,0.631,0.5633,0.0186,0.6704,0.6284,0.5957,5.0703,0.4131,0.6198,0.5551,0.0068,116.3,2745.72,0.4043,0.6494
2024-04-09,FARM0336,E,-7.717778,112.196276,246,4,48,9835,296.05,2.65,19.06,31.0,3.3,82.1,16.1,0.6971,0.6305,0.5869,5.602,0.4562,0.6537,0.5927,0.0568,0.6759,0.6458,0.5393,5.1714,0.4459,0.6123,0.5767,0.0168,0.6865,0.6382,0.5631,5.3867,0.451,0.633,0.5847,0.0368,115.86,2545.1,0.4369,0.66235
2020-12-26,FARM0337,E,-7.699395,112.209941,576,1,48,9725,334.53,3.13,36.39,24.6,2.3,77.4,16.0,0.6524,0.6582,0.5122,4.7545,0.4315,0.6246,0.5573,-0.0252,0.7008,0.6223,0.4566,5.685,0.4022,0.592,0.5618,0.0641,0.6766,0.6402,0.4844,5.2198,0.4169,0.6083,0.5596,0.0195,114.21,1904.04,0.5156000000000001,0.6584
2022-03-21,FARM0337,E,-7.699395,112.209941,576,2,56,10458,306.89,2.49,20.94,34.9,21.9,83.4,13.1,0.641,0.6432,0.5527,4.5709,0.3875,0.5779,0.5262,-0.0448,0.7306,0.6153,0.5879,6.424,0.4033,0.6918,0.5751,0.1246,0.6858,0.6293,0.5703,5.4974,0.3954,0.6348,0.5506,0.0399,113.97,2910.66,0.4297,0.65755
2023-04-15,FARM0337,E,-7.699395,112.209941,576,3,48,9720,327.73,2.35,14.14,30.7,2.1,72.6,16.9,0.6618,0.6163,0.5722,4.9138,0.4295,0.6271,0.5607,-0.0087,0.6803,0.65,0.6165,5.2558,0.4138,0.5825,0.5601,0.0249,0.6711,0.6332,0.5944,5.0848,0.4217,0.6048,0.5604,0.0081,116.87,2228.82,0.4056,0.65215
2024-06-08,FARM0337,E,-7.699395,112.209941,576,4,52,9993,304.42,2.83,17.53,28.0,0.4,85.3,13.1,0.635,0.6172,0.584,4.4794,0.4148,0.5779,0.5395,-0.0549,0.7749,0.6519,0.6409,7.8854,0.4858,0.8197,0.6467,0.2239,0.705,0.6346,0.6125,6.1824,0.4503,0.6988,0.5931,0.0845,116.04,2388.4,0.3875,0.6698
2021-01-25,FARM0338,E,-7.680046,112.205586,776,1,52,9909,344.81,2.54,13.78,31.2,20.8,78.5,15.0,0.6778,0.6081,0.5832,5.2081,0.4166,0.6682,0.5606,0.0204,0.6837,0.6506,0.5418,5.3239,0.4311,0.6052,0.572,0.0314,0.6808,0.6294,0.5625,5.266,0.4239,0.6367,0.5663,0.0259,114.82,2449.2,0.4375,0.6551
2022-04-20,FARM0338,E,-7.680046,112.205586,776,2,56,8989,365.29,2.35,15.02,33.9,2.7,73.8,15.1,0.6663,0.6673,0.557,4.9938,0.4128,0.6623,0.5531,-0.0006,0.698,0.6602,0.6107,5.6215,0.4455,0.6913,0.5871,0.0585,0.6821,0.6638,0.5839,5.3076,0.4291,0.6768,0.5701,0.0289,113.25,2501.82,0.4161,0.6729499999999999
2023-05-15,FARM0338,E,-7.680046,112.205586,776,3,48,8350,335.31,2.22,19.89,29.0,1.6,73.7,15.6,0.6789,0.6906,0.6276,5.2293,0.4759,0.6766,0.5944,0.0224,0.7262,0.6483,0.5155,6.3038,0.4078,0.6827,0.5762,0.1153,0.7026,0.6695,0.5715,5.7666,0.4419,0.6796,0.5853,0.0689,113.79,2137.3,0.4285,0.68605
2024-06-08,FARM0338,E,-7.680046,112.205586,776,4,48,7949,309.07,2.29,12.42,28.4,0.9,79.3,13.5,0.6293,0.6191,0.5548,4.3958,0.3841,0.5701,0.5189,-0.0643,0.6924,0.6175,0.5007,5.5027,0.3814,0.6348,0.5445,0.0479,0.6609,0.6183,0.5278,4.9493,0.3828,0.6025,0.5317,-0.0082,85.96,2252.12,0.4722,0.6396
2021-01-25,FARM0339,E,-7.715383,112.182559,382,1,52,10510,377.22,3.09,38.61,28.0,3.8,86.4,16.7,0.7243,0.6109,0.5807,6.2544,0.4491,0.6953,0.6014,0.1115,0.6905,0.6828,0.609,5.4626,0.407,0.6293,0.5604,0.0442,0.7074,0.6469,0.5948,5.8585,0.428,0.6623,0.5809,0.0778,113.87,2419.2,0.4052,0.67715
2022-02-19,FARM0339,E,-7.715383,112.182559,382,2,48,9890,335.69,2.48,19.42,32.4,16.5,71.1,15.9,0.6893,0.6378,0.4669,5.4376,0.4404,0.7119,0.58,0.0419,0.6789,0.7153,0.5023,5.2277,0.4459,0.6213,0.5782,0.0223,0.6841,0.6766,0.4846,5.3327,0.4431,0.6666,0.5791,0.0321,116.17,2303.64,0.5154000000000001,0.68035
2023-04-15,FARM0339,E,-7.715383,112.182559,382,3,52,9232,338.74,3.04,25.28,33.5,0.2,78.6,16.7,0.7134,0.5912,0.4797,5.9779,0.417,0.6694,0.5768,0.0891,0.6492,0.6077,0.5763,4.7014,0.4051,0.5893,0.5406,-0.0308,0.6813,0.5994,0.528,5.3397,0.4111,0.6293,0.5587,0.0292,115.39,2633.1,0.472,0.64035
2024-07-08,FARM0339,E,-7.715383,112.182559,382,4,56,9979,307.4,2.64,19.13,27.6,1.1,81.3,15.2,0.6564,0.5834,0.4672,4.8211,0.4078,0.5962,0.5456,-0.0182,0.6551,0.6857,0.5884,4.7996,0.3908,0.54,0.5346,-0.0205,0.6558,0.6345,0.5278,4.8103,0.3993,0.5681,0.5401,-0.0193,116.72,2243.88,0.4722,0.64515
2020-12-26,FARM0340,E,-7.698651,112.203764,620,1,48,10931,333.86,2.75,17.65,25.8,20.8,83.2,16.2,0.6925,0.6419,0.4901,5.503,0.4578,0.7244,0.5914,0.0479,0.7108,0.63,0.4765,5.9159,0.4362,0.6256,0.5875,0.0839,0.7016,0.636,0.4833,5.7095,0.447,0.675,0.5895,0.0659,114.04,2146.56,0.5166999999999999,0.6688000000000001
2022-02-19,FARM0340,E,-7.698651,112.203764,620,2,52,9816,323.26,2.71,18.2,32.2,3.0,73.8,16.0,0.7192,0.6826,0.4933,6.1221,0.4652,0.6776,0.6084,0.1009,0.7248,0.649,0.4546,6.2675,0.3929,0.6485,0.5656,0.1125,0.722,0.6658,0.474,6.1948,0.4291,0.663,0.587,0.1067,113.84,2376.36,0.526,0.6939
2023-05-15,FARM0340,E,-7.698651,112.203764,620,3,56,10262,295.64,2.35,16.01,28.4,1.0,77.1,16.5,0.6952,0.6746,0.5852,5.5624,0.4813,0.7125,0.6055,0.0532,0.7352,0.6769,0.5553,6.5523,0.4428,0.6573,0.6026,0.1344,0.7152,0.6758,0.5703,6.0573,0.4621,0.6849,0.604,0.0938,116.43,2189.64,0.4297,0.6955
2024-08-07,FARM0340,E,-7.698651,112.203764,620,4,56,9016,286.21,2.91,28.8,21.2,0.3,82.6,14.8,0.6391,0.5832,0.4819,4.5419,0.4137,0.6141,0.5409,-0.048,0.7218,0.5763,0.482,6.1892,0.4031,0.6762,0.5713,0.1063,0.6805,0.5798,0.482,5.3655,0.4084,0.6451,0.5561,0.0291,114.02,1751.12,0.518,0.63015
2021-01-25,FARM0341,E,-7.684541,112.181778,631,1,52,9247,320.79,3.4,33.09,27.2,50.0,68.2,14.1,0.687,0.6316,0.5203,5.3891,0.4595,0.6928,0.5897,0.0374,0.714,0.6437,0.4538,5.9935,0.4118,0.683,0.5737,0.0904,0.7005,0.6377,0.487,5.6913,0.4356,0.6879,0.5817,0.0639,117.02,1855.04,0.513,0.6691
2022-04-20,FARM0341,E,-7.684541,112.181778,631,2,56,8805,343.0,2.91,19.44,34.0,1.7,77.4,13.0,0.7109,0.5881,0.5493,5.9187,0.41,0.6792,0.5712,0.0841,0.6996,0.6947,0.4987,5.6574,0.4275,0.6573,0.5771,0.0617,0.7053,0.6414,0.524,5.7881,0.4187,0.6683,0.5741,0.0729,114.02,2631.6,0.476,0.67335
2023-06-14,FARM0341,E,-7.684541,112.181778,631,3,52,8842,291.13,2.97,18.68,29.4,0.1,71.2,15.9,0.7406,0.6298,0.6091,6.7111,0.4736,0.8056,0.6235,0.1461,0.6698,0.6225,0.5848,5.0573,0.4024,0.5763,0.5483,0.0057,0.7052,0.6262,0.5969,5.8842,0.438,0.6909,0.5859,0.0759,115.88,2093.28,0.4031,0.6657
2024-07-08,FARM0341,E,-7.684541,112.181778,631,4,48,9678,258.67,2.49,22.72,24.1,10.7,82.2,16.4,0.6848,0.6628,0.5478,5.3457,0.4174,0.6942,0.5643,0.0334,0.7445,0.6194,0.4926,6.8289,0.4435,0.6785,0.6072,0.1546,0.7147,0.6411,0.5202,6.0873,0.4304,0.6864,0.5857,0.094,114.55,1981.02,0.4798,0.6779
2021-02-24,FARM0342,E,-7.69689,112.190788,483,1,56,9206,347.47,2.96,37.85,33.4,9.4,75.9,16.1,0.6813,0.6949,0.5991,5.2757,0.4682,0.6669,0.5916,0.0268,0.6942,0.6652,0.4974,5.5407,0.403,0.6265,0.5594,0.0513,0.6878,0.68,0.5483,5.4082,0.4356,0.6467,0.5755,0.0391,114.13,2535.06,0.4517,0.6839
2022-05-20,FARM0342,E,-7.69689,112.190788,483,2,56,9422,301.91,2.94,21.46,32.0,5.7,81.8,15.2,0.7365,0.6243,0.5131,6.5899,0.4812,0.7456,0.6258,0.1372,0.6475,0.6214,0.5107,4.6734,0.3795,0.5268,0.5241,-0.0338,0.692,0.6229,0.5119,5.6317,0.4303,0.6362,0.575,0.0517,114.13,2617.6,0.4881,0.65745
2023-06-14,FARM0342,E,-7.69689,112.190788,483,3,48,9922,286.53,2.4,12.86,30.9,5.3,71.6,15.9,0.7399,0.6029,0.507,6.6907,0.4669,0.8097,0.6192,0.1446,0.6796,0.6732,0.479,5.2416,0.391,0.5856,0.5454,0.0236,0.7098,0.6381,0.493,5.9662,0.4289,0.6977,0.5823,0.0841,105.85,2212.44,0.507,0.67395
2024-07-08,FARM0342,E,-7.69689,112.190788,483,4,48,8925,319.09,2.46,14.2,24.9,4.2,78.3,15.3,0.6587,0.5923,0.4757,4.8592,0.4058,0.6471,0.5454,-0.0143,0.6846,0.651,0.4803,5.3403,0.4207,0.6016,0.5662,0.0329,0.6716,0.6217,0.478,5.0997,0.4133,0.6244,0.5558,0.0093,101.4,1949.67,0.522,0.64665
2020-12-26,FARM0343,E,-7.696227,112.219604,393,1,48,8565,365.91,2.89,32.54,27.4,3.9,74.7,15.9,0.6372,0.6596,0.5753,4.5125,0.4046,0.5694,0.5347,-0.0512,0.7031,0.5671,0.5543,5.7359,0.3884,0.5916,0.5536,0.0685,0.6701,0.6133,0.5648,5.1242,0.3965,0.5805,0.5441,0.0086,116.13,2046.78,0.4352,0.6416999999999999
2022-02-19,FARM0343,E,-7.696227,112.219604,393,2,52,9388,305.29,2.6,18.82,29.7,8.7,71.3,15.4,0.6957,0.6614,0.5206,5.5715,0.4746,0.7204,0.6022,0.0541,0.6813,0.6129,0.5465,5.2748,0.4025,0.5897,0.5535,0.0267,0.6885,0.6372,0.5336,5.4231,0.4386,0.6551,0.5778,0.0404,113.19,2117.61,0.4664,0.6628499999999999
2023-03-16,FARM0343,E,-7.696227,112.219604,393,3,48,8518,278.44,2.42,16.21,33.9,0.2,85.6,16.3,0.6787,0.624,0.5861,5.2243,0.472,0.6436,0.5923,0.0219,0.7372,0.6097,0.5979,6.6094,0.4172,0.6489,0.5871,0.1386,0.7079,0.6169,0.592,5.9169,0.4446,0.6463,0.5897,0.0803,116.21,2901.84,0.408,0.6624
2024-06-08,FARM0343,E,-7.696227,112.219604,393,4,56,8359,286.65,2.51,12.58,28.4,0.4,86.6,14.5,0.736,0.6887,0.4945,6.5765,0.4855,0.7712,0.628,0.1362,0.6688,0.6693,0.4393,5.0385,0.3779,0.6094,0.5322,0.0038,0.7024,0.679,0.4669,5.8075,0.4317,0.6903,0.5801,0.07,94.96,2459.44,0.5331,0.6907000000000001
2021-02-24,FARM0344,E,-7.692466,112.182217,740,1,56,10139,317.53,3.17,28.45,30.3,50.0,80.2,16.1,0.6775,0.6473,0.5628,5.2012,0.4062,0.6705,0.5541,0.0197,0.7495,0.6274,0.5298,6.9843,0.4317,0.7062,0.6019,0.1656,0.7135,0.6373,0.5463,6.0927,0.4189,0.6884,0.578,0.0926,115.29,2430.06,0.4537,0.6754
2022-04-20,FARM0344,E,-7.692466,112.182217,740,2,52,9383,302.9,2.51,20.72,31.6,3.5,80.8,14.9,0.7301,0.6309,0.5965,6.4108,0.4465,0.7001,0.6026,0.1236,0.7405,0.6266,0.475,6.7081,0.4195,0.6897,0.59,0.1459,0.7353,0.6287,0.5358,6.5594,0.433,0.6949,0.5963,0.1348,113.93,2553.28,0.4641999999999999,0.6819999999999999
2023-05-15,FARM0344,E,-7.692466,112.182217,740,3,48,9326,326.78,2.61,20.79,31.9,6.2,72.8,15.8,0.7056,0.6207,0.5505,5.7926,0.4413,0.7358,0.5882,0.0734,0.733,0.6288,0.5107,6.4894,0.4534,0.7263,0.608,0.1296,0.7193,0.6247,0.5306,6.141,0.4473,0.731,0.5981,0.1015,115.42,2322.32,0.4694,0.672
2024-07-08,FARM0344,E,-7.692466,112.182217,740,4,52,9779,298.19,2.31,11.08,27.9,6.0,72.0,15.7,0.6559,0.6491,0.5279,4.8118,0.4363,0.5893,0.5617,-0.0192,0.7747,0.6961,0.524,7.8754,0.4853,0.7544,0.6462,0.2233,0.7153,0.6726,0.5259,6.3436,0.4608,0.6718,0.6039,0.1021,88.8,2008.8,0.4741,0.6939500000000001
2021-01-25,FARM0345,E,-7.710437,112.205942,514,1,52,9585,347.95,2.88,31.86,30.2,50.0,76.1,13.2,0.6467,0.6681,0.5193,4.6604,0.4158,0.6223,0.5457,-0.0352,0.6943,0.6506,0.4996,5.5424,0.4508,0.6847,0.5884,0.0514,0.6705,0.6594,0.5094,5.1014,0.4333,0.6535,0.567,0.0081,112.95,2298.22,0.4906,0.6649499999999999
2022-02-19,FARM0345,E,-7.710437,112.205942,514,2,48,9543,330.28,2.9,26.28,28.4,12.5,75.1,15.4,0.6873,0.5741,0.4587,5.3952,0.4182,0.6977,0.5659,0.038,0.7517,0.6638,0.5909,7.0534,0.4616,0.7535,0.6215,0.1704,0.7195,0.619,0.5248,6.2243,0.4399,0.7256,0.5937,0.1042,112.85,2132.84,0.4752,0.66925
2023-04-15,FARM0345,E,-7.710437,112.205942,514,3,52,8493,315.32,2.63,28.22,34.0,5.5,85.4,13.3,0.6948,0.6419,0.4881,5.554,0.4496,0.6762,0.588,0.0525,0.695,0.6676,0.4948,5.5569,0.4033,0.6051,0.56,0.0528,0.6949,0.6547,0.4915,5.5555,0.4265,0.6407,0.574,0.0526,115.13,2903.6,0.5085,0.6748
2024-07-08,FARM0345,E,-7.710437,112.205942,514,4,56,8342,292.54,2.55,17.28,26.9,4.7,86.0,14.4,0.6664,0.5875,0.5026,4.9955,0.4269,0.6673,0.5614,-0.0004,0.7628,0.677,0.6094,7.4334,0.4723,0.7014,0.633,0.1957,0.7146,0.6323,0.556,6.2145,0.4496,0.6844,0.5972,0.0976,115.6,2313.4,0.444,0.67345
2020-12-26,FARM0346,E,-7.684578,112.205311,299,1,48,9861,358.64,3.31,36.55,26.5,0.0,81.8,15.3,0.6332,0.6097,0.5602,4.4523,0.3885,0.547,0.5233,-0.0579,0.7311,0.6306,0.5964,6.4381,0.458,0.6611,0.6099,0.1257,0.6821,0.6202,0.5783,5.4452,0.4232,0.6041,0.5666,0.0339,114.11,2167.7,0.4217,0.65115
2022-01-20,FARM0346,E,-7.684578,112.205311,299,2,48,10130,309.59,2.83,28.61,27.9,23.3,85.3,16.0,0.7302,0.6167,0.509,6.4142,0.4748,0.6964,0.6192,0.1239,0.6863,0.6066,0.4507,5.3758,0.3916,0.6327,0.5487,0.0362,0.7083,0.6116,0.4799,5.895,0.4332,0.6646,0.5839,0.0801,114.0,2379.87,0.5201,0.65995
2023-03-16,FARM0346,E,-7.684578,112.205311,299,3,52,9740,319.94,2.9,34.78,30.9,2.3,83.1,13.4,0.683,0.6586,0.4953,5.3092,0.4472,0.6323,0.5809,0.03,0.6728,0.6962,0.5856,5.1125,0.4072,0.5708,0.5526,0.0111,0.6779,0.6774,0.5404,5.2109,0.4272,0.6015,0.5668,0.0206,115.86,2567.79,0.4596,0.67765
2024-05-09,FARM0346,E,-7.684578,112.205311,299,4,52,9089,243.46,2.66,15.39,33.0,1.3,75.0,16.1,0.727,0.5772,0.5342,6.327,0.4283,0.7127,0.5899,0.1172,0.7682,0.6935,0.5189,7.6269,0.4709,0.7207,0.6346,0.208,0.7476,0.6354,0.5265,6.9769,0.4496,0.7167,0.6122,0.1626,114.14,2475.0,0.4735,0.6915
2020-12-26,FARM0347,E,-7.689084,112.181659,671,1,48,9297,387.35,2.4,24.26,26.1,2.4,85.2,16.2,0.7024,0.6421,0.5821,5.7193,0.4465,0.7292,0.5897,0.0671,0.7686,0.62,0.5983,7.6445,0.47,0.7568,0.6343,0.2091,0.7355,0.6311,0.5902,6.6819,0.4582,0.743,0.612,0.1381,113.99,2223.72,0.4098000000000001,0.6833
2022-03-21,FARM0347,E,-7.689084,112.181659,671,2,56,9252,333.84,2.44,19.18,29.8,17.7,77.6,14.7,0.7193,0.6456,0.5156,6.1252,0.4768,0.6865,0.615,0.1011,0.6767,0.6171,0.4945,5.1865,0.4274,0.6393,0.5666,0.0183,0.698,0.6313,0.5051,5.6558,0.4521,0.6629,0.5908,0.0597,114.29,2312.48,0.4949,0.66465
2023-06-14,FARM0347,E,-7.689084,112.181659,671,3,56,9066,354.73,2.36,22.99,25.7,1.4,83.2,14.2,0.6628,0.6294,0.5544,4.9321,0.4649,0.6856,0.5805,-0.0068,0.6665,0.6498,0.5205,4.997,0.4135,0.592,0.5536,-0.0003,0.6647,0.6396,0.5374,4.9645,0.4392,0.6388,0.567,-0.0036,115.77,2138.24,0.4626,0.65215
2024-09-06,FARM0347,E,-7.689084,112.181659,671,4,56,8707,287.46,2.13,14.42,24.1,3.1,67.8,14.9,0.7245,0.6671,0.5627,6.2587,0.495,0.7219,0.6275,0.1118,0.7126,0.6015,0.4407,5.9601,0.3962,0.6098,0.5628,0.0876,0.7186,0.6343,0.5017,6.1094,0.4456,0.6659,0.5952,0.0997,93.91,1633.98,0.4983,0.67645
2020-12-26,FARM0348,E,-7.696999,112.192873,605,1,48,10788,366.52,2.34,16.96,29.2,2.8,86.8,15.9,0.6625,0.5911,0.5158,4.9263,0.3984,0.6241,0.5426,-0.0074,0.7182,0.5846,0.4425,6.0961,0.4053,0.6296,0.5712,0.0988,0.6903,0.5879,0.4791,5.5112,0.4018,0.6269,0.5569,0.0457,112.76,2534.56,0.5208999999999999,0.6391
2022-03-21,FARM0348,E,-7.696999,112.192873,605,2,56,9917,350.4,2.43,14.29,34.7,19.5,78.7,15.8,0.6708,0.6906,0.5766,5.0753,0.4505,0.6412,0.5768,0.0075,0.6875,0.6058,0.5353,5.3993,0.3806,0.578,0.5418,0.0384,0.6791,0.6482,0.556,5.2373,0.4155,0.6096,0.5593,0.0229,115.64,2730.89,0.444,0.6636500000000001
2023-04-15,FARM0348,E,-7.696999,112.192873,605,3,48,9913,353.53,2.77,35.84,31.9,1.0,84.5,16.1,0.7403,0.6719,0.5051,6.7007,0.4882,0.7547,0.6316,0.1453,0.7419,0.6477,0.574,6.7484,0.4679,0.68,0.6207,0.1488,0.7411,0.6598,0.5395,6.7245,0.478,0.7174,0.6261,0.1471,116.8,2695.55,0.4605,0.70045
2024-07-08,FARM0348,E,-7.696999,112.192873,605,4,56,9125,307.04,2.73,18.79,27.5,0.3,84.4,15.4,0.7581,0.631,0.6174,7.269,0.5079,0.8344,0.6512,0.1849,0.6481,0.6335,0.4582,4.6828,0.3881,0.5591,0.5298,-0.0328,0.7031,0.6322,0.5378,5.9759,0.448,0.6967,0.5905,0.0761,113.13,2321.0,0.4622000000000001,0.66765
2021-02-24,FARM0349,E,-7.701075,112.206095,755,1,56,10527,351.57,2.88,37.4,30.9,6.9,71.1,14.8,0.6526,0.5972,0.508,4.7567,0.422,0.6259,0.5521,-0.0249,0.6702,0.6469,0.5762,5.0641,0.378,0.5683,0.5329,0.0064,0.6614,0.6221,0.5421,4.9104,0.4,0.5971,0.5425,-0.0093,113.71,2196.99,0.4579,0.64175
2022-05-20,FARM0349,E,-7.701075,112.206095,755,2,56,9993,309.65,2.16,17.64,31.9,2.0,68.7,13.3,0.6899,0.6751,0.6085,5.449,0.468,0.7052,0.5957,0.043,0.6544,0.6906,0.5489,4.7867,0.4149,0.5607,0.5488,-0.0218,0.6721,0.6828,0.5787,5.1178,0.4415,0.633,0.5723,0.0106,115.66,2191.53,0.4213,0.67745
2023-07-14,FARM0349,E,-7.701075,112.206095,755,3,52,10323,291.71,2.27,17.66,25.5,1.9,75.4,16.4,0.696,0.6142,0.6213,5.5799,0.458,0.7148,0.5933,0.0548,0.7526,0.6647,0.4637,7.0845,0.4362,0.7484,0.6061,0.1725,0.7243,0.6395,0.5425,6.3322,0.4471,0.7316,0.5997,0.1137,115.81,1922.7,0.4575,0.6819
2024-09-06,FARM0349,E,-7.701075,112.206095,755,4,52,10109,273.82,2.49,11.81,20.0,10.2,70.7,14.4,0.6463,0.6135,0.5401,4.6546,0.4225,0.579,0.5493,-0.0358,0.6797,0.6401,0.4953,5.2433,0.4162,0.6121,0.5612,0.0238,0.663,0.6268,0.5177,4.949,0.4193,0.5956,0.5553,-0.006,84.59,1414.0,0.4823,0.6449
2020-12-26,FARM0350,E,-7.680513,112.217911,658,1,48,9856,351.5,2.75,31.92,25.4,50.0,78.2,16.5,0.6605,0.6539,0.5339,4.8904,0.4237,0.6596,0.5568,-0.0111,0.7414,0.6422,0.6311,6.7351,0.4601,0.7055,0.6159,0.1479,0.7009,0.648,0.5825,5.8127,0.4419,0.6825,0.5863,0.0684,113.4,1986.28,0.4175,0.67445
2022-01-20,FARM0350,E,-7.680513,112.217911,658,2,48,10575,331.25,2.6,15.88,29.7,8.1,86.4,13.3,0.7037,0.7023,0.5666,5.7501,0.4734,0.6815,0.6055,0.0698,0.7066,0.5901,0.5339,5.8158,0.4069,0.6291,0.5673,0.0754,0.7051,0.6462,0.5503,5.7829,0.4402,0.6553,0.5864,0.0726,116.2,2566.08,0.4497,0.67565
2023-03-16,FARM0350,E,-7.680513,112.217911,658,3,52,8871,332.49,2.17,9.84,32.3,19.8,79.1,15.7,0.6675,0.6219,0.5924,5.0157,0.4616,0.6215,0.5811,0.0016,0.7163,0.6853,0.4609,6.049,0.4259,0.6447,0.5836,0.0949,0.6919,0.6536,0.5267,5.5323,0.4437,0.6331,0.5824,0.0483,83.32,2554.929999999999,0.4733000000000001,0.67275
2024-05-09,FARM0350,E,-7.680513,112.217911,658,4,52,9367,339.06,2.28,15.66,28.1,4.4,70.9,16.5,0.6587,0.5794,0.4655,4.8598,0.3909,0.5848,0.5363,-0.0142,0.6956,0.6715,0.5288,5.5708,0.4366,0.6702,0.5808,0.054,0.6772,0.6255,0.4972,5.2153,0.4138,0.6275,0.5585,0.0199,115.42,1992.29,0.5028,0.65135
2021-02-24,FARM0351,E,-7.687234,112.189786,346,1,56,9329,335.8,2.54,20.02,28.7,11.8,86.2,15.7,0.727,0.625,0.5545,6.3248,0.4816,0.725,0.6214,0.117,0.6852,0.6246,0.4518,5.354,0.3894,0.6179,0.5468,0.0342,0.7061,0.6248,0.5031,5.8394,0.4355,0.6715,0.5841,0.0756,113.74,2473.94,0.4969,0.66545
2022-04-20,FARM0351,E,-7.687234,112.189786,346,2,52,9366,358.29,2.53,29.48,31.0,0.3,67.4,14.7,0.6531,0.6439,0.5365,4.766,0.4252,0.5981,0.5541,-0.024,0.7357,0.6731,0.6002,6.5685,0.4101,0.6599,0.5818,0.1356,0.6944,0.6585,0.5683,5.6673,0.4177,0.629,0.568,0.0558,113.71,2089.4,0.4317,0.67645
2023-05-15,FARM0351,E,-7.687234,112.189786,346,3,48,9039,296.84,2.36,11.21,29.0,7.9,78.4,14.8,0.7157,0.6321,0.5885,6.0343,0.4297,0.7436,0.5857,0.0937,0.7543,0.6804,0.553,7.1393,0.4808,0.6993,0.6341,0.1762,0.735,0.6562,0.5707,6.5868,0.4552,0.7214,0.6099,0.135,97.19,2273.6,0.4293,0.6956
2024-08-07,FARM0351,E,-7.687234,112.189786,346,4,56,9064,290.15,2.19,13.91,26.3,1.6,67.1,16.2,0.7384,0.6176,0.5601,6.6455,0.4911,0.8081,0.6323,0.1413,0.7202,0.6549,0.609,6.1482,0.452,0.6668,0.6013,0.103,0.7293,0.6363,0.5846,6.3969,0.4716,0.7374,0.6168,0.1221,102.4,1764.73,0.4154,0.6828
2021-01-25,FARM0352,E,-7.719944,112.203182,262,1,52,10194,332.62,2.68,15.73,28.9,13.3,67.9,13.4,0.6558,0.6229,0.4741,4.8099,0.4266,0.5886,0.5562,-0.0194,0.7385,0.6559,0.4959,6.6477,0.4687,0.715,0.6196,0.1415,0.6971,0.6394,0.485,5.7288,0.4477,0.6518,0.5879,0.061,113.62,1962.31,0.515,0.66825
2022-04-20,FARM0352,E,-7.719944,112.203182,262,2,56,9116,346.24,2.92,34.15,31.2,2.9,75.1,13.6,0.6212,0.6643,0.5129,4.2799,0.3837,0.5318,0.5149,-0.0776,0.6988,0.674,0.4684,5.6392,0.4001,0.5974,0.5595,0.0601,0.66,0.6691,0.4907,4.9595,0.3919,0.5646,0.5372,-0.0088,116.19,2343.12,0.5093,0.66455
2023-05-15,FARM0352,E,-7.719944,112.203182,262,3,48,8700,288.05,2.66,19.89,32.5,0.6,83.7,13.6,0.6628,0.6317,0.5127,4.9309,0.4286,0.6592,0.5607,-0.007,0.6493,0.6924,0.5033,4.7025,0.3962,0.5708,0.5353,-0.0307,0.656,0.6621,0.508,4.8167,0.4124,0.615,0.548,-0.0188,116.77,2720.25,0.492,0.65905
2024-06-08,FARM0352,E,-7.719944,112.203182,262,4,48,9233,293.98,2.7,25.54,28.4,7.2,76.9,13.9,0.739,0.6158,0.5946,6.6623,0.4608,0.7081,0.6152,0.1425,0.6922,0.6777,0.5119,5.4968,0.4537,0.628,0.589,0.0473,0.7156,0.6467,0.5533,6.0795,0.4573,0.6681,0.6021,0.0949,117.16,2183.96,0.4467,0.68115
2021-02-24,FARM0353,E,-7.699666,112.203203,442,1,56,9749,352.97,2.32,24.63,30.9,1.2,78.0,13.4,0.6282,0.6348,0.502,4.3794,0.3854,0.5818,0.5192,-0.0662,0.6833,0.6774,0.5097,5.316,0.3915,0.5938,0.5474,0.0306,0.6558,0.6561,0.5059,4.8477,0.3885,0.5878,0.5333,-0.0178,112.94,2410.2,0.4941,0.65595
2022-03-21,FARM0353,E,-7.699666,112.203203,442,2,48,9379,340.79,3.0,41.99,33.4,34.9,78.0,16.4,0.6792,0.6441,0.5266,5.234,0.4402,0.6252,0.5751,0.0229,0.6921,0.6461,0.5888,5.4957,0.4563,0.6624,0.5904,0.0472,0.6856,0.6451,0.5577,5.3649,0.4482,0.6438,0.5827,0.035,113.48,2605.2,0.4423,0.66535
2023-06-14,FARM0353,E,-7.699666,112.203203,442,3,56,9991,288.2,2.71,14.01,27.1,1.2,85.2,14.3,0.6881,0.6672,0.5362,5.4131,0.4635,0.7067,0.5924,0.0397,0.7273,0.5865,0.5129,6.3349,0.3881,0.6482,0.5632,0.1178,0.7077,0.6269,0.5245,5.874,0.4258,0.6774,0.5778,0.0787,116.37,2308.92,0.4755,0.6673
2024-08-07,FARM0353,E,-7.699666,112.203203,442,4,52,9361,293.0,2.76,25.16,23.0,3.9,80.2,13.6,0.7408,0.6293,0.4845,6.7158,0.483,0.8178,0.6289,0.1465,0.7105,0.6439,0.6349,5.9096,0.4486,0.6904,0.5948,0.0834,0.7257,0.6366,0.5597,6.3127,0.4658,0.7541,0.6119,0.1149,113.17,1844.6,0.4403,0.68115
2021-02-24,FARM0354,E,-7.696118,112.180261,475,1,56,10128,381.76,2.88,41.1,30.9,3.5,75.8,15.9,0.667,0.6477,0.4802,5.0068,0.4456,0.6424,0.5722,0.0007,0.6793,0.6355,0.4797,5.2363,0.4232,0.6304,0.5653,0.0231,0.6732,0.6416,0.48,5.1216,0.4344,0.6364,0.5688,0.0119,114.45,2342.22,0.52,0.6574
2022-04-20,FARM0354,E,-7.696118,112.180261,475,2,52,10624,301.13,2.78,18.5,32.0,2.6,67.2,15.6,0.6763,0.6222,0.4701,5.1786,0.4201,0.6501,0.562,0.0175,0.7185,0.6017,0.5659,6.1049,0.4096,0.6784,0.5742,0.0995,0.6974,0.612,0.518,5.6417,0.4149,0.6642,0.5681,0.0585,112.7,2150.4,0.482,0.6547000000000001
2023-05-15,FARM0354,E,-7.696118,112.180261,475,3,48,9229,296.34,2.69,26.09,32.5,3.1,71.1,15.4,0.731,0.643,0.4752,6.4336,0.448,0.7005,0.6038,0.1254,0.6957,0.5995,0.5326,5.573,0.3861,0.6543,0.549,0.0542,0.7133,0.6213,0.5039,6.0033,0.417,0.6774,0.5764,0.0898,113.63,2310.75,0.4961,0.6673
2024-06-08,FARM0354,E,-7.696118,112.180261,475,4,48,8954,301.61,2.19,12.15,28.8,1.8,71.2,13.7,0.6171,0.5837,0.5541,4.2232,0.3857,0.5647,0.5143,-0.0842,0.7091,0.638,0.4541,5.876,0.4097,0.639,0.5702,0.0805,0.6631,0.6109,0.5041,5.0496,0.3977,0.6019,0.5423,-0.0018,89.58,2050.56,0.4959,0.637
2021-02-24,FARM0355,E,-7.716744,112.194398,789,1,56,10355,337.74,2.83,17.94,29.5,2.3,72.8,13.4,0.6377,0.6439,0.514,4.5205,0.4037,0.5849,0.5345,-0.0504,0.6899,0.5876,0.4427,5.4502,0.3902,0.5786,0.5493,0.0431,0.6638,0.6158,0.4784,4.9854,0.3969,0.5817,0.5419,-0.0036,115.53,2147.6,0.5216000000000001,0.6397999999999999
2022-04-20,FARM0355,E,-7.716744,112.194398,789,2,52,9717,347.42,2.9,22.23,33.4,3.7,85.0,14.4,0.6636,0.6021,0.5419,4.945,0.4366,0.6655,0.5655,-0.0055,0.7251,0.6273,0.605,6.2747,0.4629,0.7222,0.6099,0.1131,0.6943,0.6147,0.5735,5.6099,0.4497,0.6938,0.5877,0.0538,116.98,2839.0,0.4265,0.6545000000000001
2023-07-14,FARM0355,E,-7.716744,112.194398,789,3,56,10162,343.5,2.51,16.7,27.2,2.8,80.7,13.4,0.6718,0.5955,0.5649,5.0942,0.427,0.6584,0.564,0.0093,0.7074,0.6708,0.5499,5.8346,0.4628,0.6982,0.6014,0.077,0.6896,0.6331,0.5574,5.4644,0.4449,0.6783,0.5827,0.0432,113.52,2195.04,0.4426,0.66135
2024-10-06,FARM0355,E,-7.716744,112.194398,789,4,56,9817,286.56,1.99,13.85,21.1,2.1,83.3,14.1,0.7159,0.647,0.4841,6.04,0.444,0.7467,0.5946,0.0942,0.737,0.6465,0.6033,6.6054,0.4221,0.7151,0.5902,0.1383,0.7265,0.6467,0.5437,6.3227,0.4331,0.7309,0.5924,0.1163,103.59,1757.63,0.4563,0.6866000000000001
2021-02-24,FARM0356,E,-7.692804,112.182586,623,1,56,9230,363.38,3.19,26.67,30.8,8.0,71.7,13.3,0.6862,0.6445,0.492,5.373,0.4135,0.6578,0.5625,0.036,0.7514,0.6318,0.4804,7.044,0.4436,0.706,0.6102,0.1697,0.7188,0.6381,0.4862,6.2085,0.4286,0.6819,0.5864,0.1028,112.74,2208.36,0.5138,0.67845
2022-05-20,FARM0356,E,-7.692804,112.182586,623,2,56,8844,305.96,2.5,17.13,31.9,2.1,68.6,16.9,0.7235,0.641,0.4855,6.2323,0.473,0.7737,0.6149,0.1097,0.6865,0.6812,0.591,5.3792,0.434,0.676,0.575,0.0365,0.705,0.6611,0.5382,5.8057,0.4535,0.7249,0.595,0.0731,113.11,2188.34,0.4618,0.6830499999999999
2023-06-14,FARM0356,E,-7.692804,112.182586,623,3,48,9503,281.56,2.57,15.49,30.5,2.0,71.6,14.5,0.6706,0.6711,0.5401,5.0711,0.4163,0.6099,0.5571,0.0071,0.7069,0.6677,0.5532,5.8234,0.4579,0.6433,0.5984,0.0761,0.6887,0.6694,0.5466,5.4472,0.4371,0.6266,0.5778,0.0416,113.46,2183.8,0.4534,0.6790499999999999
2024-08-07,FARM0356,E,-7.692804,112.182586,623,4,52,8316,291.37,2.6,21.07,23.4,1.0,79.3,16.8,0.636,0.6105,0.4367,4.4948,0.3913,0.5817,0.5263,-0.0532,0.6691,0.6496,0.5107,5.0434,0.4174,0.585,0.5571,0.0043,0.6525,0.63,0.4737,4.7691,0.4043,0.5833,0.5417,-0.0244,116.95,1855.62,0.5263,0.64125
2021-01-25,FARM0357,E,-7.686351,112.187935,508,1,52,9962,337.83,3.17,46.01,31.8,4.8,72.4,15.8,0.6753,0.6374,0.5276,5.1587,0.4699,0.6531,0.5894,0.0156,0.6872,0.6437,0.5294,5.394,0.44,0.601,0.5788,0.0379,0.6812,0.6405,0.5285,5.2764,0.4549,0.627,0.5841,0.0268,115.49,2302.32,0.4715,0.6608499999999999
2022-04-20,FARM0357,E,-7.686351,112.187935,508,2,56,8666,297.05,2.81,21.82,30.6,0.2,78.1,13.7,0.6963,0.698,0.5376,5.5844,0.4726,0.6746,0.6014,0.0552,0.69,0.5923,0.5495,5.452,0.403,0.6077,0.5576,0.0432,0.6931,0.6452,0.5435,5.5182,0.4378,0.6411,0.5795,0.0492,116.47,2389.86,0.4565,0.66915
2023-05-15,FARM0357,E,-7.686351,112.187935,508,3,48,9215,335.69,2.89,19.9,33.2,1.7,73.0,13.2,0.6684,0.6566,0.5314,5.0311,0.4281,0.6546,0.563,0.0031,0.7542,0.6388,0.521,7.1376,0.4693,0.785,0.6273,0.1761,0.7113,0.6477,0.5262,6.0844,0.4487,0.7198,0.5952,0.0896,113.15,2423.6,0.4738,0.6795
2024-06-08,FARM0357,E,-7.686351,112.187935,508,4,48,8172,281.46,2.72,20.65,30.4,0.7,86.6,16.1,0.714,0.573,0.5846,5.9938,0.4217,0.7106,0.58,0.0904,0.7366,0.5724,0.5137,6.594,0.4023,0.6733,0.5768,0.1375,0.7253,0.5727,0.5491,6.2939,0.412,0.6919,0.5784,0.1139,117.1,2632.64,0.4509,0.649
2020-12-26,FARM0358,E,-7.699815,112.20071,674,1,48,9539,323.91,2.4,13.06,28.4,8.0,86.7,15.7,0.731,0.6174,0.5877,6.4358,0.4767,0.7929,0.6206,0.1256,0.6822,0.676,0.613,5.2929,0.4288,0.6228,0.5699,0.0285,0.7066,0.6467,0.6004,5.8644,0.4527,0.7079,0.5953,0.077,116.91,2462.28,0.3996,0.67665
2022-01-20,FARM0358,E,-7.699815,112.20071,674,2,48,10275,312.05,2.86,26.3,25.9,22.4,77.3,14.3,0.7072,0.7014,0.5883,5.8296,0.4727,0.7525,0.6068,0.0766,0.682,0.6982,0.6311,5.29,0.4404,0.6283,0.5766,0.0282,0.6946,0.6998,0.6097,5.5598,0.4566,0.6904,0.5917,0.0524,114.33,2002.07,0.3903,0.6972
2023-02-14,FARM0358,E,-7.699815,112.20071,674,3,48,9658,300.1,2.5,23.46,30.9,6.7,86.2,14.8,0.6821,0.6397,0.5688,5.2903,0.4752,0.6731,0.5956,0.0282,0.7249,0.605,0.4886,6.2714,0.4309,0.7067,0.5906,0.1128,0.7035,0.6224,0.5287,5.7809,0.4531,0.6899,0.5931,0.0705,115.84,2663.58,0.4713000000000001,0.6629499999999999
2024-05-09,FARM0358,E,-7.699815,112.20071,674,4,56,9855,322.82,1.87,10.38,32.0,1.8,78.1,16.7,0.7097,0.6662,0.4636,5.8905,0.4509,0.7413,0.5958,0.0818,0.6614,0.6297,0.4425,4.9069,0.3863,0.5957,0.5345,-0.0094,0.6856,0.6479,0.4531,5.3987,0.4186,0.6685,0.5651,0.0362,84.24,2499.2,0.5468999999999999,0.66675
2020-12-26,FARM0359,E,-7.690402,112.197518,674,1,48,9321,348.63,2.54,22.83,24.6,19.8,79.9,14.6,0.6216,0.6206,0.475,4.2853,0.3883,0.5395,0.5179,-0.077,0.6707,0.6009,0.504,5.0736,0.4181,0.5723,0.5583,0.0073,0.6461,0.6108,0.4895,4.6794,0.4032,0.5559,0.5381,-0.0348,115.99,1965.54,0.5105,0.62845
2022-01-20,FARM0359,E,-7.690402,112.197518,674,2,48,10274,320.67,2.97,19.1,29.0,50.0,79.6,14.8,0.7323,0.6618,0.552,6.4708,0.4842,0.7519,0.6255,0.1282,0.7422,0.7136,0.6066,6.7571,0.4704,0.7655,0.6223,0.1494,0.7372,0.6877,0.5793,6.614,0.4773,0.7587,0.6239,0.1388,114.44,2308.4,0.4207,0.71245
2023-02-14,FARM0359,E,-7.690402,112.197518,674,3,48,8836,337.72,2.64,32.64,32.5,17.6,80.1,14.8,0.67,0.6816,0.5884,5.0608,0.4447,0.6251,0.5732,0.006,0.6969,0.6687,0.5235,5.5979,0.4469,0.6807,0.5874,0.0564,0.6834,0.6752,0.556,5.3294,0.4458,0.6529,0.5803,0.0312,113.65,2603.25,0.444,0.6793
2024-04-09,FARM0359,E,-7.690402,112.197518,674,4,52,9147,294.43,2.5,17.35,32.3,0.5,75.7,16.6,0.7238,0.6948,0.5881,6.2406,0.4951,0.7235,0.6272,0.1104,0.7075,0.6257,0.5843,5.8372,0.4346,0.6766,0.585,0.0773,0.7156,0.6603,0.5862,6.0389,0.4648,0.7001,0.6061,0.0938,116.31,2445.11,0.4137999999999999,0.6879500000000001
2021-02-24,FARM0360,E,-7.686102,112.203936,594,1,56,9814,349.66,3.08,33.76,31.1,4.5,84.1,15.6,0.727,0.6421,0.5719,6.3248,0.4848,0.764,0.6232,0.117,0.7707,0.6525,0.5495,7.7207,0.4711,0.773,0.6359,0.2139,0.7488,0.6473,0.5607,7.0227,0.478,0.7685,0.6295,0.1654,115.85,2615.51,0.4393,0.6980500000000001
2022-04-20,FARM0360,E,-7.686102,112.203936,594,2,52,9923,327.38,2.77,29.94,32.9,1.3,75.3,15.3,0.7092,0.662,0.5913,5.878,0.431,0.6755,0.5837,0.0807,0.7412,0.6629,0.519,6.7286,0.4413,0.681,0.6043,0.1474,0.7252,0.6624,0.5552,6.3033,0.4362,0.6783,0.594,0.114,116.61,2477.37,0.4448,0.6938
2023-05-15,FARM0360,E,-7.686102,112.203936,594,3,48,8898,339.71,2.37,24.7,33.2,1.1,70.6,15.4,0.7346,0.6337,0.5024,6.537,0.4567,0.745,0.6107,0.1332,0.7312,0.6704,0.5169,6.4418,0.4727,0.67,0.6185,0.126,0.7329,0.6521,0.5096,6.4894,0.4647,0.7075,0.6146,0.1296,114.21,2343.92,0.4903999999999999,0.6925
2024-07-08,FARM0360,E,-7.686102,112.203936,594,4,52,9024,344.85,2.52,20.01,27.1,0.0,82.7,16.8,0.66,0.6476,0.4729,4.8821,0.4429,0.5946,0.5673,-0.0119,0.7141,0.6699,0.4868,5.9951,0.3882,0.6506,0.5579,0.0905,0.687,0.6587,0.4798,5.4386,0.4155,0.6226,0.5626,0.0393,113.66,2241.17,0.5202,0.67285
2021-01-25,FARM0361,F,-7.731734,112.266539,677,1,52,8847,321.94,3.17,35.91,30.3,0.3,62.6,14.0,0.7253,0.6348,0.3754,6.2805,0.4552,0.6988,0.6055,0.1135,0.7292,0.6642,0.3674,6.3865,0.4344,0.7069,0.5947,0.1218,0.7273,0.6495,0.3714,6.3335,0.4448,0.7028,0.6001,0.1176,113.98,1896.78,0.6286,0.6883999999999999
2022-02-19,FARM0361,F,-7.731734,112.266539,677,2,48,8675,351.29,2.7,31.8,34.5,3.5,66.7,13.3,0.6663,0.6879,0.3736,4.9939,0.4521,0.6759,0.5755,-0.0006,0.6368,0.6115,0.3398,4.5069,0.3677,0.5707,0.5119,-0.0519,0.6516,0.6497,0.3567,4.7504,0.4099,0.6233,0.5437,-0.0262,115.0,2301.15,0.6433,0.65065
2023-04-15,FARM0361,F,-7.731734,112.266539,677,3,52,8328,305.61,3.02,19.69,34.3,3.4,79.9,16.0,0.6719,0.5779,0.2704,5.0952,0.3917,0.6607,0.5425,0.0094,0.6536,0.6849,0.3697,4.7731,0.3883,0.5565,0.5323,-0.0232,0.6627,0.6314,0.3201,4.9342,0.39,0.6086,0.5374,-0.0069,114.11,2740.57,0.6799,0.6470499999999999
2024-07-08,FARM0361,F,-7.731734,112.266539,677,4,56,9200,314.38,2.58,18.33,31.7,0.3,63.6,16.7,0.7135,0.6116,0.2788,5.9813,0.3993,0.6391,0.5653,0.0894,0.7127,0.6652,0.423,5.9607,0.443,0.6725,0.5924,0.0876,0.7131,0.6384,0.3509,5.971,0.4211,0.6558,0.5788,0.0885,114.07,2016.12,0.6491,0.67575
2020-12-26,FARM0362,F,-7.765961,112.247858,465,1,48,9494,299.55,2.57,16.23,28.0,10.1,65.5,13.5,0.7398,0.65,0.3311,6.685,0.46,0.7103,0.6151,0.1442,0.7565,0.6469,0.4198,7.214,0.45,0.7074,0.6165,0.1813,0.7481,0.6484,0.3755,6.9495,0.455,0.7088,0.6158,0.1627,112.97,1834.0,0.6245,0.69825
2022-03-21,FARM0362,F,-7.765961,112.247858,465,2,56,9198,342.26,2.68,25.11,35.0,8.2,63.4,15.7,0.6566,0.6468,0.3513,4.8233,0.3835,0.6075,0.5306,-0.018,0.6737,0.602,0.4382,5.1285,0.4211,0.5924,0.5614,0.0127,0.6651,0.6244,0.3947,4.9759,0.4023,0.6,0.546,-0.0026,114.74,2219.0,0.6053,0.6447499999999999
2023-06-14,FARM0362,F,-7.765961,112.247858,465,3,56,10139,280.28,2.56,17.78,30.0,0.6,64.1,13.5,0.7192,0.6246,0.3734,6.1231,0.4668,0.7145,0.6094,0.101,0.6739,0.7034,0.394,5.1339,0.429,0.6441,0.5662,0.0132,0.6966,0.664,0.3837,5.6285,0.4479,0.6793,0.5878,0.0571,117.07,1923.0,0.6163000000000001,0.6803
2024-09-06,FARM0362,F,-7.765961,112.247858,465,4,56,8765,287.67,2.45,16.9,26.1,0.4,69.9,16.7,0.6614,0.606,0.3625,4.907,0.4266,0.594,0.5589,-0.0094,0.7268,0.6592,0.3865,6.3202,0.402,0.6907,0.5726,0.1166,0.6941,0.6326,0.3745,5.6136,0.4143,0.6423,0.5657,0.0536,111.44,1824.39,0.6255,0.6633500000000001
2021-01-25,FARM0363,F,-7.758605,112.231945,258,1,52,9123,361.2,2.36,18.35,34.2,2.7,62.9,15.4,0.6684,0.6159,0.3642,5.0308,0.4205,0.6321,0.5586,0.0031,0.7071,0.6455,0.3421,5.828,0.4411,0.6409,0.5887,0.0765,0.6877,0.6307,0.3532,5.4294,0.4308,0.6365,0.5737,0.0398,114.47,2151.18,0.6468,0.6592
2022-04-20,FARM0363,F,-7.758605,112.231945,258,2,56,10180,329.2,1.98,14.06,35.0,0.1,62.4,15.4,0.674,0.5759,0.3107,5.1344,0.3986,0.6026,0.5478,0.0133,0.644,0.5837,0.3412,4.6182,0.3843,0.559,0.5256,-0.0397,0.659,0.5798,0.3259,4.8763,0.3914,0.5808,0.5367,-0.0132,110.38,2184.0,0.6740999999999999,0.6194
2023-07-14,FARM0363,F,-7.758605,112.231945,258,3,56,9414,299.75,2.0,9.49,31.2,6.3,67.6,15.5,0.6666,0.6553,0.31,4.9993,0.4092,0.6317,0.5511,-0.0001,0.7098,0.6822,0.322,5.892,0.437,0.6941,0.5876,0.0819,0.6882,0.6688,0.316,5.4457,0.4231,0.6629,0.5693,0.0409,86.64,2109.12,0.6839999999999999,0.6785
2024-09-06,FARM0363,F,-7.758605,112.231945,258,4,52,9763,311.26,2.23,13.73,26.3,0.2,79.6,13.5,0.6744,0.633,0.4362,5.1423,0.4497,0.6603,0.5781,0.014,0.7258,0.6256,0.3288,6.2938,0.4122,0.662,0.579,0.1146,0.7001,0.6293,0.3825,5.7181,0.431,0.6612,0.5786,0.0643,110.58,2093.48,0.6174999999999999,0.6647
2020-12-26,FARM0364,F,-7.755559,112.254669,646,1,48,9721,312.96,3.08,22.19,28.3,3.1,71.9,14.9,0.6448,0.6116,0.3947,4.6306,0.3988,0.6106,0.5348,-0.0384,0.7058,0.6976,0.4353,5.798,0.4244,0.6275,0.5781,0.0739,0.6753,0.6546,0.415,5.2143,0.4116,0.6191,0.5564,0.0178,117.24,2034.77,0.585,0.6649499999999999
2022-03-21,FARM0364,F,-7.755559,112.254669,646,2,56,9650,344.36,2.79,30.8,32.9,19.7,67.7,15.6,0.7397,0.65,0.3377,6.6829,0.4626,0.7601,0.6166,0.144,0.6572,0.6916,0.3437,4.8351,0.4059,0.5543,0.5448,-0.0168,0.6985,0.6708,0.3407,5.759,0.4343,0.6572,0.5807,0.0636,114.53,2227.33,0.6593,0.68465
2023-06-14,FARM0364,F,-7.755559,112.254669,646,3,56,10030,294.96,2.89,19.84,32.0,1.4,76.3,16.5,0.6753,0.6193,0.3172,5.1587,0.4075,0.6191,0.5539,0.0156,0.6441,0.6185,0.3988,4.6192,0.3857,0.5405,0.5265,-0.0396,0.6597,0.6189,0.358,4.8889,0.3966,0.5798,0.5402,-0.012,114.57,2441.6,0.642,0.6393
2024-08-07,FARM0364,F,-7.755559,112.254669,646,4,52,9160,296.43,2.46,15.84,28.1,1.8,73.6,16.4,0.6723,0.6883,0.3382,5.1025,0.4492,0.6913,0.5768,0.0101,0.6986,0.6727,0.3232,5.636,0.4205,0.6631,0.5724,0.0598,0.6854,0.6805,0.3307,5.3692,0.4348,0.6772,0.5746,0.035,115.76,2068.16,0.6693,0.68295
2020-12-26,FARM0365,F,-7.744837,112.23772,585,1,48,9687,380.69,3.16,24.05,31.8,4.5,79.4,15.2,0.7196,0.6219,0.4051,6.1325,0.4257,0.6784,0.585,0.1017,0.6459,0.6565,0.4216,4.6477,0.3979,0.5543,0.5348,-0.0365,0.6827,0.6392,0.4133,5.3901,0.4118,0.6164,0.5599,0.0326,114.28,2524.92,0.5867,0.6609499999999999
2022-03-21,FARM0365,F,-7.744837,112.23772,585,2,56,10593,293.62,2.96,23.4,35.0,4.6,74.2,16.2,0.6441,0.6369,0.3272,4.6193,0.423,0.6274,0.5485,-0.0396,0.7504,0.6031,0.3699,7.0122,0.425,0.7433,0.5978,0.1675,0.6972,0.62,0.3486,5.8158,0.424,0.6854,0.5732,0.064,113.75,2597.0,0.6514,0.6586000000000001
2023-06-14,FARM0365,F,-7.744837,112.23772,585,3,56,9978,343.68,2.17,20.0,32.6,0.9,79.7,14.9,0.6681,0.6355,0.3029,5.0251,0.3781,0.5987,0.532,0.0025,0.6168,0.5889,0.332,4.2198,0.3375,0.4949,0.4834,-0.0846,0.6424,0.6122,0.3174,4.6225,0.3578,0.5468,0.5077,-0.0411,112.72,2598.22,0.6826,0.6273
2024-08-07,FARM0365,F,-7.744837,112.23772,585,4,52,9966,276.2,1.95,7.96,29.0,0.3,61.5,15.3,0.6573,0.6172,0.383,4.8367,0.3739,0.5809,0.5247,-0.0166,0.7108,0.6523,0.3542,5.9158,0.4458,0.6834,0.5932,0.0839,0.6841,0.6348,0.3686,5.3763,0.4098,0.6321,0.559,0.0336,85.37,1783.5,0.6314,0.6594500000000001
2021-02-24,FARM0366,F,-7.739512,112.247949,586,1,56,8836,335.35,2.27,18.69,32.2,18.8,63.9,15.9,0.6934,0.5797,0.3799,5.523,0.4089,0.6627,0.5628,0.0497,0.6033,0.6082,0.3677,4.0419,0.3313,0.486,0.4737,-0.106,0.6484,0.5939,0.3738,4.7825,0.3701,0.5744,0.5183,-0.0281,116.43,2057.58,0.6262,0.62115
2022-04-20,FARM0366,F,-7.739512,112.247949,586,2,52,9617,349.2,2.49,14.64,35.0,2.6,73.1,16.8,0.6678,0.5711,0.369,5.021,0.3948,0.6235,0.5427,0.0021,0.6431,0.6717,0.392,4.6036,0.3608,0.5797,0.51,-0.0413,0.6555,0.6214,0.3805,4.8123,0.3778,0.6016,0.5264,-0.0196,115.6,2558.5,0.6194999999999999,0.63845
2023-06-14,FARM0366,F,-7.739512,112.247949,586,3,52,9400,300.15,2.82,23.1,29.9,2.3,70.9,16.0,0.6757,0.5661,0.2811,5.1667,0.3945,0.6701,0.546,0.0164,0.6851,0.6096,0.3234,5.3505,0.4243,0.6443,0.5686,0.0339,0.6804,0.5879,0.3022,5.2586,0.4094,0.6572,0.5573,0.0251,113.69,2119.91,0.6978,0.63415
2024-07-08,FARM0366,F,-7.739512,112.247949,586,4,48,9005,293.66,2.03,11.17,26.9,0.2,61.7,16.5,0.6823,0.6189,0.4076,5.2948,0.4066,0.6762,0.5565,0.0286,0.6453,0.557,0.3486,4.6389,0.3545,0.5567,0.5067,-0.0375,0.6638,0.588,0.3781,4.9669,0.3806,0.6165,0.5316,-0.0044,85.07,1659.73,0.6219,0.6258999999999999
2020-12-26,FARM0367,F,-7.731001,112.251123,774,1,48,9688,338.42,2.99,25.49,32.7,2.3,75.9,15.6,0.6645,0.6285,0.3934,4.9615,0.4488,0.6247,0.5727,-0.0039,0.7657,0.6289,0.4302,7.5351,0.4635,0.7227,0.629,0.2022,0.7151,0.6287,0.4118,6.2483,0.4561,0.6737,0.6009,0.0992,115.26,2481.93,0.5882000000000001,0.6718999999999999
2022-02-19,FARM0367,F,-7.731001,112.251123,774,2,52,8272,327.51,2.62,18.17,35.0,0.5,77.1,15.9,0.7093,0.5759,0.3676,5.8798,0.4135,0.6991,0.5727,0.0809,0.6084,0.6124,0.2521,4.1073,0.3342,0.4781,0.4777,-0.098,0.6588,0.5941,0.3099,4.9935,0.3738,0.5886,0.5252,-0.0086,114.35,2698.5,0.6900999999999999,0.62645
2023-04-15,FARM0367,F,-7.731001,112.251123,774,3,52,9142,309.03,2.99,21.53,35.0,5.6,66.1,16.7,0.7072,0.6567,0.3515,5.8316,0.4092,0.6505,0.5691,0.0768,0.7398,0.6717,0.4133,6.6856,0.4531,0.7328,0.6109,0.1442,0.7235,0.6642,0.3824,6.2586,0.4311,0.6917,0.59,0.1105,113.6,2313.5,0.6175999999999999,0.6938500000000001
2024-06-08,FARM0367,F,-7.731001,112.251123,774,4,52,8575,252.3,2.41,16.81,31.6,5.7,80.1,15.3,0.6545,0.6326,0.3626,4.7887,0.3775,0.5931,0.5259,-0.0216,0.7491,0.5987,0.3491,6.9708,0.4372,0.6806,0.6052,0.1646,0.7018,0.6156,0.3559,5.8798,0.4073,0.6369,0.5655,0.0715,116.92,2531.16,0.6441,0.6587000000000001
2021-02-24,FARM0368,F,-7.760085,112.267372,768,1,56,9787,326.39,2.14,16.6,35.0,0.5,62.3,15.8,0.6665,0.6474,0.4519,4.9969,0.4469,0.6228,0.5727,-0.0003,0.693,0.651,0.3234,5.5147,0.4019,0.63,0.5582,0.0489,0.6797,0.6492,0.3876,5.2558,0.4244,0.6264,0.5655,0.0243,115.39,2180.5,0.6124,0.66445
2022-03-21,FARM0368,F,-7.760085,112.267372,768,2,48,9369,330.76,2.6,12.94,35.0,5.7,68.0,13.9,0.6645,0.6553,0.334,4.9608,0.4424,0.6107,0.5692,-0.0039,0.6477,0.6259,0.3373,4.6764,0.3707,0.579,0.5186,-0.0334,0.6561,0.6406,0.3356,4.8186,0.4066,0.5948,0.5439,-0.0187,107.04,2380.0,0.6644,0.64835
2023-06-14,FARM0368,F,-7.760085,112.267372,768,3,56,9461,294.5,2.21,16.0,32.5,4.2,80.3,16.0,0.7216,0.6746,0.3629,6.1837,0.4442,0.7235,0.5973,0.1058,0.7271,0.7027,0.324,6.3279,0.4417,0.6788,0.5982,0.1172,0.7243,0.6887,0.3434,6.2558,0.443,0.7012,0.5978,0.1115,114.38,2609.75,0.6566000000000001,0.7065
2024-08-07,FARM0368,F,-7.760085,112.267372,768,4,52,8149,307.45,2.15,12.82,25.6,0.0,67.2,13.2,0.6423,0.6461,0.333,4.5913,0.4054,0.6218,0.5376,-0.0426,0.6506,0.6498,0.3661,4.7245,0.3567,0.5645,0.5105,-0.0283,0.6465,0.6479,0.3495,4.6579,0.3811,0.5932,0.524,-0.0355,84.63,1720.32,0.6505000000000001,0.6472
2020-12-26,FARM0369,F,-7.747336,112.232015,200,1,48,10037,340.95,2.68,32.46,28.2,14.9,72.8,15.8,0.733,0.6606,0.3565,6.4897,0.4819,0.718,0.6245,0.1297,0.7083,0.631,0.2883,5.8574,0.3663,0.6446,0.5402,0.079,0.7207,0.6458,0.3224,6.1735,0.4241,0.6813,0.5823,0.1043,114.18,2052.96,0.6776,0.68325
2022-03-21,FARM0369,F,-7.747336,112.232015,200,2,56,10591,309.27,2.92,33.42,35.0,10.7,65.0,13.4,0.7445,0.6678,0.4527,6.8288,0.4793,0.763,0.6286,0.1546,0.7338,0.7069,0.4105,6.5128,0.4492,0.7507,0.6058,0.1314,0.7392,0.6873,0.4316,6.6708,0.4642,0.7568,0.6172,0.143,116.73,2275.0,0.5684,0.7132499999999999
2023-05-15,FARM0369,F,-7.747336,112.232015,200,3,52,10148,291.12,2.2,9.88,34.7,2.2,62.4,13.1,0.7224,0.6606,0.4267,6.205,0.4729,0.7481,0.6144,0.1075,0.7064,0.6102,0.411,5.8113,0.425,0.6322,0.5787,0.075,0.7144,0.6354,0.4189,6.0081,0.449,0.6901,0.5965,0.0913,84.7,2165.28,0.5811,0.6749
2024-08-07,FARM0369,F,-7.747336,112.232015,200,4,56,8804,295.94,2.02,9.98,27.0,0.4,69.0,13.9,0.6875,0.5643,0.2698,5.3994,0.394,0.6073,0.5508,0.0384,0.6411,0.56,0.3542,4.5728,0.3442,0.5704,0.4979,-0.0446,0.6643,0.5621,0.312,4.9861,0.3691,0.5889,0.5243,-0.0031,85.67,1863.0,0.688,0.6132
2021-01-25,FARM0370,F,-7.765706,112.244104,793,1,52,10481,313.27,2.98,34.02,30.3,15.8,63.4,13.4,0.6,0.565,0.3334,3.9995,0.3546,0.5118,0.4875,-0.1112,0.7077,0.6263,0.2938,5.8433,0.3696,0.6093,0.5424,0.0778,0.6539,0.5957,0.3136,4.9214,0.3621,0.5606,0.5149,-0.0167,114.28,1921.02,0.6864,0.6248
2022-04-20,FARM0370,F,-7.765706,112.244104,793,2,56,10051,336.7,2.68,21.8,34.6,0.3,68.8,16.3,0.681,0.6695,0.4165,5.2692,0.4513,0.6403,0.5822,0.0262,0.6359,0.677,0.3284,4.4931,0.3809,0.5499,0.5199,-0.0534,0.6584,0.6733,0.3724,4.8812,0.4161,0.5951,0.5511,-0.0136,113.83,2380.48,0.6275999999999999,0.66585
2023-07-14,FARM0370,F,-7.765706,112.244104,793,3,56,9956,302.4,2.42,15.99,29.7,2.2,75.9,13.9,0.6784,0.6054,0.3771,5.219,0.4071,0.6713,0.5551,0.0214,0.6592,0.6779,0.3973,4.8679,0.387,0.5787,0.534,-0.0134,0.6688,0.6417,0.3872,5.0435,0.3971,0.625,0.5446,0.004,113.79,2254.23,0.6128,0.65525
2024-10-06,FARM0370,F,-7.765706,112.244104,793,4,56,8721,319.11,2.43,26.62,26.5,0.7,72.8,16.6,0.6675,0.6216,0.3415,5.0155,0.416,0.6108,0.5556,0.0016,0.7219,0.592,0.4132,6.1909,0.4116,0.7083,0.5769,0.1064,0.6947,0.6068,0.3773,5.6032,0.4138,0.6595,0.5663,0.054,115.56,1929.2,0.6227,0.6507499999999999
2021-02-24,FARM0371,F,-7.753398,112.251038,736,1,56,8728,332.93,2.28,10.42,35.0,10.0,74.6,15.0,0.6938,0.6874,0.4388,5.5313,0.4606,0.7255,0.5936,0.0505,0.7213,0.7063,0.4467,6.1765,0.4525,0.7206,0.6021,0.1053,0.7075,0.6968,0.4427,5.8539,0.4565,0.723,0.5978,0.0779,87.8,2611.0,0.5573,0.70215
2022-04-20,FARM0371,F,-7.753398,112.251038,736,2,52,9083,338.87,2.26,24.4,35.0,4.6,67.5,14.1,0.6637,0.6379,0.3667,4.9468,0.3788,0.6319,0.5307,-0.0054,0.7507,0.6539,0.3662,7.0237,0.4476,0.7077,0.6125,0.1683,0.7072,0.6459,0.3665,5.9852,0.4132,0.6698,0.5716,0.0815,115.09,2362.5,0.6335,0.67655
2023-05-15,FARM0371,F,-7.753398,112.251038,736,3,48,8628,283.44,2.09,10.14,31.2,0.9,68.1,15.9,0.7111,0.6301,0.4022,5.9226,0.4671,0.7237,0.6056,0.0845,0.6678,0.6217,0.3629,5.0213,0.3577,0.5745,0.5181,0.0021,0.6895,0.6259,0.3826,5.472,0.4124,0.6491,0.5618,0.0433,84.62,2124.72,0.6174,0.6577
2024-08-07,FARM0371,F,-7.753398,112.251038,736,4,56,8739,309.24,2.33,16.53,28.8,0.9,70.8,14.7,0.7189,0.6489,0.3532,6.1158,0.4539,0.7405,0.6018,0.1004,0.6912,0.6711,0.3538,5.4765,0.3761,0.6086,0.5403,0.0455,0.7051,0.66,0.3535,5.7962,0.415,0.6745,0.5711,0.0729,112.75,2039.04,0.6465000000000001,0.68255
2020-12-26,FARM0372,F,-7.753012,112.267075,394,1,48,10184,361.91,2.69,34.16,28.5,11.7,64.5,16.1,0.6518,0.6971,0.3646,4.7433,0.4438,0.6592,0.5637,-0.0263,0.6762,0.5833,0.359,5.1773,0.3618,0.6226,0.5243,0.0174,0.664,0.6402,0.3618,4.9603,0.4028,0.6409,0.544,-0.0045,117.15,1838.25,0.6382,0.6521
2022-01-20,FARM0372,F,-7.753012,112.267075,394,2,48,9534,319.91,2.71,15.34,31.9,26.3,79.9,16.9,0.7225,0.5966,0.3481,6.2082,0.4347,0.7321,0.5919,0.1078,0.6648,0.6368,0.438,4.9672,0.4224,0.5731,0.558,-0.0033,0.6937,0.6167,0.393,5.5877,0.4285,0.6526,0.575,0.0523,114.58,2548.81,0.607,0.6552
2023-04-15,FARM0372,F,-7.753012,112.267075,394,3,56,8477,321.14,2.65,18.75,35.0,0.7,65.7,16.6,0.6343,0.6499,0.3469,4.4693,0.3686,0.5441,0.5114,-0.056,0.75,0.6113,0.3622,7.0011,0.4531,0.7561,0.6156,0.1667,0.6922,0.6306,0.3545,5.7352,0.4109,0.6501,0.5635,0.0553,115.13,2299.5,0.6455,0.6614
2024-06-08,FARM0372,F,-7.753012,112.267075,394,4,52,9105,288.73,2.35,19.7,32.8,1.1,71.3,13.9,0.6078,0.5587,0.3316,4.0999,0.3706,0.5332,0.501,-0.0989,0.6814,0.6952,0.4123,5.2782,0.4237,0.6113,0.5665,0.0271,0.6446,0.627,0.3719,4.689,0.3972,0.5722,0.5338,-0.0359,117.27,2338.64,0.6281,0.6357999999999999
2020-12-26,FARM0373,F,-7.740052,112.231911,403,1,48,10599,349.75,2.43,21.97,32.4,5.8,62.2,14.8,0.6408,0.6521,0.383,4.5682,0.3779,0.5691,0.5202,-0.0451,0.6048,0.5445,0.3403,4.0613,0.3319,0.4981,0.4747,-0.1036,0.6228,0.5983,0.3617,4.3147,0.3549,0.5336,0.4974,-0.0744,113.04,2015.28,0.6383,0.61055
2022-03-21,FARM0373,F,-7.740052,112.231911,403,2,56,8926,352.73,2.36,26.31,33.2,3.3,61.9,13.4,0.6545,0.5566,0.3885,4.7881,0.3881,0.6298,0.5326,-0.0217,0.7029,0.6366,0.3944,5.7323,0.4328,0.6205,0.5819,0.0682,0.6787,0.5966,0.3915,5.2602,0.4104,0.6252,0.5572,0.0233,116.77,2055.08,0.6085,0.63765
2023-05-15,FARM0373,F,-7.740052,112.231911,403,3,52,8701,290.43,2.17,20.24,31.2,0.3,69.5,13.4,0.7356,0.6466,0.3733,6.5633,0.4607,0.7303,0.6135,0.1352,0.6468,0.6659,0.426,4.6621,0.3951,0.5808,0.5335,-0.035,0.6912,0.6563,0.3996,5.6127,0.4279,0.6556,0.5735,0.0501,112.73,2168.4,0.6004,0.6737500000000001
2024-08-07,FARM0373,F,-7.740052,112.231911,403,4,56,9077,277.34,2.4,15.46,28.9,2.0,79.8,17.0,0.6457,0.6301,0.439,4.645,0.4353,0.5802,0.5561,-0.0368,0.7352,0.6985,0.4021,6.5519,0.4412,0.6932,0.6016,0.1343,0.6904,0.6643,0.4205,5.5985,0.4383,0.6367,0.5788,0.0488,114.01,2306.22,0.5795,0.67735
2021-02-24,FARM0374,F,-7.745994,112.25726,522,1,56,9536,326.28,2.51,15.34,35.0,9.5,63.2,15.4,0.6844,0.5776,0.3114,5.3364,0.4008,0.68,0.5538,0.0325,0.6678,0.6527,0.3826,5.0212,0.4271,0.6408,0.5622,0.0021,0.6761,0.6152,0.347,5.1788,0.4139,0.6604,0.558,0.0173,114.45,2212.0,0.653,0.6456500000000001
2022-04-20,FARM0374,F,-7.745994,112.25726,522,2,52,9601,293.0,2.35,15.14,35.0,0.8,70.3,16.0,0.7494,0.632,0.389,6.9809,0.4806,0.7271,0.6317,0.1653,0.7405,0.6206,0.3593,6.707,0.4382,0.6821,0.602,0.1458,0.7449,0.6263,0.3741,6.844,0.4594,0.7046,0.6169,0.1556,115.73,2460.5,0.6259,0.6856
2023-06-14,FARM0374,F,-7.745994,112.25726,522,3,52,8986,293.77,2.51,18.57,32.0,0.5,73.3,14.1,0.7062,0.631,0.2868,5.8077,0.4013,0.6943,0.5635,0.0747,0.7337,0.6376,0.3671,6.5116,0.4454,0.6711,0.6035,0.1313,0.72,0.6343,0.3269,6.1596,0.4233,0.6827,0.5835,0.103,116.24,2345.6,0.6731,0.6771499999999999
2024-07-08,FARM0374,F,-7.745994,112.25726,522,4,48,8889,297.69,2.19,21.41,32.3,0.6,72.6,14.9,0.7037,0.62,0.4306,5.7497,0.452,0.6838,0.5935,0.0697,0.7154,0.6631,0.2919,6.0286,0.3759,0.6353,0.5499,0.0933,0.7096,0.6415,0.3613,5.8891,0.414,0.6596,0.5717,0.0815,113.28,2344.98,0.6387,0.67555
2021-02-24,FARM0375,F,-7.745526,112.25391,371,1,56,9894,356.04,2.93,23.93,33.9,16.1,75.4,15.6,0.6916,0.675,0.4018,5.4859,0.4633,0.6414,0.594,0.0463,0.7358,0.6947,0.3911,6.5712,0.4283,0.7325,0.5938,0.1358,0.7137,0.6848,0.3965,6.0286,0.4458,0.6869,0.5939,0.0911,114.46,2556.06,0.6034999999999999,0.6992499999999999
2022-05-20,FARM0375,F,-7.745526,112.25391,371,2,56,8944,353.86,2.46,24.86,35.0,1.2,71.7,15.5,0.687,0.6393,0.3029,5.3894,0.4234,0.628,0.5689,0.0375,0.6537,0.5554,0.3471,4.776,0.3551,0.545,0.5106,-0.0229,0.6704,0.5974,0.325,5.0827,0.3893,0.5865,0.5398,0.0073,117.1,2509.5,0.675,0.6339
2023-06-14,FARM0375,F,-7.745526,112.25391,371,3,48,8738,302.94,2.73,13.3,34.4,2.4,68.5,16.2,0.6153,0.5856,0.3751,4.1989,0.3827,0.5752,0.5116,-0.0871,0.6831,0.6294,0.3634,5.3108,0.3689,0.617,0.5321,0.0301,0.6492,0.6075,0.3693,4.7548,0.3758,0.5961,0.5218,-0.0285,98.0,2356.4,0.6307,0.62835
2024-08-07,FARM0375,F,-7.745526,112.25391,371,4,52,8868,296.46,2.31,19.61,26.3,1.4,74.8,16.2,0.6799,0.6104,0.3189,5.249,0.4272,0.6395,0.568,0.0243,0.6281,0.5988,0.3289,4.3776,0.3559,0.5365,0.5005,-0.0664,0.654,0.6046,0.3239,4.8133,0.3915,0.588,0.5342,-0.021,113.41,1967.24,0.6760999999999999,0.6293
2021-01-25,FARM0376,F,-7.735403,112.232101,278,1,52,10487,310.42,2.76,19.35,32.2,8.4,68.5,13.6,0.6143,0.6256,0.2696,4.1859,0.3655,0.5777,0.5007,-0.0886,0.6366,0.6852,0.3842,4.5032,0.3795,0.5221,0.5193,-0.0523,0.6255,0.6554,0.3269,4.3446,0.3725,0.5499,0.51,-0.0705,114.78,2205.7,0.6731,0.64045
2022-04-20,FARM0376,F,-7.735403,112.232101,278,2,56,10373,302.06,2.25,11.01,34.7,1.8,70.0,15.5,0.7118,0.6626,0.3849,5.9391,0.4245,0.7153,0.5807,0.0859,0.6806,0.7017,0.4084,5.2621,0.425,0.5977,0.567,0.0255,0.6962,0.6822,0.3966,5.6006,0.4247,0.6565,0.5739,0.0557,97.85,2429.0,0.6033999999999999,0.6892
2023-06-14,FARM0376,F,-7.735403,112.232101,278,3,52,9189,262.34,2.13,11.88,31.1,0.9,66.3,15.2,0.7083,0.6731,0.4144,5.8554,0.4266,0.6532,0.5805,0.0788,0.7189,0.6379,0.3406,6.1156,0.4042,0.6383,0.5708,0.1004,0.7136,0.6555,0.3775,5.9855,0.4154,0.6457,0.5756,0.0896,84.18,2061.93,0.6225,0.68455
2024-07-08,FARM0376,F,-7.735403,112.232101,278,4,48,9897,259.88,1.78,10.68,31.8,4.2,62.6,13.6,0.7026,0.6208,0.3597,5.7246,0.399,0.6983,0.5604,0.0676,0.6543,0.6637,0.3558,4.7861,0.3674,0.5514,0.5192,-0.0219,0.6785,0.6422,0.3578,5.2553,0.3832,0.6249,0.5398,0.0229,86.18,1990.68,0.6422,0.66035
2020-12-26,FARM0377,F,-7.74942,112.255859,426,1,48,8574,327.86,2.95,23.43,30.4,1.7,65.3,14.1,0.6269,0.6319,0.3934,4.3602,0.3919,0.5711,0.5224,-0.0684,0.695,0.6536,0.3238,5.5577,0.4212,0.6772,0.5712,0.0528,0.6609,0.6427,0.3586,4.9589,0.4065,0.6241,0.5468,-0.0078,115.3,1985.12,0.6414,0.6518
2022-01-20,FARM0377,F,-7.74942,112.255859,426,2,48,8768,342.34,3.15,20.57,29.8,2.1,63.5,13.2,0.6188,0.5672,0.4064,4.2471,0.382,0.5823,0.5128,-0.0814,0.7256,0.6176,0.2552,6.2887,0.3724,0.6923,0.5513,0.1142,0.6722,0.5924,0.3308,5.2679,0.3772,0.6373,0.5321,0.0164,113.85,1892.3,0.6692,0.6323000000000001
2023-04-15,FARM0377,F,-7.74942,112.255859,426,3,56,9397,330.73,2.64,30.19,34.2,0.2,72.2,14.0,0.6896,0.63,0.3433,5.4436,0.3958,0.6463,0.5528,0.0425,0.6607,0.5729,0.2505,4.8944,0.3561,0.5681,0.5141,-0.0107,0.6752,0.6015,0.2969,5.169,0.3759,0.6072,0.5335,0.0159,115.09,2469.24,0.7031000000000001,0.63835
2024-05-09,FARM0377,F,-7.74942,112.255859,426,4,48,8414,285.78,2.09,16.83,33.4,0.4,80.1,16.0,0.6914,0.6274,0.3925,5.4814,0.426,0.6232,0.5725,0.0459,0.6823,0.6477,0.2943,5.2961,0.3773,0.5715,0.5375,0.0288,0.6869,0.6375,0.3434,5.3887,0.4016,0.5974,0.555,0.0373,116.43,2675.34,0.6566000000000001,0.6621999999999999
2020-12-26,FARM0378,F,-7.767314,112.238386,561,1,48,10639,392.04,2.91,36.05,29.3,5.7,62.0,16.7,0.6454,0.5605,0.2857,4.6398,0.3756,0.5767,0.5207,-0.0374,0.7557,0.6603,0.3878,7.1882,0.448,0.747,0.6149,0.1795,0.7006,0.6104,0.3367,5.914,0.4118,0.6619,0.5678,0.0711,113.4,1816.6,0.6633,0.6555
2022-01-20,FARM0378,F,-7.767314,112.238386,561,2,48,10015,295.06,2.66,16.99,31.5,1.7,76.2,15.3,0.6874,0.655,0.4116,5.3977,0.4144,0.6386,0.5636,0.0382,0.6448,0.602,0.304,4.6306,0.3844,0.5283,0.526,-0.0384,0.6661,0.6285,0.3578,5.0142,0.3994,0.5834,0.5448,-0.0001,114.78,2400.3,0.6422,0.6473
2023-02-14,FARM0378,F,-7.767314,112.238386,561,3,48,9561,325.75,2.22,15.18,33.7,0.0,77.4,15.0,0.6462,0.6674,0.345,4.6534,0.4035,0.5868,0.5383,-0.0359,0.7257,0.6532,0.2867,6.2907,0.4088,0.646,0.5767,0.1143,0.686,0.6603,0.3159,5.4721,0.4062,0.6164,0.5575,0.0392,116.48,2608.380000000001,0.6840999999999999,0.67315
2024-03-10,FARM0378,F,-7.767314,112.238386,561,4,48,9793,296.98,2.45,11.88,33.2,15.3,72.7,16.0,0.7283,0.6538,0.3965,6.3605,0.4512,0.7271,0.6045,0.1198,0.6294,0.587,0.2901,4.3966,0.3559,0.5198,0.5011,-0.0642,0.6788,0.6204,0.3433,5.3785,0.4036,0.6235,0.5528,0.0278,91.1,2413.64,0.6567000000000001,0.6496
2021-02-24,FARM0379,F,-7.769849,112.24521,215,1,56,10178,343.31,2.82,28.6,34.1,1.8,74.7,16.2,0.5978,0.5756,0.3655,3.9731,0.3552,0.5091,0.487,-0.1144,0.7175,0.6273,0.3212,6.0801,0.4004,0.6781,0.5677,0.0975,0.6577,0.6014,0.3434,5.0266,0.3778,0.5936,0.5273,-0.0085,117.1,2547.27,0.6566000000000001,0.62955
2022-04-20,FARM0379,F,-7.769849,112.24521,215,2,52,10132,306.99,3.19,42.59,35.0,0.0,64.9,13.0,0.6627,0.6166,0.2908,4.9303,0.3891,0.599,0.5369,-0.007,0.6505,0.6496,0.4174,4.7228,0.4,0.5584,0.5382,-0.0285,0.6566,0.6331,0.3541,4.8266,0.3946,0.5787,0.5375,-0.0178,115.79,2271.5,0.6458999999999999,0.6448499999999999
2023-06-14,FARM0379,F,-7.769849,112.24521,215,3,52,9556,279.46,2.25,18.96,31.2,0.6,64.4,15.4,0.6491,0.6293,0.3706,4.6998,0.3899,0.5821,0.5313,-0.0309,0.726,0.6484,0.3827,6.2999,0.4054,0.6914,0.5745,0.115,0.6876,0.6388,0.3767,5.4998,0.3976,0.6368,0.5529,0.042,113.19,2009.28,0.6233,0.6632
2024-07-08,FARM0379,F,-7.769849,112.24521,215,4,48,9609,277.08,2.44,11.96,31.9,0.1,65.9,16.9,0.6176,0.5826,0.312,4.2296,0.3651,0.5542,0.5019,-0.0835,0.6503,0.562,0.3432,4.7197,0.3599,0.5232,0.5125,-0.0288,0.6339,0.5723,0.3276,4.4747,0.3625,0.5387,0.5072,-0.0562,84.91,2102.21,0.6724,0.6031
2020-12-26,FARM0380,F,-7.760708,112.259636,746,1,48,10693,351.84,2.95,19.01,29.3,5.0,62.5,16.3,0.6735,0.6439,0.3189,5.1263,0.411,0.635,0.5553,0.0125,0.6596,0.6642,0.4126,4.8761,0.4218,0.6349,0.5553,-0.0125,0.6666,0.6541,0.3657,5.0012,0.4164,0.6349,0.5553,0.0,116.58,1831.25,0.6343,0.66035
2022-02-19,FARM0380,F,-7.760708,112.259636,746,2,52,9689,323.31,2.89,31.82,33.3,1.0,76.3,13.9,0.7238,0.6149,0.3351,6.2419,0.4394,0.7635,0.5954,0.1105,0.6183,0.6371,0.3254,4.2395,0.3526,0.5136,0.4942,-0.0823,0.6711,0.626,0.3303,5.2407,0.396,0.6386,0.5448,0.0141,117.26,2540.79,0.6697,0.64855
2023-04-15,FARM0380,F,-7.760708,112.259636,746,3,52,9122,320.65,2.44,18.23,33.9,4.0,66.7,15.2,0.6897,0.6475,0.4399,5.4463,0.4441,0.6313,0.5824,0.0427,0.6968,0.6265,0.421,5.5963,0.44,0.6463,0.5833,0.0563,0.6933,0.637,0.4304,5.5213,0.4421,0.6388,0.5829,0.0495,114.91,2261.13,0.5696,0.66515
2024-07-08,FARM0380,F,-7.760708,112.259636,746,4,56,8842,290.3,2.06,15.46,29.7,0.1,79.1,15.1,0.7338,0.6691,0.3714,6.5118,0.444,0.7613,0.6026,0.1313,0.6932,0.6167,0.4354,5.518,0.442,0.6264,0.5828,0.0492,0.7135,0.6429,0.4034,6.0149,0.443,0.6939,0.5927,0.0903,113.81,2349.27,0.5966,0.6782
2021-02-24,FARM0381,F,-7.759409,112.254535,470,1,56,9515,347.49,2.77,28.96,33.5,0.5,66.6,13.7,0.6553,0.6141,0.3653,4.8022,0.3974,0.6233,0.5388,-0.0202,0.7108,0.5752,0.2771,5.9152,0.3756,0.5911,0.5478,0.0838,0.683,0.5946,0.3212,5.3587,0.3865,0.6072,0.5433,0.0318,115.57,2231.1,0.6788000000000001,0.6388
2022-03-21,FARM0381,F,-7.759409,112.254535,470,2,48,8536,318.2,2.85,16.67,32.5,4.2,64.4,15.2,0.647,0.6116,0.4131,4.665,0.4095,0.6183,0.5422,-0.0347,0.6055,0.6105,0.3725,4.0703,0.334,0.4893,0.4764,-0.1025,0.6263,0.6111,0.3928,4.3677,0.3717,0.5538,0.5093,-0.0686,113.25,2093.0,0.6072,0.6187
2023-05-15,FARM0381,F,-7.759409,112.254535,470,3,52,9585,269.29,2.25,15.56,34.8,2.5,69.6,16.7,0.6719,0.6226,0.3939,5.0964,0.4181,0.6198,0.5589,0.0095,0.6384,0.6299,0.2571,4.5315,0.3487,0.5276,0.4999,-0.0492,0.6552,0.6263,0.3255,4.814,0.3834,0.5737,0.5294,-0.0198,114.28,2422.079999999999,0.6745,0.6407499999999999
2024-06-08,FARM0381,F,-7.759409,112.254535,470,4,48,8691,280.75,2.03,8.67,31.8,4.2,72.0,15.7,0.6844,0.6026,0.3902,5.3371,0.3946,0.6765,0.5498,0.0326,0.744,0.6385,0.3212,6.8113,0.4187,0.7065,0.5909,0.1534,0.7142,0.6205,0.3557,6.0742,0.4066,0.6915,0.5704,0.093,83.77,2289.6,0.6443,0.66735
2020-12-26,FARM0382,F,-7.763337,112.248803,518,1,48,9725,343.44,2.87,28.6,31.2,16.8,71.8,14.3,0.7234,0.6091,0.4106,6.23,0.4767,0.6991,0.6169,0.1095,0.7325,0.6377,0.2556,6.4753,0.3838,0.6171,0.5622,0.1286,0.7279,0.6234,0.3331,6.3527,0.4302,0.6581,0.5896,0.119,114.53,2240.16,0.6669,0.67565
2022-01-20,FARM0382,F,-7.763337,112.248803,518,2,48,9581,324.09,2.69,17.42,31.9,15.0,65.1,14.7,0.6471,0.5694,0.2774,4.6679,0.3835,0.6114,0.5265,-0.0343,0.6838,0.6822,0.398,5.3248,0.4363,0.6083,0.575,0.0315,0.6655,0.6258,0.3377,4.9964,0.4099,0.6098,0.5508,-0.0014,117.27,2076.69,0.6623,0.6456500000000001
2023-03-16,FARM0382,F,-7.763337,112.248803,518,3,52,9415,296.68,2.4,23.92,35.0,5.4,74.3,16.3,0.6922,0.6324,0.4054,5.4982,0.4132,0.6634,0.565,0.0475,0.7454,0.6891,0.366,6.8547,0.4423,0.6798,0.6068,0.1564,0.7188,0.6607,0.3857,6.1764,0.4278,0.6716,0.5859,0.102,116.99,2600.5,0.6143000000000001,0.68975
2024-05-09,FARM0382,F,-7.763337,112.248803,518,4,52,8740,265.03,2.37,19.1,35.0,2.4,80.9,16.2,0.6801,0.6349,0.4351,5.2524,0.4591,0.688,0.5861,0.0246,0.6542,0.6395,0.4348,4.7845,0.4118,0.5503,0.5469,-0.022,0.6672,0.6372,0.435,5.0185,0.4354,0.6191,0.5665,0.0013,113.78,2831.5,0.565,0.6522
2021-02-24,FARM0383,F,-7.750356,112.24655,287,1,56,10050,335.23,2.8,31.2,35.0,8.4,80.7,15.6,0.6422,0.6165,0.3082,4.5905,0.3969,0.6146,0.5325,-0.0427,0.6542,0.6508,0.3413,4.7831,0.3968,0.5456,0.5379,-0.0222,0.6482,0.6336,0.3247,4.6868,0.3968,0.5801,0.5352,-0.0324,113.24,2824.5,0.6753,0.6409
2022-03-21,FARM0383,F,-7.750356,112.24655,287,2,48,10635,312.6,2.55,19.14,34.1,2.8,74.6,16.6,0.6558,0.6121,0.3493,4.8107,0.4321,0.6625,0.5593,-0.0193,0.6386,0.6351,0.3414,4.5348,0.3594,0.5808,0.5072,-0.0488,0.6472,0.6236,0.3454,4.6727,0.3957,0.6216,0.5333,-0.034,114.05,2543.86,0.6546000000000001,0.6354
2023-06-14,FARM0383,F,-7.750356,112.24655,287,3,56,9611,295.33,2.75,27.15,34.7,1.7,67.9,13.2,0.648,0.603,0.2889,4.6819,0.3827,0.6114,0.5263,-0.0329,0.7326,0.5954,0.2821,6.4794,0.4057,0.6764,0.5775,0.1289,0.6903,0.5992,0.2855,5.5807,0.3942,0.6439,0.5519,0.048,114.67,2356.130000000001,0.7145,0.6447499999999999
2024-07-08,FARM0383,F,-7.750356,112.24655,287,4,48,9601,293.03,2.51,19.47,31.1,2.5,68.3,15.8,0.6773,0.5769,0.3583,5.1971,0.3845,0.5973,0.5401,0.0193,0.6828,0.5697,0.2656,5.305,0.3641,0.6201,0.5286,0.0296,0.68,0.5733,0.312,5.251,0.3743,0.6087,0.5344,0.0245,112.87,2124.13,0.688,0.62665
2021-02-24,FARM0384,F,-7.73026,112.250106,705,1,56,10218,328.22,2.27,17.14,32.3,11.8,78.9,13.7,0.6536,0.6066,0.3278,4.7738,0.3885,0.6007,0.5325,-0.0231,0.7623,0.6325,0.4057,7.4146,0.4628,0.7162,0.6271,0.1945,0.708,0.6196,0.3668,6.0942,0.4257,0.6584,0.5798,0.0857,116.4,2548.47,0.6332,0.6638
2022-05-20,FARM0384,F,-7.73026,112.250106,705,2,56,9768,367.0,2.93,24.88,35.0,4.0,80.9,15.5,0.7085,0.5697,0.3121,5.8621,0.4213,0.729,0.5774,0.0794,0.7613,0.6452,0.3563,7.3774,0.4619,0.7186,0.626,0.1921,0.7349,0.6074,0.3342,6.6198,0.4416,0.7238,0.6017,0.1357,113.14,2831.5,0.6658,0.67115
2023-07-14,FARM0384,F,-7.73026,112.250106,705,3,52,9868,325.06,2.44,19.78,28.3,4.5,69.1,15.8,0.6894,0.5717,0.2655,5.4391,0.3907,0.5996,0.5494,0.0421,0.6247,0.6116,0.3807,4.3287,0.353,0.529,0.4971,-0.072,0.657,0.5916,0.3231,4.8839,0.3718,0.5643,0.5233,-0.015,115.12,1955.53,0.6769000000000001,0.6243000000000001
2024-10-06,FARM0384,F,-7.73026,112.250106,705,4,56,9316,323.71,2.26,14.91,23.5,0.6,72.8,14.8,0.6599,0.6521,0.3364,4.8801,0.4129,0.6003,0.5502,-0.0121,0.7499,0.6174,0.4123,6.9964,0.4232,0.716,0.5964,0.1664,0.7049,0.6347,0.3743,5.9383,0.4181,0.6581,0.5733,0.0771,103.61,1710.8,0.6256999999999999,0.6698
2020-12-26,FARM0385,F,-7.749116,112.23819,203,1,48,8761,375.28,2.92,44.07,28.1,10.0,67.0,14.5,0.6449,0.6068,0.39,4.6319,0.432,0.5946,0.5539,-0.0382,0.6685,0.6132,0.3554,5.0341,0.4314,0.605,0.565,0.0034,0.6567,0.61,0.3727,4.833,0.4317,0.5998,0.5594,-0.0174,114.49,1882.7,0.6273,0.63335
2022-02-19,FARM0385,F,-7.749116,112.23819,203,2,52,8658,316.49,2.21,11.81,34.0,15.8,66.1,14.2,0.6047,0.5744,0.268,4.0601,0.3553,0.5123,0.4901,-0.1037,0.6823,0.5989,0.292,5.2948,0.3639,0.5895,0.5282,0.0286,0.6435,0.5867,0.28,4.6774,0.3596,0.5509,0.5092,-0.0376,84.31,2247.4,0.72,0.6151
2023-03-16,FARM0385,F,-7.749116,112.23819,203,3,48,8425,317.53,2.01,11.95,35.0,4.2,64.6,15.5,0.6872,0.6632,0.4019,5.3929,0.4364,0.6233,0.5767,0.0378,0.6543,0.5929,0.3102,4.7846,0.3842,0.5644,0.5301,-0.022,0.6707,0.628,0.356,5.0887,0.4103,0.5938,0.5534,0.0079,84.45,2261.0,0.644,0.64935
2024-04-09,FARM0385,F,-7.749116,112.23819,203,4,48,8642,327.86,2.57,19.69,33.1,1.6,63.4,14.4,0.6372,0.5673,0.3436,4.5126,0.3803,0.5822,0.5201,-0.0512,0.7679,0.6816,0.4116,7.6172,0.4688,0.7316,0.6332,0.2074,0.7025,0.6245,0.3776,6.0649,0.4246,0.6569,0.5767,0.0781,113.76,2098.54,0.6224000000000001,0.6635
2021-02-24,FARM0386,F,-7.759429,112.240307,504,1,56,9732,329.04,2.88,27.31,35.0,6.7,66.3,16.7,0.6624,0.638,0.4,4.9248,0.3959,0.6561,0.541,-0.0076,0.6394,0.6529,0.3455,4.547,0.3568,0.579,0.5059,-0.0475,0.6509,0.6454,0.3728,4.7359,0.3764,0.6176,0.5235,-0.0275,115.62,2320.5,0.6272,0.64815
2022-03-21,FARM0386,F,-7.759429,112.240307,504,2,48,10076,346.2,2.95,26.25,35.0,4.9,73.6,15.0,0.6531,0.6134,0.4161,4.7656,0.4124,0.5899,0.5467,-0.024,0.6651,0.6888,0.4091,4.972,0.4186,0.5857,0.556,-0.0028,0.6591,0.6511,0.4126,4.8688,0.4155,0.5878,0.5514,-0.0134,117.01,2576.0,0.5873999999999999,0.6551
2023-04-15,FARM0386,F,-7.759429,112.240307,504,3,48,9650,274.05,2.83,18.39,32.7,4.6,78.4,16.9,0.6987,0.5964,0.3901,5.6386,0.4256,0.644,0.5756,0.06,0.6232,0.5923,0.3855,4.3082,0.3575,0.501,0.4995,-0.0743,0.661,0.5944,0.3878,4.9734,0.3916,0.5725,0.5376,-0.0071,115.79,2563.68,0.6122000000000001,0.6277
2024-06-08,FARM0386,F,-7.759429,112.240307,504,4,52,9338,265.55,2.02,9.31,29.8,1.2,68.0,13.9,0.7246,0.6321,0.2923,6.2633,0.4212,0.6628,0.5843,0.1122,0.6108,0.6063,0.2736,4.1381,0.3393,0.5047,0.4822,-0.0943,0.6677,0.6192,0.283,5.2007,0.3802,0.5837,0.5332,0.0089,85.66,2026.4,0.7170000000000001,0.64345
2020-12-26,FARM0387,F,-7.760518,112.231019,344,1,48,9734,366.65,2.66,22.56,27.2,5.0,61.2,14.0,0.6945,0.6715,0.3493,5.5465,0.4225,0.6318,0.5718,0.0518,0.7107,0.6207,0.4192,5.9126,0.4234,0.6263,0.5796,0.0836,0.7026,0.6461,0.3843,5.7296,0.423,0.6291,0.5757,0.0677,114.69,1664.64,0.6157,0.67435
2022-03-21,FARM0387,F,-7.760518,112.231019,344,2,56,8728,298.78,2.61,21.89,34.9,15.6,79.6,13.3,0.7319,0.684,0.385,6.4597,0.4649,0.7902,0.6143,0.1274,0.6614,0.6382,0.3026,4.9059,0.3625,0.5637,0.5188,-0.0095,0.6966,0.6611,0.3438,5.6828,0.4137,0.6769,0.5665,0.0589,116.7,2778.04,0.6562,0.67885
2023-04-15,FARM0387,F,-7.760518,112.231019,344,3,48,9300,332.44,2.61,23.86,33.1,2.4,62.7,16.2,0.6877,0.6927,0.3687,5.4038,0.4627,0.684,0.5918,0.0388,0.7626,0.6301,0.3525,7.4258,0.4615,0.7059,0.6264,0.1952,0.7252,0.6614,0.3606,6.4148,0.4621,0.695,0.6091,0.117,116.72,2075.37,0.6394,0.6933
2024-05-09,FARM0387,F,-7.760518,112.231019,344,4,48,9658,278.59,2.07,8.78,33.6,0.8,68.5,16.2,0.6246,0.6575,0.3239,4.3282,0.3889,0.5993,0.5197,-0.072,0.742,0.5906,0.2767,6.7512,0.4042,0.7332,0.5803,0.149,0.6833,0.6241,0.3003,5.5397,0.3965,0.6663,0.55,0.0385,84.74,2301.6,0.6997,0.6537
2021-02-24,FARM0388,F,-7.76718,112.24255,317,1,56,9023,378.59,2.97,27.34,31.6,4.1,68.7,16.0,0.6857,0.5553,0.2868,5.3642,0.3863,0.605,0.5449,0.0351,0.6629,0.6733,0.3491,4.9337,0.3796,0.5613,0.5309,-0.0067,0.6743,0.6143,0.3179,5.1489,0.3829,0.5832,0.5379,0.0142,112.91,2170.92,0.6820999999999999,0.6443
2022-03-21,FARM0388,F,-7.76718,112.24255,317,2,48,9518,321.24,2.67,17.82,35.0,12.7,62.7,13.7,0.6227,0.5714,0.2843,4.3001,0.3684,0.5472,0.5062,-0.0753,0.6632,0.6123,0.4281,4.9385,0.4286,0.6303,0.5609,-0.0062,0.6429,0.5919,0.3562,4.6193,0.3985,0.5888,0.5335,-0.0407,112.96,2194.5,0.6437999999999999,0.6174
2023-04-15,FARM0388,F,-7.76718,112.24255,317,3,48,8533,294.61,2.21,13.97,35.0,2.0,64.3,13.6,0.6385,0.5818,0.3736,4.5331,0.402,0.5986,0.5339,-0.049,0.7262,0.6781,0.3419,6.3053,0.4333,0.7099,0.5927,0.1155,0.6824,0.63,0.3577,5.4192,0.4177,0.6542,0.5633,0.0332,93.77,2250.5,0.6423,0.6562
2024-07-08,FARM0388,F,-7.76718,112.24255,317,4,56,9150,272.57,2.0,12.85,27.3,2.8,77.4,13.2,0.6645,0.6068,0.3251,4.962,0.4053,0.6269,0.5477,-0.0038,0.7248,0.654,0.3794,6.2679,0.4511,0.7078,0.6029,0.1125,0.6947,0.6304,0.3522,5.6149,0.4282,0.6674,0.5753,0.0544,92.46,2113.02,0.6477999999999999,0.66255
2020-12-26,FARM0389,F,-7.745037,112.256004,426,1,48,8982,357.7,3.02,34.81,33.0,1.0,69.9,14.7,0.7073,0.5846,0.3364,5.8341,0.4212,0.6998,0.5768,0.077,0.7,0.5992,0.333,5.6661,0.3991,0.6318,0.5594,0.0625,0.7037,0.5919,0.3347,5.7501,0.4102,0.6658,0.5681,0.0697,113.3,2306.7,0.6653,0.6477999999999999
2022-03-21,FARM0389,F,-7.745037,112.256004,426,2,56,8479,337.27,2.92,28.09,35.0,0.6,71.2,13.8,0.6727,0.6814,0.3257,5.1101,0.4409,0.6568,0.5724,0.0109,0.7164,0.6737,0.346,6.0529,0.4114,0.7051,0.5745,0.0953,0.6946,0.6775,0.3358,5.5815,0.4262,0.681,0.5734,0.0531,114.42,2492.0,0.6642,0.68605
2023-06-14,FARM0389,F,-7.745037,112.256004,426,3,56,9788,347.49,1.94,16.98,31.5,3.3,66.5,14.5,0.6876,0.638,0.3907,5.4022,0.3966,0.6021,0.5525,0.0387,0.6735,0.6911,0.3498,5.1253,0.4214,0.6248,0.5615,0.0124,0.6805,0.6646,0.3703,5.2638,0.409,0.6135,0.557,0.0255,115.92,2094.75,0.6296999999999999,0.67255
2024-07-08,FARM0389,F,-7.745037,112.256004,426,4,48,8121,325.34,1.91,10.19,31.0,0.3,63.3,16.6,0.6321,0.6006,0.3137,4.4359,0.4018,0.6193,0.5307,-0.0598,0.6551,0.6312,0.3789,4.7984,0.3811,0.5504,0.5284,-0.0206,0.6436,0.6159,0.3463,4.6171,0.3915,0.5849,0.5296,-0.0402,84.65,1962.3,0.6537,0.62975
2021-02-24,FARM0390,F,-7.765541,112.237111,201,1,56,8870,327.9,3.02,27.41,33.7,13.7,74.7,13.2,0.6433,0.6333,0.3991,4.6062,0.3866,0.6122,0.5267,-0.041,0.6992,0.5665,0.2735,5.6495,0.3778,0.6436,0.5447,0.061,0.6712,0.5999,0.3363,5.1279,0.3822,0.6279,0.5357,0.01,116.63,2517.39,0.6637,0.6355500000000001
2022-03-21,FARM0390,F,-7.765541,112.237111,201,2,48,9049,378.45,3.14,49.48,33.7,13.9,76.7,15.9,0.7037,0.6401,0.4318,5.7491,0.4584,0.6524,0.5972,0.0697,0.6901,0.6749,0.3848,5.4536,0.4119,0.6041,0.5633,0.0434,0.6969,0.6575,0.4083,5.6014,0.4352,0.6283,0.5802,0.0565,116.0,2584.79,0.5917,0.6772
2023-06-14,FARM0390,F,-7.765541,112.237111,201,3,56,8988,303.37,2.82,24.75,34.5,0.0,75.0,15.5,0.6276,0.6563,0.3382,4.3709,0.4011,0.5961,0.5282,-0.0671,0.667,0.6992,0.3487,5.0059,0.4301,0.5933,0.5635,0.0006,0.6473,0.6778,0.3434,4.6884,0.4156,0.5947,0.5459,-0.0333,115.58,2587.5,0.6566000000000001,0.66255
2024-09-06,FARM0390,F,-7.765541,112.237111,201,4,56,8841,315.61,2.61,25.63,28.4,0.2,73.9,14.7,0.6551,0.6211,0.4528,4.7989,0.445,0.5956,0.566,-0.0205,0.6911,0.6398,0.3671,5.4741,0.3708,0.5913,0.5366,0.0453,0.6731,0.6304,0.41,5.1365,0.4079,0.5935,0.5513,0.0124,116.16,2098.76,0.5900000000000001,0.65175
2021-01-25,FARM0391,F,-7.736188,112.249518,237,1,52,9244,323.97,2.91,39.44,33.2,18.9,69.0,15.9,0.695,0.5874,0.3646,5.5565,0.3967,0.647,0.5557,0.0527,0.6634,0.5947,0.274,4.942,0.3735,0.5525,0.5271,-0.0058,0.6792,0.5911,0.3193,5.2493,0.3851,0.5998,0.5414,0.0234,115.32,2290.8,0.6807000000000001,0.63515
2022-04-20,FARM0391,F,-7.736188,112.249518,237,2,56,8726,341.76,2.55,21.05,35.0,5.5,62.7,15.0,0.7169,0.6173,0.3216,6.0635,0.4448,0.6644,0.5954,0.0961,0.6549,0.6573,0.395,4.7962,0.4086,0.5509,0.5454,-0.0208,0.6859,0.6373,0.3583,5.4298,0.4267,0.6077,0.5704,0.0377,115.07,2194.5,0.6416999999999999,0.6616
2023-07-14,FARM0391,F,-7.736188,112.249518,237,3,56,9006,323.91,3.01,37.75,31.0,3.5,65.4,14.9,0.6728,0.6313,0.3682,5.1119,0.4401,0.6318,0.572,0.0111,0.7033,0.5921,0.3177,5.7415,0.4139,0.6557,0.5704,0.069,0.688,0.6117,0.3429,5.4267,0.427,0.6438,0.5712,0.04,115.47,2027.4,0.6571,0.64985
2024-10-06,FARM0391,F,-7.736188,112.249518,237,4,56,8042,306.64,2.63,20.09,27.1,2.1,64.2,16.7,0.6207,0.6272,0.3015,4.2735,0.3881,0.536,0.5174,-0.0783,0.6732,0.6947,0.3649,5.1207,0.4181,0.641,0.5594,0.0119,0.647,0.661,0.3332,4.6971,0.4031,0.5885,0.5384,-0.0332,114.86,1739.82,0.6668000000000001,0.654
2020-12-26,FARM0392,F,-7.733473,112.256642,455,1,48,9424,353.95,2.96,29.32,31.0,7.3,62.2,15.0,0.6882,0.607,0.3586,5.4142,0.385,0.6432,0.5451,0.0398,0.6925,0.6538,0.2919,5.5036,0.3827,0.6585,0.5453,0.0479,0.6903,0.6304,0.3252,5.4589,0.3838,0.6509,0.5452,0.0439,117.12,1928.2,0.6748000000000001,0.66035
2022-01-20,FARM0392,F,-7.733473,112.256642,455,2,48,9559,312.91,2.51,24.22,34.8,0.9,80.9,15.5,0.6967,0.633,0.4034,5.5933,0.4246,0.698,0.574,0.056,0.7225,0.6259,0.3094,6.2078,0.3903,0.6387,0.5628,0.1078,0.7096,0.6294,0.3564,5.9005,0.4074,0.6684,0.5684,0.0819,117.28,2815.32,0.6436,0.6695
2023-03-16,FARM0392,F,-7.733473,112.256642,455,3,52,9503,330.38,2.11,11.72,35.0,44.0,64.9,15.0,0.6961,0.6558,0.3917,5.5813,0.4509,0.7129,0.5893,0.0549,0.7362,0.617,0.4138,6.5807,0.4506,0.6814,0.6078,0.1365,0.7161,0.6364,0.4027,6.081,0.4507,0.6971,0.5985,0.0957,90.44,2271.5,0.5972999999999999,0.67625
2024-04-09,FARM0392,F,-7.733473,112.256642,455,4,48,8561,297.95,2.19,10.3,34.8,2.0,77.4,13.7,0.7083,0.6264,0.4052,5.8562,0.4346,0.6984,0.5854,0.0789,0.6991,0.6358,0.361,5.6474,0.4099,0.6725,0.566,0.0608,0.7037,0.6311,0.3831,5.7518,0.4223,0.6855,0.5757,0.0698,84.92,2693.52,0.6169,0.6674
2021-01-25,FARM0393,F,-7.751184,112.254924,575,1,52,9441,300.38,2.93,22.19,35.0,20.3,70.6,14.3,0.6806,0.6814,0.3618,5.2616,0.4319,0.6962,0.571,0.0255,0.6829,0.6716,0.3476,5.3071,0.4281,0.6602,0.5698,0.0298,0.6817,0.6765,0.3547,5.2844,0.43,0.6782,0.5704,0.0276,113.95,2471.0,0.6453,0.6791
2022-03-21,FARM0393,F,-7.751184,112.254924,575,2,52,10268,306.09,2.68,21.11,34.4,10.4,70.6,15.6,0.6925,0.5931,0.4366,5.5041,0.4469,0.7159,0.5853,0.048,0.701,0.6547,0.3402,5.6893,0.3846,0.6053,0.5502,0.0645,0.6968,0.6239,0.3884,5.5967,0.4158,0.6606,0.5677,0.0562,112.94,2428.64,0.6115999999999999,0.66035
2023-05-15,FARM0393,F,-7.751184,112.254924,575,3,52,9795,263.92,2.42,18.82,34.9,0.6,77.5,13.2,0.7469,0.6751,0.3651,6.9025,0.4834,0.7662,0.632,0.1598,0.72,0.6329,0.3808,6.1421,0.448,0.7025,0.5988,0.1025,0.7334,0.654,0.3729,6.5223,0.4657,0.7344,0.6154,0.1312,114.73,2704.75,0.6271,0.6937
2024-06-08,FARM0393,F,-7.751184,112.254924,575,4,48,8815,292.98,2.7,14.67,30.8,1.0,66.5,13.2,0.7106,0.6216,0.3142,5.9113,0.4122,0.7323,0.5725,0.0835,0.7057,0.6132,0.3128,5.7949,0.4226,0.6882,0.5768,0.0736,0.7081,0.6174,0.3135,5.8531,0.4174,0.7102,0.5747,0.0786,99.52,2048.2,0.6865,0.66275
2021-02-24,FARM0394,F,-7.734814,112.239003,344,1,56,9543,320.73,2.65,18.96,35.0,21.5,63.7,15.3,0.6662,0.6208,0.3728,4.9919,0.4062,0.5861,0.549,-0.0008,0.6696,0.5636,0.2595,5.0531,0.363,0.6191,0.5225,0.0053,0.6679,0.5922,0.3161,5.0225,0.3846,0.6026,0.5358,0.0022,116.68,2229.5,0.6839,0.63005
2022-04-20,FARM0394,F,-7.734814,112.239003,344,2,52,9246,313.18,2.45,25.15,32.9,9.4,79.1,15.2,0.6614,0.6659,0.372,4.9063,0.4294,0.6653,0.5604,-0.0095,0.679,0.595,0.2869,5.2309,0.3634,0.5731,0.5265,0.0226,0.6702,0.6305,0.3294,5.0686,0.3964,0.6192,0.5435,0.0066,116.76,2602.39,0.6706,0.65035
2023-06-14,FARM0394,F,-7.734814,112.239003,344,3,52,9493,310.76,2.35,16.24,33.9,2.5,80.5,14.9,0.6867,0.6813,0.4255,5.3837,0.4415,0.6268,0.5794,0.0369,0.7078,0.5953,0.2733,5.8436,0.3893,0.6528,0.5561,0.0778,0.6972,0.6383,0.3494,5.6136,0.4154,0.6398,0.5678,0.0574,115.52,2728.95,0.6506000000000001,0.6677500000000001
2024-09-06,FARM0394,F,-7.734814,112.239003,344,4,56,8957,301.11,2.2,20.28,27.2,6.1,80.3,16.3,0.7324,0.6082,0.3734,6.4738,0.4623,0.7127,0.613,0.1284,0.7029,0.6486,0.3087,5.7327,0.3967,0.6652,0.5591,0.0683,0.7177,0.6284,0.341,6.1032,0.4295,0.689,0.586,0.0984,115.11,2184.16,0.659,0.6730499999999999
2021-02-24,FARM0395,F,-7.743421,112.269381,411,1,56,8334,348.8,2.51,17.39,33.8,8.7,77.8,16.4,0.6425,0.6289,0.404,4.5947,0.4245,0.5662,0.5486,-0.0422,0.6746,0.5787,0.3723,5.1454,0.3809,0.6202,0.5367,0.0143,0.6585,0.6038,0.3882,4.87,0.4027,0.5932,0.5426,-0.014,117.24,2629.64,0.6118,0.63115
2022-03-21,FARM0395,F,-7.743421,112.269381,411,2,48,9241,338.02,2.96,20.29,35.0,4.2,73.2,15.9,0.6857,0.6188,0.3984,5.3624,0.4105,0.6813,0.5604,0.035,0.6765,0.635,0.3502,5.1821,0.4061,0.6445,0.5536,0.0179,0.6811,0.6269,0.3743,5.2723,0.4083,0.6629,0.557,0.0264,115.62,2562.0,0.6256999999999999,0.654
2023-05-15,FARM0395,F,-7.743421,112.269381,411,3,52,8008,309.01,2.68,22.42,32.0,0.7,78.6,16.4,0.6775,0.5569,0.2601,5.2024,0.3848,0.6022,0.5405,0.0198,0.6477,0.6272,0.3626,4.6772,0.3661,0.5283,0.5155,-0.0334,0.6626,0.5921,0.3113,4.9398,0.3755,0.5653,0.528,-0.0068,115.48,2515.2,0.6887,0.62735
2024-06-08,FARM0395,F,-7.743421,112.269381,411,4,48,9290,287.57,2.21,15.82,30.4,0.7,62.6,13.5,0.6982,0.6403,0.3636,5.627,0.4071,0.6377,0.5638,0.059,0.696,0.5877,0.3619,5.5793,0.3714,0.5855,0.539,0.0548,0.6971,0.614,0.3628,5.6032,0.3893,0.6116,0.5514,0.0569,109.35,1903.04,0.6372,0.6555500000000001
2021-01-25,FARM0396,F,-7.750001,112.263679,780,1,52,8959,320.97,3.1,33.08,34.6,7.1,77.2,14.2,0.6617,0.6567,0.4067,4.9119,0.443,0.6264,0.5682,-0.0089,0.6395,0.6293,0.2558,4.5482,0.346,0.5655,0.4985,-0.0473,0.6506,0.643,0.3313,4.73,0.3945,0.5959,0.5333,-0.0281,113.11,2671.12,0.6687000000000001,0.6468
2022-02-19,FARM0396,F,-7.750001,112.263679,780,2,48,8975,333.35,2.52,25.97,31.4,13.0,76.3,16.3,0.7185,0.6034,0.3535,6.1057,0.4453,0.7531,0.5966,0.0996,0.7166,0.6497,0.3993,6.0579,0.3903,0.5999,0.5605,0.0957,0.7176,0.6265,0.3764,6.0818,0.4178,0.6765,0.5785,0.0976,114.07,2395.82,0.6235999999999999,0.67205
2023-03-16,FARM0396,F,-7.750001,112.263679,780,3,48,8322,288.86,2.38,11.53,35.0,12.8,68.0,14.9,0.6915,0.6321,0.4301,5.482,0.4524,0.6688,0.5879,0.046,0.7108,0.6783,0.3784,5.9149,0.4485,0.6893,0.5949,0.0838,0.7011,0.6552,0.4042,5.6985,0.4504,0.679,0.5914,0.0649,83.54,2380.0,0.5958,0.67815
2024-04-09,FARM0396,F,-7.750001,112.263679,780,4,48,9052,279.56,2.58,18.63,35.0,0.2,63.2,17.0,0.673,0.6522,0.4265,5.1154,0.4563,0.6543,0.581,0.0114,0.6941,0.6818,0.3483,5.5387,0.396,0.6169,0.5549,0.0511,0.6835,0.667,0.3874,5.3271,0.4261,0.6356,0.5679,0.0313,115.76,2212.0,0.6126,0.67525
2021-01-25,FARM0397,F,-7.749342,112.264467,253,1,52,9567,337.06,2.83,27.87,33.4,22.7,76.0,13.2,0.639,0.6292,0.289,4.5405,0.3753,0.5827,0.5177,-0.0482,0.7035,0.6224,0.3302,5.7457,0.4111,0.6099,0.5687,0.0694,0.6713,0.6258,0.3096,5.1431,0.3932,0.5963,0.5432,0.0106,113.98,2538.4,0.6904,0.64855
2022-03-21,FARM0397,F,-7.749342,112.264467,253,2,52,10290,346.01,2.84,23.39,35.0,19.6,62.1,13.7,0.7134,0.6687,0.3679,5.9776,0.4461,0.7202,0.5946,0.0891,0.7256,0.6691,0.3587,6.2884,0.4377,0.6501,0.5951,0.1141,0.7195,0.6689,0.3633,6.133,0.4419,0.6852,0.5949,0.1016,115.96,2173.5,0.6367,0.6942
2023-04-15,FARM0397,F,-7.749342,112.264467,253,3,48,8957,278.82,2.63,13.37,32.5,0.1,68.3,15.4,0.6769,0.5769,0.3711,5.1908,0.4116,0.6624,0.5572,0.0187,0.64,0.6026,0.2668,4.5558,0.3555,0.5775,0.5052,-0.0465,0.6585,0.5898,0.3189,4.8733,0.3835,0.62,0.5312,-0.0139,91.12,2219.75,0.6811,0.62415
2024-05-09,FARM0397,F,-7.749342,112.264467,253,4,48,9602,275.44,2.54,21.55,31.8,1.0,72.4,14.5,0.6647,0.6373,0.4043,4.9655,0.4137,0.5926,0.5529,-0.0035,0.7297,0.5937,0.3741,6.3996,0.4157,0.7085,0.5829,0.1228,0.6972,0.6155,0.3892,5.6825,0.4147,0.6506,0.5679,0.0597,116.52,2302.32,0.6108,0.65635
2021-01-25,FARM0398,F,-7.748672,112.236362,455,1,52,8812,322.45,2.38,25.63,33.4,12.4,78.1,16.2,0.6579,0.6567,0.3261,4.8457,0.4078,0.6298,0.5462,-0.0157,0.6702,0.6572,0.3188,5.0643,0.4174,0.639,0.5576,0.0064,0.664,0.6569,0.3224,4.955,0.4126,0.6344,0.5519,-0.0046,115.27,2608.54,0.6776,0.66045
2022-04-20,FARM0398,F,-7.748672,112.236362,455,2,56,8564,298.53,2.28,17.45,33.0,0.7,78.8,15.3,0.6675,0.5831,0.2997,5.0156,0.4125,0.602,0.5535,0.0016,0.6588,0.6405,0.3576,4.8613,0.4024,0.5656,0.5434,-0.0141,0.6632,0.6118,0.3287,4.9384,0.4075,0.5838,0.5484,-0.0063,113.01,2600.4,0.6713,0.6375
2023-06-14,FARM0398,F,-7.748672,112.236362,455,3,52,9658,301.26,2.18,19.26,30.5,0.1,69.7,16.7,0.7106,0.6141,0.3592,5.9109,0.4379,0.7205,0.5885,0.0835,0.6968,0.6964,0.4275,5.5954,0.4306,0.671,0.5777,0.0562,0.7037,0.6552,0.3934,5.7532,0.4343,0.6957,0.5831,0.0698,116.07,2125.85,0.6066,0.67945
2024-08-07,FARM0398,F,-7.748672,112.236362,455,4,52,8641,277.16,2.32,9.35,30.3,2.2,78.1,16.6,0.6091,0.5634,0.2679,4.1169,0.365,0.5071,0.4981,-0.0969,0.6336,0.5961,0.3465,4.458,0.3769,0.5412,0.5163,-0.0573,0.6214,0.5797,0.3072,4.2875,0.3709,0.5242,0.5072,-0.0771,84.24,2366.43,0.6928000000000001,0.6005499999999999
2021-02-24,FARM0399,F,-7.750523,112.2343,658,1,56,9098,332.66,2.16,20.01,33.4,2.6,80.2,13.1,0.6629,0.6405,0.3135,4.9327,0.3881,0.5822,0.5363,-0.0068,0.688,0.6946,0.3272,5.4103,0.4254,0.6651,0.5706,0.0394,0.6754,0.6675,0.3203,5.1715,0.4068,0.6237,0.5535,0.0163,114.93,2678.68,0.6797,0.67145
2022-05-20,FARM0399,F,-7.750523,112.2343,658,2,56,9659,365.0,2.31,17.94,32.4,1.6,66.8,16.7,0.6642,0.6673,0.4064,4.9551,0.4542,0.6237,0.5755,-0.0045,0.7595,0.5972,0.437,7.3147,0.4444,0.7725,0.6143,0.188,0.7118,0.6323,0.4217,6.1349,0.4493,0.6981,0.5949,0.0917,114.46,2164.32,0.5783,0.67205
2023-08-13,FARM0399,F,-7.750523,112.2343,658,3,56,8605,276.81,2.47,21.51,25.6,2.0,80.9,14.1,0.6435,0.6606,0.3212,4.61,0.3897,0.6144,0.5287,-0.0406,0.7374,0.6176,0.4293,6.6152,0.4449,0.6958,0.6048,0.1391,0.6904,0.6391,0.3753,5.6126,0.4173,0.6551,0.5668,0.0492,113.47,2071.04,0.6247,0.66475
2024-09-06,FARM0399,F,-7.750523,112.2343,658,4,48,8292,284.5,2.42,15.5,24.9,2.0,78.5,15.5,0.6558,0.6283,0.3725,4.8107,0.4467,0.6104,0.5673,-0.0193,0.6929,0.5848,0.3342,5.5116,0.3759,0.6403,0.5409,0.0487,0.6743,0.6066,0.3534,5.1612,0.4113,0.6254,0.5541,0.0147,98.87,1954.65,0.6466000000000001,0.64045
2021-02-24,FARM0400,F,-7.754555,112.249172,292,1,56,9741,338.9,2.5,23.53,35.0,4.2,65.7,14.9,0.6812,0.6153,0.3348,5.2745,0.3927,0.6142,0.5472,0.0267,0.6514,0.5812,0.3,4.738,0.3775,0.5357,0.5245,-0.0269,0.6663,0.5982,0.3174,5.0063,0.3851,0.575,0.5359,-0.0001,117.28,2299.5,0.6826,0.63225
2022-04-20,FARM0400,F,-7.754555,112.249172,292,2,52,8363,361.2,2.99,29.69,33.1,0.7,73.9,13.5,0.6595,0.6452,0.3464,4.8742,0.3809,0.593,0.5302,-0.0127,0.6852,0.6621,0.3603,5.3529,0.3896,0.6025,0.5469,0.0341,0.6724,0.6536,0.3534,5.1135,0.3852,0.5978,0.5386,0.0107,116.36,2446.09,0.6466000000000001,0.663
2023-07-14,FARM0400,F,-7.754555,112.249172,292,3,56,9393,331.03,1.99,16.5,27.6,0.5,78.6,13.5,0.6833,0.6434,0.3221,5.3148,0.4373,0.6536,0.5754,0.0305,0.6683,0.6639,0.322,5.0301,0.4215,0.576,0.5592,0.003,0.6758,0.6537,0.322,5.1725,0.4294,0.6148,0.5673,0.0168,113.92,2169.36,0.6779999999999999,0.66475
2024-08-07,FARM0400,F,-7.754555,112.249172,292,4,48,9267,300.91,2.66,15.9,25.0,0.3,75.0,16.0,0.7005,0.6429,0.3922,5.6769,0.426,0.6604,0.5766,0.0634,0.757,0.6633,0.4478,7.232,0.4525,0.7579,0.6183,0.1825,0.7288,0.6531,0.42,6.4544,0.4392,0.7092,0.5975,0.1229,116.74,1875.0,0.5800000000000001,0.69095
2021-02-24,FARM0401,F,-7.741748,112.232935,327,1,56,9339,370.84,3.03,34.12,31.8,8.8,77.8,14.0,0.6998,0.6564,0.33,5.6622,0.4502,0.6573,0.5906,0.0621,0.7014,0.635,0.3727,5.699,0.3814,0.6014,0.5481,0.0653,0.7006,0.6457,0.3514,5.6806,0.4158,0.6293,0.5694,0.0637,115.24,2474.04,0.6486000000000001,0.67315
2022-04-20,FARM0401,F,-7.741748,112.232935,327,2,52,8247,333.56,2.92,34.09,34.6,2.0,74.9,16.5,0.7119,0.5811,0.3809,5.9421,0.4382,0.716,0.5892,0.0861,0.6641,0.7042,0.451,4.955,0.4285,0.5691,0.5613,-0.0045,0.688,0.6427,0.4159,5.4485,0.4334,0.6425,0.5752,0.0408,115.85,2591.54,0.5841000000000001,0.66535
2023-05-15,FARM0401,F,-7.741748,112.232935,327,3,48,8491,284.75,2.57,15.69,32.3,0.1,64.2,14.8,0.6409,0.6048,0.4158,4.5695,0.408,0.6334,0.5385,-0.045,0.7212,0.6049,0.2927,6.1741,0.3796,0.619,0.5548,0.1051,0.6811,0.6048,0.3543,5.3718,0.3938,0.6262,0.5466,0.03,101.97,2073.66,0.6456999999999999,0.64295
2024-08-07,FARM0401,F,-7.741748,112.232935,327,4,56,7862,274.54,2.41,10.83,25.1,1.6,73.9,16.6,0.6421,0.6128,0.3727,4.5877,0.4249,0.5863,0.5486,-0.043,0.6797,0.6229,0.4048,5.244,0.3932,0.6206,0.5468,0.0238,0.6609,0.6179,0.3888,4.9158,0.409,0.6035,0.5477,-0.0096,85.84,1854.89,0.6112,0.6394
2021-02-24,FARM0402,F,-7.76425,112.231048,795,1,56,10711,321.14,2.57,20.13,35.0,1.8,62.0,15.4,0.6291,0.6353,0.3487,4.392,0.3947,0.5665,0.5251,-0.0647,0.7311,0.6055,0.335,6.4366,0.4389,0.6934,0.5983,0.1256,0.6801,0.6204,0.3418,5.4143,0.4168,0.6299,0.5617,0.0304,112.94,2170.0,0.6582,0.65025
2022-05-20,FARM0402,F,-7.76425,112.231048,795,2,56,10323,298.22,2.79,21.46,35.0,0.8,69.7,15.5,0.6387,0.5708,0.3435,4.5351,0.3959,0.6206,0.5303,-0.0488,0.6896,0.6433,0.4059,5.4435,0.3881,0.6064,0.5478,0.0425,0.6641,0.6071,0.3747,4.9893,0.392,0.6135,0.539,-0.0031,112.95,2439.5,0.6253,0.6355999999999999
2023-06-14,FARM0402,F,-7.76425,112.231048,795,3,48,9951,324.21,2.74,19.28,30.1,1.6,66.5,15.4,0.6209,0.6276,0.3682,4.2763,0.3809,0.5894,0.5132,-0.078,0.7387,0.6102,0.3154,6.6541,0.4252,0.6617,0.593,0.1419,0.6798,0.6189,0.3418,5.4652,0.4031,0.6256,0.5531,0.032,114.37,2001.65,0.6582,0.64935
2024-09-06,FARM0402,F,-7.76425,112.231048,795,4,56,8853,268.04,2.28,14.93,23.5,0.3,69.2,15.1,0.7104,0.6305,0.3815,5.9068,0.3948,0.67,0.561,0.0831,0.7418,0.6187,0.3919,6.7474,0.4372,0.6732,0.602,0.1487,0.7261,0.6246,0.3867,6.3271,0.416,0.6716,0.5815,0.1159,94.26,1626.2,0.6133,0.67535
2021-01-25,FARM0403,F,-7.756109,112.230945,383,1,52,9879,332.84,2.66,19.27,32.5,5.4,74.0,16.7,0.6929,0.637,0.3452,5.5135,0.3888,0.6084,0.5496,0.0488,0.6686,0.6357,0.2703,5.0347,0.371,0.5713,0.5275,0.0035,0.6808,0.6364,0.3078,5.2741,0.3799,0.5898,0.5386,0.0261,113.88,2405.0,0.6921999999999999,0.6586
2022-04-20,FARM0403,F,-7.756109,112.230945,383,2,56,8429,332.15,2.8,20.39,34.5,0.5,78.4,13.8,0.738,0.6854,0.3566,6.6332,0.4584,0.7387,0.6133,0.1404,0.6375,0.6536,0.3443,4.5173,0.3537,0.54,0.503,-0.0507,0.6877,0.6695,0.3505,5.5753,0.406,0.6393,0.5581,0.0448,116.16,2704.8,0.6495,0.6786
2023-06-14,FARM0403,F,-7.756109,112.230945,383,3,52,9295,261.83,2.6,18.46,29.0,1.7,78.4,14.7,0.6874,0.671,0.3596,5.3973,0.4185,0.683,0.5661,0.0382,0.7201,0.605,0.3476,6.1464,0.4129,0.69,0.577,0.1028,0.7038,0.638,0.3536,5.7718,0.4157,0.6865,0.5716,0.0705,113.76,2273.6,0.6464,0.6709
2024-09-06,FARM0403,F,-7.756109,112.230945,383,4,56,9027,265.68,2.28,15.62,25.6,0.6,80.1,14.2,0.6419,0.5938,0.2948,4.5855,0.3773,0.6011,0.5203,-0.0432,0.7301,0.6001,0.4169,6.4114,0.4237,0.6555,0.5883,0.1237,0.686,0.5969,0.3559,5.4985,0.4005,0.6283,0.5543,0.0402,109.44,2050.56,0.6441,0.6414500000000001
2021-02-24,FARM0404,F,-7.750671,112.238287,635,1,56,10479,330.67,2.65,35.55,32.9,5.2,73.3,14.5,0.6573,0.6661,0.3225,4.8364,0.429,0.6144,0.5583,-0.0166,0.6944,0.6714,0.3459,5.5449,0.3811,0.598,0.5451,0.0517,0.6759,0.6687,0.3342,5.1906,0.4051,0.6062,0.5517,0.0175,112.78,2411.57,0.6658,0.6722999999999999
2022-05-20,FARM0404,F,-7.750671,112.238287,635,2,56,9107,317.65,2.75,20.82,35.0,0.8,61.7,13.3,0.6124,0.6109,0.3178,4.1593,0.3653,0.5095,0.4997,-0.0918,0.706,0.6539,0.3946,5.8031,0.3814,0.6505,0.55,0.0743,0.6592,0.6324,0.3562,4.9812,0.3734,0.58,0.5248,-0.0087,114.72,2159.5,0.6437999999999999,0.6457999999999999
2023-07-14,FARM0404,F,-7.750671,112.238287,635,3,52,9601,337.05,2.72,18.62,30.1,2.1,77.8,16.3,0.6961,0.6328,0.3199,5.5818,0.3975,0.6325,0.5567,0.055,0.6277,0.6661,0.289,4.3725,0.3646,0.5162,0.506,-0.067,0.6619,0.6495,0.3044,4.9772,0.3811,0.5744,0.5314,-0.006,115.43,2341.78,0.6956,0.6557
2024-09-06,FARM0404,F,-7.750671,112.238287,635,4,52,9680,304.93,1.84,12.94,24.7,0.3,77.1,15.6,0.6641,0.6014,0.3212,4.9547,0.3991,0.5767,0.5438,-0.0046,0.7468,0.6125,0.393,6.8975,0.4323,0.7404,0.601,0.1595,0.7054,0.6069,0.3571,5.9261,0.4157,0.6585,0.5724,0.0775,94.48,1904.37,0.6429,0.65615
2020-12-26,FARM0405,F,-7.742541,112.234934,675,1,48,9798,342.94,3.1,34.19,28.5,3.8,62.5,16.5,0.6344,0.6009,0.2962,4.4706,0.3744,0.5972,0.5152,-0.0559,0.7122,0.6141,0.3813,5.9489,0.4292,0.6257,0.5839,0.0867,0.6733,0.6075,0.3387,5.2098,0.4018,0.6114,0.5495,0.0154,114.15,1781.25,0.6613,0.6404000000000001
2022-01-20,FARM0405,F,-7.742541,112.234934,675,2,48,9217,325.47,2.67,17.2,35.0,11.6,75.9,14.1,0.6533,0.6265,0.3319,4.769,0.4126,0.5782,0.5469,-0.0236,0.7242,0.6178,0.3086,6.2504,0.388,0.6107,0.5619,0.1111,0.6887,0.6222,0.3203,5.5097,0.4003,0.5944,0.5544,0.0438,115.65,2656.5,0.6797,0.65545
2023-02-14,FARM0405,F,-7.742541,112.234934,675,3,48,9301,348.29,2.21,16.03,35.0,20.9,67.5,13.3,0.697,0.6503,0.3436,5.601,0.3883,0.6343,0.551,0.0567,0.6489,0.5534,0.3489,4.6961,0.355,0.5821,0.5085,-0.0313,0.6729,0.6018,0.3463,5.1486,0.3717,0.6082,0.5298,0.0127,113.08,2362.5,0.6537,0.6373500000000001
2024-04-09,FARM0405,F,-7.742541,112.234934,675,4,52,9753,278.8,2.32,15.9,35.0,3.7,80.6,13.5,0.712,0.6295,0.3689,5.9438,0.4039,0.7131,0.5676,0.0862,0.6984,0.6553,0.3557,5.6318,0.4069,0.6427,0.5638,0.0594,0.7052,0.6424,0.3623,5.7878,0.4054,0.6779,0.5657,0.0728,114.24,2821.0,0.6376999999999999,0.6738
2021-02-24,FARM0406,F,-7.742446,112.241199,663,1,56,9553,379.97,2.78,30.36,35.0,4.6,69.4,14.4,0.7083,0.6222,0.3463,5.8572,0.4019,0.6685,0.5648,0.079,0.6514,0.6434,0.3585,4.738,0.3482,0.5267,0.5049,-0.0269,0.6799,0.6328,0.3524,5.2976,0.3751,0.5976,0.5348,0.026,113.88,2429.0,0.6476,0.65635
2022-04-20,FARM0406,F,-7.742446,112.241199,663,2,52,10116,327.57,3.1,45.36,34.6,1.7,68.6,15.2,0.6222,0.5485,0.2849,4.2934,0.3667,0.522,0.5049,-0.076,0.7126,0.5953,0.3327,5.9584,0.3863,0.5955,0.556,0.0875,0.6674,0.5719,0.3088,5.1259,0.3765,0.5587,0.5305,0.0057,112.71,2373.56,0.6912,0.61965
2023-07-14,FARM0406,F,-7.742446,112.241199,663,3,56,9814,323.7,2.35,20.87,30.7,2.4,75.8,15.2,0.6038,0.5631,0.3254,4.048,0.3656,0.5273,0.496,-0.1052,0.6677,0.6016,0.351,5.0184,0.3838,0.5643,0.5356,0.0018,0.6357,0.5824,0.3382,4.5332,0.3747,0.5458,0.5158,-0.0517,114.29,2327.06,0.6617999999999999,0.6090500000000001
2024-09-06,FARM0406,F,-7.742446,112.241199,663,4,52,9161,310.06,2.67,28.03,25.1,0.0,61.9,15.9,0.6868,0.5984,0.3324,5.3865,0.4049,0.6707,0.5574,0.0372,0.6518,0.6088,0.3193,4.7438,0.403,0.559,0.5406,-0.0263,0.6693,0.6036,0.3258,5.0652,0.4039,0.6149,0.549,0.0055,114.07,1553.69,0.6742,0.63645
2021-01-25,FARM0407,F,-7.743576,112.264989,794,1,52,8781,360.77,2.77,35.04,35.0,25.2,63.2,16.4,0.7383,0.586,0.3838,6.6431,0.4536,0.7055,0.6106,0.1411,0.6864,0.5943,0.2438,5.3778,0.3606,0.6314,0.5276,0.0364,0.7124,0.5902,0.3138,6.0104,0.4071,0.6685,0.5691,0.0888,113.44,2212.0,0.6861999999999999,0.6513
2022-04-20,FARM0407,F,-7.743576,112.264989,794,2,56,9554,304.37,3.17,27.97,35.0,3.0,71.4,14.0,0.7221,0.6605,0.3847,6.1965,0.4479,0.7212,0.5997,0.1069,0.6929,0.6603,0.3219,5.5122,0.4212,0.619,0.5703,0.0487,0.7075,0.6604,0.3533,5.8543,0.4345,0.6701,0.585,0.0778,112.88,2499.0,0.6467,0.6839500000000001
2023-07-14,FARM0407,F,-7.743576,112.264989,794,3,56,9088,304.01,2.89,30.18,29.2,0.3,72.2,14.3,0.6798,0.5889,0.3492,5.2462,0.4304,0.6455,0.5698,0.024,0.6736,0.6644,0.3522,5.1274,0.4019,0.5822,0.5497,0.0126,0.6767,0.6266,0.3507,5.1868,0.4162,0.6139,0.5598,0.0183,114.95,2108.24,0.6493,0.6516500000000001
2024-08-07,FARM0407,F,-7.743576,112.264989,794,4,48,9071,325.68,2.36,14.83,24.7,2.5,73.1,15.4,0.6642,0.5868,0.3776,4.9554,0.4136,0.6644,0.5526,-0.0045,0.7159,0.6423,0.3605,6.0403,0.4079,0.6819,0.5719,0.0942,0.69,0.6146,0.3691,5.4979,0.4108,0.6732,0.5623,0.0449,103.65,1805.57,0.6309,0.6523
2021-02-24,FARM0408,F,-7.735996,112.230051,386,1,56,9350,363.52,2.64,32.61,35.0,5.2,65.6,15.1,0.7177,0.6182,0.3324,6.0857,0.4217,0.7034,0.5816,0.0979,0.6671,0.5875,0.3784,5.0085,0.3581,0.6101,0.5181,0.0008,0.6924,0.6029,0.3554,5.5471,0.3899,0.6568,0.5498,0.0494,113.43,2296.0,0.6446000000000001,0.6476500000000001
2022-03-21,FARM0408,F,-7.735996,112.230051,386,2,48,10142,310.05,3.03,25.21,34.3,3.1,68.8,16.3,0.6804,0.6291,0.3468,5.2583,0.3928,0.6149,0.5469,0.0252,0.6235,0.6261,0.3323,4.3121,0.3567,0.4996,0.4991,-0.0739,0.652,0.6276,0.3396,4.7852,0.3748,0.5573,0.523,-0.0243,113.55,2359.84,0.6604,0.6398
2023-04-15,FARM0408,F,-7.735996,112.230051,386,3,48,9279,276.24,2.67,17.78,34.7,1.7,61.8,15.6,0.6526,0.6789,0.4334,4.7576,0.4299,0.5791,0.5565,-0.0248,0.6821,0.6236,0.3842,5.2912,0.4318,0.6277,0.5716,0.0283,0.6674,0.6512,0.4088,5.0244,0.4308,0.6034,0.5641,0.0017,116.52,2144.46,0.5912,0.6593
2024-05-09,FARM0408,F,-7.735996,112.230051,386,4,48,8857,279.51,1.97,10.76,33.0,6.0,80.7,15.1,0.6748,0.63,0.3969,5.1495,0.424,0.6832,0.5636,0.0147,0.6158,0.6413,0.3556,4.2059,0.3436,0.5285,0.4872,-0.0863,0.6453,0.6356,0.3763,4.6777,0.3838,0.6058,0.5254,-0.0358,86.56,2663.1,0.6236999999999999,0.64045
2021-01-25,FARM0409,F,-7.738355,112.266749,634,1,52,9816,335.86,2.7,23.06,31.7,5.8,70.6,16.0,0.6799,0.5752,0.4096,5.2482,0.4089,0.6645,0.5569,0.0242,0.6525,0.6067,0.3622,4.7557,0.4116,0.6086,0.546,-0.025,0.6662,0.5909,0.3859,5.0019,0.4103,0.6366,0.5515,-0.0004,115.9,2238.02,0.6141,0.6285499999999999
2022-03-21,FARM0409,F,-7.738355,112.266749,634,2,52,8676,303.26,2.74,26.05,35.0,1.1,62.1,14.4,0.6268,0.5858,0.3274,4.3594,0.3821,0.5955,0.5166,-0.0684,0.7136,0.6203,0.3601,5.9828,0.4027,0.6583,0.5676,0.0895,0.6702,0.6031,0.3438,5.1711,0.3924,0.6269,0.5421,0.0105,117.01,2173.5,0.6562,0.6366499999999999
2023-06-14,FARM0409,F,-7.738355,112.266749,634,3,56,9637,305.71,2.66,21.11,30.8,0.2,77.5,15.0,0.6687,0.5899,0.3405,5.0364,0.4044,0.5856,0.5491,0.0036,0.6438,0.626,0.3646,4.615,0.3822,0.5334,0.5242,-0.04,0.6562,0.6079,0.3525,4.8257,0.3933,0.5595,0.5366,-0.0182,116.77,2387.0,0.6475,0.63205
2024-09-06,FARM0409,F,-7.738355,112.266749,634,4,56,9212,246.23,2.54,11.42,24.0,5.5,76.2,15.9,0.6492,0.5882,0.3422,4.7013,0.3735,0.5768,0.521,-0.0308,0.7621,0.6407,0.3609,7.4054,0.4543,0.7271,0.6217,0.1939,0.7056,0.6144,0.3515,6.0533,0.4139,0.6519,0.5713,0.0816,83.97,1828.8,0.6485000000000001,0.6599999999999999
2021-02-24,FARM0410,F,-7.760454,112.253474,389,1,56,8365,356.78,2.84,28.69,34.5,18.0,63.8,14.2,0.6939,0.6093,0.3455,5.5328,0.4629,0.7023,0.5949,0.0506,0.73,0.5888,0.3195,6.4082,0.3982,0.6949,0.5713,0.1234,0.7119,0.5991,0.3325,5.9705,0.4305,0.6986,0.5831,0.087,113.51,2201.1,0.6675,0.6555
2022-03-21,FARM0410,F,-7.760454,112.253474,389,2,48,8420,339.31,2.26,17.85,35.0,3.7,70.7,13.3,0.6799,0.6722,0.3271,5.2477,0.4177,0.6464,0.5622,0.0242,0.6701,0.6268,0.3455,5.0628,0.3894,0.6147,0.5403,0.0062,0.675,0.6495,0.3363,5.1552,0.4035,0.6306,0.5513,0.0152,114.23,2474.5,0.6637,0.66225
2023-04-15,FARM0410,F,-7.760454,112.253474,389,3,48,8656,333.21,2.33,19.64,35.0,0.4,67.6,14.5,0.7295,0.6152,0.3512,6.3942,0.4381,0.7061,0.5971,0.1224,0.6836,0.57,0.2667,5.3212,0.358,0.5868,0.5246,0.0311,0.7066,0.5926,0.309,5.8577,0.398,0.6465,0.5608,0.0767,112.73,2366.0,0.6910000000000001,0.6496
2024-05-09,FARM0410,F,-7.760454,112.253474,389,4,48,8772,317.44,2.36,13.44,33.9,0.8,62.8,13.2,0.6911,0.6158,0.4143,5.4745,0.42,0.681,0.5688,0.0453,0.6483,0.638,0.3531,4.6863,0.3851,0.5666,0.528,-0.0324,0.6697,0.6269,0.3837,5.0804,0.4026,0.6238,0.5484,0.0065,89.61,2128.92,0.6163000000000001,0.6483
2020-12-26,FARM0411,F,-7.765595,112.235054,232,1,48,9095,325.88,2.6,24.13,31.9,8.1,62.8,16.0,0.7067,0.689,0.4569,5.8182,0.4705,0.6697,0.6054,0.0756,0.682,0.6403,0.314,5.2889,0.4193,0.6425,0.5642,0.0281,0.6943,0.6646,0.3854,5.5535,0.4449,0.6561,0.5848,0.0519,114.43,2003.32,0.6146,0.67945
2022-01-20,FARM0411,F,-7.765595,112.235054,232,2,48,8924,348.59,2.49,28.65,30.7,5.8,72.3,13.0,0.646,0.593,0.285,4.6497,0.39,0.6033,0.53,-0.0363,0.7203,0.6045,0.3925,6.15,0.4161,0.6526,0.5791,0.1031,0.6831,0.5988,0.3387,5.3998,0.403,0.6279,0.5546,0.0334,115.26,2219.61,0.6613,0.64095
2023-02-14,FARM0411,F,-7.765595,112.235054,232,3,48,7910,307.44,3.11,21.29,33.8,11.3,71.2,16.5,0.6812,0.6442,0.3105,5.2734,0.4209,0.6802,0.5648,0.0266,0.6623,0.6125,0.384,4.9227,0.4285,0.6182,0.5604,-0.0078,0.6718,0.6284,0.3473,5.098,0.4247,0.6492,0.5626,0.0094,116.08,2406.56,0.6527000000000001,0.6500999999999999
2024-03-10,FARM0411,F,-7.765595,112.235054,232,4,48,8554,299.81,2.61,16.55,34.7,1.8,78.8,13.3,0.6633,0.5785,0.4098,4.9407,0.403,0.6426,0.5458,-0.006,0.6909,0.6914,0.3402,5.47,0.427,0.6443,0.5729,0.0449,0.6771,0.6349,0.375,5.2054,0.415,0.6434,0.5594,0.0195,115.47,2734.36,0.625,0.656
2020-12-26,FARM0412,F,-7.730034,112.25028,593,1,48,10824,337.69,3.03,30.99,30.4,10.3,70.1,13.6,0.6335,0.5864,0.3357,4.4564,0.3762,0.5517,0.5159,-0.0575,0.7181,0.6408,0.3916,6.0939,0.3935,0.6245,0.5632,0.0986,0.6758,0.6136,0.3637,5.2752,0.3848,0.5881,0.5395,0.0206,115.99,2131.04,0.6363,0.6447
2022-03-21,FARM0412,F,-7.730034,112.25028,593,2,56,9630,299.4,2.72,20.95,34.8,4.9,75.3,15.4,0.7237,0.619,0.4209,6.2386,0.4451,0.7611,0.5988,0.1102,0.6797,0.6028,0.2895,5.2447,0.3836,0.5654,0.5406,0.0239,0.7017,0.6109,0.3552,5.7417,0.4143,0.6633,0.5697,0.067,112.89,2620.44,0.6448,0.6563
2023-05-15,FARM0412,F,-7.730034,112.25028,593,3,52,9866,281.83,3.04,17.16,32.2,0.1,78.9,13.5,0.6707,0.6631,0.3892,5.0741,0.4279,0.6842,0.564,0.0074,0.6619,0.6113,0.418,4.9152,0.4226,0.6183,0.5568,-0.0085,0.6663,0.6372,0.4036,4.9947,0.4252,0.6512,0.5604,-0.0006,114.36,2540.58,0.5964,0.65175
2024-07-08,FARM0412,F,-7.730034,112.25028,593,4,52,9560,264.74,2.18,9.71,29.2,1.6,61.4,16.3,0.6985,0.6359,0.3339,5.6336,0.4287,0.6346,0.5774,0.0596,0.6451,0.6396,0.3971,4.6354,0.3874,0.5881,0.528,-0.0378,0.6718,0.6378,0.3655,5.1345,0.408,0.6113,0.5527,0.0109,83.49,1792.88,0.6345000000000001,0.6548
2021-01-25,FARM0413,F,-7.732062,112.240278,772,1,52,8943,350.97,2.86,30.4,33.1,4.6,67.9,15.3,0.7222,0.6599,0.3468,6.1997,0.4715,0.7701,0.6135,0.1071,0.6502,0.6259,0.2969,4.717,0.3652,0.592,0.516,-0.0291,0.6862,0.6429,0.3218,5.4583,0.4184,0.681,0.5647,0.039,117.29,2247.49,0.6782,0.66455
2022-03-21,FARM0413,F,-7.732062,112.240278,772,2,52,8707,338.55,2.44,21.58,34.7,41.2,70.1,16.4,0.7324,0.6258,0.4413,6.4739,0.4725,0.7206,0.6189,0.1285,0.7318,0.6711,0.4227,6.4564,0.4458,0.6776,0.6028,0.1271,0.7321,0.6485,0.432,6.4652,0.4591,0.6991,0.6109,0.1278,114.7,2432.47,0.5680000000000001,0.6902999999999999
2023-05-15,FARM0413,F,-7.732062,112.240278,772,3,52,8506,306.65,2.61,20.77,33.1,0.2,79.4,16.5,0.6856,0.6216,0.3974,5.3605,0.4611,0.6826,0.5898,0.0348,0.6764,0.6287,0.3277,5.1796,0.4223,0.6483,0.5634,0.0176,0.681,0.6251,0.3625,5.27,0.4417,0.6655,0.5766,0.0262,115.05,2628.14,0.6375,0.65305
2024-07-08,FARM0413,F,-7.732062,112.240278,772,4,52,9026,321.34,2.62,20.98,27.6,0.6,75.1,13.7,0.6755,0.5962,0.3001,5.1641,0.3967,0.6752,0.5473,0.0161,0.7465,0.635,0.3834,6.8889,0.4239,0.6699,0.5954,0.1589,0.711,0.6156,0.3417,6.0265,0.4103,0.6725,0.5714,0.0875,113.85,2072.76,0.6583,0.6633
2021-01-25,FARM0414,F,-7.756102,112.23249,311,1,52,8743,346.54,2.87,21.29,30.7,1.0,71.3,13.6,0.6568,0.6253,0.409,4.8277,0.4176,0.6513,0.5515,-0.0175,0.7295,0.593,0.3644,6.395,0.4129,0.7174,0.581,0.1224,0.6932,0.6092,0.3867,5.6114,0.4152,0.6843,0.5662,0.0524,116.65,2188.91,0.6133,0.6512
2022-03-21,FARM0414,F,-7.756102,112.23249,311,2,52,8646,337.93,2.5,26.85,32.7,6.9,70.2,13.6,0.6478,0.6326,0.3161,4.6784,0.4006,0.5828,0.5373,-0.0332,0.6839,0.6262,0.3557,5.3262,0.4377,0.6695,0.5759,0.0316,0.6658,0.6294,0.3359,5.0023,0.4191,0.6262,0.5566,-0.0008,117.21,2295.54,0.6641,0.6476
2023-04-15,FARM0414,F,-7.756102,112.23249,311,3,48,8702,347.87,2.52,22.92,33.6,2.7,63.0,13.2,0.6447,0.5808,0.308,4.6295,0.3984,0.5963,0.5345,-0.0385,0.6676,0.6455,0.2519,5.0165,0.3543,0.5749,0.5156,0.0016,0.6562,0.6132,0.28,4.823,0.3763,0.5856,0.5251,-0.0184,112.79,2116.8,0.72,0.6347
2024-06-08,FARM0414,F,-7.756102,112.23249,311,4,52,8045,258.43,2.38,15.89,33.1,0.3,79.5,14.2,0.7364,0.6396,0.3262,6.5881,0.4542,0.7934,0.6101,0.137,0.6292,0.6392,0.296,4.3944,0.357,0.5573,0.5017,-0.0645,0.6828,0.6394,0.3111,5.4912,0.4056,0.6753,0.5559,0.0363,102.18,2631.45,0.6889000000000001,0.6611
2021-01-25,FARM0415,F,-7.733568,112.249411,721,1,52,10075,340.33,3.06,39.37,30.7,1.4,79.6,13.7,0.7052,0.6115,0.3665,5.7833,0.4076,0.7165,0.5671,0.0726,0.7022,0.6538,0.3478,5.7159,0.4077,0.6434,0.566,0.0668,0.7037,0.6327,0.3571,5.7496,0.4077,0.68,0.5665,0.0697,112.94,2443.72,0.6429,0.6682
2022-03-21,FARM0415,F,-7.733568,112.249411,721,2,52,10153,354.74,3.1,31.72,35.0,33.0,73.7,13.6,0.7257,0.5991,0.374,6.2901,0.4354,0.7144,0.5937,0.1143,0.666,0.6147,0.3628,4.9882,0.4292,0.5855,0.5626,-0.0012,0.6958,0.6069,0.3684,5.6392,0.4323,0.6499,0.5782,0.0565,117.05,2579.5,0.6315999999999999,0.65135
2023-05-15,FARM0415,F,-7.733568,112.249411,721,3,52,9455,331.24,2.78,20.86,31.8,0.3,68.3,14.0,0.6977,0.6137,0.409,5.6169,0.4372,0.7042,0.5821,0.0581,0.6796,0.6443,0.4175,5.2419,0.4305,0.6577,0.5697,0.0236,0.6887,0.629,0.4133,5.4294,0.4339,0.681,0.5759,0.0409,114.8,2171.94,0.5867,0.6588499999999999
2024-07-08,FARM0415,F,-7.733568,112.249411,721,4,52,9014,245.2,2.38,15.63,28.0,2.5,80.8,14.3,0.655,0.6874,0.3879,4.7975,0.4355,0.657,0.5608,-0.0207,0.7084,0.6873,0.4239,5.8599,0.4449,0.71,0.5916,0.0792,0.6817,0.6874,0.4059,5.3287,0.4402,0.6835,0.5762,0.0293,116.76,2262.4,0.5941000000000001,0.68455
2020-12-26,FARM0416,F,-7.763075,112.256991,251,1,48,9338,352.16,2.61,20.23,30.4,2.9,70.9,16.3,0.7168,0.6701,0.3764,6.0623,0.4297,0.7288,0.5862,0.096,0.6984,0.6645,0.3936,5.6305,0.4384,0.6547,0.5831,0.0593,0.7076,0.6673,0.385,5.8464,0.4341,0.6918,0.5847,0.0777,113.18,2155.36,0.615,0.68745
2022-03-21,FARM0416,F,-7.763075,112.256991,251,2,56,9699,329.92,2.9,27.92,35.0,2.7,70.9,14.0,0.7236,0.6529,0.3654,6.2362,0.4255,0.6953,0.5866,0.11,0.7104,0.5919,0.3045,5.9067,0.3887,0.6162,0.5568,0.0831,0.717,0.6224,0.335,6.0714,0.4071,0.6557,0.5717,0.0966,114.4,2481.5,0.665,0.6697
2023-06-14,FARM0416,F,-7.763075,112.256991,251,3,56,9113,268.02,2.68,13.52,30.5,5.6,77.1,14.4,0.6925,0.6921,0.3909,5.5047,0.4627,0.7017,0.5942,0.048,0.6384,0.6761,0.3635,4.5302,0.3875,0.5672,0.525,-0.0493,0.6654,0.6841,0.3772,5.0175,0.4251,0.6344,0.5596,-0.0006,109.11,2351.55,0.6228,0.67475
2024-09-06,FARM0416,F,-7.763075,112.256991,251,4,56,8929,279.71,2.29,12.96,28.6,0.7,68.4,15.7,0.7375,0.6498,0.327,6.6193,0.45,0.7127,0.608,0.1394,0.7324,0.6969,0.4253,6.4731,0.4453,0.6671,0.6028,0.1284,0.7349,0.6734,0.3761,6.5462,0.4476,0.6899,0.6054,0.1339,89.36,1956.24,0.6239,0.70415
2021-02-24,FARM0417,F,-7.760614,112.249194,324,1,56,9783,318.74,2.39,16.3,35.0,1.5,65.6,15.7,0.641,0.5576,0.3777,4.5704,0.3826,0.609,0.5232,-0.0449,0.6998,0.5829,0.404,5.6627,0.4052,0.6769,0.5633,0.0622,0.6704,0.5703,0.3908,5.1166,0.3939,0.6429,0.5432,0.0086,114.02,2296.0,0.6092,0.62035
2022-05-20,FARM0417,F,-7.760614,112.249194,324,2,56,9119,322.26,3.06,29.26,31.8,2.1,76.5,16.0,0.7461,0.6653,0.4194,6.8786,0.484,0.7668,0.6321,0.1581,0.7188,0.5871,0.3919,6.113,0.3939,0.6892,0.5638,0.1002,0.7325,0.6262,0.4056,6.4958,0.439,0.728,0.5979,0.1292,113.41,2432.7,0.5944,0.67935
2023-06-14,FARM0417,F,-7.760614,112.249194,324,3,48,9219,315.04,2.12,13.08,29.6,1.4,64.3,15.4,0.6331,0.5937,0.2963,4.4509,0.3824,0.5779,0.5196,-0.0581,0.7169,0.6203,0.3387,6.0651,0.4092,0.701,0.5733,0.0963,0.675,0.607,0.3175,5.258,0.3958,0.6394,0.5464,0.0191,93.69,1903.28,0.6825,0.641
2024-08-07,FARM0417,F,-7.760614,112.249194,324,4,52,9364,269.19,2.06,7.73,25.3,3.5,65.4,14.7,0.697,0.5527,0.2738,5.6013,0.3874,0.6852,0.5504,0.0567,0.7282,0.6722,0.3019,6.3591,0.4055,0.6763,0.5755,0.1196,0.7126,0.6125,0.2879,5.9802,0.3964,0.6808,0.563,0.0882,86.36,1654.62,0.7121,0.66255
2020-12-26,FARM0418,F,-7.758451,112.242841,561,1,48,9969,383.4,2.17,21.71,32.4,15.6,78.8,14.4,0.7051,0.5677,0.39,5.781,0.4115,0.6433,0.5696,0.0724,0.6399,0.5706,0.3146,4.5537,0.3584,0.5664,0.5071,-0.0467,0.6725,0.5691,0.3523,5.1674,0.385,0.6049,0.5384,0.0129,114.79,2553.12,0.6476999999999999,0.6208
2022-01-20,FARM0418,F,-7.758451,112.242841,561,2,48,8773,353.91,2.92,30.75,34.1,15.9,71.5,16.8,0.7198,0.6249,0.369,6.1389,0.4524,0.6862,0.6013,0.1022,0.6701,0.6346,0.3802,5.0633,0.4165,0.6281,0.5571,0.0063,0.695,0.6297,0.3746,5.6011,0.4344,0.6571,0.5792,0.0543,115.23,2438.15,0.6254,0.66235
2023-03-16,FARM0418,F,-7.758451,112.242841,561,3,52,9331,308.33,2.49,25.59,33.1,18.2,72.4,14.3,0.6818,0.6171,0.4339,5.2862,0.4501,0.7091,0.5819,0.0278,0.6739,0.6094,0.3275,5.1338,0.4147,0.601,0.5577,0.0132,0.6779,0.6132,0.3807,5.21,0.4324,0.655,0.5698,0.0205,112.84,2396.440000000001,0.6193,0.64555
2024-06-08,FARM0418,F,-7.758451,112.242841,561,4,56,8965,280.91,1.98,8.49,33.8,1.0,78.5,15.2,0.641,0.648,0.3495,4.5711,0.4014,0.6196,0.5347,-0.0448,0.7432,0.6123,0.3708,6.7893,0.4519,0.732,0.6118,0.1518,0.6921,0.6302,0.3601,5.6802,0.4267,0.6758,0.5732,0.0535,84.74,2653.3,0.6399,0.66115
2020-12-26,FARM0419,F,-7.731747,112.24775700000001,421,1,48,9079,310.94,2.51,17.41,28.7,10.0,72.1,13.6,0.689,0.5993,0.2813,5.4306,0.4069,0.6794,0.5597,0.0413,0.6139,0.5998,0.343,4.1804,0.342,0.4987,0.4853,-0.0893,0.6515,0.5996,0.3122,4.8055,0.3745,0.589,0.5225,-0.024,117.05,2069.27,0.6878,0.62555
2022-02-19,FARM0419,F,-7.731747,112.24775700000001,421,2,52,9881,328.27,2.58,20.83,34.7,9.7,76.7,13.3,0.7242,0.6137,0.3373,6.2511,0.4548,0.6873,0.6048,0.1112,0.7121,0.6592,0.3174,5.9472,0.4227,0.6263,0.5798,0.0865,0.7181,0.6364,0.3273,6.0991,0.4387,0.6568,0.5923,0.0989,113.25,2661.49,0.6727000000000001,0.6772499999999999
2023-05-15,FARM0419,F,-7.731747,112.24775700000001,421,3,56,8780,314.88,2.55,14.25,33.6,1.2,74.5,13.8,0.7032,0.6047,0.3933,5.7377,0.4601,0.6751,0.5979,0.0687,0.6976,0.6328,0.398,5.614,0.4256,0.6229,0.5751,0.0578,0.7004,0.6188,0.3957,5.6758,0.4428,0.649,0.5865,0.0633,103.51,2503.2,0.6043000000000001,0.6596
2024-07-08,FARM0419,F,-7.731747,112.24775700000001,421,4,52,8972,333.03,2.89,36.94,27.6,2.4,79.6,15.2,0.6572,0.5842,0.3291,4.8348,0.3876,0.6264,0.5335,-0.0168,0.6235,0.5849,0.2852,4.3126,0.3547,0.5086,0.4978,-0.0738,0.6404,0.5845,0.3071,4.5737,0.3711,0.5675,0.5156,-0.0453,114.3,2196.96,0.6929000000000001,0.6124499999999999
2021-02-24,FARM0420,F,-7.757503,112.264523,443,1,56,9633,311.96,2.48,24.96,33.7,6.5,77.2,16.1,0.6621,0.6542,0.4256,4.9182,0.4479,0.5992,0.5711,-0.0082,0.6953,0.6683,0.3992,5.563,0.4109,0.6002,0.565,0.0533,0.6787,0.6612,0.4124,5.2406,0.4294,0.5997,0.568,0.0225,115.97,2601.64,0.5876,0.66995
2022-04-20,FARM0420,F,-7.757503,112.264523,443,2,52,8362,304.78,2.75,18.76,35.0,1.1,62.5,13.8,0.713,0.6453,0.3299,5.9698,0.41,0.7255,0.5721,0.0884,0.7288,0.6882,0.338,6.3758,0.4354,0.6726,0.5952,0.1209,0.7209,0.6668,0.334,6.1728,0.4227,0.699,0.5837,0.1047,114.07,2187.5,0.6659999999999999,0.69385
2023-06-14,FARM0420,F,-7.757503,112.264523,443,3,52,8170,281.78,2.42,16.92,30.5,9.1,75.6,15.4,0.6497,0.5736,0.2964,4.7096,0.3838,0.6122,0.5278,-0.0299,0.7004,0.6175,0.3882,5.6752,0.3886,0.6043,0.5526,0.0632,0.675,0.5956,0.3423,5.1924,0.3862,0.6083,0.5402,0.0167,114.01,2305.8,0.6577,0.6353
2024-08-07,FARM0420,F,-7.757503,112.264523,443,4,52,8813,311.21,2.05,10.86,26.4,0.3,76.9,14.3,0.6423,0.6225,0.3643,4.591,0.3694,0.6055,0.5153,-0.0426,0.7157,0.6087,0.3087,6.0341,0.4034,0.6545,0.5689,0.0937,0.679,0.6156,0.3365,5.3125,0.3864,0.63,0.5421,0.0255,84.86,2030.16,0.6635,0.6473
2020-12-26,FARM0421,F,-7.769808,112.238608,332,1,48,8920,320.7,2.36,13.28,32.5,5.9,79.3,16.3,0.7165,0.6664,0.3966,6.0541,0.4623,0.7216,0.6055,0.0954,0.7438,0.5842,0.3958,6.806,0.4188,0.65,0.5909,0.153,0.7301,0.6253,0.3962,6.4301,0.4405,0.6858,0.5982,0.1242,110.39,2577.25,0.6038,0.6777
2022-01-20,FARM0421,F,-7.769808,112.238608,332,2,48,8994,289.93,2.19,13.1,30.0,22.2,73.7,13.2,0.6803,0.6844,0.4123,5.2552,0.4584,0.7076,0.5858,0.0249,0.758,0.6963,0.4553,7.2635,0.4643,0.7561,0.626,0.1846,0.7191,0.6904,0.4338,6.2594,0.4614,0.7319,0.6059,0.1047,104.53,2211.0,0.5662,0.70475
2023-04-15,FARM0421,F,-7.769808,112.238608,332,3,56,8449,298.65,2.28,14.5,34.3,0.5,62.6,13.2,0.6412,0.6445,0.2936,4.5734,0.3911,0.5702,0.5285,-0.0446,0.6503,0.5988,0.3076,4.7188,0.3971,0.5424,0.5363,-0.0289,0.6457,0.6216,0.3006,4.6461,0.3941,0.5563,0.5324,-0.0367,95.19,2147.18,0.6994,0.63365
2024-07-08,FARM0421,F,-7.769808,112.238608,332,4,56,8258,294.35,1.87,7.88,30.5,3.1,79.8,14.1,0.6533,0.6198,0.372,4.768,0.4463,0.6555,0.5658,-0.0238,0.6536,0.5747,0.2983,4.7731,0.3509,0.5888,0.5076,-0.0232,0.6534,0.5973,0.3352,4.7705,0.3986,0.6221,0.5367,-0.0235,86.0,2433.9,0.6648000000000001,0.6253500000000001
2021-02-24,FARM0422,F,-7.741798,112.241232,781,1,56,9498,367.88,2.84,26.66,31.6,11.9,77.3,14.1,0.6504,0.6476,0.3847,4.7203,0.3747,0.5814,0.5223,-0.0288,0.6878,0.6608,0.284,5.406,0.3769,0.5711,0.5395,0.039,0.6691,0.6542,0.3344,5.0631,0.3758,0.5763,0.5309,0.0051,116.45,2442.68,0.6656,0.6616500000000001
2022-03-21,FARM0422,F,-7.741798,112.241232,781,2,48,8870,316.29,2.33,21.17,32.8,0.6,72.1,16.8,0.6814,0.6512,0.3956,5.2777,0.3988,0.6251,0.5512,0.027,0.6771,0.5756,0.3006,5.1931,0.3867,0.6245,0.5415,0.0189,0.6792,0.6134,0.3481,5.2354,0.3928,0.6248,0.5464,0.023,113.75,2364.88,0.6518999999999999,0.6463
2023-05-15,FARM0422,F,-7.741798,112.241232,781,3,52,9888,319.63,2.28,14.34,35.0,0.0,79.8,16.5,0.641,0.6844,0.3385,4.5704,0.426,0.6114,0.5487,-0.0449,0.6579,0.6212,0.2635,4.847,0.3593,0.5562,0.5152,-0.0155,0.6495,0.6528,0.301,4.7087,0.3926,0.5838,0.5319,-0.0302,117.01,2793.0,0.6990000000000001,0.65115
2024-06-08,FARM0422,F,-7.741798,112.241232,781,4,48,8423,284.34,2.44,18.74,34.7,0.3,75.8,13.7,0.7099,0.6421,0.3525,5.8939,0.4317,0.6556,0.5844,0.0821,0.6984,0.6777,0.3127,5.6321,0.392,0.5926,0.554,0.0594,0.7042,0.6599,0.3326,5.763,0.4118,0.6241,0.5692,0.0708,114.04,2630.26,0.6674,0.68205
2021-02-24,FARM0423,F,-7.752317,112.260523,228,1,56,9797,329.12,2.58,27.56,35.0,15.9,66.1,14.2,0.6852,0.6064,0.4122,5.3525,0.4256,0.6561,0.5694,0.034,0.623,0.6433,0.2902,4.3044,0.3505,0.4918,0.4948,-0.0748,0.6541,0.6249,0.3512,4.8284,0.388,0.574,0.5321,-0.0204,115.01,2313.5,0.6488,0.6395
2022-03-21,FARM0423,F,-7.752317,112.260523,228,2,48,8407,309.09,2.58,21.25,35.0,15.3,77.1,15.8,0.6697,0.6341,0.4187,5.0545,0.4371,0.6469,0.5688,0.0054,0.7274,0.6486,0.3552,6.3374,0.4403,0.6624,0.5975,0.118,0.6985,0.6413,0.387,5.696,0.4387,0.6547,0.5832,0.0617,117.19,2698.5,0.613,0.6698999999999999
2023-04-15,FARM0423,F,-7.752317,112.260523,228,3,48,8011,323.45,2.44,17.89,35.0,5.4,71.4,14.0,0.6849,0.5961,0.3211,5.3472,0.4131,0.631,0.5617,0.0336,0.7275,0.6944,0.4026,6.3388,0.4455,0.7023,0.6007,0.1181,0.7062,0.6452,0.3619,5.843,0.4293,0.6666,0.5812,0.0758,114.58,2499.0,0.6381,0.6757
2024-05-09,FARM0423,F,-7.752317,112.260523,228,4,48,7992,285.06,2.59,14.0,34.6,0.1,73.4,14.8,0.7078,0.5935,0.3543,5.8456,0.4427,0.6722,0.59,0.078,0.7227,0.6943,0.3331,6.2129,0.4485,0.6461,0.6003,0.1082,0.7153,0.6439,0.3437,6.0293,0.4456,0.6592,0.5952,0.0931,92.56,2539.64,0.6563,0.6796
2020-12-26,FARM0424,F,-7.733242,112.257953,342,1,48,9400,324.99,2.6,20.89,30.9,2.2,61.7,16.8,0.7103,0.6144,0.3079,5.9033,0.3927,0.6424,0.5594,0.0828,0.7115,0.6281,0.4257,5.9323,0.4402,0.7053,0.5902,0.0853,0.7109,0.6212,0.3668,5.9178,0.4164,0.6738,0.5748,0.0841,114.23,1906.53,0.6332,0.66605
2022-02-19,FARM0424,F,-7.733242,112.257953,342,2,52,9756,322.01,2.37,15.36,35.0,4.5,76.9,16.6,0.6957,0.6854,0.3958,5.5721,0.4544,0.6716,0.5911,0.0541,0.7053,0.6451,0.3819,5.7874,0.4434,0.686,0.5893,0.073,0.7005,0.6653,0.3888,5.6797,0.4489,0.6788,0.5902,0.0636,115.45,2691.5,0.6112,0.6829000000000001
2023-04-15,FARM0424,F,-7.733242,112.257953,342,3,52,9489,275.32,2.92,22.37,35.0,1.4,71.9,13.1,0.7159,0.6438,0.3759,6.0409,0.4441,0.697,0.5946,0.0943,0.633,0.6241,0.3114,4.4493,0.3587,0.5439,0.5044,-0.0583,0.6745,0.6339,0.3437,5.2451,0.4014,0.6204,0.5495,0.018,116.48,2516.5,0.6563,0.6542
2024-05-09,FARM0424,F,-7.733242,112.257953,342,4,48,8643,278.14,2.11,13.8,32.4,1.3,69.0,16.1,0.653,0.56,0.2842,4.7632,0.3822,0.6297,0.5282,-0.0243,0.6321,0.5924,0.2857,4.4359,0.3699,0.5666,0.5113,-0.0598,0.6425,0.5762,0.285,4.5995,0.376,0.5982,0.5197,-0.042,89.54,2235.6,0.7150000000000001,0.6093500000000001
2020-12-26,FARM0425,F,-7.760397,112.235108,757,1,48,8772,377.5,2.76,20.62,28.7,14.1,66.5,13.6,0.6156,0.6421,0.3907,4.2026,0.3664,0.5167,0.5018,-0.0867,0.6314,0.5809,0.407,4.4254,0.3689,0.5133,0.5104,-0.061,0.6235,0.6115,0.3989,4.314,0.3677,0.515,0.5061,-0.0738,116.54,1908.55,0.6011,0.6175
2022-02-19,FARM0425,F,-7.760397,112.235108,757,2,52,9099,300.66,2.68,21.56,32.8,23.2,63.3,13.1,0.6968,0.5989,0.3348,5.5969,0.3978,0.6684,0.5572,0.0563,0.7189,0.6152,0.3508,6.1154,0.3851,0.6484,0.5578,0.1004,0.7079,0.607,0.3428,5.8562,0.3915,0.6584,0.5575,0.0783,113.71,2076.24,0.6572,0.65745
2023-03-16,FARM0425,F,-7.760397,112.235108,757,3,48,9766,305.13,2.75,21.47,35.0,18.0,64.6,13.5,0.6658,0.6699,0.4168,4.9853,0.4533,0.6201,0.5758,-0.0015,0.649,0.6582,0.2915,4.6977,0.3803,0.5804,0.5253,-0.0312,0.6574,0.6641,0.3542,4.8415,0.4168,0.6002,0.5506,-0.0163,116.51,2261.0,0.6457999999999999,0.66075
2024-06-08,FARM0425,F,-7.760397,112.235108,757,4,56,8287,293.22,2.72,13.82,31.2,1.0,77.0,14.6,0.6366,0.5784,0.3324,4.5039,0.3694,0.5961,0.513,-0.0522,0.6593,0.651,0.2761,4.8697,0.3565,0.525,0.5138,-0.0132,0.6479,0.6147,0.3043,4.6868,0.363,0.5606,0.5134,-0.0327,91.5,2402.4,0.6957,0.6313
2021-01-25,FARM0426,F,-7.749,112.256514,265,1,52,9510,313.61,2.77,29.95,30.9,1.1,76.4,14.9,0.7227,0.6263,0.4379,6.213,0.4642,0.6883,0.6096,0.1082,0.6316,0.5919,0.3328,4.429,0.351,0.5072,0.4987,-0.0606,0.6772,0.6091,0.3853,5.321,0.4076,0.5977,0.5541,0.0238,116.94,2360.76,0.6147,0.64315
2022-02-19,FARM0426,F,-7.749,112.256514,265,2,48,9739,321.65,2.89,24.75,31.6,8.4,67.9,16.3,0.6533,0.651,0.3726,4.7688,0.3986,0.6083,0.5386,-0.0237,0.6562,0.596,0.2981,4.8168,0.3617,0.6013,0.5161,-0.0187,0.6547,0.6235,0.3353,4.7928,0.3802,0.6048,0.5274,-0.0212,115.07,2145.64,0.6647000000000001,0.6391
2023-04-15,FARM0426,F,-7.749,112.256514,265,3,52,8621,318.99,2.82,27.39,33.9,0.3,78.0,15.8,0.6801,0.6512,0.3708,5.2516,0.4135,0.602,0.5598,0.0245,0.6793,0.5733,0.3757,5.2359,0.368,0.5575,0.5299,0.0231,0.6797,0.6123,0.3732,5.2438,0.3907,0.5797,0.5448,0.0238,112.94,2644.2,0.6268,0.6459999999999999
2024-05-09,FARM0426,F,-7.749,112.256514,265,4,48,8541,293.21,2.41,15.26,35.0,1.0,80.0,14.3,0.6627,0.6937,0.4146,4.9286,0.4424,0.6266,0.5683,-0.0072,0.6929,0.589,0.3928,5.513,0.3995,0.5952,0.5566,0.0488,0.6778,0.6413,0.4037,5.2208,0.4209,0.6109,0.5625,0.0208,107.33,2800.0,0.5963,0.65955
2020-12-26,FARM0427,F,-7.740454,112.266714,677,1,48,8731,339.52,2.82,29.6,28.5,2.4,72.8,16.0,0.6805,0.6454,0.3861,5.2588,0.4602,0.6576,0.5868,0.0252,0.728,0.6212,0.3619,6.3536,0.4214,0.6477,0.5859,0.1192,0.7042,0.6333,0.374,5.8062,0.4408,0.6527,0.5864,0.0722,115.52,2074.8,0.626,0.66875
2022-01-20,FARM0427,F,-7.740454,112.266714,677,2,48,9015,269.83,2.15,14.96,33.6,0.0,78.1,17.0,0.6394,0.6562,0.3542,4.547,0.3761,0.5428,0.5185,-0.0474,0.6904,0.659,0.3856,5.4593,0.4285,0.6293,0.5736,0.0439,0.6649,0.6576,0.3699,5.0032,0.4023,0.586,0.546,-0.0018,112.27,2624.16,0.6301,0.66125
2023-04-15,FARM0427,F,-7.740454,112.266714,677,3,56,8853,296.77,2.43,18.16,35.0,1.1,62.4,14.6,0.6569,0.6432,0.3971,4.829,0.3982,0.5711,0.5399,-0.0174,0.696,0.583,0.3969,5.5796,0.3844,0.5964,0.5479,0.0548,0.6765,0.6131,0.397,5.2043,0.3913,0.5838,0.5439,0.0187,114.96,2184.0,0.603,0.6448
2024-06-08,FARM0427,F,-7.740454,112.266714,677,4,52,8640,278.81,2.66,19.04,34.0,0.9,61.4,15.6,0.6801,0.6924,0.4464,5.2519,0.4604,0.6566,0.5868,0.0246,0.7291,0.6331,0.4353,6.3835,0.448,0.6544,0.603,0.1215,0.7046,0.6628,0.4409,5.8177,0.4542,0.6555,0.5949,0.0731,115.83,2087.6,0.5590999999999999,0.6837
2020-12-26,FARM0428,F,-7.736261,112.238058,790,1,48,9492,320.68,3.32,38.55,31.8,1.6,80.5,14.4,0.7017,0.6382,0.3556,5.7046,0.4165,0.68,0.5713,0.0658,0.6355,0.6648,0.3538,4.4872,0.357,0.5628,0.5043,-0.054,0.6686,0.6515,0.3547,5.0959,0.3867,0.6214,0.5378,0.0059,115.32,2559.9,0.6453,0.66005
2022-03-21,FARM0428,F,-7.736261,112.238058,790,2,56,9057,348.86,2.79,38.07,33.9,14.8,77.9,16.9,0.6627,0.6343,0.3839,4.9293,0.4198,0.6339,0.5555,-0.0071,0.7574,0.6987,0.3192,7.2456,0.4429,0.749,0.6124,0.1834,0.7101,0.6665,0.3516,6.0874,0.4313,0.6915,0.584,0.0881,115.61,2640.81,0.6484,0.6882999999999999
2023-05-15,FARM0428,F,-7.736261,112.238058,790,3,52,8876,324.11,2.39,23.99,35.0,0.0,63.2,16.9,0.6769,0.5906,0.3536,5.1895,0.3825,0.5958,0.5387,0.0186,0.7095,0.5911,0.3682,5.8837,0.3945,0.6374,0.5603,0.0812,0.6932,0.5909,0.3609,5.5366,0.3885,0.6166,0.5495,0.0499,112.93,2212.0,0.6391,0.64205
2024-07-08,FARM0428,F,-7.736261,112.238058,790,4,52,9768,268.17,2.7,20.76,30.3,6.4,77.4,14.7,0.7253,0.6273,0.3974,6.2796,0.4481,0.6967,0.6013,0.1134,0.6859,0.6111,0.3431,5.3668,0.3682,0.6043,0.5327,0.0354,0.7056,0.6192,0.3702,5.8232,0.4082,0.6505,0.567,0.0744,116.34,2345.22,0.6298,0.6624
2021-01-25,FARM0429,F,-7.749162,112.255522,565,1,52,10535,354.6,3.39,30.42,30.2,14.3,65.5,16.2,0.7242,0.6755,0.3167,6.2509,0.446,0.7145,0.5996,0.1112,0.6637,0.6405,0.3168,4.9466,0.3961,0.5783,0.5417,-0.0054,0.6939,0.658,0.3168,5.5988,0.4211,0.6464,0.5706,0.0529,113.96,1978.1,0.6832,0.67595
2022-04-20,FARM0429,F,-7.749162,112.255522,565,2,56,10036,310.2,2.98,25.37,34.2,0.7,66.3,13.6,0.6691,0.6138,0.4076,5.0449,0.4071,0.6437,0.5509,0.0045,0.7217,0.6657,0.4037,6.1863,0.4159,0.6934,0.5797,0.1061,0.6954,0.6398,0.4057,5.6156,0.4115,0.6685,0.5653,0.0553,114.21,2267.46,0.5943,0.6676
2023-07-14,FARM0429,F,-7.749162,112.255522,565,3,56,9728,297.87,2.35,25.15,27.9,0.2,67.5,14.1,0.6955,0.6569,0.3881,5.5691,0.4329,0.6836,0.5786,0.0538,0.67,0.6677,0.2797,5.0604,0.3814,0.6094,0.5351,0.006,0.6828,0.6623,0.3339,5.3148,0.4072,0.6465,0.5568,0.0299,114.47,1883.25,0.6661,0.67255
2024-10-06,FARM0429,F,-7.749162,112.255522,565,4,56,10012,272.81,2.7,26.14,27.6,2.4,78.0,15.9,0.6924,0.6616,0.4495,5.5019,0.4629,0.6994,0.5942,0.0478,0.6583,0.6701,0.3714,4.853,0.3889,0.5701,0.5348,-0.0149,0.6753,0.6659,0.4105,5.1774,0.4259,0.6348,0.5645,0.0164,114.24,2152.8,0.5895,0.6706000000000001
2020-12-26,FARM0430,F,-7.743975,112.2499,700,1,48,9266,315.11,2.93,27.62,31.5,5.5,79.8,16.9,0.6252,0.6415,0.4104,4.3357,0.3961,0.5829,0.5241,-0.0712,0.6259,0.5666,0.3401,4.3459,0.3499,0.5263,0.4956,-0.07,0.6255,0.604,0.3753,4.3408,0.373,0.5546,0.5099,-0.0706,113.67,2513.7,0.6247,0.6147499999999999
2022-02-19,FARM0430,F,-7.743975,112.2499,700,2,52,9544,340.48,2.22,18.7,32.1,7.3,76.2,13.8,0.7178,0.6428,0.3557,6.086,0.4314,0.6736,0.5877,0.098,0.6837,0.6361,0.2918,5.3222,0.3688,0.6154,0.5322,0.0312,0.7007,0.6394,0.3237,5.7041,0.4001,0.6445,0.56,0.0646,113.14,2446.02,0.6763,0.67005
2023-05-15,FARM0430,F,-7.743975,112.2499,700,3,56,8641,288.83,2.09,14.3,34.8,4.7,72.1,15.4,0.7179,0.6248,0.3265,6.0903,0.4241,0.7444,0.5832,0.0983,0.6751,0.6264,0.3879,5.1565,0.3942,0.6347,0.5455,0.0154,0.6965,0.6256,0.3572,5.6234,0.4091,0.6895,0.5644,0.0569,97.76,2509.079999999999,0.6428,0.66105
2024-06-08,FARM0430,F,-7.743975,112.2499,700,4,48,8087,245.57,2.47,13.86,31.1,0.1,71.2,16.4,0.6704,0.6331,0.2853,5.0677,0.3939,0.5814,0.5433,0.0067,0.6367,0.6273,0.2608,4.5048,0.3528,0.5204,0.5021,-0.0521,0.6535,0.6302,0.2731,4.7863,0.3734,0.5509,0.5227,-0.0227,85.53,2214.32,0.7269,0.64185
2020-12-26,FARM0431,F,-7.742523,112.260386,261,1,48,9602,351.72,2.71,20.33,29.8,4.7,66.4,15.3,0.6105,0.6371,0.3519,4.1348,0.366,0.5578,0.4993,-0.0947,0.6673,0.5864,0.3627,5.0112,0.3703,0.5961,0.5265,0.0011,0.6389,0.6117,0.3573,4.573,0.3682,0.5769,0.5129,-0.0468,116.03,1978.72,0.6427,0.6253
2022-02-19,FARM0431,F,-7.742523,112.260386,261,2,52,8628,348.43,2.38,13.13,35.0,34.0,62.6,14.1,0.7136,0.6646,0.349,5.983,0.4326,0.6917,0.5866,0.0895,0.6521,0.6237,0.3482,4.7494,0.4121,0.5625,0.5461,-0.0257,0.6829,0.6441,0.3486,5.3662,0.4224,0.6271,0.5663,0.0319,94.21,2191.0,0.6514,0.6635
2023-03-16,FARM0431,F,-7.742523,112.260386,261,3,48,8441,351.34,2.4,25.44,32.6,0.5,74.4,13.7,0.6636,0.663,0.4143,4.9461,0.4487,0.6287,0.5722,-0.0054,0.7262,0.6121,0.2593,6.3045,0.378,0.6925,0.5556,0.1154,0.6949,0.6376,0.3368,5.6253,0.4133,0.6606,0.5639,0.055,116.64,2425.440000000001,0.6632,0.66625
2024-04-09,FARM0431,F,-7.742523,112.260386,261,4,48,8123,286.55,2.46,12.36,34.7,5.9,78.2,16.8,0.7119,0.644,0.3713,5.9424,0.4009,0.7221,0.5657,0.0861,0.7255,0.6911,0.3315,6.2863,0.4182,0.6325,0.5827,0.114,0.7187,0.6675,0.3514,6.1143,0.4095,0.6773,0.5742,0.1,84.34,2713.54,0.6486000000000001,0.6931
2021-01-25,FARM0432,F,-7.760834,112.24509,509,1,52,8781,354.94,2.57,26.03,30.6,1.0,71.6,16.1,0.6804,0.5913,0.3181,5.2584,0.3949,0.6307,0.5483,0.0252,0.7125,0.6139,0.3434,5.9562,0.4224,0.6766,0.5798,0.0873,0.6965,0.6026,0.3307,5.6073,0.4086,0.6536,0.564,0.0562,115.35,2190.96,0.6693,0.6495500000000001
2022-02-19,FARM0432,F,-7.760834,112.24509,509,2,48,9687,316.61,2.09,9.36,34.3,0.6,65.6,15.1,0.6591,0.6365,0.3312,4.866,0.4321,0.6376,0.5608,-0.0136,0.7158,0.6096,0.3806,6.0368,0.3726,0.6409,0.5476,0.0939,0.6874,0.6231,0.3559,5.4514,0.4023,0.6393,0.5542,0.0402,84.84,2250.079999999999,0.6441,0.65525
2023-03-16,FARM0432,F,-7.760834,112.24509,509,3,48,9174,298.67,2.48,23.89,33.7,0.5,74.9,13.8,0.7439,0.6658,0.416,6.8092,0.4804,0.7143,0.6289,0.1532,0.6741,0.6117,0.408,5.1367,0.3979,0.6281,0.5475,0.0135,0.709,0.6387,0.412,5.973,0.4391,0.6712,0.5882,0.0833,113.34,2524.130000000001,0.5880000000000001,0.6738500000000001
2024-05-09,FARM0432,F,-7.760834,112.24509,509,4,52,9321,305.89,2.24,13.03,34.5,2.0,62.4,14.3,0.6672,0.5939,0.3369,5.0092,0.4033,0.6343,0.5477,0.0009,0.6383,0.5888,0.3123,4.53,0.3656,0.5225,0.5112,-0.0493,0.6528,0.5914,0.3246,4.7696,0.3845,0.5784,0.5295,-0.0242,89.86,2152.8,0.6754,0.6221000000000001
2021-02-24,FARM0433,G,-7.802576,112.316991,709,1,56,10014,361.05,2.54,21.05,28.3,12.4,82.7,16.3,0.696,0.6593,0.4202,5.5788,0.4102,0.6359,0.5648,0.0547,0.6915,0.5787,0.4527,5.4829,0.3703,0.6343,0.5364,0.0461,0.6937,0.619,0.4364,5.5309,0.3902,0.6351,0.5506,0.0504,117.22,2340.41,0.5636,0.65635
2022-05-20,FARM0433,G,-7.802576,112.316991,709,2,56,9743,322.28,2.5,14.86,28.2,2.1,80.2,15.7,0.6535,0.5867,0.3875,4.7722,0.4212,0.6539,0.552,-0.0233,0.7339,0.6892,0.4403,6.5171,0.4222,0.6573,0.589,0.1317,0.6937,0.6379,0.4139,5.6447,0.4217,0.6556,0.5705,0.0542,113.3,2261.64,0.5861000000000001,0.6658
2023-08-13,FARM0433,G,-7.802576,112.316991,709,3,56,9267,288.18,2.48,18.11,20.2,1.3,77.1,13.6,0.649,0.6152,0.4292,4.6981,0.4047,0.5865,0.5403,-0.0311,0.7056,0.6842,0.4473,5.7945,0.4393,0.6408,0.587,0.0736,0.6773,0.6497,0.4383,5.2463,0.422,0.6137,0.5637,0.0212,115.54,1557.42,0.5617,0.6635
2024-09-06,FARM0433,G,-7.802576,112.316991,709,4,48,8730,301.09,1.96,8.4,20.0,0.4,79.4,13.6,0.7312,0.6116,0.4288,6.4391,0.463,0.7837,0.6128,0.1258,0.7292,0.6913,0.4574,6.3846,0.461,0.6699,0.6107,0.1216,0.7302,0.6514,0.4431,6.4119,0.462,0.7268,0.6118,0.1237,83.74,1588.0,0.5569,0.6908
2021-01-25,FARM0434,G,-7.784968,112.311391,704,1,52,10672,345.66,3.07,29.56,24.9,5.6,74.2,15.1,0.7164,0.615,0.4923,6.0522,0.4453,0.6615,0.5956,0.0952,0.689,0.6627,0.4144,5.4305,0.4062,0.6254,0.5592,0.0413,0.7027,0.6388,0.4534,5.7414,0.4258,0.6434,0.5774,0.0682,117.11,1847.58,0.5466,0.67075
2022-04-20,FARM0434,G,-7.784968,112.311391,704,2,56,9374,331.73,2.96,32.33,24.7,3.1,81.9,14.6,0.6581,0.667,0.4298,4.8491,0.4093,0.5975,0.5472,-0.0153,0.6986,0.6723,0.3625,5.6349,0.4128,0.6392,0.5676,0.0597,0.6783,0.6696,0.3962,5.242,0.4111,0.6183,0.5574,0.0222,112.82,2022.93,0.6038,0.67395
2023-07-14,FARM0434,G,-7.784968,112.311391,704,3,56,9613,326.94,2.71,27.7,21.1,0.2,70.9,14.1,0.6509,0.6698,0.3769,4.7286,0.4356,0.585,0.5588,-0.0279,0.6623,0.6885,0.3916,4.9225,0.4137,0.6186,0.5518,-0.0078,0.6566,0.6792,0.3843,4.8255,0.4246,0.6018,0.5553,-0.0179,114.06,1495.99,0.6157,0.6678999999999999
2024-10-06,FARM0434,G,-7.784968,112.311391,704,4,56,9406,313.31,2.71,20.27,20.3,0.4,72.7,16.2,0.677,0.6059,0.4005,5.1923,0.4413,0.6141,0.5747,0.0189,0.768,0.6546,0.5124,7.6189,0.4676,0.7382,0.6325,0.2075,0.7225,0.6302,0.4564,6.4056,0.4544,0.6761,0.6036,0.1132,114.62,1475.81,0.5436000000000001,0.67635
2020-12-26,FARM0435,G,-7.794239,112.316761,742,1,48,10322,359.34,2.38,25.53,24.5,9.6,78.9,14.8,0.6838,0.634,0.4385,5.3251,0.4227,0.6689,0.567,0.0315,0.6524,0.6731,0.4251,4.7534,0.3688,0.5781,0.5193,-0.0253,0.6681,0.6535,0.4318,5.0392,0.3957,0.6235,0.5432,0.0031,113.24,1933.05,0.5682,0.6608
2022-01-20,FARM0435,G,-7.794239,112.316761,742,2,48,9091,304.89,2.14,13.67,21.7,16.1,78.6,13.2,0.6581,0.6702,0.5066,4.8491,0.4557,0.606,0.5732,-0.0153,0.7161,0.7105,0.4327,6.0438,0.4457,0.7161,0.5956,0.0945,0.6871,0.6903,0.4697,5.4465,0.4507,0.661,0.5844,0.0396,98.06,1705.62,0.5303,0.6887000000000001
2023-04-15,FARM0435,G,-7.794239,112.316761,742,3,56,8857,288.59,2.4,14.51,29.1,11.1,69.9,14.9,0.6608,0.5931,0.4198,4.8963,0.4175,0.6206,0.5533,-0.0105,0.6734,0.6779,0.4865,5.1237,0.4111,0.6454,0.5553,0.0122,0.6671,0.6355,0.4532,5.01,0.4143,0.633,0.5543,0.0009,107.41,2034.09,0.5468,0.6513
2024-05-09,FARM0435,G,-7.794239,112.316761,742,4,48,9614,326.6,2.19,20.15,23.5,1.2,76.4,16.6,0.6999,0.6157,0.4332,5.6644,0.4769,0.6641,0.6055,0.0623,0.6609,0.5943,0.3509,4.8986,0.39,0.5483,0.5367,-0.0102,0.6804,0.605,0.392,5.2815,0.4335,0.6062,0.5711,0.026,113.01,1795.4,0.608,0.6427
2021-01-25,FARM0436,G,-7.789864,112.282763,598,1,52,9918,332.45,2.46,14.1,24.2,17.0,67.5,16.7,0.7109,0.651,0.3861,5.9176,0.4017,0.6375,0.5657,0.084,0.7332,0.6305,0.3873,6.4968,0.4474,0.7249,0.6045,0.1302,0.7221,0.6408,0.3867,6.2072,0.4246,0.6812,0.5851,0.1071,114.95,1633.5,0.6133,0.68145
2022-02-19,FARM0436,G,-7.789864,112.282763,598,2,48,9935,316.86,2.42,14.51,28.7,17.4,69.7,13.9,0.6732,0.6264,0.484,5.1208,0.4599,0.6747,0.5831,0.0119,0.7519,0.6744,0.4376,7.0625,0.459,0.7123,0.62,0.171,0.7126,0.6504,0.4608,6.0917,0.4595,0.6935,0.6016,0.0915,114.83,2000.39,0.5392,0.6815
2023-04-15,FARM0436,G,-7.789864,112.282763,598,3,52,9423,272.18,2.41,19.53,30.0,0.1,67.0,16.7,0.7044,0.6472,0.4111,5.7668,0.4749,0.7447,0.6067,0.0712,0.7267,0.6263,0.4486,6.3177,0.4513,0.6523,0.6039,0.1164,0.7156,0.6367,0.4299,6.0423,0.4631,0.6985,0.6053,0.0938,113.25,2010.0,0.5701,0.67615
2024-07-08,FARM0436,G,-7.789864,112.282763,598,4,56,8638,259.37,2.52,18.77,23.8,2.7,69.3,15.0,0.6691,0.6858,0.4164,5.0436,0.4631,0.626,0.5827,0.0043,0.6842,0.6571,0.3403,5.3329,0.3818,0.563,0.5413,0.0322,0.6766,0.6714,0.3784,5.1882,0.4224,0.5945,0.562,0.0183,116.28,1649.34,0.6215999999999999,0.6739999999999999
2021-02-24,FARM0437,G,-7.801176,112.286383,226,1,56,9890,350.95,2.81,21.15,25.2,0.6,76.3,13.1,0.6829,0.6751,0.4208,5.3069,0.4614,0.6665,0.5887,0.0298,0.6753,0.7075,0.4376,5.1589,0.4366,0.589,0.5712,0.0156,0.6791,0.6913,0.4292,5.2329,0.449,0.6277,0.5799,0.0227,117.19,1922.76,0.5708,0.6852
2022-05-20,FARM0437,G,-7.801176,112.286383,226,2,56,8871,309.47,2.47,23.86,27.0,0.0,81.1,14.2,0.7006,0.5604,0.4286,5.6794,0.4051,0.6927,0.5636,0.0636,0.7569,0.6415,0.412,7.2264,0.4707,0.7582,0.6294,0.1821,0.7287,0.6009,0.4203,6.4529,0.4379,0.7255,0.5965,0.1229,114.46,2189.7,0.5797,0.6648000000000001
2023-08-13,FARM0437,G,-7.801176,112.286383,226,3,56,9514,310.16,1.98,12.47,20.6,3.1,81.4,16.0,0.7211,0.6846,0.4967,6.1706,0.4657,0.7513,0.6097,0.1048,0.6785,0.6624,0.452,5.2209,0.4432,0.6159,0.5765,0.0216,0.6998,0.6735,0.4744,5.6958,0.4545,0.6836,0.5931,0.0632,88.51,1676.84,0.5256000000000001,0.68665
2024-11-05,FARM0437,G,-7.801176,112.286383,226,4,56,9102,256.43,2.12,7.93,20.0,2.8,79.8,15.8,0.6853,0.6386,0.428,5.356,0.4559,0.6619,0.5869,0.0344,0.6515,0.6611,0.384,4.7394,0.3641,0.5866,0.5158,-0.0268,0.6684,0.6498,0.406,5.0477,0.41,0.6243,0.5514,0.0038,85.1,1596.0,0.594,0.6591
2020-12-26,FARM0438,G,-7.796606,112.311042,426,1,48,10109,298.55,2.91,18.13,23.8,6.2,82.3,13.4,0.6298,0.6744,0.4455,4.4018,0.3992,0.5678,0.5281,-0.0636,0.7222,0.6025,0.3737,6.2006,0.422,0.7133,0.5838,0.1072,0.676,0.6385,0.4096,5.3012,0.4106,0.6405,0.556,0.0218,113.13,1958.74,0.5904,0.65725
2022-03-21,FARM0438,G,-7.796606,112.311042,426,2,56,10210,317.45,2.58,18.05,30.0,18.1,72.8,13.3,0.6706,0.5797,0.3506,5.071,0.3869,0.6171,0.5389,0.0071,0.6953,0.6014,0.3768,5.5648,0.4241,0.6583,0.5732,0.0535,0.683,0.5906,0.3637,5.3179,0.4055,0.6377,0.556,0.0303,113.81,2184.0,0.6363,0.6368
2023-04-15,FARM0438,G,-7.796606,112.311042,426,3,48,9592,266.11,2.12,14.03,25.3,0.8,84.7,15.2,0.7265,0.6443,0.4043,6.3115,0.4699,0.7345,0.6146,0.1159,0.6248,0.6583,0.4305,4.3302,0.3477,0.5529,0.4937,-0.0718,0.6756,0.6513,0.4174,5.3208,0.4088,0.6437,0.5541,0.0221,108.05,2142.91,0.5826,0.66345
2024-07-08,FARM0438,G,-7.796606,112.311042,426,4,56,9380,269.24,2.25,13.08,20.0,1.3,68.1,15.6,0.6916,0.6367,0.4481,5.4841,0.4708,0.6758,0.598,0.0462,0.668,0.6046,0.3578,5.0246,0.404,0.6093,0.5485,0.0024,0.6798,0.6207,0.4029,5.2543,0.4374,0.6426,0.5733,0.0243,86.12,1362.0,0.5971,0.65025
2021-01-25,FARM0439,G,-7.815014,112.300299,633,1,52,10158,320.7,3.11,20.67,22.7,2.0,78.7,14.2,0.617,0.5618,0.4306,4.2223,0.3761,0.5262,0.5084,-0.0843,0.7402,0.6818,0.3658,6.6984,0.4332,0.6813,0.5988,0.1452,0.6786,0.6218,0.3982,5.4603,0.4046,0.6037,0.5536,0.0304,114.86,1786.49,0.6018,0.6502
2022-02-19,FARM0439,G,-7.815014,112.300299,633,2,48,10327,330.37,2.24,20.23,25.0,1.1,69.2,15.6,0.6518,0.6569,0.3528,4.743,0.3964,0.5652,0.5365,-0.0264,0.6896,0.7044,0.3973,5.4428,0.4294,0.6127,0.5737,0.0424,0.6707,0.6807,0.3751,5.0929,0.4129,0.5889,0.5551,0.008,113.37,1730.0,0.6249,0.6757
2023-03-16,FARM0439,G,-7.815014,112.300299,633,3,48,9964,299.09,2.56,21.02,29.9,17.9,66.8,13.9,0.7361,0.6184,0.397,6.5794,0.4494,0.7539,0.6071,0.1364,0.7032,0.6055,0.4074,5.7389,0.4175,0.6684,0.5726,0.0688,0.7197,0.6119,0.4022,6.1592,0.4335,0.7111,0.5898,0.1026,115.27,1997.32,0.5978,0.6658
2024-04-09,FARM0439,G,-7.815014,112.300299,633,4,48,9949,277.87,2.37,10.68,26.6,3.9,68.3,15.4,0.6758,0.6039,0.4336,5.1691,0.4199,0.6288,0.5617,0.0166,0.665,0.622,0.3902,4.9706,0.3656,0.5984,0.5224,-0.003,0.6704,0.6129,0.4119,5.0698,0.3928,0.6136,0.5421,0.0068,86.6,1816.78,0.5881000000000001,0.64165
2020-12-26,FARM0440,G,-7.813129,112.290682,645,1,48,8533,313.12,2.45,25.7,21.7,25.2,66.4,13.5,0.7099,0.6929,0.404,5.8952,0.4729,0.6784,0.6083,0.0822,0.7341,0.5974,0.4882,6.5213,0.4225,0.7195,0.5892,0.132,0.722,0.6451,0.4461,6.2083,0.4477,0.699,0.5988,0.1071,115.15,1440.88,0.5539000000000001,0.68355
2022-01-20,FARM0440,G,-7.813129,112.290682,645,2,48,8591,300.84,2.74,17.31,21.7,14.0,66.9,13.9,0.7128,0.6357,0.4744,5.9649,0.4534,0.6708,0.5986,0.088,0.7599,0.6942,0.5066,7.3296,0.452,0.7047,0.6193,0.1889,0.7364,0.6649,0.4905,6.6473,0.4527,0.6878,0.609,0.1385,113.14,1451.73,0.5095000000000001,0.70065
2023-04-15,FARM0440,G,-7.813129,112.290682,645,3,56,8050,265.41,2.33,12.1,27.3,1.4,66.0,16.4,0.7386,0.6595,0.4778,6.6509,0.4726,0.7963,0.6219,0.1417,0.7019,0.6127,0.3847,5.7098,0.4216,0.6057,0.5746,0.0663,0.7203,0.6361,0.4312,6.1803,0.4471,0.701,0.5982,0.104,85.71,1801.8,0.5688,0.6782
2024-05-09,FARM0440,G,-7.813129,112.290682,645,4,48,8854,300.01,2.71,21.66,23.6,1.5,67.0,14.1,0.7244,0.6837,0.4338,6.2571,0.4524,0.7273,0.6035,0.1117,0.6883,0.6075,0.4379,5.4155,0.3919,0.5802,0.5497,0.0399,0.7063,0.6456,0.4358,5.8363,0.4221,0.6538,0.5766,0.0758,116.36,1581.2,0.5642,0.67595
2021-01-25,FARM0441,G,-7.793195,112.29065,627,1,52,8397,324.51,2.18,22.16,25.0,8.1,84.1,14.0,0.6829,0.6628,0.423,5.308,0.4664,0.6517,0.5914,0.0299,0.7266,0.6921,0.4482,6.3142,0.448,0.6882,0.6018,0.1162,0.7048,0.6774,0.4356,5.8111,0.4572,0.6699,0.5966,0.073,114.31,2102.5,0.5644,0.6911
2022-02-19,FARM0441,G,-7.793195,112.29065,627,2,48,9195,293.29,2.18,18.94,28.9,19.1,83.1,15.3,0.6998,0.6129,0.3845,5.6612,0.4152,0.713,0.5696,0.062,0.6614,0.5972,0.3499,4.9063,0.361,0.5723,0.5178,-0.0095,0.6806,0.6051,0.3672,5.2838,0.3881,0.6426,0.5437,0.0263,114.05,2401.59,0.6328,0.6428499999999999
2023-05-15,FARM0441,G,-7.793195,112.29065,627,3,56,9440,296.94,1.94,11.95,24.9,3.1,78.5,16.4,0.6505,0.5851,0.4653,4.7225,0.3944,0.5644,0.5348,-0.0285,0.688,0.6543,0.4372,5.4102,0.4124,0.5862,0.5627,0.0394,0.6692,0.6197,0.4513,5.0663,0.4034,0.5753,0.5487,0.0054,90.97,1954.65,0.5487,0.64445
2024-08-07,FARM0441,G,-7.793195,112.29065,627,4,56,8027,283.97,1.9,12.28,21.4,1.6,84.8,14.0,0.6775,0.5663,0.429,5.2015,0.3989,0.6663,0.5496,0.0198,0.69,0.6674,0.4421,5.4509,0.4164,0.6058,0.566,0.0431,0.6837,0.6168,0.4356,5.3262,0.4077,0.6361,0.5578,0.0314,85.98,1814.72,0.5644,0.65025
2021-02-24,FARM0442,G,-7.812331,112.297829,354,1,56,8927,364.61,2.63,17.95,24.0,3.7,82.0,13.4,0.7397,0.6896,0.4043,6.6836,0.469,0.797,0.6203,0.1441,0.7379,0.6689,0.4064,6.6319,0.433,0.652,0.5976,0.1403,0.7388,0.6793,0.4054,6.6577,0.451,0.7245,0.609,0.1422,114.26,1968.0,0.5946,0.70905
2022-05-20,FARM0442,G,-7.812331,112.297829,354,2,56,8733,347.95,2.39,20.49,26.1,9.9,79.0,15.6,0.6949,0.6761,0.4544,5.5546,0.4655,0.6557,0.5968,0.0525,0.659,0.6799,0.4478,4.8645,0.3985,0.5976,0.5411,-0.0137,0.6769,0.678,0.4511,5.2096,0.432,0.6266,0.5689,0.0194,117.02,2061.9,0.5488999999999999,0.67745
2023-08-13,FARM0442,G,-7.812331,112.297829,354,3,56,8811,319.88,1.97,9.02,20.0,1.3,66.3,15.9,0.7039,0.6736,0.4493,5.7537,0.438,0.6909,0.5854,0.0701,0.7065,0.6861,0.4478,5.8153,0.451,0.6681,0.5943,0.0754,0.7052,0.6799,0.4485,5.7845,0.4445,0.6795,0.5899,0.0727,86.57,1326.0,0.5515,0.69255
2024-09-06,FARM0442,G,-7.812331,112.297829,354,4,48,8652,285.39,2.02,9.13,20.0,0.6,76.5,13.9,0.7127,0.6287,0.4463,5.9619,0.4156,0.6903,0.5755,0.0877,0.6918,0.6219,0.3831,5.4882,0.3844,0.6354,0.5462,0.0466,0.7022,0.6253,0.4147,5.7251,0.4,0.6629,0.5609,0.0672,85.4,1530.0,0.5852999999999999,0.6637500000000001
2021-01-25,FARM0443,G,-7.792152,112.298039,722,1,52,9759,355.73,2.88,34.89,26.8,24.0,82.2,15.2,0.6424,0.6748,0.4283,4.5924,0.4237,0.6257,0.5481,-0.0425,0.7029,0.7005,0.4324,5.7324,0.4523,0.6904,0.5933,0.0682,0.6727,0.6876,0.4303,5.1624,0.438,0.658,0.5707,0.0129,116.69,2202.96,0.5697,0.68015
2022-03-21,FARM0443,G,-7.792152,112.298039,722,2,52,8580,335.66,2.52,22.9,28.3,16.2,71.5,14.7,0.7056,0.6135,0.3408,5.7937,0.3987,0.6394,0.5615,0.0735,0.6526,0.6098,0.4516,4.7573,0.4088,0.6192,0.5444,-0.0249,0.6791,0.6117,0.3962,5.2755,0.4038,0.6293,0.553,0.0243,114.93,2023.45,0.6038,0.6454
2023-06-14,FARM0443,G,-7.792152,112.298039,722,3,56,9064,338.28,2.22,16.86,24.9,1.6,65.6,15.8,0.6637,0.5648,0.4317,4.9472,0.3898,0.62,0.5377,-0.0053,0.7323,0.6487,0.4117,6.4718,0.4488,0.7102,0.6049,0.1283,0.698,0.6068,0.4217,5.7095,0.4193,0.6651,0.5713,0.0615,112.64,1633.44,0.5783,0.6524
2024-07-08,FARM0443,G,-7.792152,112.298039,722,4,48,8896,302.29,2.05,14.95,21.3,3.7,65.2,14.7,0.6861,0.6519,0.3757,5.3707,0.4036,0.639,0.5563,0.0357,0.6703,0.6161,0.4522,5.0669,0.4143,0.6118,0.5558,0.0066,0.6782,0.634,0.4139,5.2188,0.4089,0.6254,0.556,0.0212,85.3,1388.76,0.5861000000000001,0.6561
2020-12-26,FARM0444,G,-7.818565,112.284531,309,1,48,9073,312.68,2.9,29.52,23.3,21.5,71.7,15.0,0.6704,0.6631,0.424,5.0685,0.4493,0.633,0.5759,0.0068,0.7225,0.6784,0.4277,6.2062,0.4558,0.727,0.6046,0.1076,0.6964,0.6708,0.4258,5.6374,0.4525,0.68,0.5903,0.0572,116.02,1670.61,0.5742,0.6836
2022-01-20,FARM0444,G,-7.818565,112.284531,309,2,48,8281,316.16,2.5,17.31,21.4,8.3,69.1,16.5,0.683,0.6159,0.4717,5.3083,0.4271,0.6159,0.5693,0.0299,0.6428,0.6031,0.4713,4.5997,0.3912,0.5921,0.5293,-0.0417,0.6629,0.6095,0.4715,4.954,0.4091,0.604,0.5493,-0.0059,111.29,1478.74,0.5285,0.6362000000000001
2023-04-15,FARM0444,G,-7.818565,112.284531,309,3,56,9011,325.93,2.77,32.86,29.6,1.4,68.1,14.8,0.6855,0.6676,0.3866,5.359,0.4538,0.6611,0.5858,0.0347,0.7523,0.6518,0.5094,7.0753,0.4554,0.7742,0.618,0.1719,0.7189,0.6597,0.448,6.2171,0.4546,0.7176,0.6019,0.1033,117.28,2015.76,0.552,0.6893
2024-05-09,FARM0444,G,-7.818565,112.284531,309,4,48,8749,278.54,2.08,14.06,23.4,0.2,72.2,13.8,0.6485,0.5709,0.4087,4.6905,0.3985,0.5749,0.5364,-0.0319,0.6732,0.6813,0.492,5.1195,0.4419,0.6067,0.5732,0.0118,0.6609,0.6261,0.4504,4.905,0.4202,0.5908,0.5548,-0.0101,86.2,1689.48,0.5496,0.6435
2021-01-25,FARM0445,G,-7.801598,112.293645,512,1,52,9819,328.46,2.84,25.87,23.0,7.9,68.6,15.4,0.635,0.5646,0.3878,4.4788,0.382,0.5655,0.5201,-0.055,0.6621,0.5871,0.4589,4.9189,0.3974,0.6052,0.5418,-0.0082,0.6485,0.5759,0.4233,4.6988,0.3897,0.5853,0.531,-0.0316,113.67,1577.8,0.5767,0.6122
2022-04-20,FARM0445,G,-7.801598,112.293645,512,2,56,9471,329.77,2.87,38.79,26.0,0.7,84.4,16.8,0.7302,0.6428,0.4904,6.4132,0.4795,0.7473,0.6218,0.1238,0.6962,0.6648,0.4151,5.584,0.4062,0.6718,0.5624,0.0552,0.7132,0.6538,0.4528,5.9986,0.4428,0.7095,0.5921,0.0895,115.11,2194.4,0.5472,0.6835
2023-06-14,FARM0445,G,-7.801598,112.293645,512,3,52,8974,318.67,2.46,20.14,25.3,2.3,74.5,13.4,0.6519,0.671,0.4961,4.745,0.4283,0.5836,0.5553,-0.0262,0.6276,0.5838,0.3186,4.3709,0.3495,0.5051,0.496,-0.0671,0.6397,0.6274,0.4074,4.558,0.3889,0.5444,0.5257,-0.0467,114.78,1884.85,0.5926,0.6335500000000001
2024-07-08,FARM0445,G,-7.801598,112.293645,512,4,48,8947,307.6,2.21,14.08,23.0,3.6,81.5,13.7,0.7298,0.6029,0.4727,6.403,0.4503,0.7267,0.6047,0.123,0.7249,0.6931,0.4735,6.2689,0.4386,0.6779,0.5954,0.1126,0.7273,0.648,0.4731,6.336,0.4445,0.7023,0.6,0.1178,98.42,1874.5,0.5268999999999999,0.68765
2021-02-24,FARM0446,G,-7.805546,112.302898,522,1,56,8873,342.23,2.91,25.66,23.6,25.7,79.1,13.5,0.7158,0.5966,0.4129,6.0375,0.4267,0.6489,0.5839,0.094,0.6818,0.6579,0.4431,5.286,0.4459,0.6489,0.5796,0.0278,0.6988,0.6273,0.428,5.6618,0.4363,0.6489,0.5818,0.0609,116.23,1866.76,0.5720000000000001,0.6630499999999999
2022-04-20,FARM0446,G,-7.805546,112.302898,522,2,52,8583,308.49,2.73,24.35,30.1,3.9,68.9,14.4,0.7071,0.6544,0.3465,5.8275,0.4156,0.7286,0.5731,0.0764,0.6885,0.6027,0.385,5.42,0.4064,0.6334,0.5591,0.0403,0.6978,0.6285,0.3658,5.6237,0.411,0.681,0.5661,0.0584,116.34,2073.89,0.6342,0.6631499999999999
2023-07-14,FARM0446,G,-7.805546,112.302898,522,3,56,9196,324.01,2.33,24.4,23.6,2.7,77.2,17.0,0.6739,0.6961,0.4117,5.1337,0.4649,0.6481,0.5861,0.0132,0.7484,0.667,0.3823,6.9478,0.4454,0.6687,0.61,0.163,0.7111,0.6815,0.397,6.0407,0.4551,0.6584,0.5981,0.0881,116.2,1821.92,0.603,0.6962999999999999
2024-10-06,FARM0446,G,-7.805546,112.302898,522,4,56,8797,237.96,2.07,8.93,20.0,4.1,83.0,15.2,0.7158,0.6016,0.3612,6.037,0.425,0.6735,0.5829,0.094,0.6606,0.6384,0.4563,4.8921,0.4062,0.6106,0.5465,-0.0109,0.6882,0.62,0.4087,5.4645,0.4156,0.6421,0.5647,0.0415,85.01,1660.0,0.5912999999999999,0.6541
2021-01-25,FARM0447,G,-7.819224,112.304313,272,1,52,9663,328.8,2.45,20.95,23.8,16.3,70.1,15.9,0.642,0.6343,0.3566,4.5859,0.3905,0.5692,0.5285,-0.0432,0.6895,0.6143,0.4756,5.4412,0.4337,0.6084,0.5762,0.0423,0.6657,0.6243,0.4161,5.0135,0.4121,0.5888,0.5524,-0.0005,114.21,1668.38,0.5839,0.645
2022-03-21,FARM0447,G,-7.819224,112.304313,272,2,52,9089,314.88,2.35,13.23,27.6,3.1,68.9,15.8,0.7369,0.6928,0.4705,6.6018,0.4892,0.7464,0.6305,0.1381,0.7134,0.7031,0.4603,5.9785,0.4419,0.7099,0.5921,0.0891,0.7252,0.698,0.4654,6.2901,0.4655,0.7282,0.6113,0.1136,108.5,1901.64,0.5346,0.7116
2023-05-15,FARM0447,G,-7.819224,112.304313,272,3,52,8655,267.79,2.26,15.73,23.2,1.3,79.2,13.7,0.6831,0.6986,0.5141,5.3104,0.4587,0.7008,0.5873,0.0301,0.7321,0.6408,0.4792,6.4643,0.4554,0.7291,0.6088,0.1277,0.7076,0.6697,0.4966,5.8874,0.4571,0.715,0.5981,0.0789,109.08,1837.44,0.5034000000000001,0.68865
2024-07-08,FARM0447,G,-7.819224,112.304313,272,4,52,9506,328.41,2.2,15.23,20.0,10.0,72.2,13.9,0.7047,0.6576,0.4814,5.7729,0.4375,0.6987,0.5855,0.0717,0.7084,0.6364,0.4094,5.8587,0.4154,0.6325,0.5736,0.0791,0.7066,0.647,0.4454,5.8158,0.4265,0.6656,0.5795,0.0754,94.61,1444.0,0.5546,0.6768000000000001
2021-01-25,FARM0448,G,-7.804954,112.2895,637,1,52,10281,316.35,2.91,18.19,23.4,21.6,74.9,14.0,0.7424,0.6914,0.5124,6.7647,0.49,0.7403,0.6336,0.15,0.7284,0.63,0.4756,6.3647,0.4427,0.7146,0.5994,0.1201,0.7354,0.6607,0.494,6.5647,0.4663,0.7274,0.6165,0.135,116.71,1752.66,0.506,0.6980500000000001
2022-02-19,FARM0448,G,-7.804954,112.2895,637,2,48,9032,316.0,2.28,17.23,26.4,8.7,70.6,16.2,0.7222,0.6617,0.4597,6.1991,0.4646,0.7554,0.6095,0.1071,0.7058,0.6712,0.3686,5.7978,0.4058,0.6258,0.5662,0.0739,0.714,0.6664,0.4142,5.9984,0.4352,0.6906,0.5879,0.0905,114.96,1863.84,0.5858,0.6901999999999999
2023-05-15,FARM0448,G,-7.804954,112.2895,637,3,56,9114,301.25,2.48,17.15,23.9,1.9,68.5,16.0,0.7325,0.6151,0.4939,6.4769,0.4835,0.763,0.6252,0.1287,0.7534,0.633,0.3777,7.1115,0.45,0.7645,0.6152,0.1743,0.743,0.6241,0.4358,6.7942,0.4668,0.7637,0.6202,0.1515,116.0,1637.15,0.5642,0.68355
2024-06-08,FARM0448,G,-7.804954,112.2895,637,4,48,8606,286.9,2.52,25.28,27.1,0.7,82.0,15.3,0.6428,0.5879,0.376,4.5996,0.4066,0.578,0.5385,-0.0417,0.6799,0.6612,0.3159,5.2472,0.3683,0.5722,0.5303,0.0241,0.6613,0.6246,0.3459,4.9234,0.3874,0.5751,0.5344,-0.0088,116.08,2222.2,0.6541,0.64295
2020-12-26,FARM0449,G,-7.789776,112.285379,664,1,48,10289,309.64,2.17,9.22,20.0,33.8,84.3,14.2,0.7148,0.5759,0.3888,6.0114,0.4218,0.7012,0.5804,0.0919,0.6705,0.6284,0.3997,5.0698,0.4332,0.6354,0.5669,0.0069,0.6926,0.6021,0.3942,5.5406,0.4275,0.6683,0.5737,0.0494,86.61,1686.0,0.6058,0.64735
2022-01-20,FARM0449,G,-7.789776,112.285379,664,2,48,9908,319.0,2.46,23.48,22.6,22.2,70.9,16.7,0.7168,0.57,0.342,6.0627,0.4191,0.6605,0.5796,0.0961,0.758,0.6632,0.4677,7.2655,0.4591,0.6933,0.6229,0.1847,0.7374,0.6166,0.4049,6.6641,0.4391,0.6769,0.6012,0.1404,114.32,1602.34,0.5951,0.677
2023-03-16,FARM0449,G,-7.789776,112.285379,664,3,52,9176,310.06,2.38,19.33,25.5,1.8,78.3,16.2,0.6174,0.6535,0.4031,4.2276,0.3846,0.5424,0.5138,-0.0837,0.7238,0.6905,0.4461,6.2412,0.4458,0.681,0.5993,0.1104,0.6706,0.672,0.4246,5.2344,0.4152,0.6117,0.5565,0.0134,114.38,1996.65,0.5754,0.6713
2024-06-08,FARM0449,G,-7.789776,112.285379,664,4,56,8477,265.74,1.64,5.46,21.5,3.0,69.0,13.4,0.7004,0.6256,0.3901,5.6747,0.4648,0.7258,0.5991,0.0632,0.7514,0.6404,0.4929,7.0447,0.4396,0.7164,0.6077,0.1698,0.7259,0.633,0.4415,6.3597,0.4522,0.7211,0.6034,0.1165,84.34,1483.5,0.5585,0.67945
2021-02-24,FARM0450,G,-7.803513,112.286439,674,1,56,9923,308.21,2.33,11.61,24.2,1.9,77.9,16.6,0.65,0.6409,0.4729,4.715,0.4433,0.6568,0.5626,-0.0293,0.703,0.6853,0.4826,5.7332,0.4063,0.668,0.5654,0.0683,0.6765,0.6631,0.4778,5.2241,0.4248,0.6624,0.564,0.0195,99.77,1885.18,0.5222,0.6698
2022-04-20,FARM0450,G,-7.803513,112.286439,674,2,52,9605,349.37,2.18,11.72,25.1,0.6,69.9,14.6,0.7042,0.6426,0.4934,5.7616,0.4482,0.6626,0.5916,0.0708,0.7398,0.6524,0.4249,6.6873,0.4123,0.7202,0.585,0.1444,0.722,0.6475,0.4592,6.2244,0.4303,0.6914,0.5883,0.1076,98.85,1754.49,0.5408,0.68475
2023-07-14,FARM0450,G,-7.803513,112.286439,674,3,56,10136,317.02,1.88,12.51,22.9,7.7,84.6,15.7,0.6806,0.629,0.4342,5.2617,0.4182,0.6363,0.5628,0.0255,0.693,0.5676,0.3729,5.5146,0.3821,0.6472,0.5452,0.0489,0.6868,0.5983,0.4036,5.3881,0.4002,0.6418,0.554,0.0372,96.32,1937.34,0.5964,0.64255
2024-08-07,FARM0450,G,-7.803513,112.286439,674,4,48,8952,298.53,2.23,16.36,21.1,8.3,83.7,13.9,0.6377,0.6147,0.4745,4.5208,0.41,0.5871,0.5381,-0.0503,0.6679,0.6006,0.4723,5.022,0.3886,0.5837,0.5388,0.0022,0.6528,0.6076,0.4734,4.7714,0.3993,0.5854,0.5385,-0.0241,104.42,1766.07,0.5266,0.6302000000000001
2020-12-26,FARM0451,G,-7.783137,112.299856,652,1,48,9484,362.93,2.9,31.91,21.7,6.5,79.9,15.6,0.657,0.6692,0.4401,4.8301,0.4423,0.6127,0.5655,-0.0173,0.6801,0.6663,0.4236,5.2525,0.4397,0.6337,0.5753,0.0246,0.6685,0.6678,0.4318,5.0413,0.441,0.6232,0.5704,0.0037,114.32,1733.83,0.5682,0.66815
2022-01-20,FARM0451,G,-7.783137,112.299856,652,2,48,9854,292.23,2.57,25.83,22.6,11.5,68.7,13.5,0.6761,0.6728,0.4927,5.1746,0.4383,0.6374,0.5725,0.0172,0.653,0.6269,0.439,4.7632,0.4121,0.6101,0.5465,-0.0243,0.6645,0.6499,0.4658,4.9689,0.4252,0.6238,0.5595,-0.0035,113.14,1552.62,0.5342,0.6572
2023-03-16,FARM0451,G,-7.783137,112.299856,652,3,52,9569,290.57,2.53,13.83,26.4,4.8,82.8,15.8,0.7137,0.582,0.47,5.9868,0.4379,0.6592,0.5899,0.0898,0.6303,0.6501,0.3623,4.4096,0.3689,0.5375,0.5098,-0.0627,0.672,0.616,0.4162,5.1982,0.4034,0.5984,0.5499,0.0135,114.09,2185.92,0.5838,0.644
2024-05-09,FARM0451,G,-7.783137,112.299856,652,4,52,8488,262.58,1.95,13.59,28.5,4.9,65.4,16.3,0.6897,0.6517,0.4836,5.445,0.4615,0.6452,0.5921,0.0426,0.6534,0.6068,0.3785,4.7709,0.3944,0.575,0.5361,-0.0235,0.6716,0.6293,0.4311,5.108,0.428,0.6101,0.5641,0.0096,86.69,1863.9,0.5689,0.65045
2020-12-26,FARM0452,G,-7.796839,112.288813,523,1,48,8856,294.2,3.24,35.55,22.9,6.9,75.6,17.0,0.7053,0.6261,0.4678,5.7855,0.4243,0.6835,0.5777,0.0728,0.7186,0.6656,0.4061,6.1071,0.4437,0.6917,0.5956,0.0997,0.7119,0.6459,0.4369,5.9463,0.434,0.6876,0.5867,0.0863,116.75,1731.24,0.5630999999999999,0.6789000000000001
2022-03-21,FARM0452,G,-7.796839,112.288813,523,2,56,9113,346.07,2.56,18.53,28.0,1.3,65.2,14.0,0.7315,0.6223,0.3669,6.4477,0.4522,0.7501,0.6066,0.1265,0.707,0.632,0.438,5.8265,0.4473,0.6523,0.5924,0.0763,0.7192,0.6272,0.4025,6.1371,0.4497,0.7012,0.5995,0.1014,114.56,1825.6,0.5974999999999999,0.6732
2023-04-15,FARM0452,G,-7.796839,112.288813,523,3,48,9548,296.05,2.04,11.31,26.0,2.0,65.9,16.4,0.6826,0.6468,0.439,5.302,0.4277,0.6286,0.5695,0.0293,0.7601,0.7083,0.4139,7.3383,0.4676,0.7049,0.629,0.1895,0.7214,0.6775,0.4265,6.3202,0.4476,0.6668,0.5992,0.1094,85.89,1713.4,0.5735,0.69945
2024-07-08,FARM0452,G,-7.796839,112.288813,523,4,56,8584,267.19,2.03,14.81,23.1,2.9,73.2,13.4,0.6247,0.6184,0.3814,4.3294,0.3985,0.5583,0.5253,-0.0719,0.6955,0.6357,0.3728,5.5676,0.4255,0.6463,0.5741,0.0537,0.6601,0.627,0.3771,4.9485,0.412,0.6023,0.5497,-0.0091,86.56,1690.92,0.6229,0.6435500000000001
2020-12-26,FARM0453,G,-7.796392,112.298866,772,1,48,9489,356.18,2.68,17.77,20.0,1.8,71.4,16.1,0.7385,0.6033,0.471,6.6496,0.4716,0.7246,0.6213,0.1416,0.6734,0.6302,0.3998,5.1231,0.3933,0.6335,0.5442,0.0122,0.706,0.6167,0.4354,5.8864,0.4325,0.679,0.5828,0.0769,114.37,1428.0,0.5646,0.66135
2022-02-19,FARM0453,G,-7.796392,112.298866,772,2,52,9648,312.07,2.05,17.96,23.4,11.0,79.5,14.6,0.6894,0.6604,0.4535,5.4391,0.4234,0.6845,0.57,0.0421,0.6656,0.6855,0.3488,4.9813,0.3856,0.6058,0.5359,-0.0019,0.6775,0.673,0.4011,5.2102,0.4045,0.6452,0.553,0.0201,112.94,1860.3,0.5989,0.67525
2023-04-15,FARM0453,G,-7.796392,112.298866,772,3,52,8784,293.64,2.49,20.93,28.8,0.4,84.1,14.4,0.667,0.6421,0.469,5.0051,0.4412,0.61,0.5698,0.0005,0.6783,0.6499,0.4268,5.217,0.3827,0.5999,0.5394,0.0212,0.6726,0.646,0.4479,5.1111,0.4119,0.6049,0.5546,0.0109,112.83,2422.08,0.5521,0.6593
2024-07-08,FARM0453,G,-7.796392,112.298866,772,4,56,9245,316.13,2.41,15.6,23.0,1.7,71.4,14.4,0.6298,0.6519,0.4199,4.4029,0.3977,0.5663,0.5273,-0.0635,0.7499,0.6592,0.3748,6.9959,0.4207,0.7013,0.5948,0.1664,0.6898,0.6555,0.3974,5.6994,0.4092,0.6338,0.561,0.0514,108.22,1642.2,0.6026,0.67265
2020-12-26,FARM0454,G,-7.804606,112.306606,754,1,48,9047,314.26,1.98,11.4,24.6,5.6,72.4,16.3,0.6411,0.6259,0.4474,4.573,0.4084,0.5875,0.5388,-0.0446,0.6712,0.6358,0.4356,5.082,0.3716,0.5621,0.529,0.0081,0.6561,0.6309,0.4415,4.8275,0.39,0.5748,0.5339,-0.0182,88.98,1781.04,0.5585,0.6435
2022-03-21,FARM0454,G,-7.804606,112.306606,754,2,56,9502,334.9,2.47,15.83,26.6,8.3,81.1,14.5,0.7184,0.6285,0.4898,6.1032,0.4739,0.741,0.613,0.0994,0.7226,0.5988,0.3628,6.2105,0.388,0.6038,0.5613,0.108,0.7205,0.6137,0.4263,6.1569,0.431,0.6724,0.5871,0.1037,116.3,2157.26,0.5737,0.6671
2023-06-14,FARM0454,G,-7.804606,112.306606,754,3,56,8492,299.08,2.51,22.17,23.2,2.9,74.2,13.4,0.6594,0.6559,0.5089,4.8718,0.4447,0.6449,0.568,-0.013,0.67,0.6462,0.3453,5.0611,0.3769,0.6223,0.5321,0.0061,0.6647,0.651,0.4271,4.9665,0.4108,0.6336,0.5501,-0.0035,114.1,1721.44,0.5729,0.65785
2024-09-06,FARM0454,G,-7.804606,112.306606,754,4,56,9351,272.83,2.26,13.83,20.0,0.7,70.9,15.8,0.6539,0.629,0.3712,4.7791,0.4266,0.6016,0.5553,-0.0226,0.7381,0.6196,0.4604,6.637,0.4575,0.7315,0.6128,0.1407,0.696,0.6243,0.4158,5.708,0.442,0.6665,0.584,0.059,84.89,1418.0,0.5842,0.66015
2021-02-24,FARM0455,G,-7.802145,112.311875,531,1,56,10420,359.17,3.04,24.92,28.1,21.9,70.1,16.2,0.7332,0.5993,0.4218,6.497,0.4578,0.7794,0.6107,0.1302,0.704,0.6255,0.4052,5.7574,0.4092,0.6722,0.5677,0.0704,0.7186,0.6124,0.4135,6.1272,0.4335,0.7258,0.5892,0.1003,115.77,1969.81,0.5865,0.6655
2022-03-21,FARM0455,G,-7.802145,112.311875,531,2,48,9535,301.31,2.28,14.74,27.4,6.7,78.6,13.7,0.7443,0.6346,0.5068,6.8226,0.4902,0.7927,0.6346,0.1542,0.77,0.6801,0.4166,7.6963,0.4779,0.7553,0.6397,0.2124,0.7572,0.6573,0.4617,7.2595,0.4841,0.774,0.6372,0.1833,112.84,2153.64,0.5383,0.7072499999999999
2023-04-15,FARM0455,G,-7.802145,112.311875,531,3,48,9544,276.21,2.34,10.76,27.0,5.0,74.5,14.6,0.6538,0.6606,0.3802,4.7768,0.4215,0.5988,0.5523,-0.0228,0.757,0.6417,0.4862,7.229,0.4667,0.6908,0.627,0.1823,0.7054,0.6512,0.4332,6.0029,0.4441,0.6448,0.5896,0.0797,86.83,2011.5,0.5668,0.6783
2024-05-09,FARM0455,G,-7.802145,112.311875,531,4,48,8806,263.53,1.91,8.92,25.8,5.2,65.2,16.6,0.6399,0.5995,0.4985,4.5539,0.4258,0.6284,0.5481,-0.0467,0.6981,0.6041,0.4485,5.6245,0.393,0.6372,0.5546,0.0588,0.669,0.6018,0.4735,5.0892,0.4094,0.6328,0.5513,0.006,85.81,1682.16,0.5265,0.6354
2020-12-26,FARM0456,G,-7.813775,112.298257,673,1,48,9311,305.28,2.55,15.67,21.3,11.1,78.0,14.2,0.728,0.6346,0.4346,6.3522,0.4843,0.7021,0.6234,0.1191,0.6849,0.6718,0.3785,5.3468,0.4032,0.6091,0.5555,0.0335,0.7064,0.6532,0.4065,5.8495,0.4437,0.6556,0.5895,0.0763,114.32,1661.4,0.5935,0.6798
2022-02-19,FARM0456,G,-7.813775,112.298257,673,2,52,9791,269.31,2.29,15.9,26.3,32.1,76.4,14.9,0.745,0.6357,0.4097,6.842,0.4841,0.7274,0.6315,0.1555,0.7089,0.6393,0.4439,5.8713,0.4391,0.6877,0.5884,0.0802,0.7269,0.6375,0.4268,6.3567,0.4616,0.7076,0.61,0.1178,116.87,2009.32,0.5731999999999999,0.6821999999999999
2023-05-15,FARM0456,G,-7.813775,112.298257,673,3,56,8546,291.14,1.84,12.05,24.9,1.6,72.5,16.6,0.6511,0.616,0.3804,4.7315,0.423,0.5896,0.5519,-0.0276,0.6783,0.6433,0.4121,5.216,0.3708,0.5921,0.5314,0.0211,0.6647,0.6296,0.3963,4.9738,0.3969,0.5909,0.5416,-0.0032,85.71,1805.25,0.6037,0.64715
2024-06-08,FARM0456,G,-7.813775,112.298257,673,4,48,8789,273.24,2.4,19.71,27.3,0.3,78.5,14.0,0.6764,0.6263,0.4078,5.1814,0.4028,0.5953,0.5515,0.0178,0.7202,0.6846,0.4527,6.1482,0.4565,0.7299,0.6039,0.103,0.6983,0.6554,0.4303,5.6648,0.4297,0.6626,0.5777,0.0604,114.02,2143.05,0.5697,0.67685
2020-12-26,FARM0457,G,-7.78868,112.288945,235,1,48,9213,348.23,2.08,12.79,24.9,2.3,83.5,16.2,0.7093,0.6355,0.4059,5.8798,0.4307,0.6624,0.5835,0.0809,0.6688,0.6408,0.3692,5.0382,0.4068,0.5864,0.5506,0.0038,0.689,0.6381,0.3875,5.459,0.4187,0.6244,0.567,0.0423,103.31,2079.15,0.6125,0.66355
2022-01-20,FARM0457,G,-7.78868,112.288945,235,2,48,10049,286.03,2.24,12.14,22.2,21.6,65.7,13.3,0.6997,0.666,0.4128,5.6598,0.4485,0.642,0.5896,0.0619,0.7308,0.5862,0.442,6.4308,0.4173,0.6618,0.5844,0.1252,0.7153,0.6261,0.4274,6.0453,0.4329,0.6519,0.587,0.0935,91.1,1458.54,0.5726,0.6707000000000001
2023-04-15,FARM0457,G,-7.78868,112.288945,235,3,56,9384,293.0,2.1,7.54,27.3,1.0,79.0,15.5,0.705,0.6537,0.4247,5.7788,0.4466,0.7301,0.591,0.0723,0.6776,0.6516,0.431,5.2025,0.3855,0.5716,0.5409,0.0199,0.6913,0.6527,0.4278,5.4907,0.416,0.6509,0.566,0.0461,83.86,2156.7,0.5722,0.6719999999999999
2024-05-09,FARM0457,G,-7.78868,112.288945,235,4,48,9900,278.24,1.97,15.05,29.4,0.3,77.1,14.6,0.7048,0.6791,0.3658,5.7744,0.4409,0.7097,0.5876,0.0719,0.7163,0.5956,0.3652,6.0498,0.4201,0.6481,0.58,0.095,0.7105,0.6374,0.3655,5.9121,0.4305,0.6789,0.5838,0.0834,116.64,2266.74,0.6345000000000001,0.67395
2021-01-25,FARM0458,G,-7.798852,112.307075,479,1,52,8708,353.76,2.36,16.72,22.6,3.9,70.0,13.2,0.6781,0.6214,0.3719,5.2134,0.4251,0.6432,0.5659,0.0209,0.6551,0.569,0.3782,4.7991,0.3592,0.5246,0.514,-0.0205,0.6666,0.5952,0.375,5.0063,0.3922,0.5839,0.5399,0.0002,113.86,1582.0,0.625,0.6309
2022-02-19,FARM0458,G,-7.798852,112.307075,479,2,48,9406,320.3,2.63,19.87,27.1,3.5,70.8,14.2,0.67,0.6478,0.5144,5.0606,0.4603,0.6568,0.5816,0.006,0.722,0.6362,0.4967,6.1949,0.4318,0.7081,0.5899,0.1067,0.696,0.642,0.5055,5.6278,0.446,0.6825,0.5858,0.0564,115.49,1918.68,0.4945000000000001,0.669
2023-04-15,FARM0458,G,-7.798852,112.307075,479,3,52,8900,291.93,2.34,12.66,28.5,0.9,66.9,16.8,0.6077,0.6473,0.4175,4.0979,0.3708,0.5164,0.501,-0.0992,0.6629,0.591,0.4903,4.9327,0.3996,0.5774,0.5435,-0.0068,0.6353,0.6192,0.4539,4.5153,0.3852,0.5469,0.5223,-0.053,92.28,1906.65,0.5461,0.62725
2024-06-08,FARM0458,G,-7.798852,112.307075,479,4,52,8259,294.6,2.4,17.76,26.5,1.4,71.0,16.1,0.6973,0.6358,0.4633,5.6075,0.4064,0.6551,0.563,0.0573,0.7077,0.62,0.5075,5.8419,0.4552,0.6975,0.5972,0.0777,0.7025,0.6279,0.4854,5.7247,0.4308,0.6763,0.5801,0.0675,113.66,1881.5,0.5146,0.6652
2021-02-24,FARM0459,G,-7.818622,112.313352,713,1,56,9425,312.54,2.95,29.16,26.9,8.3,73.1,16.6,0.6784,0.6475,0.3652,5.218,0.4331,0.6371,0.5707,0.0213,0.6652,0.6521,0.4533,4.9736,0.4093,0.5726,0.5505,-0.0026,0.6718,0.6498,0.4093,5.0958,0.4212,0.6049,0.5606,0.0093,113.41,1966.39,0.5907,0.6608
2022-04-20,FARM0459,G,-7.818622,112.313352,713,2,52,9482,291.77,2.96,18.23,26.6,5.4,83.8,15.7,0.7301,0.6511,0.4845,6.41,0.4474,0.7047,0.6031,0.1236,0.6724,0.6172,0.4172,5.1044,0.4297,0.6335,0.5658,0.0103,0.7012,0.6341,0.4509,5.7572,0.4385,0.6691,0.5845,0.067,114.9,2229.08,0.5490999999999999,0.6676500000000001
2023-06-14,FARM0459,G,-7.818622,112.313352,713,3,52,9436,286.02,2.21,14.14,22.9,0.8,74.5,14.4,0.7407,0.631,0.4137,6.712,0.4852,0.7739,0.6301,0.1462,0.6824,0.5938,0.4796,5.2978,0.4091,0.5828,0.5581,0.0289,0.7115,0.6124,0.4467,6.0049,0.4471,0.6784,0.5941,0.0875,98.93,1706.05,0.5533,0.66195
2024-07-08,FARM0459,G,-7.818622,112.313352,713,4,48,8289,260.64,2.44,14.76,21.1,0.2,83.9,16.3,0.624,0.6405,0.3741,4.3194,0.3928,0.5623,0.5217,-0.073,0.7057,0.6377,0.4583,5.7954,0.3979,0.6323,0.561,0.0737,0.6648,0.6391,0.4162,5.0574,0.3954,0.5973,0.5414,0.0003,83.36,1770.29,0.5838,0.65195
2021-01-25,FARM0460,G,-7.783234,112.294128,575,1,52,8999,351.72,2.64,22.43,23.7,8.6,76.2,13.3,0.7468,0.635,0.4245,6.8986,0.4936,0.7744,0.6377,0.1596,0.6946,0.6218,0.3492,5.5486,0.3903,0.5865,0.5513,0.052,0.7207,0.6284,0.3869,6.2236,0.4419,0.6804,0.5945,0.1058,114.43,1805.94,0.6131,0.67455
2022-03-21,FARM0460,G,-7.783234,112.294128,575,2,52,8120,353.05,2.38,17.21,26.7,4.2,74.7,16.6,0.6795,0.6191,0.4636,5.2408,0.443,0.6773,0.5769,0.0235,0.6794,0.663,0.3683,5.2373,0.3829,0.5951,0.54,0.0232,0.6794,0.641,0.4159,5.2391,0.413,0.6362,0.5584,0.0233,112.73,1994.49,0.5841000000000001,0.6602
2023-06-14,FARM0460,G,-7.783234,112.294128,575,3,56,9108,299.21,1.89,13.63,25.9,1.5,77.2,15.5,0.6861,0.6284,0.4228,5.372,0.3996,0.6325,0.5538,0.0359,0.699,0.6375,0.4458,5.6437,0.391,0.6223,0.5536,0.0605,0.6925,0.633,0.4343,5.5079,0.3953,0.6274,0.5537,0.0482,100.24,1999.48,0.5657,0.66275
2024-08-07,FARM0460,G,-7.783234,112.294128,575,4,52,7903,320.93,1.71,8.36,20.0,2.9,69.6,15.8,0.7042,0.6478,0.3733,5.7611,0.4232,0.696,0.5766,0.0707,0.7501,0.6948,0.4556,7.0041,0.4356,0.683,0.6046,0.167,0.7272,0.6713,0.4145,6.3826,0.4294,0.6895,0.5906,0.1188,84.68,1392.0,0.5855,0.6992499999999999
2021-02-24,FARM0461,G,-7.816959,112.309006,787,1,56,10368,314.34,2.42,16.4,25.6,8.0,71.0,14.8,0.6329,0.6258,0.449,4.4476,0.4032,0.5794,0.5319,-0.0585,0.6945,0.6662,0.4231,5.5457,0.3727,0.6379,0.5392,0.0517,0.6637,0.646,0.436,4.9967,0.3879,0.6087,0.5356,-0.0034,116.74,1817.6,0.5640000000000001,0.6548499999999999
2022-05-20,FARM0461,G,-7.816959,112.309006,787,2,56,9013,296.6,2.12,17.3,26.9,4.4,83.0,14.9,0.6591,0.6557,0.4367,4.8661,0.4594,0.6401,0.5757,-0.0136,0.6695,0.6302,0.3594,5.0515,0.3909,0.5558,0.541,0.0051,0.6643,0.6429,0.398,4.9588,0.4252,0.598,0.5583,-0.0042,117.03,2232.7,0.602,0.6536
2023-06-14,FARM0461,G,-7.816959,112.309006,787,3,48,9977,316.9,2.27,18.31,23.5,2.8,84.3,13.3,0.6376,0.6003,0.4789,4.5185,0.404,0.6225,0.5346,-0.0506,0.6813,0.6278,0.5108,5.2746,0.4346,0.6347,0.5729,0.0267,0.6594,0.6141,0.4949,4.8966,0.4193,0.6286,0.5537,-0.0119,115.12,1981.05,0.5051,0.6367499999999999
2024-07-08,FARM0461,G,-7.816959,112.309006,787,4,48,9818,286.05,2.07,8.51,22.2,4.9,67.5,16.9,0.6925,0.6965,0.4964,5.5033,0.4682,0.681,0.5971,0.0479,0.7372,0.6487,0.4746,6.6089,0.4352,0.6667,0.5987,0.1386,0.7148,0.6726,0.4855,6.0561,0.4517,0.6738,0.5979,0.0933,84.14,1498.5,0.5145,0.6937
2021-01-25,FARM0462,G,-7.818832,112.308645,600,1,52,9836,371.16,2.95,26.89,24.6,14.4,79.2,15.7,0.6754,0.589,0.4027,5.1619,0.4073,0.6709,0.5539,0.0159,0.7539,0.6944,0.4548,7.1268,0.4717,0.7338,0.6285,0.1754,0.7147,0.6417,0.4288,6.1443,0.4395,0.7023,0.5912,0.0957,114.94,1948.32,0.5711999999999999,0.6782
2022-04-20,FARM0462,G,-7.818832,112.308645,600,2,56,8238,317.83,3.0,28.78,29.9,2.5,69.9,15.4,0.6449,0.6547,0.4614,4.6326,0.4226,0.5815,0.5487,-0.0381,0.6635,0.5895,0.4446,4.9441,0.3784,0.5674,0.5303,-0.0056,0.6542,0.6221,0.453,4.7884,0.4005,0.5745,0.5395,-0.0219,114.28,2090.01,0.5469999999999999,0.63815
2023-06-14,FARM0462,G,-7.818832,112.308645,600,3,52,8925,320.4,2.44,20.27,25.8,0.5,81.8,14.8,0.6144,0.6483,0.4712,4.1872,0.3813,0.5826,0.5104,-0.0885,0.748,0.5921,0.3892,6.9357,0.4226,0.6634,0.5952,0.1622,0.6812,0.6202,0.4302,5.5615,0.402,0.623,0.5528,0.0369,116.14,2110.44,0.5698,0.6507000000000001
2024-09-06,FARM0462,G,-7.818832,112.308645,600,4,56,9304,280.03,2.85,25.75,20.0,2.8,75.2,15.1,0.7151,0.6605,0.4205,6.0194,0.435,0.6795,0.5887,0.0925,0.7167,0.6175,0.476,6.0589,0.4445,0.6415,0.5952,0.0957,0.7159,0.639,0.4483,6.0392,0.4398,0.6605,0.592,0.0941,113.02,1504.0,0.5517000000000001,0.67745
2021-01-25,FARM0463,G,-7.799599,112.283601,423,1,52,10370,346.22,2.78,33.3,26.7,2.3,65.7,14.8,0.6808,0.5671,0.3747,5.2651,0.4089,0.6284,0.5572,0.0258,0.7052,0.653,0.4376,5.7835,0.3929,0.6382,0.5575,0.0727,0.693,0.61,0.4062,5.5243,0.4009,0.6333,0.5574,0.0492,114.64,1754.19,0.5938,0.6515
2022-04-20,FARM0463,G,-7.799599,112.283601,423,2,56,9539,287.82,2.83,22.11,27.6,0.8,85.0,14.8,0.6958,0.6,0.3219,5.5739,0.3981,0.6597,0.557,0.0543,0.6813,0.6761,0.4125,5.2759,0.4133,0.5851,0.5602,0.0269,0.6885,0.6381,0.3672,5.4249,0.4057,0.6224,0.5586,0.0406,116.68,2346.0,0.6328,0.6633
2023-05-15,FARM0463,G,-7.799599,112.283601,423,3,48,10265,307.8,2.23,14.06,27.7,0.7,78.7,15.2,0.6483,0.5969,0.4868,4.6859,0.4206,0.6101,0.5492,-0.0324,0.6239,0.6602,0.3832,4.318,0.3582,0.5507,0.5002,-0.0732,0.6361,0.6285,0.435,4.502,0.3894,0.5804,0.5247,-0.0528,114.49,2179.99,0.565,0.6323
2024-07-08,FARM0463,G,-7.799599,112.283601,423,4,52,8699,293.51,2.34,11.03,20.0,1.9,68.7,14.4,0.664,0.6118,0.4545,4.9517,0.4577,0.65,0.5773,-0.0048,0.7593,0.611,0.4222,7.3086,0.4617,0.7352,0.625,0.1876,0.7116,0.6114,0.4384,6.1302,0.4597,0.6926,0.6011,0.0914,85.78,1374.0,0.5616,0.6615
2020-12-26,FARM0464,G,-7.794846,112.315661,242,1,48,9555,351.9,2.61,24.25,23.3,3.6,81.6,15.4,0.6982,0.6725,0.459,5.6266,0.4584,0.682,0.5945,0.059,0.7206,0.6012,0.3511,6.1574,0.4048,0.619,0.5719,0.1037,0.7094,0.6369,0.405,5.892,0.4316,0.6505,0.5832,0.0813,117.24,1901.28,0.595,0.67315
2022-01-20,FARM0464,G,-7.794846,112.315661,242,2,48,9554,330.18,2.25,12.5,26.0,8.7,83.0,13.4,0.7185,0.6206,0.3981,6.1054,0.4802,0.7442,0.6165,0.0995,0.6713,0.6463,0.4127,5.0842,0.431,0.6405,0.5661,0.0084,0.6949,0.6334,0.4054,5.5948,0.4556,0.6923,0.5913,0.0539,106.58,2158.0,0.5946,0.66415
2023-04-15,FARM0464,G,-7.794846,112.315661,242,3,56,9370,277.93,2.14,15.46,25.5,0.4,68.1,16.5,0.71,0.6039,0.4522,5.8973,0.4577,0.7516,0.5998,0.0823,0.7119,0.6697,0.3986,5.9419,0.4167,0.6803,0.5759,0.0861,0.711,0.6368,0.4254,5.9196,0.4372,0.7159,0.5879,0.0842,110.8,1736.55,0.5746,0.6738999999999999
2024-06-08,FARM0464,G,-7.794846,112.315661,242,4,52,8024,294.64,1.94,12.39,22.9,2.6,74.8,13.8,0.7093,0.5956,0.3617,5.8794,0.4041,0.7025,0.5667,0.0808,0.7331,0.6072,0.3994,6.4929,0.4308,0.7001,0.5942,0.1299,0.7212,0.6014,0.3805,6.1861,0.4175,0.7013,0.5804,0.1054,84.06,1712.92,0.6194999999999999,0.6613
2020-12-26,FARM0465,G,-7.80954,112.316302,492,1,48,8310,374.24,2.65,40.61,21.9,8.9,73.5,16.0,0.7338,0.6728,0.4076,6.5129,0.4564,0.7054,0.6102,0.1314,0.6684,0.577,0.3949,5.0307,0.3693,0.6166,0.5263,0.0031,0.7011,0.6249,0.4012,5.7718,0.4129,0.661,0.5683,0.0672,117.0,1609.65,0.5988,0.663
2022-01-20,FARM0465,G,-7.80954,112.316302,492,2,48,9479,335.64,1.9,14.12,22.9,3.2,83.2,14.2,0.6603,0.6875,0.4565,4.8869,0.4333,0.5916,0.5621,-0.0114,0.7319,0.7046,0.4933,6.4601,0.4392,0.6705,0.5988,0.1274,0.6961,0.696,0.4749,5.6735,0.4362,0.6311,0.5805,0.058,112.26,1905.28,0.5251,0.6960500000000001
2023-02-14,FARM0465,G,-7.80954,112.316302,492,3,48,9296,298.31,1.97,12.34,23.4,2.6,73.4,16.0,0.6834,0.5908,0.4016,5.3168,0.3898,0.6168,0.5462,0.0307,0.6323,0.6765,0.4273,4.4399,0.3719,0.5724,0.5127,-0.0593,0.6579,0.6336,0.4144,4.8783,0.3809,0.5946,0.5295,-0.0143,84.65,1717.56,0.5856,0.64575
2024-05-09,FARM0465,G,-7.80954,112.316302,492,4,56,9169,288.33,2.4,22.88,27.1,0.4,68.0,14.6,0.6518,0.5994,0.4241,4.744,0.4062,0.6103,0.5424,-0.0263,0.683,0.6176,0.495,5.3099,0.4202,0.6484,0.5652,0.0301,0.6674,0.6085,0.4595,5.0269,0.4132,0.6294,0.5538,0.0019,114.42,1842.8,0.5405,0.63795
2021-02-24,FARM0466,G,-7.803203,112.313877,622,1,56,9381,340.33,2.92,37.65,25.2,14.4,78.2,14.2,0.6499,0.6623,0.4768,4.7121,0.4352,0.6553,0.5581,-0.0296,0.7276,0.6493,0.3536,6.3417,0.3904,0.64,0.5649,0.1183,0.6887,0.6558,0.4152,5.5269,0.4128,0.6476,0.5615,0.0443,115.09,1970.64,0.5848,0.67225
2022-04-20,FARM0466,G,-7.803203,112.313877,622,2,52,8884,282.67,2.37,11.78,27.1,1.0,79.1,15.7,0.6511,0.6364,0.38,4.7316,0.4044,0.5817,0.5411,-0.0276,0.6665,0.6522,0.3916,4.9966,0.4182,0.5813,0.5564,-0.0003,0.6588,0.6443,0.3858,4.8641,0.4113,0.5815,0.5487,-0.014,89.7,2143.61,0.6142000000000001,0.6515500000000001
2023-07-14,FARM0466,G,-7.803203,112.313877,622,3,56,8738,263.79,2.24,10.47,20.0,1.3,80.2,15.0,0.7125,0.6941,0.4675,5.9572,0.4633,0.7546,0.6042,0.0874,0.6998,0.6321,0.3709,5.6629,0.4139,0.6736,0.5689,0.0622,0.7062,0.6631,0.4192,5.8101,0.4386,0.7141,0.5865,0.0748,86.44,1604.0,0.5808,0.68465
2024-08-07,FARM0466,G,-7.803203,112.313877,622,4,48,9106,292.91,2.63,15.68,20.0,0.1,69.9,13.4,0.7382,0.6892,0.4544,6.6402,0.4893,0.814,0.6312,0.1409,0.7271,0.6506,0.4516,6.3279,0.4427,0.6424,0.5988,0.1172,0.7326,0.6699,0.453,6.484,0.466,0.7282,0.615,0.1291,102.33,1398.0,0.5469999999999999,0.70125
2021-02-24,FARM0467,G,-7.799424,112.296233,481,1,56,10532,351.85,2.66,33.85,24.2,0.4,81.7,13.5,0.6523,0.5776,0.4499,4.7522,0.3912,0.5742,0.5336,-0.0254,0.7315,0.6573,0.443,6.4475,0.3867,0.7049,0.5639,0.1264,0.6919,0.6174,0.4465,5.5998,0.389,0.6395,0.5488,0.0505,115.59,1977.14,0.5535,0.65465
2022-04-20,FARM0467,G,-7.799424,112.296233,481,2,52,9257,337.14,2.39,15.69,28.1,1.2,79.5,13.4,0.6841,0.6318,0.4262,5.3301,0.4508,0.6296,0.5834,0.032,0.6962,0.6584,0.4289,5.5841,0.41,0.591,0.5648,0.0552,0.6901,0.6451,0.4276,5.4571,0.4304,0.6103,0.5741,0.0436,114.54,2233.95,0.5724,0.6676
2023-07-14,FARM0467,G,-7.799424,112.296233,481,3,56,10126,302.1,2.26,18.26,20.0,2.0,73.4,14.4,0.7084,0.6344,0.5027,5.8592,0.4775,0.759,0.6101,0.0791,0.6931,0.6646,0.3109,5.5178,0.3729,0.5739,0.5389,0.0492,0.7008,0.6495,0.4068,5.6885,0.4252,0.6665,0.5745,0.0642,116.16,1468.0,0.5932,0.6751499999999999
2024-08-07,FARM0467,G,-7.799424,112.296233,481,4,48,9229,260.85,2.21,8.57,20.0,0.4,82.7,13.2,0.7314,0.6294,0.4003,6.4454,0.4661,0.7562,0.6148,0.1263,0.7471,0.5998,0.362,6.9069,0.4186,0.6909,0.5922,0.1601,0.7392,0.6146,0.3811,6.6761,0.4424,0.7236,0.6035,0.1432,85.94,1654.0,0.6189,0.6769000000000001
2021-02-24,FARM0468,G,-7.800068,112.319976,554,1,56,8588,356.35,2.78,24.87,26.1,24.6,77.9,16.9,0.6327,0.6226,0.3411,4.4452,0.3751,0.5337,0.5149,-0.0587,0.7116,0.6364,0.3714,5.935,0.3877,0.6638,0.5566,0.0855,0.6722,0.6295,0.3562,5.1901,0.3814,0.5987,0.5357,0.0134,113.2,2033.19,0.6437999999999999,0.6508499999999999
2022-04-20,FARM0468,G,-7.800068,112.319976,554,2,52,9272,360.56,3.07,51.41,27.0,0.9,76.7,15.4,0.6647,0.6154,0.4576,4.9644,0.4292,0.5986,0.5619,-0.0036,0.7041,0.6788,0.484,5.7583,0.4454,0.6919,0.5899,0.0705,0.6844,0.6471,0.4708,5.3614,0.4373,0.6453,0.5759,0.0335,114.58,2070.9,0.5292,0.6657500000000001
2023-06-14,FARM0468,G,-7.800068,112.319976,554,3,52,8276,291.01,2.39,14.34,24.4,2.5,67.9,16.1,0.7412,0.6321,0.4034,6.7273,0.4937,0.7308,0.6351,0.1473,0.6362,0.6824,0.4148,4.4974,0.3819,0.5723,0.5206,-0.0529,0.6887,0.6572,0.4091,5.6123,0.4378,0.6515,0.5779,0.0472,94.3,1656.76,0.5909,0.6729499999999999
2024-08-07,FARM0468,G,-7.800068,112.319976,554,4,52,9098,273.53,2.59,13.26,20.9,5.1,84.7,14.6,0.6659,0.5848,0.3253,4.9866,0.3858,0.6483,0.5361,-0.0013,0.6977,0.6436,0.4692,5.6163,0.4446,0.6113,0.5865,0.0581,0.6818,0.6142,0.3972,5.3015,0.4152,0.6298,0.5613,0.0284,86.59,1770.23,0.6028,0.6479999999999999
2020-12-26,FARM0469,G,-7.792415,112.298717,521,1,48,9583,292.64,2.74,15.99,24.6,9.1,78.8,13.7,0.6776,0.6708,0.4778,5.2039,0.4454,0.6702,0.5773,0.02,0.6807,0.6245,0.3661,5.2645,0.4126,0.6507,0.5595,0.0258,0.6792,0.6476,0.422,5.2342,0.429,0.6604,0.5684,0.0229,112.79,1938.48,0.5780000000000001,0.6634
2022-03-21,FARM0469,G,-7.792415,112.298717,521,2,56,8243,275.61,2.54,18.26,29.3,4.3,83.6,13.9,0.7515,0.6491,0.4395,7.0494,0.4908,0.8392,0.6385,0.1701,0.6772,0.6654,0.4587,5.1952,0.4082,0.5742,0.5552,0.0191,0.7144,0.6572,0.4491,6.1223,0.4495,0.7067,0.5968,0.0946,113.51,2449.48,0.5509,0.6858
2023-05-15,FARM0469,G,-7.792415,112.298717,521,3,52,7849,276.39,2.67,25.17,23.6,4.7,84.7,16.6,0.7538,0.7032,0.4192,7.1219,0.4955,0.7554,0.6422,0.175,0.6426,0.6706,0.4199,4.5958,0.3591,0.5633,0.5087,-0.0421,0.6982,0.6869,0.4195,5.8589,0.4273,0.6594,0.5754,0.0665,115.24,1998.92,0.5805,0.69255
2024-06-08,FARM0469,G,-7.792415,112.298717,521,4,48,9113,269.99,2.51,16.13,21.5,1.3,72.3,16.9,0.6344,0.6315,0.4352,4.47,0.4035,0.5856,0.5328,-0.056,0.6755,0.6173,0.4538,5.1625,0.4144,0.6259,0.5583,0.016,0.6549,0.6244,0.4445,4.8162,0.409,0.6058,0.5455,-0.02,101.16,1554.45,0.5555,0.63965
2021-01-25,FARM0470,G,-7.806084,112.281513,476,1,52,10408,347.65,3.02,23.76,24.6,9.1,78.8,15.3,0.6515,0.5881,0.3552,4.7391,0.383,0.6058,0.5281,-0.0268,0.6513,0.6444,0.3817,4.7357,0.396,0.5751,0.5361,-0.0272,0.6514,0.6162,0.3685,4.7374,0.3895,0.5904,0.5321,-0.027,113.28,1938.48,0.6315,0.6337999999999999
2022-02-19,FARM0470,G,-7.806084,112.281513,476,2,48,9315,271.56,2.82,20.1,27.5,24.2,84.4,16.6,0.6548,0.6555,0.4825,4.7938,0.4169,0.5801,0.5501,-0.0211,0.7379,0.5853,0.3529,6.631,0.4026,0.6742,0.5776,0.1402,0.6964,0.6204,0.4177,5.7124,0.4097,0.6271,0.5639,0.0596,117.02,2321.0,0.5823,0.6584
2023-05-15,FARM0470,G,-7.806084,112.281513,476,3,56,9373,322.99,2.51,29.65,26.4,8.3,84.2,14.9,0.6581,0.6457,0.4873,4.8488,0.4325,0.6523,0.5606,-0.0153,0.6959,0.6186,0.4752,5.5777,0.4088,0.5985,0.5639,0.0546,0.677,0.6321,0.4813,5.2133,0.4207,0.6254,0.5623,0.0196,114.2,2222.88,0.5186999999999999,0.65455
2024-06-08,FARM0470,G,-7.806084,112.281513,476,4,48,9317,262.44,2.77,14.12,23.8,11.6,83.3,16.1,0.6448,0.6054,0.3593,4.6303,0.392,0.5624,0.5307,-0.0384,0.6742,0.6215,0.3928,5.1381,0.3694,0.6104,0.5287,0.0136,0.6595,0.6134,0.3761,4.8842,0.3807,0.5864,0.5297,-0.0124,102.65,1982.54,0.6239,0.63645
2021-01-25,FARM0471,G,-7.80087,112.303281,454,1,52,10045,343.83,2.65,22.51,22.5,16.5,75.5,16.3,0.6789,0.5758,0.3352,5.2288,0.4022,0.6644,0.5522,0.0224,0.6752,0.6777,0.443,5.1572,0.3806,0.6325,0.5367,0.0155,0.677,0.6267,0.3891,5.193,0.3914,0.6485,0.5445,0.0189,117.01,1698.75,0.6109,0.65185
2022-02-19,FARM0471,G,-7.80087,112.303281,454,2,48,10445,290.4,2.67,20.97,27.6,6.3,69.6,15.3,0.6236,0.629,0.3678,4.3128,0.3968,0.5628,0.5238,-0.0738,0.7348,0.5856,0.4325,6.5405,0.4025,0.6806,0.5762,0.1335,0.6792,0.6073,0.4001,5.4267,0.3996,0.6217,0.55,0.0298,114.28,1920.96,0.5999,0.64325
2023-04-15,FARM0471,G,-7.80087,112.303281,454,3,52,9471,288.52,2.59,21.67,29.0,0.6,78.0,16.3,0.6857,0.6387,0.52,5.3636,0.471,0.6872,0.5953,0.0351,0.6653,0.6555,0.3681,4.9755,0.4063,0.6012,0.5487,-0.0025,0.6755,0.6471,0.4441,5.1696,0.4387,0.6442,0.572,0.0163,113.21,2262.0,0.5559000000000001,0.6613
2024-05-09,FARM0471,G,-7.80087,112.303281,454,4,48,9337,295.61,1.95,16.06,25.9,2.4,78.3,16.0,0.6973,0.6023,0.4213,5.6061,0.4217,0.7013,0.5726,0.0572,0.6479,0.6081,0.3991,4.6797,0.3791,0.5501,0.524,-0.0331,0.6726,0.6052,0.4102,5.1429,0.4004,0.6257,0.5483,0.012,115.02,2027.97,0.5898,0.6389
2021-01-25,FARM0472,G,-7.790005,112.288867,546,1,52,9622,339.86,2.51,18.76,27.3,17.9,72.3,14.6,0.7137,0.6629,0.4887,5.985,0.4594,0.7228,0.6025,0.0897,0.7416,0.6783,0.4373,6.7412,0.4678,0.693,0.6206,0.1483,0.7277,0.6706,0.463,6.3631,0.4636,0.7079,0.6116,0.119,113.87,1973.79,0.5369999999999999,0.6991499999999999
2022-02-19,FARM0472,G,-7.790005,112.288867,546,2,48,9054,326.91,2.77,25.88,26.9,3.9,80.3,16.0,0.6831,0.655,0.3635,5.312,0.4113,0.6099,0.5598,0.0303,0.7142,0.6587,0.3419,5.9968,0.406,0.6122,0.57,0.0906,0.6986,0.6569,0.3527,5.6544,0.4087,0.611,0.5649,0.0605,114.39,2160.07,0.6473,0.6777500000000001
2023-05-15,FARM0472,G,-7.790005,112.288867,546,3,56,8684,324.08,2.62,22.39,23.8,5.5,84.1,15.9,0.688,0.5963,0.4953,5.4098,0.4476,0.6878,0.5835,0.0394,0.6176,0.5647,0.4256,4.2303,0.3506,0.5202,0.4926,-0.0834,0.6528,0.5805,0.4604,4.8201,0.3991,0.604,0.5381,-0.022,112.74,2001.58,0.5396000000000001,0.61665
2024-07-08,FARM0472,G,-7.790005,112.288867,546,4,52,9030,290.52,2.9,19.11,21.3,3.6,81.9,16.5,0.6238,0.6007,0.3828,4.316,0.3699,0.5347,0.5076,-0.0734,0.719,0.6096,0.4469,6.1168,0.4471,0.6899,0.5978,0.1005,0.6714,0.6051,0.4148,5.2164,0.4085,0.6123,0.5527,0.0135,114.06,1744.47,0.5851999999999999,0.63825
2021-01-25,FARM0473,G,-7.819558,112.304422,548,1,52,9418,317.84,2.52,23.07,23.1,12.7,78.1,14.0,0.6559,0.6326,0.461,4.8115,0.4357,0.5938,0.5613,-0.0192,0.6968,0.6469,0.394,5.5954,0.3772,0.6176,0.5433,0.0562,0.6763,0.6397,0.4275,5.2035,0.4065,0.6057,0.5523,0.0185,113.41,1804.11,0.5725,0.658
2022-04-20,FARM0473,G,-7.819558,112.304422,548,2,56,8463,321.01,1.93,11.34,29.2,5.0,66.4,15.0,0.6803,0.5928,0.4473,5.2558,0.4007,0.6466,0.5519,0.0249,0.6764,0.6924,0.38,5.1804,0.4242,0.6253,0.5645,0.0177,0.6783,0.6426,0.4137,5.2181,0.4125,0.6359,0.5582,0.0213,83.62,1938.88,0.5863,0.66045
2023-07-14,FARM0473,G,-7.819558,112.304422,548,3,56,9485,313.77,2.62,20.14,22.0,1.1,83.4,16.0,0.6225,0.5906,0.455,4.2979,0.3883,0.5935,0.5183,-0.0755,0.6696,0.6154,0.4269,5.0526,0.3636,0.6076,0.5229,0.0052,0.646,0.603,0.441,4.6752,0.3759,0.6006,0.5206,-0.0351,113.52,1834.8,0.5589999999999999,0.6245
2024-09-06,FARM0473,G,-7.819558,112.304422,548,4,52,8265,248.33,2.08,12.58,20.2,3.1,68.4,16.8,0.7452,0.6454,0.503,6.8492,0.4759,0.7809,0.627,0.1561,0.6699,0.5965,0.4622,5.0588,0.3894,0.6317,0.5402,0.0059,0.7076,0.621,0.4826,5.954,0.4326,0.7063,0.5836,0.081,85.45,1381.68,0.5174000000000001,0.6643
2021-02-24,FARM0474,G,-7.784288,112.308677,509,1,56,10674,301.93,2.38,20.85,25.2,13.2,78.7,15.8,0.7115,0.6767,0.5106,5.9316,0.4731,0.718,0.6092,0.0852,0.6422,0.6257,0.4387,4.5894,0.3781,0.5504,0.5209,-0.0428,0.6768,0.6512,0.4746,5.2605,0.4256,0.6342,0.565,0.0212,116.51,1983.24,0.5254,0.6639999999999999
2022-03-21,FARM0474,G,-7.784288,112.308677,509,2,48,10098,334.17,2.34,16.44,29.8,9.5,76.7,16.2,0.7188,0.6567,0.3661,6.1134,0.4127,0.6466,0.5764,0.1002,0.6396,0.5822,0.4419,4.5495,0.3702,0.538,0.5147,-0.0472,0.6792,0.6194,0.404,5.3314,0.3915,0.5923,0.5456,0.0265,114.99,2285.66,0.596,0.6493
2023-05-15,FARM0474,G,-7.784288,112.308677,509,3,52,9846,295.1,2.9,17.04,24.3,1.9,84.3,13.1,0.6626,0.6193,0.4543,4.9269,0.4553,0.6299,0.5753,-0.0074,0.6393,0.6312,0.4432,4.5444,0.3825,0.5255,0.5224,-0.0477,0.6509,0.6253,0.4487,4.7357,0.4189,0.5777,0.5488,-0.0275,115.32,2048.49,0.5513,0.6381
2024-07-08,FARM0474,G,-7.784288,112.308677,509,4,52,9795,265.09,2.4,14.54,20.5,0.2,73.8,15.6,0.6701,0.6199,0.4467,5.0632,0.4048,0.6297,0.5499,0.0063,0.7123,0.6646,0.4724,5.9526,0.4188,0.6631,0.5774,0.087,0.6912,0.6422,0.4595,5.5079,0.4118,0.6464,0.5637,0.0466,99.38,1512.9,0.5405,0.6667000000000001
2020-12-26,FARM0475,G,-7.782606,112.306424,518,1,48,9123,319.6,2.82,16.08,21.1,3.3,78.3,15.6,0.682,0.6855,0.4955,5.2897,0.4632,0.6914,0.5893,0.0282,0.7475,0.6925,0.4808,6.9217,0.4328,0.7026,0.6017,0.1612,0.7148,0.689,0.4882,6.1057,0.448,0.697,0.5955,0.0947,116.24,1652.13,0.5118,0.7019
2022-03-21,FARM0475,G,-7.782606,112.306424,518,2,56,10282,323.39,2.25,21.55,28.6,0.7,65.8,14.3,0.7345,0.6302,0.4204,6.5316,0.4683,0.7203,0.6175,0.1328,0.7384,0.6646,0.4639,6.6442,0.4211,0.6605,0.5901,0.1412,0.7364,0.6474,0.4422,6.5879,0.4447,0.6904,0.6038,0.137,114.85,1881.88,0.5578000000000001,0.6919
2023-06-14,FARM0475,G,-7.782606,112.306424,518,3,56,9163,318.4,2.68,22.15,24.9,3.6,82.8,16.0,0.6886,0.6027,0.4456,5.4236,0.4374,0.6917,0.578,0.0406,0.6795,0.6916,0.4544,5.2394,0.4044,0.589,0.5539,0.0234,0.6841,0.6471,0.45,5.3315,0.4209,0.6404,0.5659,0.032,115.21,2061.72,0.55,0.6656
2024-07-08,FARM0475,G,-7.782606,112.306424,518,4,48,9270,289.06,2.24,10.76,21.8,2.1,80.8,13.9,0.6592,0.7037,0.5154,4.8679,0.4591,0.6265,0.5756,-0.0134,0.6726,0.6163,0.3781,5.1094,0.3874,0.5613,0.5401,0.0108,0.6659,0.66,0.4468,4.9887,0.4233,0.5939,0.5578,-0.0013,86.18,1761.44,0.5532,0.66295
2021-01-25,FARM0476,G,-7.794753,112.292399,209,1,52,9571,314.39,2.52,19.89,27.4,3.4,84.9,13.7,0.6125,0.5929,0.3813,4.1619,0.3662,0.5314,0.5004,-0.0915,0.6662,0.6118,0.3414,4.9908,0.3807,0.55,0.5329,-0.0009,0.6394,0.6024,0.3613,4.5763,0.3735,0.5407,0.5167,-0.0462,114.11,2326.26,0.6387,0.6209
2022-03-21,FARM0476,G,-7.794753,112.292399,209,2,52,9580,296.54,2.27,11.5,26.8,23.1,80.1,16.4,0.7077,0.6083,0.4558,5.8428,0.4163,0.7194,0.5738,0.0777,0.6517,0.6268,0.3825,4.7415,0.3735,0.5706,0.5221,-0.0265,0.6797,0.6176,0.4192,5.2921,0.3949,0.645,0.5479,0.0256,96.95,2146.68,0.5808,0.64865
2023-05-15,FARM0476,G,-7.794753,112.292399,209,3,52,8732,329.39,2.12,11.19,24.3,0.4,83.2,16.8,0.7246,0.6779,0.4253,6.2632,0.4678,0.7561,0.6125,0.1122,0.7377,0.6813,0.48,6.6263,0.4561,0.7314,0.6118,0.1399,0.7312,0.6796,0.4527,6.4447,0.462,0.7438,0.6122,0.126,86.59,2021.76,0.5473,0.7054
2024-06-08,FARM0476,G,-7.794753,112.292399,209,4,48,8299,315.12,2.58,22.51,21.6,1.9,81.8,16.4,0.7283,0.656,0.4262,6.3609,0.4749,0.7505,0.6183,0.1198,0.6638,0.6194,0.3816,4.9481,0.3858,0.5873,0.5352,-0.0052,0.696,0.6377,0.4039,5.6545,0.4303,0.6689,0.5768,0.0573,115.48,1766.88,0.5961000000000001,0.6668499999999999
2021-02-24,FARM0477,G,-7.813325,112.314977,484,1,56,10625,298.49,2.85,18.75,28.7,7.9,70.6,16.3,0.6815,0.6058,0.4775,5.2786,0.4489,0.6951,0.5811,0.0271,0.7272,0.6674,0.4135,6.3307,0.4529,0.7406,0.605,0.1174,0.7043,0.6366,0.4455,5.8047,0.4509,0.7178,0.5931,0.0723,115.18,2026.22,0.5545,0.67045
2022-03-21,FARM0477,G,-7.813325,112.314977,484,2,48,8874,353.82,2.36,23.76,29.6,11.7,65.2,13.9,0.6664,0.6073,0.4116,4.9961,0.4201,0.6549,0.5575,-0.0004,0.6685,0.6255,0.3808,5.0329,0.4132,0.6394,0.5543,0.0033,0.6675,0.6164,0.3962,5.0145,0.4166,0.6471,0.5559,0.0014,113.48,1929.92,0.6038,0.64195
2023-04-15,FARM0477,G,-7.813325,112.314977,484,3,48,9301,304.34,2.45,14.58,27.0,2.0,83.6,14.0,0.6984,0.6736,0.4194,5.6305,0.4576,0.7229,0.5941,0.0593,0.6674,0.5748,0.3953,5.0124,0.3678,0.5427,0.5249,0.0012,0.6829,0.6242,0.4073,5.3215,0.4127,0.6328,0.5595,0.0303,116.27,2257.2,0.5927,0.65355
2024-05-09,FARM0477,G,-7.813325,112.314977,484,4,48,9332,298.18,1.87,11.86,26.7,2.9,79.6,14.0,0.6342,0.5585,0.3657,4.4675,0.3736,0.5937,0.5146,-0.0562,0.725,0.663,0.3974,6.2726,0.4604,0.6507,0.6085,0.1129,0.6796,0.6108,0.3816,5.3701,0.417,0.6222,0.5615,0.0283,86.91,2125.32,0.6184000000000001,0.6452
2021-02-24,FARM0478,G,-7.804368,112.281783,768,1,56,8794,322.04,3.12,29.38,23.6,7.3,85.0,16.2,0.6861,0.6284,0.5025,5.371,0.4583,0.7003,0.5886,0.0358,0.67,0.7,0.4587,5.0602,0.4166,0.5891,0.5571,0.006,0.678,0.6642,0.4806,5.2156,0.4375,0.6447,0.5728,0.0209,115.72,2006.0,0.5194,0.6711
2022-05-20,FARM0478,G,-7.804368,112.281783,768,2,56,8356,285.21,2.52,22.94,26.8,5.0,81.9,13.3,0.6957,0.6253,0.4967,5.5721,0.4413,0.7128,0.5836,0.0541,0.7231,0.5661,0.3942,6.2218,0.3786,0.6282,0.5548,0.1089,0.7094,0.5957,0.4455,5.8969,0.41,0.6705,0.5692,0.0815,114.29,2194.92,0.5545,0.65255
2023-08-13,FARM0478,G,-7.804368,112.281783,768,3,56,9392,319.34,2.27,14.74,20.0,3.3,66.3,14.5,0.7131,0.5978,0.3973,5.9707,0.4087,0.7151,0.5712,0.0885,0.7228,0.6158,0.4839,6.2158,0.4216,0.6562,0.5838,0.1084,0.718,0.6068,0.4406,6.0932,0.4151,0.6857,0.5775,0.0984,96.36,1326.0,0.5594,0.6624
2024-11-05,FARM0478,G,-7.804368,112.281783,768,4,56,8706,310.85,2.24,16.46,20.0,8.4,69.3,13.6,0.7178,0.6389,0.3819,6.0876,0.4215,0.7163,0.5815,0.0981,0.7567,0.6835,0.4556,7.2191,0.4354,0.7581,0.6073,0.1816,0.7372,0.6612,0.4188,6.6533,0.4285,0.7372,0.5944,0.1398,100.05,1386.0,0.5811999999999999,0.6992
2020-12-26,FARM0479,G,-7.785018,112.286197,508,1,48,9287,319.02,2.69,27.38,20.4,0.6,84.3,15.3,0.6425,0.6125,0.342,4.5939,0.3892,0.5811,0.528,-0.0423,0.6843,0.6945,0.4127,5.3348,0.4232,0.5924,0.5676,0.0324,0.6634,0.6535,0.3774,4.9644,0.4062,0.5867,0.5478,-0.005,115.32,1719.72,0.6226,0.65845
2022-02-19,FARM0479,G,-7.785018,112.286197,508,2,52,8206,301.01,2.5,25.39,27.2,8.9,81.9,14.9,0.7356,0.666,0.4787,6.5632,0.4532,0.784,0.6091,0.1352,0.6998,0.6199,0.4019,5.6624,0.445,0.6825,0.5876,0.0621,0.7177,0.6429,0.4403,6.1128,0.4491,0.7333,0.5984,0.0987,115.11,2227.68,0.5597,0.6803
2023-05-15,FARM0479,G,-7.785018,112.286197,508,3,56,9348,323.48,2.47,20.34,23.3,4.2,85.0,16.8,0.6719,0.65,0.4175,5.0965,0.4147,0.6171,0.5568,0.0096,0.7625,0.6645,0.4785,7.42,0.454,0.7448,0.6217,0.1948,0.7172,0.6573,0.448,6.2583,0.4344,0.681,0.5893,0.1022,115.63,1980.5,0.552,0.6872499999999999
2024-06-08,FARM0479,G,-7.785018,112.286197,508,4,48,9043,329.83,1.68,12.89,24.9,0.6,82.5,16.3,0.662,0.6377,0.3636,4.9164,0.4092,0.6158,0.549,-0.0084,0.6518,0.5858,0.3598,4.7436,0.3879,0.564,0.5313,-0.0263,0.6569,0.6117,0.3617,4.83,0.3986,0.5899,0.5401,-0.0174,84.81,2054.25,0.6383,0.6343000000000001
2020-12-26,FARM0480,G,-7.819885,112.28338,660,1,48,9263,352.5,2.77,23.19,23.2,26.6,66.5,15.6,0.6622,0.6486,0.4659,4.9201,0.4212,0.6427,0.5561,-0.0081,0.6814,0.6098,0.4104,5.2768,0.4276,0.5977,0.5688,0.0269,0.6718,0.6292,0.4382,5.0984,0.4244,0.6202,0.5625,0.0094,114.55,1542.8,0.5618000000000001,0.6505
2022-01-20,FARM0480,G,-7.819885,112.28338,660,2,48,10003,322.2,2.33,13.8,25.3,8.7,68.0,13.3,0.7049,0.6288,0.457,5.7766,0.4082,0.7068,0.5674,0.0721,0.6986,0.6099,0.3274,5.636,0.3807,0.6414,0.5465,0.0598,0.7017,0.6194,0.3922,5.7063,0.3945,0.6741,0.557,0.0659,112.09,1720.4,0.6078,0.66055
2023-02-14,FARM0480,G,-7.819885,112.28338,660,3,48,9318,283.45,2.61,18.09,24.6,1.7,67.1,14.6,0.6402,0.6506,0.3796,4.558,0.4082,0.602,0.5382,-0.0462,0.7106,0.6066,0.3357,5.9108,0.3962,0.6614,0.562,0.0835,0.6754,0.6286,0.3576,5.2344,0.4022,0.6317,0.5501,0.0186,115.88,1650.66,0.6424000000000001,0.652
2024-05-09,FARM0480,G,-7.819885,112.28338,660,4,56,9915,312.42,2.05,16.99,28.2,2.0,83.4,13.5,0.6908,0.6682,0.4503,5.4673,0.4122,0.6442,0.5638,0.0446,0.7156,0.6311,0.4891,6.0332,0.4359,0.6502,0.5895,0.0936,0.7032,0.6496,0.4697,5.7503,0.4241,0.6472,0.5766,0.0691,113.31,2351.88,0.5303,0.6764
2021-01-25,FARM0481,G,-7.811869,112.284609,685,1,52,8742,336.22,2.51,25.34,25.2,1.0,71.3,16.9,0.6899,0.6658,0.4724,5.4486,0.4314,0.6974,0.575,0.0429,0.6805,0.6216,0.4404,5.2593,0.3729,0.6364,0.5338,0.0253,0.6852,0.6437,0.4564,5.3539,0.4022,0.6669,0.5544,0.0341,115.93,1796.76,0.5436000000000001,0.66445
2022-03-21,FARM0481,G,-7.811869,112.284609,685,2,52,9498,316.89,2.79,26.32,27.6,19.5,84.6,14.6,0.7286,0.5997,0.4309,6.3698,0.4413,0.7453,0.5987,0.1205,0.6917,0.6236,0.4146,5.488,0.426,0.6193,0.5727,0.0465,0.7102,0.6117,0.4228,5.9289,0.4337,0.6823,0.5857,0.0835,115.58,2334.96,0.5771999999999999,0.66095
2023-04-15,FARM0481,G,-7.811869,112.284609,685,3,48,9214,293.46,2.82,29.47,29.3,1.0,74.3,16.6,0.652,0.6607,0.3939,4.7466,0.4425,0.5947,0.5631,-0.026,0.6509,0.6143,0.3964,4.7294,0.3937,0.6017,0.5345,-0.0278,0.6514,0.6375,0.3952,4.738,0.4181,0.5982,0.5488,-0.0269,117.15,2176.99,0.6048,0.64445
2024-05-09,FARM0481,G,-7.811869,112.284609,685,4,48,8745,248.74,2.49,15.35,25.7,2.3,82.2,16.6,0.7011,0.6565,0.393,5.6911,0.3983,0.6608,0.5593,0.0646,0.6766,0.6565,0.4371,5.1834,0.4072,0.5845,0.5543,0.018,0.6888,0.6565,0.415,5.4372,0.4027,0.6227,0.5568,0.0413,106.57,2112.54,0.585,0.67265
2021-01-25,FARM0482,G,-7.786822,112.295349,251,1,52,9120,312.2,2.69,22.26,23.2,6.3,75.8,16.0,0.6792,0.6527,0.4574,5.2341,0.4562,0.6422,0.584,0.0229,0.6681,0.591,0.4675,5.0258,0.3824,0.5862,0.5349,0.0026,0.6736,0.6218,0.4625,5.1299,0.4193,0.6142,0.5594,0.0127,116.91,1758.56,0.5375,0.6476999999999999
2022-04-20,FARM0482,G,-7.786822,112.295349,251,2,56,9138,305.91,2.44,17.47,25.8,0.1,66.4,13.6,0.693,0.5658,0.4058,5.5144,0.4059,0.6629,0.5608,0.0489,0.7564,0.602,0.4305,7.2105,0.4362,0.7231,0.6077,0.181,0.7247,0.5839,0.4181,6.3624,0.421,0.693,0.5842,0.115,117.03,1713.12,0.5819,0.6543
2023-05-15,FARM0482,G,-7.786822,112.295349,251,3,48,9731,340.33,2.51,28.33,24.0,0.2,73.4,13.9,0.6101,0.5811,0.3556,4.1299,0.37,0.5422,0.5016,-0.0953,0.7378,0.6318,0.4651,6.6278,0.434,0.7136,0.5982,0.14,0.674,0.6064,0.4104,5.3788,0.402,0.6279,0.5499,0.0223,115.47,1761.6,0.5896,0.6402000000000001
2024-08-07,FARM0482,G,-7.786822,112.295349,251,4,56,9230,295.76,2.38,21.61,20.3,3.6,82.4,14.2,0.7136,0.6541,0.4425,5.9824,0.4534,0.7092,0.599,0.0895,0.6712,0.6341,0.3941,5.0828,0.4097,0.6426,0.5535,0.0082,0.6924,0.6441,0.4183,5.5326,0.4316,0.6759,0.5762,0.0488,117.23,1672.72,0.5817,0.66825
2021-02-24,FARM0483,G,-7.790262,112.300317,301,1,56,9141,323.2,2.45,18.01,28.7,23.2,83.4,16.3,0.7127,0.6561,0.3923,5.9611,0.4101,0.7359,0.572,0.0877,0.6683,0.5916,0.4076,5.029,0.3697,0.5467,0.5266,0.0029,0.6905,0.6238,0.3999,5.495,0.3899,0.6413,0.5493,0.0453,116.92,2393.58,0.6001000000000001,0.65715
2022-03-21,FARM0483,G,-7.790262,112.300317,301,2,48,8969,324.66,2.7,26.45,25.9,0.9,82.3,15.4,0.6706,0.622,0.5139,5.0718,0.4643,0.6621,0.5841,0.0071,0.7574,0.6605,0.4544,7.2454,0.4666,0.7793,0.6272,0.1834,0.714,0.6412,0.4842,6.1586,0.4654,0.7207,0.6056,0.0952,113.46,2131.57,0.5158,0.6776
2023-06-14,FARM0483,G,-7.790262,112.300317,301,3,56,8849,332.05,2.29,20.81,24.2,9.3,84.3,15.4,0.7293,0.5938,0.429,6.3891,0.4539,0.7627,0.6066,0.122,0.6455,0.6508,0.4465,4.642,0.3771,0.5612,0.5217,-0.0371,0.6874,0.6223,0.4377,5.5155,0.4155,0.6619,0.5642,0.0424,114.04,2040.06,0.5623,0.6548499999999999
2024-07-08,FARM0483,G,-7.790262,112.300317,301,4,48,7900,274.54,2.02,12.65,20.0,1.7,75.3,14.5,0.6923,0.6138,0.4349,5.5002,0.3973,0.6294,0.5549,0.0476,0.7061,0.621,0.4655,5.8053,0.4128,0.6499,0.5709,0.0745,0.6992,0.6174,0.4502,5.6528,0.405,0.6396,0.5629,0.0611,85.64,1506.0,0.5498000000000001,0.6583
2021-01-25,FARM0484,G,-7.801385,112.284538,609,1,52,9325,353.71,2.62,22.98,26.3,10.8,77.0,13.9,0.7289,0.6625,0.3787,6.3781,0.4612,0.7005,0.6108,0.1211,0.6743,0.6157,0.3977,5.1414,0.4348,0.6276,0.5697,0.0139,0.7016,0.6391,0.3882,5.7598,0.448,0.6641,0.5902,0.0675,114.85,2025.1,0.6118,0.67035
2022-04-20,FARM0484,G,-7.801385,112.284538,609,2,56,9306,328.12,3.03,27.93,25.0,3.4,72.9,13.0,0.6228,0.5906,0.4177,4.3017,0.3721,0.5829,0.5086,-0.0751,0.6713,0.61,0.3468,5.0851,0.3868,0.5546,0.5391,0.0084,0.647,0.6003,0.3822,4.6934,0.3794,0.5687,0.5238,-0.0333,116.38,1822.5,0.6178,0.62365
2023-06-14,FARM0484,G,-7.801385,112.284538,609,3,52,8976,310.64,2.62,13.52,24.6,1.7,68.0,13.2,0.6579,0.664,0.4168,4.8467,0.4209,0.6353,0.5539,-0.0156,0.6683,0.6652,0.3995,5.03,0.3892,0.5853,0.5394,0.003,0.6631,0.6646,0.4082,4.9384,0.405,0.6103,0.5467,-0.0063,94.02,1672.8,0.5918,0.66385
2024-07-08,FARM0484,G,-7.801385,112.284538,609,4,48,9295,307.75,2.8,21.53,22.0,9.8,84.8,16.2,0.6761,0.6476,0.3884,5.1753,0.4254,0.6744,0.5651,0.0172,0.7493,0.6653,0.4936,6.9777,0.4516,0.7239,0.6143,0.1651,0.7127,0.6564,0.441,6.0765,0.4385,0.6992,0.5897,0.0912,114.4,1865.6,0.5589999999999999,0.68455
2021-02-24,FARM0485,G,-7.816503,112.318354,541,1,56,9557,338.84,2.1,13.78,26.7,1.3,80.1,13.4,0.6959,0.6364,0.3753,5.5759,0.4224,0.6521,0.5724,0.0545,0.6363,0.5796,0.4495,4.4992,0.3633,0.5408,0.5089,-0.0527,0.6661,0.608,0.4124,5.0376,0.3929,0.5964,0.5406,0.0009,114.03,2138.67,0.5876,0.63705
2022-05-20,FARM0485,G,-7.816503,112.318354,541,2,56,10094,336.07,2.62,19.51,28.3,8.7,70.4,13.8,0.7179,0.6548,0.3873,6.0888,0.448,0.7462,0.5978,0.0982,0.716,0.6548,0.4857,6.0422,0.4502,0.7026,0.5983,0.0944,0.7169,0.6548,0.4365,6.0655,0.4491,0.7244,0.598,0.0963,116.49,1992.32,0.5635,0.6858500000000001
2023-07-14,FARM0485,G,-7.816503,112.318354,541,3,52,8427,335.97,2.17,16.32,22.0,1.3,76.9,14.3,0.6319,0.5724,0.4489,4.4333,0.3895,0.5902,0.5234,-0.0601,0.6675,0.6078,0.326,5.0154,0.3677,0.5874,0.5248,0.0015,0.6497,0.5901,0.3875,4.7244,0.3786,0.5888,0.5241,-0.0293,100.34,1691.8,0.6125,0.6199
2024-09-06,FARM0485,G,-7.816503,112.318354,541,4,52,8901,290.91,1.87,9.97,20.0,1.2,76.2,16.5,0.6664,0.6936,0.4642,4.9952,0.461,0.6579,0.5802,-0.0005,0.6676,0.6321,0.4474,5.0169,0.3704,0.5653,0.5267,0.0017,0.667,0.6629,0.4558,5.006,0.4157,0.6116,0.5535,0.0006,86.63,1524.0,0.5442,0.66495
2021-02-24,FARM0486,G,-7.790962,112.291213,747,1,56,9887,329.94,2.99,27.09,25.8,15.5,76.0,16.9,0.6696,0.6984,0.4434,5.0535,0.4579,0.6402,0.5802,0.0053,0.6664,0.5979,0.4607,4.9945,0.4016,0.6166,0.5463,-0.0005,0.668,0.6481,0.452,5.024,0.4297,0.6284,0.5632,0.0024,116.22,1960.8,0.548,0.65805
2022-03-21,FARM0486,G,-7.790962,112.291213,747,2,48,8406,299.38,2.52,27.75,29.4,8.2,73.8,16.4,0.739,0.6118,0.428,6.6627,0.481,0.734,0.6269,0.1426,0.7303,0.6721,0.4816,6.4163,0.4397,0.7097,0.5985,0.1241,0.7347,0.6419,0.4548,6.5395,0.4604,0.7218,0.6127,0.1333,116.65,2169.72,0.5452,0.6883
2023-06-14,FARM0486,G,-7.790962,112.291213,747,3,56,8245,303.24,2.15,11.41,21.1,2.3,68.6,15.6,0.6523,0.6621,0.3792,4.7522,0.428,0.5799,0.5553,-0.0254,0.7195,0.7062,0.447,6.1299,0.4526,0.6824,0.6013,0.1015,0.6859,0.6842,0.4131,5.441,0.4403,0.6311,0.5783,0.0381,83.54,1447.46,0.5869,0.6850499999999999
2024-09-06,FARM0486,G,-7.790962,112.291213,747,4,56,8942,247.17,2.02,12.65,20.8,5.9,82.0,14.5,0.6534,0.6157,0.4516,4.7698,0.3908,0.5779,0.5338,-0.0236,0.6743,0.622,0.4179,5.1399,0.3976,0.6229,0.5473,0.0138,0.6638,0.6189,0.4347,4.9549,0.3942,0.6004,0.5406,-0.0049,84.39,1705.6,0.5653,0.64135
2021-01-25,FARM0487,G,-7.798452,112.319,627,1,52,9719,336.63,2.47,19.47,26.7,0.6,72.0,14.6,0.6586,0.6152,0.4738,4.8574,0.4303,0.6454,0.5596,-0.0145,0.7242,0.7136,0.4365,6.2516,0.4546,0.7058,0.6047,0.1112,0.6914,0.6644,0.4552,5.5545,0.4425,0.6756,0.5821,0.0484,114.53,1922.4,0.5448,0.6779
2022-02-19,FARM0487,G,-7.798452,112.319,627,2,48,8652,353.24,2.52,27.47,26.7,40.7,79.7,14.4,0.665,0.5902,0.3728,4.9706,0.3942,0.5886,0.5411,-0.0029,0.7494,0.6367,0.5149,6.9815,0.4563,0.6811,0.6172,0.1654,0.7072,0.6134,0.4439,5.9761,0.4253,0.6348,0.5792,0.0812,112.85,2127.99,0.5561,0.6603
2023-04-15,FARM0487,G,-7.798452,112.319,627,3,52,8288,275.49,2.63,15.6,25.1,0.3,65.9,13.9,0.6248,0.6569,0.3449,4.3308,0.3738,0.5651,0.5105,-0.0717,0.724,0.649,0.4263,6.2456,0.4531,0.7338,0.6037,0.1108,0.6744,0.653,0.3856,5.2882,0.4134,0.6494,0.5571,0.0195,99.68,1654.09,0.6144000000000001,0.6637
2024-06-08,FARM0487,G,-7.798452,112.319,627,4,52,8803,322.65,2.05,10.36,26.8,0.1,77.6,14.4,0.6539,0.6086,0.4236,4.7787,0.3881,0.5675,0.5324,-0.0226,0.6789,0.6428,0.3905,5.2281,0.4238,0.5884,0.5654,0.0223,0.6664,0.6257,0.407,5.0034,0.4059,0.5779,0.5489,-0.0002,83.89,2079.68,0.593,0.64605
2020-12-26,FARM0488,G,-7.791162,112.281703,439,1,48,9472,335.23,2.58,19.64,23.5,6.6,80.9,15.3,0.6241,0.5783,0.3889,4.3209,0.384,0.5994,0.5165,-0.0729,0.6639,0.6979,0.4651,4.9508,0.413,0.6298,0.5521,-0.0049,0.644,0.6381,0.427,4.6359,0.3985,0.6146,0.5343,-0.0389,112.7,1901.15,0.573,0.64105
2022-01-20,FARM0488,G,-7.791162,112.281703,439,2,48,9668,325.68,2.05,9.35,23.9,22.7,67.1,15.1,0.6991,0.6384,0.3991,5.646,0.4111,0.6622,0.5668,0.0607,0.6712,0.6512,0.4053,5.0826,0.4315,0.5966,0.5663,0.0082,0.6851,0.6448,0.4022,5.3643,0.4213,0.6294,0.5665,0.0344,86.0,1603.69,0.5978,0.66495
2023-02-14,FARM0488,G,-7.791162,112.281703,439,3,48,8656,278.8,2.48,22.11,27.8,29.7,83.4,15.1,0.7136,0.5568,0.4013,5.9822,0.4024,0.6632,0.5673,0.0894,0.7208,0.6279,0.4511,6.1637,0.4164,0.692,0.5796,0.1042,0.7172,0.5923,0.4262,6.073,0.4094,0.6776,0.5734,0.0968,115.12,2318.52,0.5738,0.6547499999999999
2024-05-09,FARM0488,G,-7.791162,112.281703,439,4,56,8922,274.88,2.26,14.1,24.2,0.4,65.4,15.2,0.6228,0.5594,0.3997,4.3018,0.3785,0.5585,0.5125,-0.0751,0.6708,0.6184,0.4284,5.0754,0.3893,0.5791,0.5405,0.0075,0.6468,0.5889,0.414,4.6886,0.3839,0.5688,0.5265,-0.0338,89.25,1582.68,0.5860000000000001,0.61785
2021-02-24,FARM0489,G,-7.797818,112.308742,215,1,56,8766,359.16,2.51,20.85,25.6,7.5,76.8,13.3,0.6901,0.6303,0.416,5.4531,0.4501,0.6947,0.5859,0.0433,0.6387,0.6013,0.4187,4.5362,0.3582,0.5575,0.5065,-0.0486,0.6644,0.6158,0.4173,4.9946,0.4041,0.6261,0.5462,-0.0026,114.5,1966.08,0.5827,0.6401
2022-04-20,FARM0489,G,-7.797818,112.308742,215,2,52,9941,318.46,2.25,11.75,28.9,0.8,82.1,14.7,0.6538,0.6211,0.4738,4.7778,0.4076,0.5952,0.5443,-0.0227,0.6445,0.5726,0.3796,4.6253,0.3658,0.5273,0.5139,-0.0389,0.6492,0.5968,0.4267,4.7016,0.3867,0.5613,0.5291,-0.0308,101.76,2372.69,0.5732999999999999,0.623
2023-05-15,FARM0489,G,-7.797818,112.308742,215,3,48,9526,277.19,2.67,19.38,25.5,0.8,73.7,13.6,0.7197,0.6221,0.3977,6.1352,0.4184,0.7191,0.5804,0.102,0.7022,0.6321,0.4633,5.7168,0.4151,0.6179,0.5706,0.0669,0.711,0.6271,0.4305,5.926,0.4168,0.6685,0.5755,0.0844,116.51,1879.35,0.5695,0.6690499999999999
2024-06-08,FARM0489,G,-7.797818,112.308742,215,4,48,9676,272.5,2.42,19.66,26.4,0.1,67.4,16.4,0.6307,0.6419,0.3944,4.4162,0.3882,0.5935,0.522,-0.062,0.6664,0.5998,0.4069,4.995,0.4136,0.5684,0.5536,-0.0005,0.6486,0.6209,0.4007,4.7056,0.4009,0.581,0.5378,-0.0312,117.11,1779.36,0.5992999999999999,0.6347499999999999
2020-12-26,FARM0490,G,-7.805048,112.29335,413,1,48,9733,364.82,2.76,31.0,24.5,0.5,81.7,13.5,0.7145,0.6149,0.4529,6.0051,0.4576,0.6649,0.6019,0.0913,0.614,0.6661,0.3704,4.1811,0.344,0.487,0.4867,-0.0892,0.6642,0.6405,0.4116,5.0931,0.4008,0.5759,0.5443,0.0011,113.84,2001.65,0.5884,0.65235
2022-03-21,FARM0490,G,-7.805048,112.29335,413,2,56,8957,297.58,2.74,20.07,25.5,10.4,79.0,13.0,0.6663,0.659,0.4115,4.994,0.419,0.6648,0.5568,-0.0006,0.7452,0.6317,0.3415,6.8489,0.4138,0.6746,0.5882,0.156,0.7058,0.6453,0.3765,5.9214,0.4164,0.6697,0.5725,0.0777,114.44,2014.5,0.6234999999999999,0.67555
2023-04-15,FARM0490,G,-7.805048,112.29335,413,3,48,9337,277.28,2.2,12.56,30.3,5.7,76.9,16.6,0.7168,0.6065,0.3664,6.0609,0.4136,0.7431,0.576,0.0959,0.6648,0.6798,0.4406,4.9665,0.3838,0.5797,0.5344,-0.0034,0.6908,0.6431,0.4035,5.5137,0.3987,0.6614,0.5552,0.0463,97.01,2330.07,0.5965,0.6669499999999999
2024-07-08,FARM0490,G,-7.805048,112.29335,413,4,56,9631,316.09,2.33,12.97,20.0,5.9,80.5,14.7,0.6823,0.6273,0.4702,5.2954,0.4367,0.6911,0.5746,0.0287,0.7493,0.6542,0.5042,6.9785,0.4441,0.7299,0.6096,0.1652,0.7158,0.6408,0.4872,6.137,0.4404,0.7105,0.5921,0.0969,91.85,1610.0,0.5127999999999999,0.6783
2020-12-26,FARM0491,G,-7.816349,112.294988,215,1,48,8864,339.84,2.98,24.43,24.4,25.5,79.9,15.2,0.6709,0.5951,0.3996,5.0779,0.4043,0.6359,0.55,0.0077,0.6623,0.5987,0.353,4.9233,0.3927,0.602,0.539,-0.0077,0.6666,0.5969,0.3763,5.0006,0.3985,0.619,0.5445,0.0,115.54,1949.56,0.6236999999999999,0.63175
2022-02-19,FARM0491,G,-7.816349,112.294988,215,2,52,8484,335.41,2.34,19.63,24.9,2.7,68.8,14.6,0.6637,0.6668,0.422,4.9472,0.4156,0.6356,0.5536,-0.0053,0.6463,0.6241,0.3351,4.6551,0.3696,0.5718,0.5173,-0.0357,0.655,0.6454,0.3786,4.8012,0.3926,0.6037,0.5354,-0.0205,114.33,1713.12,0.6214,0.6502
2023-04-15,FARM0491,G,-7.816349,112.294988,215,3,52,8952,312.34,2.71,23.03,28.0,2.8,69.5,16.7,0.7311,0.687,0.4942,6.4385,0.4581,0.6861,0.61,0.1258,0.7303,0.683,0.4629,6.4168,0.4568,0.6907,0.6088,0.1241,0.7307,0.685,0.4786,6.4276,0.4575,0.6884,0.6094,0.1249,113.2,1946.0,0.5214,0.7078500000000001
2024-07-08,FARM0491,G,-7.816349,112.294988,215,4,56,8546,264.91,2.45,13.83,23.9,1.6,65.9,15.2,0.7456,0.6905,0.4245,6.863,0.4896,0.7593,0.6349,0.157,0.705,0.5948,0.3834,5.7798,0.4221,0.6213,0.5763,0.0723,0.7253,0.6426,0.404,6.3214,0.4558,0.6903,0.6056,0.1147,84.55,1575.01,0.596,0.68395
2021-02-24,FARM0492,G,-7.812816,112.291818,308,1,56,8959,336.58,2.82,23.81,24.1,31.2,83.6,13.0,0.6736,0.6258,0.4229,5.1277,0.4272,0.6519,0.565,0.0126,0.7331,0.6596,0.439,6.4932,0.4056,0.6964,0.5776,0.1299,0.7034,0.6427,0.4309,5.8104,0.4164,0.6742,0.5713,0.0713,114.61,2014.76,0.5690999999999999,0.67305
2022-04-20,FARM0492,G,-7.812816,112.291818,308,2,52,8756,321.22,3.04,21.16,25.0,2.1,71.2,14.0,0.6758,0.6126,0.3514,5.1695,0.389,0.6209,0.5425,0.0167,0.7261,0.6447,0.3464,6.302,0.4125,0.6283,0.5793,0.1152,0.701,0.6287,0.3489,5.7357,0.4008,0.6246,0.5609,0.0659,113.0,1780.0,0.6511,0.6648499999999999
2023-06-14,FARM0492,G,-7.812816,112.291818,308,3,52,8153,315.12,2.23,23.11,24.0,0.0,65.6,15.7,0.6697,0.6083,0.4589,5.055,0.402,0.6398,0.5481,0.0055,0.6624,0.6799,0.4063,4.9248,0.4192,0.5883,0.5551,-0.0076,0.6661,0.6441,0.4326,4.9899,0.4106,0.6141,0.5516,-0.0011,115.74,1574.4,0.5674,0.6551
2024-08-07,FARM0492,G,-7.812816,112.291818,308,4,52,8973,279.85,2.08,7.86,20.7,1.5,66.0,16.0,0.6387,0.6192,0.4533,4.5356,0.4157,0.596,0.5418,-0.0487,0.7135,0.6335,0.348,5.9803,0.3944,0.6124,0.562,0.0893,0.6761,0.6263,0.4006,5.2579,0.4051,0.6042,0.5519,0.0203,86.04,1366.2,0.5993999999999999,0.6512
2021-01-25,FARM0493,G,-7.790846,112.28195,281,1,52,9618,314.65,2.56,14.38,26.7,2.0,72.4,16.7,0.6868,0.6212,0.3932,5.386,0.4557,0.6674,0.5875,0.0372,0.6781,0.6292,0.4071,5.213,0.4121,0.6261,0.5581,0.0209,0.6825,0.6252,0.4001,5.2995,0.4339,0.6467,0.5728,0.029,116.3,1933.08,0.5999,0.65385
2022-02-19,FARM0493,G,-7.790846,112.28195,281,2,48,8984,361.27,2.35,13.78,25.5,16.5,76.5,15.1,0.6514,0.6283,0.3952,4.7373,0.4043,0.638,0.5411,-0.027,0.6629,0.6432,0.4717,4.9335,0.4017,0.5726,0.5448,-0.0067,0.6572,0.6357,0.4335,4.8354,0.403,0.6053,0.543,-0.0168,108.37,1950.75,0.5665,0.64645
2023-04-15,FARM0493,G,-7.790846,112.28195,281,3,52,9647,294.52,2.64,20.37,29.0,1.8,70.8,13.6,0.7058,0.6855,0.453,5.7989,0.4551,0.7397,0.5964,0.074,0.7117,0.6136,0.472,5.9372,0.4362,0.6238,0.5879,0.0857,0.7088,0.6495,0.4625,5.8681,0.4457,0.6818,0.5921,0.0798,116.12,2053.2,0.5375,0.6791499999999999
2024-07-08,FARM0493,G,-7.790846,112.28195,281,4,56,9385,262.37,2.58,14.81,23.9,15.9,75.0,16.7,0.6481,0.5817,0.3936,4.6841,0.4046,0.6017,0.5398,-0.0326,0.7447,0.6799,0.4767,6.8341,0.467,0.7515,0.6215,0.155,0.6964,0.6308,0.4351,5.7591,0.4358,0.6766,0.5807,0.0612,106.41,1792.5,0.5649,0.6636
2021-02-24,FARM0494,G,-7.817982,112.302619,233,1,56,9023,325.56,2.77,33.46,24.3,34.7,67.6,15.9,0.6899,0.6118,0.3629,5.4493,0.4283,0.6849,0.5732,0.043,0.6586,0.6421,0.4511,4.8578,0.3778,0.5896,0.5278,-0.0144,0.6742,0.6269,0.407,5.1535,0.403,0.6372,0.5505,0.0143,114.25,1642.68,0.593,0.65055
2022-04-20,FARM0494,G,-7.817982,112.302619,233,2,52,8502,320.64,2.43,14.26,28.7,0.8,73.9,13.1,0.7512,0.6949,0.4745,7.0374,0.4966,0.7828,0.6415,0.1693,0.6591,0.6786,0.4922,4.8669,0.3998,0.5951,0.542,-0.0135,0.7051,0.6868,0.4833,5.9521,0.4482,0.6889,0.5917,0.0779,114.68,2120.93,0.5166999999999999,0.69595
2023-06-14,FARM0494,G,-7.817982,112.302619,233,3,52,9637,285.19,2.81,27.48,22.4,0.3,72.5,14.6,0.706,0.6723,0.4082,5.8037,0.4624,0.7402,0.6005,0.0744,0.7369,0.6806,0.4276,6.6007,0.4384,0.6956,0.6006,0.138,0.7215,0.6765,0.4179,6.2022,0.4504,0.7179,0.6006,0.1062,114.37,1624.0,0.5821000000000001,0.6990000000000001
2024-08-07,FARM0494,G,-7.817982,112.302619,233,4,52,8582,254.52,1.99,8.19,20.0,0.6,81.1,14.8,0.6798,0.6252,0.4707,5.2457,0.4107,0.6482,0.5579,0.024,0.6853,0.6191,0.4424,5.3543,0.3861,0.5776,0.5446,0.0342,0.6825,0.6222,0.4565,5.3,0.3984,0.6129,0.5513,0.0291,85.77,1622.0,0.5435,0.65235
2021-01-25,FARM0495,G,-7.788578,112.283006,742,1,52,9703,347.89,2.55,17.97,24.5,0.4,70.7,14.4,0.703,0.6186,0.5077,5.7338,0.461,0.7092,0.5983,0.0684,0.7524,0.6881,0.4979,7.0785,0.4696,0.7682,0.6266,0.1721,0.7277,0.6534,0.5028,6.4062,0.4653,0.7387,0.6125,0.1202,115.63,1732.15,0.4972,0.69055
2022-03-21,FARM0495,G,-7.788578,112.283006,742,2,52,9368,311.88,2.61,16.31,24.5,16.0,81.2,13.8,0.7177,0.6131,0.3884,6.0851,0.4507,0.7036,0.5994,0.0979,0.7105,0.6243,0.4583,5.9083,0.4526,0.632,0.5971,0.0833,0.7141,0.6187,0.4234,5.9967,0.4517,0.6678,0.5982,0.0906,115.02,1989.4,0.5766,0.6664
2023-04-15,FARM0495,G,-7.788578,112.283006,742,3,48,9043,287.32,2.49,26.48,26.8,0.1,65.4,13.2,0.7221,0.6362,0.4471,6.1971,0.483,0.7431,0.6198,0.1069,0.7217,0.6038,0.405,6.1873,0.4258,0.7127,0.586,0.1061,0.7219,0.62,0.426,6.1922,0.4544,0.7279,0.6029,0.1065,116.59,1752.72,0.5740000000000001,0.6709499999999999
2024-07-08,FARM0495,G,-7.788578,112.283006,742,4,56,8695,267.85,2.57,16.28,20.0,1.0,69.4,14.3,0.711,0.6714,0.4322,5.9198,0.4777,0.729,0.6114,0.0842,0.7131,0.6407,0.5017,5.9709,0.4565,0.6661,0.6006,0.0885,0.712,0.656,0.467,5.9453,0.4671,0.6975,0.606,0.0864,95.56,1388.0,0.5329999999999999,0.6839999999999999
2020-12-26,FARM0496,G,-7.803249,112.296825,278,1,48,9712,347.63,2.9,41.4,22.2,33.6,80.0,13.7,0.6854,0.6573,0.3482,5.3576,0.404,0.6491,0.5563,0.0345,0.6725,0.5825,0.4305,5.1078,0.3941,0.5721,0.5443,0.0107,0.679,0.6199,0.3893,5.2327,0.399,0.6106,0.5503,0.0226,116.31,1776.0,0.6107,0.6494500000000001
2022-01-20,FARM0496,G,-7.803249,112.296825,278,2,48,10168,332.99,2.57,28.01,21.3,15.2,82.9,16.0,0.6543,0.6316,0.3795,4.7861,0.4126,0.6291,0.5475,-0.0219,0.687,0.6943,0.4858,5.3906,0.4352,0.6723,0.5759,0.0376,0.6707,0.663,0.4326,5.0883,0.4239,0.6507,0.5617,0.0079,114.34,1765.77,0.5674,0.6668499999999999
2023-02-14,FARM0496,G,-7.803249,112.296825,278,3,48,8444,317.98,2.87,23.55,28.2,48.7,71.3,16.0,0.6993,0.6641,0.4724,5.6509,0.4389,0.7022,0.5838,0.0611,0.6348,0.625,0.3624,4.4769,0.3713,0.5706,0.5134,-0.0552,0.6671,0.6445,0.4174,5.0639,0.4051,0.6364,0.5486,0.003,113.16,2010.66,0.5826,0.6557999999999999
2024-03-10,FARM0496,G,-7.803249,112.296825,278,4,48,8982,299.48,2.25,10.02,30.1,4.1,77.2,16.0,0.6457,0.638,0.3514,4.6444,0.3916,0.5657,0.5309,-0.0369,0.7187,0.6498,0.3816,6.1096,0.4184,0.6543,0.5799,0.0999,0.6822,0.6439,0.3665,5.377,0.405,0.61,0.5554,0.0315,86.31,2323.72,0.6335,0.66305
2021-02-24,FARM0497,G,-7.800973,112.292915,248,1,56,9823,353.52,2.71,18.16,24.8,22.8,82.4,16.2,0.7024,0.6349,0.4604,5.7213,0.4734,0.7412,0.6049,0.0673,0.6995,0.5966,0.454,5.655,0.4213,0.6359,0.5733,0.0615,0.701,0.6158,0.4572,5.6882,0.4474,0.6885,0.5891,0.0644,116.64,2043.52,0.5428,0.6584
2022-05-20,FARM0497,G,-7.800973,112.292915,248,2,56,9394,300.8,1.91,7.25,23.8,1.1,73.4,16.6,0.6474,0.5781,0.4474,4.6727,0.3993,0.6268,0.5363,-0.0338,0.7376,0.6277,0.3932,6.6221,0.4058,0.6675,0.5796,0.1396,0.6925,0.6029,0.4203,5.6474,0.4025,0.6471,0.558,0.0529,84.86,1746.92,0.5797,0.6476999999999999
2023-07-14,FARM0497,G,-7.800973,112.292915,248,3,52,9729,314.84,2.07,11.48,21.4,1.2,80.9,14.2,0.7339,0.6801,0.4942,6.5166,0.4647,0.7571,0.6151,0.1317,0.6611,0.6247,0.3227,4.9014,0.3705,0.5757,0.5241,-0.01,0.6975,0.6524,0.4084,5.709,0.4176,0.6664,0.5696,0.0609,85.28,1731.26,0.5916,0.6749499999999999
2024-09-06,FARM0497,G,-7.800973,112.292915,248,4,52,9217,253.55,1.65,7.28,20.0,3.4,65.4,14.8,0.6769,0.5988,0.3846,5.1897,0.3887,0.5907,0.5427,0.0186,0.6955,0.6345,0.3995,5.5686,0.445,0.6559,0.5857,0.0538,0.6862,0.6167,0.3921,5.3792,0.4169,0.6233,0.5642,0.0362,83.8,1308.0,0.6079,0.6514500000000001
2020-12-26,FARM0498,G,-7.802009,112.303881,322,1,48,10130,290.34,2.34,18.82,22.6,5.1,67.0,16.8,0.6401,0.5634,0.4258,4.5574,0.3811,0.5553,0.5219,-0.0463,0.7153,0.6073,0.3467,6.0243,0.4109,0.6391,0.5736,0.0929,0.6777,0.5854,0.3862,5.2909,0.396,0.5972,0.5477,0.0233,112.75,1514.2,0.6138,0.6315500000000001
2022-03-21,FARM0498,G,-7.802009,112.303881,322,2,56,8543,317.69,2.32,13.13,26.0,19.7,81.2,14.1,0.7017,0.6656,0.3649,5.7048,0.442,0.716,0.5868,0.0658,0.6524,0.6282,0.4266,4.754,0.4,0.5819,0.539,-0.0252,0.6771,0.6469,0.3958,5.2294,0.421,0.649,0.5629,0.0203,97.29,2111.2,0.6042000000000001,0.662
2023-04-15,FARM0498,G,-7.802009,112.303881,322,3,48,9211,294.65,2.21,10.41,29.8,2.7,66.8,15.9,0.6824,0.586,0.3755,5.2971,0.4338,0.6668,0.573,0.0288,0.7593,0.714,0.4149,7.31,0.4673,0.7358,0.6284,0.1877,0.7209,0.65,0.3952,6.3035,0.4506,0.7013,0.6007,0.1083,84.82,1990.64,0.6048,0.68545
2024-05-09,FARM0498,G,-7.802009,112.303881,322,4,48,9424,262.86,1.82,7.14,27.5,2.3,80.5,16.0,0.7133,0.6558,0.4509,5.9766,0.4363,0.7195,0.5887,0.089,0.7385,0.6778,0.4748,6.6479,0.4197,0.6626,0.5893,0.1415,0.7259,0.6668,0.4629,6.3122,0.428,0.691,0.589,0.1152,84.23,2213.75,0.5371,0.69635
2021-01-25,FARM0499,G,-7.797272,112.309791,277,1,52,9968,329.73,2.61,22.04,24.4,16.4,69.8,14.9,0.6955,0.6476,0.486,5.569,0.4539,0.7128,0.5907,0.0538,0.6572,0.6015,0.3686,4.8351,0.3946,0.5517,0.5379,-0.0168,0.6764,0.6245,0.4273,5.2021,0.4243,0.6323,0.5643,0.0185,112.74,1703.12,0.5727,0.65045
2022-04-20,FARM0499,G,-7.797272,112.309791,277,2,56,9328,292.21,2.33,15.12,28.3,0.4,76.2,14.0,0.6253,0.6457,0.4472,4.3375,0.3865,0.5561,0.5185,-0.071,0.7082,0.6455,0.3661,5.8537,0.3967,0.6505,0.5613,0.0787,0.6667,0.6456,0.4066,5.0956,0.3916,0.6033,0.5399,0.0039,115.05,2156.46,0.5933999999999999,0.65615
2023-05-15,FARM0499,G,-7.797272,112.309791,277,3,48,10334,332.42,2.32,19.94,25.8,2.9,74.3,16.4,0.7318,0.6593,0.5064,6.4574,0.4897,0.7099,0.6283,0.1272,0.7109,0.6738,0.4437,5.9177,0.4512,0.6868,0.5964,0.0841,0.7213,0.6666,0.475,6.1875,0.4704,0.6983,0.6124,0.1056,115.42,1916.94,0.525,0.6939500000000001
2024-08-07,FARM0499,G,-7.797272,112.309791,277,4,56,8720,254.93,2.2,11.78,20.0,1.8,80.8,13.7,0.6677,0.6657,0.4143,5.0194,0.4629,0.6427,0.5819,0.0019,0.6911,0.6099,0.4204,5.4752,0.4042,0.6128,0.5589,0.0454,0.6794,0.6378,0.4174,5.2473,0.4336,0.6277,0.5704,0.0237,83.43,1616.0,0.5826,0.6586000000000001
2021-02-24,FARM0500,G,-7.814673,112.298346,717,1,56,9552,328.3,2.35,19.0,25.1,41.5,73.9,15.3,0.6847,0.6555,0.3702,5.3425,0.3967,0.6084,0.5513,0.0331,0.6679,0.6805,0.4299,5.0224,0.4216,0.592,0.559,0.0022,0.6763,0.668,0.4001,5.1824,0.4091,0.6002,0.5552,0.0177,113.24,1854.89,0.5999,0.67215
2022-04-20,FARM0500,G,-7.814673,112.298346,717,2,52,9829,287.17,2.0,7.66,29.5,3.4,83.4,16.1,0.7394,0.6166,0.4666,6.6733,0.4783,0.7539,0.6256,0.1433,0.7384,0.6018,0.4048,6.6458,0.3954,0.695,0.5728,0.1413,0.7389,0.6092,0.4357,6.6596,0.4368,0.7244,0.5992,0.1423,83.86,2460.3,0.5643,0.67405
2023-07-14,FARM0500,G,-7.814673,112.298346,717,3,56,10094,258.82,2.1,10.42,22.0,0.7,76.9,13.5,0.6826,0.6375,0.4308,5.3004,0.4426,0.6362,0.5781,0.0292,0.756,0.6408,0.4718,7.1951,0.4647,0.6981,0.6253,0.18,0.7193,0.6392,0.4513,6.2478,0.4537,0.6672,0.6017,0.1046,85.61,1691.8,0.5487,0.67925
2024-09-06,FARM0500,G,-7.814673,112.298346,717,4,52,9421,236.59,1.68,7.0,20.0,2.6,83.3,14.4,0.6592,0.6377,0.4395,4.8686,0.4064,0.6061,0.546,-0.0133,0.6659,0.5849,0.4789,4.9857,0.3873,0.5917,0.5371,-0.0014,0.6625,0.6113,0.4592,4.9271,0.3968,0.5989,0.5415,-0.0074,84.2,1666.0,0.5408,0.6369
2021-01-25,FARM0501,G,-7.78191,112.316413,356,1,52,8485,315.97,3.12,26.79,26.2,9.4,68.6,14.1,0.6657,0.6338,0.3906,4.9834,0.4291,0.6429,0.5623,-0.0017,0.6444,0.6708,0.4585,4.6251,0.3955,0.5984,0.5327,-0.039,0.6551,0.6523,0.4245,4.8043,0.4123,0.6206,0.5475,-0.0203,114.42,1797.32,0.5755,0.6537
2022-03-21,FARM0501,G,-7.78191,112.316413,356,2,52,8485,315.74,2.7,33.74,28.3,5.1,80.4,13.1,0.7365,0.6534,0.3744,6.5889,0.4543,0.6982,0.6101,0.1371,0.6826,0.6105,0.4832,5.3011,0.4161,0.6388,0.5625,0.0292,0.7095,0.6319,0.4288,5.945,0.4352,0.6685,0.5863,0.0832,115.54,2275.32,0.5711999999999999,0.6707000000000001
2023-05-15,FARM0501,G,-7.78191,112.316413,356,3,52,9172,311.85,2.57,14.48,25.4,0.7,84.9,14.8,0.6807,0.6402,0.4571,5.2635,0.4105,0.6295,0.5582,0.0257,0.6678,0.6084,0.327,5.0196,0.3604,0.5452,0.52,0.002,0.6742,0.6243,0.392,5.1416,0.3855,0.5873,0.5391,0.0138,113.58,2156.46,0.608,0.64925
2024-06-08,FARM0501,G,-7.78191,112.316413,356,4,48,8954,302.41,2.47,20.74,25.5,2.3,73.8,16.0,0.7222,0.6319,0.4132,6.1989,0.4832,0.7156,0.62,0.1071,0.6975,0.6067,0.447,5.6124,0.4058,0.6301,0.5627,0.0577,0.7099,0.6193,0.4301,5.9057,0.4445,0.6729,0.5913,0.0824,117.28,1881.9,0.5699000000000001,0.6646
2020-12-26,FARM0502,G,-7.795191,112.305806,313,1,48,9929,335.23,2.22,18.31,24.1,35.8,70.3,16.0,0.6957,0.5921,0.3981,5.573,0.4354,0.6788,0.5801,0.0542,0.6835,0.6429,0.3784,5.3189,0.4135,0.6214,0.5613,0.0309,0.6896,0.6175,0.3882,5.4459,0.4244,0.6501,0.5707,0.0425,113.94,1694.23,0.6118,0.6535500000000001
2022-01-20,FARM0502,G,-7.795191,112.305806,313,2,48,8240,350.21,2.58,28.1,21.9,1.8,72.3,14.2,0.6823,0.6471,0.4974,5.295,0.454,0.6323,0.5844,0.0287,0.653,0.6114,0.4107,4.7638,0.3964,0.606,0.5371,-0.0242,0.6676,0.6292,0.4541,5.0294,0.4252,0.6192,0.5607,0.0022,113.72,1583.37,0.5459,0.6484
2023-04-15,FARM0502,G,-7.795191,112.305806,313,3,56,8099,341.16,2.44,24.97,30.3,0.0,74.1,16.0,0.6969,0.6104,0.4335,5.5976,0.4539,0.7013,0.5913,0.0564,0.6986,0.573,0.3716,5.6355,0.3926,0.6625,0.5545,0.0597,0.6977,0.5917,0.4025,5.6166,0.4232,0.6819,0.5729,0.0581,114.87,2245.23,0.5974999999999999,0.6447
2024-05-09,FARM0502,G,-7.795191,112.305806,313,4,48,8494,279.77,1.97,12.25,28.0,6.2,83.3,15.2,0.7094,0.6155,0.3886,5.8832,0.405,0.7004,0.5673,0.0812,0.6635,0.6968,0.4527,4.9429,0.409,0.6284,0.5495,-0.0057,0.6864,0.6562,0.4207,5.413,0.407,0.6644,0.5584,0.0377,83.46,2332.4,0.5792999999999999,0.6713
2021-02-24,FARM0503,G,-7.786583,112.317366,602,1,56,8604,361.47,2.94,26.91,24.2,13.0,71.8,15.2,0.6467,0.5969,0.4602,4.6607,0.4184,0.6453,0.5472,-0.0351,0.6781,0.5655,0.3961,5.2122,0.3664,0.5947,0.5283,0.0208,0.6624,0.5812,0.4281,4.9365,0.3924,0.62,0.5377,-0.0072,115.98,1737.56,0.5719000000000001,0.6218
2022-05-20,FARM0503,G,-7.786583,112.317366,602,2,56,9434,335.65,2.27,17.71,27.6,4.7,67.7,13.6,0.6509,0.6176,0.3689,4.729,0.3972,0.5741,0.5366,-0.0279,0.6697,0.5976,0.4484,5.0559,0.4025,0.6323,0.5484,0.0056,0.6603,0.6076,0.4087,4.8925,0.3998,0.6032,0.5425,-0.0111,113.43,1868.52,0.5912999999999999,0.63395
2023-06-14,FARM0503,G,-7.786583,112.317366,602,3,48,8829,357.96,2.39,16.88,25.9,9.4,65.2,16.7,0.6881,0.678,0.382,5.4127,0.425,0.6915,0.5704,0.0396,0.751,0.6909,0.4451,7.0331,0.4627,0.7091,0.6219,0.169,0.7196,0.6845,0.4136,6.2229,0.4439,0.7003,0.5961,0.1043,113.54,1688.68,0.5864,0.7020500000000001
2024-08-07,FARM0503,G,-7.786583,112.317366,602,4,52,9319,292.53,2.61,22.56,20.0,0.7,79.3,16.3,0.7052,0.593,0.3553,5.7845,0.4065,0.6376,0.5665,0.0727,0.7085,0.6167,0.4828,5.8613,0.442,0.6229,0.5899,0.0793,0.7069,0.6048,0.4191,5.8229,0.4242,0.6303,0.5782,0.076,116.26,1586.0,0.5809,0.65585
2021-02-24,FARM0504,G,-7.781708,112.318423,742,1,56,9775,332.81,2.57,17.93,28.6,10.2,77.6,14.4,0.7234,0.6435,0.3931,6.2305,0.4736,0.6836,0.6152,0.1096,0.694,0.6719,0.4542,5.5359,0.4464,0.6217,0.5857,0.0509,0.7087,0.6577,0.4237,5.8832,0.46,0.6526,0.6005,0.0802,115.13,2219.36,0.5763,0.6832
2022-05-20,FARM0504,G,-7.781708,112.318423,742,2,56,9911,310.22,2.21,13.55,27.0,1.0,79.3,16.0,0.6545,0.5774,0.3923,4.7886,0.3907,0.5658,0.5343,-0.0216,0.6633,0.6425,0.431,4.9392,0.4259,0.5886,0.5593,-0.0061,0.6589,0.6099,0.4116,4.8639,0.4083,0.5772,0.5468,-0.0139,112.83,2141.1,0.5884,0.6344000000000001
2023-07-14,FARM0504,G,-7.781708,112.318423,742,3,52,9874,303.92,2.27,12.27,20.4,4.0,72.3,16.2,0.6851,0.6154,0.3962,5.3505,0.3965,0.632,0.5513,0.0339,0.6943,0.6459,0.4743,5.5425,0.4223,0.6662,0.5716,0.0515,0.6897,0.6307,0.4352,5.4465,0.4094,0.6491,0.5614,0.0427,85.63,1474.92,0.5648,0.6602
2024-10-06,FARM0504,G,-7.781708,112.318423,742,4,56,9536,283.53,1.99,12.56,20.0,6.4,84.0,15.7,0.6512,0.6944,0.4757,4.7339,0.4449,0.6191,0.564,-0.0273,0.6469,0.5873,0.4604,4.6634,0.3908,0.5979,0.5309,-0.0348,0.649,0.6409,0.4681,4.6987,0.4178,0.6085,0.5475,-0.0311,86.03,1680.0,0.5319,0.64495
2020-12-26,FARM0505,H,-7.837294,112.353175,435,1,48,9589,372.39,2.36,15.7,20.2,6.7,73.8,15.1,0.6539,0.6697,0.4042,4.7783,0.4177,0.5966,0.5502,-0.0227,0.6193,0.6103,0.3099,4.254,0.3301,0.5065,0.4793,-0.0806,0.6366,0.64,0.357,4.5161,0.3739,0.5515,0.5148,-0.0516,116.29,1490.76,0.643,0.6383000000000001
2022-01-20,FARM0505,H,-7.837294,112.353175,435,2,48,7995,302.44,2.66,24.08,25.4,21.1,68.3,15.3,0.5943,0.5523,0.2955,3.9293,0.334,0.4891,0.4718,-0.1199,0.6975,0.564,0.3388,5.6119,0.3706,0.5791,0.539,0.0577,0.6459,0.5581,0.3171,4.7706,0.3523,0.5341,0.5054,-0.0311,115.38,1734.82,0.6829000000000001,0.6020000000000001
2023-02-14,FARM0505,H,-7.837294,112.353175,435,3,48,8156,292.02,2.03,9.85,23.6,3.5,80.7,14.9,0.7285,0.6774,0.3506,6.3658,0.4395,0.7713,0.5975,0.1202,0.6354,0.5742,0.4081,4.4858,0.3717,0.5174,0.5139,-0.0542,0.6819,0.6258,0.3793,5.4258,0.4056,0.6443,0.5557,0.033,84.51,1904.52,0.6207,0.65385
2024-03-10,FARM0505,H,-7.837294,112.353175,435,4,48,8192,322.21,2.27,17.15,23.7,31.3,63.8,16.8,0.6781,0.6461,0.4274,5.2131,0.4258,0.6201,0.5663,0.0209,0.6527,0.5595,0.268,4.7591,0.3347,0.5336,0.4958,-0.0247,0.6654,0.6028,0.3477,4.9861,0.3803,0.5769,0.531,-0.0019,97.21,1512.06,0.6523,0.6341
2020-12-26,FARM0506,H,-7.869229,112.335272,286,1,48,8687,331.05,2.61,13.88,24.3,1.9,64.8,13.2,0.6857,0.5528,0.3483,5.3631,0.3599,0.5858,0.5267,0.035,0.6819,0.6688,0.3339,5.2882,0.3767,0.6393,0.5369,0.028,0.6838,0.6108,0.3411,5.3257,0.3683,0.6125,0.5318,0.0315,104.24,1574.64,0.6589,0.6473
2022-01-20,FARM0506,H,-7.869229,112.335272,286,2,48,9617,305.87,2.67,33.01,26.3,3.3,69.3,13.4,0.6984,0.5599,0.2957,5.6309,0.4,0.6525,0.5593,0.0593,0.6227,0.5679,0.2489,4.3014,0.3227,0.4989,0.4754,-0.0751,0.6606,0.5639,0.2723,4.9661,0.3614,0.5757,0.5174,-0.0079,114.7,1822.59,0.7277,0.61225
2023-04-15,FARM0506,H,-7.869229,112.335272,286,3,56,8553,326.62,2.1,16.2,24.6,0.9,78.0,15.6,0.6515,0.5235,0.2798,4.7387,0.3462,0.6072,0.5035,-0.0268,0.6241,0.6364,0.2561,4.3199,0.313,0.5134,0.4688,-0.073,0.6378,0.58,0.268,4.5293,0.3296,0.5603,0.4861,-0.0499,103.9,1918.8,0.732,0.6089
2024-05-09,FARM0506,H,-7.869229,112.335272,286,4,48,8164,294.45,1.94,12.14,26.5,0.5,68.9,17.0,0.7035,0.5537,0.3493,5.7457,0.3909,0.6291,0.5555,0.0694,0.5952,0.6055,0.297,3.9409,0.3192,0.4928,0.4621,-0.1185,0.6494,0.5796,0.3231,4.8433,0.3551,0.5609,0.5088,-0.0245,83.45,1825.85,0.6769000000000001,0.6145
2020-12-26,FARM0507,H,-7.854627,112.345601,420,1,48,9595,345.69,2.23,26.24,20.0,21.9,74.7,16.7,0.6379,0.64,0.3833,4.5236,0.3864,0.5678,0.5242,-0.05,0.689,0.581,0.3128,5.4301,0.383,0.5837,0.5441,0.0412,0.6634,0.6105,0.3481,4.9768,0.3847,0.5757,0.5341,-0.0044,113.38,1494.0,0.6518999999999999,0.63695
2022-03-21,FARM0507,H,-7.854627,112.345601,420,2,56,9345,290.59,2.15,12.38,27.0,8.2,73.5,13.4,0.7268,0.6092,0.3904,6.3209,0.4437,0.6766,0.5993,0.1167,0.6589,0.6515,0.417,4.8638,0.3892,0.5826,0.5353,-0.0138,0.6929,0.6303,0.4037,5.5923,0.4164,0.6296,0.5673,0.0514,103.17,1984.5,0.5963,0.6616
2023-05-15,FARM0507,H,-7.854627,112.345601,420,3,52,9550,287.44,2.06,11.5,24.2,1.0,68.2,15.3,0.7128,0.645,0.4103,5.9631,0.4079,0.6522,0.5706,0.0878,0.6765,0.5978,0.3355,5.1828,0.3329,0.5894,0.5033,0.0179,0.6946,0.6214,0.3729,5.5729,0.3704,0.6208,0.537,0.0529,85.54,1650.44,0.6271,0.6579999999999999
2024-07-08,FARM0507,H,-7.854627,112.345601,420,4,52,9244,281.26,2.02,11.24,23.2,0.1,69.8,14.8,0.696,0.606,0.371,5.5793,0.4011,0.6753,0.559,0.0548,0.6914,0.6236,0.3314,5.4815,0.3836,0.5803,0.5455,0.0459,0.6937,0.6148,0.3512,5.5304,0.3924,0.6278,0.5523,0.0504,84.06,1619.36,0.6488,0.65425
2021-01-25,FARM0508,H,-7.836846,112.352138,333,1,52,9730,350.94,2.79,19.26,23.3,4.2,75.7,16.3,0.5831,0.6278,0.263,3.7971,0.3266,0.4672,0.4621,-0.1367,0.6136,0.611,0.3696,4.1765,0.3417,0.5385,0.485,-0.0897,0.5984,0.6194,0.3163,3.9868,0.3341,0.5029,0.4735,-0.1132,116.38,1763.81,0.6837,0.6089
2022-04-20,FARM0508,H,-7.836846,112.352138,333,2,56,9858,335.5,2.38,12.21,25.8,2.4,74.9,13.3,0.6575,0.5811,0.3774,4.8389,0.4019,0.6129,0.5425,-0.0164,0.7233,0.6535,0.263,6.229,0.367,0.6001,0.5464,0.1095,0.6904,0.6173,0.3202,5.534,0.3844,0.6065,0.5445,0.0465,102.91,1932.42,0.6798,0.65385
2023-06-14,FARM0508,H,-7.836846,112.352138,333,3,52,9780,278.72,2.12,13.73,24.1,0.1,71.9,16.5,0.6619,0.5964,0.3396,4.9163,0.3815,0.5951,0.5317,-0.0084,0.5837,0.6381,0.3378,3.8037,0.3048,0.4599,0.4473,-0.1359,0.6228,0.6173,0.3387,4.36,0.3432,0.5275,0.4895,-0.0722,98.72,1732.79,0.6613,0.62005
2024-07-08,FARM0508,H,-7.836846,112.352138,333,4,48,9943,276.08,1.76,5.68,23.5,6.4,64.7,14.1,0.6646,0.5703,0.4315,4.963,0.4026,0.6096,0.5461,-0.0037,0.6256,0.54,0.2259,4.3413,0.3094,0.5227,0.4666,-0.0705,0.6451,0.5551,0.3287,4.6521,0.356,0.5661,0.5064,-0.0371,84.08,1520.45,0.6713,0.6001000000000001
2021-01-25,FARM0509,H,-7.840464,112.363084,238,1,52,10249,331.59,2.94,28.79,23.9,11.9,68.3,13.9,0.6966,0.5611,0.3439,5.5924,0.3728,0.6933,0.5402,0.0559,0.679,0.6655,0.3439,5.2299,0.3987,0.5677,0.5501,0.0225,0.6878,0.6133,0.3439,5.4112,0.3858,0.6305,0.5452,0.0392,114.23,1632.37,0.6561,0.65055
2022-04-20,FARM0509,H,-7.840464,112.363084,238,2,56,8959,350.02,3.16,30.31,25.9,2.1,70.9,13.9,0.6822,0.5559,0.3527,5.2941,0.3836,0.649,0.5417,0.0286,0.705,0.6281,0.4271,5.7802,0.409,0.642,0.568,0.0724,0.6936,0.592,0.3899,5.5371,0.3963,0.6455,0.5548,0.0505,114.65,1836.31,0.6101,0.6428
2023-05-15,FARM0509,H,-7.840464,112.363084,238,3,48,9367,293.26,2.32,20.57,27.7,1.8,77.7,14.3,0.6113,0.578,0.3009,4.1455,0.3746,0.5354,0.5049,-0.0934,0.7419,0.6021,0.389,6.7495,0.411,0.7383,0.5849,0.1489,0.6766,0.5901,0.345,5.4475,0.3928,0.6369,0.5449,0.0277,113.21,2152.29,0.655,0.63335
2024-08-07,FARM0509,H,-7.840464,112.363084,238,4,56,9114,320.66,2.18,15.14,20.0,2.0,68.3,16.7,0.6137,0.5889,0.4195,4.1773,0.374,0.5249,0.5057,-0.0896,0.6013,0.5579,0.3146,4.0164,0.331,0.5144,0.4727,-0.1091,0.6075,0.5734,0.367,4.0968,0.3525,0.5197,0.4892,-0.0994,83.62,1366.0,0.633,0.59045
2020-12-26,FARM0510,H,-7.869393,112.363545,749,1,48,9053,342.44,2.95,31.21,20.2,23.6,73.7,14.9,0.6445,0.5966,0.3648,4.6266,0.3976,0.608,0.534,-0.0388,0.6469,0.6537,0.3225,4.6641,0.387,0.5881,0.5286,-0.0348,0.6457,0.6251,0.3437,4.6454,0.3923,0.598,0.5313,-0.0368,115.79,1488.74,0.6563,0.6354
2022-01-20,FARM0510,H,-7.869393,112.363545,749,2,48,9346,301.3,2.48,17.73,24.2,3.0,79.0,16.7,0.6725,0.5848,0.4201,5.1071,0.4095,0.6057,0.5539,0.0106,0.7035,0.6311,0.3407,5.7444,0.3666,0.621,0.5385,0.0693,0.688,0.608,0.3804,5.4258,0.388,0.6134,0.5462,0.0399,116.68,1911.8,0.6195999999999999,0.6479999999999999
2023-04-15,FARM0510,H,-7.869393,112.363545,749,3,56,9631,332.36,2.39,15.67,25.1,3.9,79.6,15.4,0.7014,0.5765,0.292,5.6975,0.3842,0.6835,0.55,0.0652,0.7114,0.6577,0.3674,5.9305,0.3728,0.5864,0.5461,0.0851,0.7064,0.6171,0.3297,5.814,0.3785,0.6349,0.5481,0.0752,115.92,1997.96,0.6703,0.6617500000000001
2024-07-08,FARM0510,H,-7.869393,112.363545,749,4,56,9424,279.35,2.17,16.08,22.8,1.0,73.7,13.0,0.647,0.5635,0.3045,4.6661,0.3799,0.5643,0.5241,-0.0345,0.66,0.6337,0.3271,4.882,0.3752,0.562,0.5267,-0.0119,0.6535,0.5986,0.3158,4.7741,0.3775,0.5632,0.5254,-0.0232,103.73,1680.36,0.6841999999999999,0.62605
2020-12-26,FARM0511,H,-7.853786,112.366744,603,1,48,9910,373.14,2.68,24.91,20.4,13.3,76.0,13.8,0.6898,0.6441,0.3778,5.4467,0.4075,0.6765,0.5604,0.0428,0.7084,0.5991,0.3876,5.8578,0.3789,0.6003,0.5492,0.079,0.6991,0.6216,0.3827,5.6522,0.3932,0.6384,0.5548,0.0609,113.51,1550.4,0.6173,0.66035
2022-01-20,FARM0511,H,-7.853786,112.366744,603,2,48,9192,293.41,2.16,18.12,20.9,13.4,70.4,16.6,0.6903,0.6544,0.3215,5.4582,0.4257,0.6558,0.5718,0.0438,0.5934,0.5543,0.2714,3.9188,0.3189,0.4626,0.4611,-0.1212,0.6419,0.6044,0.2965,4.6885,0.3723,0.5592,0.5165,-0.0387,111.51,1471.36,0.7035,0.6231500000000001
2023-03-16,FARM0511,H,-7.853786,112.366744,603,3,52,8393,296.2,2.24,18.97,27.9,5.6,65.4,13.2,0.6348,0.5826,0.3563,4.4764,0.371,0.6068,0.5132,-0.0553,0.6287,0.6268,0.2902,4.3859,0.3573,0.529,0.5016,-0.0654,0.6317,0.6047,0.3232,4.4312,0.3642,0.5679,0.5074,-0.0603,117.0,1824.66,0.6768000000000001,0.6182000000000001
2024-06-08,FARM0511,H,-7.853786,112.366744,603,4,56,8982,275.01,2.29,15.33,23.4,2.1,73.3,16.8,0.7267,0.6492,0.393,6.3181,0.4428,0.6713,0.5987,0.1165,0.6799,0.6683,0.3951,5.2471,0.3774,0.57,0.5365,0.0241,0.7033,0.6587,0.394,5.7826,0.4101,0.6206,0.5676,0.0703,101.6,1715.22,0.606,0.681
2020-12-26,FARM0512,H,-7.842893,112.342653,382,1,48,9292,320.23,2.68,23.41,21.4,5.1,66.8,16.0,0.6851,0.6179,0.288,5.3513,0.3588,0.5955,0.5257,0.0339,0.6318,0.606,0.3978,4.4313,0.3764,0.5195,0.5153,-0.0603,0.6584,0.612,0.3429,4.8913,0.3676,0.5575,0.5205,-0.0132,115.85,1429.52,0.6571,0.6352
2022-03-21,FARM0512,H,-7.842893,112.342653,382,2,56,9158,355.04,2.67,19.18,26.1,7.7,75.2,16.0,0.6491,0.5923,0.2993,4.6996,0.3396,0.5698,0.4978,-0.031,0.6049,0.5528,0.347,4.0615,0.3075,0.5038,0.4574,-0.1036,0.627,0.5726,0.3232,4.3805,0.3236,0.5368,0.4776,-0.0673,115.03,1962.72,0.6768000000000001,0.5998
2023-06-14,FARM0512,H,-7.842893,112.342653,382,3,56,8898,342.42,2.37,15.23,25.5,1.5,76.1,14.0,0.6816,0.5892,0.3518,5.2812,0.3797,0.6109,0.5388,0.0274,0.618,0.5975,0.2809,4.2351,0.3394,0.5329,0.4852,-0.0828,0.6498,0.5933,0.3164,4.7582,0.3596,0.5719,0.512,-0.0277,110.52,1940.55,0.6836,0.62155
2024-09-06,FARM0512,H,-7.842893,112.342653,382,4,56,10062,265.34,2.2,16.44,20.0,0.6,81.8,14.4,0.6439,0.5672,0.3019,4.616,0.3832,0.5647,0.5248,-0.0399,0.6086,0.6098,0.388,4.1093,0.3323,0.4728,0.4765,-0.0978,0.6262,0.5885,0.3449,4.3626,0.3577,0.5188,0.5007,-0.0689,105.99,1636.0,0.6551,0.6073500000000001
2020-12-26,FARM0513,H,-7.865147,112.351648,421,1,48,8428,306.49,2.33,20.4,23.8,19.2,80.9,13.6,0.7339,0.6524,0.3263,6.5154,0.4436,0.6877,0.6025,0.1316,0.6853,0.6413,0.3101,5.3552,0.3598,0.5611,0.5265,0.0343,0.7096,0.6469,0.3182,5.9353,0.4017,0.6244,0.5645,0.0829,116.26,1925.42,0.6818,0.67825
2022-01-20,FARM0513,H,-7.865147,112.351648,421,2,48,9016,322.86,2.05,17.44,21.9,7.2,67.3,14.9,0.6715,0.5334,0.3468,5.0874,0.3573,0.5696,0.5193,0.0087,0.686,0.6299,0.3757,5.3692,0.4065,0.6483,0.5581,0.0356,0.6787,0.5817,0.3613,5.2283,0.3819,0.609,0.5387,0.0221,110.91,1473.87,0.6387,0.6302
2023-02-14,FARM0513,H,-7.865147,112.351648,421,3,48,8489,321.5,1.99,11.52,28.4,12.8,82.4,14.2,0.6536,0.6446,0.3719,4.7744,0.4044,0.592,0.5422,-0.0231,0.6408,0.6119,0.3937,4.5683,0.3743,0.5684,0.5179,-0.0451,0.6472,0.6283,0.3828,4.6713,0.3893,0.5802,0.5301,-0.0341,84.06,2340.16,0.6172,0.63775
2024-04-09,FARM0513,H,-7.865147,112.351648,421,4,52,8208,287.28,2.21,9.43,25.6,1.4,79.4,14.9,0.6121,0.5773,0.392,4.1562,0.3692,0.5123,0.502,-0.0922,0.6947,0.5918,0.322,5.5499,0.3311,0.6012,0.5085,0.0521,0.6534,0.5846,0.357,4.853,0.3501,0.5567,0.5052,-0.02,84.63,2032.64,0.643,0.619
2021-01-25,FARM0514,H,-7.854245,112.353612,291,1,52,8846,328.56,3.06,37.03,25.7,2.4,71.7,15.8,0.6561,0.6136,0.3332,4.8163,0.3885,0.6238,0.5336,-0.0187,0.6615,0.672,0.4325,4.9081,0.3882,0.5903,0.5357,-0.0093,0.6588,0.6428,0.3828,4.8622,0.3883,0.607,0.5347,-0.014,116.63,1842.69,0.6172,0.6508
2022-02-19,FARM0514,H,-7.854245,112.353612,291,2,48,8670,298.22,2.53,19.74,24.0,1.5,79.8,15.0,0.6986,0.5764,0.3906,5.6357,0.3804,0.6203,0.5463,0.0598,0.6512,0.6422,0.3725,4.7343,0.3506,0.5614,0.5065,-0.0273,0.6749,0.6093,0.3816,5.185,0.3655,0.5909,0.5264,0.0162,112.8,1915.2,0.6184000000000001,0.6421
2023-04-15,FARM0514,H,-7.854245,112.353612,291,3,52,9175,253.68,3.1,23.87,27.6,1.1,64.0,14.2,0.6438,0.6082,0.3269,4.6142,0.4042,0.5637,0.5376,-0.0401,0.6695,0.5614,0.3291,5.0505,0.3637,0.5379,0.5229,0.005,0.6566,0.5848,0.328,4.8324,0.3839,0.5508,0.5302,-0.0175,113.67,1766.4,0.6719999999999999,0.6207
2024-06-08,FARM0514,H,-7.854245,112.353612,291,4,52,9141,281.68,2.27,12.54,23.2,1.3,69.9,15.6,0.5784,0.5876,0.3008,3.7436,0.3161,0.5094,0.4531,-0.1437,0.6451,0.6479,0.3452,4.6358,0.3746,0.567,0.52,-0.0378,0.6118,0.6178,0.323,4.1897,0.3453,0.5382,0.4865,-0.0907,84.92,1621.68,0.677,0.6148
2020-12-26,FARM0515,H,-7.851217,112.342208,517,1,48,10036,356.84,2.21,20.66,23.6,1.0,70.5,14.5,0.7,0.6115,0.306,5.6663,0.4066,0.6699,0.5642,0.0625,0.7148,0.6559,0.2729,6.0133,0.3774,0.6756,0.5507,0.092,0.7074,0.6337,0.2894,5.8398,0.392,0.6728,0.5575,0.0772,113.85,1663.8,0.7106,0.67055
2022-02-19,FARM0515,H,-7.851217,112.342208,517,2,52,10070,323.42,2.5,14.82,28.7,23.1,69.6,14.2,0.6864,0.6404,0.3539,5.3773,0.4087,0.6966,0.5597,0.0364,0.6572,0.5969,0.3582,4.8339,0.3777,0.6037,0.5272,-0.0169,0.6718,0.6187,0.356,5.1056,0.3932,0.6502,0.5434,0.0097,116.17,1997.52,0.644,0.64525
2023-05-15,FARM0515,H,-7.851217,112.342208,517,3,56,8873,332.01,2.39,11.67,23.4,12.4,68.4,14.9,0.7161,0.6393,0.4295,6.0445,0.4274,0.6638,0.5845,0.0946,0.6525,0.597,0.4237,4.7547,0.3917,0.6021,0.534,-0.0251,0.6843,0.6182,0.4266,5.3996,0.4096,0.633,0.5593,0.0347,86.45,1600.56,0.5734,0.65125
2024-06-08,FARM0515,H,-7.851217,112.342208,517,4,48,8600,270.9,1.89,7.17,22.4,7.7,78.9,15.7,0.7297,0.6745,0.3744,6.4003,0.435,0.6843,0.5953,0.1228,0.7195,0.6621,0.3451,6.1303,0.3824,0.6743,0.5561,0.1016,0.7246,0.6683,0.3598,6.2653,0.4087,0.6793,0.5757,0.1122,86.67,1767.36,0.6402,0.69645
2021-02-24,FARM0516,H,-7.860826,112.355888,741,1,56,9539,374.72,2.26,19.42,26.7,11.7,79.2,16.6,0.6633,0.6219,0.4018,4.9396,0.4139,0.6491,0.5524,-0.0061,0.6811,0.6673,0.338,5.2723,0.3855,0.6227,0.5425,0.0265,0.6722,0.6446,0.3699,5.1059,0.3997,0.6359,0.5474,0.0102,114.94,2114.64,0.6301,0.6584
2022-05-20,FARM0516,H,-7.860826,112.355888,741,2,56,9492,340.2,2.63,19.02,24.9,1.2,69.9,13.6,0.7061,0.5907,0.3554,5.8058,0.3873,0.6987,0.5541,0.0746,0.5797,0.6229,0.2482,3.7583,0.3005,0.4569,0.4426,-0.1418,0.6429,0.6068,0.3018,4.782,0.3439,0.5778,0.4983,-0.0336,113.86,1740.51,0.6981999999999999,0.62485
2023-07-14,FARM0516,H,-7.860826,112.355888,741,3,52,8571,305.26,2.62,21.37,20.0,0.6,68.6,13.2,0.6585,0.5526,0.3018,4.8566,0.3502,0.5579,0.5091,-0.0145,0.627,0.5953,0.3166,4.3613,0.3474,0.5551,0.4944,-0.0682,0.6427,0.5739,0.3092,4.609,0.3488,0.5565,0.5017,-0.0414,115.92,1372.0,0.6908000000000001,0.6083000000000001
2024-10-06,FARM0516,H,-7.860826,112.355888,741,4,56,7788,281.86,2.44,15.96,20.0,1.9,68.2,15.2,0.6934,0.6594,0.3512,5.5235,0.4171,0.6701,0.568,0.0497,0.6804,0.6277,0.3444,5.257,0.3403,0.6109,0.5103,0.0251,0.6869,0.6435,0.3478,5.3903,0.3787,0.6405,0.5392,0.0374,83.34,1364.0,0.6522,0.6652
2020-12-26,FARM0517,H,-7.836394,112.362129,663,1,48,9979,339.28,2.76,20.55,21.4,5.2,74.8,14.3,0.6971,0.5823,0.3449,5.6033,0.4056,0.6891,0.5624,0.0569,0.7219,0.6432,0.3923,6.191,0.3664,0.5938,0.5454,0.1064,0.7095,0.6128,0.3686,5.8971,0.386,0.6414,0.5539,0.0817,114.56,1600.72,0.6314,0.66115
2022-03-21,FARM0517,H,-7.836394,112.362129,663,2,56,8987,317.83,2.58,18.68,26.2,5.2,68.8,13.3,0.6794,0.5855,0.4046,5.2376,0.4103,0.6726,0.5575,0.0232,0.6346,0.6016,0.3156,4.4733,0.3433,0.5563,0.4947,-0.0556,0.657,0.5936,0.3601,4.8554,0.3768,0.6144,0.5261,-0.0162,115.6,1802.56,0.6399,0.6253
2023-05-15,FARM0517,H,-7.836394,112.362129,663,3,52,10241,271.5,2.01,9.0,27.3,0.3,66.8,16.7,0.6612,0.5974,0.3131,4.9038,0.3431,0.5643,0.5051,-0.0097,0.6444,0.5895,0.2414,4.6239,0.3216,0.5352,0.4828,-0.0391,0.6528,0.5934,0.2773,4.7639,0.3323,0.5498,0.494,-0.0244,84.56,1823.64,0.7227,0.6231
2024-08-07,FARM0517,H,-7.836394,112.362129,663,4,56,9127,275.16,2.6,22.16,20.0,3.0,74.0,14.7,0.5866,0.5859,0.3461,3.8379,0.3302,0.4811,0.466,-0.1315,0.7164,0.5956,0.3774,6.0516,0.3541,0.6585,0.5342,0.0952,0.6515,0.5907,0.3617,4.9447,0.3422,0.5698,0.5001,-0.0182,117.1,1480.0,0.6383,0.6211
2021-01-25,FARM0518,H,-7.862835,112.358755,204,1,52,9216,359.19,2.45,14.15,21.6,6.1,82.4,16.0,0.6622,0.5306,0.3216,4.9204,0.3584,0.5694,0.5163,-0.008,0.6588,0.6282,0.3569,4.8611,0.346,0.568,0.5062,-0.0141,0.6605,0.5794,0.3393,4.8908,0.3522,0.5687,0.5112,-0.0111,102.98,1779.84,0.6607000000000001,0.61995
2022-02-19,FARM0518,H,-7.862835,112.358755,204,2,48,9185,360.97,2.1,20.08,24.8,16.6,64.9,16.5,0.6687,0.5853,0.3606,5.0362,0.407,0.6408,0.5507,0.0036,0.736,0.5844,0.3773,6.5762,0.4194,0.6508,0.588,0.1362,0.7023,0.5849,0.369,5.8062,0.4132,0.6458,0.5693,0.0699,113.76,1609.52,0.631,0.6436
2023-03-16,FARM0518,H,-7.862835,112.358755,204,3,48,9180,296.78,2.61,19.35,24.7,16.5,70.2,17.0,0.6284,0.5871,0.3305,4.3824,0.3837,0.5747,0.5182,-0.0658,0.729,0.6316,0.3141,6.3811,0.3877,0.6373,0.5636,0.1214,0.6787,0.6093,0.3223,5.3818,0.3857,0.606,0.5409,0.0278,116.6,1733.94,0.6777,0.6439999999999999
2024-06-08,FARM0518,H,-7.862835,112.358755,204,4,56,8467,256.45,1.82,6.4,26.7,13.0,75.7,13.4,0.669,0.6536,0.4328,5.0424,0.4106,0.6348,0.553,0.0042,0.6567,0.6639,0.3911,4.8258,0.3942,0.5726,0.5374,-0.0177,0.6629,0.6588,0.4119,4.9341,0.4024,0.6037,0.5452,-0.0068,86.23,2021.19,0.5881000000000001,0.66085
2021-01-25,FARM0519,H,-7.855815,112.331919,510,1,52,9623,294.11,2.97,19.98,25.6,6.3,71.9,16.2,0.7053,0.6256,0.3716,5.7872,0.4188,0.7146,0.5744,0.073,0.7001,0.6692,0.3625,5.6686,0.3839,0.5916,0.5493,0.0627,0.7027,0.6474,0.367,5.7279,0.4014,0.6531,0.5618,0.0678,115.21,1840.64,0.633,0.6750499999999999
2022-03-21,FARM0519,H,-7.855815,112.331919,510,2,52,8709,292.84,2.49,22.33,28.0,17.1,79.2,14.4,0.655,0.635,0.3444,4.7975,0.3557,0.577,0.5116,-0.0207,0.6632,0.6806,0.3551,4.9386,0.382,0.5525,0.5325,-0.0062,0.6591,0.6578,0.3498,4.868,0.3689,0.5648,0.522,-0.0134,115.54,2217.6,0.6502,0.65845
2023-06-14,FARM0519,H,-7.855815,112.331919,510,3,56,8421,323.83,2.6,27.71,21.7,4.4,77.3,14.4,0.6264,0.6453,0.3341,4.354,0.3986,0.5495,0.5262,-0.0691,0.6261,0.6303,0.3308,4.3487,0.3529,0.5315,0.4976,-0.0697,0.6263,0.6378,0.3325,4.3514,0.3757,0.5405,0.5119,-0.0694,114.07,1677.41,0.6675,0.63205
2024-08-07,FARM0519,H,-7.855815,112.331919,510,4,52,8467,303.14,2.44,16.98,20.0,4.0,81.3,13.8,0.6602,0.5982,0.3361,4.8862,0.3783,0.6456,0.5288,-0.0115,0.6668,0.6733,0.3449,5.0023,0.3865,0.6016,0.537,0.0002,0.6635,0.6358,0.3405,4.9442,0.3824,0.6236,0.5329,-0.0056,101.72,1626.0,0.6595,0.6496500000000001
2021-01-25,FARM0520,H,-7.867022,112.339652,475,1,52,8181,331.71,2.38,13.61,22.3,3.1,80.0,15.3,0.7059,0.5863,0.3436,5.8003,0.4007,0.636,0.563,0.0741,0.6317,0.5795,0.2875,4.4298,0.3556,0.5113,0.5018,-0.0605,0.6688,0.5829,0.3156,5.1151,0.3781,0.5737,0.5324,0.0068,90.58,1784.0,0.6844,0.62585
2022-03-21,FARM0520,H,-7.867022,112.339652,475,2,52,8841,290.25,2.67,17.55,26.5,3.5,68.2,15.0,0.6533,0.6106,0.3712,4.7692,0.4135,0.6423,0.5475,-0.0236,0.587,0.5801,0.2633,3.8428,0.3101,0.4553,0.4524,-0.1309,0.6202,0.5954,0.3172,4.306,0.3618,0.5488,0.4999,-0.0772,114.83,1807.3,0.6828000000000001,0.6078
2023-05-15,FARM0520,H,-7.867022,112.339652,475,3,52,8577,294.23,2.07,11.06,26.8,0.5,74.6,16.3,0.6894,0.5643,0.2784,5.4398,0.3706,0.6486,0.5358,0.0421,0.6334,0.6429,0.3147,4.4548,0.359,0.5047,0.5048,-0.0577,0.6614,0.6036,0.2966,4.9473,0.3648,0.5767,0.5203,-0.0078,83.48,1999.28,0.7034,0.6325000000000001
2024-08-07,FARM0520,H,-7.867022,112.339652,475,4,56,8199,305.44,2.33,24.41,20.0,1.7,69.6,16.3,0.628,0.6433,0.4243,4.377,0.4033,0.5591,0.5297,-0.0664,0.68,0.5994,0.3437,5.2509,0.3277,0.5538,0.5006,0.0245,0.654,0.6214,0.384,4.814,0.3655,0.5564,0.5151,-0.021,116.47,1392.0,0.616,0.6376999999999999
2021-01-25,FARM0521,H,-7.845238,112.352505,272,1,52,8954,344.39,2.78,36.9,22.4,22.0,68.5,16.7,0.7062,0.581,0.2699,5.8067,0.3863,0.6463,0.5534,0.0747,0.6832,0.5913,0.26,5.3122,0.3561,0.6056,0.523,0.0303,0.6947,0.5862,0.2649,5.5595,0.3712,0.626,0.5382,0.0525,115.75,1534.4,0.7351,0.64045
2022-02-19,FARM0521,H,-7.845238,112.352505,272,2,48,10005,335.28,2.0,12.19,23.5,50.0,72.4,13.2,0.6744,0.6028,0.2934,5.1417,0.3525,0.6265,0.517,0.014,0.7418,0.652,0.3693,6.7474,0.4069,0.6731,0.5821,0.1487,0.7081,0.6274,0.3313,5.9446,0.3797,0.6498,0.5496,0.0814,92.77,1701.4,0.6687000000000001,0.66775
2023-04-15,FARM0521,H,-7.845238,112.352505,272,3,52,9913,286.88,2.3,21.22,26.3,7.4,82.7,16.3,0.6212,0.5478,0.2552,4.2803,0.3391,0.5075,0.4864,-0.0776,0.6376,0.6288,0.3655,4.5194,0.3778,0.5378,0.5187,-0.0505,0.6294,0.5883,0.3104,4.3999,0.3585,0.5227,0.5025,-0.064,114.32,2175.01,0.6896,0.60885
2024-05-09,FARM0521,H,-7.845238,112.352505,272,4,48,9577,285.4,2.26,10.39,24.1,1.2,79.9,13.2,0.6355,0.607,0.2727,4.4864,0.3613,0.564,0.5072,-0.0541,0.6925,0.6087,0.2869,5.5034,0.3293,0.566,0.5063,0.0479,0.664,0.6079,0.2798,4.9949,0.3453,0.565,0.5068,-0.0031,83.42,1925.59,0.7202,0.63595
2020-12-26,FARM0522,H,-7.834697,112.360344,247,1,48,9084,344.93,2.65,24.91,21.6,13.3,79.2,16.3,0.6097,0.5178,0.2967,4.1246,0.3302,0.5413,0.4755,-0.0959,0.7489,0.6848,0.3726,6.9657,0.4281,0.7343,0.5992,0.1643,0.6793,0.6013,0.3346,5.5452,0.3791,0.6378,0.5374,0.0342,113.0,1710.72,0.6654,0.6403
2022-03-21,FARM0522,H,-7.834697,112.360344,247,2,56,9025,272.72,2.2,12.05,24.7,7.5,80.8,13.6,0.7341,0.6702,0.3868,6.5205,0.4459,0.6983,0.604,0.132,0.6643,0.5422,0.2658,4.9571,0.3432,0.5453,0.5064,-0.0043,0.6992,0.6062,0.3263,5.7388,0.3946,0.6218,0.5552,0.0638,85.0,1995.76,0.6737,0.6527000000000001
2023-04-15,FARM0522,H,-7.834697,112.360344,247,3,48,8834,277.21,2.18,9.13,24.8,0.5,80.2,16.7,0.6598,0.6446,0.3903,4.8792,0.4019,0.5944,0.5435,-0.0122,0.7128,0.5749,0.2951,5.9627,0.3976,0.672,0.5638,0.0878,0.6863,0.6098,0.3427,5.4209,0.3997,0.6332,0.5537,0.0378,84.25,1988.96,0.6573,0.64805
2024-07-08,FARM0522,H,-7.834697,112.360344,247,4,56,7844,244.49,2.07,8.3,21.3,0.6,77.2,16.4,0.6292,0.6328,0.3953,4.394,0.3685,0.5972,0.5091,-0.0645,0.6763,0.6291,0.3107,5.1781,0.3407,0.5603,0.5091,0.0175,0.6527,0.631,0.353,4.7861,0.3546,0.5788,0.5091,-0.0235,85.06,1644.36,0.647,0.64185
2021-01-25,FARM0523,H,-7.868368,112.338764,578,1,52,9268,307.37,2.85,24.53,21.6,11.6,67.1,15.6,0.6353,0.6028,0.4017,4.4842,0.3673,0.6017,0.511,-0.0544,0.6045,0.5564,0.3572,4.0569,0.3158,0.4652,0.4633,-0.1041,0.6199,0.5796,0.3795,4.2705,0.3416,0.5335,0.4872,-0.0793,112.92,1449.36,0.6205,0.59975
2022-02-19,FARM0523,H,-7.868368,112.338764,578,2,48,9465,322.91,2.25,18.62,25.7,0.3,73.5,13.3,0.5908,0.6124,0.325,3.8875,0.3437,0.5307,0.4766,-0.1252,0.6191,0.5785,0.3726,4.2501,0.3214,0.5042,0.473,-0.0811,0.6049,0.5955,0.3488,4.0688,0.3325,0.5174,0.4748,-0.1031,114.24,1888.95,0.6512,0.6002000000000001
2023-03-16,FARM0523,H,-7.868368,112.338764,578,3,48,9364,301.87,2.5,23.42,25.8,15.6,81.5,13.5,0.6507,0.616,0.3317,4.7253,0.4137,0.5971,0.5463,-0.0282,0.645,0.5416,0.329,4.6338,0.3171,0.5485,0.4797,-0.038,0.6478,0.5788,0.3304,4.6796,0.3654,0.5728,0.513,-0.0331,113.09,2102.7,0.6696,0.6133
2024-04-09,FARM0523,H,-7.868368,112.338764,578,4,48,9382,279.88,2.29,14.03,25.4,0.4,69.7,16.4,0.689,0.5908,0.4393,5.4314,0.42,0.6209,0.5678,0.0414,0.6451,0.6711,0.3219,4.6348,0.3815,0.5453,0.5243,-0.0379,0.667,0.631,0.3806,5.0331,0.4007,0.5831,0.5461,0.0017,95.38,1770.38,0.6194,0.649
2021-02-24,FARM0524,H,-7.835476,112.352987,586,1,56,9628,333.95,2.46,17.91,27.4,7.8,74.0,15.0,0.6483,0.6429,0.4351,4.6859,0.4089,0.5804,0.5424,-0.0324,0.6447,0.6174,0.3508,4.6291,0.3252,0.5138,0.4856,-0.0385,0.6465,0.6302,0.3929,4.6575,0.3671,0.5471,0.514,-0.0355,112.74,2027.6,0.6071,0.63835
2022-04-20,FARM0524,H,-7.835476,112.352987,586,2,52,10222,304.74,2.46,20.05,27.7,1.4,71.9,15.8,0.6715,0.6257,0.3202,5.0891,0.3959,0.6709,0.545,0.0088,0.6748,0.5397,0.3304,5.1499,0.339,0.5796,0.5073,0.0148,0.6732,0.5827,0.3253,5.1195,0.3674,0.6253,0.5262,0.0118,114.38,1991.63,0.6747000000000001,0.62795
2023-05-15,FARM0524,H,-7.835476,112.352987,586,3,48,8957,280.72,2.47,17.34,24.7,5.0,70.0,14.3,0.5731,0.5392,0.3176,3.6848,0.3192,0.4975,0.453,-0.1514,0.6702,0.5334,0.2351,5.0637,0.3273,0.5277,0.4967,0.0063,0.6216,0.5363,0.2763,4.3743,0.3232,0.5126,0.4748,-0.0726,113.98,1729.0,0.7237,0.5789500000000001
2024-08-07,FARM0524,H,-7.835476,112.352987,586,4,56,9497,268.92,1.77,10.43,21.6,0.8,73.1,16.9,0.637,0.5887,0.375,4.5091,0.3945,0.5834,0.5287,-0.0516,0.6552,0.6482,0.3389,4.8002,0.3368,0.5149,0.4982,-0.0204,0.6461,0.6185,0.3569,4.6547,0.3657,0.5491,0.5134,-0.036,84.43,1578.96,0.6431,0.6323000000000001
2021-01-25,FARM0525,H,-7.841699,112.336864,337,1,52,9987,334.39,2.4,17.35,26.5,50.0,78.0,16.0,0.6419,0.6236,0.3956,4.5851,0.3687,0.5956,0.5148,-0.0433,0.6211,0.5474,0.3686,4.278,0.3385,0.5274,0.4859,-0.0778,0.6315,0.5855,0.3821,4.4316,0.3536,0.5615,0.5003,-0.0605,117.14,2067.0,0.6179,0.6085
2022-02-19,FARM0525,H,-7.841699,112.336864,337,2,48,9372,296.99,2.76,27.94,22.9,11.3,71.1,14.8,0.6876,0.5968,0.2647,5.4016,0.3745,0.6137,0.5378,0.0386,0.6755,0.5934,0.3954,5.1626,0.3986,0.6229,0.5485,0.016,0.6815,0.5951,0.33,5.2821,0.3866,0.6183,0.5431,0.0273,115.48,1628.19,0.6699999999999999,0.6383
2023-03-16,FARM0525,H,-7.841699,112.336864,337,3,48,8471,281.33,2.69,15.16,24.5,50.0,74.2,14.1,0.5929,0.545,0.3862,3.9128,0.3437,0.5008,0.4775,-0.122,0.6387,0.593,0.3546,4.5352,0.3768,0.5824,0.5185,-0.0487,0.6158,0.569,0.3704,4.224,0.3603,0.5416,0.498,-0.0854,98.89,1817.9,0.6295999999999999,0.5924
2024-04-09,FARM0525,H,-7.841699,112.336864,337,4,48,9156,298.04,1.89,11.52,29.0,0.2,80.0,15.4,0.6327,0.5954,0.4262,4.4449,0.4045,0.5838,0.5326,-0.0588,0.6595,0.5601,0.3138,4.873,0.3358,0.5523,0.4991,-0.0129,0.6461,0.5777,0.37,4.659,0.3702,0.568,0.5158,-0.0358,84.92,2320.0,0.63,0.6119
2021-01-25,FARM0526,H,-7.840341,112.331374,497,1,52,9582,331.72,3.17,23.62,25.1,1.4,66.4,15.3,0.7258,0.6257,0.3358,6.2941,0.429,0.7672,0.5898,0.1146,0.7151,0.6201,0.2724,6.0201,0.3711,0.5971,0.5463,0.0926,0.7205,0.6229,0.3041,6.1571,0.4001,0.6821,0.5681,0.1036,116.83,1666.64,0.6959,0.6717
2022-03-21,FARM0526,H,-7.840341,112.331374,497,2,52,9858,323.1,2.63,31.1,27.3,2.0,68.4,13.8,0.6725,0.5178,0.3535,5.1067,0.3516,0.6058,0.5156,0.0106,0.6821,0.6529,0.3923,5.2914,0.3822,0.6399,0.5407,0.0283,0.6773,0.5853,0.3729,5.199,0.3669,0.6228,0.5282,0.0194,113.15,1867.32,0.6271,0.6313
2023-06-14,FARM0526,H,-7.840341,112.331374,497,3,56,8971,330.03,2.96,23.11,24.8,3.5,77.3,15.5,0.6068,0.5586,0.3764,4.0861,0.3665,0.5314,0.498,-0.1006,0.6374,0.6192,0.3626,4.5161,0.3511,0.5387,0.5012,-0.0509,0.6221,0.5889,0.3695,4.3011,0.3588,0.5351,0.4996,-0.0757,113.69,1917.04,0.6305000000000001,0.6054999999999999
2024-09-06,FARM0526,H,-7.840341,112.331374,497,4,56,8647,255.73,2.46,20.38,20.0,0.0,66.4,14.5,0.633,0.594,0.2439,4.4503,0.3391,0.5399,0.4911,-0.0582,0.6613,0.6053,0.353,4.9044,0.3761,0.5785,0.5279,-0.0096,0.6472,0.5997,0.2985,4.6774,0.3576,0.5592,0.5095,-0.0339,109.34,1328.0,0.7015,0.6234500000000001
2020-12-26,FARM0527,H,-7.867,112.341541,758,1,48,9480,341.11,2.58,18.39,20.5,0.2,71.6,14.2,0.6125,0.6256,0.406,4.1612,0.3705,0.582,0.503,-0.0916,0.6116,0.5463,0.3212,4.1498,0.3103,0.4834,0.4621,-0.0929,0.6121,0.586,0.3636,4.1555,0.3404,0.5327,0.4825,-0.0922,116.37,1467.8,0.6364000000000001,0.59905
2022-01-20,FARM0527,H,-7.867,112.341541,758,2,48,10433,333.11,2.85,24.35,25.9,3.8,75.1,15.9,0.6732,0.5629,0.391,5.1193,0.3964,0.6364,0.5461,0.0118,0.6663,0.6717,0.4101,4.9942,0.3844,0.5668,0.5354,-0.0006,0.6698,0.6173,0.4005,5.0567,0.3904,0.6016,0.5408,0.0056,113.03,1945.09,0.5994999999999999,0.64355
2023-04-15,FARM0527,H,-7.867,112.341541,758,3,56,9248,321.0,2.66,18.38,23.9,1.5,80.7,16.7,0.6282,0.6288,0.4181,4.3796,0.3825,0.551,0.5174,-0.0661,0.6723,0.6222,0.3719,5.1037,0.3621,0.5472,0.523,0.0103,0.6503,0.6255,0.395,4.7417,0.3723,0.5491,0.5202,-0.0279,116.21,1928.73,0.605,0.6378999999999999
2024-05-09,FARM0527,H,-7.867,112.341541,758,4,48,8469,273.04,2.82,27.28,24.2,0.1,77.6,13.6,0.6465,0.6218,0.3638,4.658,0.345,0.5425,0.5006,-0.0354,0.6564,0.5936,0.3114,4.82,0.3865,0.6042,0.5325,-0.0183,0.6514,0.6077,0.3376,4.739,0.3658,0.5733,0.5166,-0.0269,113.56,1877.92,0.6624,0.62955
2021-02-24,FARM0528,H,-7.834,112.351002,662,1,56,10516,368.18,2.11,17.52,26.6,38.2,82.9,15.5,0.6923,0.6312,0.3158,5.5006,0.392,0.6405,0.5515,0.0477,0.7162,0.6213,0.3077,6.0466,0.3981,0.656,0.5655,0.0947,0.7043,0.6262,0.3117,5.7736,0.395,0.6482,0.5585,0.0712,115.08,2205.14,0.6883,0.66525
2022-03-21,FARM0528,H,-7.834,112.351002,662,2,48,10203,340.91,2.36,13.87,27.6,28.3,66.2,13.7,0.6449,0.5377,0.3008,4.6314,0.352,0.6039,0.5049,-0.0383,0.6295,0.6041,0.3212,4.3982,0.3599,0.5143,0.5037,-0.064,0.6372,0.5709,0.311,4.5148,0.356,0.5591,0.5043,-0.0512,116.24,1827.12,0.6890000000000001,0.60405
2023-04-15,FARM0528,H,-7.834,112.351002,662,3,48,8599,286.29,2.12,11.01,29.6,0.6,72.3,13.1,0.6132,0.6227,0.3836,4.1704,0.3415,0.5406,0.4847,-0.0905,0.6375,0.557,0.2843,4.5168,0.3476,0.5336,0.4988,-0.0508,0.6253,0.5898,0.3339,4.3436,0.3446,0.5371,0.4918,-0.0706,86.27,2140.08,0.6661,0.60755
2024-06-08,FARM0528,H,-7.834,112.351002,662,4,52,8412,313.37,2.42,16.08,21.2,3.2,73.3,16.5,0.6317,0.6455,0.3956,4.4309,0.384,0.5475,0.52,-0.0603,0.6064,0.5635,0.2604,4.0812,0.3272,0.4844,0.4721,-0.1012,0.6191,0.6045,0.328,4.256,0.3556,0.516,0.496,-0.0808,93.0,1553.96,0.6719999999999999,0.6118
2021-02-24,FARM0529,H,-7.843758,112.347463,218,1,56,9511,308.89,2.92,21.75,24.6,22.1,66.2,13.5,0.6278,0.578,0.3344,4.3728,0.3784,0.5677,0.5147,-0.0669,0.6445,0.6249,0.284,4.626,0.3338,0.5679,0.4919,-0.0389,0.6361,0.6014,0.3092,4.4994,0.3561,0.5678,0.5033,-0.0529,114.58,1628.52,0.6908000000000001,0.61875
2022-05-20,FARM0529,H,-7.843758,112.347463,218,2,56,9379,278.97,2.32,19.22,25.4,0.0,77.2,15.9,0.6469,0.5733,0.2614,4.6636,0.3457,0.5931,0.5013,-0.0348,0.7143,0.6381,0.3359,6.0014,0.3933,0.6191,0.5615,0.091,0.6806,0.6057,0.2986,5.3325,0.3695,0.6061,0.5314,0.0281,115.68,1960.88,0.7014,0.64315
2023-06-14,FARM0529,H,-7.843758,112.347463,218,3,48,10344,303.94,2.11,15.12,24.7,1.9,64.1,15.8,0.6202,0.6271,0.3217,4.2666,0.3897,0.561,0.5181,-0.0791,0.6925,0.635,0.3428,5.504,0.3494,0.6365,0.5217,0.048,0.6564,0.631,0.3323,4.8853,0.3695,0.5987,0.5199,-0.0156,111.9,1583.27,0.6677,0.6436999999999999
2024-07-08,FARM0529,H,-7.843758,112.347463,218,4,48,8829,269.48,2.07,10.03,22.8,3.2,66.6,15.0,0.6475,0.5832,0.2325,4.6732,0.3402,0.604,0.4976,-0.0338,0.6717,0.622,0.3048,5.0929,0.3711,0.5452,0.5289,0.0092,0.6596,0.6026,0.2687,4.883,0.3556,0.5746,0.5133,-0.0123,85.58,1518.48,0.7313000000000001,0.6311
2021-02-24,FARM0530,H,-7.844029,112.362362,654,1,56,9200,338.08,2.44,19.96,25.0,0.4,65.8,13.9,0.6998,0.6216,0.4059,5.6623,0.4068,0.6948,0.5643,0.0621,0.6333,0.5516,0.2665,4.4547,0.3164,0.5446,0.4748,-0.0577,0.6666,0.5866,0.3362,5.0585,0.3616,0.6197,0.5196,0.0022,116.43,1645.0,0.6638,0.6266
2022-04-20,FARM0530,H,-7.844029,112.362362,654,2,52,8973,295.73,2.23,9.83,29.6,1.2,65.8,15.8,0.6972,0.5885,0.3456,5.6051,0.4198,0.6471,0.5714,0.0571,0.6513,0.5765,0.2731,4.735,0.3254,0.5526,0.4882,-0.0272,0.6742,0.5825,0.3094,5.1701,0.3726,0.5999,0.5298,0.0149,86.2,1947.68,0.6906,0.62835
2023-05-15,FARM0530,H,-7.844029,112.362362,654,3,48,9622,290.39,2.72,28.9,26.0,3.3,77.1,16.0,0.6807,0.5648,0.2828,5.2633,0.3673,0.6176,0.53,0.0257,0.587,0.5565,0.2857,3.8426,0.3067,0.4365,0.45,-0.1309,0.6338,0.5606,0.2842,4.553,0.337,0.5271,0.49,-0.0526,116.85,2004.6,0.7158,0.5972
2024-08-07,FARM0530,H,-7.844029,112.362362,654,4,56,9198,240.35,2.48,19.11,20.0,2.0,63.9,16.9,0.6282,0.5727,0.3616,4.3798,0.3598,0.5238,0.5031,-0.0661,0.6277,0.5871,0.386,4.3726,0.3591,0.5363,0.5025,-0.0669,0.628,0.5799,0.3738,4.3762,0.3595,0.5301,0.5028,-0.0665,106.32,1278.0,0.6262,0.60395
2021-02-24,FARM0531,H,-7.853853,112.335996,458,1,56,9542,317.93,2.9,19.85,27.2,10.1,67.3,13.6,0.6932,0.5856,0.3736,5.5189,0.4018,0.6187,0.5583,0.0493,0.6443,0.6427,0.2999,4.6232,0.3741,0.5343,0.5193,-0.0392,0.6688,0.6141,0.3368,5.0711,0.3879,0.5765,0.5388,0.0051,113.72,1830.56,0.6632,0.64145
2022-03-21,FARM0531,H,-7.853853,112.335996,458,2,48,8820,266.55,2.46,23.21,25.4,1.8,67.9,16.5,0.6702,0.578,0.3923,5.0643,0.3985,0.6014,0.5461,0.0064,0.636,0.6396,0.3435,4.4952,0.3551,0.5164,0.5033,-0.0532,0.6531,0.6088,0.3679,4.7797,0.3768,0.5589,0.5247,-0.0234,113.32,1724.66,0.6321,0.63095
2023-04-15,FARM0531,H,-7.853853,112.335996,458,3,48,8913,292.33,2.96,19.1,28.2,1.4,79.5,14.6,0.7252,0.6577,0.4209,6.2787,0.4291,0.7383,0.5896,0.1134,0.6512,0.6017,0.3494,4.7338,0.3694,0.5853,0.5192,-0.0273,0.6882,0.6297,0.3852,5.5063,0.3993,0.6618,0.5544,0.043,115.04,2241.9,0.6148,0.65895
2024-07-08,FARM0531,H,-7.853853,112.335996,458,4,56,9136,288.5,2.54,13.92,20.9,4.1,78.5,13.6,0.7093,0.6054,0.3759,5.8788,0.3957,0.6913,0.561,0.0808,0.7392,0.6807,0.393,6.6689,0.4089,0.6359,0.5824,0.143,0.7242,0.6431,0.3845,6.2739,0.4023,0.6636,0.5717,0.1119,93.06,1640.65,0.6154999999999999,0.68365
2021-01-25,FARM0532,H,-7.865702,112.36987,236,1,52,10121,366.24,2.71,38.08,26.2,7.8,77.2,14.3,0.6373,0.6682,0.4177,4.5137,0.4018,0.5743,0.5331,-0.0511,0.6537,0.5648,0.323,4.776,0.327,0.5254,0.4904,-0.0229,0.6455,0.6165,0.3703,4.6448,0.3644,0.5498,0.5117,-0.037,114.87,2022.64,0.6296999999999999,0.631
2022-04-20,FARM0532,H,-7.865702,112.36987,236,2,56,10334,310.0,2.72,21.83,25.2,0.4,64.0,13.8,0.6542,0.5679,0.3273,4.7845,0.3981,0.5899,0.5387,-0.022,0.6333,0.5826,0.2656,4.4544,0.3195,0.5403,0.4771,-0.0577,0.6438,0.5752,0.2964,4.6194,0.3588,0.5651,0.5079,-0.0399,113.59,1612.8,0.7036,0.6095
2023-06-14,FARM0532,H,-7.865702,112.36987,236,3,52,9676,314.27,2.64,27.23,21.5,9.1,78.4,13.1,0.6757,0.6234,0.371,5.1673,0.3909,0.6316,0.5437,0.0165,0.5963,0.6455,0.3063,3.9545,0.3176,0.4749,0.4614,-0.1168,0.636,0.6344,0.3386,4.5609,0.3543,0.5533,0.5025,-0.0502,112.82,1685.6,0.6614,0.6352
2024-08-07,FARM0532,H,-7.865702,112.36987,236,4,52,9947,284.4,2.1,9.62,20.0,0.3,78.3,14.7,0.7062,0.5953,0.3383,5.8068,0.4174,0.6583,0.5739,0.0747,0.6612,0.6235,0.3053,4.9034,0.3253,0.5544,0.4919,-0.0098,0.6837,0.6094,0.3218,5.3551,0.3714,0.6063,0.5329,0.0325,83.55,1566.0,0.6782,0.64655
2021-01-25,FARM0533,H,-7.848945,112.330996,349,1,52,8863,381.47,2.53,33.31,26.4,4.4,65.7,15.7,0.6031,0.5589,0.3282,4.0394,0.3567,0.5594,0.4902,-0.1063,0.6267,0.6076,0.4034,4.357,0.3487,0.5541,0.4951,-0.0687,0.6149,0.5832,0.3658,4.1982,0.3527,0.5567,0.4927,-0.0875,113.67,1734.48,0.6342,0.5990500000000001
2022-04-20,FARM0533,H,-7.848945,112.330996,349,2,56,8965,308.4,2.9,25.6,27.6,2.9,79.9,16.0,0.6582,0.6313,0.3148,4.851,0.3946,0.5878,0.5383,-0.0151,0.66,0.6492,0.4136,4.8825,0.3751,0.6116,0.5267,-0.0119,0.6591,0.6403,0.3642,4.8668,0.3848,0.5997,0.5325,-0.0135,116.56,2205.24,0.6357999999999999,0.6496999999999999
2023-06-14,FARM0533,H,-7.848945,112.330996,349,3,52,8835,300.19,2.67,15.63,22.7,0.8,79.5,16.2,0.7048,0.5853,0.3587,5.7749,0.4238,0.7315,0.5772,0.0719,0.6098,0.5679,0.3315,4.126,0.3066,0.5,0.4587,-0.0958,0.6573,0.5766,0.3451,4.9504,0.3652,0.6158,0.5179,-0.0119,106.47,1804.65,0.6549,0.61695
2024-09-06,FARM0533,H,-7.848945,112.330996,349,4,56,8693,324.31,2.23,16.01,20.0,1.4,65.5,15.0,0.6973,0.6292,0.3832,5.608,0.4144,0.6361,0.568,0.0573,0.719,0.6841,0.3566,6.1162,0.4066,0.6591,0.5724,0.1004,0.7081,0.6567,0.3699,5.8621,0.4105,0.6476,0.5702,0.0789,95.73,1310.0,0.6301,0.6823999999999999
2020-12-26,FARM0534,H,-7.844337,112.331516,371,1,48,9232,307.23,2.59,14.77,21.7,5.0,79.2,16.2,0.679,0.5987,0.3817,5.2302,0.4035,0.6499,0.5531,0.0225,0.6338,0.6526,0.3687,4.4609,0.3786,0.5688,0.5175,-0.057,0.6564,0.6256,0.3752,4.8456,0.3911,0.6093,0.5353,-0.0172,106.14,1718.64,0.6248,0.641
2022-01-20,FARM0534,H,-7.844337,112.331516,371,2,48,9589,339.59,2.61,19.77,26.7,0.2,73.8,15.8,0.6366,0.6447,0.4055,4.5035,0.3798,0.5385,0.5195,-0.0522,0.6809,0.5561,0.3293,5.2672,0.3548,0.5482,0.5212,0.026,0.6587,0.6004,0.3674,4.8853,0.3673,0.5434,0.5204,-0.0131,117.11,1970.46,0.6326,0.62955
2023-03-16,FARM0534,H,-7.844337,112.331516,371,3,52,8629,281.89,2.21,19.21,29.6,10.0,76.2,16.4,0.7283,0.6451,0.4405,6.3623,0.435,0.6916,0.5947,0.1199,0.7101,0.6488,0.3058,5.898,0.405,0.6094,0.5676,0.0824,0.7192,0.647,0.3731,6.1302,0.42,0.6505,0.5811,0.1011,116.25,2255.52,0.6269,0.6831
2024-04-09,FARM0534,H,-7.844337,112.331516,371,4,48,8576,296.38,2.3,14.91,27.5,1.2,79.3,14.0,0.6657,0.568,0.3092,4.9818,0.3937,0.6237,0.5411,-0.0018,0.7367,0.6306,0.3273,6.5973,0.4203,0.7261,0.5889,0.1377,0.7012,0.5993,0.3182,5.7896,0.407,0.6749,0.565,0.068,103.42,2180.75,0.6818,0.65025
2021-02-24,FARM0535,H,-7.850745,112.338924,644,1,56,10304,336.95,2.46,24.28,26.6,42.8,82.5,16.9,0.6016,0.5983,0.3294,4.0202,0.3521,0.5245,0.4866,-0.1086,0.6811,0.5282,0.3312,5.2717,0.3293,0.6021,0.5022,0.0265,0.6414,0.5633,0.3303,4.646,0.3407,0.5633,0.4944,-0.0411,113.64,2194.5,0.6697,0.6023499999999999
2022-03-21,FARM0535,H,-7.850745,112.338924,644,2,48,8887,330.78,2.94,38.88,27.6,32.1,82.4,15.9,0.619,0.6346,0.3878,4.2487,0.3818,0.5316,0.5128,-0.0812,0.7262,0.6666,0.3769,6.305,0.4164,0.6416,0.5819,0.1154,0.6726,0.6506,0.3824,5.2769,0.3991,0.5866,0.5474,0.0171,116.36,2274.24,0.6175999999999999,0.6616
2023-06-14,FARM0535,H,-7.850745,112.338924,644,3,56,9471,267.94,2.47,21.44,23.0,0.5,70.0,14.9,0.5993,0.591,0.2882,3.9907,0.3353,0.5431,0.4747,-0.1123,0.6272,0.6424,0.2359,4.3652,0.322,0.5331,0.4766,-0.0678,0.6132,0.6167,0.2621,4.178,0.3287,0.5381,0.4757,-0.09,114.06,1610.0,0.7379,0.61495
2024-09-06,FARM0535,H,-7.850745,112.338924,644,4,56,8850,294.78,2.64,26.19,20.0,5.4,63.2,14.7,0.6213,0.5754,0.2603,4.2815,0.3312,0.5438,0.4809,-0.0774,0.6565,0.6705,0.3173,4.8222,0.378,0.5637,0.527,-0.0181,0.6389,0.6229,0.2888,4.5518,0.3546,0.5538,0.504,-0.0478,115.71,1264.0,0.7112,0.6309
2021-01-25,FARM0536,H,-7.842759,112.339077,446,1,52,9155,330.74,2.6,16.2,21.3,4.2,63.1,13.0,0.6463,0.5956,0.3457,4.6551,0.402,0.5852,0.5375,-0.0357,0.6757,0.5819,0.3422,5.1672,0.3433,0.5868,0.5108,0.0164,0.661,0.5888,0.344,4.9112,0.3727,0.586,0.5241,-0.0096,112.67,1344.03,0.656,0.6249
2022-02-19,FARM0536,H,-7.842759,112.339077,446,2,48,9499,320.55,2.88,23.61,24.8,17.4,78.0,14.4,0.633,0.5894,0.3962,4.449,0.4103,0.5908,0.536,-0.0583,0.7187,0.5782,0.2964,6.109,0.3607,0.6304,0.54,0.0998,0.6758,0.5838,0.3463,5.279,0.3855,0.6106,0.538,0.0208,115.35,1934.4,0.6537,0.6297999999999999
2023-03-16,FARM0536,H,-7.842759,112.339077,446,3,48,9323,294.33,2.51,12.6,29.1,2.8,71.2,14.5,0.6382,0.5729,0.3042,4.5277,0.342,0.5214,0.4952,-0.0496,0.5896,0.5584,0.2457,3.8731,0.3037,0.4386,0.4488,-0.127,0.6139,0.5657,0.2749,4.2004,0.3228,0.48,0.472,-0.0883,87.58,2071.92,0.7251000000000001,0.5898
2024-05-09,FARM0536,H,-7.842759,112.339077,446,4,52,8776,247.49,2.77,18.01,28.4,2.3,64.1,15.7,0.6983,0.6324,0.3539,5.629,0.421,0.6425,0.5726,0.0592,0.7302,0.5986,0.4158,6.412,0.3937,0.6766,0.5683,0.1237,0.7142,0.6155,0.3848,6.0205,0.4074,0.6595,0.5704,0.0915,115.25,1820.44,0.6152,0.6648499999999999
2021-01-25,FARM0537,H,-7.845442,112.347206,432,1,52,9852,347.36,2.2,17.79,22.0,5.9,66.1,16.8,0.6446,0.6251,0.2952,4.6276,0.351,0.6069,0.5041,-0.0387,0.7475,0.673,0.3601,6.922,0.4246,0.6888,0.5963,0.1612,0.6961,0.6491,0.3276,5.7748,0.3878,0.6478,0.5502,0.0613,113.46,1454.2,0.6724,0.6726000000000001
2022-04-20,FARM0537,H,-7.845442,112.347206,432,2,56,8343,302.74,2.26,21.19,23.9,1.6,71.5,14.5,0.7085,0.6539,0.3468,5.8611,0.4243,0.6875,0.5792,0.0793,0.6283,0.5956,0.287,4.3801,0.3104,0.5233,0.4684,-0.0661,0.6684,0.6247,0.3169,5.1206,0.3673,0.6054,0.5238,0.0066,116.54,1708.85,0.6831,0.64655
2023-06-14,FARM0537,H,-7.845442,112.347206,432,3,52,8824,318.75,2.53,20.16,21.0,4.4,70.9,13.5,0.6212,0.5726,0.4116,4.2793,0.3791,0.5613,0.5121,-0.0777,0.6654,0.6535,0.411,4.9777,0.3753,0.612,0.5291,-0.0022,0.6433,0.6131,0.4113,4.6285,0.3772,0.5866,0.5206,-0.04,116.89,1488.9,0.5887,0.6282
2024-08-07,FARM0537,H,-7.845442,112.347206,432,4,52,8904,281.5,1.8,6.68,20.0,2.7,83.0,16.5,0.6152,0.5589,0.385,4.197,0.376,0.5542,0.5075,-0.0873,0.6514,0.6807,0.3901,4.7365,0.3877,0.6045,0.531,-0.0271,0.6333,0.6198,0.3876,4.4668,0.3818,0.5794,0.5193,-0.0572,84.4,1660.0,0.6124,0.6265499999999999
2021-01-25,FARM0538,H,-7.856269,112.342801,704,1,52,9965,329.41,3.03,34.52,21.5,18.3,77.8,14.1,0.6571,0.6034,0.2897,4.8328,0.3882,0.6111,0.5338,-0.017,0.6406,0.6334,0.3703,4.5644,0.3895,0.5462,0.5273,-0.0455,0.6488,0.6184,0.33,4.6986,0.3888,0.5786,0.5305,-0.0313,115.61,1672.7,0.6699999999999999,0.6335999999999999
2022-03-21,FARM0538,H,-7.856269,112.342801,704,2,52,9928,305.96,2.35,12.38,29.5,1.2,79.3,16.6,0.706,0.5876,0.3837,5.8031,0.3946,0.6398,0.559,0.0743,0.6885,0.586,0.296,5.4202,0.3724,0.6089,0.5367,0.0403,0.6972,0.5868,0.3399,5.6116,0.3835,0.6243,0.5478,0.0573,107.98,2339.35,0.6601,0.642
2023-04-15,FARM0538,H,-7.856269,112.342801,704,3,48,9728,267.22,1.94,7.42,28.0,2.1,64.6,13.6,0.7255,0.6566,0.4135,6.2871,0.438,0.6968,0.5953,0.114,0.6247,0.6412,0.2965,4.3294,0.33,0.5016,0.4814,-0.0719,0.6751,0.6489,0.355,5.3082,0.384,0.5992,0.5383,0.0211,84.81,1808.8,0.645,0.662
2024-06-08,FARM0538,H,-7.856269,112.342801,704,4,52,8895,259.03,1.99,8.27,25.5,2.3,77.2,13.9,0.7106,0.6627,0.3253,5.9109,0.4374,0.671,0.5882,0.0835,0.6022,0.6237,0.32,4.0272,0.3056,0.4966,0.455,-0.1078,0.6564,0.6432,0.3227,4.9691,0.3715,0.5838,0.5216,-0.0121,85.77,1968.6,0.6773,0.6497999999999999
2021-01-25,FARM0539,H,-7.86804,112.343384,527,1,52,9819,302.97,2.98,21.55,23.6,13.6,69.9,16.6,0.6528,0.6001,0.3138,4.761,0.3862,0.5664,0.5307,-0.0245,0.7274,0.5733,0.3701,6.3378,0.3851,0.6751,0.5611,0.118,0.6901,0.5867,0.342,5.5494,0.3856,0.6207,0.5459,0.0468,112.73,1649.64,0.6579999999999999,0.6384000000000001
2022-02-19,FARM0539,H,-7.86804,112.343384,527,2,48,9296,324.62,2.47,16.03,27.5,0.8,80.6,14.5,0.6365,0.5974,0.4067,4.5016,0.4062,0.6131,0.5353,-0.0525,0.6917,0.6148,0.271,5.4864,0.3571,0.6,0.5271,0.0464,0.6641,0.6061,0.3389,4.994,0.3817,0.6066,0.5312,-0.003,115.22,2216.5,0.6611,0.6351
2023-03-16,FARM0539,H,-7.86804,112.343384,527,3,48,8927,273.73,2.37,23.26,27.8,14.7,75.7,14.2,0.6383,0.5489,0.3217,4.5288,0.3611,0.564,0.5082,-0.0495,0.7214,0.5811,0.2566,6.1775,0.3662,0.6384,0.5451,0.1053,0.6798,0.565,0.2891,5.3532,0.3636,0.6012,0.5267,0.0279,114.0,2104.46,0.7109,0.6224
2024-05-09,FARM0539,H,-7.86804,112.343384,527,4,52,8667,297.38,2.08,11.49,24.5,1.3,74.3,13.1,0.7236,0.5971,0.3568,6.235,0.4416,0.768,0.5966,0.1099,0.7505,0.6532,0.3397,7.0163,0.4259,0.7031,0.5985,0.1678,0.737,0.6251,0.3483,6.6257,0.4337,0.7356,0.5975,0.1389,85.53,1820.35,0.6517,0.6810499999999999
2020-12-26,FARM0540,H,-7.84056,112.335786,358,1,48,10203,328.99,3.15,32.2,20.0,0.3,74.8,13.6,0.6243,0.6269,0.3635,4.3233,0.3965,0.5415,0.524,-0.0726,0.7172,0.5957,0.2947,6.0715,0.3821,0.6209,0.5549,0.0968,0.6707,0.6113,0.3291,5.1974,0.3893,0.5812,0.5394,0.0121,117.13,1496.0,0.6709,0.641
2022-01-20,FARM0540,H,-7.84056,112.335786,358,2,48,10410,336.28,2.51,24.12,25.2,3.6,66.2,13.7,0.6778,0.6195,0.3283,5.2066,0.4008,0.6684,0.5509,0.0202,0.6912,0.5481,0.3494,5.4777,0.3441,0.6291,0.5173,0.0456,0.6845,0.5838,0.3389,5.3422,0.3725,0.6487,0.5341,0.0329,117.08,1668.24,0.6611,0.63415
2023-03-16,FARM0540,H,-7.84056,112.335786,358,3,52,10196,303.08,2.7,30.93,29.4,2.9,70.5,16.3,0.6206,0.5843,0.256,4.2718,0.3453,0.5503,0.4903,-0.0785,0.7091,0.6779,0.351,5.8758,0.399,0.6859,0.5632,0.0805,0.6649,0.6311,0.3035,5.0738,0.3722,0.6181,0.5268,0.001,112.89,2072.7,0.6965,0.648
2024-04-09,FARM0540,H,-7.84056,112.335786,358,4,48,8810,299.71,2.02,11.88,29.2,0.9,71.9,13.5,0.6643,0.5566,0.2811,4.9569,0.3792,0.5687,0.5312,-0.0043,0.6677,0.5697,0.382,5.0188,0.3665,0.5513,0.5241,0.0019,0.666,0.5631,0.3315,4.9878,0.3728,0.56,0.5276,-0.0012,86.27,2099.48,0.6685,0.61455
2020-12-26,FARM0541,H,-7.832822,112.363512,336,1,48,9934,358.39,2.5,13.76,23.2,19.8,63.1,14.4,0.6221,0.519,0.2449,4.2926,0.3303,0.5274,0.4806,-0.0761,0.7231,0.691,0.3643,6.2222,0.4152,0.6896,0.5798,0.1089,0.6726,0.605,0.3046,5.2574,0.3728,0.6085,0.5302,0.0164,105.04,1463.92,0.6954,0.6388
2022-03-21,FARM0541,H,-7.832822,112.363512,336,2,56,8674,303.27,2.76,31.52,24.9,3.8,74.6,14.3,0.6852,0.6587,0.3425,5.353,0.4132,0.6767,0.5619,0.0341,0.5913,0.6006,0.2527,3.8932,0.3161,0.4855,0.4583,-0.1244,0.6382,0.6297,0.2976,4.6231,0.3646,0.5811,0.5101,-0.0452,113.42,1857.54,0.7024,0.63395
2023-06-14,FARM0541,H,-7.832822,112.363512,336,3,56,8156,306.93,2.68,25.64,23.8,2.0,81.9,14.9,0.6801,0.6367,0.3142,5.2521,0.3726,0.5838,0.5334,0.0246,0.601,0.5715,0.3101,4.0131,0.3136,0.5066,0.4604,-0.1095,0.6406,0.6041,0.3121,4.6326,0.3431,0.5452,0.4969,-0.0424,117.24,1949.22,0.6879,0.62235
2024-07-08,FARM0541,H,-7.832822,112.363512,336,4,48,8563,297.15,2.17,17.73,23.5,0.0,65.7,13.1,0.6094,0.6174,0.2624,4.1202,0.338,0.5344,0.4807,-0.0965,0.7005,0.5138,0.3375,5.6769,0.3324,0.6029,0.5116,0.0634,0.6549,0.5656,0.2999,4.8985,0.3352,0.5686,0.4962,-0.0165,103.95,1543.95,0.7001,0.61025
2021-02-24,FARM0542,H,-7.8306,112.339089,690,1,56,10260,310.27,2.57,16.94,28.6,3.6,74.7,14.2,0.6558,0.5752,0.2878,4.8114,0.3491,0.5636,0.5073,-0.0192,0.7436,0.6132,0.445,6.8009,0.4221,0.647,0.5931,0.1526,0.6997,0.5942,0.3664,5.8061,0.3856,0.6053,0.5502,0.0667,112.92,2136.42,0.6335999999999999,0.6469499999999999
2022-05-20,FARM0542,H,-7.8306,112.339089,690,2,56,10368,274.17,2.64,24.87,23.0,1.3,70.0,15.9,0.5754,0.5191,0.3094,3.7105,0.3191,0.4563,0.4539,-0.148,0.7269,0.6126,0.4073,6.3222,0.4124,0.6897,0.5796,0.1168,0.6511,0.5658,0.3583,5.0163,0.3658,0.573,0.5167,-0.0156,112.73,1610.0,0.6416999999999999,0.6084499999999999
2023-06-14,FARM0542,H,-7.8306,112.339089,690,3,48,9655,301.49,2.09,13.78,22.6,1.8,81.9,14.4,0.6792,0.5773,0.3126,5.2346,0.3839,0.6146,0.5406,0.0229,0.6746,0.6168,0.3574,5.1467,0.334,0.5868,0.5035,0.0145,0.6769,0.597,0.335,5.1907,0.359,0.6007,0.522,0.0187,96.56,1850.94,0.665,0.6369499999999999
2024-08-07,FARM0542,H,-7.8306,112.339089,690,4,52,10060,288.61,1.73,8.01,20.5,9.2,82.0,13.3,0.6246,0.5917,0.3538,4.3278,0.3324,0.5385,0.483,-0.0721,0.6588,0.6282,0.3756,4.862,0.3899,0.5761,0.5357,-0.014,0.6417,0.61,0.3647,4.5949,0.3612,0.5573,0.5094,-0.043,85.4,1681.0,0.6353,0.62585
2020-12-26,FARM0543,H,-7.848186,112.34929,609,1,48,9342,318.58,3.03,34.05,20.0,4.8,70.8,14.5,0.6731,0.5885,0.398,5.1181,0.3943,0.6237,0.5447,0.0117,0.7229,0.6295,0.3211,6.2183,0.4153,0.6259,0.5798,0.1086,0.698,0.609,0.3595,5.6682,0.4048,0.6248,0.5622,0.0601,113.26,1416.0,0.6405000000000001,0.6535
2022-02-19,FARM0543,H,-7.848186,112.34929,609,2,52,9912,299.02,2.7,35.21,23.4,6.1,81.2,13.4,0.6471,0.5921,0.3384,4.6667,0.3618,0.6174,0.5124,-0.0345,0.6568,0.6004,0.2404,4.8281,0.3361,0.5563,0.4983,-0.0175,0.6519,0.5962,0.2894,4.7474,0.349,0.5868,0.5054,-0.026,115.24,1900.08,0.7106,0.62405
2023-05-15,FARM0543,H,-7.848186,112.34929,609,3,56,9657,283.15,2.09,15.46,22.7,1.4,81.6,13.4,0.6127,0.6037,0.3271,4.1639,0.3437,0.5519,0.4859,-0.0912,0.6779,0.6743,0.3843,5.2096,0.3875,0.5889,0.5424,0.0205,0.6453,0.639,0.3557,4.6868,0.3656,0.5704,0.5142,-0.0354,112.16,1852.32,0.6443,0.64215
2024-08-07,FARM0543,H,-7.848186,112.34929,609,4,56,9175,285.77,1.9,12.79,20.0,2.1,82.7,15.1,0.6808,0.6673,0.3128,5.265,0.4118,0.6751,0.559,0.0258,0.6621,0.6113,0.273,4.9191,0.3533,0.605,0.5127,-0.0082,0.6714,0.6393,0.2929,5.0921,0.3825,0.64,0.5359,0.0088,83.44,1654.0,0.7071000000000001,0.65535
2021-02-24,FARM0544,H,-7.838839,112.354033,706,1,56,9379,351.94,2.59,35.87,24.0,5.3,79.9,13.4,0.6533,0.6332,0.4268,4.7679,0.4137,0.5975,0.5476,-0.0238,0.6496,0.5358,0.2976,4.7084,0.3224,0.5333,0.4854,-0.03,0.6514,0.5845,0.3622,4.7382,0.3681,0.5654,0.5165,-0.0269,117.25,1917.6,0.6377999999999999,0.61795
2022-05-20,FARM0544,H,-7.838839,112.354033,706,2,56,10350,321.27,2.26,22.76,23.2,1.4,79.8,16.9,0.6912,0.5848,0.3101,5.4757,0.3828,0.6865,0.5448,0.0454,0.6964,0.6022,0.3606,5.5871,0.3778,0.649,0.5436,0.0555,0.6938,0.5935,0.3354,5.5314,0.3803,0.6677,0.5442,0.0504,113.81,1851.36,0.6646000000000001,0.64365
2023-08-13,FARM0544,H,-7.838839,112.354033,706,3,56,8842,298.74,1.81,13.01,20.0,0.7,76.7,14.2,0.7212,0.6757,0.3662,6.1745,0.438,0.6819,0.5934,0.1051,0.7258,0.6201,0.3564,6.2951,0.4067,0.6308,0.5753,0.1147,0.7235,0.6479,0.3613,6.2348,0.4224,0.6563,0.5844,0.1099,85.07,1534.0,0.6387,0.6857
2024-11-05,FARM0544,H,-7.838839,112.354033,706,4,56,9770,303.56,2.15,18.32,20.0,27.3,81.5,14.0,0.7075,0.6803,0.4211,5.8369,0.4387,0.74,0.5875,0.0772,0.6163,0.6658,0.3268,4.2123,0.3496,0.4992,0.4913,-0.0855,0.6619,0.673,0.3739,5.0246,0.3941,0.6196,0.5394,-0.0041,116.21,1630.0,0.6261,0.6674500000000001
2020-12-26,FARM0545,H,-7.837705,112.365354,261,1,48,9900,318.86,3.2,21.59,24.3,11.1,63.9,13.8,0.6,0.6404,0.3786,3.9998,0.3551,0.5444,0.4878,-0.1111,0.6349,0.5859,0.2921,4.4775,0.3501,0.5539,0.4995,-0.0551,0.6174,0.6131,0.3354,4.2386,0.3526,0.5491,0.4936,-0.0831,116.45,1552.77,0.6646000000000001,0.61525
2022-03-21,FARM0545,H,-7.837705,112.365354,261,2,56,9402,333.95,3.02,23.67,25.7,7.6,78.3,16.3,0.6661,0.564,0.3262,4.9906,0.3713,0.6217,0.5267,-0.0009,0.6423,0.6576,0.3153,4.5907,0.3457,0.5076,0.4995,-0.0427,0.6542,0.6108,0.3207,4.7906,0.3585,0.5646,0.5131,-0.0218,113.67,2012.31,0.6793,0.6325000000000001
2023-06-14,FARM0545,H,-7.837705,112.365354,261,3,56,9965,322.04,2.45,12.95,23.3,0.0,73.1,13.5,0.6834,0.554,0.308,5.3166,0.3951,0.6252,0.5497,0.0307,0.691,0.6223,0.2599,5.4726,0.347,0.5725,0.5194,0.0451,0.6872,0.5882,0.2839,5.3946,0.371,0.5989,0.5345,0.0379,94.51,1703.23,0.7161,0.6376999999999999
2024-08-07,FARM0545,H,-7.837705,112.365354,261,4,52,8800,299.14,2.43,22.31,20.0,3.1,67.5,15.8,0.595,0.6251,0.2893,3.9385,0.3456,0.5454,0.4797,-0.1188,0.6597,0.6316,0.237,4.8772,0.3315,0.5543,0.496,-0.0124,0.6274,0.6283,0.2631,4.4078,0.3386,0.5499,0.4878,-0.0656,113.06,1350.0,0.7369,0.62785
2020-12-26,FARM0546,H,-7.859675,112.360214,328,1,48,10691,341.36,2.37,22.77,21.2,5.8,64.3,13.5,0.6831,0.6167,0.3543,5.3105,0.3541,0.6335,0.5216,0.0301,0.6314,0.637,0.3121,4.4262,0.3299,0.5501,0.484,-0.0609,0.6572,0.6269,0.3332,4.8684,0.342,0.5918,0.5028,-0.0154,114.21,1363.16,0.6668000000000001,0.64205
2022-02-19,FARM0546,H,-7.859675,112.360214,328,2,52,9728,312.49,2.39,14.35,28.1,12.6,76.7,16.6,0.6847,0.6226,0.2452,5.3437,0.357,0.6099,0.5243,0.0332,0.6557,0.6421,0.4069,4.8085,0.3857,0.5992,0.5316,-0.0195,0.6702,0.6323,0.326,5.0761,0.3714,0.6046,0.528,0.0068,115.39,2155.27,0.6739999999999999,0.65125
2023-03-16,FARM0546,H,-7.859675,112.360214,328,3,48,9623,278.54,2.76,15.6,24.0,9.6,71.9,14.7,0.7002,0.5561,0.4011,5.6713,0.3968,0.6805,0.558,0.0629,0.6775,0.6076,0.2839,5.2016,0.3295,0.5613,0.5011,0.0198,0.6889,0.5818,0.3425,5.4365,0.3632,0.6209,0.5296,0.0413,113.98,1725.6,0.6575,0.63535
2024-06-08,FARM0546,H,-7.859675,112.360214,328,4,56,9074,293.29,2.03,14.87,23.1,0.4,66.8,16.7,0.6935,0.5756,0.3931,5.5255,0.4185,0.6275,0.5689,0.0499,0.6177,0.6215,0.2936,4.2308,0.3553,0.5407,0.4957,-0.0833,0.6556,0.5986,0.3433,4.8781,0.3869,0.5841,0.5323,-0.0167,89.59,1543.08,0.6567000000000001,0.6271
2021-02-24,FARM0547,H,-7.858442,112.334014,204,1,56,8845,338.95,2.28,14.84,23.5,8.0,79.8,15.9,0.708,0.6448,0.3713,5.8494,0.4279,0.6808,0.5812,0.0783,0.666,0.567,0.3652,4.9879,0.34,0.5698,0.5047,-0.0012,0.687,0.6059,0.3683,5.4186,0.3839,0.6253,0.5429,0.0385,112.6,1875.3,0.6316999999999999,0.64645
2022-05-20,FARM0547,H,-7.858442,112.334014,204,2,56,9541,281.62,2.7,24.01,24.5,1.2,65.2,13.9,0.6688,0.6474,0.341,5.039,0.4147,0.6705,0.5554,0.0039,0.6252,0.5861,0.3449,4.3356,0.3356,0.529,0.4855,-0.0712,0.647,0.6168,0.343,4.6873,0.3751,0.5998,0.5204,-0.0336,113.66,1597.4,0.657,0.6319
2023-08-13,FARM0547,H,-7.858442,112.334014,204,3,56,9749,260.35,2.16,16.49,21.3,0.2,75.3,16.3,0.6803,0.6041,0.2514,5.255,0.3622,0.5957,0.5262,0.0249,0.737,0.5948,0.3795,6.6038,0.4057,0.6442,0.5793,0.1382,0.7086,0.5995,0.3155,5.9294,0.3839,0.6199,0.5527,0.0815,107.28,1603.89,0.6845,0.65405
2024-09-06,FARM0547,H,-7.858442,112.334014,204,4,48,8192,263.88,1.91,11.31,20.0,0.2,76.5,14.2,0.6203,0.5419,0.2955,4.2675,0.3552,0.533,0.4967,-0.079,0.7405,0.6336,0.3335,6.706,0.4217,0.6442,0.5915,0.1457,0.6804,0.5878,0.3145,5.4867,0.3885,0.5886,0.5441,0.0333,84.28,1530.0,0.6855,0.6341
2021-01-25,FARM0548,H,-7.856689,112.357491,232,1,52,9889,357.26,3.2,48.44,24.1,0.1,63.6,16.0,0.6293,0.5574,0.4038,4.3959,0.375,0.561,0.5133,-0.0643,0.7243,0.6022,0.3171,6.253,0.3887,0.6531,0.5624,0.1113,0.6768,0.5798,0.3605,5.3245,0.3819,0.607,0.5379,0.0235,113.79,1532.76,0.6395,0.6283
2022-03-21,FARM0548,H,-7.856689,112.357491,232,2,52,10355,310.6,2.54,25.82,28.4,6.3,75.1,14.0,0.7112,0.5795,0.4012,5.926,0.4282,0.6496,0.5828,0.0848,0.6278,0.6028,0.2918,4.3732,0.352,0.5075,0.4978,-0.0669,0.6695,0.5912,0.3465,5.1496,0.3901,0.5786,0.5403,0.0089,115.44,2132.84,0.6535,0.63035
2023-05-15,FARM0548,H,-7.856689,112.357491,232,3,52,9696,310.32,2.74,27.9,28.5,0.8,75.1,16.1,0.6172,0.6119,0.4181,4.225,0.377,0.5542,0.5091,-0.084,0.7178,0.5829,0.4045,6.0879,0.4095,0.6291,0.5738,0.0981,0.6675,0.5974,0.4113,5.1564,0.3933,0.5916,0.5415,0.0071,114.73,2140.35,0.5887,0.63245
2024-07-08,FARM0548,H,-7.856689,112.357491,232,4,52,8693,293.2,2.65,23.59,21.6,3.2,67.0,14.4,0.5919,0.5405,0.2802,3.9002,0.3349,0.4839,0.4713,-0.1236,0.6349,0.5981,0.2684,4.4783,0.339,0.5247,0.4918,-0.055,0.6134,0.5693,0.2743,4.1892,0.3369,0.5043,0.4815,-0.0893,115.63,1447.2,0.7257,0.59135
2021-02-24,FARM0549,H,-7.860569,112.33443,242,1,56,9285,336.6,2.16,15.97,24.9,1.1,68.8,14.5,0.676,0.6195,0.3735,5.1723,0.3986,0.6125,0.5487,0.0169,0.6222,0.5348,0.3722,4.2933,0.3272,0.5253,0.4784,-0.076,0.6491,0.5771,0.3729,4.7328,0.3629,0.5689,0.5136,-0.0296,116.28,1713.12,0.6271,0.6131
2022-03-21,FARM0549,H,-7.860569,112.33443,242,2,48,8062,306.43,1.94,8.4,26.2,18.0,67.4,16.0,0.623,0.5686,0.2745,4.305,0.358,0.5358,0.4997,-0.0747,0.6976,0.588,0.2746,5.6129,0.3705,0.6327,0.5389,0.0577,0.6603,0.5783,0.2746,4.959,0.3642,0.5843,0.5193,-0.0085,83.55,1765.88,0.7254,0.6193
2023-05-15,FARM0549,H,-7.860569,112.33443,242,3,52,8181,304.65,2.11,12.81,26.5,4.7,75.4,15.0,0.6033,0.5121,0.279,4.0418,0.3263,0.5365,0.4702,-0.106,0.6997,0.5831,0.2787,5.6591,0.3679,0.5819,0.538,0.0618,0.6515,0.5476,0.2788,4.8504,0.3471,0.5592,0.5041,-0.0221,84.03,1998.1,0.7212000000000001,0.59955
2024-07-08,FARM0549,H,-7.860569,112.33443,242,4,52,7804,285.48,2.29,13.05,22.7,1.2,77.4,15.0,0.5722,0.6182,0.3129,3.6752,0.3191,0.4576,0.4526,-0.1527,0.7163,0.6286,0.3976,6.0505,0.4127,0.6583,0.5753,0.0951,0.6443,0.6234,0.3553,4.8628,0.3659,0.5579,0.5139,-0.0288,85.67,1756.98,0.6447,0.63385
2021-01-25,FARM0550,H,-7.849942,112.353131,633,1,52,8767,341.02,3.08,22.35,24.8,6.9,81.7,15.8,0.594,0.5951,0.3636,3.9266,0.326,0.5198,0.4663,-0.1203,0.6773,0.6009,0.319,5.1975,0.385,0.5956,0.5405,0.0194,0.6357,0.598,0.3413,4.5621,0.3555,0.5577,0.5034,-0.0504,114.33,2026.16,0.6587000000000001,0.61685
2022-04-20,FARM0550,H,-7.849942,112.353131,633,2,56,8968,296.28,2.39,16.89,28.6,0.5,80.1,14.2,0.634,0.6035,0.3442,4.4641,0.4013,0.6133,0.5313,-0.0566,0.5858,0.6188,0.313,3.8288,0.3062,0.4632,0.4491,-0.1327,0.6099,0.6111,0.3286,4.1465,0.3537,0.5382,0.4902,-0.0946,114.3,2290.86,0.6714,0.6105
2023-06-14,FARM0550,H,-7.849942,112.353131,633,3,52,8467,285.46,2.26,16.0,23.2,1.4,67.3,14.7,0.6275,0.6392,0.3214,4.369,0.3699,0.5656,0.5093,-0.0674,0.6531,0.5745,0.3452,4.7656,0.3463,0.5461,0.5042,-0.024,0.6403,0.6069,0.3333,4.5673,0.3581,0.5559,0.5067,-0.0457,95.61,1561.36,0.6667000000000001,0.6235999999999999
2024-08-07,FARM0550,H,-7.849942,112.353131,633,4,52,8290,309.3,2.15,18.06,20.0,2.1,71.6,14.8,0.6599,0.6101,0.2781,4.8801,0.3503,0.6088,0.5097,-0.0121,0.6606,0.6688,0.4046,4.8934,0.3814,0.6164,0.5311,-0.0108,0.6603,0.6395,0.3414,4.8867,0.3659,0.6126,0.5204,-0.0115,96.06,1432.0,0.6586000000000001,0.6498999999999999
2021-01-25,FARM0551,H,-7.841725,112.335618,272,1,52,8897,330.2,2.78,32.7,22.4,13.6,67.3,14.8,0.6761,0.6264,0.3877,5.1755,0.3729,0.6276,0.5319,0.0173,0.6327,0.6385,0.3405,4.4452,0.3645,0.5322,0.5081,-0.0587,0.6544,0.6325,0.3641,4.8104,0.3687,0.5799,0.52,-0.0207,115.88,1507.52,0.6359,0.64345
2022-02-19,FARM0551,H,-7.841725,112.335618,272,2,48,8692,302.84,2.24,17.41,27.1,14.7,77.1,16.2,0.6641,0.6188,0.335,4.9536,0.4026,0.6377,0.5459,-0.0047,0.7214,0.6171,0.3127,6.1789,0.3631,0.6332,0.5429,0.1055,0.6927,0.618,0.3239,5.5662,0.3829,0.6355,0.5444,0.0504,114.45,2089.41,0.6760999999999999,0.65535
2023-03-16,FARM0551,H,-7.841725,112.335618,272,3,48,8540,297.51,2.73,14.54,24.1,7.2,82.5,13.3,0.707,0.6122,0.3902,5.8259,0.4238,0.6721,0.5782,0.0763,0.6344,0.644,0.3605,4.4708,0.3781,0.5572,0.5175,-0.0559,0.6707,0.6281,0.3753,5.1483,0.401,0.6146,0.5479,0.0102,100.54,1988.25,0.6247,0.6494
2024-04-09,FARM0551,H,-7.841725,112.335618,272,4,48,8608,284.65,2.4,11.98,27.9,3.8,70.1,16.0,0.6862,0.6223,0.3886,5.3738,0.3977,0.6874,0.5526,0.036,0.7008,0.5371,0.3538,5.6855,0.3422,0.6101,0.5194,0.0641,0.6935,0.5797,0.3712,5.5296,0.3699,0.6488,0.536,0.0501,85.9,1955.79,0.6288,0.6366
2020-12-26,FARM0552,H,-7.844823,112.369449,581,1,48,9758,340.12,2.78,29.25,20.4,30.3,78.0,15.2,0.6142,0.5557,0.2905,4.1835,0.3454,0.5146,0.4877,-0.0889,0.6953,0.6343,0.327,5.5628,0.338,0.6149,0.5141,0.0533,0.6547,0.595,0.3088,4.8731,0.3417,0.5647,0.5009,-0.0178,114.74,1591.2,0.6912,0.6248499999999999
2022-03-21,FARM0552,H,-7.844823,112.369449,581,2,56,9370,336.9,2.7,21.08,25.7,3.9,75.6,13.5,0.646,0.6162,0.2895,4.6495,0.3547,0.5535,0.5072,-0.0363,0.6352,0.5917,0.2765,4.4821,0.3325,0.5439,0.4873,-0.0546,0.6406,0.604,0.283,4.5658,0.3436,0.5487,0.4972,-0.0455,113.61,1942.92,0.7170000000000001,0.6223
2023-05-15,FARM0552,H,-7.844823,112.369449,581,3,52,8692,316.61,2.4,17.37,26.1,0.6,65.3,16.3,0.6477,0.6146,0.3393,4.6766,0.3681,0.5455,0.5168,-0.0334,0.6512,0.5784,0.2947,4.7345,0.3747,0.5899,0.5227,-0.0273,0.6495,0.5965,0.317,4.7055,0.3714,0.5677,0.5197,-0.0304,115.99,1704.33,0.683,0.623
2024-06-08,FARM0552,H,-7.844823,112.369449,581,4,48,8553,269.96,1.95,9.01,23.3,1.6,72.1,16.9,0.6396,0.5151,0.3109,4.5501,0.3382,0.5466,0.4931,-0.0471,0.6267,0.6397,0.3765,4.3572,0.3568,0.5619,0.5005,-0.0687,0.6332,0.5774,0.3437,4.4537,0.3475,0.5542,0.4968,-0.0579,86.07,1679.93,0.6563,0.6053
2021-01-25,FARM0553,H,-7.858966,112.332919,707,1,52,9646,341.67,3.15,36.34,21.5,3.3,67.8,16.1,0.6456,0.5589,0.3231,4.644,0.3645,0.6161,0.5136,-0.0369,0.721,0.6116,0.383,6.1696,0.3817,0.6608,0.5562,0.1047,0.6833,0.5853,0.353,5.4068,0.3731,0.6385,0.5349,0.0339,115.12,1457.7,0.647,0.6343000000000001
2022-02-19,FARM0553,H,-7.858966,112.332919,707,2,48,8160,323.59,3.05,31.06,27.8,11.7,66.5,14.8,0.6567,0.5868,0.3556,4.8265,0.4182,0.6429,0.5518,-0.0177,0.6635,0.6216,0.4019,4.9435,0.3853,0.6006,0.5348,-0.0057,0.6601,0.6042,0.3787,4.885,0.4017,0.6218,0.5433,-0.0117,114.96,1848.7,0.6213,0.63215
2023-05-15,FARM0553,H,-7.858966,112.332919,707,3,56,8004,326.99,2.83,18.98,24.4,0.0,76.7,16.3,0.7098,0.5854,0.4193,5.8916,0.4196,0.7192,0.5768,0.0819,0.6433,0.6174,0.3286,4.6064,0.3517,0.5731,0.504,-0.041,0.6765,0.6014,0.3739,5.249,0.3857,0.6461,0.5404,0.0204,115.36,1871.48,0.6261,0.63895
2024-07-08,FARM0553,H,-7.858966,112.332919,707,4,52,8712,258.19,2.55,19.26,20.1,0.2,65.7,13.9,0.6806,0.542,0.2362,5.261,0.3489,0.6196,0.5168,0.0254,0.6675,0.652,0.2973,5.0149,0.3524,0.5396,0.5142,0.0015,0.674,0.597,0.2668,5.1379,0.3507,0.5796,0.5155,0.0135,100.66,1320.57,0.7332000000000001,0.6355
2021-02-24,FARM0554,H,-7.839069,112.358227,416,1,56,9151,327.87,2.42,12.48,25.6,19.0,70.9,14.1,0.6494,0.5759,0.3203,4.7049,0.3815,0.6164,0.5262,-0.0304,0.7021,0.5124,0.3125,5.714,0.3304,0.5651,0.5106,0.0666,0.6758,0.5442,0.3164,5.2095,0.3559,0.5908,0.5184,0.0181,96.94,1815.04,0.6836,0.61
2022-05-20,FARM0554,H,-7.839069,112.358227,416,2,56,8504,307.14,2.72,14.52,25.3,5.1,75.9,13.1,0.6777,0.5735,0.3762,5.2055,0.378,0.6179,0.536,0.0201,0.612,0.6144,0.3324,4.1548,0.3384,0.5309,0.4821,-0.0923,0.6449,0.594,0.3543,4.6801,0.3582,0.5744,0.509,-0.0361,108.09,1920.27,0.6456999999999999,0.6194500000000001
2023-08-13,FARM0554,H,-7.839069,112.358227,416,3,56,8959,301.95,2.31,11.68,20.0,1.5,73.2,13.6,0.6929,0.631,0.3606,5.512,0.3663,0.6192,0.5341,0.0487,0.7263,0.683,0.4148,6.3084,0.4139,0.6596,0.5803,0.1157,0.7096,0.657,0.3877,5.9102,0.3901,0.6394,0.5572,0.0822,84.89,1464.0,0.6123000000000001,0.6833
2024-09-06,FARM0554,H,-7.839069,112.358227,416,4,48,8788,273.27,2.59,20.6,20.0,1.0,64.4,14.3,0.6113,0.6273,0.2844,4.1458,0.3481,0.5363,0.4882,-0.0934,0.6304,0.6807,0.3741,4.4115,0.3665,0.5269,0.5084,-0.0625,0.6209,0.654,0.3293,4.2786,0.3573,0.5316,0.4983,-0.078,112.32,1288.0,0.6707000000000001,0.6374500000000001
2021-01-25,FARM0555,H,-7.837309,112.357556,271,1,52,9076,330.73,3.23,41.84,21.3,12.9,63.3,15.3,0.6514,0.6424,0.3003,4.7374,0.3864,0.5623,0.5302,-0.027,0.6912,0.5796,0.3508,5.4769,0.3712,0.6426,0.5369,0.0455,0.6713,0.611,0.3255,5.1071,0.3788,0.6024,0.5336,0.0093,116.87,1348.29,0.6745,0.64115
2022-03-21,FARM0555,H,-7.837309,112.357556,271,2,52,9355,321.97,2.5,21.4,26.2,1.8,68.8,15.5,0.6556,0.5677,0.3993,4.8064,0.3981,0.6154,0.5393,-0.0197,0.6256,0.6268,0.2941,4.3413,0.3457,0.5388,0.4926,-0.0705,0.6406,0.5972,0.3467,4.5739,0.3719,0.5771,0.5159,-0.0451,117.0,1802.56,0.6533,0.6189
2023-05-15,FARM0555,H,-7.837309,112.357556,271,3,52,8275,280.22,3.08,20.23,27.2,0.1,67.5,13.1,0.693,0.562,0.356,5.5142,0.3706,0.6425,0.5372,0.0489,0.6748,0.5504,0.3586,5.1503,0.3389,0.5374,0.5072,0.0148,0.6839,0.5562,0.3573,5.3322,0.3547,0.5899,0.5222,0.0319,113.73,1836.0,0.6427,0.62005
2024-06-08,FARM0555,H,-7.837309,112.357556,271,4,48,9135,298.53,2.35,12.68,23.1,0.8,67.8,14.9,0.7028,0.6052,0.4199,5.7293,0.4242,0.6547,0.5766,0.068,0.6767,0.6799,0.4191,5.1855,0.399,0.6142,0.5493,0.0182,0.6897,0.6426,0.4195,5.4574,0.4116,0.6345,0.5629,0.0431,86.32,1566.18,0.5805,0.66615
2021-02-24,FARM0556,H,-7.860101,112.362272,562,1,56,9541,373.41,2.72,25.18,26.8,29.3,82.2,16.3,0.6208,0.6168,0.3672,4.2739,0.3713,0.5421,0.5072,-0.0783,0.6313,0.5658,0.2753,4.4241,0.325,0.5431,0.4804,-0.0611,0.626,0.5913,0.3213,4.349,0.3482,0.5426,0.4938,-0.0697,115.91,2202.96,0.6787000000000001,0.60865
2022-04-20,FARM0556,H,-7.860101,112.362272,562,2,52,9037,358.11,2.58,20.52,28.1,0.3,64.4,15.5,0.7152,0.6223,0.377,6.0217,0.4369,0.7339,0.5899,0.0927,0.6213,0.5653,0.2589,4.2816,0.3335,0.5351,0.4825,-0.0774,0.6682,0.5938,0.3179,5.1516,0.3852,0.6345,0.5362,0.0076,113.39,1809.64,0.6820999999999999,0.631
2023-07-14,FARM0556,H,-7.860101,112.362272,562,3,56,9507,319.14,2.65,23.8,22.8,1.2,65.5,14.5,0.6225,0.6487,0.3431,4.2982,0.3629,0.5429,0.5027,-0.0755,0.6141,0.5837,0.3201,4.1821,0.3462,0.4924,0.4882,-0.0891,0.6183,0.6162,0.3316,4.2401,0.3546,0.5176,0.4954,-0.0823,113.49,1493.4,0.6684,0.61725
2024-09-06,FARM0556,H,-7.860101,112.362272,562,4,52,8477,268.28,1.78,7.38,20.0,4.7,72.5,15.0,0.6203,0.6369,0.3195,4.267,0.3487,0.5797,0.4924,-0.0791,0.6295,0.5721,0.33,4.3975,0.3138,0.4884,0.4714,-0.0641,0.6249,0.6045,0.3248,4.3322,0.3313,0.5341,0.4819,-0.0716,84.22,1450.0,0.6752,0.6147
2021-02-24,FARM0557,H,-7.864811,112.351257,620,1,56,9299,345.02,2.63,31.09,23.9,2.5,81.1,16.9,0.6409,0.5524,0.3215,4.5701,0.3568,0.5593,0.5065,-0.0449,0.7238,0.5804,0.4028,6.2421,0.4105,0.6595,0.577,0.1105,0.6824,0.5664,0.3622,5.4061,0.3836,0.6094,0.5417,0.0328,117.05,1938.29,0.6377999999999999,0.6244000000000001
2022-05-20,FARM0557,H,-7.864811,112.351257,620,2,56,9810,311.1,2.55,27.53,23.4,2.8,74.8,14.7,0.6118,0.5813,0.3339,4.1519,0.3376,0.5334,0.4814,-0.0927,0.6624,0.5401,0.3016,4.9241,0.3312,0.522,0.4968,-0.0077,0.6371,0.5607,0.3177,4.538,0.3344,0.5277,0.4891,-0.0502,114.07,1750.32,0.6823,0.5989
2023-06-14,FARM0557,H,-7.864811,112.351257,620,3,48,8589,277.07,2.33,17.63,23.0,1.0,67.4,14.0,0.5938,0.5718,0.3358,3.9242,0.3336,0.5059,0.4713,-0.1205,0.6219,0.5685,0.3309,4.2894,0.3464,0.5252,0.4916,-0.0765,0.6079,0.5702,0.3334,4.1068,0.34,0.5156,0.4814,-0.0985,105.9,1550.2,0.6666000000000001,0.5890500000000001
2024-08-07,FARM0557,H,-7.864811,112.351257,620,4,52,9735,276.85,2.48,19.22,20.1,2.3,70.9,15.5,0.6659,0.631,0.2732,4.9855,0.3625,0.6097,0.5206,-0.0015,0.6964,0.5615,0.2684,5.5885,0.3595,0.6143,0.5307,0.0556,0.6811,0.5962,0.2708,5.287,0.361,0.612,0.5256,0.0271,112.73,1425.09,0.7292000000000001,0.6386499999999999
2021-02-24,FARM0558,H,-7.853954,112.366038,523,1,56,10686,337.78,2.61,26.56,24.9,21.2,80.5,13.2,0.6044,0.6157,0.3276,4.0562,0.3485,0.5613,0.4855,-0.1042,0.6999,0.6549,0.3243,5.6651,0.4066,0.6216,0.5642,0.0624,0.6522,0.6353,0.3259,4.8607,0.3775,0.5915,0.5249,-0.0209,114.86,2004.45,0.6740999999999999,0.64375
2022-04-20,FARM0558,H,-7.853954,112.366038,523,2,52,10002,317.86,2.71,30.71,23.9,0.7,81.8,14.2,0.7014,0.6177,0.3014,5.6987,0.3842,0.6306,0.55,0.0653,0.7099,0.5743,0.3667,5.8945,0.3741,0.6356,0.5464,0.0821,0.7057,0.596,0.3341,5.7966,0.3792,0.6331,0.5482,0.0737,113.73,1955.02,0.6658999999999999,0.6508499999999999
2023-07-14,FARM0558,H,-7.853954,112.366038,523,3,56,9196,313.74,2.15,9.83,23.5,1.4,69.1,13.5,0.6557,0.6064,0.2986,4.8087,0.3937,0.6426,0.5366,-0.0195,0.7167,0.5735,0.4139,6.0599,0.3939,0.6307,0.5629,0.0958,0.6862,0.5899,0.3562,5.4343,0.3938,0.6367,0.5498,0.0382,83.99,1623.85,0.6437999999999999,0.63805
2024-09-06,FARM0558,H,-7.853954,112.366038,523,4,52,9130,254.08,2.29,15.2,20.0,0.3,66.7,14.3,0.6612,0.5878,0.317,4.9036,0.3941,0.5732,0.5393,-0.0097,0.7481,0.6391,0.3814,6.9399,0.4269,0.7292,0.5981,0.1625,0.7047,0.6135,0.3492,5.9218,0.4105,0.6512,0.5687,0.0764,86.77,1334.0,0.6508,0.6591
2021-02-24,FARM0559,H,-7.833163,112.351594,727,1,56,10069,326.65,2.25,17.92,25.3,0.7,64.1,16.4,0.6365,0.568,0.3341,4.5017,0.3872,0.5985,0.524,-0.0524,0.7057,0.5679,0.3875,5.7949,0.3852,0.6313,0.5525,0.0736,0.6711,0.5679,0.3608,5.1483,0.3862,0.6149,0.5382,0.0106,113.85,1621.73,0.6392,0.6194999999999999
2022-03-21,FARM0559,H,-7.833163,112.351594,727,2,48,10076,318.13,1.98,15.64,25.1,5.7,72.6,15.3,0.6094,0.6003,0.3118,4.1209,0.3407,0.5386,0.4825,-0.0964,0.6829,0.6198,0.3456,5.3073,0.3727,0.6283,0.5346,0.0298,0.6462,0.61,0.3287,4.7141,0.3567,0.5834,0.5086,-0.0333,116.35,1822.26,0.6713,0.6281
2023-05-15,FARM0559,H,-7.833163,112.351594,727,3,52,9334,289.94,2.63,19.6,23.9,0.7,64.7,15.7,0.6397,0.5587,0.3491,4.5503,0.3602,0.5974,0.5082,-0.0471,0.606,0.6021,0.3576,4.0766,0.3198,0.5117,0.4668,-0.1017,0.6228,0.5804,0.3533,4.3134,0.34,0.5546,0.4875,-0.0744,113.48,1546.33,0.6467,0.6016
2024-06-08,FARM0559,H,-7.833163,112.351594,727,4,48,8654,296.21,1.92,10.91,22.3,0.0,71.6,15.8,0.6522,0.635,0.3516,4.7507,0.3956,0.6207,0.5362,-0.0256,0.6901,0.6667,0.4159,5.4546,0.397,0.6289,0.5538,0.0435,0.6712,0.6509,0.3837,5.1027,0.3963,0.6248,0.545,0.009,86.57,1596.68,0.6163000000000001,0.66105
2021-02-24,FARM0560,H,-7.841869,112.360253,567,1,56,8630,307.1,2.82,18.61,25.5,12.5,82.9,14.5,0.6944,0.6083,0.3865,5.5443,0.4302,0.6399,0.5764,0.0516,0.7094,0.6759,0.3763,5.8832,0.4043,0.6453,0.5669,0.0812,0.7019,0.6421,0.3814,5.7137,0.4173,0.6426,0.5716,0.0664,115.47,2113.95,0.6186,0.6719999999999999
2022-04-20,FARM0560,H,-7.841869,112.360253,567,2,52,9441,319.77,2.7,20.06,23.9,0.8,76.2,16.6,0.6915,0.6102,0.407,5.4834,0.4064,0.6683,0.5604,0.0461,0.6729,0.6291,0.3192,5.1143,0.3656,0.5907,0.5256,0.0113,0.6822,0.6197,0.3631,5.2988,0.386,0.6295,0.543,0.0287,117.17,1821.18,0.6369,0.65095
2023-05-15,FARM0560,H,-7.841869,112.360253,567,3,48,9038,266.87,1.93,8.21,25.4,1.4,66.2,16.0,0.6321,0.6002,0.2704,4.437,0.3334,0.5693,0.4867,-0.0597,0.7221,0.6025,0.4244,6.1978,0.3947,0.6709,0.5657,0.107,0.6771,0.6013,0.3474,5.3174,0.3641,0.6201,0.5262,0.0237,85.62,1681.48,0.6526000000000001,0.6392
2024-07-08,FARM0560,H,-7.841869,112.360253,567,4,52,9012,244.54,1.93,5.96,23.7,0.2,68.8,15.1,0.621,0.5717,0.2413,4.2776,0.3315,0.5409,0.481,-0.0779,0.6346,0.599,0.2899,4.473,0.3319,0.5176,0.4866,-0.0556,0.6278,0.5853,0.2656,4.3753,0.3317,0.5293,0.4838,-0.0667,86.53,1630.56,0.7343999999999999,0.60655
2021-02-24,FARM0561,H,-7.835479,112.355581,233,1,56,10163,341.24,2.78,21.83,23.8,0.1,66.3,17.0,0.6579,0.6559,0.3392,4.8466,0.4023,0.6038,0.5429,-0.0156,0.7033,0.5804,0.3856,5.7414,0.4043,0.6053,0.5642,0.069,0.6806,0.6182,0.3624,5.294,0.4033,0.6045,0.5536,0.0267,116.43,1577.94,0.6376,0.6494
2022-04-20,FARM0561,H,-7.835479,112.355581,233,2,52,8613,317.91,2.63,28.87,28.2,3.1,74.7,14.9,0.6657,0.5956,0.3765,4.9833,0.4215,0.6296,0.5579,-0.0017,0.6493,0.6241,0.3856,4.7032,0.3671,0.546,0.5169,-0.0306,0.6575,0.6099,0.381,4.8433,0.3943,0.5878,0.5374,-0.0161,114.65,2106.54,0.619,0.6336999999999999
2023-06-14,FARM0561,H,-7.835479,112.355581,233,3,52,8345,315.36,2.73,17.45,21.7,0.6,72.5,13.9,0.5967,0.5524,0.3433,3.9587,0.34,0.4838,0.4767,-0.1162,0.7244,0.5887,0.3508,6.2575,0.3808,0.6341,0.5569,0.1117,0.6605,0.5706,0.3471,5.1081,0.3604,0.5589,0.5168,-0.0023,105.85,1573.25,0.6529,0.61555
2024-07-08,FARM0561,H,-7.835479,112.355581,233,4,48,9162,306.11,2.04,14.19,23.2,2.1,80.6,13.3,0.7259,0.6472,0.4248,6.2956,0.4379,0.6814,0.5954,0.1147,0.6477,0.5492,0.2898,4.6763,0.328,0.5653,0.4888,-0.0335,0.6868,0.5982,0.3573,5.486,0.3829,0.6234,0.5421,0.0406,90.65,1869.92,0.6427,0.6425
2021-01-25,FARM0562,H,-7.866832,112.349765,597,1,52,9935,307.48,2.49,19.56,23.2,4.0,71.2,14.8,0.6736,0.575,0.3676,5.1275,0.3728,0.6035,0.5308,0.0126,0.6557,0.5827,0.3885,4.8089,0.3769,0.5729,0.526,-0.0195,0.6647,0.5789,0.3781,4.9682,0.3748,0.5882,0.5284,-0.0034,115.72,1651.84,0.6219,0.6217999999999999
2022-03-21,FARM0562,H,-7.866832,112.349765,597,2,52,9982,320.03,2.52,25.22,27.8,8.8,75.8,14.3,0.6554,0.5879,0.3153,4.8032,0.3461,0.5768,0.505,-0.0201,0.7062,0.6456,0.339,5.8078,0.3743,0.6076,0.5451,0.0747,0.6808,0.6167,0.3271,5.3055,0.3602,0.5922,0.525,0.0273,114.27,2107.24,0.6729,0.6487499999999999
2023-06-14,FARM0562,H,-7.866832,112.349765,597,3,56,9486,265.59,2.57,26.4,25.3,4.6,77.2,13.4,0.6615,0.6001,0.2922,4.9078,0.3426,0.5561,0.5049,-0.0093,0.6409,0.6435,0.3128,4.5694,0.3531,0.5118,0.504,-0.045,0.6512,0.6218,0.3025,4.7386,0.3479,0.534,0.5044,-0.0272,114.45,1953.16,0.6975,0.6365000000000001
2024-07-08,FARM0562,H,-7.866832,112.349765,597,4,48,8858,285.14,1.92,9.24,20.0,3.4,71.7,16.0,0.715,0.6047,0.3594,6.0187,0.4216,0.6784,0.5804,0.0925,0.6277,0.543,0.3162,4.3715,0.3153,0.5444,0.4719,-0.0671,0.6714,0.5739,0.3378,5.1951,0.3684,0.6114,0.5261,0.0127,83.83,1434.0,0.6622,0.6226499999999999
2021-02-24,FARM0563,H,-7.855364,112.330772,790,1,56,10202,335.69,2.46,17.16,24.7,3.0,65.5,13.2,0.6902,0.6014,0.4217,5.4557,0.4302,0.7057,0.5745,0.0436,0.664,0.623,0.4224,4.953,0.3887,0.6092,0.5372,-0.0047,0.6771,0.6122,0.4221,5.2044,0.4094,0.6575,0.5558,0.0194,116.82,1617.85,0.5779000000000001,0.64465
2022-04-20,FARM0563,H,-7.855364,112.330772,790,2,52,10480,340.3,2.54,27.99,29.6,0.1,75.7,14.0,0.6386,0.5879,0.4087,4.5334,0.3919,0.5779,0.5278,-0.0489,0.6373,0.5675,0.3775,4.5143,0.3569,0.5356,0.5051,-0.0511,0.6379,0.5777,0.3931,4.5238,0.3744,0.5568,0.5164,-0.05,113.25,2240.72,0.6069,0.6078
2023-06-14,FARM0563,H,-7.855364,112.330772,790,3,52,9812,295.04,2.68,25.98,22.3,0.3,73.4,15.3,0.637,0.5764,0.326,4.5092,0.3724,0.5446,0.515,-0.0516,0.6435,0.6236,0.3343,4.6099,0.3175,0.5181,0.4794,-0.0406,0.6402,0.6,0.3302,4.5596,0.3449,0.5314,0.4972,-0.0461,113.48,1636.82,0.6698,0.6201
2024-08-07,FARM0563,H,-7.855364,112.330772,790,4,52,9553,294.57,1.96,10.71,20.0,2.2,66.6,16.2,0.6813,0.538,0.303,5.2756,0.3713,0.6151,0.533,0.0268,0.663,0.6206,0.3082,4.9353,0.3835,0.57,0.5334,-0.0065,0.6722,0.5793,0.3056,5.1054,0.3774,0.5925,0.5332,0.0102,83.75,1332.0,0.6944,0.62575
2020-12-26,FARM0564,H,-7.834643,112.358394,281,1,48,9761,350.15,2.72,31.91,23.7,6.9,69.7,16.0,0.613,0.6046,0.3839,4.1686,0.3763,0.5825,0.5068,-0.0907,0.7054,0.598,0.3511,5.7889,0.4024,0.6787,0.5639,0.0731,0.6592,0.6013,0.3675,4.9788,0.3894,0.6306,0.5353,-0.0088,116.83,1651.89,0.6325000000000001,0.63025
2022-03-21,FARM0564,H,-7.834643,112.358394,281,2,56,9443,334.83,2.42,17.73,29.6,9.0,66.8,14.9,0.6024,0.5784,0.3534,4.0307,0.3623,0.5305,0.4934,-0.1073,0.6737,0.6501,0.4024,5.129,0.3957,0.5952,0.5459,0.0127,0.6381,0.6142,0.3779,4.5798,0.379,0.5629,0.5197,-0.0473,117.12,1977.28,0.6221,0.62615
2023-05-15,FARM0564,H,-7.834643,112.358394,281,3,52,8262,276.75,1.96,11.45,24.8,0.8,78.4,14.8,0.6763,0.6049,0.259,5.1785,0.3645,0.5696,0.5263,0.0175,0.716,0.642,0.3192,6.0429,0.3697,0.612,0.5457,0.0944,0.6962,0.6234,0.2891,5.6107,0.3671,0.5908,0.536,0.056,86.56,1944.32,0.7109,0.6597999999999999
2024-07-08,FARM0564,H,-7.834643,112.358394,281,4,52,9114,290.37,2.01,12.19,20.0,5.0,74.7,13.1,0.703,0.6356,0.3303,5.7339,0.3836,0.6245,0.5503,0.0684,0.7045,0.611,0.3341,5.7679,0.3622,0.5936,0.5357,0.0713,0.7037,0.6233,0.3322,5.7509,0.3729,0.609,0.543,0.0698,83.89,1494.0,0.6678,0.6635
2020-12-26,FARM0565,H,-7.845612,112.331781,450,1,48,9138,364.4,2.66,26.89,20.0,4.6,70.5,14.4,0.6836,0.631,0.3249,5.3221,0.4055,0.6278,0.5564,0.0312,0.7185,0.6092,0.2589,6.106,0.3603,0.6038,0.5397,0.0996,0.7011,0.6201,0.2919,5.714,0.3829,0.6158,0.548,0.0654,117.22,1410.0,0.7081,0.6606
2022-02-19,FARM0565,H,-7.845612,112.331781,450,2,52,9880,346.59,2.66,29.59,24.4,5.9,65.4,13.3,0.6628,0.6382,0.3949,4.9317,0.386,0.5764,0.5349,-0.0069,0.661,0.6307,0.359,4.9004,0.3435,0.5763,0.5053,-0.0101,0.6619,0.6344,0.3769,4.916,0.3647,0.5764,0.5201,-0.0085,113.27,1595.76,0.6231,0.64815
2023-04-15,FARM0565,H,-7.845612,112.331781,450,3,52,8596,330.36,2.35,22.31,25.6,0.1,78.2,14.0,0.6475,0.5579,0.3608,4.6745,0.3601,0.6153,0.5114,-0.0336,0.6766,0.5943,0.3837,5.184,0.394,0.6305,0.5461,0.0181,0.6621,0.5761,0.3722,4.9293,0.377,0.6229,0.5287,-0.0078,115.79,2001.92,0.6278,0.6191
2024-06-08,FARM0565,H,-7.845612,112.331781,450,4,52,9117,269.92,2.48,14.91,25.6,2.5,63.5,16.6,0.6138,0.5578,0.2977,4.1787,0.3713,0.5433,0.5041,-0.0895,0.6889,0.6489,0.2939,5.4286,0.3561,0.5867,0.5253,0.0411,0.6513,0.6034,0.2958,4.8037,0.3637,0.565,0.5147,-0.0242,97.52,1625.6,0.7041999999999999,0.6273500000000001
2021-02-24,FARM0566,H,-7.849148,112.359379,500,1,56,9063,327.56,2.42,19.22,24.1,21.1,75.3,14.7,0.6719,0.5762,0.2378,5.0965,0.3485,0.6352,0.5132,0.0096,0.7179,0.662,0.3167,6.0888,0.412,0.6811,0.5755,0.0982,0.6949,0.6191,0.2772,5.5926,0.3802,0.6582,0.5443,0.0539,116.55,1814.73,0.7228,0.657
2022-05-20,FARM0566,H,-7.849148,112.359379,500,2,56,9300,318.45,2.64,25.55,24.9,7.8,63.0,15.7,0.6401,0.619,0.4301,4.5571,0.4066,0.6235,0.5372,-0.0463,0.6123,0.556,0.385,4.1587,0.3451,0.5206,0.4867,-0.0919,0.6262,0.5875,0.4076,4.3579,0.3758,0.5721,0.512,-0.0691,113.22,1568.7,0.5924,0.60685
2023-07-14,FARM0566,H,-7.849148,112.359379,500,3,52,8669,311.24,2.57,18.13,20.0,0.6,72.5,16.1,0.6111,0.6192,0.3708,4.143,0.3354,0.4973,0.4796,-0.0937,0.6773,0.6325,0.3375,5.1975,0.367,0.588,0.5284,0.0194,0.6442,0.6258,0.3541,4.6702,0.3512,0.5426,0.504,-0.0372,108.57,1450.0,0.6458999999999999,0.635
2024-10-06,FARM0566,H,-7.849148,112.359379,500,4,56,8737,306.51,2.02,10.54,20.0,5.6,69.0,13.3,0.6608,0.5811,0.3621,4.896,0.387,0.6103,0.5347,-0.0105,0.6373,0.6171,0.2228,4.5144,0.3118,0.5468,0.4728,-0.051,0.6491,0.5991,0.2924,4.7052,0.3494,0.5786,0.5037,-0.0308,86.03,1380.0,0.7076,0.6241
2021-01-25,FARM0567,H,-7.863685,112.335898,552,1,52,9359,379.35,3.14,54.17,23.8,34.9,70.6,14.0,0.7135,0.6514,0.3875,5.9799,0.4145,0.7382,0.5752,0.0892,0.6385,0.5277,0.2954,4.5324,0.3143,0.503,0.4752,-0.0491,0.676,0.5895,0.3415,5.2561,0.3644,0.6206,0.5252,0.0201,117.14,1680.28,0.6585,0.63275
2022-04-20,FARM0567,H,-7.863685,112.335898,552,2,56,9548,343.94,2.74,20.38,26.4,5.6,82.8,16.4,0.6202,0.5883,0.3841,4.2665,0.3598,0.5257,0.4997,-0.0792,0.661,0.5518,0.3141,4.9003,0.324,0.5786,0.4908,-0.0101,0.6406,0.57,0.3491,4.5834,0.3419,0.5521,0.4952,-0.0446,115.14,2185.92,0.6509,0.6053
2023-05-15,FARM0567,H,-7.863685,112.335898,552,3,48,8117,286.95,2.69,23.88,23.4,0.7,79.4,13.6,0.67,0.6354,0.3056,5.0609,0.3889,0.6632,0.5399,0.0061,0.6159,0.6508,0.367,4.2073,0.3253,0.4861,0.4746,-0.0861,0.643,0.6431,0.3363,4.6341,0.3571,0.5746,0.5072,-0.04,113.49,1857.96,0.6637,0.64305
2024-07-08,FARM0567,H,-7.863685,112.335898,552,4,52,8452,288.58,2.47,16.11,20.2,1.8,64.1,15.7,0.6217,0.5849,0.3615,4.2871,0.3907,0.5495,0.5193,-0.0768,0.728,0.6634,0.3095,6.3537,0.3869,0.6366,0.5627,0.1192,0.6749,0.6242,0.3355,5.3204,0.3888,0.5931,0.541,0.0212,84.92,1294.82,0.6645,0.6495500000000001
2021-02-24,FARM0568,H,-7.835035,112.3558,474,1,56,9614,352.74,3.16,30.12,27.5,34.1,80.0,16.5,0.6749,0.6049,0.3974,5.1527,0.4204,0.6089,0.5616,0.015,0.6345,0.6756,0.338,4.4721,0.3788,0.5536,0.518,-0.0557,0.6547,0.6402,0.3677,4.8124,0.3996,0.5813,0.5398,-0.0203,112.89,2200.0,0.6323,0.64745
2022-03-21,FARM0568,H,-7.835035,112.3558,474,2,48,8507,319.11,2.6,24.73,28.8,7.0,70.6,15.5,0.6462,0.6337,0.3946,4.6523,0.3887,0.6282,0.5293,-0.036,0.6864,0.5493,0.2786,5.3771,0.3561,0.6186,0.5243,0.0363,0.6663,0.5915,0.3366,5.0147,0.3724,0.6234,0.5268,0.0002,112.72,2033.28,0.6634,0.6289
2023-04-15,FARM0568,H,-7.835035,112.3558,474,3,48,8798,289.19,2.64,19.13,27.7,1.4,77.3,16.6,0.6754,0.547,0.3289,5.1619,0.3508,0.5922,0.5162,0.0159,0.6362,0.6017,0.2382,4.4977,0.325,0.5204,0.4822,-0.0529,0.6558,0.5743,0.2836,4.8298,0.3379,0.5563,0.4992,-0.0185,113.27,2141.21,0.7163999999999999,0.6150500000000001
2024-05-09,FARM0568,H,-7.835035,112.3558,474,4,48,9021,264.41,2.47,14.67,23.3,0.9,68.9,15.9,0.6779,0.5908,0.3193,5.2094,0.3858,0.5894,0.5413,0.0205,0.6726,0.6074,0.2353,5.1083,0.3335,0.557,0.5024,0.0107,0.6752,0.5991,0.2773,5.1588,0.3597,0.5732,0.5218,0.0156,90.33,1605.37,0.7227,0.63715
2021-01-25,FARM0569,H,-7.858747,112.336752,747,1,52,9148,313.34,2.81,31.93,26.2,3.8,72.6,13.8,0.6714,0.5479,0.3132,5.087,0.366,0.586,0.5253,0.0086,0.6453,0.6709,0.3748,4.6381,0.363,0.5486,0.5125,-0.0375,0.6584,0.6094,0.344,4.8625,0.3645,0.5673,0.5189,-0.0145,113.06,1902.12,0.656,0.6339
2022-03-21,FARM0569,H,-7.858747,112.336752,747,2,52,9106,306.09,2.59,23.23,27.8,2.1,66.2,16.3,0.5895,0.591,0.2918,3.8717,0.322,0.496,0.4617,-0.1272,0.638,0.592,0.3796,4.5248,0.3714,0.5526,0.5148,-0.0499,0.6137,0.5915,0.3357,4.1982,0.3467,0.5243,0.4882,-0.0885,115.12,1840.36,0.6643,0.6026
2023-05-15,FARM0569,H,-7.858747,112.336752,747,3,52,8764,272.82,2.0,6.69,25.5,0.5,64.6,14.7,0.6056,0.6375,0.3621,4.0716,0.3582,0.5391,0.4923,-0.1023,0.6558,0.5876,0.2573,4.8102,0.3266,0.5286,0.4909,-0.0193,0.6307,0.6126,0.3097,4.4409,0.3424,0.5338,0.4916,-0.0608,83.87,1647.3,0.6903,0.62165
2024-07-08,FARM0569,H,-7.858747,112.336752,747,4,52,9341,309.43,1.9,11.3,21.6,2.1,82.3,15.7,0.5969,0.6099,0.322,3.961,0.3546,0.4977,0.4862,-0.1159,0.5993,0.5986,0.3618,3.9913,0.3197,0.4609,0.4641,-0.1122,0.5981,0.6043,0.3419,3.9762,0.3372,0.4793,0.4751,-0.1141,85.51,1777.68,0.6581,0.6012
2021-02-24,FARM0570,H,-7.855364,112.344549,541,1,56,8368,351.45,2.49,18.52,24.6,2.7,74.1,15.9,0.6599,0.559,0.3595,4.8809,0.3621,0.614,0.5179,-0.012,0.614,0.5712,0.3376,4.1816,0.3334,0.4817,0.4795,-0.0891,0.637,0.5651,0.3486,4.5312,0.3477,0.5478,0.4987,-0.0506,116.01,1822.86,0.6514,0.6010500000000001
2022-04-20,FARM0570,H,-7.855364,112.344549,541,2,52,9052,345.12,2.19,12.85,26.5,1.4,63.7,14.5,0.6704,0.5236,0.3088,5.0674,0.3555,0.5796,0.5175,0.0067,0.6992,0.6295,0.399,5.648,0.4022,0.6021,0.5611,0.0609,0.6848,0.5765,0.3539,5.3577,0.3788,0.5909,0.5393,0.0338,95.21,1688.05,0.6461,0.6306499999999999
2023-05-15,FARM0570,H,-7.855364,112.344549,541,3,48,7840,278.82,2.59,16.1,26.2,3.2,78.0,14.6,0.5973,0.6097,0.3239,3.9665,0.3252,0.4921,0.4671,-0.1153,0.6614,0.5961,0.367,4.9072,0.3463,0.5557,0.5075,-0.0094,0.6294,0.6029,0.3454,4.4368,0.3357,0.5239,0.4873,-0.0623,103.7,2043.6,0.6546000000000001,0.61615
2024-06-08,FARM0570,H,-7.855364,112.344549,541,4,48,7892,293.23,1.89,10.51,26.5,0.6,71.8,16.9,0.6028,0.6146,0.3142,4.0349,0.3375,0.5445,0.4776,-0.1068,0.7324,0.6177,0.3483,6.4739,0.4204,0.6999,0.5872,0.1285,0.6676,0.6161,0.3312,5.2544,0.3789,0.6222,0.5324,0.0108,83.64,1902.7,0.6688000000000001,0.64185
2020-12-26,FARM0571,H,-7.858458,112.343521,299,1,48,9001,380.98,2.31,13.75,21.2,50.0,63.1,14.7,0.6065,0.6211,0.2521,4.0824,0.3296,0.5384,0.4738,-0.101,0.7383,0.5875,0.3593,6.6424,0.4222,0.6796,0.5909,0.1411,0.6724,0.6043,0.3057,5.3624,0.3759,0.609,0.5323,0.02,92.86,1337.72,0.6942999999999999,0.63835
2022-03-21,FARM0571,H,-7.858458,112.343521,299,2,56,8521,318.83,2.7,20.72,27.9,0.5,80.3,14.1,0.6385,0.5288,0.288,4.5326,0.3437,0.5233,0.4966,-0.049,0.6406,0.623,0.3727,4.5652,0.3383,0.5696,0.4936,-0.0455,0.6396,0.5759,0.3304,4.5489,0.341,0.5465,0.4951,-0.0472,113.43,2240.37,0.6696,0.60775
2023-04-15,FARM0571,H,-7.858458,112.343521,299,3,48,8544,317.92,2.7,17.51,28.9,1.1,70.9,13.8,0.6642,0.6252,0.2722,4.9556,0.3677,0.5841,0.5235,-0.0045,0.6846,0.6082,0.2796,5.3415,0.3516,0.6267,0.5203,0.033,0.6744,0.6167,0.2759,5.1485,0.3596,0.6054,0.5219,0.0143,116.22,2049.01,0.7241,0.6455500000000001
2024-06-08,FARM0571,H,-7.858458,112.343521,299,4,52,7765,299.41,2.2,17.36,23.4,1.4,70.4,16.9,0.6468,0.6285,0.4238,4.6619,0.4009,0.6288,0.537,-0.035,0.586,0.5724,0.2354,3.8307,0.3062,0.4431,0.4492,-0.1324,0.6164,0.6004,0.3296,4.2463,0.3535,0.5359,0.4931,-0.0837,91.92,1647.36,0.6704,0.6084
2020-12-26,FARM0572,H,-7.83474,112.339542,661,1,48,9006,369.51,2.42,26.04,20.0,31.8,66.1,14.8,0.631,0.6025,0.3274,4.4197,0.4088,0.6077,0.5342,-0.0616,0.6771,0.6099,0.3722,5.1931,0.3979,0.6108,0.5487,0.0189,0.654,0.6062,0.3498,4.8064,0.4033,0.6092,0.5414,-0.0213,116.66,1322.0,0.6502,0.6301
2022-02-19,FARM0572,H,-7.83474,112.339542,661,2,52,9164,310.06,2.59,23.36,28.6,0.6,69.6,13.0,0.65,0.6098,0.3606,4.7144,0.3985,0.6154,0.537,-0.0294,0.6177,0.5549,0.2455,4.2315,0.3237,0.528,0.4742,-0.0832,0.6339,0.5824,0.3031,4.4729,0.3611,0.5717,0.5056,-0.0563,116.14,1990.56,0.6969000000000001,0.60815
2023-04-15,FARM0572,H,-7.83474,112.339542,661,3,52,8179,272.11,2.03,8.38,29.6,2.1,63.7,16.3,0.5977,0.564,0.2759,3.972,0.3332,0.4891,0.4726,-0.1146,0.6468,0.5624,0.3477,4.6632,0.3499,0.527,0.5042,-0.0349,0.6223,0.5632,0.3118,4.3176,0.3415,0.508,0.4884,-0.0747,85.2,1885.52,0.6881999999999999,0.59275
2024-06-08,FARM0572,H,-7.83474,112.339542,661,4,52,8084,273.13,2.04,11.76,22.1,3.1,70.2,17.0,0.6501,0.6456,0.3234,4.7158,0.416,0.6444,0.5474,-0.0292,0.6502,0.6636,0.3295,4.7178,0.3516,0.5159,0.5068,-0.029,0.6502,0.6546,0.3264,4.7168,0.3838,0.5802,0.5271,-0.0291,85.37,1551.42,0.6736,0.6524
2021-01-25,FARM0573,H,-7.857504,112.333965,405,1,52,9305,311.85,2.66,16.98,25.4,4.6,73.2,13.9,0.7046,0.585,0.306,5.7704,0.4192,0.7235,0.5743,0.0715,0.7206,0.6399,0.4135,6.1583,0.4068,0.6206,0.5732,0.1038,0.7126,0.6124,0.3598,5.9644,0.413,0.672,0.5737,0.0877,115.15,1859.28,0.6402,0.6625000000000001
2022-02-19,FARM0573,H,-7.857504,112.333965,405,2,48,7944,313.36,2.59,24.15,27.1,4.4,78.7,16.0,0.6321,0.5863,0.4275,4.4367,0.3869,0.5835,0.5218,-0.0597,0.656,0.5571,0.3245,4.8136,0.3578,0.5704,0.5133,-0.019,0.6441,0.5717,0.376,4.6252,0.3723,0.5769,0.5176,-0.0393,115.19,2132.77,0.624,0.6079
2023-05-15,FARM0573,H,-7.857504,112.333965,405,3,56,8129,279.84,2.06,14.36,22.9,1.2,69.3,14.5,0.7136,0.6177,0.3571,5.9829,0.4047,0.6871,0.5689,0.0895,0.7154,0.6584,0.4061,6.0265,0.3893,0.623,0.5592,0.0931,0.7145,0.638,0.3816,6.0047,0.397,0.655,0.564,0.0913,84.67,1586.97,0.6184000000000001,0.67625
2024-07-08,FARM0573,H,-7.857504,112.333965,405,4,52,7885,252.44,2.41,12.32,22.2,3.0,77.1,14.3,0.6271,0.6426,0.347,4.3629,0.3964,0.5544,0.5252,-0.068,0.6778,0.5753,0.3564,5.2073,0.3804,0.566,0.5377,0.0203,0.6524,0.609,0.3517,4.7851,0.3884,0.5602,0.5314,-0.0239,83.42,1711.62,0.6483,0.6307
2020-12-26,FARM0574,H,-7.867894,112.332147,309,1,48,9166,289.04,2.58,21.81,21.1,16.4,66.3,14.9,0.6262,0.5886,0.3738,4.351,0.3713,0.5519,0.5096,-0.0694,0.7187,0.6787,0.4005,6.1107,0.4159,0.6426,0.5784,0.1,0.6725,0.6337,0.3871,5.2308,0.3936,0.5973,0.544,0.0153,115.55,1398.93,0.6129,0.6531
2022-02-19,FARM0574,H,-7.867894,112.332147,309,2,52,8477,292.19,3.02,26.74,24.6,2.4,76.0,14.7,0.7034,0.6397,0.328,5.744,0.3813,0.6747,0.5489,0.0692,0.6577,0.6222,0.3338,4.8421,0.3847,0.5796,0.5319,-0.016,0.6805,0.6309,0.3309,5.293,0.383,0.6272,0.5404,0.0266,116.11,1869.6,0.6691,0.6557
2023-05-15,FARM0574,H,-7.867894,112.332147,309,3,56,8931,296.18,2.81,23.4,24.5,9.7,79.8,13.5,0.7151,0.6458,0.3237,6.021,0.4258,0.7449,0.5831,0.0926,0.6492,0.6623,0.3685,4.7017,0.3626,0.5417,0.5139,-0.0307,0.6822,0.654,0.3461,5.3613,0.3942,0.6433,0.5485,0.0309,112.83,1955.1,0.6538999999999999,0.6681
2024-07-08,FARM0574,H,-7.867894,112.332147,309,4,52,9290,257.61,2.41,17.24,20.0,0.7,71.1,13.4,0.6136,0.6244,0.3813,4.1754,0.3693,0.5818,0.5027,-0.0899,0.6846,0.6276,0.3987,5.3418,0.3635,0.5809,0.5289,0.0331,0.6491,0.626,0.39,4.7586,0.3664,0.5813,0.5158,-0.0284,100.42,1422.0,0.61,0.6375500000000001
2021-01-25,FARM0575,H,-7.840344,112.364552,518,1,52,9825,318.32,3.03,36.87,21.2,22.3,67.8,15.5,0.6864,0.6139,0.2694,5.3775,0.3739,0.6272,0.5368,0.0364,0.7174,0.6567,0.3877,6.076,0.3667,0.6011,0.5439,0.0971,0.7019,0.6353,0.3285,5.7268,0.3703,0.6141,0.5404,0.0668,117.17,1437.36,0.6715,0.6686
2022-02-19,FARM0575,H,-7.840344,112.364552,518,2,48,9959,331.1,2.77,30.13,26.0,9.8,77.8,16.6,0.6969,0.6104,0.3858,5.5988,0.3943,0.6221,0.5549,0.0565,0.5775,0.5392,0.2227,3.7333,0.293,0.4257,0.4363,-0.145,0.6372,0.5748,0.3042,4.666,0.3436,0.5239,0.4956,-0.0443,116.7,2022.8,0.6958,0.606
2023-03-16,FARM0575,H,-7.840344,112.364552,518,3,48,9235,262.68,2.32,15.61,28.5,11.4,76.0,14.8,0.6889,0.6407,0.2774,5.4291,0.383,0.6817,0.5441,0.0411,0.6888,0.6721,0.3256,5.427,0.3786,0.6004,0.541,0.041,0.6889,0.6564,0.3015,5.4281,0.3808,0.6411,0.5426,0.041,114.87,2166.0,0.6985,0.67265
2024-04-09,FARM0575,H,-7.840344,112.364552,518,4,48,9311,296.35,2.69,13.78,26.7,8.6,74.4,13.5,0.6442,0.6469,0.2775,4.6204,0.3709,0.5685,0.5172,-0.0395,0.6968,0.6509,0.3141,5.5973,0.3902,0.602,0.5522,0.0564,0.6705,0.6489,0.2958,5.1088,0.3806,0.5852,0.5347,0.0085,100.2,1986.48,0.7041999999999999,0.6597
2021-02-24,FARM0576,H,-7.836273,112.36635,663,1,56,10278,335.58,2.85,23.18,25.0,4.0,75.8,13.6,0.688,0.6736,0.3392,5.4102,0.4212,0.6397,0.5681,0.0394,0.6795,0.6537,0.3232,5.2412,0.3932,0.6055,0.5468,0.0235,0.6838,0.6636,0.3312,5.3257,0.4072,0.6226,0.5574,0.0315,115.18,1895.0,0.6688000000000001,0.6737
2022-04-20,FARM0576,H,-7.836273,112.36635,663,2,52,10054,324.54,2.44,22.99,24.8,0.8,79.7,15.1,0.6222,0.6161,0.3484,4.2944,0.3934,0.5964,0.5212,-0.0759,0.651,0.558,0.2422,4.7302,0.3235,0.5494,0.4867,-0.0277,0.6366,0.5871,0.2953,4.5123,0.3585,0.5729,0.504,-0.0518,115.63,1976.56,0.7047,0.61185
2023-07-14,FARM0576,H,-7.836273,112.36635,663,3,56,10001,282.63,2.07,13.13,20.0,1.8,64.9,17.0,0.7075,0.5974,0.3559,5.8379,0.4107,0.6365,0.5701,0.0773,0.6281,0.5934,0.3511,4.3771,0.3311,0.5373,0.4835,-0.0664,0.6678,0.5954,0.3535,5.1075,0.3709,0.5869,0.5268,0.0054,85.62,1298.0,0.6465000000000001,0.6315999999999999
2024-08-07,FARM0576,H,-7.836273,112.36635,663,4,48,8804,277.65,1.81,7.53,20.0,2.1,65.9,15.5,0.6682,0.5413,0.3549,5.0268,0.3454,0.6284,0.5095,0.0027,0.7297,0.575,0.3145,6.4004,0.3914,0.6478,0.5665,0.1228,0.6989,0.5582,0.3347,5.7136,0.3684,0.6381,0.538,0.0628,83.89,1318.0,0.6653,0.6285499999999999
2020-12-26,FARM0577,I,-7.885546,112.397167,414,1,48,9330,296.53,2.22,10.0,20.0,24.5,63.1,15.6,0.6116,0.5604,0.337,4.1496,0.364,0.5766,0.4985,-0.0929,0.6518,0.5703,0.2176,4.7441,0.3216,0.522,0.4856,-0.0263,0.6317,0.5653,0.2773,4.4469,0.3428,0.5493,0.4921,-0.0596,85.94,1262.0,0.7227,0.5985
2022-01-20,FARM0577,I,-7.885546,112.397167,414,2,48,9223,329.53,2.44,21.02,24.2,9.7,63.9,15.2,0.6206,0.6087,0.2755,4.2716,0.3554,0.5743,0.497,-0.0786,0.5924,0.505,0.2374,3.9068,0.2857,0.4699,0.4363,-0.1227,0.6065,0.5568,0.2565,4.0892,0.3205,0.5221,0.4666,-0.1006,115.42,1546.38,0.7435,0.58165
2023-04-15,FARM0577,I,-7.885546,112.397167,414,3,56,8734,292.88,1.79,7.16,27.0,2.8,69.2,13.0,0.5934,0.5536,0.2863,3.919,0.3217,0.5036,0.463,-0.1212,0.5853,0.6179,0.2538,3.8224,0.2862,0.4252,0.4341,-0.1335,0.5893,0.5857,0.2701,3.8707,0.3039,0.4644,0.4486,-0.1273,83.61,1868.4,0.7299,0.5875
2024-07-08,FARM0577,I,-7.885546,112.397167,414,4,56,7707,244.49,2.41,10.12,20.8,1.7,70.0,13.1,0.5755,0.6262,0.2163,3.7113,0.3203,0.497,0.4547,-0.1479,0.6924,0.6091,0.2423,5.5015,0.3733,0.6398,0.5389,0.0478,0.6339,0.6177,0.2293,4.6064,0.3468,0.5684,0.4968,-0.0501,83.63,1456.0,0.7706999999999999,0.6258
2021-02-24,FARM0578,I,-7.915026,112.418232,309,1,56,9516,339.48,2.46,15.62,25.3,11.5,75.6,16.5,0.6075,0.6574,0.2621,4.0953,0.3686,0.5176,0.4996,-0.0995,0.7011,0.5615,0.3632,5.6909,0.3785,0.6537,0.546,0.0646,0.6543,0.6094,0.3126,4.8931,0.3736,0.5856,0.5228,-0.0174,113.72,1912.68,0.6874,0.63185
2022-05-20,FARM0578,I,-7.915026,112.418232,309,2,56,8838,334.45,2.38,19.35,25.8,1.7,80.6,15.8,0.5646,0.598,0.2934,3.5931,0.3044,0.4815,0.4394,-0.1637,0.7042,0.6275,0.3769,5.7615,0.3966,0.6297,0.5595,0.0708,0.6344,0.6127,0.3352,4.6773,0.3505,0.5556,0.4994,-0.0465,114.97,2079.48,0.6648000000000001,0.62355
2023-06-14,FARM0578,I,-7.915026,112.418232,309,3,48,9935,277.31,1.71,7.58,24.8,0.6,63.5,15.5,0.6871,0.6114,0.2163,5.3928,0.3555,0.6653,0.5242,0.0378,0.6942,0.5922,0.2992,5.5392,0.3794,0.6545,0.5438,0.0512,0.6907,0.6018,0.2577,5.466,0.3675,0.6599,0.534,0.0445,84.76,1574.8,0.7423,0.64625
2024-09-06,FARM0578,I,-7.915026,112.418232,309,4,56,9049,263.64,1.67,7.01,20.0,3.2,67.6,15.4,0.5913,0.6154,0.2361,3.8939,0.3421,0.4941,0.4758,-0.1244,0.6565,0.5469,0.2439,4.8225,0.3375,0.531,0.4992,-0.0181,0.6239,0.5811,0.24,4.3582,0.3398,0.5126,0.4875,-0.0712,85.75,1352.0,0.76,0.6025
2021-02-24,FARM0579,I,-7.902304,112.393358,591,1,56,8054,317.24,2.4,18.52,26.2,0.2,73.8,15.1,0.6994,0.6423,0.2513,5.6534,0.3864,0.6221,0.5507,0.0613,0.6526,0.5948,0.2912,4.7578,0.3283,0.5549,0.491,-0.0248,0.676,0.6186,0.2713,5.2056,0.3573,0.5885,0.5208,0.0183,116.05,1933.56,0.7287,0.6473
2022-04-20,FARM0579,I,-7.902304,112.393358,591,2,52,9271,300.37,2.21,10.78,25.0,2.1,63.8,13.6,0.6977,0.5862,0.3725,5.6159,0.4066,0.6364,0.5633,0.058,0.6318,0.609,0.3079,4.4312,0.3639,0.5344,0.5073,-0.0603,0.6647,0.5976,0.3402,5.0236,0.3853,0.5854,0.5353,-0.0011,84.69,1595.0,0.6597999999999999,0.63115
2023-07-14,FARM0579,I,-7.902304,112.393358,591,3,56,8146,326.9,2.55,14.31,20.2,2.7,70.1,13.2,0.7184,0.571,0.2951,6.102,0.417,0.6506,0.5789,0.0993,0.6327,0.5796,0.3157,4.4457,0.3662,0.5681,0.5092,-0.0587,0.6756,0.5753,0.3054,5.2738,0.3916,0.6094,0.5441,0.0203,86.35,1416.02,0.6946,0.6254500000000001
2024-08-07,FARM0579,I,-7.902304,112.393358,591,4,48,7575,281.37,2.12,8.24,20.9,2.2,80.5,15.1,0.6067,0.6442,0.2949,4.085,0.361,0.5402,0.4945,-0.1007,0.6682,0.5475,0.2417,5.0272,0.3071,0.5373,0.48,0.0027,0.6374,0.5958,0.2683,4.5561,0.334,0.5387,0.4873,-0.049,85.67,1682.45,0.7317,0.6166
2021-01-25,FARM0580,I,-7.905591,112.410755,431,1,52,8771,308.25,2.57,18.81,26.0,12.6,68.4,14.4,0.5919,0.5382,0.2494,3.9012,0.3072,0.5265,0.4522,-0.1234,0.65,0.6468,0.2893,4.7136,0.3729,0.5261,0.5209,-0.0295,0.6209,0.5925,0.2694,4.3074,0.34,0.5263,0.4866,-0.0765,112.8,1778.4,0.7306,0.6067
2022-02-19,FARM0580,I,-7.905591,112.410755,431,2,48,10054,339.77,2.43,14.19,26.7,15.6,68.5,15.8,0.7115,0.5936,0.3651,5.9315,0.4214,0.6787,0.5787,0.0852,0.6863,0.5413,0.1983,5.3745,0.3353,0.5646,0.5088,0.0361,0.6989,0.5675,0.2817,5.653,0.3784,0.6217,0.5438,0.0607,117.15,1828.95,0.7182999999999999,0.6332
2023-04-15,FARM0580,I,-7.905591,112.410755,431,3,52,9023,271.51,2.13,9.4,28.6,1.2,70.8,14.5,0.7067,0.6474,0.3771,5.8199,0.4049,0.6936,0.5661,0.0758,0.7122,0.5728,0.3349,5.9496,0.372,0.6496,0.5458,0.0867,0.7095,0.6101,0.356,5.8848,0.3884,0.6716,0.5559,0.0813,86.45,2024.88,0.644,0.6597999999999999
2024-05-09,FARM0580,I,-7.905591,112.410755,431,4,48,8628,306.14,2.21,13.2,26.1,1.3,68.6,14.0,0.6243,0.5391,0.2738,4.3241,0.3293,0.5635,0.4807,-0.0725,0.6639,0.5484,0.2376,4.9503,0.352,0.5957,0.5125,-0.005,0.6441,0.5438,0.2557,4.6372,0.3406,0.5796,0.4966,-0.0387,85.27,1790.46,0.7443,0.59395
2021-01-25,FARM0581,I,-7.902527,112.406074,290,1,52,9276,318.58,2.43,23.55,20.5,7.1,77.5,16.8,0.5774,0.581,0.2626,3.7326,0.3058,0.5,0.4455,-0.1451,0.6111,0.5137,0.2984,4.1431,0.297,0.459,0.4518,-0.0937,0.5943,0.5474,0.2805,3.9378,0.3014,0.4795,0.4486,-0.1194,116.42,1588.75,0.7195,0.5708500000000001
2022-02-19,FARM0581,I,-7.902527,112.406074,290,2,48,8495,312.74,2.34,13.15,26.0,4.0,79.1,15.7,0.6038,0.5525,0.2883,4.0479,0.3606,0.522,0.4929,-0.1052,0.6446,0.5972,0.2174,4.6279,0.3137,0.5105,0.4769,-0.0387,0.6242,0.5748,0.2529,4.3379,0.3371,0.5162,0.4849,-0.0719,90.64,2056.6,0.7471,0.5994999999999999
2023-03-16,FARM0581,I,-7.902527,112.406074,290,3,48,8543,291.37,2.07,12.13,23.7,1.1,63.2,15.5,0.6464,0.6238,0.2353,4.6559,0.3471,0.5901,0.5021,-0.0356,0.6563,0.5858,0.3089,4.819,0.3669,0.5699,0.5197,-0.0184,0.6513,0.6048,0.2721,4.7374,0.357,0.58,0.5109,-0.027,86.45,1497.84,0.7279,0.62805
2024-04-09,FARM0581,I,-7.902527,112.406074,290,4,48,8978,288.39,2.2,14.5,28.0,0.6,79.5,15.9,0.6968,0.601,0.2928,5.596,0.3921,0.6315,0.5534,0.0562,0.7207,0.5888,0.2495,6.1607,0.3747,0.6369,0.5511,0.104,0.7087,0.5949,0.2711,5.8783,0.3834,0.6342,0.5523,0.0801,100.99,2226.0,0.7289,0.6517999999999999
2021-01-25,FARM0582,I,-7.903481,112.419048,244,1,52,9220,304.8,2.37,19.93,22.4,50.0,63.4,13.1,0.5795,0.6295,0.2567,3.7559,0.3253,0.4711,0.4597,-0.1421,0.6965,0.6282,0.236,5.5906,0.3312,0.5871,0.5093,0.0558,0.638,0.6289,0.2464,4.6733,0.3283,0.5291,0.4845,-0.0432,115.0,1420.16,0.7536,0.6334500000000001
2022-02-19,FARM0582,I,-7.903481,112.419048,244,2,48,9459,313.03,2.68,32.94,23.1,3.7,77.7,15.1,0.6074,0.5231,0.2488,4.0947,0.3289,0.5084,0.4737,-0.0995,0.7074,0.6479,0.2282,5.8359,0.3631,0.6537,0.5375,0.0771,0.6574,0.5855,0.2385,4.9653,0.346,0.581,0.5056,-0.0112,116.86,1794.87,0.7615000000000001,0.6214500000000001
2023-03-16,FARM0582,I,-7.903481,112.419048,244,3,48,8768,326.37,2.36,21.38,27.3,15.3,66.8,14.6,0.6873,0.5626,0.2665,5.3961,0.3977,0.6776,0.553,0.0381,0.6933,0.6267,0.2782,5.5216,0.3355,0.5866,0.5115,0.0496,0.6903,0.5947,0.2723,5.4589,0.3666,0.6321,0.5323,0.0438,115.29,1823.64,0.7277,0.6425000000000001
2024-04-09,FARM0582,I,-7.903481,112.419048,244,4,48,8555,257.5,2.35,8.73,26.7,7.4,67.4,16.2,0.6794,0.6397,0.2786,5.2386,0.4055,0.6377,0.5545,0.0233,0.6198,0.5201,0.2177,4.2597,0.2916,0.4917,0.4507,-0.0799,0.6496,0.5799,0.2482,4.7492,0.3486,0.5647,0.5026,-0.0283,85.18,1799.58,0.7518,0.6147499999999999
2020-12-26,FARM0583,I,-7.895231,112.407283,332,1,48,9529,290.37,3.18,32.42,21.0,24.8,68.4,14.6,0.6385,0.6551,0.2733,4.5329,0.3814,0.5493,0.5213,-0.049,0.5639,0.583,0.211,3.586,0.2762,0.4345,0.4185,-0.1647,0.6012,0.6191,0.2422,4.0594,0.3288,0.4919,0.4699,-0.1068,113.59,1436.4,0.7578,0.61015
2022-03-21,FARM0583,I,-7.895231,112.407283,332,2,56,10044,296.5,2.29,13.54,26.3,3.1,68.5,16.2,0.6847,0.6262,0.2659,5.3427,0.4039,0.6763,0.5559,0.0331,0.6046,0.5811,0.2304,4.0577,0.3105,0.4671,0.4595,-0.104,0.6446,0.6036,0.2482,4.7002,0.3572,0.5717,0.5077,-0.0354,105.95,1801.55,0.7518,0.6241
2023-06-14,FARM0583,I,-7.895231,112.407283,332,3,56,9831,272.46,2.7,22.09,21.0,0.9,77.9,15.9,0.5965,0.5344,0.3386,3.957,0.3369,0.5081,0.4746,-0.1164,0.6246,0.627,0.3041,4.3273,0.3314,0.4855,0.4823,-0.0721,0.6106,0.5807,0.3214,4.1421,0.3341,0.4968,0.4785,-0.0943,113.78,1635.9,0.6786,0.59565
2024-07-08,FARM0583,I,-7.895231,112.407283,332,4,48,9118,249.58,2.33,18.25,21.6,0.2,79.9,13.8,0.5763,0.6112,0.2562,3.7201,0.3219,0.4684,0.4561,-0.1468,0.6608,0.6697,0.3318,4.8954,0.3804,0.596,0.5304,-0.0106,0.6185,0.6405,0.294,4.3077,0.3511,0.5322,0.4933,-0.0787,111.21,1725.84,0.706,0.6295
2020-12-26,FARM0584,I,-7.894851,112.401278,702,1,48,9445,316.58,2.44,24.94,21.8,0.3,66.5,16.9,0.617,0.5633,0.3164,4.2215,0.382,0.524,0.512,-0.0844,0.6969,0.6236,0.3709,5.5976,0.3806,0.5961,0.5457,0.0564,0.6569,0.5935,0.3436,4.9095,0.3813,0.56,0.5289,-0.014,114.12,1449.7,0.6564,0.6252
2022-01-20,FARM0584,I,-7.894851,112.401278,702,2,48,9052,278.12,2.44,15.39,25.4,4.4,73.8,13.2,0.6222,0.5406,0.2833,4.294,0.3194,0.5187,0.4728,-0.076,0.7143,0.5907,0.3024,5.9998,0.378,0.6789,0.5509,0.0909,0.6682,0.5656,0.2929,5.1469,0.3487,0.5988,0.5119,0.0075,109.84,1874.52,0.7071000000000001,0.6169
2023-02-14,FARM0584,I,-7.894851,112.401278,702,3,48,9744,309.21,2.56,20.31,25.0,9.3,76.9,13.4,0.6586,0.5203,0.278,4.8576,0.3314,0.5369,0.4955,-0.0144,0.6175,0.5853,0.2535,4.2286,0.3096,0.4731,0.4637,-0.0836,0.638,0.5528,0.2658,4.5431,0.3205,0.505,0.4796,-0.049,113.27,1922.5,0.7342,0.5953999999999999
2024-05-09,FARM0584,I,-7.894851,112.401278,702,4,56,9866,290.87,1.84,10.33,22.8,3.1,80.7,15.6,0.6978,0.6653,0.3109,5.6184,0.4149,0.643,0.5686,0.0582,0.6899,0.6106,0.2279,5.4496,0.3591,0.5824,0.5278,0.043,0.6939,0.6379,0.2694,5.534,0.387,0.6127,0.5482,0.0506,84.37,1839.96,0.7306,0.6658999999999999
2020-12-26,FARM0585,I,-7.912275,112.402625,376,1,48,9535,360.67,2.66,29.11,20.0,6.3,78.1,14.1,0.6455,0.5521,0.318,4.6414,0.3719,0.6022,0.5184,-0.0372,0.6077,0.6298,0.3184,4.0975,0.3297,0.4942,0.4744,-0.0992,0.6266,0.591,0.3182,4.3695,0.3508,0.5482,0.4964,-0.0682,116.73,1562.0,0.6818,0.6088
2022-02-19,FARM0585,I,-7.912275,112.402625,376,2,52,9362,314.74,2.85,28.54,26.7,3.3,78.9,16.8,0.7001,0.5414,0.3412,5.6679,0.3826,0.686,0.5484,0.0626,0.6856,0.622,0.2606,5.3609,0.3603,0.5973,0.527,0.0348,0.6928,0.5817,0.3009,5.5144,0.3715,0.6417,0.5377,0.0487,112.75,2106.63,0.6991,0.63725
2023-04-15,FARM0585,I,-7.912275,112.402625,376,3,52,8740,292.17,2.55,23.26,26.9,4.1,73.0,14.6,0.6419,0.5225,0.196,4.5846,0.3361,0.5451,0.4925,-0.0433,0.6224,0.6014,0.2243,4.2963,0.3382,0.5254,0.4862,-0.0757,0.6321,0.562,0.2102,4.4405,0.3371,0.5353,0.4894,-0.0595,115.69,1963.7,0.7898000000000001,0.5970500000000001
2024-06-08,FARM0585,I,-7.912275,112.402625,376,4,52,8454,259.67,2.35,10.57,22.4,0.7,71.4,13.6,0.6674,0.5531,0.2518,5.013,0.3689,0.5951,0.5257,0.0013,0.6129,0.5679,0.2857,4.1666,0.3376,0.5338,0.4819,-0.0909,0.6401,0.5605,0.2687,4.5898,0.3533,0.5645,0.5038,-0.0448,86.41,1599.36,0.7313000000000001,0.6003000000000001
2021-01-25,FARM0586,I,-7.91381,112.383378,734,1,52,8644,322.49,2.87,26.34,26.0,3.4,63.4,15.2,0.6478,0.589,0.2106,4.6791,0.347,0.5503,0.5026,-0.0332,0.63,0.6066,0.2853,4.4052,0.3142,0.5277,0.4719,-0.0632,0.6389,0.5978,0.248,4.5422,0.3306,0.539,0.4872,-0.0482,113.95,1648.4,0.752,0.61835
2022-03-21,FARM0586,I,-7.91381,112.383378,734,2,52,8192,329.72,2.33,17.09,23.3,37.7,65.3,16.5,0.688,0.6022,0.32,5.4112,0.36,0.6239,0.5277,0.0395,0.6334,0.6622,0.3219,4.4551,0.3662,0.5575,0.5095,-0.0576,0.6607,0.6322,0.3209,4.9331,0.3631,0.5907,0.5186,-0.0091,109.18,1521.49,0.6791,0.64645
2023-05-15,FARM0586,I,-7.91381,112.383378,734,3,52,7989,293.14,2.26,17.48,24.6,1.1,70.9,14.9,0.7152,0.6413,0.3278,6.022,0.4251,0.6662,0.5827,0.0927,0.5613,0.5473,0.2378,3.5592,0.2734,0.4498,0.4155,-0.1683,0.6383,0.5943,0.2828,4.7906,0.3493,0.558,0.4991,-0.0378,100.75,1744.14,0.7172000000000001,0.6163000000000001
2024-06-08,FARM0586,I,-7.91381,112.383378,734,4,48,8149,310.23,2.29,16.26,23.0,1.6,77.3,14.4,0.6028,0.5224,0.2988,4.0349,0.3153,0.5439,0.4623,-0.1068,0.6578,0.6676,0.3643,4.8451,0.3608,0.5797,0.5162,-0.0157,0.6303,0.595,0.3316,4.44,0.3381,0.5618,0.4892,-0.0613,93.56,1777.9,0.6684,0.6126499999999999
2021-01-25,FARM0587,I,-7.891147,112.407517,640,1,52,9413,323.54,2.29,17.49,25.5,22.5,76.4,16.3,0.6716,0.5523,0.1964,5.0894,0.3297,0.6008,0.4991,0.0089,0.5957,0.552,0.2763,3.947,0.3171,0.4537,0.4608,-0.1177,0.6336,0.5521,0.2364,4.5182,0.3234,0.5273,0.4799,-0.0544,114.94,1948.2,0.7636000000000001,0.5928500000000001
2022-03-21,FARM0587,I,-7.891147,112.407517,640,2,52,8102,302.8,3.03,31.02,27.9,32.0,68.0,15.1,0.6442,0.5739,0.3126,4.6216,0.3446,0.591,0.4995,-0.0393,0.6704,0.6223,0.2785,5.0683,0.3176,0.5595,0.4893,0.0068,0.6573,0.5981,0.2956,4.845,0.3311,0.5752,0.4944,-0.0163,114.71,1897.2,0.7044,0.6276999999999999
2023-04-15,FARM0587,I,-7.891147,112.407517,640,3,48,8794,312.4,2.63,16.75,27.7,0.0,71.0,15.9,0.6218,0.6133,0.3797,4.288,0.3795,0.585,0.5127,-0.0767,0.7072,0.619,0.3225,5.8299,0.3401,0.6207,0.5201,0.0766,0.6645,0.6161,0.3511,5.0589,0.3598,0.6028,0.5164,0.0,113.27,1966.7,0.6489,0.6403
2024-05-09,FARM0587,I,-7.891147,112.407517,640,4,48,7721,291.42,2.41,17.26,25.0,10.2,65.0,15.6,0.6757,0.6146,0.2902,5.1671,0.3853,0.6667,0.54,0.0164,0.6445,0.6003,0.2824,4.626,0.3591,0.5155,0.5095,-0.0389,0.6601,0.6074,0.2863,4.8965,0.3722,0.5911,0.5248,-0.0112,94.48,1625.0,0.7137,0.63375
2021-02-24,FARM0588,I,-7.901239,112.414058,213,1,56,9464,290.62,2.67,22.73,26.2,3.0,73.3,15.8,0.6858,0.6494,0.3005,5.3648,0.3962,0.6162,0.5514,0.0352,0.6683,0.4947,0.2215,5.0298,0.3077,0.5283,0.4806,0.003,0.677,0.5721,0.261,5.1973,0.352,0.5722,0.516,0.0191,114.2,1920.46,0.739,0.62455
2022-05-20,FARM0588,I,-7.901239,112.414058,213,2,56,8467,322.45,2.64,22.92,25.9,0.3,75.8,13.1,0.6129,0.5515,0.2776,4.1671,0.3373,0.5384,0.4817,-0.0909,0.6219,0.6126,0.3147,4.2892,0.3109,0.4685,0.4664,-0.0765,0.6174,0.5821,0.2961,4.2282,0.3241,0.5035,0.474,-0.0837,113.93,1963.22,0.7039,0.59975
2023-06-14,FARM0588,I,-7.901239,112.414058,213,3,48,8947,302.56,2.53,17.58,23.5,0.6,81.7,16.9,0.6031,0.6248,0.2487,4.0388,0.3298,0.5269,0.4725,-0.1063,0.6981,0.5739,0.2856,5.6248,0.38,0.6498,0.5458,0.0588,0.6506,0.5994,0.2671,4.8318,0.3549,0.5883,0.5092,-0.0238,116.06,1919.95,0.7329,0.625
2024-09-06,FARM0588,I,-7.901239,112.414058,213,4,56,8612,242.11,2.29,13.95,20.0,3.0,79.6,16.3,0.5877,0.5636,0.2004,3.8511,0.313,0.4797,0.4547,-0.1298,0.6576,0.5644,0.235,4.8414,0.3459,0.5573,0.5057,-0.0161,0.6227,0.564,0.2177,4.3462,0.3294,0.5185,0.4802,-0.073,83.65,1592.0,0.7823,0.59335
2021-01-25,FARM0589,I,-7.888955,112.386553,313,1,52,8556,316.19,2.06,10.24,22.1,29.4,63.3,14.2,0.6367,0.611,0.3652,4.5053,0.3764,0.6043,0.5175,-0.052,0.6934,0.6083,0.3303,5.5233,0.3529,0.6119,0.5247,0.0497,0.6651,0.6096,0.3477,5.0143,0.3647,0.6081,0.5211,-0.0012,84.22,1398.93,0.6523,0.6373500000000001
2022-03-21,FARM0589,I,-7.888955,112.386553,313,2,52,7994,293.28,2.37,16.32,27.2,8.4,79.8,14.4,0.6279,0.5098,0.2066,4.3745,0.3207,0.5031,0.4759,-0.0667,0.683,0.651,0.3207,5.3092,0.3754,0.5847,0.5365,0.03,0.6554,0.5804,0.2636,4.8418,0.3481,0.5439,0.5062,-0.0184,110.41,2170.56,0.7363999999999999,0.6179
2023-05-15,FARM0589,I,-7.888955,112.386553,313,3,52,8319,306.06,2.46,12.91,25.6,1.0,66.6,17.0,0.6425,0.5713,0.3091,4.5943,0.3419,0.5829,0.4969,-0.0423,0.5745,0.5355,0.3028,3.7006,0.2967,0.4453,0.4379,-0.1493,0.6085,0.5534,0.306,4.1475,0.3193,0.5141,0.4674,-0.0958,85.27,1704.96,0.694,0.5809500000000001
2024-08-07,FARM0589,I,-7.888955,112.386553,313,4,56,7833,257.09,2.36,17.23,20.0,4.2,78.6,16.2,0.6894,0.6311,0.249,5.439,0.3798,0.6027,0.5421,0.0421,0.5877,0.522,0.1814,3.8514,0.2918,0.4331,0.4393,-0.1298,0.6386,0.5765,0.2152,4.6452,0.3358,0.5179,0.4907,-0.0439,86.35,1572.0,0.7847999999999999,0.60755
2020-12-26,FARM0590,I,-7.894472,112.40052,671,1,48,8865,294.86,2.44,20.41,20.0,32.8,73.1,16.7,0.6868,0.6103,0.3603,5.3853,0.414,0.6857,0.5631,0.0371,0.696,0.5706,0.2751,5.5781,0.3485,0.5513,0.5224,0.0546,0.6914,0.5904,0.3177,5.4817,0.3813,0.6185,0.5428,0.0459,115.09,1462.0,0.6823,0.6409
2022-03-21,FARM0590,I,-7.894472,112.40052,671,2,56,8581,269.61,2.03,10.28,23.4,0.4,70.0,14.6,0.661,0.5787,0.2976,4.8993,0.3455,0.5497,0.5068,-0.0102,0.7015,0.5456,0.2795,5.6993,0.3468,0.6143,0.5231,0.0654,0.6812,0.5622,0.2886,5.2993,0.3462,0.582,0.5149,0.0276,83.81,1638.0,0.7114,0.6217
2023-06-14,FARM0590,I,-7.894472,112.40052,671,3,56,7870,264.65,2.42,15.52,22.1,4.4,70.5,14.4,0.6395,0.5424,0.2267,4.5475,0.3334,0.5286,0.4896,-0.0474,0.6364,0.5563,0.1928,4.5002,0.2964,0.4727,0.4604,-0.0526,0.6379,0.5494,0.2097,4.5238,0.3149,0.5007,0.475,-0.05,86.58,1558.05,0.7903,0.59365
2024-09-06,FARM0590,I,-7.894472,112.40052,671,4,56,8840,255.62,1.94,6.76,20.0,0.7,69.0,16.7,0.6632,0.5785,0.3332,4.9379,0.4063,0.6292,0.5477,-0.0062,0.6852,0.6163,0.2816,5.3531,0.3125,0.5274,0.4903,0.0341,0.6742,0.5974,0.3074,5.1455,0.3594,0.5783,0.519,0.0139,83.96,1380.0,0.6926,0.6358
2021-01-25,FARM0591,I,-7.899232,112.400128,473,1,52,9346,357.91,2.72,21.76,24.2,15.0,79.6,15.2,0.6381,0.6241,0.3508,4.5259,0.3841,0.5494,0.5228,-0.0498,0.6712,0.5986,0.2881,5.0829,0.3731,0.6091,0.53,0.0082,0.6546,0.6113,0.3194,4.8044,0.3786,0.5792,0.5264,-0.0208,113.96,1926.32,0.6806,0.6329499999999999
2022-03-21,FARM0591,I,-7.899232,112.400128,473,2,52,9293,291.23,2.32,12.77,23.8,13.4,67.7,13.4,0.61,0.6471,0.2578,4.128,0.3679,0.575,0.5003,-0.0955,0.6817,0.6381,0.2629,5.283,0.3505,0.6094,0.5184,0.0275,0.6458,0.6426,0.2603,4.7055,0.3592,0.5922,0.5093,-0.034,89.74,1611.26,0.7397,0.6442
2023-05-15,FARM0591,I,-7.899232,112.400128,473,3,52,8794,289.75,2.41,15.74,23.4,0.3,69.9,15.5,0.6888,0.6257,0.3184,5.4265,0.3896,0.6852,0.5484,0.0409,0.6158,0.582,0.2658,4.2055,0.3136,0.4772,0.4661,-0.0863,0.6523,0.6038,0.2921,4.816,0.3516,0.5812,0.5072,-0.0227,98.17,1635.66,0.7079,0.62805
2024-07-08,FARM0591,I,-7.899232,112.400128,473,4,52,7619,291.59,2.26,16.72,20.9,1.7,65.1,14.5,0.6337,0.6402,0.3188,4.4604,0.377,0.5649,0.5165,-0.057,0.6594,0.593,0.2898,4.8714,0.3424,0.579,0.5039,-0.013,0.6465,0.6166,0.3043,4.6659,0.3597,0.5719,0.5102,-0.035,85.18,1360.59,0.6957,0.6315500000000001
2021-01-25,FARM0592,I,-7.895729,112.417692,310,1,52,9080,287.47,2.18,16.82,24.6,11.8,70.4,13.1,0.623,0.6102,0.3206,4.3052,0.3782,0.5699,0.5125,-0.0747,0.6345,0.554,0.2474,4.4712,0.318,0.4894,0.4764,-0.0558,0.6287,0.5821,0.284,4.3882,0.3481,0.5296,0.4944,-0.0652,113.42,1731.84,0.716,0.6053999999999999
2022-04-20,FARM0592,I,-7.895729,112.417692,310,2,56,10061,325.79,2.55,21.72,27.0,2.3,71.7,16.2,0.6822,0.6172,0.2451,5.2939,0.3825,0.6618,0.5409,0.0286,0.6716,0.5817,0.2357,5.0901,0.3494,0.5677,0.5137,0.0089,0.6769,0.5994,0.2404,5.192,0.3659,0.6147,0.5273,0.0187,116.53,1935.9,0.7596,0.63815
2023-05-15,FARM0592,I,-7.895729,112.417692,310,3,48,9327,303.39,2.17,19.89,24.1,1.7,68.9,15.8,0.6692,0.5235,0.219,5.0462,0.3485,0.6304,0.5121,0.0046,0.6466,0.5742,0.2609,4.6597,0.363,0.5307,0.513,-0.0352,0.6579,0.5489,0.2399,4.853,0.3557,0.5806,0.5126,-0.0153,115.46,1660.49,0.7601,0.6034
2024-06-08,FARM0592,I,-7.895729,112.417692,310,4,48,9341,302.63,2.35,17.51,22.8,1.3,72.2,13.5,0.6832,0.5637,0.3711,5.3135,0.3972,0.6719,0.551,0.0304,0.6039,0.6109,0.2826,4.0496,0.2902,0.4749,0.4439,-0.105,0.6436,0.5873,0.3268,4.6815,0.3437,0.5734,0.4975,-0.0373,113.26,1646.16,0.6732,0.61545
2020-12-26,FARM0593,I,-7.903236,112.403637,294,1,48,8850,326.11,2.53,19.37,20.0,1.5,62.2,16.9,0.5879,0.589,0.2984,3.8529,0.3344,0.4759,0.4693,-0.1296,0.6911,0.6415,0.26,5.4736,0.3448,0.5697,0.5177,0.0452,0.6395,0.6152,0.2792,4.6633,0.3396,0.5228,0.4935,-0.0422,114.6,1244.0,0.7208,0.62735
2022-03-21,FARM0593,I,-7.903236,112.403637,294,2,56,8545,321.86,2.69,26.91,27.0,1.3,76.3,14.3,0.6842,0.6171,0.2701,5.3336,0.3769,0.623,0.538,0.0323,0.6592,0.602,0.2154,4.8685,0.3143,0.5657,0.4827,-0.0133,0.6717,0.6095,0.2428,5.101,0.3456,0.5944,0.5103,0.0095,114.86,2060.1,0.7572,0.6406000000000001
2023-06-14,FARM0593,I,-7.903236,112.403637,294,3,56,9066,300.21,2.47,20.29,22.9,9.8,76.2,15.7,0.596,0.5612,0.3085,3.9504,0.3398,0.5247,0.4763,-0.1173,0.7121,0.6218,0.3624,5.946,0.3958,0.6264,0.5623,0.0864,0.654,0.5915,0.3354,4.9482,0.3678,0.5755,0.5193,-0.0154,115.87,1744.98,0.6646000000000001,0.62275
2024-08-07,FARM0593,I,-7.903236,112.403637,294,4,52,8976,264.15,2.29,14.61,20.0,0.4,65.4,13.1,0.6508,0.5899,0.3071,4.7275,0.3329,0.5514,0.4936,-0.028,0.7273,0.6008,0.3113,6.3333,0.3988,0.6638,0.5706,0.1176,0.689,0.5954,0.3092,5.5304,0.3658,0.6076,0.5321,0.0448,83.66,1308.0,0.6908000000000001,0.6422
2020-12-26,FARM0594,I,-7.910271,112.411195,662,1,48,8734,337.48,2.72,33.08,20.2,16.3,64.1,15.3,0.6556,0.5397,0.2699,4.8076,0.3284,0.5518,0.4922,-0.0196,0.6978,0.6172,0.3787,5.6192,0.3909,0.6252,0.5531,0.0583,0.6767,0.5784,0.3243,5.2134,0.3597,0.5885,0.5226,0.0193,114.45,1294.82,0.6757,0.62755
2022-03-21,FARM0594,I,-7.910271,112.411195,662,2,56,8546,343.61,2.76,30.86,24.3,0.1,68.2,14.2,0.6331,0.5762,0.2869,4.4513,0.3231,0.5674,0.4797,-0.0581,0.715,0.6093,0.2838,6.0174,0.3773,0.656,0.5507,0.0923,0.6741,0.5928,0.2853,5.2344,0.3502,0.6117,0.5152,0.0171,115.67,1657.26,0.7147,0.6334500000000001
2023-04-15,FARM0594,I,-7.910271,112.411195,662,3,48,8336,338.72,2.21,16.6,23.1,0.8,62.9,16.8,0.6298,0.5453,0.2475,4.403,0.33,0.5392,0.4834,-0.0635,0.6927,0.5994,0.2522,5.509,0.3277,0.5592,0.5052,0.0484,0.6613,0.5723,0.2499,4.956,0.3289,0.5492,0.4943,-0.0075,94.11,1452.99,0.7501,0.6168
2024-07-08,FARM0594,I,-7.910271,112.411195,662,4,56,7657,298.24,2.53,13.18,22.6,3.2,63.2,16.4,0.6583,0.6012,0.1978,4.8534,0.3259,0.5677,0.4913,-0.0149,0.5955,0.6067,0.1919,3.9446,0.297,0.5016,0.4461,-0.118,0.6269,0.604,0.1949,4.399,0.3114,0.5347,0.4687,-0.0664,85.81,1428.32,0.8051,0.61545
2020-12-26,FARM0595,I,-7.896332,112.389702,529,1,48,9759,319.76,2.4,13.2,23.4,23.8,68.5,16.5,0.6927,0.5754,0.2938,5.5075,0.4136,0.7099,0.5655,0.0483,0.6325,0.6006,0.3223,4.4415,0.3247,0.5556,0.4806,-0.0591,0.6626,0.588,0.3081,4.9745,0.3692,0.6328,0.5231,-0.0054,102.85,1602.9,0.6919,0.6253
2022-03-21,FARM0595,I,-7.896332,112.389702,529,2,56,9487,334.23,2.87,36.03,26.4,17.0,81.5,16.2,0.6779,0.5985,0.3333,5.21,0.3568,0.6256,0.5215,0.0206,0.6553,0.5228,0.3028,4.8025,0.3159,0.498,0.4825,-0.0201,0.6666,0.5607,0.3181,5.0062,0.3363,0.5618,0.502,0.0002,115.24,2151.6,0.6819,0.61365
2023-05-15,FARM0595,I,-7.896332,112.389702,529,3,52,9354,266.64,2.25,18.04,26.6,0.4,75.4,16.3,0.6406,0.6282,0.3379,4.5648,0.3638,0.5649,0.511,-0.0455,0.661,0.677,0.3042,4.9006,0.3799,0.5741,0.5302,-0.01,0.6508,0.6526,0.321,4.7327,0.3718,0.5695,0.5206,-0.0278,113.52,2005.64,0.679,0.6517
2024-06-08,FARM0595,I,-7.896332,112.389702,529,4,48,9170,278.37,2.13,11.47,20.2,3.7,73.0,16.3,0.5839,0.612,0.2169,3.8066,0.318,0.5171,0.4566,-0.1355,0.6447,0.6158,0.2871,4.6297,0.3424,0.5165,0.4981,-0.0385,0.6143,0.6139,0.252,4.2181,0.3302,0.5168,0.4774,-0.087,85.54,1474.6,0.748,0.6141
2021-02-24,FARM0596,I,-7.880061,112.41269,324,1,56,8816,364.77,2.02,19.8,23.2,20.3,71.0,13.2,0.6584,0.6437,0.3141,4.854,0.3953,0.5929,0.5388,-0.0148,0.6806,0.5854,0.2951,5.2614,0.3381,0.5447,0.5088,0.0255,0.6695,0.6145,0.3046,5.0577,0.3667,0.5688,0.5238,0.0053,115.9,1647.2,0.6954,0.642
2022-04-20,FARM0596,I,-7.880061,112.41269,324,2,52,9072,291.0,2.13,9.19,25.1,4.7,77.5,15.0,0.6339,0.6005,0.2616,4.4627,0.3554,0.5765,0.5026,-0.0568,0.7163,0.6429,0.2539,6.0501,0.3652,0.5843,0.5424,0.095,0.6751,0.6217,0.2578,5.2564,0.3603,0.5804,0.5225,0.0191,84.92,1945.25,0.7422,0.6484000000000001
2023-06-14,FARM0596,I,-7.880061,112.41269,324,3,52,8433,335.93,2.03,11.27,20.0,0.1,71.2,14.8,0.5991,0.5572,0.2948,3.9892,0.3376,0.4881,0.4762,-0.1124,0.675,0.6345,0.271,5.1544,0.3544,0.5866,0.5186,0.0152,0.6371,0.5958,0.2829,4.5718,0.346,0.5374,0.4974,-0.0486,86.27,1424.0,0.7171000000000001,0.6164499999999999
2024-07-08,FARM0596,I,-7.880061,112.41269,324,4,48,7572,270.38,1.69,6.95,20.0,5.4,69.5,14.0,0.6428,0.5685,0.2762,4.5993,0.3468,0.5726,0.5004,-0.0417,0.6782,0.6024,0.2555,5.2159,0.3432,0.569,0.5117,0.0211,0.6605,0.5855,0.2658,4.9076,0.345,0.5708,0.5061,-0.0103,83.74,1390.0,0.7342,0.623
2020-12-26,FARM0597,I,-7.889441,112.407223,387,1,48,9488,296.0,3.1,33.07,23.1,12.0,75.5,13.8,0.6247,0.5986,0.2823,4.329,0.3815,0.5569,0.5152,-0.0719,0.6112,0.5917,0.2383,4.1446,0.3236,0.5014,0.4715,-0.0935,0.618,0.5952,0.2603,4.2368,0.3526,0.5291,0.4934,-0.0827,115.77,1744.05,0.7397,0.6066
2022-01-20,FARM0597,I,-7.889441,112.407223,387,2,48,8649,332.09,3.1,44.36,23.1,21.7,62.3,14.9,0.6996,0.5646,0.2903,5.6577,0.4092,0.69,0.5657,0.0617,0.6711,0.6092,0.3404,5.0802,0.3586,0.6037,0.5201,0.008,0.6853,0.5869,0.3154,5.369,0.3839,0.6469,0.5429,0.0348,115.1,1439.13,0.6846,0.6361
2023-02-14,FARM0597,I,-7.889441,112.407223,387,3,48,8076,315.81,2.34,18.88,24.4,1.8,72.2,13.2,0.6491,0.5641,0.3595,4.7,0.3889,0.6021,0.5307,-0.0309,0.632,0.6064,0.3186,4.4354,0.3318,0.5238,0.4856,-0.0598,0.6406,0.5853,0.339,4.5677,0.3604,0.563,0.5082,-0.0454,113.98,1761.68,0.661,0.61295
2024-03-10,FARM0597,I,-7.889441,112.407223,387,4,48,8679,244.38,2.3,12.67,23.0,32.0,74.9,16.4,0.682,0.5755,0.3024,5.289,0.3764,0.6265,0.5367,0.0281,0.6259,0.5687,0.2193,4.3455,0.3212,0.484,0.4755,-0.07,0.6539,0.5721,0.2609,4.8172,0.3488,0.5552,0.5061,-0.021,85.46,1722.7,0.7391,0.613
2021-01-25,FARM0598,I,-7.898568,112.409957,666,1,52,9410,374.77,2.04,10.68,23.4,10.5,72.2,13.1,0.5809,0.5208,0.2059,3.7723,0.3199,0.4621,0.4567,-0.14,0.614,0.6165,0.3183,4.1819,0.3402,0.4816,0.4841,-0.0891,0.5975,0.5687,0.2621,3.9771,0.33,0.4719,0.4704,-0.1145,83.47,1689.48,0.7379,0.5831
2022-03-21,FARM0598,I,-7.898568,112.409957,666,2,52,8323,305.29,2.39,11.91,28.0,45.5,67.6,14.4,0.6861,0.6113,0.3381,5.3724,0.4124,0.6763,0.5618,0.0359,0.6457,0.5499,0.2803,4.6453,0.3274,0.5161,0.4877,-0.0368,0.6659,0.5806,0.3092,5.0089,0.3699,0.5962,0.5248,-0.0004,83.94,1892.8,0.6908000000000001,0.6232500000000001
2023-04-15,FARM0598,I,-7.898568,112.409957,666,3,48,8373,317.5,1.8,9.6,26.3,1.7,68.3,14.5,0.5809,0.5398,0.2587,3.7725,0.3054,0.5153,0.4466,-0.1399,0.6141,0.5807,0.2745,4.1826,0.3398,0.4778,0.4839,-0.089,0.5975,0.5603,0.2666,3.9775,0.3226,0.4965,0.4653,-0.1145,85.18,1796.29,0.7334,0.5789
2024-05-09,FARM0598,I,-7.898568,112.409957,666,4,48,9394,283.98,1.8,9.07,26.4,5.5,76.9,14.8,0.6766,0.6257,0.2718,5.185,0.3627,0.5869,0.5251,0.0182,0.5691,0.5988,0.1909,3.6419,0.2854,0.4592,0.4275,-0.1572,0.6229,0.6122,0.2314,4.4135,0.3241,0.523,0.4763,-0.0695,83.78,2030.16,0.7686,0.61755
2021-02-24,FARM0599,I,-7.89157,112.412965,226,1,56,9850,307.62,2.91,32.83,22.7,1.0,73.4,14.6,0.6768,0.5833,0.2443,5.1874,0.375,0.6085,0.5336,0.0184,0.5932,0.5909,0.2818,3.9168,0.3058,0.4749,0.4517,-0.1215,0.635,0.5871,0.2631,4.5521,0.3404,0.5417,0.4927,-0.0515,116.42,1666.18,0.7369,0.61105
2022-03-21,FARM0599,I,-7.89157,112.412965,226,2,48,9431,269.5,2.32,14.83,24.6,8.2,69.6,16.7,0.6916,0.5484,0.3175,5.4844,0.366,0.68,0.5334,0.0462,0.6689,0.5878,0.3061,5.0405,0.3826,0.5836,0.5354,0.004,0.6802,0.5681,0.3118,5.2625,0.3743,0.6318,0.5344,0.0251,107.94,1712.16,0.6881999999999999,0.62415
2023-06-14,FARM0599,I,-7.89157,112.412965,226,3,56,8729,271.35,2.68,16.52,22.2,6.4,66.8,13.9,0.6781,0.6392,0.3339,5.2128,0.3862,0.6156,0.5416,0.0208,0.6894,0.5332,0.2209,5.4389,0.3438,0.6115,0.5164,0.042,0.6837,0.5862,0.2774,5.3258,0.365,0.6136,0.529,0.0314,102.35,1482.96,0.7226,0.63495
2024-07-08,FARM0599,I,-7.89157,112.412965,226,4,48,7910,242.19,2.28,16.93,20.3,4.6,79.8,13.2,0.647,0.5625,0.2698,4.6657,0.3671,0.5565,0.5159,-0.0346,0.7292,0.6177,0.3253,6.3861,0.3828,0.7037,0.5602,0.1217,0.6881,0.5901,0.2976,5.5259,0.3749,0.6301,0.538,0.0436,86.58,1619.94,0.7024,0.6391
2020-12-26,FARM0600,I,-7.896524,112.391862,320,1,48,8476,314.53,2.32,26.53,22.7,6.0,77.8,14.5,0.6507,0.6246,0.3523,4.7254,0.3901,0.6171,0.5322,-0.0282,0.6629,0.6359,0.2911,4.9329,0.3799,0.5819,0.531,-0.0068,0.6568,0.6303,0.3217,4.8291,0.385,0.5995,0.5316,-0.0175,113.12,1766.06,0.6783,0.6435500000000001
2022-02-19,FARM0600,I,-7.896524,112.391862,320,2,52,9565,284.07,2.43,15.96,27.1,7.0,65.2,13.0,0.6454,0.5437,0.336,4.6408,0.3637,0.5413,0.513,-0.0373,0.6262,0.5954,0.2381,4.3508,0.3079,0.4796,0.4657,-0.0694,0.6358,0.5696,0.2871,4.4958,0.3358,0.5105,0.4894,-0.0533,112.89,1766.92,0.7129,0.6027
2023-03-16,FARM0600,I,-7.896524,112.391862,320,3,48,8727,312.6,1.89,15.05,23.8,34.5,80.3,16.8,0.6318,0.5686,0.3297,4.4323,0.34,0.549,0.4913,-0.0602,0.6454,0.6191,0.291,4.6396,0.3635,0.5338,0.5128,-0.0374,0.6386,0.5939,0.3104,4.5359,0.3517,0.5414,0.502,-0.0488,95.7,1911.14,0.6896,0.61625
2024-05-09,FARM0600,I,-7.896524,112.391862,320,4,52,8372,273.52,1.93,7.76,25.4,1.7,78.2,13.3,0.617,0.6412,0.2663,4.2215,0.3623,0.569,0.4999,-0.0844,0.6528,0.5965,0.1622,4.7603,0.3002,0.5198,0.4692,-0.0246,0.6349,0.6189,0.2143,4.4909,0.3313,0.5444,0.4845,-0.0545,85.35,1986.28,0.7857000000000001,0.6269
2020-12-26,FARM0601,I,-7.895928,112.384914,617,1,48,9144,362.67,2.59,23.5,20.0,0.3,66.0,14.0,0.6047,0.5969,0.2818,4.0596,0.3137,0.5088,0.4619,-0.1038,0.7039,0.6696,0.3308,5.7553,0.3913,0.6613,0.5559,0.0702,0.6543,0.6333,0.3063,4.9075,0.3525,0.5851,0.5089,-0.0168,115.0,1320.0,0.6937,0.6437999999999999
2022-01-20,FARM0601,I,-7.895928,112.384914,617,2,48,8307,320.11,2.43,19.62,22.5,0.0,77.1,16.6,0.6495,0.5904,0.2423,4.7064,0.3743,0.5991,0.5216,-0.0302,0.69,0.5005,0.2086,5.4512,0.3154,0.5583,0.4943,0.0432,0.6697,0.5455,0.2255,5.0788,0.3448,0.5787,0.508,0.0065,116.17,1734.75,0.7745,0.6075999999999999
2023-02-14,FARM0601,I,-7.895928,112.384914,617,3,48,8186,310.94,2.38,19.3,25.5,5.3,66.8,13.1,0.6726,0.6274,0.3675,5.1081,0.3975,0.6288,0.5465,0.0107,0.615,0.5569,0.2672,4.1944,0.3197,0.5168,0.4702,-0.0876,0.6438,0.5922,0.3174,4.6513,0.3586,0.5728,0.5083,-0.0385,113.5,1703.4,0.6826,0.618
2024-05-09,FARM0601,I,-7.895928,112.384914,617,4,56,8747,279.42,1.97,10.91,24.2,2.3,76.5,15.2,0.6204,0.5769,0.2316,4.2692,0.3336,0.5664,0.4822,-0.0788,0.7212,0.5464,0.319,6.1727,0.3703,0.6411,0.5481,0.105,0.6708,0.5617,0.2753,5.221,0.352,0.6037,0.5152,0.0131,85.31,1851.3,0.7247,0.61625
2021-02-24,FARM0602,I,-7.887284,112.401542,539,1,56,10280,349.69,2.59,15.45,22.5,2.3,77.8,16.7,0.5768,0.5401,0.2588,3.7259,0.3244,0.4683,0.458,-0.146,0.6429,0.6412,0.2828,4.6,0.3742,0.5399,0.5187,-0.0417,0.6098,0.5907,0.2708,4.163,0.3493,0.5041,0.4884,-0.0938,114.21,1750.5,0.7292000000000001,0.60025
2022-03-21,FARM0602,I,-7.887284,112.401542,539,2,48,9713,320.01,2.34,11.45,27.8,3.2,67.2,15.4,0.6993,0.6006,0.3055,5.6504,0.4118,0.6766,0.5673,0.0611,0.722,0.6068,0.3434,6.194,0.398,0.6245,0.5679,0.1067,0.7106,0.6037,0.3244,5.9222,0.4049,0.6505,0.5676,0.0839,93.61,1868.16,0.6756,0.65715
2023-04-15,FARM0602,I,-7.887284,112.401542,539,3,48,8761,264.85,2.17,8.35,23.7,1.0,65.5,14.4,0.6111,0.6128,0.2425,4.1426,0.3447,0.5285,0.4859,-0.0938,0.6767,0.6338,0.3246,5.1861,0.3863,0.6073,0.5411,0.0183,0.6439,0.6233,0.2835,4.6644,0.3655,0.5679,0.5135,-0.0378,86.63,1552.35,0.7165,0.6335999999999999
2024-06-08,FARM0602,I,-7.887284,112.401542,539,4,52,9439,285.3,2.29,21.23,24.9,4.0,70.1,13.4,0.649,0.6517,0.3045,4.698,0.3988,0.6393,0.5367,-0.0311,0.6702,0.5148,0.2458,5.0634,0.3122,0.5845,0.4849,0.0063,0.6596,0.5832,0.2751,4.8807,0.3555,0.6119,0.5108,-0.0124,114.6,1745.49,0.7249,0.6214
2021-02-24,FARM0603,I,-7.904182,112.413414,211,1,56,9039,320.26,2.46,23.21,22.7,9.9,76.1,15.5,0.6435,0.5871,0.3477,4.6094,0.3662,0.6076,0.5138,-0.0407,0.5885,0.5898,0.2555,3.8606,0.2932,0.4769,0.4406,-0.1286,0.616,0.5884,0.3016,4.235,0.3297,0.5423,0.4772,-0.0846,114.66,1727.47,0.6984,0.6022000000000001
2022-05-20,FARM0603,I,-7.904182,112.413414,211,2,56,9315,312.13,2.7,18.13,22.9,0.6,67.2,14.1,0.587,0.6237,0.2928,3.8424,0.3242,0.5314,0.4621,-0.1309,0.665,0.4998,0.2549,4.9709,0.3058,0.579,0.4779,-0.0029,0.626,0.5617,0.2739,4.4067,0.315,0.5552,0.47,-0.0669,113.74,1538.88,0.7261,0.59385
2023-07-14,FARM0603,I,-7.904182,112.413414,211,3,52,8765,268.29,2.35,15.12,21.2,1.8,71.7,13.5,0.6533,0.6003,0.2129,4.7687,0.346,0.6183,0.5041,-0.0237,0.6949,0.5493,0.3428,5.5558,0.3564,0.6207,0.5278,0.0527,0.6741,0.5748,0.2779,5.1623,0.3512,0.6195,0.5159,0.0145,90.9,1520.04,0.7221,0.62445
2024-09-06,FARM0603,I,-7.904182,112.413414,211,4,52,9060,257.39,1.79,11.12,20.0,1.4,63.3,16.0,0.614,0.5112,0.2135,4.181,0.3163,0.4909,0.4674,-0.0892,0.5561,0.5327,0.1993,3.5055,0.2749,0.4507,0.4147,-0.1757,0.585,0.5219,0.2064,3.8433,0.2956,0.4708,0.441,-0.1325,84.12,1266.0,0.7936,0.55345
2021-02-24,FARM0604,I,-7.882945,112.405067,281,1,56,9577,298.53,2.62,15.73,27.8,10.1,73.2,16.7,0.6168,0.5607,0.205,4.2185,0.3299,0.4986,0.4781,-0.0848,0.6201,0.5536,0.2566,4.2646,0.3445,0.5141,0.4896,-0.0794,0.6184,0.5571,0.2308,4.2416,0.3372,0.5064,0.4838,-0.0821,113.84,2034.96,0.7692,0.58775
2022-05-20,FARM0604,I,-7.882945,112.405067,281,2,56,8436,279.95,2.21,9.81,24.2,0.2,72.3,13.5,0.6393,0.5135,0.1878,4.5447,0.3275,0.5759,0.4853,-0.0477,0.6755,0.5356,0.3383,5.164,0.3435,0.5594,0.5109,0.0161,0.6574,0.5246,0.2631,4.8544,0.3355,0.5677,0.4981,-0.0158,86.09,1749.66,0.7369,0.591
2023-07-14,FARM0604,I,-7.882945,112.405067,281,3,52,8903,291.53,1.92,8.23,20.5,2.6,77.1,14.6,0.6189,0.6451,0.2988,4.2481,0.3822,0.5877,0.513,-0.0813,0.687,0.6021,0.282,5.3893,0.3818,0.5828,0.5425,0.0375,0.6529,0.6236,0.2904,4.8187,0.382,0.5853,0.5277,-0.0219,85.66,1580.55,0.7096,0.63825
2024-08-07,FARM0604,I,-7.882945,112.405067,281,4,48,9509,303.44,2.31,20.35,20.9,1.9,66.6,15.0,0.5842,0.5796,0.2401,3.8097,0.3317,0.4954,0.466,-0.1351,0.6866,0.5527,0.3256,5.3826,0.3412,0.6175,0.5134,0.0368,0.6354,0.5661,0.2828,4.5961,0.3365,0.5564,0.4897,-0.0491,116.66,1391.94,0.7172000000000001,0.60075
2021-01-25,FARM0605,I,-7.902485,112.391565,448,1,52,8994,304.54,2.69,14.93,24.7,8.1,80.6,13.2,0.6454,0.619,0.3341,4.6395,0.3502,0.5769,0.5038,-0.0374,0.7265,0.5663,0.302,6.3117,0.3798,0.6064,0.557,0.116,0.6859,0.5927,0.318,5.4756,0.365,0.5917,0.5304,0.0393,116.1,1990.82,0.6819999999999999,0.6393
2022-04-20,FARM0605,I,-7.902485,112.391565,448,2,56,9011,324.53,2.25,20.53,25.9,3.1,63.5,15.8,0.574,0.5521,0.213,3.6946,0.3065,0.5091,0.4447,-0.1501,0.7006,0.5874,0.2224,5.6806,0.3541,0.5682,0.5283,0.0637,0.6373,0.5698,0.2177,4.6876,0.3303,0.5387,0.4865,-0.0432,113.76,1644.65,0.7823,0.60355
2023-06-14,FARM0605,I,-7.902485,112.391565,448,3,52,8849,265.2,2.11,10.24,21.5,4.0,73.4,13.7,0.6615,0.5266,0.2008,4.9092,0.3287,0.608,0.4946,-0.0092,0.7018,0.5597,0.2636,5.7061,0.3785,0.5834,0.5463,0.066,0.6817,0.5432,0.2322,5.3076,0.3536,0.5957,0.5205,0.0284,84.98,1578.1,0.7678,0.6124499999999999
2024-08-07,FARM0605,I,-7.902485,112.391565,448,4,52,8165,258.46,2.26,8.97,20.0,8.3,70.8,13.8,0.6187,0.5985,0.3026,4.2447,0.3654,0.5628,0.5026,-0.0817,0.7099,0.6254,0.2779,5.895,0.3494,0.6061,0.5282,0.0822,0.6643,0.612,0.2902,5.0698,0.3574,0.5845,0.5154,0.0002,86.17,1416.0,0.7098,0.63815
2021-02-24,FARM0606,I,-7.915662,112.382005,423,1,56,8508,338.79,2.56,22.38,27.3,2.6,76.3,16.2,0.6635,0.5598,0.2821,4.9429,0.382,0.5926,0.5326,-0.0057,0.7198,0.6023,0.3658,6.1373,0.3915,0.6882,0.5626,0.1021,0.6916,0.5811,0.324,5.5401,0.3868,0.6404,0.5476,0.0482,117.27,2082.99,0.6759999999999999,0.63635
2022-03-21,FARM0606,I,-7.915662,112.382005,423,2,48,9481,304.72,2.46,23.87,23.8,13.8,73.9,15.7,0.6106,0.5869,0.3617,4.1363,0.3652,0.5237,0.4989,-0.0945,0.6227,0.6138,0.2038,4.3012,0.3248,0.4815,0.4769,-0.0751,0.6167,0.6003,0.2827,4.2187,0.345,0.5026,0.4879,-0.0848,114.63,1758.82,0.7173,0.6085
2023-05-15,FARM0606,I,-7.915662,112.382005,423,3,52,8645,287.24,2.62,21.07,21.8,1.1,69.7,16.8,0.5945,0.5467,0.2161,3.9317,0.3324,0.4837,0.4708,-0.1196,0.6504,0.6609,0.3489,4.7207,0.3492,0.5637,0.5052,-0.0287,0.6224,0.6038,0.2825,4.3262,0.3408,0.5237,0.488,-0.0742,115.95,1519.46,0.7175,0.6131
2024-08-07,FARM0606,I,-7.915662,112.382005,423,4,56,8846,297.53,1.78,10.66,20.0,3.3,80.8,15.3,0.6145,0.4993,0.1829,4.1876,0.319,0.5564,0.4695,-0.0884,0.6758,0.5632,0.343,5.1692,0.3629,0.6168,0.5249,0.0166,0.6451,0.5313,0.2629,4.6784,0.341,0.5866,0.4972,-0.0359,85.94,1616.0,0.7371,0.5882000000000001
2020-12-26,FARM0607,I,-7.883228,112.415941,274,1,48,9459,357.52,2.31,16.61,20.0,5.7,68.0,15.4,0.72,0.5644,0.2713,6.1419,0.4133,0.6563,0.5772,0.1025,0.5817,0.537,0.311,3.7809,0.2967,0.4407,0.4406,-0.1388,0.6508,0.5507,0.2911,4.9614,0.355,0.5485,0.5089,-0.0182,115.34,1360.0,0.7089,0.60075
2022-02-19,FARM0607,I,-7.883228,112.415941,274,2,52,8267,293.2,2.28,12.53,24.0,7.4,72.8,13.9,0.6277,0.6297,0.3563,4.3725,0.3925,0.5528,0.5232,-0.067,0.6942,0.5815,0.2878,5.5401,0.3917,0.5821,0.5521,0.0512,0.661,0.6056,0.3221,4.9563,0.3921,0.5674,0.5377,-0.0079,85.89,1747.2,0.6779,0.6333
2023-03-16,FARM0607,I,-7.883228,112.415941,274,3,48,8569,289.73,2.5,25.16,25.6,8.8,79.9,15.8,0.5842,0.6152,0.2124,3.81,0.3124,0.5122,0.4529,-0.1351,0.7343,0.5645,0.2703,6.5274,0.3921,0.6758,0.5688,0.1325,0.6593,0.5899,0.2414,5.1687,0.3523,0.594,0.5109,-0.0013,114.06,2045.44,0.7585999999999999,0.6246
2024-05-09,FARM0607,I,-7.883228,112.415941,274,4,52,8479,278.66,2.24,12.94,24.7,0.9,74.6,15.5,0.6482,0.5554,0.2671,4.6844,0.3296,0.5499,0.4902,-0.0326,0.6775,0.6068,0.2668,5.2023,0.343,0.5953,0.5113,0.0198,0.6628,0.5811,0.267,4.9433,0.3363,0.5726,0.5008,-0.0064,86.27,1842.62,0.733,0.62195
2021-01-25,FARM0608,I,-7.882058,112.416883,673,1,52,9719,313.92,3.01,30.03,23.8,19.7,77.3,15.2,0.6822,0.6133,0.3312,5.2932,0.405,0.6557,0.5555,0.0285,0.6963,0.5657,0.309,5.5861,0.3416,0.562,0.5173,0.0554,0.6893,0.5895,0.3201,5.4396,0.3733,0.6088,0.5364,0.0419,113.34,1839.74,0.6799,0.6394
2022-02-19,FARM0608,I,-7.882058,112.416883,673,2,48,9489,321.77,2.53,23.49,23.8,8.8,78.9,16.1,0.589,0.5867,0.2559,3.8666,0.3289,0.5,0.4662,-0.1278,0.6096,0.5478,0.245,4.123,0.2932,0.5042,0.4483,-0.0961,0.5993,0.5673,0.2504,3.9948,0.3111,0.5021,0.4573,-0.112,113.81,1877.82,0.7496,0.5833
2023-03-16,FARM0608,I,-7.882058,112.416883,673,3,48,8569,306.57,2.13,10.17,26.0,8.8,70.8,15.0,0.6576,0.5572,0.3626,4.8419,0.3817,0.6038,0.5299,-0.0161,0.7247,0.5932,0.2896,6.2649,0.3995,0.6605,0.57,0.1123,0.6912,0.5752,0.3261,5.5534,0.3906,0.6321,0.55,0.0481,84.57,1840.8,0.6738999999999999,0.6332
2024-05-09,FARM0608,I,-7.882058,112.416883,673,4,52,9891,298.35,2.35,12.78,24.8,4.1,66.8,14.6,0.6979,0.5664,0.3088,5.6208,0.3788,0.6168,0.5449,0.0585,0.6304,0.6397,0.2955,4.4112,0.3259,0.5036,0.4807,-0.0626,0.6642,0.603,0.3021,5.016,0.3523,0.5602,0.5128,-0.0021,87.92,1656.64,0.6979,0.6335999999999999
2020-12-26,FARM0609,I,-7.892334,112.389437,268,1,48,9233,327.45,2.93,29.59,20.0,2.1,64.4,14.8,0.6279,0.5025,0.1951,4.3745,0.3261,0.5384,0.4798,-0.0667,0.6195,0.593,0.3214,4.2562,0.3444,0.5373,0.4892,-0.0804,0.6237,0.5477,0.2582,4.3153,0.3353,0.5378,0.4845,-0.0735,113.93,1288.0,0.7418,0.5857
2022-03-21,FARM0609,I,-7.892334,112.389437,268,2,56,9487,316.86,2.2,12.12,28.1,3.2,80.5,15.7,0.611,0.5378,0.31,4.1413,0.3526,0.5165,0.4911,-0.0939,0.6478,0.5852,0.2304,4.6784,0.3369,0.5418,0.4954,-0.0332,0.6294,0.5615,0.2702,4.4099,0.3447,0.5291,0.4932,-0.0636,94.97,2262.05,0.7298,0.59545
2023-06-14,FARM0609,I,-7.892334,112.389437,268,3,56,9850,306.87,2.12,16.87,21.7,1.4,68.5,15.8,0.6424,0.5679,0.2551,4.5928,0.3492,0.6077,0.5019,-0.0424,0.6497,0.5698,0.2352,4.7089,0.3069,0.5405,0.4734,-0.03,0.646,0.5688,0.2452,4.6509,0.3281,0.5741,0.4877,-0.0362,109.37,1486.45,0.7548,0.6073999999999999
2024-09-06,FARM0609,I,-7.892334,112.389437,268,4,56,8565,269.93,2.23,14.57,20.0,0.7,69.0,14.3,0.5876,0.5728,0.2005,3.8497,0.3129,0.5152,0.4546,-0.13,0.6421,0.5899,0.3797,4.5881,0.3686,0.5464,0.5148,-0.043,0.6148,0.5814,0.2901,4.2189,0.3407,0.5308,0.4847,-0.0865,83.68,1380.0,0.7099,0.5981000000000001
2021-02-24,FARM0610,I,-7.898765,112.394401,213,1,56,10043,358.78,2.0,12.41,23.2,1.1,80.5,13.2,0.649,0.6035,0.2817,4.6972,0.3304,0.5752,0.4911,-0.0312,0.6078,0.5536,0.3287,4.0992,0.3236,0.4699,0.4701,-0.099,0.6284,0.5786,0.3052,4.3982,0.327,0.5226,0.4806,-0.0651,99.43,1867.6,0.6948,0.6034999999999999
2022-05-20,FARM0610,I,-7.898765,112.394401,213,2,56,9922,314.84,2.16,21.19,25.1,0.5,70.1,15.7,0.6472,0.5584,0.2555,4.6682,0.3677,0.5966,0.5163,-0.0343,0.6555,0.6345,0.3478,4.805,0.3747,0.5459,0.5245,-0.0199,0.6513,0.5965,0.3016,4.7366,0.3712,0.5712,0.5204,-0.0271,114.52,1759.51,0.6984,0.6239
2023-08-13,FARM0610,I,-7.898765,112.394401,213,3,56,9756,274.99,2.32,11.7,20.0,1.5,66.9,13.1,0.6154,0.5594,0.2297,4.2004,0.3523,0.5182,0.4928,-0.0869,0.6798,0.6103,0.2823,5.2459,0.3536,0.5496,0.5199,0.024,0.6476,0.5849,0.256,4.7231,0.353,0.5339,0.5063,-0.0315,86.25,1338.0,0.744,0.61625
2024-09-06,FARM0610,I,-7.898765,112.394401,213,4,48,8757,308.03,1.57,8.85,20.0,3.5,76.5,13.0,0.5949,0.5665,0.2148,3.9368,0.3138,0.4663,0.4581,-0.119,0.6281,0.5902,0.2474,4.3784,0.3255,0.4804,0.4795,-0.0663,0.6115,0.5783,0.2311,4.1576,0.3196,0.4733,0.4688,-0.0926,85.98,1530.0,0.7689,0.5949
2020-12-26,FARM0611,I,-7.913761,112.415643,437,1,48,9572,329.76,2.85,36.96,20.0,2.9,65.0,15.9,0.6766,0.5559,0.3579,5.185,0.3837,0.6285,0.5394,0.0182,0.6721,0.5937,0.187,5.0991,0.3104,0.5788,0.4841,0.0098,0.6744,0.5748,0.2724,5.1421,0.3471,0.6037,0.5117,0.014,115.63,1300.0,0.7276,0.6246
2022-02-19,FARM0611,I,-7.913761,112.415643,437,2,52,8593,296.31,2.82,28.24,25.5,3.8,76.0,13.6,0.6295,0.5603,0.3,4.3987,0.3682,0.5764,0.5091,-0.064,0.6985,0.5931,0.3175,5.6332,0.377,0.6353,0.5439,0.0596,0.664,0.5767,0.3088,5.016,0.3726,0.6059,0.5265,-0.0022,117.25,1938.0,0.6912,0.62035
2023-05-15,FARM0611,I,-7.913761,112.415643,437,3,56,8524,260.27,1.95,7.2,25.0,0.1,79.7,16.7,0.6113,0.5756,0.3189,4.1459,0.3485,0.521,0.4885,-0.0934,0.6789,0.5647,0.3396,5.2278,0.3687,0.6315,0.5302,0.0223,0.6451,0.5701,0.3293,4.6868,0.3586,0.5762,0.5093,-0.0356,86.25,1992.5,0.6707000000000001,0.6076
2024-06-08,FARM0611,I,-7.913761,112.415643,437,4,48,8084,285.75,2.19,8.08,23.2,0.0,71.2,14.2,0.6296,0.5245,0.3009,4.3998,0.3325,0.5561,0.4851,-0.0639,0.6006,0.5997,0.2182,4.0076,0.3226,0.4837,0.4666,-0.1102,0.6151,0.5621,0.2596,4.2037,0.3275,0.5199,0.4758,-0.087,83.76,1651.84,0.7404,0.5886
2021-01-25,FARM0612,I,-7.890598,112.391966,658,1,52,9679,337.87,2.78,30.74,26.0,14.1,69.3,15.2,0.7114,0.6485,0.3562,5.9295,0.4054,0.6332,0.5684,0.085,0.6315,0.5886,0.2376,4.4275,0.3034,0.4703,0.4642,-0.0607,0.6714,0.6186,0.2969,5.1785,0.3544,0.5518,0.5163,0.0122,113.9,1801.8,0.7031000000000001,0.645
2022-02-19,FARM0612,I,-7.890598,112.391966,658,2,48,9495,300.48,1.99,15.28,26.8,2.5,71.1,14.2,0.6788,0.6419,0.2892,5.2271,0.3761,0.6619,0.5352,0.0222,0.7264,0.6615,0.3217,6.3097,0.3968,0.6322,0.5689,0.1158,0.7026,0.6517,0.3054,5.7684,0.3864,0.6471,0.552,0.069,116.75,1905.48,0.6946,0.6771499999999999
2023-04-15,FARM0612,I,-7.890598,112.391966,658,3,52,9163,256.26,2.33,15.25,27.3,2.9,72.9,16.3,0.6307,0.5529,0.2931,4.4154,0.3586,0.5563,0.5034,-0.0621,0.6225,0.644,0.3113,4.2979,0.3369,0.5336,0.4854,-0.0755,0.6266,0.5984,0.3022,4.3566,0.3478,0.545,0.4944,-0.0688,107.21,1990.17,0.6978,0.6125
2024-05-09,FARM0612,I,-7.890598,112.391966,658,4,48,9326,289.8,1.76,10.11,26.9,1.2,79.3,14.8,0.6331,0.5796,0.2319,4.4508,0.3309,0.5376,0.4854,-0.0581,0.6989,0.6256,0.3474,5.6419,0.3667,0.617,0.5368,0.0603,0.666,0.6026,0.2896,5.0464,0.3488,0.5773,0.5111,0.0011,85.64,2133.17,0.7103999999999999,0.6343000000000001
2021-02-24,FARM0613,I,-7.912844,112.414028,260,1,56,9753,326.07,2.93,31.47,23.8,12.0,67.1,14.0,0.6036,0.5707,0.2536,4.0457,0.3431,0.4924,0.4817,-0.1055,0.6437,0.6158,0.2996,4.6131,0.343,0.5419,0.4982,-0.0403,0.6237,0.5933,0.2766,4.3294,0.3431,0.5171,0.4899,-0.0729,113.59,1596.98,0.7234,0.6085
2022-03-21,FARM0613,I,-7.912844,112.414028,260,2,48,9104,294.01,2.23,17.17,27.0,1.2,72.2,13.8,0.6759,0.6631,0.3283,5.1703,0.4006,0.6434,0.5499,0.0167,0.6843,0.6281,0.266,5.336,0.3786,0.5962,0.5392,0.0325,0.6801,0.6456,0.2971,5.2532,0.3896,0.6198,0.5446,0.0246,115.4,1949.4,0.7029000000000001,0.6628499999999999
2023-05-15,FARM0613,I,-7.912844,112.414028,260,3,52,8119,277.44,2.05,7.77,27.1,2.9,77.5,13.3,0.7087,0.6043,0.3409,5.8653,0.4014,0.6929,0.5646,0.0796,0.6198,0.5636,0.3233,4.2601,0.343,0.4939,0.4884,-0.0799,0.6642,0.5839,0.3321,5.0627,0.3722,0.5934,0.5265,-0.0001,84.85,2100.25,0.6678999999999999,0.62405
2024-07-08,FARM0613,I,-7.912844,112.414028,260,4,52,7918,270.48,1.86,6.02,22.4,1.9,74.7,16.8,0.7135,0.5748,0.3445,5.9811,0.4136,0.7035,0.5746,0.0893,0.7355,0.5805,0.3418,6.5603,0.3944,0.6794,0.5709,0.135,0.7245,0.5776,0.3431,6.2707,0.404,0.6915,0.5728,0.1122,83.32,1673.28,0.6569,0.65105
2021-02-24,FARM0614,I,-7.899147,112.39689,753,1,56,8717,350.46,2.27,22.28,25.2,28.6,80.5,13.2,0.6412,0.6319,0.3485,4.5746,0.3985,0.6087,0.533,-0.0444,0.6953,0.594,0.2744,5.5639,0.3885,0.5888,0.5504,0.0534,0.6683,0.6129,0.3114,5.0693,0.3935,0.5988,0.5417,0.0045,114.62,2028.6,0.6886,0.6406000000000001
2022-04-20,FARM0614,I,-7.899147,112.39689,753,2,52,8872,329.05,2.68,25.09,23.4,2.0,73.6,13.7,0.681,0.5922,0.3666,5.2702,0.3949,0.6225,0.5486,0.0263,0.6804,0.6465,0.2612,5.2571,0.3502,0.5536,0.5177,0.0251,0.6807,0.6194,0.3139,5.2637,0.3726,0.5881,0.5331,0.0257,113.17,1722.24,0.6860999999999999,0.65005
2023-06-14,FARM0614,I,-7.899147,112.39689,753,3,52,9393,314.08,2.15,18.38,24.2,4.9,76.1,13.2,0.6597,0.5632,0.264,4.8765,0.3697,0.6043,0.5229,-0.0125,0.6396,0.5754,0.3064,4.55,0.3106,0.5537,0.4727,-0.0471,0.6496,0.5693,0.2852,4.7132,0.3401,0.579,0.4978,-0.0298,115.92,1841.62,0.7148,0.60945
2024-09-06,FARM0614,I,-7.899147,112.39689,753,4,56,7911,299.26,2.02,13.52,20.0,7.8,75.8,14.8,0.6922,0.6039,0.2844,5.4985,0.3794,0.6897,0.543,0.0475,0.6025,0.5532,0.3117,4.0317,0.3279,0.4947,0.471,-0.1072,0.6474,0.5785,0.2981,4.7651,0.3536,0.5922,0.507,-0.0299,83.7,1516.0,0.7019,0.61295
2021-02-24,FARM0615,I,-7.885454,112.416804,445,1,56,9234,304.56,2.45,18.18,24.8,3.2,76.3,15.2,0.6531,0.6187,0.2438,4.7652,0.3508,0.5551,0.5074,-0.024,0.6793,0.5626,0.2482,5.2359,0.3568,0.5802,0.522,0.023,0.6662,0.5907,0.246,5.0006,0.3538,0.5677,0.5147,-0.0005,116.61,1892.24,0.754,0.62845
2022-05-20,FARM0615,I,-7.885454,112.416804,445,2,56,8694,303.43,2.22,13.53,26.7,0.8,78.9,14.4,0.6338,0.5637,0.3366,4.4622,0.3875,0.6018,0.523,-0.0568,0.5767,0.5521,0.245,3.7249,0.286,0.4681,0.4308,-0.1461,0.6053,0.5579,0.2908,4.0936,0.3368,0.5349,0.4769,-0.1015,93.94,2106.63,0.7092,0.5815999999999999
2023-06-14,FARM0615,I,-7.885454,112.416804,445,3,48,8870,276.23,2.32,14.42,22.1,5.0,70.5,16.1,0.6221,0.6303,0.3004,4.2924,0.3452,0.5499,0.4908,-0.0761,0.6481,0.6746,0.3091,4.6827,0.3772,0.539,0.5229,-0.0328,0.6351,0.6525,0.3047,4.4876,0.3612,0.5444,0.5069,-0.0545,86.76,1558.05,0.6953,0.6437999999999999
2024-07-08,FARM0615,I,-7.885454,112.416804,445,4,48,9602,263.34,2.39,12.33,20.0,0.4,67.4,15.8,0.6981,0.6232,0.2944,5.6257,0.3761,0.6321,0.5432,0.0589,0.6754,0.5872,0.2646,5.1617,0.3115,0.578,0.4861,0.0159,0.6868,0.6052,0.2795,5.3937,0.3438,0.6051,0.5146,0.0374,84.07,1348.0,0.7204999999999999,0.6459999999999999
2021-02-24,FARM0616,I,-7.900219,112.415659,241,1,56,9565,308.05,2.01,14.94,23.5,0.3,78.6,15.0,0.5615,0.5451,0.2458,3.5607,0.2966,0.4733,0.4327,-0.1681,0.6361,0.594,0.2194,4.4964,0.3099,0.4955,0.4709,-0.053,0.5988,0.5695,0.2326,4.0286,0.3032,0.4844,0.4518,-0.1106,107.45,1847.1,0.7674,0.58415
2022-05-20,FARM0616,I,-7.900219,112.415659,241,2,56,8674,316.51,2.78,28.02,25.3,1.1,69.7,15.2,0.694,0.6239,0.3648,5.536,0.4102,0.6741,0.564,0.0509,0.6549,0.6332,0.3375,4.7959,0.3668,0.5801,0.5191,-0.0208,0.6745,0.6285,0.3512,5.166,0.3885,0.6271,0.5415,0.015,116.26,1763.41,0.6488,0.6515
2023-07-14,FARM0616,I,-7.900219,112.415659,241,3,52,8729,270.15,2.47,21.84,21.0,0.1,79.6,15.7,0.6351,0.6334,0.2856,4.4806,0.3858,0.559,0.5225,-0.0548,0.6852,0.6295,0.295,5.3539,0.324,0.5482,0.4996,0.0342,0.6602,0.6315,0.2903,4.9173,0.3549,0.5536,0.5111,-0.0103,113.86,1671.6,0.7097,0.64585
2024-09-06,FARM0616,I,-7.900219,112.415659,241,4,52,8356,245.17,1.93,8.44,20.0,3.2,63.6,14.4,0.6745,0.5171,0.29,5.1438,0.3543,0.5734,0.5183,0.0142,0.7213,0.6228,0.3462,6.1763,0.3922,0.6989,0.5637,0.1053,0.6979,0.57,0.3181,5.6601,0.3733,0.6361,0.541,0.0597,85.69,1272.0,0.6819,0.63395
2021-01-25,FARM0617,I,-7.916798,112.404035,457,1,52,9316,318.86,2.59,26.81,24.3,10.1,74.0,16.3,0.6658,0.5405,0.2716,4.9849,0.372,0.5672,0.5271,-0.0015,0.6422,0.5825,0.3332,4.5891,0.343,0.5091,0.4975,-0.0428,0.654,0.5615,0.3024,4.787,0.3575,0.5382,0.5123,-0.0222,114.69,1798.2,0.6976,0.60775
2022-02-19,FARM0617,I,-7.916798,112.404035,457,2,48,9182,311.79,2.12,13.2,23.2,2.8,64.7,15.8,0.6414,0.5914,0.266,4.5775,0.3691,0.5648,0.5148,-0.0441,0.687,0.6323,0.2952,5.3905,0.3846,0.5788,0.5444,0.0376,0.6642,0.6119,0.2806,4.984,0.3768,0.5718,0.5296,-0.0033,88.3,1501.04,0.7194,0.63805
2023-03-16,FARM0617,I,-7.916798,112.404035,457,3,48,8894,309.98,2.25,16.13,28.3,26.3,69.7,16.4,0.6608,0.5993,0.3858,4.8961,0.397,0.6183,0.541,-0.0105,0.7168,0.601,0.2838,6.0625,0.362,0.583,0.5403,0.096,0.6888,0.6002,0.3348,5.4793,0.3795,0.6007,0.5407,0.0428,114.9,1972.51,0.6652,0.6445
2024-06-08,FARM0617,I,-7.916798,112.404035,457,4,56,8635,289.2,1.62,6.74,20.2,0.5,71.0,13.3,0.5715,0.5562,0.274,3.6671,0.3103,0.494,0.4463,-0.1538,0.6001,0.5643,0.2421,4.0014,0.3131,0.4921,0.4597,-0.1109,0.5858,0.5603,0.258,3.8342,0.3117,0.493,0.453,-0.1324,85.14,1434.2,0.742,0.5730500000000001
2020-12-26,FARM0618,I,-7.880355,112.415768,754,1,48,9415,311.22,1.93,14.23,20.0,13.7,66.1,13.3,0.6143,0.5728,0.2412,4.1854,0.3452,0.5156,0.4876,-0.0887,0.602,0.5465,0.2244,4.0254,0.2929,0.4987,0.4453,-0.108,0.6082,0.5596,0.2328,4.1054,0.319,0.5071,0.4665,-0.0983,86.77,1322.0,0.7672,0.5839
2022-01-20,FARM0618,I,-7.880355,112.415768,754,2,48,9338,291.07,2.1,10.13,22.8,16.0,74.0,16.8,0.6266,0.6097,0.3559,4.3557,0.3896,0.5887,0.5209,-0.0689,0.7152,0.6263,0.3006,6.0217,0.3649,0.608,0.5418,0.0927,0.6709,0.618,0.3283,5.1887,0.3772,0.5984,0.5314,0.0119,83.85,1687.2,0.6717,0.64445
2023-04-15,FARM0618,I,-7.880355,112.415768,754,3,56,8817,308.88,1.85,13.86,23.3,0.9,71.3,13.3,0.641,0.5403,0.3076,4.5713,0.3656,0.5832,0.5124,-0.0448,0.6925,0.6097,0.3274,5.5039,0.3756,0.5702,0.5405,0.048,0.6668,0.575,0.3175,5.0376,0.3706,0.5767,0.5264,0.0016,86.63,1661.29,0.6825,0.6209
2024-06-08,FARM0618,I,-7.880355,112.415768,754,4,52,8094,298.13,2.13,13.52,23.1,3.9,64.2,13.1,0.6881,0.6215,0.3681,5.4133,0.4002,0.6099,0.555,0.0397,0.6548,0.6255,0.301,4.7938,0.3494,0.5486,0.507,-0.0211,0.6715,0.6235,0.3345,5.1035,0.3748,0.5793,0.531,0.0093,85.66,1483.02,0.6655,0.6475
2020-12-26,FARM0619,I,-7.885516,112.410604,200,1,48,9425,308.47,2.11,16.05,20.0,10.5,81.3,15.6,0.6083,0.6163,0.2757,4.1059,0.3369,0.5295,0.4795,-0.0982,0.6137,0.629,0.2132,4.1774,0.3164,0.4964,0.4673,-0.0896,0.611,0.6227,0.2444,4.1416,0.3267,0.5129,0.4734,-0.0939,108.08,1626.0,0.7556,0.61685
2022-03-21,FARM0619,I,-7.885516,112.410604,200,2,56,9196,295.86,2.25,11.52,23.0,5.5,67.8,13.4,0.6679,0.4973,0.1796,5.0221,0.3291,0.6058,0.4973,0.0022,0.6167,0.615,0.2347,4.2176,0.2987,0.4546,0.4551,-0.0849,0.6423,0.5561,0.2072,4.6199,0.3139,0.5302,0.4762,-0.0413,85.5,1559.4,0.7928,0.5992
2023-04-15,FARM0619,I,-7.885516,112.410604,200,3,48,8757,262.38,2.15,10.81,25.2,1.2,69.5,16.0,0.5754,0.5784,0.2014,3.7101,0.3097,0.4926,0.4474,-0.1481,0.6836,0.6476,0.3555,5.3209,0.3807,0.6096,0.5403,0.0311,0.6295,0.613,0.2784,4.5155,0.3452,0.5511,0.4939,-0.0585,86.01,1751.4,0.7216,0.62125
2024-06-08,FARM0619,I,-7.885516,112.410604,200,4,52,9826,246.75,2.13,14.48,22.6,0.9,65.0,15.6,0.6025,0.6042,0.3455,4.0316,0.3603,0.5655,0.4922,-0.1072,0.6047,0.588,0.2885,4.0592,0.3359,0.4932,0.4773,-0.1038,0.6036,0.5961,0.317,4.0454,0.3481,0.5293,0.4848,-0.1055,90.82,1469.0,0.683,0.59985
2021-02-24,FARM0620,I,-7.882436,112.398157,201,1,56,10062,316.13,2.68,27.48,24.5,4.1,72.9,14.4,0.6863,0.5443,0.3351,5.3762,0.3691,0.6185,0.5335,0.0363,0.7328,0.6022,0.3453,6.4845,0.3882,0.6808,0.5655,0.1293,0.7096,0.5732,0.3402,5.9304,0.3786,0.6497,0.5495,0.0828,115.68,1786.05,0.6597999999999999,0.6414
2022-03-21,FARM0620,I,-7.882436,112.398157,201,2,48,9207,278.5,2.85,15.21,24.7,0.8,71.1,13.8,0.5934,0.5445,0.2668,3.9194,0.3104,0.5195,0.4551,-0.1212,0.6468,0.5293,0.2667,4.6629,0.3092,0.5001,0.4742,-0.0349,0.6201,0.5369,0.2668,4.2911,0.3098,0.5098,0.4646,-0.078,103.09,1756.17,0.7332000000000001,0.5785
2023-05-15,FARM0620,I,-7.882436,112.398157,201,3,52,8843,322.12,2.21,18.1,27.1,4.8,72.9,15.7,0.6189,0.5744,0.3006,4.2475,0.3449,0.5255,0.4893,-0.0814,0.6087,0.639,0.2512,4.1118,0.3369,0.4936,0.4797,-0.0975,0.6138,0.6067,0.2759,4.1797,0.3409,0.5096,0.4845,-0.0894,116.56,1975.59,0.7241,0.61025
2024-07-08,FARM0620,I,-7.882436,112.398157,201,4,52,9043,242.69,2.09,10.15,21.8,1.1,66.7,15.1,0.6421,0.5894,0.254,4.5874,0.3239,0.5904,0.4837,-0.043,0.659,0.5805,0.3349,4.8653,0.3483,0.5388,0.508,-0.0137,0.6505,0.5849,0.2945,4.7263,0.3361,0.5646,0.4958,-0.0283,83.58,1454.06,0.7055,0.6176999999999999
2021-01-25,FARM0621,I,-7.912264,112.399313,289,1,52,8910,319.92,2.72,27.15,21.7,9.7,72.5,16.8,0.65,0.627,0.296,4.7147,0.3446,0.5551,0.5018,-0.0294,0.6478,0.565,0.2559,4.6779,0.3304,0.5111,0.4906,-0.0333,0.6489,0.596,0.276,4.6963,0.3375,0.5331,0.4962,-0.0313,114.32,1573.25,0.724,0.62245
2022-04-20,FARM0621,I,-7.912264,112.399313,289,2,56,9313,296.14,2.24,11.74,25.6,2.4,78.9,15.5,0.7009,0.5744,0.2845,5.6857,0.4126,0.6732,0.5685,0.0642,0.7254,0.5725,0.3095,6.2842,0.3821,0.6316,0.5582,0.1138,0.7131,0.5735,0.297,5.9849,0.3973,0.6524,0.5633,0.089,89.7,2019.84,0.7030000000000001,0.6433
2023-07-14,FARM0621,I,-7.912264,112.399313,289,3,56,8631,306.59,2.17,14.38,22.6,1.0,71.8,15.2,0.6086,0.571,0.2209,4.1103,0.3143,0.5237,0.4639,-0.0977,0.6799,0.6545,0.2893,5.2478,0.3652,0.5822,0.5282,0.0242,0.6443,0.6128,0.2551,4.679,0.3397,0.5529,0.496,-0.0367,86.1,1622.68,0.7449,0.6285499999999999
2024-10-06,FARM0621,I,-7.912264,112.399313,289,4,56,8661,267.22,2.6,21.19,20.0,4.1,77.1,14.7,0.6278,0.6156,0.2713,4.3741,0.3398,0.5601,0.4895,-0.0668,0.6177,0.6165,0.2769,4.2321,0.3357,0.5083,0.4826,-0.0832,0.6228,0.6161,0.2741,4.3031,0.3377,0.5342,0.486,-0.075,113.99,1542.0,0.7259,0.6194500000000001
2021-01-25,FARM0622,I,-7.909007,112.401049,642,1,52,9160,328.28,2.61,18.26,21.6,8.4,68.6,13.7,0.5588,0.5766,0.2696,3.533,0.3039,0.4786,0.4367,-0.1719,0.6203,0.5792,0.3286,4.2674,0.3386,0.4842,0.4857,-0.0791,0.5895,0.5779,0.2991,3.9002,0.3213,0.4814,0.4612,-0.1255,115.45,1481.76,0.7009000000000001,0.5837
2022-03-21,FARM0622,I,-7.909007,112.401049,642,2,52,8749,320.76,2.54,22.17,26.1,9.0,71.0,14.3,0.687,0.5939,0.3049,5.389,0.4056,0.688,0.5579,0.0374,0.6714,0.5409,0.247,5.0873,0.3347,0.5587,0.5028,0.0087,0.6792,0.5674,0.276,5.2382,0.3701,0.6233,0.5304,0.0231,115.44,1853.1,0.724,0.6233
2023-04-15,FARM0622,I,-7.909007,112.401049,642,3,48,8541,342.28,2.15,17.32,26.7,2.8,67.8,16.0,0.6075,0.5385,0.2587,4.0949,0.3312,0.5415,0.4753,-0.0995,0.6817,0.6437,0.2756,5.284,0.3416,0.5375,0.5119,0.0276,0.6446,0.5911,0.2671,4.6895,0.3364,0.5395,0.4936,-0.0359,113.93,1810.26,0.7329,0.61785
2024-07-08,FARM0622,I,-7.909007,112.401049,642,4,56,8318,289.65,2.24,11.89,20.0,2.0,76.5,15.6,0.6432,0.5406,0.3378,4.6058,0.3505,0.5815,0.5032,-0.041,0.6619,0.5856,0.2589,4.9151,0.3189,0.5463,0.4872,-0.0086,0.6526,0.5631,0.2984,4.7604,0.3347,0.5639,0.4952,-0.0248,86.11,1530.0,0.7016,0.60785
2020-12-26,FARM0623,I,-7.901047,112.400087,374,1,48,8777,304.28,1.96,14.16,20.0,19.7,80.7,13.3,0.5973,0.5098,0.31,3.9664,0.3222,0.5333,0.465,-0.1153,0.6404,0.5855,0.3133,4.562,0.3441,0.5402,0.4976,-0.0458,0.6189,0.5476,0.3116,4.2642,0.3332,0.5368,0.4813,-0.0805,89.39,1614.0,0.6884,0.58325
2022-03-21,FARM0623,I,-7.901047,112.400087,374,2,56,8812,283.75,1.91,13.76,25.2,5.4,70.3,14.9,0.6117,0.6186,0.2873,4.1512,0.3502,0.5288,0.4898,-0.0928,0.6037,0.6228,0.2782,4.0469,0.2988,0.4809,0.4505,-0.1053,0.6077,0.6207,0.2828,4.0991,0.3245,0.5049,0.4701,-0.0991,89.11,1771.56,0.7172000000000001,0.6142000000000001
2023-04-15,FARM0623,I,-7.901047,112.400087,374,3,48,8320,259.11,1.93,10.41,26.0,0.6,67.1,14.4,0.6231,0.6367,0.3322,4.3064,0.3724,0.5812,0.5089,-0.0745,0.6744,0.5732,0.2309,5.1423,0.3222,0.5778,0.4943,0.014,0.6487,0.6049,0.2815,4.7244,0.3473,0.5795,0.5016,-0.0302,85.22,1744.6,0.7185,0.6268
2024-06-08,FARM0623,I,-7.901047,112.400087,374,4,52,9052,254.84,1.76,8.5,23.2,4.4,78.0,14.1,0.6423,0.6684,0.2873,4.5906,0.3954,0.5649,0.5316,-0.0427,0.6939,0.6422,0.3137,5.5348,0.3643,0.5715,0.5331,0.0508,0.6681,0.6553,0.3005,5.0627,0.3798,0.5682,0.5324,0.004,86.36,1809.6,0.6995,0.6617
2020-12-26,FARM0624,I,-7.905918,112.406428,485,1,48,9813,354.66,2.35,16.47,20.0,31.2,73.2,14.5,0.6755,0.6544,0.3345,5.1636,0.3899,0.5842,0.5429,0.0161,0.6494,0.5322,0.2271,4.704,0.3115,0.5088,0.4769,-0.0305,0.6624,0.5933,0.2808,4.9338,0.3507,0.5465,0.5099,-0.0072,115.28,1464.0,0.7192000000000001,0.62785
2022-01-20,FARM0624,I,-7.905918,112.406428,485,2,48,9718,298.72,1.98,10.9,21.3,42.9,65.6,16.6,0.648,0.5604,0.2753,4.6816,0.3574,0.5445,0.5098,-0.0329,0.681,0.5253,0.1824,5.2697,0.3257,0.6098,0.4994,0.0263,0.6645,0.5429,0.2289,4.9756,0.3416,0.5772,0.5046,-0.0033,86.09,1397.28,0.7711,0.6037
2023-04-15,FARM0624,I,-7.905918,112.406428,485,3,56,8358,301.14,2.29,13.21,25.4,1.3,73.0,13.1,0.6186,0.6427,0.2695,4.2443,0.3714,0.5818,0.5063,-0.0817,0.6856,0.6308,0.2776,5.3615,0.3532,0.5848,0.5219,0.0349,0.6521,0.6368,0.2736,4.8029,0.3623,0.5833,0.5141,-0.0234,87.86,1854.2,0.7263999999999999,0.64445
2024-06-08,FARM0624,I,-7.905918,112.406428,485,4,52,9307,301.57,1.65,6.61,25.0,8.8,62.3,13.4,0.6621,0.5559,0.3434,4.9187,0.3664,0.6112,0.5218,-0.0082,0.6777,0.5432,0.2249,5.2059,0.351,0.5742,0.5173,0.0202,0.6699,0.5496,0.2842,5.0623,0.3587,0.5927,0.5195,0.006,83.4,1557.5,0.7158,0.60975
2021-01-25,FARM0625,I,-7.915869,112.395451,255,1,52,10111,298.79,2.79,14.96,24.3,9.9,80.9,14.3,0.6049,0.513,0.284,4.0614,0.3252,0.5181,0.4701,-0.1036,0.6661,0.6541,0.3455,4.9891,0.3766,0.6179,0.5302,-0.0011,0.6355,0.5835,0.3148,4.5252,0.3509,0.568,0.5002,-0.0523,115.01,1965.87,0.6852,0.6094999999999999
2022-03-21,FARM0625,I,-7.915869,112.395451,255,2,52,9950,296.27,2.9,34.44,24.8,37.4,71.6,16.8,0.6838,0.5977,0.2243,5.3242,0.3479,0.5745,0.5173,0.0314,0.6192,0.5537,0.2048,4.2526,0.3109,0.5096,0.4654,-0.0808,0.6515,0.5757,0.2146,4.7884,0.3294,0.542,0.4913,-0.0247,113.39,1775.68,0.7854,0.6135999999999999
2023-04-15,FARM0625,I,-7.915869,112.395451,255,3,48,9041,275.66,2.16,8.79,25.5,2.4,73.9,14.8,0.6887,0.5272,0.2837,5.4255,0.3642,0.6174,0.531,0.0408,0.6228,0.5051,0.2575,4.3024,0.3015,0.476,0.4596,-0.075,0.6558,0.5161,0.2706,4.8639,0.3329,0.5467,0.4953,-0.0171,84.92,1884.45,0.7294,0.58595
2024-07-08,FARM0625,I,-7.915869,112.395451,255,4,56,9618,305.83,2.02,10.39,20.0,0.3,80.5,15.7,0.7051,0.6121,0.2908,5.781,0.4004,0.6267,0.5624,0.0724,0.6593,0.5456,0.2144,4.871,0.3409,0.5716,0.5028,-0.0131,0.6822,0.5788,0.2526,5.326,0.3707,0.5992,0.5326,0.0297,83.46,1610.0,0.7474000000000001,0.6305000000000001
2021-02-24,FARM0626,I,-7.895373,112.405209,359,1,56,9522,293.13,2.49,19.28,22.6,0.4,62.1,16.8,0.7226,0.6335,0.3733,6.21,0.4275,0.724,0.5874,0.1079,0.6216,0.559,0.3415,4.2854,0.3369,0.5278,0.485,-0.077,0.6721,0.5962,0.3574,5.2477,0.3822,0.6259,0.5362,0.0155,113.59,1403.46,0.6426000000000001,0.63415
2022-03-21,FARM0626,I,-7.895373,112.405209,359,2,48,8814,280.42,2.3,18.88,28.6,9.6,67.4,14.0,0.6052,0.6492,0.3591,4.0657,0.3655,0.5547,0.4966,-0.1031,0.6312,0.6018,0.2629,4.4226,0.3172,0.5218,0.4746,-0.0613,0.6182,0.6255,0.311,4.2441,0.3413,0.5382,0.4856,-0.0822,113.71,1927.64,0.6890000000000001,0.62185
2023-06-14,FARM0626,I,-7.895373,112.405209,359,3,56,8929,260.73,2.51,11.84,21.6,0.9,70.6,13.1,0.622,0.6593,0.3746,4.2914,0.3794,0.5795,0.5127,-0.0763,0.6596,0.6368,0.3049,4.875,0.3663,0.576,0.5206,-0.0127,0.6408,0.648,0.3397,4.5832,0.3728,0.5777,0.5167,-0.0445,85.93,1524.96,0.6603,0.6444000000000001
2024-07-08,FARM0626,I,-7.895373,112.405209,359,4,48,8330,259.6,2.25,8.04,20.8,1.3,69.9,16.4,0.6338,0.6075,0.3436,4.4608,0.3663,0.588,0.5097,-0.057,0.7078,0.6324,0.2712,5.8453,0.3483,0.568,0.5266,0.0779,0.6708,0.62,0.3074,5.1531,0.3573,0.578,0.5182,0.0105,85.67,1453.92,0.6926,0.6454
2020-12-26,FARM0627,I,-7.907492,112.381064,551,1,48,10014,280.46,2.25,14.8,20.0,7.1,77.0,13.3,0.6219,0.6462,0.3183,4.2901,0.3866,0.5832,0.517,-0.0764,0.648,0.5845,0.1685,4.6816,0.3015,0.5475,0.4685,-0.0329,0.635,0.6154,0.2434,4.4859,0.3441,0.5653,0.4928,-0.0547,106.87,1540.0,0.7565999999999999,0.6252
2022-03-21,FARM0627,I,-7.907492,112.381064,551,2,56,9120,280.87,2.66,16.22,25.7,13.8,73.6,13.7,0.6744,0.5903,0.2845,5.1427,0.4058,0.6353,0.5525,0.0141,0.6247,0.6324,0.2119,4.3295,0.3181,0.4764,0.4728,-0.0719,0.6496,0.6113,0.2482,4.7361,0.362,0.5559,0.5127,-0.0289,116.46,1891.52,0.7518,0.63045
2023-04-15,FARM0627,I,-7.907492,112.381064,551,3,48,9569,255.4,2.27,10.46,26.3,0.8,75.4,16.8,0.574,0.5283,0.2307,3.6948,0.3186,0.4873,0.453,-0.1501,0.6408,0.6381,0.3358,4.5672,0.3644,0.5706,0.5114,-0.0452,0.6074,0.5832,0.2833,4.131,0.3415,0.5289,0.4822,-0.0977,85.25,1983.02,0.7167,0.5953
2024-06-08,FARM0627,I,-7.907492,112.381064,551,4,52,8248,266.57,2.35,10.15,24.6,3.7,68.6,15.7,0.67,0.5472,0.2858,5.0605,0.3805,0.6007,0.5345,0.006,0.7115,0.6339,0.2207,5.9315,0.3475,0.5837,0.5274,0.0852,0.6907,0.5906,0.2532,5.496,0.364,0.5922,0.5309,0.0456,84.8,1687.56,0.7468,0.6406499999999999
2021-02-24,FARM0628,I,-7.896455,112.417754,337,1,56,9602,328.07,2.34,24.43,22.8,13.5,63.7,13.4,0.6801,0.6297,0.3226,5.2518,0.4014,0.6097,0.5523,0.0246,0.6279,0.5494,0.2592,4.3748,0.3088,0.514,0.4671,-0.0667,0.654,0.5896,0.2909,4.8133,0.3551,0.5619,0.5097,-0.0211,116.42,1452.36,0.7091000000000001,0.6218
2022-03-21,FARM0628,I,-7.896455,112.417754,337,2,48,9087,341.23,2.25,19.46,22.9,2.1,63.0,14.6,0.5541,0.5202,0.2034,3.4851,0.2966,0.446,0.4297,-0.1785,0.6295,0.5488,0.3228,4.3984,0.3259,0.5279,0.4803,-0.064,0.5918,0.5345,0.2631,3.9418,0.3112,0.487,0.455,-0.1213,112.9,1442.7,0.7369,0.56315
2023-04-15,FARM0628,I,-7.896455,112.417754,337,3,48,9273,294.29,1.89,7.35,27.4,0.1,72.4,16.8,0.6772,0.5349,0.2716,5.196,0.3487,0.6278,0.5154,0.0192,0.6692,0.6189,0.362,5.0463,0.3713,0.6072,0.528,0.0046,0.6732,0.5769,0.3168,5.1211,0.36,0.6175,0.5217,0.0119,83.59,1983.76,0.6832,0.62505
2024-05-09,FARM0628,I,-7.896455,112.417754,337,4,48,8185,283.26,2.18,15.0,25.8,0.5,72.8,13.6,0.598,0.6303,0.2458,3.9751,0.3319,0.5192,0.4719,-0.1142,0.6484,0.6316,0.2987,4.6877,0.3697,0.5779,0.5182,-0.0322,0.6232,0.631,0.2722,4.3314,0.3508,0.5486,0.495,-0.0732,86.06,1878.24,0.7278,0.6271
2020-12-26,FARM0629,I,-7.91705,112.401587,240,1,48,8869,317.97,2.12,11.52,20.9,32.0,81.1,16.7,0.6831,0.6155,0.242,5.3105,0.3551,0.5822,0.5223,0.0301,0.7294,0.5712,0.3013,6.3911,0.3882,0.6815,0.5641,0.1221,0.7062,0.5934,0.2716,5.8508,0.3717,0.6318,0.5432,0.0761,85.09,1694.99,0.7283999999999999,0.6498
2022-02-19,FARM0629,I,-7.91705,112.401587,240,2,52,9007,358.4,2.55,24.13,23.4,6.6,69.7,15.8,0.6104,0.5243,0.2866,4.133,0.3362,0.5077,0.4799,-0.0949,0.6695,0.6085,0.2503,5.0506,0.3322,0.5671,0.5002,0.005,0.6399,0.5664,0.2684,4.5918,0.3342,0.5374,0.4901,-0.0449,115.04,1630.98,0.7316,0.6031500000000001
2023-05-15,FARM0629,I,-7.91705,112.401587,240,3,56,9522,271.49,2.13,9.53,23.2,2.7,68.5,13.8,0.7169,0.6542,0.3395,6.065,0.423,0.7188,0.5821,0.0962,0.6635,0.665,0.2617,4.9429,0.3632,0.5843,0.5201,-0.0057,0.6902,0.6596,0.3006,5.5039,0.3931,0.6515,0.5511,0.0453,83.35,1589.2,0.6994,0.6749
2024-06-08,FARM0629,I,-7.91705,112.401587,240,4,48,8230,284.07,2.2,16.83,23.3,1.7,62.7,15.6,0.6471,0.5976,0.3054,4.6667,0.3421,0.532,0.4988,-0.0345,0.623,0.6154,0.2783,4.3046,0.3076,0.5296,0.4643,-0.0747,0.635,0.6065,0.2919,4.4857,0.3249,0.5308,0.4816,-0.0546,91.32,1460.91,0.7081,0.62075
2021-01-25,FARM0630,I,-7.913697,112.411805,327,1,52,9906,343.72,2.55,28.46,22.4,9.3,69.9,13.9,0.625,0.5487,0.2742,4.3333,0.3638,0.5476,0.5043,-0.0714,0.6355,0.6706,0.3743,4.4875,0.3601,0.5287,0.5064,-0.054,0.6303,0.6096,0.3243,4.4104,0.3619,0.5382,0.5054,-0.0627,116.45,1565.76,0.6757,0.61995
2022-03-21,FARM0630,I,-7.913697,112.411805,327,2,52,8573,292.72,2.15,8.61,24.9,36.7,62.4,16.3,0.6788,0.5743,0.2764,5.2266,0.4119,0.6202,0.5582,0.0222,0.6312,0.6608,0.2563,4.4232,0.3608,0.5627,0.505,-0.0612,0.655,0.6176,0.2664,4.8249,0.3863,0.5915,0.5316,-0.0195,86.08,1553.76,0.7336,0.6363000000000001
2023-05-15,FARM0630,I,-7.913697,112.411805,327,3,52,8540,327.12,2.02,13.48,23.2,1.4,63.9,13.1,0.5973,0.5949,0.2964,3.9662,0.3425,0.4947,0.4786,-0.1153,0.7265,0.6643,0.2746,6.3117,0.3806,0.6438,0.5576,0.116,0.6619,0.6296,0.2855,5.139,0.3616,0.5693,0.5181,0.0003,83.86,1482.48,0.7145,0.64575
2024-06-08,FARM0630,I,-7.913697,112.411805,327,4,48,8936,303.08,2.34,12.75,25.9,2.6,74.8,16.7,0.6232,0.6628,0.2849,4.3083,0.3791,0.5607,0.5131,-0.0743,0.5983,0.63,0.1925,3.9791,0.2981,0.4749,0.4479,-0.1137,0.6108,0.6464,0.2387,4.1437,0.3386,0.5178,0.4805,-0.094,85.88,1937.32,0.7613,0.6286
2021-01-25,FARM0631,I,-7.890422,112.401216,359,1,52,9579,324.62,2.71,22.54,22.3,28.5,66.5,13.7,0.593,0.5871,0.3286,3.9146,0.3438,0.5445,0.4776,-0.1218,0.6454,0.5347,0.2535,4.64,0.2989,0.5187,0.4655,-0.0373,0.6192,0.5609,0.2911,4.2773,0.3214,0.5316,0.4716,-0.0796,115.86,1482.95,0.7089,0.59005
2022-04-20,FARM0631,I,-7.890422,112.401216,359,2,56,8673,268.7,2.14,11.69,24.8,3.3,81.8,14.0,0.577,0.6175,0.2701,3.7276,0.3265,0.4606,0.4595,-0.1458,0.7075,0.6155,0.2294,5.8366,0.3537,0.601,0.5306,0.0772,0.6422,0.6165,0.2497,4.7821,0.3401,0.5308,0.495,-0.0343,85.71,2028.64,0.7503,0.6293500000000001
2023-07-14,FARM0631,I,-7.890422,112.401216,359,3,56,9614,277.51,2.14,8.84,22.4,0.0,74.6,16.5,0.5658,0.5204,0.1951,3.6057,0.3041,0.4478,0.4396,-0.162,0.7216,0.5777,0.2657,6.1836,0.3859,0.6497,0.5594,0.1058,0.6437,0.549,0.2304,4.8946,0.345,0.5487,0.4995,-0.0281,85.34,1671.04,0.7696000000000001,0.59635
2024-08-07,FARM0631,I,-7.890422,112.401216,359,4,48,8565,302.32,2.4,21.38,20.0,1.2,81.2,13.3,0.6835,0.5528,0.2922,5.3194,0.3734,0.5847,0.5353,0.031,0.7012,0.5994,0.3127,5.6926,0.3458,0.6266,0.5223,0.0648,0.6923,0.5761,0.3025,5.506,0.3596,0.6057,0.5288,0.0479,117.22,1624.0,0.6975,0.6342
2021-01-25,FARM0632,I,-7.917662,112.391564,661,1,52,9622,328.06,2.5,17.29,23.9,2.7,78.4,14.0,0.6902,0.5811,0.3191,5.4562,0.3792,0.6357,0.542,0.0436,0.7074,0.637,0.2242,5.8352,0.3404,0.6087,0.5204,0.0771,0.6988,0.6091,0.2717,5.6457,0.3598,0.6222,0.5312,0.0604,117.03,1873.76,0.7283,0.65395
2022-04-20,FARM0632,I,-7.917662,112.391564,661,2,56,8341,302.74,2.63,18.86,24.5,0.0,77.5,15.5,0.6554,0.6092,0.3676,4.8033,0.3862,0.5772,0.5318,-0.0201,0.6062,0.6444,0.2145,4.0783,0.3224,0.5258,0.4687,-0.1015,0.6308,0.6268,0.291,4.4408,0.3543,0.5515,0.5002,-0.0608,115.65,1898.75,0.7090000000000001,0.6288
2023-05-15,FARM0632,I,-7.917662,112.391564,661,3,48,9515,289.08,2.43,23.11,24.3,1.4,70.6,13.3,0.6118,0.6405,0.3151,4.1515,0.3755,0.5539,0.5057,-0.0927,0.6542,0.593,0.2936,4.7843,0.3715,0.6013,0.5218,-0.022,0.633,0.6168,0.3044,4.4679,0.3735,0.5776,0.5138,-0.0574,116.87,1715.58,0.6956,0.6249
2024-07-08,FARM0632,I,-7.917662,112.391564,661,4,52,8741,283.71,2.07,8.2,20.0,3.6,65.4,14.6,0.6595,0.5412,0.2481,4.8733,0.3589,0.615,0.5155,-0.0128,0.6768,0.6024,0.2461,5.1883,0.3249,0.5485,0.4973,0.0185,0.6681,0.5718,0.2471,5.0308,0.3419,0.5817,0.5064,0.0028,84.15,1308.0,0.7529,0.61995
2020-12-26,FARM0633,I,-7.90169,112.387375,586,1,48,9865,301.44,2.54,21.67,20.0,27.5,76.1,14.7,0.5749,0.5593,0.3101,3.7053,0.3083,0.4967,0.4463,-0.1487,0.6222,0.5762,0.2903,4.2933,0.3125,0.4851,0.4677,-0.076,0.5986,0.5677,0.3002,3.9993,0.3104,0.4909,0.457,-0.1124,113.55,1522.0,0.6998,0.5831500000000001
2022-01-20,FARM0633,I,-7.90169,112.387375,586,2,48,9407,305.17,2.24,13.05,25.6,9.5,63.4,14.8,0.6256,0.5648,0.3636,4.3416,0.3832,0.5951,0.5166,-0.0705,0.6015,0.5261,0.2636,4.0186,0.2857,0.4413,0.4395,-0.1088,0.6135,0.5455,0.3136,4.1801,0.3344,0.5182,0.4781,-0.0897,91.1,1623.04,0.6864,0.5795
2023-03-16,FARM0633,I,-7.90169,112.387375,586,3,52,9258,258.74,2.69,22.77,28.2,4.1,72.5,15.1,0.6746,0.5814,0.2539,5.1468,0.3826,0.5898,0.5378,0.0145,0.5839,0.5403,0.2574,3.8067,0.2908,0.4435,0.4371,-0.1355,0.6293,0.5608,0.2557,4.4768,0.3367,0.5166,0.4874,-0.0605,116.86,2044.5,0.7443,0.59505
2024-06-08,FARM0633,I,-7.90169,112.387375,586,4,56,9456,260.31,2.35,17.34,23.0,3.1,68.9,13.7,0.6351,0.6283,0.3434,4.4812,0.3682,0.5358,0.5115,-0.0547,0.7017,0.5251,0.2179,5.7039,0.3361,0.5661,0.515,0.0658,0.6684,0.5767,0.2806,5.0926,0.3521,0.5509,0.5132,0.0055,108.88,1584.7,0.7194,0.6225499999999999
2021-02-24,FARM0634,I,-7.899921,112.401478,716,1,56,9801,310.01,3.06,17.52,23.5,6.5,71.8,14.8,0.6299,0.6059,0.3151,4.4039,0.3648,0.548,0.5071,-0.0634,0.6473,0.5959,0.1963,4.6705,0.3042,0.5007,0.4704,-0.0341,0.6386,0.6009,0.2557,4.5372,0.3345,0.5243,0.4887,-0.0487,117.05,1687.3,0.7443,0.61975
2022-03-21,FARM0634,I,-7.899921,112.401478,716,2,48,9564,311.0,2.35,16.38,28.7,4.6,81.1,16.2,0.5983,0.5656,0.2326,3.9792,0.3093,0.4677,0.4562,-0.1137,0.6911,0.5492,0.3271,5.4749,0.3584,0.6047,0.5278,0.0453,0.6447,0.5574,0.2798,4.7271,0.3338,0.5362,0.492,-0.0342,116.02,2327.57,0.7202,0.6010500000000001
2023-06-14,FARM0634,I,-7.899921,112.401478,716,3,56,9869,285.81,2.57,17.94,20.2,0.0,63.8,13.6,0.6855,0.5828,0.2546,5.3588,0.387,0.6203,0.5453,0.0346,0.63,0.5949,0.2464,4.405,0.33,0.5489,0.4835,-0.0633,0.6577,0.5889,0.2505,4.8819,0.3585,0.5846,0.5144,-0.0143,117.25,1288.76,0.7495,0.6233
2024-09-06,FARM0634,I,-7.899921,112.401478,716,4,56,9390,304.09,2.4,16.68,20.0,0.2,79.7,13.7,0.6024,0.5471,0.2443,4.0296,0.3129,0.5102,0.4604,-0.1075,0.6953,0.622,0.2291,5.5648,0.3234,0.6185,0.5026,0.0535,0.6488,0.5846,0.2367,4.7972,0.3181,0.5644,0.4815,-0.027,103.81,1594.0,0.7633,0.6167
2021-01-25,FARM0635,I,-7.903567,112.406088,408,1,52,8838,351.36,2.52,17.98,25.2,34.3,63.4,13.3,0.6457,0.5737,0.2556,4.6447,0.3651,0.5983,0.514,-0.0368,0.6934,0.5175,0.1738,5.5222,0.3234,0.57,0.5019,0.0496,0.6695,0.5456,0.2147,5.0834,0.3442,0.5842,0.508,0.0064,115.57,1597.68,0.7853,0.60755
2022-03-21,FARM0635,I,-7.903567,112.406088,408,2,52,9551,296.99,2.12,17.21,23.8,4.3,66.7,14.9,0.6256,0.6412,0.294,4.3416,0.3772,0.5651,0.513,-0.0705,0.596,0.6017,0.2513,3.951,0.3134,0.4759,0.4583,-0.1172,0.6108,0.6215,0.2727,4.1463,0.3453,0.5205,0.4856,-0.0938,114.67,1587.46,0.7273000000000001,0.61615
2023-06-14,FARM0635,I,-7.903567,112.406088,408,3,56,9081,295.24,2.08,11.9,22.8,2.1,66.8,13.2,0.709,0.5806,0.2729,5.8721,0.4029,0.6798,0.5657,0.0802,0.6276,0.5552,0.2096,4.3702,0.3089,0.4727,0.467,-0.0672,0.6683,0.5679,0.2413,5.1211,0.3559,0.5762,0.5164,0.0065,84.62,1523.04,0.7587,0.6181
2024-07-08,FARM0635,I,-7.903567,112.406088,408,4,48,8073,305.76,1.73,9.85,22.9,0.8,65.9,13.5,0.61,0.5822,0.2863,4.1284,0.3468,0.4974,0.4868,-0.0955,0.6172,0.575,0.2402,4.2251,0.3139,0.5309,0.4668,-0.084,0.6136,0.5786,0.2633,4.1767,0.3303,0.5141,0.4768,-0.0897,85.45,1509.11,0.7367,0.5961000000000001
2021-01-25,FARM0636,I,-7.899191,112.39244,564,1,52,9407,314.66,2.81,27.34,21.2,0.8,75.4,14.1,0.625,0.5501,0.2481,4.3327,0.3307,0.5472,0.482,-0.0715,0.6422,0.656,0.3146,4.5896,0.3748,0.5731,0.5188,-0.0428,0.6336,0.6031,0.2813,4.4612,0.3527,0.5601,0.5004,-0.0571,115.33,1598.48,0.7187,0.61835
2022-03-21,FARM0636,I,-7.899191,112.39244,564,2,52,9663,336.85,2.75,25.63,24.2,43.7,72.9,14.3,0.6349,0.6141,0.2653,4.4787,0.3701,0.6102,0.5126,-0.055,0.6267,0.5601,0.2148,4.3571,0.3236,0.4876,0.4776,-0.0687,0.6308,0.5871,0.2401,4.4179,0.3468,0.5489,0.4951,-0.0619,116.5,1764.18,0.7599,0.60895
2023-05-15,FARM0636,I,-7.899191,112.39244,564,3,52,8518,261.48,2.05,14.69,23.1,0.0,67.8,14.8,0.6319,0.5259,0.2373,4.4326,0.3191,0.5168,0.4762,-0.0602,0.7365,0.5885,0.3082,6.5896,0.3976,0.6587,0.5736,0.1372,0.6842,0.5572,0.2728,5.5111,0.3583,0.5878,0.5249,0.0385,85.78,1566.18,0.7272000000000001,0.6207
2024-07-08,FARM0636,I,-7.899191,112.39244,564,4,52,8754,261.47,2.17,11.08,22.4,6.0,65.0,15.5,0.6065,0.5503,0.283,4.0831,0.3536,0.5489,0.4897,-0.1009,0.6629,0.556,0.2843,4.9334,0.3189,0.5126,0.4876,-0.0067,0.6347,0.5531,0.2836,4.5082,0.3362,0.5308,0.4886,-0.0538,86.4,1456.0,0.7163999999999999,0.5939000000000001
2020-12-26,FARM0637,I,-7.881748,112.380209,609,1,48,9228,313.5,2.37,15.6,21.6,24.0,80.0,16.6,0.6133,0.5933,0.3163,4.1718,0.3511,0.5328,0.4911,-0.0903,0.7021,0.5719,0.2935,5.7126,0.337,0.5739,0.5158,0.0665,0.6577,0.5826,0.3049,4.9422,0.3441,0.5533,0.5034,-0.0119,113.61,1728.0,0.6951,0.62015
2022-01-20,FARM0637,I,-7.881748,112.380209,609,2,48,8176,305.27,2.43,16.84,21.8,18.1,68.6,16.0,0.7083,0.654,0.2932,5.8559,0.4186,0.6446,0.5755,0.0788,0.6618,0.5738,0.2354,4.9142,0.3558,0.5926,0.5143,-0.0087,0.6851,0.6139,0.2643,5.385,0.3872,0.6186,0.5449,0.0351,97.78,1495.48,0.7357,0.6495
2023-02-14,FARM0637,I,-7.881748,112.380209,609,3,48,8167,293.61,2.17,11.22,25.1,9.1,77.6,15.8,0.6573,0.5313,0.2939,4.836,0.3613,0.5893,0.5163,-0.0167,0.7225,0.6621,0.3036,6.2069,0.4021,0.7064,0.5709,0.1077,0.6899,0.5967,0.2988,5.5215,0.3817,0.6479,0.5436,0.0455,84.51,1947.76,0.7012,0.6433
2024-05-09,FARM0637,I,-7.881748,112.380209,609,4,56,9005,281.7,2.18,16.24,23.8,2.0,78.0,14.9,0.5689,0.5193,0.1855,3.6391,0.2985,0.4375,0.437,-0.1575,0.7037,0.6665,0.2639,5.7493,0.3847,0.6161,0.5513,0.0697,0.6363,0.5929,0.2247,4.6942,0.3416,0.5268,0.4941,-0.0439,99.94,1856.4,0.7753,0.6146
2020-12-26,FARM0638,I,-7.908737,112.389271,767,1,48,9392,329.08,2.83,31.48,23.1,15.7,62.7,15.4,0.6251,0.6479,0.3444,4.3342,0.3728,0.5695,0.51,-0.0713,0.6472,0.6471,0.2306,4.6689,0.3341,0.5207,0.4931,-0.0342,0.6361,0.6475,0.2875,4.5016,0.3534,0.5451,0.5016,-0.0528,114.73,1448.37,0.7125,0.6417999999999999
2022-02-19,FARM0638,I,-7.908737,112.389271,767,2,52,8933,308.55,2.49,16.97,26.1,6.2,62.2,13.4,0.6381,0.5228,0.2167,4.5268,0.342,0.561,0.4952,-0.0497,0.6589,0.5277,0.2342,4.8632,0.3218,0.5383,0.4883,-0.0139,0.6485,0.5253,0.2255,4.695,0.3319,0.5497,0.4918,-0.0318,115.34,1623.42,0.7745,0.5869
2023-05-15,FARM0638,I,-7.908737,112.389271,767,3,56,8353,314.04,2.08,10.57,27.5,0.6,80.4,15.6,0.6007,0.5276,0.3393,4.0093,0.3355,0.5357,0.4754,-0.11,0.6709,0.5089,0.1986,5.0772,0.306,0.5614,0.4801,0.0077,0.6358,0.5182,0.2689,4.5433,0.3207,0.5486,0.4777,-0.0512,84.48,2211.0,0.7311000000000001,0.577
2024-07-08,FARM0638,I,-7.908737,112.389271,767,4,52,8592,282.48,2.65,15.45,20.0,3.2,67.3,15.8,0.7112,0.6528,0.365,5.9258,0.4185,0.7337,0.5768,0.0847,0.5697,0.5809,0.2569,3.648,0.2773,0.4219,0.4216,-0.1563,0.6405,0.6168,0.3109,4.7869,0.3479,0.5778,0.4992,-0.0358,88.46,1346.0,0.6891,0.6286499999999999
2021-02-24,FARM0639,I,-7.889023,112.403872,378,1,56,9433,300.75,2.61,13.26,24.1,12.5,70.0,14.0,0.6246,0.6379,0.3359,4.327,0.3629,0.5353,0.5035,-0.0722,0.5809,0.6161,0.2549,3.7718,0.294,0.4771,0.4383,-0.14,0.6027,0.627,0.2954,4.0494,0.3285,0.5062,0.4709,-0.1061,99.2,1687.0,0.7046,0.61485
2022-04-20,FARM0639,I,-7.889023,112.403872,378,2,52,8875,296.19,2.88,17.39,27.1,3.6,68.3,13.9,0.6265,0.5261,0.2493,4.3551,0.3333,0.5191,0.4844,-0.0689,0.6732,0.6241,0.293,5.1201,0.3709,0.5713,0.5294,0.0119,0.6499,0.5751,0.2711,4.7376,0.3521,0.5452,0.5069,-0.0285,116.46,1850.93,0.7289,0.6125
2023-06-14,FARM0639,I,-7.889023,112.403872,378,3,52,9366,311.55,1.88,7.46,20.0,0.5,72.2,16.4,0.6471,0.5495,0.1826,4.6665,0.329,0.545,0.4894,-0.0345,0.5995,0.5383,0.2923,3.9943,0.3188,0.4672,0.4635,-0.1118,0.6233,0.5439,0.2374,4.3304,0.3239,0.5061,0.4764,-0.0732,83.51,1444.0,0.7626,0.5836
2024-09-06,FARM0639,I,-7.889023,112.403872,378,4,56,9289,262.5,2.22,14.76,20.0,1.4,63.5,15.7,0.6395,0.6155,0.3017,4.5483,0.3605,0.5978,0.5084,-0.0473,0.6967,0.568,0.2372,5.5931,0.3656,0.5877,0.5351,0.056,0.6681,0.5918,0.2695,5.0707,0.3631,0.5927,0.5218,0.0043,84.85,1270.0,0.7304999999999999,0.62995
2020-12-26,FARM0640,I,-7.914194,112.404448,729,1,48,9570,322.39,2.29,11.9,20.7,3.5,78.8,14.0,0.69,0.6515,0.2674,5.4518,0.3936,0.6236,0.5516,0.0432,0.645,0.6225,0.169,4.6339,0.3044,0.5252,0.4698,-0.038,0.6675,0.637,0.2182,5.0428,0.349,0.5744,0.5107,0.0026,88.12,1631.16,0.7818,0.65225
2022-02-19,FARM0640,I,-7.914194,112.404448,729,2,52,10255,306.06,2.25,16.89,24.4,9.2,80.3,14.0,0.7174,0.651,0.2906,6.0777,0.4086,0.7385,0.5731,0.0973,0.6835,0.6398,0.2754,5.3181,0.36,0.5776,0.5259,0.0308,0.7004,0.6454,0.283,5.6979,0.3843,0.6581,0.5495,0.0641,115.62,1959.32,0.7170000000000001,0.6729
2023-05-15,FARM0640,I,-7.914194,112.404448,729,3,56,8798,289.03,2.82,24.9,25.2,3.2,74.8,13.7,0.6347,0.5762,0.2735,4.4752,0.3493,0.5453,0.4988,-0.0554,0.669,0.6109,0.2595,5.0417,0.3586,0.5979,0.5192,0.0042,0.6518,0.5935,0.2665,4.7584,0.3539,0.5716,0.509,-0.0256,112.87,1884.96,0.7335,0.62265
2024-06-08,FARM0640,I,-7.914194,112.404448,729,4,48,9300,247.64,2.41,15.68,22.5,1.7,78.2,16.4,0.5865,0.56,0.2734,3.8373,0.3052,0.4854,0.4487,-0.1316,0.5752,0.5888,0.2817,3.7076,0.28,0.4649,0.4256,-0.1484,0.5809,0.5744,0.2776,3.7725,0.2926,0.4751,0.4371,-0.14,93.6,1759.5,0.7223999999999999,0.57765
2021-01-25,FARM0641,I,-7.890306,112.39027,290,1,52,9636,324.2,2.71,22.24,23.1,1.2,80.5,13.3,0.6295,0.5645,0.3127,4.3982,0.3331,0.5103,0.4855,-0.064,0.6915,0.505,0.1821,5.4829,0.3209,0.5463,0.4993,0.0461,0.6605,0.5347,0.2474,4.9406,0.327,0.5283,0.4924,-0.009,115.73,1859.55,0.7525999999999999,0.5975999999999999
2022-03-21,FARM0641,I,-7.890306,112.39027,290,2,52,9214,328.86,2.44,13.5,25.2,2.0,74.4,14.6,0.6798,0.6127,0.2261,5.2462,0.3495,0.6136,0.5169,0.024,0.6699,0.6055,0.3468,5.0588,0.3792,0.5647,0.5335,0.0058,0.6749,0.6091,0.2865,5.1525,0.3643,0.5892,0.5252,0.0149,104.21,1874.88,0.7135,0.642
2023-06-14,FARM0641,I,-7.890306,112.39027,290,3,56,9135,298.71,1.91,10.22,20.1,1.2,67.4,16.9,0.603,0.5917,0.2794,4.0378,0.3111,0.4919,0.4593,-0.1065,0.7411,0.6223,0.2898,6.7258,0.4082,0.694,0.5827,0.1472,0.6721,0.607,0.2846,5.3818,0.3596,0.593,0.521,0.0204,85.33,1354.74,0.7154,0.6395500000000001
2024-08-07,FARM0641,I,-7.890306,112.39027,290,4,52,8920,285.21,1.84,7.73,20.0,2.3,64.3,15.2,0.7007,0.5894,0.3048,5.6815,0.3805,0.6502,0.5472,0.0638,0.7179,0.5588,0.3465,6.0894,0.3655,0.6297,0.5433,0.0982,0.7093,0.5741,0.3257,5.8855,0.373,0.64,0.5453,0.081,86.64,1286.0,0.6743,0.6417
2021-02-24,FARM0642,I,-7.90473,112.419469,464,1,56,8611,323.69,2.74,29.41,23.8,34.0,64.5,15.4,0.6787,0.6115,0.252,5.2241,0.3779,0.6038,0.5364,0.0219,0.6648,0.5679,0.2719,4.967,0.3346,0.5527,0.5003,-0.0033,0.6717,0.5897,0.262,5.0956,0.3563,0.5783,0.5183,0.0093,113.72,1535.1,0.738,0.6307
2022-05-20,FARM0642,I,-7.90473,112.419469,464,2,56,9734,296.08,2.36,13.74,22.2,1.9,80.2,15.9,0.6828,0.5458,0.3181,5.3058,0.3804,0.6682,0.5398,0.0297,0.7087,0.5771,0.2223,5.8653,0.3565,0.5723,0.5331,0.0796,0.6958,0.5614,0.2702,5.5855,0.3684,0.6203,0.5365,0.0547,105.22,1780.44,0.7298,0.6286
2023-08-13,FARM0642,I,-7.90473,112.419469,464,3,56,8207,304.38,2.4,15.98,20.0,0.5,74.6,14.6,0.5918,0.5825,0.2167,3.9,0.3229,0.4683,0.4632,-0.1236,0.5999,0.5725,0.2646,3.9989,0.3086,0.504,0.4563,-0.1113,0.5959,0.5775,0.2407,3.9494,0.3157,0.4861,0.4598,-0.1174,84.55,1492.0,0.7593,0.5867
2024-09-06,FARM0642,I,-7.90473,112.419469,464,4,48,8687,263.07,2.36,17.45,20.0,1.0,68.6,14.2,0.6345,0.6544,0.2949,4.472,0.3782,0.5416,0.5176,-0.0557,0.6938,0.5855,0.2672,5.5319,0.3338,0.6173,0.5104,0.0505,0.6642,0.6199,0.281,5.002,0.356,0.5794,0.514,-0.0026,96.02,1372.0,0.719,0.64205
2020-12-26,FARM0643,I,-7.883977,112.386773,620,1,48,9344,344.5,2.29,21.56,20.0,4.4,77.0,15.4,0.649,0.5957,0.2904,4.6984,0.3746,0.5718,0.5217,-0.0311,0.657,0.5586,0.238,4.8301,0.3226,0.549,0.4883,-0.0173,0.653,0.5772,0.2642,4.7642,0.3486,0.5604,0.505,-0.0242,115.43,1540.0,0.7358,0.6151
2022-01-20,FARM0643,I,-7.883977,112.386773,620,2,48,8997,322.87,2.54,24.01,21.2,14.0,78.3,15.8,0.6754,0.5692,0.2898,5.1612,0.4088,0.6035,0.5548,0.0159,0.6158,0.5565,0.1941,4.2053,0.2926,0.5083,0.45,-0.0863,0.6456,0.5628,0.2419,4.6832,0.3507,0.5559,0.5024,-0.0352,114.73,1659.96,0.7581,0.6042
2023-03-16,FARM0643,I,-7.883977,112.386773,620,3,52,9260,320.3,2.28,18.1,24.2,1.6,74.6,13.0,0.7138,0.5585,0.3253,5.9878,0.4075,0.723,0.5708,0.0899,0.5799,0.546,0.2584,3.7612,0.2894,0.4495,0.4346,-0.1414,0.6469,0.5523,0.2919,4.8745,0.3485,0.5863,0.5027,-0.0257,114.84,1805.32,0.7081,0.5996
2024-05-09,FARM0643,I,-7.883977,112.386773,620,4,52,7590,327.23,2.27,12.38,23.3,3.0,65.4,16.2,0.6241,0.6297,0.2853,4.32,0.3852,0.5551,0.5171,-0.073,0.6629,0.5554,0.3285,4.9328,0.3581,0.5669,0.5164,-0.0068,0.6435,0.5925,0.3069,4.6264,0.3717,0.561,0.5168,-0.0399,85.61,1523.82,0.6931,0.618
2020-12-26,FARM0644,I,-7.899511,112.388157,512,1,48,9109,313.42,3.1,22.59,22.1,9.6,62.2,15.0,0.6547,0.6105,0.3121,4.7928,0.3888,0.5934,0.5332,-0.0212,0.5832,0.5143,0.1635,3.7985,0.2854,0.4556,0.4327,-0.1366,0.619,0.5624,0.2378,4.2956,0.3371,0.5245,0.4829,-0.0789,114.83,1374.62,0.7622,0.5907
2022-03-21,FARM0644,I,-7.899511,112.388157,512,2,56,8975,323.86,2.38,22.42,26.2,7.3,68.4,15.8,0.6335,0.5311,0.261,4.4568,0.3402,0.5205,0.492,-0.0574,0.6686,0.5801,0.2736,5.0342,0.3435,0.5249,0.5082,0.0034,0.651,0.5556,0.2673,4.7455,0.3418,0.5227,0.5001,-0.027,114.93,1792.08,0.7327,0.6033
2023-05-15,FARM0644,I,-7.899511,112.388157,512,3,52,8852,295.19,2.75,23.92,26.7,0.8,75.9,13.4,0.5915,0.5221,0.3022,3.8963,0.3213,0.4672,0.462,-0.1241,0.6308,0.6132,0.2568,4.4177,0.3102,0.5439,0.4692,-0.0618,0.6112,0.5676,0.2795,4.157,0.3158,0.5056,0.4656,-0.0929,115.28,2026.53,0.7204999999999999,0.5893999999999999
2024-06-08,FARM0644,I,-7.899511,112.388157,512,4,48,8183,309.32,2.35,16.91,22.5,1.7,69.8,13.5,0.6333,0.6381,0.2954,4.4538,0.387,0.5706,0.5225,-0.0578,0.7231,0.6103,0.3853,6.2237,0.4007,0.6891,0.5702,0.109,0.6782,0.6242,0.3403,5.3387,0.3938,0.6298,0.5463,0.0256,97.06,1570.5,0.6597,0.6512
2021-02-24,FARM0645,I,-7.888404,112.416939,387,1,56,9485,361.03,2.97,42.1,23.5,0.5,63.4,13.9,0.7102,0.5888,0.2815,5.9006,0.4169,0.7226,0.5753,0.0826,0.6488,0.6076,0.3044,4.6952,0.3319,0.5098,0.4921,-0.0314,0.6795,0.5982,0.293,5.2979,0.3744,0.6162,0.5337,0.0256,113.48,1489.9,0.7070000000000001,0.6388499999999999
2022-03-21,FARM0645,I,-7.888404,112.416939,387,2,48,9658,343.04,2.76,17.57,24.8,1.2,65.5,16.8,0.6522,0.5659,0.3473,4.7497,0.3711,0.6161,0.5207,-0.0257,0.6177,0.6003,0.2526,4.2321,0.3468,0.5224,0.4901,-0.0832,0.635,0.5831,0.3,4.4909,0.3589,0.5692,0.5054,-0.0544,115.83,1624.4,0.7,0.60905
2023-06-14,FARM0645,I,-7.888404,112.416939,387,3,56,8631,296.95,2.47,24.68,20.7,0.5,62.8,16.7,0.7108,0.5899,0.2813,5.9161,0.4038,0.6402,0.5671,0.0839,0.7076,0.5472,0.2289,5.8401,0.3488,0.6122,0.527,0.0775,0.7092,0.5686,0.2551,5.8781,0.3763,0.6262,0.547,0.0807,115.91,1299.96,0.7449,0.6389
2024-08-07,FARM0645,I,-7.888404,112.416939,387,4,52,9206,281.4,2.59,22.3,20.0,3.2,75.8,14.8,0.6624,0.6003,0.2887,4.9244,0.3337,0.5677,0.4987,-0.0076,0.6295,0.579,0.2986,4.3981,0.3601,0.5407,0.5039,-0.064,0.646,0.5897,0.2936,4.6612,0.3469,0.5542,0.5013,-0.0358,116.8,1516.0,0.7063999999999999,0.61785
2021-02-24,FARM0646,I,-7.903748,112.382494,209,1,56,10381,311.86,2.48,17.61,23.0,6.5,68.1,14.6,0.6455,0.6291,0.3389,4.6418,0.3641,0.5478,0.5133,-0.0371,0.7353,0.651,0.3676,6.5557,0.3933,0.7158,0.5701,0.1346,0.6904,0.6401,0.3533,5.5988,0.3787,0.6318,0.5417,0.0487,113.4,1566.3,0.6467,0.66525
2022-03-21,FARM0646,I,-7.903748,112.382494,209,2,48,8987,291.73,2.62,24.92,28.8,13.5,73.7,15.8,0.6428,0.5664,0.2392,4.5992,0.349,0.5525,0.502,-0.0418,0.5981,0.6166,0.2132,3.9766,0.3032,0.4546,0.4517,-0.114,0.6205,0.5915,0.2262,4.2879,0.3261,0.5036,0.4768,-0.0779,113.91,2122.56,0.7738,0.6060000000000001
2023-05-15,FARM0646,I,-7.903748,112.382494,209,3,52,9681,331.52,2.43,24.84,23.4,1.8,65.8,14.7,0.6369,0.5777,0.3695,4.5078,0.3722,0.5787,0.5148,-0.0518,0.6083,0.4968,0.1905,4.1055,0.2895,0.4528,0.4449,-0.0982,0.6226,0.5373,0.28,4.3067,0.3308,0.5157,0.4799,-0.075,112.85,1539.72,0.72,0.57995
2024-06-08,FARM0646,I,-7.903748,112.382494,209,4,48,10004,250.98,1.98,8.76,24.4,1.5,72.8,14.4,0.6674,0.5735,0.195,5.0129,0.3356,0.6063,0.502,0.0013,0.638,0.6728,0.251,4.5255,0.3593,0.5193,0.507,-0.0498,0.6527,0.6231,0.223,4.7692,0.3475,0.5628,0.5045,-0.0243,86.26,1776.32,0.777,0.6378999999999999
2021-01-25,FARM0647,I,-7.914931,112.405447,553,1,52,8719,294.79,2.97,20.67,23.3,6.3,72.0,16.5,0.5745,0.559,0.2863,3.6998,0.3056,0.4636,0.4442,-0.1495,0.6625,0.5896,0.3204,4.926,0.3678,0.5564,0.5229,-0.0075,0.6185,0.5743,0.3034,4.3129,0.3367,0.51,0.4835,-0.0785,115.89,1677.6,0.6966,0.5964
2022-04-20,FARM0647,I,-7.914931,112.405447,553,2,56,9351,281.15,2.28,17.79,25.7,0.4,69.6,16.1,0.6592,0.6048,0.3774,4.8688,0.4023,0.6518,0.5435,-0.0133,0.6505,0.6359,0.3379,4.7227,0.3478,0.5691,0.5042,-0.0285,0.6549,0.6204,0.3576,4.7958,0.375,0.6105,0.5239,-0.0209,112.99,1788.72,0.6424000000000001,0.63765
2023-05-15,FARM0647,I,-7.914931,112.405447,553,3,48,9027,265.48,2.11,13.46,26.3,3.3,79.3,14.0,0.5948,0.6302,0.2609,3.936,0.3377,0.4809,0.4744,-0.1191,0.6446,0.5886,0.3039,4.6277,0.3692,0.5427,0.5162,-0.0387,0.6197,0.6094,0.2824,4.2819,0.3534,0.5118,0.4953,-0.0789,94.12,2085.59,0.7176,0.61455
2024-06-08,FARM0647,I,-7.914931,112.405447,553,4,48,9033,286.8,2.46,22.76,22.6,2.3,78.1,16.4,0.6178,0.6234,0.3112,4.2333,0.3326,0.555,0.4805,-0.083,0.6882,0.657,0.3518,5.415,0.3809,0.6324,0.5424,0.0399,0.653,0.6402,0.3315,4.8242,0.3567,0.5937,0.5114,-0.0216,114.51,1765.06,0.6685,0.6466000000000001
2021-01-25,FARM0648,I,-7.897325,112.394401,485,1,52,9433,300.02,2.31,18.34,21.0,7.9,77.8,15.7,0.6352,0.6463,0.2572,4.4831,0.3791,0.5438,0.5185,-0.0545,0.6235,0.5701,0.2726,4.3127,0.3289,0.4798,0.4802,-0.0738,0.6294,0.6082,0.2649,4.3979,0.354,0.5118,0.4993,-0.0642,117.13,1633.8,0.7351,0.6188
2022-03-21,FARM0648,I,-7.897325,112.394401,485,2,52,9110,287.19,1.91,7.5,24.8,25.4,63.8,16.1,0.6766,0.5595,0.3605,5.1852,0.3894,0.6412,0.5431,0.0182,0.6462,0.5135,0.2505,4.6534,0.3144,0.5047,0.478,-0.0359,0.6614,0.5365,0.3055,4.9193,0.3519,0.573,0.5106,-0.0089,85.21,1582.24,0.6945,0.59895
2023-06-14,FARM0648,I,-7.897325,112.394401,485,3,56,9510,314.87,1.83,13.19,23.5,3.8,63.0,15.1,0.6329,0.5533,0.2666,4.4482,0.369,0.5589,0.5111,-0.0584,0.7006,0.6398,0.3268,5.679,0.3778,0.6601,0.5453,0.0636,0.6667,0.5966,0.2967,5.0636,0.3734,0.6095,0.5282,0.0026,87.28,1480.5,0.7033,0.63165
2024-07-08,FARM0648,I,-7.897325,112.394401,485,4,48,8501,284.6,2.39,17.55,20.0,5.9,64.2,16.3,0.5869,0.5773,0.2503,3.8418,0.3348,0.5166,0.4692,-0.131,0.7241,0.5931,0.2515,6.2494,0.3778,0.6843,0.5547,0.1111,0.6555,0.5852,0.2509,5.0456,0.3563,0.6004,0.5119,-0.01,89.43,1284.0,0.7491,0.62035
2021-01-25,FARM0649,J,-7.952224,112.448184,201,1,52,9395,312.3,2.37,22.87,34.4,6.8,55.0,16.8,0.6726,0.5748,0.1777,5.1079,0.3455,0.5605,0.5113,0.0107,0.6295,0.5971,0.1354,4.3978,0.2841,0.5081,0.4479,-0.0641,0.651,0.5859,0.1565,4.7528,0.3148,0.5343,0.4796,-0.0267,113.29,1892.0,0.8435,0.6184499999999999
2022-04-20,FARM0649,J,-7.952224,112.448184,201,2,56,8030,258.81,2.1,15.36,35.0,0.4,66.8,14.1,0.6773,0.557,0.2145,5.1981,0.3746,0.6442,0.5336,0.0194,0.6739,0.4969,0.1336,5.1339,0.295,0.5232,0.4719,0.0132,0.6756,0.5269,0.174,5.166,0.3348,0.5837,0.5027,0.0163,86.61,2338.0,0.8260000000000001,0.6012500000000001
2023-07-14,FARM0649,J,-7.952224,112.448184,201,3,56,9082,276.42,1.7,6.2,28.9,1.4,55.6,16.5,0.6923,0.5929,0.2063,5.5003,0.3731,0.634,0.5387,0.0476,0.5856,0.5425,0.132,3.8258,0.2697,0.4603,0.4211,-0.133,0.6389,0.5677,0.1691,4.6631,0.3214,0.5471,0.4799,-0.0427,83.35,1606.84,0.8309,0.6033
2024-10-06,FARM0649,J,-7.952224,112.448184,201,4,56,8140,270.35,1.86,9.42,27.5,0.6,62.3,16.8,0.5692,0.5051,0.138,3.6428,0.2873,0.4406,0.4289,-0.157,0.6643,0.5699,0.1822,4.9582,0.3232,0.5526,0.4914,-0.0042,0.6168,0.5375,0.1601,4.3005,0.3052,0.4966,0.4602,-0.0806,83.72,1713.25,0.8399,0.57715
2021-01-25,FARM0650,J,-7.931121,112.460766,500,1,52,8584,317.26,2.95,29.3,31.7,8.6,71.5,14.2,0.6307,0.5964,0.1847,4.416,0.3372,0.5828,0.4889,-0.062,0.5566,0.5674,0.116,3.5109,0.2528,0.4083,0.3974,-0.175,0.5937,0.5819,0.1504,3.9635,0.295,0.4956,0.4432,-0.1185,116.63,2266.55,0.8496,0.5878
2022-02-19,FARM0650,J,-7.931121,112.460766,500,2,48,9654,280.15,2.5,17.09,35.0,1.0,71.7,14.3,0.6632,0.5676,0.1762,4.9382,0.3416,0.6203,0.5048,-0.0062,0.6111,0.5373,0.1962,4.1423,0.3161,0.4746,0.4661,-0.0938,0.6371,0.5524,0.1862,4.5403,0.3288,0.5474,0.4854,-0.05,115.27,2509.5,0.8138,0.59475
2023-04-15,FARM0650,J,-7.931121,112.460766,500,3,52,9522,266.31,2.52,11.03,35.0,0.4,64.1,15.4,0.6483,0.5662,0.1665,4.687,0.3303,0.5443,0.4908,-0.0323,0.6393,0.5696,0.1087,4.5443,0.2716,0.4942,0.4405,-0.0477,0.6438,0.5679,0.1376,4.6157,0.301,0.5192,0.4657,-0.04,84.64,2243.5,0.8624,0.60585
2024-07-08,FARM0650,J,-7.931121,112.460766,500,4,56,8843,309.37,2.05,10.22,30.0,2.7,67.7,15.2,0.6545,0.6085,0.1933,4.7887,0.3511,0.6115,0.5081,-0.0216,0.675,0.5989,0.1926,5.1537,0.3333,0.5521,0.5031,0.0151,0.6647,0.6037,0.1929,4.9712,0.3422,0.5818,0.5056,-0.0032,85.88,2031.0,0.8071,0.6342
2020-12-26,FARM0651,J,-7.962612,112.43887,492,1,48,8792,310.81,2.32,18.98,31.2,14.5,70.3,13.8,0.6195,0.5611,0.1597,4.2561,0.3168,0.5245,0.4698,-0.0804,0.6791,0.6516,0.2079,5.2331,0.3454,0.5905,0.5137,0.0228,0.6493,0.6064,0.1838,4.7446,0.3311,0.5575,0.4918,-0.0288,114.38,2193.36,0.8162,0.62785
2022-01-20,FARM0651,J,-7.962612,112.43887,492,2,48,9250,329.64,2.53,13.22,35.0,1.8,64.1,16.8,0.6843,0.5876,0.2147,5.3355,0.377,0.5857,0.5381,0.0325,0.6678,0.6383,0.2166,5.0206,0.3482,0.5756,0.5114,0.0021,0.6761,0.6129,0.2156,5.178,0.3626,0.5807,0.5247,0.0173,99.92,2243.5,0.7844,0.6445000000000001
2023-02-14,FARM0651,J,-7.962612,112.43887,492,3,48,8650,287.54,2.55,25.65,35.0,5.3,65.2,15.0,0.641,0.4738,0.1247,4.5708,0.3011,0.5371,0.4658,-0.0448,0.6949,0.6129,0.1867,5.5545,0.335,0.6082,0.5117,0.0525,0.6679,0.5433,0.1557,5.0627,0.3181,0.5726,0.4887,0.0038,112.91,2282.0,0.8443,0.6056
2024-03-10,FARM0651,J,-7.962612,112.43887,492,4,48,8773,265.98,1.96,9.69,35.0,1.9,58.0,15.4,0.7056,0.573,0.2183,5.7942,0.3869,0.6811,0.5536,0.0736,0.5669,0.5656,0.0982,3.6176,0.2467,0.3882,0.3957,-0.1604,0.6363,0.5693,0.1582,4.7059,0.3168,0.5347,0.4746,-0.0434,85.68,2030.0,0.8418,0.6028
2021-02-24,FARM0652,J,-7.934404,112.430135,486,1,56,9358,318.61,2.56,18.33,35.0,1.0,54.4,16.4,0.5649,0.4994,0.1507,3.5968,0.2935,0.4598,0.4318,-0.1632,0.6172,0.5689,0.1821,4.2245,0.3089,0.4996,0.4631,-0.0841,0.5911,0.5341,0.1664,3.9107,0.3012,0.4797,0.4474,-0.1236,114.15,1904.0,0.8336,0.5626
2022-05-20,FARM0652,J,-7.934404,112.430135,486,2,56,9336,311.4,2.71,21.23,34.6,0.8,55.0,14.1,0.6529,0.5382,0.1718,4.7618,0.3353,0.5566,0.4962,-0.0244,0.6359,0.544,0.1959,4.4926,0.3238,0.5085,0.4812,-0.0534,0.6444,0.5411,0.1839,4.6272,0.3295,0.5326,0.4887,-0.0389,112.91,1903.0,0.8161,0.59275
2023-07-14,FARM0652,J,-7.934404,112.430135,486,3,52,8537,305.09,2.32,19.5,28.8,0.2,61.5,15.6,0.5937,0.5498,0.1385,3.923,0.2954,0.497,0.4442,-0.1207,0.5908,0.5413,0.2059,3.8881,0.3158,0.4529,0.4579,-0.1251,0.5923,0.5456,0.1722,3.9055,0.3056,0.4749,0.4511,-0.1229,114.34,1771.2,0.8278,0.5689500000000001
2024-08-07,FARM0652,J,-7.934404,112.430135,486,4,48,8632,275.52,2.05,7.75,30.4,4.2,66.8,14.2,0.5975,0.4996,0.1471,3.9693,0.3018,0.4737,0.4504,-0.1149,0.5685,0.5554,0.164,3.6354,0.2826,0.4536,0.4252,-0.158,0.583,0.5275,0.1556,3.8024,0.2922,0.4637,0.4378,-0.1365,84.41,2030.72,0.8444,0.55525
2021-02-24,FARM0653,J,-7.945543,112.457106,443,1,56,9588,307.03,2.68,26.28,33.9,0.2,69.8,13.6,0.5467,0.5532,0.1371,3.4124,0.2795,0.4378,0.4146,-0.1887,0.6022,0.558,0.1727,4.0278,0.2984,0.4952,0.4496,-0.1077,0.5745,0.5556,0.1549,3.7201,0.2889,0.4665,0.4321,-0.1482,113.97,2366.22,0.8451,0.56505
2022-05-20,FARM0653,J,-7.945543,112.457106,443,2,56,8739,318.84,2.17,15.38,35.0,4.0,56.7,15.0,0.6,0.5925,0.2162,3.9999,0.3491,0.5244,0.4841,-0.1111,0.5178,0.4534,0.1014,3.1474,0.2342,0.3942,0.3689,-0.2274,0.5589,0.523,0.1588,3.5736,0.2917,0.4593,0.4265,-0.1693,89.59,1984.5,0.8412,0.54095
2023-06-14,FARM0653,J,-7.945543,112.457106,443,3,48,8818,265.84,2.05,9.3,35.0,1.5,57.4,15.4,0.6194,0.4832,0.1051,4.2549,0.2834,0.497,0.444,-0.0805,0.6302,0.544,0.1649,4.4081,0.302,0.4701,0.4626,-0.0629,0.6248,0.5136,0.135,4.3315,0.2927,0.4836,0.4533,-0.0717,85.72,2009.0,0.865,0.5691999999999999
2024-07-08,FARM0653,J,-7.945543,112.457106,443,4,48,7864,306.46,2.05,8.61,28.9,0.0,57.6,16.5,0.6035,0.542,0.1979,4.0442,0.3373,0.4972,0.4778,-0.1057,0.6539,0.5622,0.1294,4.7794,0.2872,0.513,0.4587,-0.0226,0.6287,0.5521,0.1637,4.4118,0.3123,0.5051,0.4683,-0.0641,85.81,1664.64,0.8363,0.5904
2020-12-26,FARM0654,J,-7.955139,112.452737,285,1,48,9510,306.24,2.31,20.92,30.4,3.7,70.8,13.5,0.6552,0.5118,0.1495,4.7996,0.321,0.5445,0.4864,-0.0204,0.6922,0.5346,0.202,5.4976,0.345,0.5776,0.5183,0.0474,0.6737,0.5232,0.1758,5.1486,0.333,0.5611,0.5024,0.0135,117.21,2152.32,0.8242,0.5984499999999999
2022-02-19,FARM0654,J,-7.955139,112.452737,285,2,52,8177,307.11,1.88,12.4,35.0,9.4,72.2,15.9,0.6901,0.6294,0.2114,5.4537,0.3764,0.6039,0.54,0.0434,0.6193,0.5809,0.1502,4.2529,0.2899,0.5005,0.4491,-0.0807,0.6547,0.6051,0.1808,4.8533,0.3331,0.5522,0.4946,-0.0187,83.84,2527.0,0.8192,0.6298999999999999
2023-04-15,FARM0654,J,-7.955139,112.452737,285,3,52,8642,277.52,2.2,14.25,35.0,0.1,57.9,14.6,0.5948,0.5949,0.1767,3.9363,0.3199,0.525,0.4623,-0.119,0.6026,0.5817,0.1571,4.0327,0.2891,0.481,0.4426,-0.1071,0.5987,0.5883,0.1669,3.9845,0.3045,0.503,0.4525,-0.1131,83.36,2026.5,0.8331,0.5935
2024-06-08,FARM0654,J,-7.955139,112.452737,285,4,52,9319,258.48,1.76,5.93,35.0,1.0,65.0,16.3,0.6387,0.5031,0.1639,4.5353,0.3255,0.585,0.4836,-0.0487,0.6212,0.5592,0.1888,4.2791,0.3144,0.5245,0.4687,-0.0777,0.6299,0.5312,0.1763,4.4072,0.32,0.5547,0.4762,-0.0632,85.06,2275.0,0.8237,0.58055
2021-02-24,FARM0655,J,-7.936157,112.440594,530,1,56,8678,355.44,2.8,31.33,35.0,0.7,69.3,14.7,0.6396,0.5388,0.1501,4.5496,0.3167,0.5739,0.4774,-0.0472,0.6684,0.5408,0.2136,5.0312,0.3462,0.5789,0.5101,0.0031,0.654,0.5398,0.1818,4.7904,0.3315,0.5764,0.4938,-0.022,116.24,2425.5,0.8182,0.5969
2022-05-20,FARM0655,J,-7.936157,112.440594,530,2,56,9476,307.27,2.54,13.56,35.0,0.3,68.4,14.7,0.6437,0.5053,0.1577,4.6134,0.3229,0.5139,0.4836,-0.0402,0.7224,0.6409,0.2217,6.2045,0.3687,0.6748,0.5474,0.1075,0.6831,0.5731,0.1897,5.4089,0.3458,0.5944,0.5155,0.0336,103.49,2394.0,0.8103,0.6281000000000001
2023-06-14,FARM0655,J,-7.936157,112.440594,530,3,48,8225,265.02,2.37,16.13,35.0,3.6,65.0,15.3,0.5265,0.4945,0.1167,3.2238,0.2616,0.4095,0.3936,-0.216,0.6339,0.5747,0.192,4.4636,0.3205,0.5489,0.4781,-0.0567,0.5802,0.5346,0.1543,3.8437,0.2911,0.4792,0.4359,-0.1363,91.44,2275.0,0.8457,0.5574
2024-08-07,FARM0655,J,-7.936157,112.440594,530,4,52,9101,290.91,2.46,17.46,32.5,0.9,68.2,16.3,0.6871,0.624,0.184,5.3923,0.3546,0.6516,0.5235,0.0377,0.6623,0.6162,0.1687,4.9229,0.3137,0.5104,0.4833,-0.0078,0.6747,0.6201,0.1763,5.1576,0.3341,0.581,0.5034,0.015,114.21,2216.5,0.8237,0.6474
2021-01-25,FARM0656,J,-7.932349,112.468291,270,1,52,8392,353.85,2.94,38.36,35.0,0.3,70.3,14.6,0.573,0.5772,0.1547,3.6833,0.2986,0.4403,0.4386,-0.1516,0.5784,0.5855,0.1823,3.7438,0.2967,0.4712,0.4394,-0.1437,0.5757,0.5814,0.1685,3.7136,0.2976,0.4557,0.439,-0.1476,114.76,2460.5,0.8315,0.57855
2022-03-21,FARM0656,J,-7.932349,112.468291,270,2,52,8123,323.48,2.18,24.5,35.0,17.0,57.2,16.4,0.6512,0.5707,0.1715,4.7343,0.3346,0.5617,0.4951,-0.0273,0.592,0.5819,0.1772,3.9018,0.2979,0.4807,0.4454,-0.1234,0.6216,0.5763,0.1743,4.3181,0.3163,0.5212,0.4702,-0.0753,112.99,2002.0,0.8257,0.5989500000000001
2023-04-15,FARM0656,J,-7.932349,112.468291,270,3,48,8768,297.27,1.88,7.04,35.0,0.3,57.7,16.7,0.6253,0.5898,0.1878,4.3379,0.3376,0.5636,0.487,-0.0709,0.5682,0.5089,0.144,3.6316,0.2712,0.4578,0.4162,-0.1585,0.5967,0.5494,0.1659,3.9847,0.3044,0.5107,0.4516,-0.1147,86.24,2019.5,0.8341000000000001,0.5730500000000001
2024-05-09,FARM0656,J,-7.932349,112.468291,270,4,48,8817,313.75,2.21,17.04,35.0,0.3,67.9,16.7,0.6947,0.5587,0.1961,5.5515,0.366,0.6073,0.5346,0.0523,0.5715,0.6054,0.173,3.6674,0.2888,0.4161,0.4309,-0.1537,0.6331,0.5821,0.1846,4.6094,0.3274,0.5117,0.4828,-0.0507,103.94,2376.5,0.8154,0.6075999999999999
2021-02-24,FARM0657,J,-7.939991,112.469729,701,1,56,9301,315.18,1.99,16.75,35.0,13.2,66.1,13.2,0.624,0.5557,0.1414,4.3191,0.3064,0.5141,0.4638,-0.0731,0.6183,0.5892,0.1933,4.2404,0.3165,0.4871,0.4692,-0.0822,0.6212,0.5725,0.1673,4.2797,0.3115,0.5006,0.4665,-0.0776,114.5,2313.5,0.8327,0.59685
2022-04-20,FARM0657,J,-7.939991,112.469729,701,2,52,9403,282.65,1.93,12.09,35.0,4.1,57.9,16.1,0.705,0.6064,0.2199,5.7801,0.388,0.654,0.5541,0.0724,0.5684,0.4617,0.0988,3.6338,0.2474,0.3935,0.3968,-0.1582,0.6367,0.5341,0.1593,4.7069,0.3177,0.5238,0.4754,-0.0429,86.7,2026.5,0.8407,0.5854
2023-05-15,FARM0657,J,-7.939991,112.469729,701,3,48,8701,298.26,2.52,20.83,34.1,2.3,53.6,13.2,0.6579,0.5803,0.1676,4.8468,0.334,0.5653,0.4972,-0.0156,0.6096,0.5569,0.1363,4.123,0.279,0.4398,0.437,-0.0961,0.6338,0.5686,0.1519,4.4849,0.3065,0.5025,0.4671,-0.0558,115.32,1827.76,0.8481,0.6012
2024-07-08,FARM0657,J,-7.939991,112.469729,701,4,52,8709,280.42,1.83,7.06,30.8,0.6,62.7,14.0,0.6502,0.507,0.1721,4.7173,0.3347,0.5447,0.4947,-0.0291,0.688,0.6021,0.1604,5.4109,0.3155,0.6033,0.4937,0.0395,0.6691,0.5546,0.1662,5.0641,0.3251,0.574,0.4942,0.0052,83.79,1931.16,0.8338,0.61185
2020-12-26,FARM0658,J,-7.967958,112.436108,768,1,48,8096,295.24,2.81,19.31,34.8,23.3,70.2,14.2,0.5516,0.5139,0.1336,3.4606,0.2791,0.4337,0.4162,-0.1819,0.695,0.538,0.206,5.5577,0.3488,0.6047,0.5222,0.0528,0.6233,0.5259,0.1698,4.5092,0.314,0.5192,0.4692,-0.0646,116.15,2442.96,0.8302,0.5746
2022-01-20,FARM0658,J,-7.967958,112.436108,768,2,48,8565,293.94,2.2,18.69,34.1,3.2,61.0,15.1,0.6189,0.5836,0.1564,4.2481,0.3144,0.5392,0.4679,-0.0813,0.7061,0.6457,0.2213,5.8056,0.3635,0.6153,0.5373,0.0746,0.6625,0.6147,0.1889,5.0268,0.339,0.5773,0.5026,-0.0034,115.51,2080.1,0.8110999999999999,0.6386000000000001
2023-04-15,FARM0658,J,-7.967958,112.436108,768,3,56,8238,257.45,1.99,6.56,35.0,3.2,64.3,15.2,0.6198,0.5878,0.1804,4.2601,0.3306,0.5632,0.4799,-0.0799,0.5918,0.6433,0.1946,3.8999,0.3088,0.4688,0.4533,-0.1236,0.6058,0.6155,0.1875,4.08,0.3197,0.516,0.4666,-0.1018,86.5,2250.5,0.8125,0.61065
2024-07-08,FARM0658,J,-7.967958,112.436108,768,4,56,8482,243.76,2.18,10.49,29.5,1.2,54.2,15.5,0.6541,0.608,0.1807,4.7813,0.3419,0.6019,0.5015,-0.0224,0.6637,0.618,0.2163,4.9469,0.3467,0.544,0.5087,-0.0053,0.6589,0.613,0.1985,4.8641,0.3443,0.5729,0.5051,-0.0138,84.49,1598.9,0.8015,0.63595
2021-01-25,FARM0659,J,-7.964888,112.464881,662,1,52,9010,282.16,2.49,15.85,32.0,1.5,70.0,13.9,0.5952,0.5419,0.1495,3.9402,0.3026,0.5049,0.4501,-0.1185,0.5915,0.5762,0.1672,3.8964,0.2917,0.4934,0.4406,-0.1241,0.5933,0.5591,0.1583,3.9183,0.2971,0.4992,0.4453,-0.1213,113.05,2240.0,0.8417,0.5762
2022-04-20,FARM0659,J,-7.964888,112.464881,662,2,56,8534,315.2,2.47,21.23,35.0,1.9,72.8,13.7,0.6524,0.59,0.157,4.7544,0.3251,0.5749,0.4885,-0.0252,0.5612,0.5796,0.162,3.5582,0.2791,0.4513,0.4198,-0.1685,0.6068,0.5848,0.1595,4.1563,0.3021,0.5131,0.4542,-0.0968,113.91,2548.0,0.8405,0.5958
2023-06-14,FARM0659,J,-7.964888,112.464881,662,3,52,7807,261.59,2.06,9.53,31.5,0.8,65.2,16.4,0.634,0.5386,0.2013,4.4643,0.3502,0.558,0.4991,-0.0566,0.5935,0.5663,0.1908,3.9202,0.3069,0.5015,0.4526,-0.1211,0.6137,0.5524,0.1961,4.1922,0.3286,0.5297,0.4759,-0.0888,86.03,2053.8,0.8039000000000001,0.5830500000000001
2024-09-06,FARM0659,J,-7.964888,112.464881,662,4,56,7877,280.68,1.6,9.26,25.5,5.2,65.5,16.7,0.6255,0.5727,0.2112,4.3406,0.3545,0.54,0.4985,-0.0706,0.5983,0.5704,0.1868,3.9786,0.3059,0.4464,0.4538,-0.1138,0.6119,0.5716,0.199,4.1596,0.3302,0.4932,0.4761,-0.0922,83.65,1670.25,0.8009999999999999,0.59175
2020-12-26,FARM0660,J,-7.943687,112.452592,254,1,48,9077,305.17,2.42,17.93,33.6,9.5,60.6,13.2,0.6256,0.6312,0.2087,4.3422,0.3527,0.5193,0.4973,-0.0704,0.6624,0.5866,0.1544,4.9237,0.3046,0.5211,0.476,-0.0077,0.644,0.6089,0.1815,4.633,0.3287,0.5202,0.4867,-0.039,113.52,2036.16,0.8185,0.62645
2022-03-21,FARM0660,J,-7.943687,112.452592,254,2,56,9380,333.19,2.6,28.04,35.0,1.9,62.5,13.6,0.622,0.554,0.1535,4.2903,0.3135,0.5189,0.4684,-0.0764,0.5605,0.6091,0.1472,3.5504,0.2706,0.3994,0.413,-0.1695,0.5912,0.5816,0.1504,3.9204,0.292,0.4592,0.4407,-0.123,113.95,2187.5,0.8496,0.5864
2023-04-15,FARM0660,J,-7.943687,112.452592,254,3,48,8225,274.04,2.54,20.83,35.0,0.6,60.6,14.5,0.5447,0.5372,0.1209,3.3927,0.2698,0.443,0.4066,-0.1915,0.5615,0.5566,0.1459,3.5614,0.2702,0.4146,0.413,-0.168,0.5531,0.5469,0.1334,3.477,0.27,0.4288,0.4098,-0.1798,115.3,2121.0,0.8666,0.55
2024-05-09,FARM0660,J,-7.943687,112.452592,254,4,48,8681,254.12,2.15,9.33,35.0,0.7,67.7,14.1,0.5751,0.5746,0.1791,3.7066,0.3146,0.4852,0.4507,-0.1486,0.5768,0.5136,0.1438,3.7262,0.2737,0.4662,0.4213,-0.146,0.5759,0.5441,0.1614,3.7164,0.2942,0.4757,0.436,-0.1473,85.85,2369.5,0.8386,0.56
2021-02-24,FARM0661,J,-7.944539,112.439648,616,1,56,8889,297.61,2.35,13.6,35.0,17.3,67.1,15.0,0.5704,0.588,0.1575,3.6551,0.2994,0.4785,0.4382,-0.1554,0.5211,0.51,0.0978,3.176,0.2334,0.3617,0.3694,-0.2231,0.5457,0.549,0.1276,3.4155,0.2664,0.4201,0.4038,-0.1892,92.46,2348.5,0.8724000000000001,0.54735
2022-03-21,FARM0661,J,-7.944539,112.439648,616,2,48,8505,274.26,2.46,17.12,35.0,7.1,64.3,14.6,0.6345,0.5139,0.1513,4.4714,0.316,0.5634,0.4749,-0.0558,0.5968,0.5421,0.1493,3.9609,0.2828,0.4709,0.4356,-0.116,0.6157,0.528,0.1503,4.2162,0.2994,0.5172,0.4552,-0.0859,106.26,2250.5,0.8497,0.57185
2023-04-15,FARM0661,J,-7.944539,112.439648,616,3,48,8468,270.37,1.8,7.25,35.0,1.1,66.4,13.2,0.5753,0.4807,0.1181,3.7095,0.2778,0.4318,0.424,-0.1482,0.6066,0.6518,0.2096,4.0843,0.3236,0.4854,0.4697,-0.1008,0.591,0.5662,0.1639,3.8969,0.3007,0.4586,0.4468,-0.1245,86.28,2324.0,0.8361000000000001,0.5786
2024-07-08,FARM0661,J,-7.944539,112.439648,616,4,56,8451,291.05,2.16,14.66,30.6,1.5,71.4,14.9,0.5999,0.5661,0.1887,3.9984,0.3296,0.5028,0.4711,-0.1113,0.6824,0.5197,0.1709,5.2972,0.3208,0.5432,0.496,0.0289,0.6411,0.5429,0.1798,4.6478,0.3252,0.523,0.4835,-0.0412,87.69,2184.84,0.8202,0.5920000000000001
2020-12-26,FARM0662,J,-7.950294,112.43517,353,1,48,9168,339.95,2.33,12.37,31.3,1.9,57.9,16.9,0.6034,0.5906,0.2039,4.0427,0.3414,0.5538,0.4805,-0.1059,0.6306,0.5059,0.1147,4.4139,0.2727,0.4562,0.4386,-0.0623,0.617,0.5482,0.1593,4.2283,0.3071,0.505,0.4596,-0.0841,88.42,1812.27,0.8407,0.5826
2022-03-21,FARM0662,J,-7.950294,112.43517,353,2,56,8431,272.94,2.45,19.09,35.0,22.0,59.5,15.3,0.5315,0.5714,0.1057,3.2689,0.2574,0.4156,0.3923,-0.2093,0.6839,0.5016,0.1511,5.3273,0.3084,0.5411,0.4865,0.0317,0.6077,0.5365,0.1284,4.2981,0.2829,0.4783,0.4394,-0.0888,112.17,2082.5,0.8716,0.5721
2023-04-15,FARM0662,J,-7.950294,112.43517,353,3,48,8413,322.04,2.09,9.43,35.0,2.0,54.7,14.3,0.5839,0.5292,0.1369,3.806,0.2913,0.4887,0.4374,-0.1356,0.5976,0.5019,0.1542,3.9705,0.2859,0.4648,0.4383,-0.1148,0.5907,0.5155,0.1455,3.8882,0.2886,0.4767,0.4379,-0.1252,85.75,1914.5,0.8545,0.5530999999999999
2024-05-09,FARM0662,J,-7.950294,112.43517,353,4,48,8572,300.87,2.51,22.97,35.0,1.7,60.2,15.2,0.5906,0.5647,0.1118,3.8854,0.2789,0.4922,0.4303,-0.1254,0.6349,0.484,0.1214,4.4773,0.2776,0.4941,0.4443,-0.0552,0.6127,0.5243,0.1166,4.1813,0.2782,0.4931,0.4373,-0.0903,115.29,2107.0,0.8834,0.5685
2021-02-24,FARM0663,J,-7.96127,112.439732,672,1,56,9982,287.02,2.62,16.21,35.0,4.7,70.8,15.0,0.5625,0.5569,0.1644,3.5711,0.301,0.454,0.4362,-0.1667,0.6026,0.5668,0.2198,4.0323,0.3292,0.4908,0.4719,-0.1071,0.5825,0.5619,0.1921,3.8017,0.3151,0.4724,0.454,-0.1369,113.53,2478.0,0.8079000000000001,0.5722
2022-04-20,FARM0663,J,-7.96127,112.439732,672,2,52,9170,312.08,2.28,16.14,35.0,4.3,69.2,16.9,0.663,0.6194,0.2064,4.9349,0.3636,0.5724,0.5202,-0.0065,0.5317,0.5189,0.1077,3.2706,0.2413,0.3629,0.3795,-0.2091,0.5973,0.5692,0.157,4.1028,0.3025,0.4676,0.4499,-0.1078,108.53,2422.0,0.843,0.58325
2023-07-14,FARM0663,J,-7.96127,112.439732,672,3,56,8968,257.31,1.83,6.7,30.6,1.2,67.7,16.3,0.5948,0.5347,0.1982,3.9354,0.3344,0.5191,0.4722,-0.1191,0.6541,0.6429,0.2038,4.7819,0.3348,0.553,0.4963,-0.0223,0.6244,0.5888,0.201,4.3586,0.3346,0.536,0.4843,-0.0707,85.17,2071.62,0.7989999999999999,0.6066
2024-09-06,FARM0663,J,-7.96127,112.439732,672,4,52,9474,267.46,1.69,4.57,30.0,3.1,56.1,16.6,0.66,0.5044,0.1342,4.8829,0.3125,0.5644,0.4815,-0.0119,0.5143,0.468,0.0972,3.1177,0.2311,0.3911,0.3652,-0.2319,0.5872,0.4862,0.1157,4.0003,0.2718,0.4777,0.4234,-0.1219,85.35,1683.0,0.8843,0.5367000000000001
2021-01-25,FARM0664,J,-7.94013,112.462133,564,1,52,9946,341.86,2.25,18.72,35.0,10.7,67.4,15.1,0.5894,0.5802,0.1773,3.8711,0.3184,0.4712,0.4591,-0.1273,0.6671,0.5421,0.2184,5.0074,0.3493,0.5503,0.5119,0.0007,0.6282,0.5611,0.1978,4.4392,0.3339,0.5108,0.4855,-0.0633,115.54,2359.0,0.8022,0.59465
2022-02-19,FARM0664,J,-7.94013,112.462133,564,2,48,8839,282.98,2.32,15.51,35.0,5.1,59.9,13.4,0.5792,0.5273,0.1618,3.7534,0.305,0.4785,0.4457,-0.1424,0.581,0.6012,0.1451,3.773,0.2757,0.4237,0.4243,-0.1399,0.5801,0.5642,0.1535,3.7632,0.2904,0.4511,0.435,-0.1411,95.18,2096.5,0.8465,0.5721499999999999
2023-04-15,FARM0664,J,-7.94013,112.462133,564,3,52,8832,262.45,1.65,8.81,35.0,0.1,55.2,16.6,0.6147,0.541,0.1441,4.1907,0.3053,0.5328,0.4595,-0.0881,0.6953,0.621,0.2183,5.5641,0.3579,0.5824,0.5291,0.0534,0.655,0.581,0.1812,4.8774,0.3316,0.5576,0.4943,-0.0173,85.96,1932.0,0.8188,0.618
2024-05-09,FARM0664,J,-7.94013,112.462133,564,4,48,8160,295.02,2.17,11.98,35.0,0.8,64.4,16.7,0.5789,0.5163,0.1223,3.75,0.2813,0.4923,0.428,-0.1429,0.6145,0.5944,0.1517,4.1877,0.2893,0.4763,0.447,-0.0884,0.5967,0.5554,0.137,3.9688,0.2853,0.4843,0.4375,-0.1156,83.97,2254.0,0.863,0.57605
2020-12-26,FARM0665,J,-7.936679,112.447241,690,1,48,8706,352.09,2.28,23.18,30.8,8.2,66.3,14.8,0.6201,0.5523,0.1655,4.2647,0.3208,0.5012,0.473,-0.0794,0.5769,0.6054,0.1838,3.7274,0.2972,0.4302,0.4391,-0.1458,0.5985,0.5789,0.1747,3.9961,0.309,0.4657,0.4561,-0.1126,114.82,2042.04,0.8253,0.5887
2022-03-21,FARM0665,J,-7.936679,112.447241,690,2,56,8040,273.72,2.43,19.99,35.0,11.6,55.1,16.9,0.6389,0.5855,0.1474,4.5384,0.3148,0.5703,0.4756,-0.0484,0.6388,0.6153,0.217,4.5374,0.3393,0.5571,0.4936,-0.0485,0.6389,0.6004,0.1822,4.5379,0.327,0.5637,0.4846,-0.0484,113.42,1928.5,0.8178,0.61965
2023-05-15,FARM0665,J,-7.936679,112.447241,690,3,52,8077,304.48,1.73,7.09,35.0,0.4,65.2,13.1,0.6751,0.5482,0.1673,5.1558,0.339,0.5918,0.5074,0.0153,0.6394,0.6352,0.2185,4.5458,0.3406,0.5338,0.4947,-0.0476,0.6572,0.5917,0.1929,4.8508,0.3398,0.5628,0.501,-0.0161,84.15,2282.0,0.8071,0.62445
2024-06-08,FARM0665,J,-7.936679,112.447241,690,4,48,7568,251.52,1.89,12.78,34.4,1.7,53.9,15.8,0.5476,0.476,0.1182,3.4209,0.2692,0.4202,0.4072,-0.1875,0.614,0.5697,0.162,4.181,0.2954,0.4801,0.4516,-0.0892,0.5808,0.5228,0.1401,3.8009,0.2823,0.4502,0.4294,-0.1384,86.52,1854.16,0.8599,0.5518000000000001
2021-01-25,FARM0666,J,-7.952165,112.450574,423,1,52,9116,330.77,2.48,17.16,34.2,1.8,59.2,14.1,0.641,0.5705,0.2117,4.5708,0.3602,0.608,0.5088,-0.0448,0.6513,0.5546,0.2153,4.7354,0.3421,0.5198,0.5005,-0.0272,0.6461,0.5625,0.2135,4.6531,0.3512,0.5639,0.5046,-0.036,113.35,2024.64,0.7865,0.6043000000000001
2022-03-21,FARM0666,J,-7.952165,112.450574,423,2,52,8983,277.11,2.21,17.3,35.0,7.2,60.0,16.5,0.5679,0.5509,0.1216,3.6287,0.2775,0.4556,0.421,-0.1589,0.6607,0.5448,0.22,4.8953,0.3485,0.5387,0.5088,-0.0106,0.6143,0.5479,0.1708,4.262,0.313,0.4971,0.4649,-0.0848,107.18,2100.0,0.8291999999999999,0.5811
2023-05-15,FARM0666,J,-7.952165,112.450574,423,3,52,8169,300.29,2.45,13.1,35.0,0.6,53.9,16.1,0.6166,0.5356,0.1113,4.217,0.2862,0.4757,0.4453,-0.085,0.5859,0.5485,0.1791,3.8297,0.2972,0.4923,0.4426,-0.1325,0.6013,0.542,0.1452,4.0234,0.2917,0.484,0.4439,-0.1087,83.68,1886.5,0.8548,0.57165
2024-07-08,FARM0666,J,-7.952165,112.450574,423,4,52,8142,266.51,2.34,12.58,31.9,0.9,66.1,14.2,0.6472,0.5391,0.1476,4.6693,0.3174,0.542,0.4807,-0.0342,0.665,0.5658,0.1146,4.9694,0.2815,0.4948,0.4573,-0.0031,0.6561,0.5525,0.1311,4.8194,0.2995,0.5184,0.469,-0.0186,84.12,2108.59,0.8689,0.6043000000000001
2021-02-24,FARM0667,J,-7.937294,112.448965,572,1,56,8521,307.77,2.09,18.25,35.0,1.6,60.6,13.3,0.579,0.5088,0.1646,3.7508,0.3067,0.4824,0.4468,-0.1428,0.6839,0.5262,0.1734,5.3267,0.3229,0.5652,0.4982,0.0316,0.6314,0.5175,0.169,4.5387,0.3148,0.5238,0.4725,-0.0556,114.26,2121.0,0.831,0.5744499999999999
2022-04-20,FARM0667,J,-7.937294,112.448965,572,2,52,9779,292.59,2.25,12.69,35.0,0.1,68.8,15.1,0.6043,0.5755,0.1312,4.0544,0.2943,0.5056,0.4472,-0.1044,0.6398,0.5085,0.1522,4.5525,0.2969,0.5111,0.462,-0.0469,0.6221,0.542,0.1417,4.3034,0.2956,0.5084,0.4546,-0.0756,88.44,2408.0,0.8583000000000001,0.58205
2023-05-15,FARM0667,J,-7.937294,112.448965,572,3,48,9506,271.82,2.23,10.11,35.0,2.3,68.4,16.1,0.6173,0.5191,0.1513,4.2259,0.3106,0.491,0.4645,-0.0839,0.5826,0.528,0.1693,3.7918,0.2902,0.4441,0.4361,-0.1374,0.6,0.5236,0.1603,4.0089,0.3004,0.4675,0.4503,-0.1107,84.57,2394.0,0.8397,0.5618
2024-07-08,FARM0667,J,-7.937294,112.448965,572,4,52,9236,281.54,1.48,5.56,31.0,0.5,70.2,15.6,0.5966,0.5883,0.2031,3.9582,0.3385,0.5107,0.4757,-0.1163,0.6107,0.5763,0.2019,4.1376,0.3198,0.4906,0.4686,-0.0944,0.6037,0.5823,0.2025,4.0479,0.3291,0.5007,0.4721,-0.1053,86.04,2176.2,0.7975,0.593
2020-12-26,FARM0668,J,-7.949328,112.44082,779,1,48,9696,294.05,2.1,11.84,34.4,3.1,72.7,14.1,0.6524,0.6384,0.2141,4.7532,0.3659,0.6112,0.5174,-0.0253,0.555,0.5776,0.1246,3.4945,0.2568,0.3907,0.4001,-0.1772,0.6037,0.608,0.1694,4.1239,0.3114,0.5009,0.4587,-0.1013,92.26,2500.88,0.8306,0.60585
2022-02-19,FARM0668,J,-7.949328,112.44082,779,2,52,9203,295.19,2.44,19.26,35.0,7.2,58.4,16.9,0.6376,0.5553,0.12,4.519,0.2973,0.553,0.4615,-0.0505,0.6005,0.6398,0.2209,4.0068,0.3293,0.4826,0.4712,-0.1103,0.6191,0.5976,0.1705,4.2629,0.3133,0.5178,0.4664,-0.0804,114.58,2044.0,0.8295,0.60835
2023-05-15,FARM0668,J,-7.949328,112.44082,779,3,56,9180,287.84,2.6,19.29,35.0,1.0,58.7,14.8,0.5742,0.5244,0.1419,3.6969,0.2913,0.4594,0.4337,-0.1498,0.6294,0.5658,0.2088,4.3972,0.3305,0.5255,0.4836,-0.0641,0.6018,0.5451,0.1754,4.0471,0.3109,0.4925,0.4587,-0.107,116.98,2054.5,0.8246,0.57345
2024-07-08,FARM0668,J,-7.949328,112.44082,779,4,52,9347,277.68,2.11,12.28,31.6,0.4,58.6,13.7,0.6643,0.5869,0.1728,4.9578,0.3396,0.5872,0.5037,-0.0042,0.6993,0.5114,0.1751,5.6521,0.3283,0.6044,0.508,0.0612,0.6818,0.5492,0.174,5.305,0.3339,0.5958,0.5058,0.0285,86.43,1851.76,0.8260000000000001,0.6154999999999999
2021-01-25,FARM0669,J,-7.935209,112.444662,268,1,52,9835,317.46,2.06,13.75,35.0,1.0,55.2,14.1,0.5922,0.4797,0.1216,3.9045,0.285,0.4509,0.4356,-0.123,0.6066,0.5154,0.1261,4.0835,0.2724,0.4868,0.4305,-0.1009,0.5994,0.4976,0.1239,3.994,0.2787,0.4689,0.4331,-0.112,94.83,1932.0,0.8761,0.5485
2022-02-19,FARM0669,J,-7.935209,112.444662,268,2,48,8739,279.74,2.13,11.11,33.3,2.0,66.5,16.4,0.6875,0.6139,0.2201,5.3992,0.3824,0.6755,0.5431,0.0384,0.6525,0.5571,0.1923,4.7552,0.3264,0.538,0.4895,-0.0251,0.67,0.5855,0.2062,5.0772,0.3544,0.6068,0.5163,0.0066,85.57,2214.45,0.7938000000000001,0.62775
2023-03-16,FARM0669,J,-7.935209,112.444662,268,3,48,7943,252.73,2.08,13.17,35.0,10.5,69.9,16.7,0.533,0.4917,0.128,3.2828,0.2698,0.4439,0.4022,-0.2073,0.7238,0.5579,0.2221,6.2402,0.3694,0.6549,0.5484,0.1103,0.6284,0.5248,0.175,4.7615,0.3196,0.5494,0.4753,-0.0485,85.13,2446.5,0.825,0.5766
2024-06-08,FARM0669,J,-7.935209,112.444662,268,4,56,9000,251.05,2.01,7.21,31.7,1.4,63.3,14.1,0.6251,0.5725,0.194,4.3352,0.3419,0.5814,0.4899,-0.0712,0.6166,0.5116,0.1259,4.2171,0.2751,0.4744,0.4362,-0.0849,0.6209,0.5421,0.16,4.2762,0.3085,0.5279,0.463,-0.0781,86.64,2006.61,0.84,0.5815
2021-01-25,FARM0670,J,-7.963363,112.443542,588,1,52,8324,328.81,2.23,14.2,35.0,8.1,53.7,15.6,0.6711,0.6025,0.1704,5.0805,0.34,0.5866,0.5066,0.008,0.6017,0.5992,0.1563,4.0217,0.2883,0.4782,0.4417,-0.1084,0.6364,0.6009,0.1634,4.5511,0.3141,0.5324,0.4741,-0.0502,87.46,1879.5,0.8366,0.6186499999999999
2022-04-20,FARM0670,J,-7.963363,112.443542,588,2,56,8963,283.39,2.46,15.64,35.0,1.2,67.6,15.4,0.6412,0.5713,0.1719,4.5739,0.3317,0.5895,0.4891,-0.0445,0.6895,0.5412,0.1672,5.4412,0.3203,0.5842,0.4981,0.0423,0.6653,0.5563,0.1696,5.0075,0.326,0.5868,0.4936,-0.0011,102.21,2366.0,0.8304,0.6108
2023-06-14,FARM0670,J,-7.963363,112.443542,588,3,52,8501,284.53,2.57,15.33,35.0,0.3,68.2,14.7,0.597,0.5419,0.2053,3.963,0.3402,0.5165,0.477,-0.1157,0.6797,0.5884,0.1839,5.2433,0.3287,0.6067,0.5013,0.0238,0.6383,0.5651,0.1946,4.6031,0.3345,0.5616,0.4891,-0.046,94.12,2387.0,0.8054,0.6017
2024-08-07,FARM0670,J,-7.963363,112.443542,588,4,52,9077,291.28,1.92,14.74,32.2,1.0,62.4,15.1,0.6046,0.4895,0.1089,4.0576,0.2813,0.5277,0.4371,-0.104,0.6096,0.5323,0.1237,4.1235,0.272,0.4395,0.4312,-0.0961,0.6071,0.5109,0.1163,4.0906,0.2766,0.4836,0.4342,-0.1001,84.81,2009.28,0.8837,0.5589999999999999
2021-01-25,FARM0671,J,-7.959524,112.444155,322,1,52,9156,285.18,1.98,12.33,32.5,2.9,58.9,13.1,0.5728,0.5566,0.1744,3.6817,0.3109,0.4485,0.4472,-0.1518,0.5704,0.576,0.1623,3.6555,0.2822,0.4532,0.4256,-0.1553,0.5716,0.5663,0.1684,3.6686,0.2965,0.4508,0.4364,-0.1536,85.69,1914.25,0.8316,0.5689500000000001
2022-03-21,FARM0671,J,-7.959524,112.444155,322,2,52,8182,265.26,1.99,9.62,35.0,0.0,69.8,13.8,0.6526,0.6011,0.1466,4.7569,0.3183,0.5592,0.4834,-0.0249,0.6609,0.5093,0.1464,4.8986,0.2993,0.4996,0.4711,-0.0102,0.6568,0.5552,0.1465,4.8278,0.3088,0.5294,0.4773,-0.0176,84.9,2443.0,0.8535,0.6060000000000001
2023-06-14,FARM0671,J,-7.959524,112.444155,322,3,56,8083,331.59,2.2,12.58,31.5,1.7,71.1,13.9,0.5523,0.4979,0.1564,3.4678,0.2926,0.46,0.4262,-0.1809,0.63,0.5479,0.148,4.4054,0.2916,0.5076,0.4543,-0.0632,0.5912,0.5229,0.1522,3.9366,0.2921,0.4838,0.4403,-0.1221,84.84,2239.65,0.8478,0.55705
2024-08-07,FARM0671,J,-7.959524,112.444155,322,4,52,8266,283.29,2.19,10.1,28.1,0.5,59.1,13.1,0.6984,0.5833,0.2027,5.6319,0.3722,0.6015,0.5405,0.0594,0.615,0.5527,0.1938,4.1943,0.3158,0.5276,0.4674,-0.0876,0.6567,0.568,0.1983,4.9131,0.344,0.5646,0.5039,-0.0141,86.23,1660.71,0.8017,0.61235
2021-02-24,FARM0672,J,-7.962631,112.448051,660,1,56,9237,307.76,2.65,16.62,34.4,1.2,66.5,16.9,0.5686,0.5299,0.1363,3.6358,0.2861,0.483,0.4278,-0.158,0.7128,0.5433,0.2192,5.9645,0.3639,0.6561,0.5402,0.088,0.6407,0.5366,0.1777,4.8001,0.325,0.5695,0.484,-0.035,116.45,2287.6,0.8223,0.58865
2022-04-20,FARM0672,J,-7.962631,112.448051,660,2,52,8918,308.48,2.27,18.96,35.0,0.0,63.7,16.4,0.5988,0.5699,0.2031,3.9855,0.3393,0.4936,0.4772,-0.1129,0.6503,0.5709,0.1662,4.7189,0.3086,0.5538,0.475,-0.0289,0.6246,0.5704,0.1847,4.3522,0.324,0.5237,0.4761,-0.0709,115.94,2229.5,0.8153,0.5975
2023-07-14,FARM0672,J,-7.962631,112.448051,660,3,56,8235,277.44,2.52,21.06,34.0,2.7,69.7,14.9,0.6272,0.5783,0.1996,4.3651,0.3466,0.5716,0.4939,-0.0678,0.6162,0.5033,0.1079,4.2106,0.2651,0.4947,0.4275,-0.0857,0.6217,0.5408,0.1537,4.2878,0.3059,0.5331,0.4607,-0.0768,114.88,2369.8,0.8463,0.58125
2024-09-06,FARM0672,J,-7.962631,112.448051,660,4,52,7747,250.98,1.74,7.81,26.9,2.1,56.3,13.2,0.6596,0.5516,0.1838,4.8762,0.3458,0.5465,0.5065,-0.0125,0.6264,0.5501,0.1186,4.3538,0.2738,0.4774,0.4382,-0.0691,0.643,0.5508,0.1512,4.615,0.3098,0.5119,0.4724,-0.0408,85.44,1514.47,0.8488,0.5969
2021-02-24,FARM0673,J,-7.956734,112.451281,285,1,56,8977,286.84,2.26,15.04,35.0,1.3,62.9,14.9,0.6408,0.5863,0.1674,4.5683,0.3286,0.5455,0.4867,-0.0451,0.6346,0.6046,0.1727,4.4728,0.3082,0.5422,0.469,-0.0557,0.6377,0.5954,0.1701,4.5206,0.3184,0.5439,0.4778,-0.0504,99.82,2201.5,0.8299,0.61655
2022-04-20,FARM0673,J,-7.956734,112.451281,285,2,52,9798,296.33,2.07,8.79,34.7,2.6,66.6,14.9,0.6272,0.5312,0.1667,4.3647,0.3238,0.575,0.4779,-0.0678,0.6269,0.5164,0.172,4.3606,0.3054,0.5095,0.4641,-0.0683,0.627,0.5238,0.1694,4.3626,0.3146,0.5422,0.471,-0.0681,85.29,2311.02,0.8306,0.5754
2023-05-15,FARM0673,J,-7.956734,112.451281,285,3,48,8604,283.2,1.93,14.28,35.0,2.0,55.6,13.4,0.6137,0.5776,0.1949,4.1767,0.3387,0.4995,0.4829,-0.0897,0.6644,0.626,0.1847,4.9603,0.3248,0.5467,0.4927,-0.004,0.6391,0.6018,0.1898,4.5685,0.3317,0.5231,0.4878,-0.0469,85.37,1946.0,0.8102,0.62045
2024-08-07,FARM0673,J,-7.956734,112.451281,285,4,56,9875,249.94,2.07,9.06,31.0,6.7,71.5,15.4,0.612,0.5603,0.168,4.154,0.3198,0.5169,0.4691,-0.0924,0.7189,0.6315,0.2214,6.1161,0.3674,0.6032,0.5451,0.1004,0.6655,0.5959,0.1947,5.1351,0.3436,0.5601,0.5071,0.004,84.73,2216.5,0.8053,0.6307
2021-01-25,FARM0674,J,-7.948995,112.448766,327,1,52,8458,326.23,2.44,14.88,35.0,7.5,60.8,15.4,0.6345,0.5695,0.1129,4.4715,0.2922,0.5523,0.4563,-0.0558,0.6045,0.5835,0.1282,4.0574,0.273,0.4877,0.4304,-0.1041,0.6195,0.5765,0.1206,4.2645,0.2826,0.52,0.4433,-0.0799,100.69,2128.0,0.8794,0.5980000000000001
2022-03-21,FARM0674,J,-7.948995,112.448766,327,2,52,8164,313.06,2.12,16.91,35.0,6.3,69.4,14.8,0.6044,0.5265,0.1719,4.0561,0.3199,0.522,0.4662,-0.1042,0.6719,0.5766,0.1765,5.0948,0.3215,0.584,0.4928,0.0094,0.6381,0.5515,0.1742,4.5754,0.3207,0.553,0.4795,-0.0474,105.13,2429.0,0.8258,0.5948
2023-06-14,FARM0674,J,-7.948995,112.448766,327,3,56,8539,305.56,2.21,19.35,34.0,3.9,65.2,16.1,0.5584,0.5001,0.107,3.529,0.2665,0.4375,0.4091,-0.1725,0.5982,0.6192,0.2072,3.9781,0.3192,0.4819,0.4632,-0.1138,0.5783,0.5596,0.1571,3.7536,0.2928,0.4597,0.4361,-0.1431,115.97,2216.8,0.8429,0.5689500000000001
2024-08-07,FARM0674,J,-7.948995,112.448766,327,4,52,8843,291.22,2.31,9.27,30.2,1.3,68.6,14.3,0.6231,0.5831,0.1493,4.3058,0.3112,0.5025,0.467,-0.0746,0.5572,0.5121,0.1175,3.5163,0.2537,0.4142,0.3984,-0.1742,0.5901,0.5476,0.1334,3.911,0.2825,0.4583,0.4327,-0.1244,84.47,2071.72,0.8666,0.56885
2020-12-26,FARM0675,J,-7.940795,112.440941,688,1,48,8434,310.89,1.92,8.38,35.0,0.6,56.8,14.0,0.6499,0.5009,0.1449,4.7121,0.3165,0.5948,0.481,-0.0296,0.5666,0.5198,0.1725,3.6146,0.287,0.4312,0.4277,-0.1608,0.6082,0.5103,0.1587,4.1634,0.3017,0.513,0.4543,-0.0952,85.0,1988.0,0.8412999999999999,0.55925
2022-01-20,FARM0675,J,-7.940795,112.440941,688,2,48,9145,314.37,2.04,15.0,32.9,2.8,69.5,15.2,0.5939,0.5367,0.2138,3.9247,0.3452,0.4884,0.4789,-0.1205,0.5903,0.4941,0.1377,3.8821,0.2743,0.4234,0.4265,-0.1259,0.5921,0.5154,0.1758,3.9034,0.3097,0.4559,0.4527,-0.1232,100.49,2286.55,0.8242,0.55375
2023-02-14,FARM0675,J,-7.940795,112.440941,688,3,48,9247,294.18,2.38,23.54,34.8,7.1,72.9,16.3,0.5734,0.5287,0.1614,3.688,0.3028,0.503,0.4418,-0.151,0.6481,0.4806,0.1026,4.6835,0.2706,0.5089,0.4424,-0.0327,0.6107,0.5046,0.132,4.1858,0.2867,0.5059,0.4421,-0.0918,113.01,2536.92,0.868,0.55765
2024-03-10,FARM0675,J,-7.940795,112.440941,688,4,48,7935,273.84,1.59,6.47,34.4,32.6,68.7,17.0,0.6517,0.5522,0.145,4.7427,0.317,0.5272,0.4821,-0.0264,0.5935,0.5365,0.2116,3.9202,0.3205,0.4741,0.4623,-0.121,0.6226,0.5444,0.1783,4.3315,0.3188,0.5006,0.4722,-0.0737,83.88,2363.28,0.8217,0.5835
2020-12-26,FARM0676,J,-7.954716,112.453958,432,1,48,9216,339.14,3.11,29.69,29.7,5.1,67.4,16.5,0.5984,0.5377,0.1748,3.9803,0.3198,0.4724,0.4637,-0.1135,0.6597,0.5507,0.1463,4.8766,0.2989,0.544,0.4704,-0.0125,0.629,0.5442,0.1606,4.4285,0.3093,0.5082,0.4671,-0.063,115.84,2001.78,0.8394,0.5866
2022-03-21,FARM0676,J,-7.954716,112.453958,432,2,56,9674,350.24,2.29,19.66,35.0,3.7,59.4,15.5,0.554,0.5653,0.1599,3.484,0.2953,0.4321,0.4288,-0.1787,0.6446,0.6,0.1833,4.6274,0.318,0.523,0.4802,-0.0387,0.5993,0.5826,0.1716,4.0557,0.3067,0.4775,0.4545,-0.1087,117.04,2079.0,0.8284,0.5909500000000001
2023-05-15,FARM0676,J,-7.954716,112.453958,432,3,52,9390,277.65,2.15,12.65,35.0,2.0,63.3,16.8,0.5923,0.5208,0.1878,3.9061,0.3264,0.5308,0.4658,-0.1228,0.5827,0.5784,0.1264,3.7929,0.2658,0.4351,0.417,-0.1373,0.5875,0.5496,0.1571,3.8495,0.2961,0.4829,0.4414,-0.1301,84.96,2215.5,0.8429,0.56855
2024-07-08,FARM0676,J,-7.954716,112.453958,432,4,52,9307,292.95,2.23,17.7,33.4,2.4,64.3,15.8,0.6599,0.6015,0.1972,4.8806,0.3557,0.6078,0.5135,-0.0121,0.5662,0.5247,0.1657,3.6109,0.2829,0.42,0.4245,-0.1613,0.6131,0.5631,0.1814,4.2457,0.3193,0.5139,0.469,-0.0867,112.3,2147.62,0.8186,0.5881000000000001
2020-12-26,FARM0677,J,-7.967071,112.442842,645,1,48,9795,325.04,2.6,20.26,30.4,2.2,64.7,15.2,0.6683,0.5256,0.1689,5.0295,0.3381,0.5558,0.5041,0.0029,0.5342,0.5455,0.1062,3.294,0.2413,0.3968,0.3803,-0.2057,0.6013,0.5355,0.1375,4.1617,0.2897,0.4763,0.4422,-0.1014,115.12,1966.88,0.8625,0.5684
2022-02-19,FARM0677,J,-7.967071,112.442842,645,2,52,8169,269.1,2.85,24.58,35.0,2.8,59.9,13.9,0.6379,0.625,0.2115,4.5235,0.3591,0.5731,0.5067,-0.05,0.5792,0.5064,0.1347,3.7528,0.2693,0.4325,0.4187,-0.1425,0.6086,0.5657,0.1731,4.1381,0.3142,0.5028,0.4627,-0.0963,113.67,2096.5,0.8269,0.5871500000000001
2023-05-15,FARM0677,J,-7.967071,112.442842,645,3,56,8911,297.78,2.21,8.82,35.0,0.2,58.3,15.9,0.6474,0.4732,0.128,4.6716,0.305,0.5275,0.4711,-0.034,0.6356,0.468,0.1169,4.4881,0.2752,0.4515,0.4425,-0.054,0.6415,0.4706,0.1224,4.5799,0.2901,0.4895,0.4568,-0.044,86.47,2040.5,0.8776,0.5560499999999999
2024-08-07,FARM0677,J,-7.967071,112.442842,645,4,56,8044,259.36,2.37,15.99,30.6,4.0,72.4,16.5,0.5574,0.5297,0.1537,3.5184,0.2927,0.4262,0.4283,-0.1739,0.643,0.5707,0.1496,4.602,0.2963,0.5265,0.4625,-0.0415,0.6002,0.5502,0.1516,4.0602,0.2945,0.4764,0.4454,-0.1077,91.24,2215.44,0.8484,0.5751999999999999
2021-01-25,FARM0678,J,-7.956534,112.465296,695,1,52,8658,332.78,2.54,25.03,35.0,4.3,63.0,13.4,0.5461,0.5427,0.1392,3.4066,0.2805,0.43,0.4151,-0.1895,0.6211,0.6412,0.2095,4.2785,0.3283,0.4841,0.4788,-0.0778,0.5836,0.5919,0.1743,3.8425,0.3044,0.457,0.4469,-0.1337,117.28,2205.0,0.8257,0.58775
2022-04-20,FARM0678,J,-7.956534,112.465296,695,2,56,9021,331.8,2.1,14.35,35.0,2.0,54.2,16.7,0.6424,0.6299,0.2201,4.5931,0.3671,0.6071,0.514,-0.0424,0.5849,0.5428,0.1794,3.8179,0.297,0.486,0.4421,-0.1341,0.6136,0.5863,0.1997,4.2055,0.3321,0.5466,0.478,-0.0882,91.6,1897.0,0.8003,0.59995
2023-05-15,FARM0678,J,-7.956534,112.465296,695,3,48,8833,292.42,2.14,10.41,35.0,0.2,70.2,14.4,0.6552,0.5814,0.1265,4.8009,0.3063,0.5696,0.4749,-0.0203,0.5804,0.529,0.118,3.7662,0.2607,0.4624,0.4119,-0.1407,0.6178,0.5552,0.1222,4.2836,0.2835,0.516,0.4434,-0.0805,84.87,2457.0,0.8778,0.5865
2024-08-07,FARM0678,J,-7.956534,112.465296,695,4,56,8666,283.68,1.97,14.09,30.2,1.3,67.3,14.2,0.6613,0.6065,0.1537,4.9048,0.3256,0.5519,0.4921,-0.0096,0.6829,0.5787,0.1779,5.308,0.3256,0.5251,0.5,0.0299,0.6721,0.5926,0.1658,5.1064,0.3256,0.5385,0.4961,0.0101,84.87,2032.46,0.8342,0.63235
2021-02-24,FARM0679,J,-7.958924,112.460725,442,1,56,9151,354.6,2.73,20.81,35.0,19.9,57.3,15.1,0.6534,0.6156,0.1946,4.7707,0.3517,0.5704,0.5081,-0.0235,0.6832,0.5432,0.1933,5.3141,0.3363,0.5723,0.5084,0.0305,0.6683,0.5794,0.194,5.0424,0.344,0.5714,0.5082,0.0035,114.02,2005.5,0.806,0.62385
2022-03-21,FARM0679,J,-7.958924,112.460725,442,2,48,8139,291.01,2.6,20.09,35.0,1.4,58.8,13.5,0.6301,0.5477,0.2109,4.4065,0.3559,0.5824,0.5013,-0.0631,0.5584,0.5892,0.157,3.5295,0.2754,0.3989,0.416,-0.1724,0.5943,0.5684,0.1839,3.968,0.3156,0.4906,0.4586,-0.1177,115.05,2058.0,0.8161,0.58135
2023-05-15,FARM0679,J,-7.958924,112.460725,442,3,52,9242,274.06,2.04,8.12,35.0,2.7,67.7,16.8,0.6142,0.5667,0.2157,4.1847,0.3539,0.5241,0.4933,-0.0888,0.5568,0.5861,0.1101,3.5122,0.2498,0.4271,0.395,-0.1748,0.5855,0.5764,0.1629,3.8484,0.3019,0.4756,0.4442,-0.1318,85.69,2369.5,0.8371,0.5809500000000001
2024-07-08,FARM0679,J,-7.958924,112.460725,442,4,52,7776,282.97,2.51,27.25,30.4,0.3,58.6,16.4,0.5614,0.5549,0.1445,3.5598,0.2886,0.4738,0.4269,-0.1683,0.5776,0.5476,0.1858,3.7349,0.2986,0.4371,0.4404,-0.1448,0.5695,0.5513,0.1652,3.6473,0.2936,0.4555,0.4337,-0.1565,115.85,1781.44,0.8348,0.5604
2021-01-25,FARM0680,J,-7.95257,112.449677,748,1,52,8191,343.22,2.97,32.89,35.0,11.5,54.3,13.1,0.5826,0.5381,0.1443,3.7917,0.2954,0.4451,0.44,-0.1374,0.6705,0.6286,0.1945,5.0694,0.3333,0.5224,0.5014,0.0069,0.6265,0.5833,0.1694,4.4306,0.3143,0.4837,0.4707,-0.0653,112.98,1900.5,0.8306,0.6049
2022-03-21,FARM0680,J,-7.95257,112.449677,748,2,52,8601,307.89,2.89,31.08,35.0,1.1,63.8,14.9,0.5837,0.5192,0.1241,3.804,0.2838,0.4992,0.4317,-0.1358,0.5577,0.475,0.1274,3.5219,0.259,0.4269,0.4029,-0.1735,0.5707,0.4971,0.1258,3.6629,0.2714,0.4631,0.4173,-0.1546,113.93,2233.0,0.8742,0.5339
2023-06-14,FARM0680,J,-7.95257,112.449677,748,3,56,8325,282.33,2.24,13.13,33.5,1.6,68.8,13.4,0.6809,0.5467,0.2168,5.2682,0.3776,0.6743,0.5371,0.0261,0.6356,0.5554,0.2105,4.4886,0.3336,0.4969,0.4883,-0.0539,0.6583,0.551,0.2136,4.8784,0.3556,0.5856,0.5127,-0.0139,85.2,2304.8,0.7864,0.60465
2024-08-07,FARM0680,J,-7.95257,112.449677,748,4,52,8246,290.72,2.46,11.45,29.0,0.6,54.0,15.9,0.6631,0.5144,0.1553,4.9366,0.3272,0.5348,0.494,-0.0064,0.6608,0.5727,0.1951,4.8964,0.3308,0.5125,0.4959,-0.0105,0.662,0.5435,0.1752,4.9165,0.329,0.5236,0.495,-0.0084,85.56,1566.0,0.8248,0.60275
2020-12-26,FARM0681,J,-7.938386,112.434574,737,1,48,9572,314.93,2.85,32.11,34.4,3.8,53.2,16.5,0.6729,0.5172,0.176,5.1142,0.3444,0.6233,0.5106,0.0113,0.5932,0.5728,0.1575,3.9158,0.2864,0.469,0.4371,-0.1216,0.633,0.545,0.1667,4.515,0.3154,0.5462,0.4739,-0.0552,116.77,1830.08,0.8333,0.589
2022-02-19,FARM0681,J,-7.938386,112.434574,737,2,52,10240,303.09,2.6,22.68,35.0,2.5,56.5,16.3,0.6687,0.5421,0.2012,5.0372,0.3615,0.6418,0.5211,0.0037,0.6642,0.5303,0.1422,4.9557,0.2976,0.5438,0.4709,-0.0044,0.6665,0.5362,0.1717,4.9965,0.3296,0.5928,0.496,-0.0004,113.66,1977.5,0.8283,0.60135
2023-04-15,FARM0681,J,-7.938386,112.434574,737,3,52,8981,291.04,2.24,18.93,35.0,1.4,69.1,15.6,0.6393,0.5641,0.193,4.5445,0.3459,0.541,0.4984,-0.0477,0.6982,0.5617,0.1803,5.6275,0.3315,0.5882,0.5101,0.059,0.6688,0.5629,0.1866,5.086,0.3387,0.5646,0.5043,0.0057,117.19,2418.5,0.8134,0.61585
2024-07-08,FARM0681,J,-7.938386,112.434574,737,4,56,9462,257.15,2.29,12.2,34.1,1.4,71.9,15.4,0.622,0.5751,0.2182,4.2909,0.3585,0.5748,0.4996,-0.0763,0.646,0.5896,0.1328,4.6504,0.2871,0.541,0.456,-0.0362,0.634,0.5823,0.1755,4.4706,0.3228,0.5579,0.4778,-0.0563,84.19,2451.79,0.8245,0.60815
2020-12-26,FARM0682,J,-7.956593,112.454985,580,1,48,9314,327.12,2.76,19.6,33.8,2.7,63.6,16.3,0.6137,0.5023,0.1144,4.1771,0.2871,0.5017,0.445,-0.0897,0.55,0.5144,0.122,3.4441,0.2539,0.3882,0.396,-0.1843,0.5818,0.5083,0.1182,3.8106,0.2705,0.4449,0.4205,-0.137,113.93,2149.68,0.8818,0.54505
2022-02-19,FARM0682,J,-7.956593,112.454985,580,2,52,9375,297.4,2.49,17.15,34.8,1.0,53.8,16.8,0.619,0.5255,0.1804,4.25,0.3304,0.5385,0.4795,-0.0811,0.5832,0.5105,0.1253,3.7988,0.2654,0.4637,0.4168,-0.1365,0.6011,0.518,0.1528,4.0244,0.2979,0.5011,0.4481,-0.1088,109.18,1872.24,0.8472,0.55955
2023-04-15,FARM0682,J,-7.956593,112.454985,580,3,52,9258,311.13,1.68,9.87,35.0,0.4,57.4,14.8,0.5612,0.5181,0.1145,3.5581,0.2715,0.4393,0.414,-0.1685,0.6476,0.5967,0.1347,4.675,0.2886,0.5163,0.4578,-0.0336,0.6044,0.5574,0.1246,4.1166,0.2801,0.4778,0.4359,-0.101,86.68,2009.0,0.8754,0.5809
2024-05-09,FARM0682,J,-7.956593,112.454985,580,4,48,8689,313.52,1.84,8.24,35.0,0.4,63.0,14.5,0.63,0.593,0.1877,4.4056,0.3391,0.5821,0.4899,-0.0632,0.6368,0.5404,0.2002,4.5071,0.327,0.5293,0.4839,-0.0519,0.6334,0.5667,0.194,4.4563,0.333,0.5557,0.4869,-0.0575,83.36,2205.0,0.806,0.60005
2020-12-26,FARM0683,J,-7.940963,112.460099,572,1,48,8765,297.28,2.3,12.18,30.8,1.3,57.1,16.1,0.6193,0.5478,0.1598,4.2532,0.3167,0.4939,0.4697,-0.0807,0.6773,0.643,0.2053,5.1978,0.343,0.5809,0.5112,0.0194,0.6483,0.5954,0.1826,4.7255,0.3299,0.5374,0.4905,-0.0307,85.09,1758.68,0.8174,0.62185
2022-02-19,FARM0683,J,-7.940963,112.460099,572,2,52,9670,288.66,2.28,21.05,35.0,3.3,57.5,15.6,0.6312,0.4785,0.1372,4.4232,0.306,0.5465,0.4661,-0.0612,0.6011,0.6175,0.2188,4.0139,0.328,0.4901,0.4705,-0.1094,0.6162,0.548,0.178,4.2186,0.317,0.5183,0.4683,-0.0853,112.82,2012.5,0.8220000000000001,0.5821000000000001
2023-03-16,FARM0683,J,-7.940963,112.460099,572,3,48,8091,315.88,2.13,13.68,35.0,10.5,71.6,13.7,0.5856,0.4831,0.1379,3.8264,0.2925,0.4986,0.439,-0.133,0.6474,0.587,0.1859,4.6723,0.3206,0.5686,0.4832,-0.0339,0.6165,0.5351,0.1619,4.2493,0.3065,0.5336,0.4611,-0.0834,85.23,2506.0,0.8381000000000001,0.5758000000000001
2024-04-09,FARM0683,J,-7.940963,112.460099,572,4,48,8771,274.58,2.48,17.01,35.0,0.8,54.3,15.7,0.5832,0.5872,0.1972,3.7987,0.3296,0.4788,0.4642,-0.1365,0.7002,0.5685,0.1902,5.6714,0.339,0.5501,0.5167,0.0629,0.6417,0.5779,0.1937,4.735,0.3343,0.5144,0.4904,-0.0368,97.4,1900.5,0.8063,0.6098
2020-12-26,FARM0684,J,-7.961804,112.449597,319,1,48,9129,336.09,2.12,11.25,33.2,2.6,69.2,14.5,0.6332,0.5663,0.1816,4.4525,0.3358,0.5296,0.4889,-0.0579,0.6084,0.5297,0.1126,4.1074,0.2656,0.4724,0.4254,-0.098,0.6208,0.548,0.1471,4.2799,0.3007,0.501,0.4571,-0.078,83.39,2297.440000000001,0.8529,0.5844
2022-01-20,FARM0684,J,-7.961804,112.449597,319,2,48,7904,318.55,2.36,16.36,32.0,12.5,66.8,15.5,0.6109,0.5796,0.1402,4.1405,0.3018,0.5277,0.4554,-0.094,0.5786,0.5326,0.0972,3.7461,0.2494,0.4016,0.4019,-0.1434,0.5948,0.5561,0.1187,3.9433,0.2756,0.4646,0.4286,-0.1187,98.73,2137.6,0.8813,0.57545
2023-02-14,FARM0684,J,-7.961804,112.449597,319,3,48,9065,311.89,1.92,14.79,35.0,18.6,63.4,13.4,0.6129,0.6093,0.1827,4.1662,0.3299,0.5059,0.4766,-0.091,0.7008,0.5849,0.2194,5.6837,0.3604,0.6037,0.533,0.064,0.6568,0.5971,0.201,4.925,0.3452,0.5548,0.5048,-0.0135,97.3,2219.0,0.7989999999999999,0.62695
2024-03-10,FARM0684,J,-7.961804,112.449597,319,4,48,8006,254.38,2.14,10.93,35.0,14.5,64.7,14.2,0.6031,0.5155,0.1714,4.0391,0.3191,0.4905,0.4651,-0.1063,0.7149,0.6309,0.2135,6.0158,0.3602,0.6064,0.5383,0.0922,0.659,0.5732,0.1924,5.0274,0.3397,0.5485,0.5017,-0.007,86.16,2264.5,0.8076,0.6161000000000001
2021-01-25,FARM0685,J,-7.962033,112.439868,602,1,52,8071,299.6,2.33,23.76,33.4,2.5,68.2,14.4,0.5798,0.6132,0.1984,3.7598,0.3292,0.4667,0.4625,-0.1416,0.5597,0.5052,0.1053,3.5427,0.2483,0.4125,0.3947,-0.1706,0.5698,0.5592,0.1518,3.6513,0.2887,0.4396,0.4286,-0.1561,113.92,2277.88,0.8482000000000001,0.5645
2022-02-19,FARM0685,J,-7.962033,112.439868,602,2,48,8359,335.04,2.46,18.12,34.1,6.3,69.0,16.8,0.6329,0.5298,0.1306,4.4485,0.3024,0.5197,0.4639,-0.0584,0.6102,0.5506,0.1103,4.1312,0.2649,0.4361,0.4253,-0.0951,0.6216,0.5402,0.1204,4.2899,0.2836,0.4779,0.4446,-0.0768,113.08,2352.9,0.8796,0.5809
2023-05-15,FARM0685,J,-7.962033,112.439868,602,3,56,8309,286.9,2.07,9.96,35.0,0.1,62.8,16.3,0.6198,0.4848,0.1148,4.2604,0.2891,0.5049,0.4487,-0.0799,0.6953,0.5901,0.2021,5.5635,0.346,0.5965,0.5202,0.0533,0.6575,0.5374,0.1584,4.912,0.3176,0.5507,0.4845,-0.0133,84.38,2198.0,0.8416,0.59745
2024-07-08,FARM0685,J,-7.962033,112.439868,602,4,52,7339,245.71,2.56,13.59,34.1,1.6,55.4,14.5,0.681,0.6102,0.2012,5.2696,0.3655,0.6225,0.5289,0.0263,0.5517,0.5439,0.1493,3.4613,0.269,0.4267,0.4086,-0.1818,0.6164,0.577,0.1753,4.3655,0.3173,0.5246,0.4687,-0.0778,84.02,1889.14,0.8247,0.5967
2021-01-25,FARM0686,J,-7.936155,112.434882,366,1,52,9327,281.83,2.29,15.79,32.1,8.8,70.0,14.4,0.6145,0.537,0.1262,4.1875,0.2943,0.5167,0.4509,-0.0884,0.6663,0.6309,0.2109,4.9937,0.3437,0.5403,0.5075,-0.0006,0.6404,0.5839,0.1686,4.5906,0.319,0.5285,0.4792,-0.0445,113.55,2247.0,0.8314,0.61215
2022-04-20,FARM0686,J,-7.936155,112.434882,366,2,56,8742,286.08,2.15,9.04,35.0,1.7,66.6,16.9,0.5433,0.4835,0.1321,3.3796,0.2755,0.4284,0.4104,-0.1934,0.6233,0.499,0.1252,4.3093,0.2766,0.5126,0.4396,-0.0742,0.5833,0.4913,0.1287,3.8445,0.2761,0.4705,0.425,-0.1338,85.59,2331.0,0.8713,0.5373
2023-07-14,FARM0686,J,-7.936155,112.434882,366,3,56,9218,312.05,2.38,20.8,30.3,0.8,72.8,14.5,0.6494,0.5725,0.1854,4.705,0.3438,0.5373,0.501,-0.0304,0.6576,0.5707,0.1838,4.8403,0.3222,0.57,0.4882,-0.0162,0.6535,0.5716,0.1846,4.7727,0.333,0.5537,0.4946,-0.0233,116.65,2205.84,0.8154,0.6125499999999999
2024-09-06,FARM0686,J,-7.936155,112.434882,366,4,52,8688,262.7,2.32,10.96,26.3,0.5,66.8,13.6,0.5394,0.4988,0.1054,3.3423,0.2598,0.4302,0.397,-0.1987,0.6109,0.5243,0.1488,4.1401,0.2866,0.4991,0.4436,-0.0941,0.5752,0.5115,0.1271,3.7412,0.2732,0.4647,0.4203,-0.1464,86.38,1756.84,0.8729,0.54335
2021-01-25,FARM0687,J,-7.943114,112.445941,209,1,52,9907,320.2,2.5,16.91,35.0,1.2,60.4,14.3,0.6918,0.6013,0.1967,5.4884,0.3655,0.6749,0.5331,0.0466,0.5596,0.5888,0.1184,3.5415,0.2549,0.4082,0.4002,-0.1708,0.6257,0.5951,0.1575,4.515,0.3102,0.5416,0.4666,-0.0621,113.74,2114.0,0.8425,0.6104
2022-03-21,FARM0687,J,-7.943114,112.445941,209,2,52,9121,285.83,2.25,16.91,35.0,11.0,62.0,13.3,0.6329,0.595,0.1932,4.4475,0.3439,0.5955,0.4944,-0.0585,0.5715,0.5349,0.1023,3.6672,0.25,0.3912,0.4,-0.1538,0.6022,0.5649,0.1477,4.0573,0.297,0.4933,0.4472,-0.1061,106.16,2170.0,0.8523000000000001,0.58355
2023-04-15,FARM0687,J,-7.943114,112.445941,209,3,48,9333,295.67,2.58,22.71,35.0,1.1,61.6,13.5,0.6413,0.4976,0.1494,4.5752,0.3168,0.5599,0.478,-0.0444,0.5841,0.5138,0.1723,3.8085,0.2924,0.4289,0.4384,-0.1353,0.6127,0.5057,0.1609,4.1918,0.3046,0.4944,0.4582,-0.0898,117.28,2156.0,0.8391,0.5592
2024-07-08,FARM0687,J,-7.943114,112.445941,209,4,56,9144,283.96,2.52,21.12,29.0,1.4,69.4,15.2,0.5999,0.5855,0.2141,3.9993,0.3476,0.5133,0.483,-0.1112,0.6667,0.551,0.1804,5.0008,0.3226,0.5731,0.4919,0.0001,0.6333,0.5682,0.1973,4.5,0.3351,0.5432,0.4874,-0.0556,112.77,2012.6,0.8027,0.60075
2021-01-25,FARM0688,J,-7.93539,112.45196,679,1,52,8647,338.4,2.8,19.31,31.9,5.4,65.1,16.8,0.6901,0.6105,0.1919,5.4539,0.3613,0.6242,0.5295,0.0434,0.5881,0.619,0.1766,3.8558,0.2963,0.4561,0.4428,-0.1292,0.6391,0.6148,0.1843,4.6548,0.3288,0.5401,0.4862,-0.0429,115.56,2076.69,0.8157,0.62695
2022-04-20,FARM0688,J,-7.93539,112.45196,679,2,56,9310,327.55,2.34,26.29,35.0,2.1,56.1,15.1,0.629,0.5766,0.1921,4.3912,0.3419,0.5313,0.4914,-0.0648,0.6298,0.5834,0.1096,4.402,0.2697,0.4541,0.4358,-0.0636,0.6294,0.58,0.1509,4.3966,0.3058,0.4927,0.4636,-0.0642,112.84,1963.5,0.8491,0.6047
2023-07-14,FARM0688,J,-7.93539,112.45196,679,3,56,8722,265.81,2.68,21.48,30.4,0.9,72.6,16.4,0.5599,0.5971,0.1571,3.5444,0.2957,0.4828,0.4314,-0.1704,0.6597,0.5341,0.1821,4.8764,0.3217,0.5218,0.4886,-0.0125,0.6098,0.5656,0.1696,4.2104,0.3087,0.5023,0.46,-0.0914,114.34,2207.04,0.8304,0.5877
2024-08-07,FARM0688,J,-7.93539,112.45196,679,4,48,7992,248.27,1.97,11.38,32.1,1.3,67.8,16.2,0.54,0.5835,0.1189,3.3479,0.2672,0.3956,0.4029,-0.1979,0.5938,0.5965,0.1992,3.9239,0.3124,0.4826,0.4567,-0.1206,0.5669,0.59,0.1591,3.6359,0.2898,0.4391,0.4298,-0.1592,84.25,2176.38,0.8409,0.5784499999999999
2021-02-24,FARM0689,J,-7.935289,112.453478,666,1,56,8006,334.08,2.27,18.06,34.7,11.3,55.2,13.5,0.6052,0.5673,0.1299,4.0662,0.2938,0.5299,0.4472,-0.103,0.5958,0.5646,0.2134,3.9484,0.3226,0.4513,0.4646,-0.1175,0.6005,0.566,0.1717,4.0073,0.3082,0.4906,0.4559,-0.1103,105.71,1915.44,0.8283,0.58325
2022-05-20,FARM0689,J,-7.935289,112.453478,666,2,56,8404,268.3,1.91,7.75,35.0,2.1,62.0,16.6,0.5646,0.5774,0.14,3.5931,0.287,0.4821,0.4269,-0.1637,0.6325,0.5408,0.1588,4.4415,0.2989,0.4956,0.461,-0.0592,0.5985,0.5591,0.1494,4.0173,0.2929,0.4889,0.4439,-0.1114,86.23,2170.0,0.8506,0.5788
2023-07-14,FARM0689,J,-7.935289,112.453478,666,3,52,7647,277.27,2.32,12.37,28.7,0.9,66.7,15.8,0.6442,0.6151,0.181,4.621,0.339,0.6012,0.4955,-0.0394,0.6901,0.6455,0.2122,5.4528,0.3519,0.5546,0.5226,0.0433,0.6671,0.6303,0.1966,5.0369,0.3454,0.5779,0.5091,0.002,84.84,1914.29,0.8034,0.6487
2024-09-06,FARM0689,J,-7.935289,112.453478,666,4,52,7951,244.41,1.92,11.99,28.1,0.3,57.4,13.6,0.5837,0.5213,0.16,3.8042,0.3054,0.4569,0.4477,-0.1358,0.6319,0.5836,0.1619,4.4331,0.3006,0.4988,0.4621,-0.0601,0.6078,0.5525,0.1609,4.1187,0.303,0.4779,0.4549,-0.098,85.34,1612.94,0.8391,0.5801499999999999
2020-12-26,FARM0690,J,-7.954905,112.467804,580,1,48,9155,334.5,2.79,23.98,32.8,0.4,56.4,15.3,0.622,0.5448,0.1837,4.2907,0.3336,0.5598,0.4829,-0.0763,0.6288,0.6217,0.1836,4.3886,0.3135,0.4869,0.4709,-0.0651,0.6254,0.5832,0.1837,4.3397,0.3235,0.5233,0.4769,-0.0707,113.54,1849.92,0.8163,0.6043000000000001
2022-01-20,FARM0690,J,-7.954905,112.467804,580,2,48,9368,301.28,2.72,15.49,33.6,29.7,71.5,15.4,0.5918,0.5364,0.1893,3.8995,0.3273,0.5089,0.4662,-0.1237,0.587,0.5192,0.1401,3.8424,0.2746,0.438,0.4256,-0.1309,0.5894,0.5278,0.1647,3.8709,0.301,0.4735,0.4459,-0.1273,112.74,2402.4,0.8352999999999999,0.5586
2023-02-14,FARM0690,J,-7.954905,112.467804,580,3,48,9466,299.0,2.09,14.63,33.7,2.9,70.1,14.3,0.5719,0.5923,0.1794,3.672,0.3137,0.4531,0.4488,-0.1531,0.6763,0.5605,0.1567,5.1777,0.3099,0.5803,0.4851,0.0175,0.6241,0.5764,0.168,4.4248,0.3118,0.5167,0.4669,-0.0678,100.57,2362.37,0.832,0.60025
2024-05-09,FARM0690,J,-7.954905,112.467804,580,4,56,9284,250.23,1.94,6.55,33.9,3.8,65.3,16.8,0.6519,0.5672,0.1617,4.7447,0.3281,0.6043,0.4905,-0.0262,0.6495,0.6445,0.2104,4.7069,0.338,0.5327,0.4969,-0.0302,0.6507,0.6058,0.1861,4.7258,0.3331,0.5685,0.4937,-0.0282,85.26,2213.67,0.8139000000000001,0.62825
2020-12-26,FARM0691,J,-7.963902,112.467651,358,1,48,8627,287.96,2.77,29.11,30.1,0.5,63.9,16.0,0.6426,0.5024,0.1069,4.5957,0.2909,0.5774,0.458,-0.0421,0.6571,0.4869,0.1183,4.8328,0.2817,0.5359,0.455,-0.017,0.6498,0.4946,0.1126,4.7143,0.2863,0.5567,0.4565,-0.0296,113.36,1923.39,0.8874,0.5722
2022-01-20,FARM0691,J,-7.963902,112.467651,358,2,48,9621,302.86,2.51,14.92,32.3,6.0,60.9,15.3,0.6205,0.5777,0.1362,4.2698,0.3022,0.5399,0.4592,-0.0788,0.6222,0.5886,0.1485,4.2932,0.2897,0.4768,0.45,-0.0761,0.6213,0.5831,0.1423,4.2815,0.2959,0.5083,0.4546,-0.0774,104.54,1967.07,0.8577,0.6022
2023-04-15,FARM0691,J,-7.963902,112.467651,358,3,56,9328,284.66,2.46,15.91,35.0,1.9,58.2,15.7,0.6587,0.6215,0.2121,4.8595,0.3665,0.6129,0.5204,-0.0142,0.5745,0.5054,0.1034,3.7,0.2515,0.4336,0.4023,-0.1494,0.6166,0.5635,0.1578,4.2798,0.309,0.5232,0.4613,-0.0818,100.07,2037.0,0.8422000000000001,0.59005
2024-07-08,FARM0691,J,-7.963902,112.467651,358,4,56,8319,256.84,2.26,9.46,31.1,1.3,53.7,16.2,0.5722,0.6,0.1902,3.6746,0.3209,0.5044,0.4538,-0.1528,0.6322,0.5999,0.1292,4.4373,0.2813,0.4762,0.4465,-0.0596,0.6022,0.5999,0.1597,4.056,0.3011,0.4903,0.4501,-0.1062,83.56,1670.07,0.8403,0.60105
2021-01-25,FARM0692,J,-7.932877,112.445184,731,1,52,9719,349.03,2.68,21.84,33.2,5.0,55.9,16.2,0.5997,0.5093,0.106,3.9968,0.2783,0.5175,0.433,-0.1115,0.6292,0.5621,0.1378,4.3941,0.2854,0.4653,0.4489,-0.0645,0.6145,0.5357,0.1219,4.1954,0.2818,0.4914,0.441,-0.088,113.12,1855.88,0.8781,0.5751
2022-03-21,FARM0692,J,-7.932877,112.445184,731,2,52,8964,302.23,2.23,16.52,35.0,0.5,60.2,15.9,0.6308,0.512,0.1278,4.4166,0.3001,0.5083,0.4613,-0.062,0.5937,0.5622,0.167,3.9219,0.2923,0.4899,0.4418,-0.1208,0.6122,0.5371,0.1474,4.1693,0.2962,0.4991,0.4516,-0.0914,104.82,2107.0,0.8526,0.57465
2023-06-14,FARM0692,J,-7.932877,112.445184,731,3,56,8527,305.57,2.34,21.64,33.4,5.2,53.6,14.5,0.5467,0.5879,0.1437,3.4122,0.2833,0.4457,0.4173,-0.1888,0.6501,0.5918,0.1228,4.7162,0.2824,0.4775,0.4534,-0.0292,0.5984,0.5899,0.1333,4.0642,0.2828,0.4616,0.4353,-0.109,116.5,1790.24,0.8667,0.59415
2024-09-06,FARM0692,J,-7.932877,112.445184,731,4,56,9068,242.68,2.57,19.81,27.7,0.7,60.0,13.6,0.6151,0.5476,0.1701,4.1961,0.3221,0.4951,0.472,-0.0874,0.6926,0.6327,0.1933,5.5052,0.339,0.5964,0.5139,0.0481,0.6538,0.5902,0.1817,4.8507,0.3306,0.5457,0.4929,-0.0197,114.17,1662.0,0.8183,0.622
2021-01-25,FARM0693,J,-7.9364,112.443806,787,1,52,9447,296.0,2.58,19.28,33.3,9.3,54.6,16.5,0.6364,0.5685,0.1827,4.5001,0.3376,0.57,0.4914,-0.0526,0.6785,0.5436,0.2005,5.2202,0.3399,0.5998,0.5094,0.0215,0.6574,0.5561,0.1916,4.8602,0.3388,0.5849,0.5004,-0.0155,113.21,1818.18,0.8084,0.60675
2022-04-20,FARM0693,J,-7.9364,112.443806,787,2,56,9796,298.73,2.69,14.66,35.0,5.9,61.6,13.7,0.5797,0.5355,0.1522,3.7581,0.2992,0.4495,0.4417,-0.1418,0.6139,0.5633,0.1876,4.1803,0.3114,0.4774,0.4638,-0.0893,0.5968,0.5494,0.1699,3.9692,0.3053,0.4635,0.4527,-0.1155,104.9,2156.0,0.8301000000000001,0.5730999999999999
2023-07-14,FARM0693,J,-7.9364,112.443806,787,3,56,9908,260.52,2.21,13.9,32.4,0.3,65.0,13.6,0.6167,0.5299,0.1612,4.2176,0.3168,0.5488,0.4688,-0.0849,0.6544,0.4671,0.1027,4.7875,0.2722,0.4983,0.4458,-0.0217,0.6356,0.4985,0.1319,4.5026,0.2945,0.5235,0.4573,-0.0533,91.36,2106.0,0.8681,0.56705
2024-10-06,FARM0693,J,-7.9364,112.443806,787,4,56,9467,268.78,1.9,10.43,27.9,1.1,57.3,16.9,0.6681,0.5615,0.2174,5.0264,0.3739,0.5762,0.5293,0.0026,0.6376,0.5394,0.1366,4.5195,0.2871,0.4883,0.4532,-0.0505,0.6529,0.5505,0.177,4.7729,0.3305,0.5323,0.4912,-0.0239,85.32,1598.67,0.823,0.6017
2021-02-24,FARM0694,J,-7.961446,112.447779,257,1,56,10177,310.03,2.44,18.12,35.0,8.6,68.1,13.8,0.5957,0.5864,0.185,3.9469,0.3257,0.4821,0.4667,-0.1177,0.6235,0.6096,0.1778,4.3119,0.3081,0.4813,0.4649,-0.0739,0.6096,0.598,0.1814,4.1294,0.3169,0.4817,0.4658,-0.0958,116.23,2383.5,0.8186,0.6038
2022-04-20,FARM0694,J,-7.961446,112.447779,257,2,52,8824,276.11,2.58,14.16,35.0,3.4,62.5,13.3,0.6474,0.5404,0.1897,4.6729,0.3462,0.5543,0.5019,-0.0338,0.6948,0.6058,0.1694,5.5529,0.3232,0.6082,0.5023,0.0524,0.6711,0.5731,0.1796,5.1129,0.3347,0.5812,0.5021,0.0093,96.66,2187.5,0.8204,0.6221000000000001
2023-06-14,FARM0694,J,-7.961446,112.447779,257,3,52,9633,273.62,2.15,11.86,32.1,1.3,56.9,14.0,0.6391,0.6057,0.1594,4.541,0.3226,0.5736,0.4816,-0.0481,0.595,0.6396,0.2113,3.9385,0.3209,0.4654,0.4631,-0.1188,0.617,0.6226,0.1854,4.2398,0.3218,0.5195,0.4724,-0.0834,84.43,1826.49,0.8146,0.6198
2024-08-07,FARM0694,J,-7.961446,112.447779,257,4,52,8320,290.46,2.11,10.86,32.0,3.1,68.1,14.5,0.5848,0.5733,0.1466,3.8172,0.2975,0.4705,0.4424,-0.1342,0.5557,0.5262,0.1265,3.5013,0.2579,0.4121,0.4013,-0.1763,0.5703,0.5498,0.1365,3.6592,0.2777,0.4413,0.4218,-0.1552,85.45,2179.2,0.8634999999999999,0.5600499999999999
2020-12-26,FARM0695,J,-7.947667,112.458057,658,1,48,8997,328.73,1.92,15.71,32.1,13.0,59.8,15.3,0.6399,0.5942,0.1863,4.5541,0.3413,0.5321,0.4954,-0.0467,0.6745,0.503,0.1306,5.1441,0.2933,0.501,0.4706,0.0142,0.6572,0.5486,0.1584,4.8491,0.3173,0.5166,0.483,-0.0162,98.27,1919.58,0.8416,0.6029
2022-02-19,FARM0695,J,-7.947667,112.458057,658,2,52,8400,340.04,1.9,10.57,35.0,7.3,53.1,16.1,0.5625,0.5391,0.1554,3.5712,0.2955,0.4392,0.4323,-0.1667,0.6203,0.5214,0.171,4.2677,0.3028,0.4608,0.4597,-0.079,0.5914,0.5303,0.1632,3.9195,0.2992,0.45,0.446,-0.1229,84.68,1858.5,0.8368,0.5608500000000001
2023-05-15,FARM0695,J,-7.947667,112.458057,658,3,56,8963,294.88,1.75,7.88,35.0,0.9,68.2,15.7,0.6256,0.6244,0.2144,4.3421,0.3569,0.5712,0.5001,-0.0704,0.6367,0.4964,0.1325,4.5053,0.2844,0.4902,0.4506,-0.052,0.6312,0.5604,0.1734,4.4237,0.3206,0.5307,0.4754,-0.0612,84.72,2387.0,0.8266,0.5958
2024-07-08,FARM0695,J,-7.947667,112.458057,658,4,52,8593,257.66,1.67,5.57,30.9,0.4,64.8,13.1,0.5511,0.4732,0.1162,3.4553,0.2692,0.4166,0.4085,-0.1827,0.6274,0.5023,0.1494,4.3672,0.2917,0.5001,0.4535,-0.0675,0.5892,0.4877,0.1328,3.9113,0.2805,0.4583,0.431,-0.1251,85.94,2002.32,0.8672,0.53845
2021-02-24,FARM0696,J,-7.947036,112.459914,794,1,56,9154,314.7,2.05,8.11,33.7,0.6,72.0,13.1,0.5902,0.586,0.1635,3.8801,0.3097,0.5265,0.4533,-0.1261,0.6665,0.6049,0.209,4.9966,0.3423,0.5573,0.5066,-0.0003,0.6283,0.5955,0.1863,4.4384,0.326,0.5419,0.48,-0.0632,83.39,2426.4,0.8137,0.6119
2022-03-21,FARM0696,J,-7.947036,112.459914,794,2,48,8628,280.95,1.9,9.16,34.7,3.2,58.9,16.7,0.6782,0.5331,0.2007,5.216,0.3643,0.6382,0.5269,0.0211,0.5633,0.5789,0.1557,3.5795,0.2762,0.4204,0.4183,-0.1656,0.6208,0.556,0.1782,4.3977,0.3202,0.5293,0.4726,-0.0722,85.88,2043.83,0.8218,0.5884
2023-05-15,FARM0696,J,-7.947036,112.459914,794,3,52,9850,270.37,1.92,7.68,35.0,0.4,61.4,16.8,0.6153,0.5702,0.1727,4.1987,0.324,0.5284,0.4734,-0.0871,0.5448,0.584,0.1323,3.3933,0.2577,0.382,0.3973,-0.1914,0.58,0.5771,0.1525,3.796,0.2908,0.4552,0.4353,-0.1393,85.78,2149.0,0.8475,0.5785499999999999
2024-06-08,FARM0696,J,-7.947036,112.459914,794,4,48,8298,237.62,1.65,9.1,35.0,1.7,63.5,14.5,0.6175,0.5572,0.1871,4.2285,0.3345,0.5244,0.4817,-0.0836,0.557,0.4898,0.1085,3.5149,0.2491,0.408,0.3945,-0.1744,0.5873,0.5235,0.1478,3.8717,0.2918,0.4662,0.4381,-0.129,85.07,2222.5,0.8522000000000001,0.5554
2021-01-25,FARM0697,J,-7.965077,112.441406,388,1,52,8320,303.11,2.43,22.41,34.2,0.9,59.7,14.5,0.6382,0.5456,0.1612,4.5283,0.3236,0.5564,0.482,-0.0495,0.5936,0.6074,0.1481,3.9216,0.2811,0.4815,0.4331,-0.1209,0.6159,0.5765,0.1547,4.225,0.3024,0.5189,0.4576,-0.0852,113.86,2041.74,0.8452999999999999,0.5962000000000001
2022-03-21,FARM0697,J,-7.965077,112.441406,388,2,52,7698,273.88,2.58,11.24,35.0,38.1,64.9,15.9,0.5901,0.533,0.1595,3.8792,0.3072,0.5142,0.4515,-0.1262,0.6362,0.5827,0.1941,4.4969,0.3226,0.5153,0.4805,-0.053,0.6131,0.5579,0.1768,4.188,0.3149,0.5147,0.466,-0.0896,84.2,2271.5,0.8231999999999999,0.5854999999999999
2023-04-15,FARM0697,J,-7.965077,112.441406,388,3,48,8055,302.13,2.77,17.96,35.0,1.0,70.8,14.0,0.6116,0.6347,0.2001,4.1492,0.3416,0.534,0.4841,-0.093,0.5915,0.5537,0.119,3.8963,0.2644,0.4569,0.4188,-0.1241,0.6016,0.5942,0.1595,4.0228,0.303,0.4955,0.4514,-0.1085,107.33,2478.0,0.8405,0.5979
2024-06-08,FARM0697,J,-7.965077,112.441406,388,4,52,7951,245.48,2.49,11.99,32.3,1.1,69.8,13.4,0.6438,0.5461,0.2029,4.6149,0.3547,0.6111,0.5062,-0.0401,0.6738,0.6205,0.1854,5.1315,0.3281,0.5685,0.4986,0.013,0.6588,0.5833,0.1942,4.8732,0.3414,0.5898,0.5024,-0.0135,84.88,2254.54,0.8058,0.6210500000000001
2020-12-26,FARM0698,J,-7.944562,112.449985,657,1,48,9523,315.95,2.48,18.89,35.0,19.1,54.8,13.6,0.579,0.5807,0.1226,3.7511,0.2815,0.4984,0.4282,-0.1427,0.5638,0.4954,0.1504,3.5848,0.2734,0.4247,0.4163,-0.1648,0.5714,0.538,0.1365,3.668,0.2774,0.4616,0.4223,-0.1538,114.19,1918.0,0.8634999999999999,0.5547
2022-01-20,FARM0698,J,-7.944562,112.449985,657,2,48,8746,317.73,2.09,15.39,35.0,1.1,68.9,15.7,0.5985,0.5982,0.203,3.9812,0.3391,0.4983,0.4769,-0.1134,0.6299,0.599,0.1383,4.4038,0.2859,0.5291,0.4496,-0.0634,0.6142,0.5986,0.1706,4.1925,0.3125,0.5137,0.4632,-0.0884,106.44,2411.5,0.8294,0.6064
2023-02-14,FARM0698,J,-7.944562,112.449985,657,3,48,9275,328.63,2.36,20.24,34.9,9.5,56.4,14.3,0.5365,0.4908,0.1146,3.3147,0.2637,0.4152,0.3989,-0.2027,0.6137,0.477,0.1204,4.1771,0.2713,0.441,0.4319,-0.0897,0.5751,0.4839,0.1175,3.7459,0.2675,0.4281,0.4154,-0.1462,116.6,1968.36,0.8825000000000001,0.5295
2024-05-09,FARM0698,J,-7.944562,112.449985,657,4,56,9307,280.28,2.46,21.91,35.0,0.4,57.2,16.0,0.6048,0.5977,0.1833,4.0603,0.3276,0.5081,0.4717,-0.1037,0.6322,0.4553,0.1066,4.4373,0.2687,0.4591,0.4357,-0.0596,0.6185,0.5265,0.1449,4.2488,0.2981,0.4836,0.4537,-0.0817,115.91,2002.0,0.8551,0.5725
2020-12-26,FARM0699,J,-7.945914,112.459841,279,1,48,9109,300.96,2.22,21.17,29.4,0.2,66.7,13.1,0.6455,0.5404,0.2096,4.6424,0.3602,0.5554,0.5107,-0.0371,0.6683,0.5931,0.1883,5.0301,0.3284,0.5567,0.4969,0.003,0.6569,0.5668,0.1989,4.8363,0.3443,0.5561,0.5038,-0.017,115.76,1960.98,0.8011,0.61185
2022-03-21,FARM0699,J,-7.945914,112.459841,279,2,56,8977,327.78,2.18,16.76,35.0,10.9,56.0,14.8,0.5474,0.5005,0.1468,3.4193,0.2853,0.4191,0.4191,-0.1877,0.56,0.5188,0.1572,3.5456,0.276,0.4443,0.417,-0.1702,0.5537,0.5097,0.152,3.4824,0.2807,0.4317,0.4181,-0.179,100.66,1960.0,0.848,0.5317000000000001
2023-05-15,FARM0699,J,-7.945914,112.459841,279,3,52,8420,331.46,2.39,24.58,35.0,0.4,55.5,14.1,0.6236,0.4778,0.1265,4.3131,0.2972,0.5528,0.4565,-0.0738,0.6067,0.511,0.1253,4.0849,0.272,0.4364,0.4302,-0.1007,0.6151,0.4944,0.1259,4.199,0.2846,0.4946,0.4434,-0.0872,113.75,1942.5,0.8741,0.55475
2024-07-08,FARM0699,J,-7.945914,112.459841,279,4,52,7952,274.12,2.07,12.58,32.7,0.2,64.4,15.7,0.5361,0.495,0.125,3.3115,0.2693,0.4235,0.403,-0.2032,0.7086,0.6369,0.2074,5.8637,0.3538,0.6291,0.5311,0.0795,0.6224,0.566,0.1662,4.5876,0.3115,0.5263,0.467,-0.0618,84.86,2105.880000000001,0.8338,0.5942
2021-02-24,FARM0700,J,-7.948444,112.448329,705,1,56,9321,306.61,2.54,21.89,35.0,14.5,54.6,14.0,0.6547,0.6386,0.2169,4.7924,0.3689,0.5662,0.5203,-0.0212,0.6818,0.6311,0.1953,5.2853,0.3372,0.5369,0.5086,0.0277,0.6683,0.6349,0.2061,5.0388,0.3531,0.5515,0.5145,0.0033,113.1,1911.0,0.7939,0.6516
2022-03-21,FARM0700,J,-7.948444,112.448329,705,2,48,9033,313.56,2.01,12.6,35.0,5.7,70.2,17.0,0.6252,0.5295,0.1342,4.3364,0.3024,0.4971,0.4611,-0.0711,0.6988,0.5539,0.1866,5.6402,0.336,0.5574,0.5139,0.0602,0.662,0.5417,0.1604,4.9883,0.3192,0.5272,0.4875,-0.0055,88.47,2457.0,0.8396,0.60185
2023-04-15,FARM0700,J,-7.948444,112.448329,705,3,48,8666,323.68,1.91,14.13,35.0,0.8,58.3,14.6,0.6503,0.4933,0.1287,4.7186,0.3063,0.555,0.4731,-0.029,0.5938,0.5462,0.1269,3.9241,0.2693,0.4488,0.4237,-0.1206,0.6221,0.5197,0.1278,4.3214,0.2878,0.5019,0.4484,-0.0748,85.82,2040.5,0.8722,0.5709
2024-07-08,FARM0700,J,-7.948444,112.448329,705,4,56,8277,251.34,1.84,9.81,33.7,1.0,54.0,15.4,0.6151,0.5173,0.1582,4.1955,0.3143,0.4981,0.4663,-0.0875,0.6574,0.5607,0.1366,4.8372,0.2924,0.4943,0.4642,-0.0166,0.6362,0.539,0.1474,4.5163,0.3034,0.4962,0.4653,-0.052,86.11,1819.8,0.8526,0.5876
2021-01-25,FARM0701,J,-7.961622,112.444552,624,1,52,9765,291.19,2.32,13.55,33.7,8.0,60.7,13.1,0.6793,0.6206,0.2197,5.2366,0.3794,0.5924,0.5376,0.0231,0.5677,0.536,0.1644,3.6267,0.2826,0.445,0.4249,-0.1592,0.6235,0.5783,0.1921,4.4316,0.331,0.5187,0.4812,-0.068,100.39,2045.59,0.8079000000000001,0.6009
2022-04-20,FARM0701,J,-7.961622,112.444552,624,2,56,10087,293.06,2.31,18.76,35.0,2.0,68.9,15.5,0.586,0.5893,0.1511,3.8312,0.3006,0.4821,0.4452,-0.1323,0.6026,0.6467,0.212,4.033,0.3239,0.497,0.4683,-0.1071,0.5943,0.618,0.1816,3.9321,0.3123,0.4895,0.4567,-0.1197,115.17,2411.5,0.8184,0.60615
2023-07-14,FARM0701,J,-7.961622,112.444552,624,3,56,9868,297.59,2.47,15.61,29.2,0.0,67.0,16.3,0.6549,0.5737,0.1752,4.7955,0.3383,0.5848,0.4992,-0.0209,0.5267,0.4979,0.1103,3.2256,0.2411,0.3907,0.3776,-0.2157,0.5908,0.5358,0.1428,4.0105,0.2897,0.4878,0.4384,-0.1183,107.43,1956.4,0.8572,0.5633
2024-09-06,FARM0701,J,-7.961622,112.444552,624,4,52,8259,257.86,2.08,8.11,25.5,1.4,72.5,15.1,0.5504,0.4884,0.1494,3.4484,0.2878,0.4615,0.4221,-0.1836,0.6095,0.4563,0.0971,4.1214,0.2577,0.4434,0.4188,-0.0963,0.5799,0.4723,0.1232,3.7849,0.2727,0.4525,0.4205,-0.14,85.13,1848.75,0.8768,0.5261
2021-02-24,FARM0702,J,-7.952089,112.464352,347,1,56,8402,316.42,2.64,15.78,35.0,6.0,53.3,17.0,0.645,0.6304,0.2032,4.6342,0.3552,0.5888,0.5071,-0.038,0.6153,0.6183,0.1858,4.1992,0.3107,0.4805,0.4637,-0.0871,0.6302,0.6243,0.1945,4.4167,0.3329,0.5346,0.4854,-0.0625,103.7,1865.5,0.8055,0.62725
2022-03-21,FARM0702,J,-7.952089,112.464352,347,2,48,8985,346.82,2.35,15.15,34.7,5.6,66.6,16.0,0.6064,0.5612,0.1671,4.0816,0.3174,0.5288,0.4652,-0.1011,0.641,0.5203,0.1359,4.5713,0.2875,0.5352,0.4547,-0.0448,0.6237,0.5408,0.1515,4.3265,0.3025,0.532,0.4599,-0.073,102.62,2311.02,0.8485,0.5822499999999999
2023-04-15,FARM0702,J,-7.952089,112.464352,347,3,48,8847,267.57,1.9,8.56,35.0,1.2,53.1,16.4,0.5918,0.5652,0.1124,3.8994,0.2795,0.4886,0.4312,-0.1237,0.6572,0.5545,0.107,4.8335,0.2753,0.5183,0.4494,-0.0169,0.6245,0.5598,0.1097,4.3665,0.2774,0.5034,0.4403,-0.0703,85.18,1858.5,0.8903,0.59215
2024-07-08,FARM0702,J,-7.952089,112.464352,347,4,56,8747,247.71,1.89,7.09,32.4,2.9,72.0,14.5,0.6547,0.5862,0.1577,4.7927,0.3263,0.5864,0.4903,-0.0212,0.6462,0.6145,0.2048,4.6534,0.3331,0.5484,0.492,-0.0359,0.6505,0.6003,0.1813,4.723,0.3297,0.5674,0.4911,-0.0285,86.33,2332.8,0.8187,0.6254
2021-02-24,FARM0703,J,-7.955126,112.440187,532,1,56,8888,323.23,2.94,25.89,35.0,6.7,65.5,16.6,0.6835,0.5648,0.2021,5.3182,0.367,0.5917,0.5309,0.0308,0.623,0.6069,0.1578,4.3046,0.2955,0.4904,0.4549,-0.0747,0.6532,0.5859,0.18,4.8114,0.3313,0.5411,0.4929,-0.022,113.1,2292.5,0.8200000000000001,0.61955
2022-05-20,FARM0703,J,-7.955126,112.440187,532,2,56,9241,300.19,2.71,23.43,35.0,2.0,61.3,16.0,0.6358,0.5742,0.1635,4.491,0.3244,0.5197,0.4816,-0.0536,0.5769,0.5063,0.1192,3.7273,0.2603,0.4161,0.4105,-0.1458,0.6063,0.5402,0.1413,4.1091,0.2923,0.4679,0.4461,-0.0997,115.79,2145.5,0.8587,0.57325
2023-06-14,FARM0703,J,-7.955126,112.440187,532,3,48,8337,280.49,2.69,20.67,35.0,2.5,67.0,14.9,0.5921,0.5489,0.1485,3.9028,0.301,0.4864,0.4477,-0.1232,0.6096,0.6084,0.199,4.1235,0.3175,0.477,0.4665,-0.0961,0.6009,0.5787,0.1737,4.0132,0.3092,0.4817,0.4571,-0.1097,113.92,2345.0,0.8263,0.5898
2024-07-08,FARM0703,J,-7.955126,112.440187,532,4,48,9054,250.88,2.43,11.02,33.9,0.4,67.0,13.2,0.5593,0.5494,0.1641,3.5384,0.2997,0.4517,0.434,-0.1712,0.6151,0.5534,0.1326,4.1955,0.2785,0.4673,0.4384,-0.0875,0.5872,0.5514,0.1483,3.8669,0.2891,0.4595,0.4362,-0.1293,85.11,2271.3,0.8517,0.5693
2021-01-25,FARM0704,J,-7.959946,112.446024,797,1,52,9757,310.24,1.93,13.12,33.4,1.7,67.0,13.8,0.5948,0.5405,0.1895,3.9358,0.3284,0.4745,0.4682,-0.1191,0.6011,0.5607,0.1901,4.0138,0.309,0.4805,0.457,-0.1094,0.598,0.5506,0.1898,3.9748,0.3187,0.4775,0.4626,-0.1142,96.52,2237.8,0.8102,0.5743
2022-04-20,FARM0704,J,-7.959946,112.446024,797,2,56,9096,292.88,1.97,10.9,35.0,1.1,62.7,14.3,0.6534,0.5022,0.1221,4.7699,0.303,0.5133,0.4716,-0.0236,0.655,0.5466,0.2086,4.7974,0.3384,0.5133,0.4993,-0.0207,0.6542,0.5244,0.1653,4.7837,0.3207,0.5133,0.4855,-0.0221,86.47,2194.5,0.8347,0.5892999999999999
2023-05-15,FARM0704,J,-7.959946,112.446024,797,3,48,8154,271.78,1.74,8.14,35.0,1.1,62.0,15.0,0.5278,0.5508,0.1174,3.2356,0.2624,0.415,0.3948,-0.2142,0.5823,0.5468,0.1379,3.7886,0.272,0.4562,0.4219,-0.1378,0.5551,0.5488,0.1277,3.5121,0.2672,0.4356,0.4083,-0.176,85.13,2170.0,0.8723,0.5519499999999999
2024-06-08,FARM0704,J,-7.959946,112.446024,797,4,48,8293,263.76,1.8,7.63,31.7,4.0,57.7,15.3,0.5798,0.5148,0.1426,3.7599,0.2935,0.4457,0.4375,-0.1416,0.6268,0.6276,0.2212,4.3593,0.3384,0.518,0.4881,-0.0685,0.6033,0.5712,0.1819,4.0596,0.3159,0.4819,0.4628,-0.105,85.15,1829.09,0.8181,0.58725
2021-01-25,FARM0705,J,-7.953228,112.431503,670,1,52,9370,341.22,2.6,16.83,32.4,6.2,68.1,16.0,0.5726,0.5679,0.1812,3.6791,0.3152,0.5033,0.45,-0.1522,0.6473,0.6211,0.1928,4.6702,0.3252,0.5015,0.4866,-0.0341,0.6099,0.5945,0.187,4.1746,0.3202,0.5024,0.4683,-0.0932,116.13,2206.44,0.813,0.6022000000000001
2022-04-20,FARM0705,J,-7.953228,112.431503,670,2,56,9269,296.08,2.69,29.95,35.0,2.8,53.5,16.1,0.5713,0.5414,0.1554,3.6653,0.2984,0.4696,0.4379,-0.154,0.6229,0.5913,0.2007,4.3037,0.3229,0.4938,0.4756,-0.0748,0.5971,0.5664,0.1781,3.9845,0.3107,0.4817,0.4567,-0.1144,115.1,1872.5,0.8219,0.58175
2023-05-15,FARM0705,J,-7.953228,112.431503,670,3,48,9676,319.52,2.26,11.58,35.0,0.4,55.2,14.4,0.6501,0.5941,0.1907,4.7161,0.3478,0.5727,0.504,-0.0292,0.5605,0.5227,0.1631,3.5502,0.2795,0.4037,0.4198,-0.1696,0.6053,0.5584,0.1769,4.1331,0.3136,0.4882,0.4619,-0.0994,83.63,1932.0,0.8230999999999999,0.58185
2024-06-08,FARM0705,J,-7.953228,112.431503,670,4,48,8685,296.89,2.14,16.34,33.9,0.3,69.0,14.8,0.5846,0.5617,0.179,3.8148,0.3179,0.4651,0.4568,-0.1345,0.5411,0.6067,0.1367,3.3584,0.2589,0.3999,0.3969,-0.1964,0.5629,0.5842,0.1578,3.5866,0.2884,0.4325,0.4269,-0.1654,97.08,2339.1,0.8422000000000001,0.57355
2021-02-24,FARM0706,J,-7.938787,112.440225,797,1,56,9186,318.65,2.52,26.03,35.0,17.2,69.5,13.2,0.633,0.5559,0.1858,4.449,0.3387,0.5657,0.4908,-0.0583,0.601,0.5777,0.2079,4.0126,0.3205,0.5123,0.4653,-0.1096,0.617,0.5668,0.1968,4.2308,0.3296,0.539,0.4781,-0.0839,115.1,2432.5,0.8032,0.5919
2022-03-21,FARM0706,J,-7.938787,112.440225,797,2,48,8634,303.64,2.55,26.97,35.0,11.3,57.4,14.8,0.595,0.5595,0.1702,3.9387,0.3157,0.5137,0.4595,-0.1187,0.6676,0.5316,0.1899,5.0171,0.3293,0.5566,0.4973,0.0017,0.6313,0.5456,0.1801,4.4779,0.3225,0.5351,0.4784,-0.0585,115.35,2009.0,0.8199,0.5884499999999999
2023-06-14,FARM0706,J,-7.938787,112.440225,797,3,56,8296,291.14,2.53,14.68,31.2,0.8,58.1,13.9,0.5577,0.4935,0.1269,3.5213,0.2773,0.4172,0.4171,-0.1735,0.5942,0.5456,0.116,3.9287,0.2635,0.4256,0.419,-0.12,0.5759,0.5196,0.1215,3.725,0.2704,0.4214,0.418,-0.1468,83.94,1812.72,0.8785000000000001,0.54775
2024-07-08,FARM0706,J,-7.938787,112.440225,797,4,48,8172,284.89,1.87,10.68,30.0,0.0,72.4,16.0,0.6137,0.5396,0.1507,4.1774,0.3092,0.5317,0.462,-0.0896,0.6666,0.4706,0.1244,4.9989,0.2876,0.5557,0.4632,-0.0001,0.6402,0.5051,0.1376,4.5881,0.2984,0.5437,0.4626,-0.0449,84.76,2172.0,0.8624,0.57265
2021-01-25,FARM0707,J,-7.960502,112.453799,581,1,52,9543,332.5,2.1,11.97,31.7,3.1,69.4,14.9,0.5657,0.5878,0.1286,3.6048,0.2808,0.4318,0.4227,-0.1621,0.6655,0.6022,0.1851,4.9791,0.3255,0.5106,0.4936,-0.0021,0.6156,0.595,0.1569,4.292,0.3031,0.4712,0.4581,-0.0821,90.79,2199.98,0.8431,0.6053
2022-03-21,FARM0707,J,-7.960502,112.453799,581,2,52,9711,336.63,1.81,14.11,35.0,4.1,72.3,13.1,0.6294,0.4896,0.1507,4.397,0.314,0.4954,0.4716,-0.0642,0.7027,0.565,0.2194,5.7272,0.361,0.6145,0.5342,0.0678,0.6661,0.5273,0.185,5.0621,0.3375,0.555,0.5029,0.0018,106.99,2530.5,0.815,0.5967
2023-05-15,FARM0707,J,-7.960502,112.453799,581,3,52,8507,271.27,1.71,5.27,35.0,0.2,54.2,14.9,0.6581,0.5578,0.1299,4.8497,0.3092,0.5339,0.4782,-0.0153,0.6855,0.6232,0.2069,5.3592,0.3466,0.5716,0.517,0.0347,0.6718,0.5905,0.1684,5.1044,0.3279,0.5527,0.4976,0.0097,85.13,1897.0,0.8316,0.63115
2024-08-07,FARM0707,J,-7.960502,112.453799,581,4,56,8277,318.99,1.7,12.31,31.2,10.3,59.2,15.7,0.5855,0.5525,0.186,3.8245,0.3228,0.4907,0.4606,-0.1332,0.6793,0.6269,0.2189,5.237,0.3535,0.6056,0.5197,0.0231,0.6324,0.5897,0.2024,4.5307,0.3382,0.5482,0.4901,-0.055,83.92,1847.04,0.7976,0.61105
2020-12-26,FARM0708,J,-7.955637,112.438139,383,1,48,9736,295.23,2.27,11.32,30.5,4.9,71.2,13.5,0.6907,0.632,0.2195,5.4668,0.383,0.6718,0.5448,0.0446,0.6351,0.4576,0.1023,4.4804,0.2671,0.4632,0.4352,-0.0548,0.6629,0.5448,0.1609,4.9736,0.325,0.5675,0.49,-0.0051,91.55,2171.6,0.8391,0.60385
2022-02-19,FARM0708,J,-7.955637,112.438139,383,2,52,8839,282.14,2.35,11.65,33.4,27.7,58.1,16.3,0.5575,0.5958,0.1649,3.5199,0.2996,0.4325,0.4332,-0.1737,0.6671,0.5348,0.1906,5.0069,0.3296,0.5633,0.4973,0.0007,0.6123,0.5653,0.1777,4.2634,0.3146,0.4979,0.4653,-0.0865,84.96,1940.54,0.8223,0.5888
2023-03-16,FARM0708,J,-7.955637,112.438139,383,3,48,8117,256.95,1.75,9.84,35.0,10.3,55.5,15.1,0.636,0.6356,0.2013,4.4945,0.3509,0.5402,0.5004,-0.0532,0.6077,0.5581,0.215,4.0985,0.3277,0.5271,0.473,-0.0991,0.6219,0.5969,0.2082,4.2965,0.3393,0.5337,0.4867,-0.0762,83.45,1942.5,0.7918000000000001,0.6093999999999999
2024-05-09,FARM0708,J,-7.955637,112.438139,383,4,52,9176,298.41,2.2,11.15,35.0,1.9,67.6,16.3,0.6448,0.5835,0.1942,4.6303,0.3486,0.595,0.5025,-0.0384,0.6335,0.5219,0.1123,4.4574,0.2722,0.4878,0.4392,-0.0574,0.6392,0.5527,0.1533,4.5438,0.3104,0.5414,0.4708,-0.0479,84.33,2366.0,0.8467,0.59595
2020-12-26,FARM0709,J,-7.940028,112.464499,319,1,48,9433,279.51,2.31,20.07,33.4,1.4,68.0,13.3,0.6332,0.6019,0.1882,4.4525,0.3405,0.55,0.4922,-0.0579,0.6447,0.5229,0.1188,4.6294,0.2787,0.5065,0.4484,-0.0385,0.639,0.5624,0.1535,4.541,0.3096,0.5282,0.4703,-0.0482,112.93,2271.2,0.8465,0.6007
2022-03-21,FARM0709,J,-7.940028,112.464499,319,2,56,8406,307.53,2.03,15.31,34.7,9.8,72.8,14.7,0.5919,0.5244,0.1608,3.9008,0.3086,0.5141,0.4532,-0.1235,0.6014,0.6413,0.2001,4.0174,0.3155,0.4537,0.4619,-0.109,0.5966,0.5828,0.1804,3.9591,0.312,0.4839,0.4575,-0.1162,97.36,2526.16,0.8196,0.5897
2023-05-15,FARM0709,J,-7.940028,112.464499,319,3,52,8813,269.76,2.0,11.6,34.4,0.4,66.0,14.9,0.6211,0.571,0.1752,4.2788,0.3275,0.5307,0.4782,-0.0777,0.649,0.6231,0.2189,4.6987,0.3439,0.5604,0.5009,-0.0311,0.6351,0.597,0.197,4.4887,0.3357,0.5455,0.4896,-0.0544,84.79,2270.4,0.8029999999999999,0.61605
2024-06-08,FARM0709,J,-7.940028,112.464499,319,4,48,8990,285.11,1.6,8.36,34.1,0.8,57.4,16.8,0.5869,0.579,0.1281,3.8412,0.2871,0.5142,0.4354,-0.1311,0.64,0.5505,0.2017,4.5555,0.3289,0.5284,0.4866,-0.0465,0.6134,0.5647,0.1649,4.1983,0.308,0.5213,0.461,-0.0888,84.85,1957.34,0.8351,0.58905
2021-02-24,FARM0710,J,-7.969906,112.444826,569,1,56,9780,337.11,2.62,25.33,34.4,3.2,72.9,16.4,0.6478,0.6043,0.1804,4.6785,0.3397,0.5882,0.4974,-0.0332,0.6139,0.6053,0.153,4.1807,0.29,0.499,0.4473,-0.0892,0.6309,0.6048,0.1667,4.4296,0.3148,0.5436,0.4724,-0.0612,115.5,2507.76,0.8333,0.61785
2022-05-20,FARM0710,J,-7.969906,112.444826,569,2,56,8513,351.19,2.43,20.58,34.7,2.9,64.7,14.0,0.6474,0.5952,0.1441,4.6718,0.3152,0.5524,0.4791,-0.0339,0.6264,0.5677,0.2214,4.3531,0.3383,0.5371,0.4879,-0.0692,0.6369,0.5814,0.1827,4.5125,0.3267,0.5447,0.4835,-0.0515,113.02,2245.09,0.8173,0.6091500000000001
2023-07-14,FARM0710,J,-7.969906,112.444826,569,3,52,9056,334.08,2.35,14.05,29.0,1.8,62.6,13.0,0.6239,0.6334,0.2026,4.3182,0.3477,0.5308,0.4933,-0.0732,0.5534,0.5168,0.1053,3.4782,0.2465,0.4201,0.391,-0.1795,0.5887,0.5751,0.1539,3.8982,0.2971,0.4755,0.4422,-0.1263,91.2,1815.4,0.8461,0.5819
2024-09-06,FARM0710,J,-7.969906,112.444826,569,4,52,8671,296.62,2.02,18.55,26.0,1.4,65.2,14.3,0.6721,0.5499,0.18,5.0989,0.347,0.6366,0.5122,0.0098,0.6272,0.6442,0.1959,4.3642,0.321,0.483,0.4759,-0.0679,0.6496,0.597,0.188,4.7315,0.334,0.5598,0.494,-0.0291,107.03,1695.2,0.812,0.6233
2020-12-26,FARM0711,J,-7.93175,112.465763,657,1,48,8268,332.0,2.32,21.8,29.9,8.1,54.2,13.7,0.5686,0.5424,0.1122,3.6357,0.2725,0.4377,0.4174,-0.158,0.5728,0.4971,0.1125,3.682,0.2557,0.447,0.4053,-0.1518,0.5707,0.5197,0.1124,3.6589,0.2641,0.4423,0.4113,-0.1549,112.89,1620.58,0.8876,0.5452
2022-03-21,FARM0711,J,-7.93175,112.465763,657,2,56,8150,319.45,2.18,16.37,35.0,6.6,70.9,16.1,0.622,0.5816,0.2069,4.2916,0.3501,0.5137,0.4941,-0.0762,0.6719,0.5336,0.1307,5.0961,0.2927,0.5418,0.4693,0.0095,0.647,0.5576,0.1688,4.6938,0.3214,0.5277,0.4817,-0.0334,106.03,2481.5,0.8311999999999999,0.6023000000000001
2023-06-14,FARM0711,J,-7.93175,112.465763,657,3,56,9234,243.2,2.33,11.39,32.7,1.7,59.7,14.4,0.6163,0.5652,0.1401,4.2119,0.3033,0.5542,0.4586,-0.0856,0.6779,0.5657,0.1821,5.2095,0.327,0.5614,0.4993,0.0205,0.6471,0.5654,0.1611,4.7107,0.3152,0.5578,0.4789,-0.0325,84.31,1952.19,0.8389,0.60625
2024-09-06,FARM0711,J,-7.93175,112.465763,657,4,56,8206,258.91,1.82,8.75,26.5,1.4,54.0,16.3,0.6865,0.6209,0.2167,5.3794,0.3794,0.6788,0.5406,0.0366,0.5502,0.4993,0.112,3.4467,0.2489,0.4126,0.392,-0.1839,0.6184,0.5601,0.1644,4.4131,0.3141,0.5457,0.4663,-0.0737,84.58,1431.0,0.8356,0.58925
2021-02-24,FARM0712,J,-7.963627,112.436464,777,1,56,9599,330.65,2.74,30.03,35.0,14.1,59.0,14.2,0.5941,0.5417,0.2165,3.9269,0.3472,0.4899,0.4802,-0.1202,0.5581,0.4925,0.1021,3.5261,0.2462,0.438,0.3924,-0.1729,0.5761,0.5171,0.1593,3.7265,0.2967,0.464,0.4363,-0.1465,113.88,2065.0,0.8407,0.5466
2022-05-20,FARM0712,J,-7.963627,112.436464,777,2,56,8686,280.15,2.67,12.42,35.0,2.3,72.7,16.4,0.6631,0.5333,0.1617,4.9366,0.3315,0.5712,0.4973,-0.0064,0.6593,0.5996,0.1434,4.8698,0.297,0.55,0.4687,-0.0132,0.6612,0.5664,0.1526,4.9032,0.3143,0.5606,0.483,-0.0098,85.68,2544.5,0.8473999999999999,0.6138
2023-08-13,FARM0712,J,-7.963627,112.436464,777,3,56,8280,301.22,2.11,15.26,28.8,1.5,63.7,13.9,0.689,0.5917,0.1961,5.4309,0.3642,0.6652,0.5311,0.0413,0.6324,0.5731,0.1079,4.4414,0.2695,0.463,0.4365,-0.0592,0.6607,0.5824,0.152,4.9361,0.3168,0.5641,0.4838,-0.0089,90.74,1834.56,0.848,0.62155
2024-10-06,FARM0712,J,-7.963627,112.436464,777,4,52,8884,250.81,2.38,17.59,27.4,0.1,64.6,15.3,0.6225,0.5021,0.1609,4.2983,0.3185,0.5364,0.4722,-0.0755,0.6192,0.5464,0.2172,4.2516,0.333,0.5272,0.4813,-0.0809,0.6208,0.5243,0.189,4.2749,0.3257,0.5318,0.4768,-0.0782,105.49,1770.04,0.8109999999999999,0.57255
2021-02-24,FARM0713,J,-7.962244,112.442885,786,1,56,8677,316.2,2.24,13.5,34.6,6.6,57.2,13.8,0.6024,0.581,0.1776,4.03,0.323,0.5304,0.4675,-0.1074,0.6391,0.6275,0.2131,4.5415,0.3366,0.5487,0.4918,-0.0481,0.6207,0.6042,0.1953,4.2857,0.3298,0.5396,0.4797,-0.0777,90.78,1979.12,0.8047,0.6124499999999999
2022-05-20,FARM0713,J,-7.962244,112.442885,786,2,56,9724,310.32,2.77,32.62,35.0,1.7,63.3,15.5,0.6026,0.5594,0.1729,4.0322,0.3199,0.4897,0.4655,-0.1071,0.6688,0.5062,0.1495,5.038,0.3033,0.5095,0.4771,0.0038,0.6357,0.5328,0.1612,4.5351,0.3116,0.4996,0.4713,-0.0517,116.02,2215.5,0.8388,0.58425
2023-08-13,FARM0713,J,-7.962244,112.442885,786,3,56,9379,271.99,1.91,8.44,30.4,1.3,66.6,14.7,0.5661,0.5278,0.1632,3.6089,0.3014,0.4701,0.4379,-0.1616,0.6508,0.6311,0.184,4.7269,0.3203,0.522,0.4842,-0.0281,0.6084,0.5794,0.1736,4.1679,0.3109,0.4961,0.4611,-0.0948,83.93,2024.64,0.8264,0.5939000000000001
2024-11-05,FARM0713,J,-7.962244,112.442885,786,4,56,9253,289.1,2.02,15.46,30.6,6.3,70.8,14.0,0.5753,0.5822,0.1842,3.7087,0.318,0.5127,0.4531,-0.1483,0.5792,0.5852,0.1563,3.753,0.2815,0.4574,0.4283,-0.1425,0.5772,0.5837,0.1702,3.7308,0.2998,0.4851,0.4407,-0.1454,99.73,2166.48,0.8298,0.58045
2021-01-25,FARM0714,J,-7.938962,112.431046,323,1,52,9388,359.52,2.67,17.86,32.3,3.4,54.5,14.8,0.6327,0.5003,0.1599,4.4445,0.321,0.508,0.478,-0.0588,0.6561,0.5764,0.1457,4.8157,0.2975,0.5549,0.4681,-0.0188,0.6444,0.5384,0.1528,4.6301,0.3093,0.5315,0.473,-0.0388,116.93,1760.35,0.8472,0.5913999999999999
2022-02-19,FARM0714,J,-7.938962,112.431046,323,2,48,9407,325.2,2.32,16.37,35.0,24.0,59.7,13.8,0.6199,0.5629,0.1144,4.2623,0.289,0.4729,0.4486,-0.0796,0.5981,0.5028,0.1653,3.9765,0.2926,0.4445,0.4437,-0.114,0.609,0.5329,0.1399,4.1194,0.2908,0.4587,0.4462,-0.0968,112.18,2089.5,0.8601,0.5709500000000001
2023-05-15,FARM0714,J,-7.938962,112.431046,323,3,56,8582,301.74,2.2,10.39,33.8,0.1,60.1,15.5,0.5257,0.5527,0.1243,3.2169,0.2655,0.385,0.3962,-0.217,0.6155,0.5266,0.1845,4.2012,0.3099,0.4647,0.4632,-0.0868,0.5706,0.5396,0.1544,3.7091,0.2877,0.4249,0.4297,-0.1519,84.09,2031.38,0.8456,0.5550999999999999
2024-08-07,FARM0714,J,-7.938962,112.431046,323,4,56,8887,284.05,1.88,9.87,31.5,0.1,65.2,16.1,0.6169,0.5607,0.1979,4.221,0.3419,0.5331,0.4865,-0.0845,0.5893,0.5842,0.1164,3.8696,0.2623,0.4381,0.4163,-0.1274,0.6031,0.5725,0.1571,4.0453,0.3021,0.4856,0.4514,-0.106,84.81,2053.8,0.8429,0.5878
2020-12-26,FARM0715,J,-7.949669,112.463688,461,1,48,8906,337.6,2.61,14.9,34.0,3.6,65.3,16.5,0.649,0.5265,0.1716,4.6976,0.334,0.5592,0.4937,-0.0312,0.6553,0.6125,0.2115,4.803,0.3406,0.5662,0.501,-0.0201,0.6522,0.5695,0.1916,4.7503,0.3373,0.5627,0.4974,-0.0256,107.35,2220.2,0.8084,0.61085
2022-01-20,FARM0715,J,-7.949669,112.463688,461,2,48,9280,293.99,2.08,14.48,31.9,21.0,60.6,16.7,0.6976,0.6099,0.2094,5.6134,0.3772,0.626,0.5436,0.0578,0.6192,0.5214,0.1548,4.2517,0.2926,0.4682,0.4512,-0.0809,0.6584,0.5657,0.1821,4.9325,0.3349,0.5471,0.4974,-0.0115,98.41,1933.14,0.8179,0.61205
2023-04-15,FARM0715,J,-7.949669,112.463688,461,3,56,8713,318.8,2.18,11.63,34.6,0.2,64.3,13.8,0.5978,0.5848,0.1665,3.973,0.3142,0.536,0.4595,-0.1145,0.6028,0.5357,0.1198,4.0352,0.2679,0.481,0.4255,-0.1068,0.6003,0.5602,0.1431,4.0041,0.2911,0.5085,0.4425,-0.1106,85.88,2224.78,0.8569,0.5802499999999999
2024-06-08,FARM0715,J,-7.949669,112.463688,461,4,52,8730,277.12,2.53,21.6,35.0,0.9,60.1,14.1,0.6359,0.5015,0.1582,4.4925,0.3209,0.5382,0.4791,-0.0535,0.6486,0.5101,0.1478,4.6911,0.2968,0.5143,0.4649,-0.0319,0.6422,0.5058,0.153,4.5918,0.3088,0.5262,0.472,-0.0427,116.97,2103.5,0.847,0.5740000000000001
2021-02-24,FARM0716,J,-7.931516,112.457528,634,1,56,8846,317.45,2.16,20.51,35.0,15.2,58.2,16.5,0.622,0.5065,0.1684,4.2903,0.3233,0.5156,0.4755,-0.0764,0.6698,0.5575,0.1851,5.057,0.3267,0.5176,0.4961,0.0057,0.6459,0.532,0.1767,4.6737,0.325,0.5166,0.4858,-0.0354,112.96,2037.0,0.8233,0.5889500000000001
2022-03-21,FARM0716,J,-7.931516,112.457528,634,2,48,9283,306.38,2.08,14.16,35.0,3.5,63.2,13.7,0.638,0.4977,0.1409,4.5247,0.3103,0.5654,0.4719,-0.0499,0.6326,0.5943,0.1567,4.4435,0.2976,0.5216,0.46,-0.0589,0.6353,0.546,0.1488,4.4841,0.304,0.5435,0.466,-0.0544,94.62,2212.0,0.8512,0.59065
2023-05-15,FARM0716,J,-7.931516,112.457528,634,3,52,9250,283.48,2.07,11.37,35.0,1.7,66.0,15.8,0.6408,0.5448,0.1362,4.5687,0.3082,0.5377,0.4713,-0.0451,0.6274,0.5707,0.1792,4.3682,0.3102,0.4833,0.4679,-0.0674,0.6341,0.5577,0.1577,4.4684,0.3092,0.5105,0.4696,-0.0563,83.4,2310.0,0.8423,0.5959
2024-06-08,FARM0716,J,-7.931516,112.457528,634,4,48,9212,304.67,2.26,10.34,34.2,0.0,67.8,14.1,0.6358,0.6205,0.1952,4.4908,0.3463,0.5934,0.4972,-0.0537,0.6777,0.6255,0.1913,5.2053,0.3332,0.6067,0.504,0.0201,0.6567,0.623,0.1932,4.848,0.3397,0.6,0.5006,-0.0168,84.1,2318.76,0.8068,0.63985
2021-01-25,FARM0717,J,-7.934863,112.448534,656,1,52,8100,361.71,2.7,33.99,33.7,3.2,58.3,13.5,0.5873,0.4786,0.1264,3.8462,0.2862,0.4994,0.4349,-0.1304,0.5845,0.5605,0.1718,3.8138,0.2923,0.4825,0.4384,-0.1346,0.5859,0.5196,0.1491,3.83,0.2893,0.491,0.4366,-0.1325,115.39,1964.71,0.8509,0.55275
2022-03-21,FARM0717,J,-7.934863,112.448534,656,2,52,8949,336.34,2.66,32.77,35.0,19.6,67.8,16.5,0.514,0.5503,0.1058,3.1149,0.2519,0.4154,0.3816,-0.2323,0.523,0.4684,0.0971,3.1932,0.2337,0.3969,0.3702,-0.2205,0.5185,0.5093,0.1015,3.154,0.2428,0.4061,0.3759,-0.2264,116.28,2373.0,0.8985,0.5139
2023-06-14,FARM0717,J,-7.934863,112.448534,656,3,56,8182,286.71,2.38,16.2,33.0,1.6,70.9,15.4,0.6554,0.5729,0.1948,4.804,0.3525,0.5826,0.5095,-0.02,0.6491,0.5941,0.1664,4.6995,0.3084,0.5024,0.4744,-0.031,0.6522,0.5835,0.1806,4.7517,0.3305,0.5425,0.492,-0.0255,99.96,2339.7,0.8194,0.61785
2024-09-06,FARM0717,J,-7.934863,112.448534,656,4,56,7780,279.52,1.86,15.15,29.0,1.8,71.0,14.2,0.5463,0.554,0.1047,3.4087,0.2616,0.4133,0.4009,-0.1892,0.6488,0.6321,0.1975,4.6948,0.3288,0.5187,0.4899,-0.0315,0.5976,0.593,0.1511,4.0517,0.2952,0.466,0.4454,-0.1104,85.91,2059.0,0.8489,0.5952999999999999
2021-02-24,FARM0718,J,-7.930611,112.455023,616,1,56,8722,336.81,3.01,31.47,35.0,8.7,56.7,13.4,0.6819,0.5457,0.1703,5.2869,0.3431,0.6471,0.513,0.0279,0.5601,0.524,0.1493,3.5467,0.2716,0.4023,0.4137,-0.17,0.621,0.5349,0.1598,4.4168,0.3074,0.5247,0.4634,-0.0711,113.42,1984.5,0.8402000000000001,0.57795
2022-03-21,FARM0718,J,-7.930611,112.455023,616,2,48,9550,311.41,2.14,11.31,35.0,1.8,58.7,15.8,0.6678,0.5101,0.1699,5.0211,0.3386,0.598,0.5044,0.0021,0.6242,0.5559,0.1629,4.3215,0.299,0.4927,0.4581,-0.0728,0.646,0.533,0.1664,4.6713,0.3188,0.5453,0.4812,-0.0353,84.64,2054.5,0.8336,0.5895
2023-04-15,FARM0718,J,-7.930611,112.455023,616,3,48,8589,299.9,2.42,17.23,35.0,2.6,66.4,15.9,0.5982,0.6131,0.2185,3.978,0.3502,0.5108,0.4839,-0.1138,0.6154,0.4698,0.1223,4.2003,0.2728,0.4673,0.4338,-0.0869,0.6068,0.5415,0.1704,4.0892,0.3115,0.4891,0.4589,-0.1004,107.25,2324.0,0.8296,0.5741499999999999
2024-07-08,FARM0718,J,-7.930611,112.455023,616,4,56,7820,295.79,1.89,10.01,32.4,6.7,56.2,15.6,0.5423,0.5888,0.1468,3.3693,0.2835,0.431,0.4158,-0.1948,0.5194,0.5055,0.1014,3.1616,0.2346,0.3817,0.3698,-0.2253,0.5308,0.5471,0.1241,3.2655,0.2591,0.4063,0.3928,-0.21,83.8,1820.88,0.8759,0.53895
2021-01-25,FARM0719,J,-7.963178,112.455058,374,1,52,9478,303.01,2.55,14.24,35.0,2.5,72.4,15.1,0.6573,0.5689,0.1793,4.8354,0.3419,0.6016,0.5027,-0.0167,0.5404,0.5832,0.1068,3.352,0.2435,0.3697,0.3842,-0.1973,0.5989,0.5761,0.1431,4.0937,0.2927,0.4857,0.4435,-0.107,108.61,2534.0,0.8569,0.5874999999999999
2022-03-21,FARM0719,J,-7.963178,112.455058,374,2,52,8681,287.36,2.58,13.02,35.0,2.6,67.5,14.7,0.6216,0.5375,0.1766,4.2852,0.3287,0.5506,0.4792,-0.077,0.6075,0.5714,0.116,4.0955,0.2672,0.4928,0.4264,-0.0994,0.6145,0.5545,0.1463,4.1903,0.2979,0.5217,0.4528,-0.0882,87.82,2362.5,0.8537,0.5845
2023-06-14,FARM0719,J,-7.963178,112.455058,374,3,56,7938,282.16,2.02,10.34,34.7,0.7,67.1,14.9,0.5784,0.5397,0.1941,3.7439,0.3258,0.489,0.4596,-0.1437,0.6932,0.5414,0.1773,5.5198,0.3281,0.6068,0.5057,0.0494,0.6358,0.5406,0.1857,4.6318,0.327,0.5479,0.4826,-0.0471,84.15,2328.37,0.8143,0.5882000000000001
2024-08-07,FARM0719,J,-7.963178,112.455058,374,4,52,8152,282.81,2.47,11.2,30.1,8.4,59.4,16.7,0.5841,0.5253,0.189,3.8089,0.3244,0.4898,0.4611,-0.1352,0.6386,0.6274,0.2204,4.5335,0.3416,0.5152,0.4951,-0.0489,0.6113,0.5763,0.2047,4.1712,0.333,0.5025,0.4781,-0.0921,84.42,1787.94,0.7953,0.5938
2021-01-25,FARM0720,J,-7.953558,112.451061,704,1,52,9069,367.95,2.18,15.25,34.2,0.7,64.8,13.2,0.5998,0.5579,0.1813,3.9971,0.3246,0.5065,0.4676,-0.1115,0.606,0.4768,0.0984,4.0758,0.2574,0.4605,0.4175,-0.1018,0.6029,0.5174,0.1398,4.0365,0.291,0.4835,0.4426,-0.1066,106.42,2216.16,0.8602,0.5601499999999999
2022-03-21,FARM0720,J,-7.953558,112.451061,704,2,52,9839,309.63,2.25,13.93,35.0,17.1,61.5,13.1,0.581,0.5691,0.1125,3.7729,0.2764,0.4608,0.4249,-0.1399,0.6645,0.5998,0.2003,4.9614,0.3355,0.5169,0.5008,-0.0039,0.6227,0.5844,0.1564,4.3672,0.306,0.4889,0.4629,-0.0719,104.33,2152.5,0.8436,0.60355
2023-04-15,FARM0720,J,-7.953558,112.451061,704,3,48,9463,305.13,2.26,20.91,35.0,3.3,63.2,15.8,0.6358,0.5435,0.2067,4.4916,0.3547,0.5805,0.503,-0.0536,0.6774,0.5836,0.2143,5.2004,0.3495,0.5563,0.5161,0.0196,0.6566,0.5635,0.2105,4.846,0.3521,0.5684,0.5095,-0.017,113.66,2212.0,0.7895,0.61005
2024-05-09,FARM0720,J,-7.953558,112.451061,704,4,48,8830,282.14,2.35,17.29,35.0,3.6,65.5,15.7,0.6221,0.5439,0.1749,4.2922,0.3277,0.5378,0.4787,-0.0762,0.6723,0.6057,0.2151,5.1038,0.3485,0.5314,0.5133,0.0103,0.6472,0.5748,0.195,4.698,0.3381,0.5346,0.496,-0.033,100.1,2292.5,0.8049999999999999,0.611
