date,farm_id,farm_name,latitude,longitude,altitude,farm_rotun,planting_cycle,growth_stage,rotun_tebu,temperature,light_intensity,relative_humidity,precipitation,variety,ndvi_l8,gndvi_l8,ndwi_l8,mcari_l8,rvi_l8,dvi_l8,evi_l8,savi_l8,ndvi_s2,gndvi_s2,ndwi_s2,ndre_s2,reci_s2,ccci_s2,rvi_s2,dvi_s2,evi_s2,savi_s2,wdrvi_s2,ndvi_fusion,gndvi_fusion,ndwi_fusion,rvi_fusion,dvi_fusion,evi_fusion,savi_fusion,temp_humidity_interaction,water_stress_index,climate_index,ketinggian_tebu,vegetation_health_l8,vegetation_health_s2,vegetation_health_fusion,ndvi_temp_l8,ndvi_temp_s2,ndvi_temp_fusion
2022-01-01,MLG001,Jambearjo Farm,-8.075307,112.650801,450,2,C1,establishment,2,23.8,16.2,72.2,19.2,1,0.232,0.228,0.074,0.829,2.24,0.076,0.193,0.161,0.211,0.222,0.059,0.2,1.571,0.699,2.656,0.076,0.174,0.165,-0.005,0.219,0.225,0.066,2.49,0.076,0.182,0.163,17.17,0.776,0.409,25.3,0.195333333,0.183333333,0.188,5.5216,5.0218,5.2122
2022-01-08,MLG001,Jambearjo Farm,-8.075307,112.650801,450,2,C1,establishment,2,22.0,14.9,73.7,27.9,1,0.214,0.226,0.105,0.686,2.581,0.063,0.177,0.143,0.199,0.228,0.117,0.193,1.715,0.854,1.887,0.068,0.151,0.204,0.005,0.205,0.228,0.112,2.164,0.066,0.162,0.18,16.21,1.215,0.406,26.8,0.178,0.184666667,0.182333333,4.708,4.378,4.51
2022-01-15,MLG001,Jambearjo Farm,-8.075307,112.650801,450,2,C1,establishment,2,23.9,14.3,77.2,27.0,1,0.258,0.239,0.114,0.885,2.302,0.089,0.173,0.202,0.275,0.252,0.113,0.236,1.903,0.879,2.561,0.114,0.225,0.285,-0.02,0.269,0.247,0.113,2.458,0.104,0.204,0.252,18.5,1.083,0.424,29.3,0.211,0.261666667,0.241666667,6.1662,6.5725,6.4291
2022-01-22,MLG001,Jambearjo Farm,-8.075307,112.650801,450,2,C1,establishment,2,23.8,15.0,78.2,15.8,1,0.342,0.319,0.057,0.834,2.93,0.123,0.258,0.321,0.349,0.329,0.047,0.235,1.84,0.829,2.75,0.131,0.286,0.316,0.016,0.346,0.325,0.052,2.822,0.128,0.275,0.318,18.64,0.636,0.429,31.9,0.307,0.317,0.313,8.1396,8.3062,8.2348
2022-01-29,MLG001,Jambearjo Farm,-8.075307,112.650801,450,2,C1,establishment,2,23.5,16.2,76.1,2.5,1,0.355,0.339,-0.003,0.882,2.706,0.149,0.278,0.327,0.36,0.327,0.015,0.261,2.09,0.923,3.058,0.122,0.31,0.375,0.025,0.358,0.332,0.007,2.917,0.133,0.297,0.356,17.88,0.101,0.424,34.2,0.32,0.348333333,0.337,8.3425,8.46,8.413
2022-02-05,MLG001,Jambearjo Farm,-8.075307,112.650801,450,2,C1,establishment,2,24.5,15.1,79.5,12.0,1,0.354,0.346,0.046,1.007,2.449,0.121,0.307,0.288,0.362,0.359,0.022,0.25,1.987,1.179,2.405,0.123,0.31,0.339,0.044,0.359,0.354,0.033,2.423,0.122,0.309,0.319,19.49,0.472,0.437,37.7,0.316333333,0.337,0.329,8.673,8.869,8.7955
2022-02-12,MLG001,Jambearjo Farm,-8.075307,112.650801,450,2,C1,establishment,2,23.7,14.4,80.2,26.4,1,0.406,0.38,0.159,0.963,2.457,0.149,0.295,0.385,0.428,0.372,0.173,0.278,2.178,1.413,2.838,0.152,0.329,0.378,0.056,0.419,0.375,0.167,2.686,0.151,0.316,0.381,19.01,1.069,0.435,42.2,0.362,0.378333333,0.372,9.6222,10.1436,9.9303
2022-02-19,MLG001,Jambearjo Farm,-8.075307,112.650801,450,2,C1,establishment,2,25.0,16.4,87.7,16.6,1,0.438,0.41,0.051,0.989,2.827,0.16,0.364,0.392,0.43,0.395,0.044,0.288,2.059,0.943,2.947,0.162,0.33,0.399,0.058,0.433,0.401,0.047,2.899,0.161,0.344,0.396,21.92,0.639,0.475,47.1,0.398,0.386333333,0.391,10.95,10.75,10.825
2022-02-26,MLG001,Jambearjo Farm,-8.075307,112.650801,450,2,C1,establishment,2,25.2,16.0,76.6,35.3,1,0.46,0.453,0.136,1.276,3.122,0.172,0.397,0.431,0.461,0.461,0.124,0.276,1.956,1.173,3.568,0.155,0.395,0.391,0.058,0.46,0.458,0.13,3.39,0.162,0.396,0.407,19.31,1.348,0.43,54.0,0.429333333,0.415666667,0.421,11.592,11.6172,11.592
2022-03-05,MLG001,Jambearjo Farm,-8.075307,112.650801,450,2,C1,tillering,2,25.9,14.6,84.1,3.8,1,0.476,0.451,0.122,1.031,2.382,0.168,0.361,0.45,0.469,0.45,0.129,0.301,1.823,1.119,2.895,0.168,0.429,0.44,0.048,0.472,0.45,0.126,2.69,0.168,0.402,0.444,21.74,0.14,0.458,60.2,0.429,0.446,0.439333333,12.3284,12.1471,12.2248
2022-03-12,MLG001,Jambearjo Farm,-8.075307,112.650801,450,2,C1,tillering,2,28.4,15.4,80.2,3.7,1,0.509,0.505,0.03,1.002,2.1,0.168,0.4,0.427,0.538,0.491,0.023,0.311,2.434,1.023,3.498,0.199,0.417,0.505,0.088,0.527,0.497,0.026,2.939,0.187,0.41,0.473,22.79,0.127,0.452,66.8,0.445333333,0.486666667,0.47,14.4556,15.2792,14.9668
2022-03-19,MLG001,Jambearjo Farm,-8.075307,112.650801,450,2,C1,tillering,2,26.0,15.5,76.7,22.3,1,0.568,0.523,0.09,1.101,3.303,0.192,0.448,0.499,0.564,0.532,0.095,0.303,2.357,1.31,3.482,0.214,0.442,0.508,0.102,0.565,0.528,0.093,3.411,0.205,0.444,0.504,19.94,0.827,0.432,76.8,0.505,0.504666667,0.504333333,14.768,14.664,14.69
2022-03-26,MLG001,Jambearjo Farm,-8.075307,112.650801,450,2,C1,tillering,2,25.9,14.6,80.4,21.0,1,0.546,0.547,0.117,1.102,3.556,0.191,0.457,0.483,0.556,0.546,0.118,0.326,2.003,1.569,3.004,0.196,0.484,0.527,0.098,0.552,0.546,0.117,3.225,0.194,0.473,0.509,20.84,0.779,0.443,87.6,0.495333333,0.522333333,0.511333333,14.1414,14.4004,14.2968
2022-04-02,MLG001,Jambearjo Farm,-8.075307,112.650801,450,2,C1,tillering,2,27.2,13.3,77.2,28.6,1,0.545,0.525,0.12,0.991,2.916,0.193,0.443,0.478,0.543,0.528,0.098,0.282,2.008,1.211,3.298,0.213,0.467,0.496,0.085,0.544,0.527,0.108,3.145,0.205,0.457,0.489,21.0,1.015,0.43,98.1,0.488666667,0.502,0.496666667,14.824,14.7696,14.7968
2022-04-09,MLG001,Jambearjo Farm,-8.075307,112.650801,450,2,C1,tillering,2,27.2,13.7,87.3,16.9,1,0.571,0.562,0.104,1.025,3.294,0.2,0.46,0.494,0.576,0.567,0.126,0.341,2.622,1.161,3.532,0.215,0.527,0.514,0.081,0.574,0.565,0.116,3.437,0.209,0.5,0.506,23.72,0.598,0.472,109.6,0.508333333,0.539,0.526666667,15.5312,15.6672,15.6128
2022-04-16,MLG001,Jambearjo Farm,-8.075307,112.650801,450,2,C1,tillering,2,24.6,14.8,77.8,13.2,1,0.567,0.559,0.037,1.2,3.57,0.194,0.402,0.544,0.57,0.571,0.013,0.307,2.185,1.277,3.183,0.216,0.441,0.521,0.094,0.569,0.566,0.024,3.338,0.207,0.425,0.53,19.14,0.515,0.429,120.9,0.504333333,0.510666667,0.508,13.9482,14.022,13.9974
2022-04-23,MLG001,Jambearjo Farm,-8.075307,112.650801,450,2,C1,tillering,2,28.0,14.4,81.0,8.4,1,0.627,0.614,0.102,1.107,3.986,0.237,0.494,0.589,0.642,0.628,0.088,0.358,2.482,1.078,3.201,0.221,0.52,0.605,0.133,0.636,0.622,0.094,3.515,0.228,0.509,0.598,22.65,0.29,0.451,133.9,0.57,0.589,0.581,17.556,17.976,17.808
2022-04-30,MLG001,Jambearjo Farm,-8.075307,112.650801,450,2,C1,tillering,2,29.0,14.8,83.5,17.1,1,0.615,0.6,0.022,1.085,2.947,0.222,0.503,0.53,0.613,0.589,0.021,0.354,2.038,1.388,3.283,0.22,0.5,0.543,0.095,0.614,0.594,0.022,3.149,0.221,0.501,0.538,24.19,0.57,0.465,140.5,0.549333333,0.552,0.551,17.835,17.777,17.806
2022-05-07,MLG001,Jambearjo Farm,-8.075307,112.650801,450,2,C1,tillering,2,30.5,14.6,84.0,0.2,1,0.643,0.627,0.044,1.164,3.636,0.22,0.497,0.572,0.614,0.611,0.064,0.368,2.187,1.4,3.496,0.252,0.531,0.562,0.089,0.626,0.618,0.055,3.552,0.239,0.518,0.566,25.65,0.007,0.471,147.0,0.570666667,0.569,0.57,19.6115,18.727,19.093
2022-05-14,MLG001,Jambearjo Farm,-8.075307,112.650801,450,2,C1,tillering,2,28.3,15.0,82.3,1.0,1,0.618,0.587,0.103,1.165,3.342,0.231,0.497,0.535,0.646,0.592,0.087,0.342,2.1,1.138,3.739,0.254,0.494,0.605,0.102,0.635,0.59,0.094,3.581,0.245,0.495,0.577,23.3,0.033,0.459,153.5,0.55,0.581666667,0.569,17.4894,18.2818,17.9705
2022-05-21,MLG001,Jambearjo Farm,-8.075307,112.650801,450,2,C1,tillering,2,27.2,14.2,74.9,10.1,1,0.656,0.637,0.043,1.079,3.667,0.235,0.495,0.593,0.672,0.621,0.051,0.342,2.421,1.258,3.131,0.236,0.552,0.624,0.105,0.666,0.627,0.047,3.345,0.235,0.53,0.611,20.4,0.358,0.424,160.0,0.581333333,0.616,0.602333333,17.8432,18.2784,18.1152
2022-05-28,MLG001,Jambearjo Farm,-8.075307,112.650801,450,2,C1,grand_growth,2,25.8,17.1,77.6,0.1,1,0.637,0.616,0.08,1.063,3.642,0.212,0.525,0.609,0.605,0.608,0.089,0.328,2.3,1.214,3.414,0.222,0.525,0.561,0.106,0.617,0.611,0.085,3.506,0.218,0.525,0.58,20.03,0.005,0.439,166.5,0.590333333,0.563666667,0.574,16.4346,15.609,15.9186
2022-06-04,MLG001,Jambearjo Farm,-8.075307,112.650801,450,2,C1,grand_growth,2,28.0,15.4,81.1,1.9,1,0.686,0.684,0.044,1.245,3.393,0.22,0.519,0.571,0.686,0.684,0.069,0.367,2.279,1.51,3.067,0.256,0.582,0.601,0.139,0.686,0.684,0.058,3.198,0.241,0.556,0.589,22.7,0.064,0.455,173.0,0.592,0.623,0.610333333,19.208,19.208,19.208
2022-06-11,MLG001,Jambearjo Farm,-8.075307,112.650801,450,2,C1,grand_growth,2,27.9,17.7,79.7,3.9,1,0.668,0.64,0.083,1.066,3.491,0.229,0.549,0.609,0.688,0.635,0.079,0.341,2.237,1.445,3.816,0.247,0.586,0.66,0.128,0.68,0.637,0.08,3.686,0.24,0.571,0.64,22.25,0.134,0.456,179.5,0.608666667,0.644666667,0.630333333,18.6372,19.1952,18.972
2022-06-18,MLG001,Jambearjo Farm,-8.075307,112.650801,450,2,C1,grand_growth,2,27.3,14.8,80.0,1.3,1,0.705,0.7,0.051,1.187,3.225,0.271,0.568,0.637,0.721,0.705,0.054,0.357,2.46,1.703,4.055,0.28,0.578,0.644,0.128,0.715,0.703,0.053,3.723,0.276,0.574,0.641,21.84,0.045,0.446,186.0,0.636666667,0.647666667,0.643333333,19.2465,19.6833,19.5195
2022-06-25,MLG001,Jambearjo Farm,-8.075307,112.650801,450,2,C1,grand_growth,2,29.4,16.4,79.1,1.0,1,0.68,0.64,0.077,1.15,3.112,0.225,0.534,0.654,0.681,0.625,0.073,0.353,1.778,1.373,3.549,0.257,0.605,0.649,0.116,0.68,0.631,0.075,3.374,0.244,0.576,0.651,23.22,0.034,0.454,192.5,0.622666667,0.645,0.635666667,19.992,20.0214,19.992
2022-07-02,MLG001,Jambearjo Farm,-8.075307,112.650801,450,2,C1,grand_growth,2,31.3,16.4,73.2,5.7,1,0.718,0.695,0.045,1.172,3.433,0.244,0.578,0.64,0.746,0.668,0.061,0.406,1.981,1.395,3.696,0.265,0.592,0.664,0.163,0.735,0.679,0.054,3.591,0.257,0.587,0.655,22.89,0.177,0.436,199.0,0.645333333,0.667333333,0.659,22.4734,23.3498,23.0055
2022-07-09,MLG001,Jambearjo Farm,-8.075307,112.650801,450,2,C1,grand_growth,2,29.5,15.7,73.3,2.8,1,0.7,0.692,0.019,1.217,3.477,0.241,0.581,0.641,0.699,0.703,0.003,0.377,2.458,1.353,3.739,0.249,0.596,0.639,0.117,0.699,0.699,0.01,3.634,0.246,0.59,0.64,21.66,0.091,0.429,205.5,0.640666667,0.644666667,0.643,20.65,20.6205,20.6205
2022-07-16,MLG001,Jambearjo Farm,-8.075307,112.650801,450,2,C1,grand_growth,2,27.0,16.7,77.8,1.3,1,0.687,0.641,0.104,1.166,3.488,0.235,0.561,0.617,0.708,0.642,0.106,0.361,2.339,1.454,3.256,0.251,0.599,0.655,0.124,0.7,0.641,0.105,3.349,0.245,0.584,0.64,20.99,0.047,0.442,212.0,0.621666667,0.654,0.641333333,18.549,19.116,18.9
2022-07-23,MLG001,Jambearjo Farm,-8.075307,112.650801,450,2,C1,grand_growth,2,28.1,15.3,77.2,2.0,1,0.741,0.733,0.062,1.271,4.151,0.269,0.537,0.635,0.736,0.733,0.069,0.363,2.421,1.323,3.609,0.261,0.581,0.65,0.119,0.738,0.733,0.066,3.826,0.264,0.563,0.644,21.67,0.069,0.439,218.5,0.637666667,0.655666667,0.648333333,20.8221,20.6816,20.7378
2022-07-30,MLG001,Jambearjo Farm,-8.075307,112.650801,450,2,C1,grand_growth,2,26.4,20.1,75.8,0.6,1,0.729,0.705,0.055,1.388,3.593,0.266,0.562,0.655,0.76,0.699,0.082,0.4,2.3,1.555,4.072,0.286,0.584,0.685,0.136,0.748,0.701,0.07,3.88,0.278,0.575,0.673,19.98,0.022,0.443,225.0,0.648666667,0.676333333,0.665333333,19.2456,20.064,19.7472
2022-08-06,MLG001,Jambearjo Farm,-8.075307,112.650801,450,2,C1,grand_growth,2,27.8,18.2,71.9,3.3,1,0.741,0.742,0.082,1.23,3.632,0.243,0.606,0.672,0.75,0.73,0.065,0.404,2.392,1.552,3.808,0.278,0.639,0.68,0.139,0.747,0.735,0.073,3.737,0.264,0.626,0.677,19.95,0.115,0.425,231.5,0.673,0.689666667,0.683333333,20.5998,20.85,20.7666
2022-08-13,MLG001,Jambearjo Farm,-8.075307,112.650801,450,2,C1,grand_growth,2,26.3,16.8,68.4,3.2,1,0.761,0.743,0.043,1.324,3.76,0.277,0.564,0.691,0.779,0.744,0.059,0.382,2.717,1.824,3.79,0.285,0.675,0.748,0.137,0.772,0.743,0.052,3.778,0.281,0.631,0.725,18.02,0.118,0.403,238.0,0.672,0.734,0.709333333,20.0143,20.4877,20.3036
2022-08-20,MLG001,Jambearjo Farm,-8.075307,112.650801,450,2,C1,grand_growth,2,26.4,17.0,68.3,0.7,1,0.739,0.728,0.098,1.112,3.944,0.257,0.59,0.682,0.727,0.732,0.1,0.384,2.431,1.796,3.577,0.265,0.581,0.658,0.122,0.732,0.73,0.099,3.724,0.262,0.585,0.668,18.05,0.024,0.404,244.5,0.670333333,0.655333333,0.661666667,19.5096,19.1928,19.3248
2022-08-27,MLG001,Jambearjo Farm,-8.075307,112.650801,450,2,C1,grand_growth,2,28.3,18.4,72.5,0.6,1,0.737,0.726,0.006,1.314,4.182,0.252,0.578,0.671,0.747,0.732,0.036,0.378,2.237,1.241,3.61,0.276,0.658,0.677,0.14,0.743,0.729,0.022,3.839,0.267,0.626,0.675,20.55,0.022,0.43,251.0,0.662,0.694,0.681333333,20.8571,21.1401,21.0269
2022-09-03,MLG001,Jambearjo Farm,-8.075307,112.650801,450,2,C1,grand_growth,2,27.0,19.4,69.6,1.1,1,0.764,0.776,0.07,1.182,3.886,0.278,0.636,0.7,0.785,0.788,0.09,0.408,2.408,1.507,4.199,0.284,0.653,0.714,0.147,0.776,0.783,0.081,4.074,0.282,0.646,0.708,18.83,0.038,0.418,257.5,0.7,0.717333333,0.71,20.628,21.195,20.952
2022-09-10,MLG001,Jambearjo Farm,-8.075307,112.650801,450,2,C1,grand_growth,2,25.8,18.9,70.8,1.9,1,0.728,0.708,0.06,1.202,4.093,0.254,0.591,0.67,0.736,0.704,0.063,0.399,2.178,1.456,3.585,0.282,0.565,0.666,0.14,0.733,0.706,0.062,3.788,0.271,0.575,0.668,18.26,0.072,0.417,264.0,0.663,0.655666667,0.658666667,18.7824,18.9888,18.9114
2022-09-17,MLG001,Jambearjo Farm,-8.075307,112.650801,450,2,C1,grand_growth,2,25.4,17.7,67.4,14.6,1,0.731,0.683,0.092,1.145,3.321,0.263,0.592,0.644,0.717,0.692,0.102,0.369,2.73,1.256,3.326,0.26,0.587,0.664,0.126,0.723,0.688,0.098,3.324,0.261,0.589,0.656,17.12,0.554,0.399,270.5,0.655666667,0.656,0.656,18.5674,18.2118,18.3642
2022-09-24,MLG001,Jambearjo Farm,-8.075307,112.650801,450,2,C1,grand_growth,2,24.0,20.7,70.1,0.5,1,0.764,0.755,0.065,1.257,3.845,0.274,0.651,0.693,0.78,0.754,0.086,0.379,2.796,1.474,3.526,0.29,0.623,0.734,0.135,0.774,0.754,0.077,3.654,0.283,0.634,0.718,16.79,0.021,0.414,277.0,0.702666667,0.712333333,0.708666667,18.336,18.72,18.576
2022-10-01,MLG001,Jambearjo Farm,-8.075307,112.650801,450,2,C1,grand_growth,2,21.9,16.7,65.4,1.6,1,0.7,0.696,0.077,1.194,3.259,0.244,0.56,0.601,0.727,0.705,0.074,0.375,2.415,1.121,3.675,0.264,0.571,0.664,0.159,0.716,0.701,0.075,3.509,0.256,0.567,0.638,14.35,0.071,0.378,283.5,0.620333333,0.654,0.640333333,15.33,15.9213,15.6804
2022-10-08,MLG001,Jambearjo Farm,-8.075307,112.650801,450,2,C1,grand_growth,2,23.5,17.7,68.3,3.1,1,0.759,0.745,0.037,1.263,3.816,0.275,0.626,0.709,0.756,0.758,0.04,0.426,2.269,1.716,3.866,0.275,0.608,0.689,0.145,0.757,0.753,0.038,3.846,0.275,0.615,0.697,16.07,0.125,0.397,290.0,0.698,0.684333333,0.689666667,17.8365,17.766,17.7895
2022-10-15,MLG001,Jambearjo Farm,-8.075307,112.650801,450,2,C1,maturation,2,23.6,21.1,67.2,3.2,1,0.781,0.768,0.075,1.143,3.675,0.257,0.637,0.719,0.779,0.783,0.056,0.363,2.479,1.636,4.301,0.284,0.665,0.715,0.142,0.779,0.777,0.065,4.05,0.273,0.654,0.717,15.83,0.129,0.403,296.5,0.712333333,0.719666667,0.716666667,18.4316,18.3844,18.3844
2022-10-22,MLG001,Jambearjo Farm,-8.075307,112.650801,450,2,C1,maturation,2,25.1,18.2,69.1,2.5,1,0.76,0.736,0.067,1.247,3.778,0.26,0.588,0.683,0.783,0.741,0.061,0.409,1.869,1.655,3.456,0.287,0.614,0.694,0.163,0.773,0.739,0.064,3.585,0.276,0.603,0.69,17.33,0.096,0.406,303.0,0.677,0.697,0.688666667,19.076,19.6533,19.4023
2022-10-29,MLG001,Jambearjo Farm,-8.075307,112.650801,450,2,C1,maturation,2,24.8,18.4,66.7,0.2,1,0.792,0.757,0.08,1.194,3.312,0.273,0.678,0.734,0.791,0.754,0.075,0.438,2.526,1.556,4.173,0.295,0.642,0.724,0.147,0.791,0.755,0.078,3.829,0.286,0.657,0.728,16.53,0.007,0.396,309.5,0.734666667,0.719,0.725333333,19.6416,19.6168,19.6168
2022-11-05,MLG001,Jambearjo Farm,-8.075307,112.650801,450,2,C1,maturation,2,24.1,16.3,68.2,4.7,1,0.797,0.752,0.087,1.265,4.091,0.25,0.7,0.713,0.818,0.741,0.096,0.385,2.357,1.805,3.943,0.304,0.693,0.763,0.157,0.81,0.745,0.092,4.002,0.283,0.696,0.743,16.42,0.186,0.394,316.0,0.736666667,0.758,0.749666667,19.2077,19.7138,19.521
2022-11-12,MLG001,Jambearjo Farm,-8.075307,112.650801,450,2,C1,maturation,2,26.2,18.6,67.2,10.9,1,0.822,0.825,0.091,1.166,4.345,0.276,0.667,0.721,0.826,0.828,0.096,0.418,2.814,1.594,3.952,0.313,0.707,0.736,0.165,0.825,0.827,0.094,4.109,0.299,0.691,0.73,17.62,0.4,0.403,322.5,0.736666667,0.756333333,0.748666667,21.5364,21.6412,21.615
2022-11-19,MLG001,Jambearjo Farm,-8.075307,112.650801,450,2,C1,maturation,2,23.1,19.6,68.9,4.7,1,0.783,0.746,0.107,1.159,3.46,0.253,0.607,0.672,0.813,0.757,0.097,0.449,2.672,1.464,3.351,0.319,0.632,0.715,0.169,0.801,0.753,0.102,3.395,0.292,0.622,0.698,15.92,0.195,0.404,329.0,0.687333333,0.72,0.707,18.0873,18.7803,18.5031
2022-11-26,MLG001,Jambearjo Farm,-8.075307,112.650801,450,2,C1,maturation,2,25.3,18.9,67.8,13.4,1,0.795,0.776,0.026,1.228,3.491,0.267,0.641,0.75,0.814,0.76,0.011,0.424,2.28,1.48,4.116,0.293,0.67,0.722,0.144,0.806,0.766,0.018,3.866,0.283,0.658,0.733,17.13,0.511,0.404,335.5,0.728666667,0.735333333,0.732333333,20.1135,20.5942,20.3918
2022-12-03,MLG001,Jambearjo Farm,-8.075307,112.650801,450,2,C1,maturation,2,20.9,18.3,75.7,14.8,1,0.777,0.755,0.083,1.265,3.757,0.272,0.6,0.683,0.761,0.773,0.065,0.372,2.269,1.595,3.756,0.291,0.607,0.705,0.128,0.767,0.766,0.073,3.756,0.284,0.604,0.696,15.84,0.676,0.42,342.0,0.686666667,0.691,0.689,16.2393,15.9049,16.0303
2022-12-10,MLG001,Jambearjo Farm,-8.075307,112.650801,450,2,C1,maturation,2,21.6,17.5,70.4,20.9,1,0.78,0.763,0.121,1.401,3.582,0.259,0.621,0.766,0.773,0.779,0.146,0.379,2.541,1.717,3.769,0.284,0.619,0.691,0.133,0.776,0.773,0.135,3.694,0.274,0.62,0.721,15.2,0.926,0.399,348.5,0.722333333,0.694333333,0.705666667,16.848,16.6968,16.7616
2022-12-17,MLG001,Jambearjo Farm,-8.075307,112.650801,450,2,C1,maturation,2,23.2,14.9,69.6,24.3,1,0.832,0.829,0.039,1.295,4.247,0.279,0.715,0.759,0.826,0.829,0.047,0.411,2.599,1.388,4.055,0.294,0.675,0.742,0.145,0.828,0.829,0.043,4.132,0.288,0.691,0.749,16.17,1.002,0.393,355.0,0.768666667,0.747666667,0.756,19.3024,19.1632,19.2096
2022-12-24,MLG001,Jambearjo Farm,-8.075307,112.650801,450,2,C1,maturation,2,24.7,18.3,69.9,4.9,1,0.854,0.841,0.129,1.315,3.993,0.296,0.687,0.765,0.87,0.851,0.118,0.398,2.177,1.646,3.86,0.305,0.723,0.85,0.167,0.864,0.847,0.123,3.913,0.301,0.709,0.816,17.24,0.192,0.408,361.5,0.768666667,0.814333333,0.796333333,21.0938,21.489,21.3408
2022-12-31,MLG001,Jambearjo Farm,-8.075307,112.650801,450,2,C1,maturation,2,23.6,16.2,73.2,22.9,1,0.832,0.805,0.112,1.193,3.887,0.291,0.698,0.76,0.836,0.813,0.133,0.424,2.505,1.339,3.775,0.307,0.67,0.765,0.16,0.834,0.81,0.123,3.82,0.301,0.681,0.763,17.3,0.928,0.412,368.0,0.763333333,0.757,0.759333333,19.6352,19.7296,19.6824
2023-01-07,MLG001,Jambearjo Farm,-8.075307,112.650801,450,2,C1,maturation,2,23.3,15.6,66.8,18.9,1,0.816,0.81,0.134,1.35,3.775,0.3,0.657,0.726,0.812,0.807,0.128,0.407,2.506,1.512,4.082,0.31,0.689,0.717,0.115,0.813,0.808,0.131,3.959,0.306,0.676,0.721,15.57,0.779,0.384,374.3,0.733,0.739333333,0.736666667,19.0128,18.9196,18.9429
2023-01-14,MLG001,Jambearjo Farm,-8.075307,112.650801,450,2,C1,maturation,2,21.9,15.2,79.1,12.5,1,0.791,0.737,0.059,1.264,3.334,0.279,0.633,0.727,0.798,0.728,0.077,0.396,2.452,1.358,3.824,0.288,0.65,0.768,0.129,0.795,0.732,0.068,3.628,0.284,0.643,0.752,17.34,0.544,0.428,378.3,0.717,0.738666667,0.73,17.3229,17.4762,17.4105
2023-01-21,MLG001,Jambearjo Farm,-8.075307,112.650801,450,2,C1,maturation,2,25.5,16.6,78.9,6.5,1,0.864,0.841,0.128,1.242,4.182,0.305,0.73,0.816,0.869,0.834,0.135,0.411,2.946,1.59,4.042,0.323,0.679,0.78,0.185,0.867,0.837,0.131,4.098,0.316,0.699,0.795,20.12,0.245,0.442,382.4,0.803333333,0.776,0.787,22.032,22.1595,22.1085
2023-01-28,MLG001,Jambearjo Farm,-8.075307,112.650801,450,2,C1,ripening,2,22.6,15.3,76.3,9.2,1,0.86,0.834,0.026,1.408,3.853,0.298,0.728,0.788,0.872,0.855,0.016,0.444,2.558,1.612,4.523,0.327,0.728,0.823,0.162,0.867,0.847,0.021,4.255,0.315,0.728,0.809,17.29,0.391,0.419,385.9,0.792,0.807666667,0.801333333,19.436,19.7072,19.5942
2023-02-04,MLG001,Jambearjo Farm,-8.075307,112.650801,450,2,C1,ripening,2,23.1,13.3,81.2,17.2,1,0.826,0.806,0.094,1.326,4.122,0.283,0.655,0.75,0.827,0.822,0.101,0.424,2.625,1.703,4.06,0.296,0.688,0.748,0.149,0.826,0.816,0.098,4.085,0.291,0.675,0.749,18.79,0.713,0.434,389.8,0.743666667,0.754333333,0.75,19.0806,19.1037,19.0806
2023-02-11,MLG001,Jambearjo Farm,-8.075307,112.650801,450,2,C1,ripening,2,26.0,15.6,86.4,30.0,1,0.831,0.79,0.133,1.296,4.265,0.298,0.661,0.718,0.833,0.781,0.124,0.423,2.834,1.592,3.734,0.312,0.713,0.754,0.156,0.832,0.785,0.128,3.946,0.306,0.692,0.74,22.48,1.11,0.471,394.2,0.736666667,0.766666667,0.754666667,21.606,21.658,21.632
2023-02-18,MLG001,Jambearjo Farm,-8.075307,112.650801,450,2,C1,ripening,2,23.7,16.7,75.2,6.6,1,0.824,0.804,0.115,1.228,3.929,0.298,0.617,0.698,0.807,0.816,0.107,0.453,2.355,1.534,4.344,0.314,0.713,0.766,0.167,0.814,0.811,0.11,4.178,0.308,0.675,0.739,17.82,0.266,0.422,397.1,0.713,0.762,0.742666667,19.5288,19.1259,19.2918
2023-02-25,MLG001,Jambearjo Farm,-8.075307,112.650801,450,2,C1,ripening,2,25.7,14.6,82.8,9.7,1,0.802,0.809,0.035,1.226,3.589,0.262,0.639,0.719,0.829,0.815,0.02,0.447,2.74,1.617,3.966,0.299,0.671,0.785,0.186,0.818,0.813,0.027,3.815,0.284,0.658,0.758,21.29,0.363,0.452,400.0,0.72,0.761666667,0.744666667,20.6114,21.3053,21.0226
2023-03-04,MLG001,Jambearjo Farm,-8.075307,112.650801,450,2,C1,ripening,2,25.2,13.5,80.8,16.9,1,0.796,0.779,0.07,1.11,3.945,0.273,0.602,0.645,0.801,0.797,0.095,0.391,2.341,1.571,3.693,0.299,0.676,0.762,0.149,0.799,0.79,0.083,3.794,0.289,0.646,0.715,20.37,0.644,0.439,400.0,0.681,0.746333333,0.72,20.0592,20.1852,20.1348
2023-03-11,MLG001,Jambearjo Farm,-8.075307,112.650801,450,2,C1,ripening,2,24.8,15.1,79.9,5.1,1,0.81,0.791,0.06,1.188,3.097,0.292,0.67,0.722,0.816,0.796,0.036,0.395,2.638,1.328,4.058,0.291,0.681,0.75,0.13,0.813,0.794,0.047,3.674,0.292,0.676,0.739,19.82,0.2,0.439,400.0,0.734,0.749,0.742666667,20.088,20.2368,20.1624
2023-03-18,MLG001,Jambearjo Farm,-8.075307,112.650801,450,2,C1,ripening,2,25.0,15.0,85.5,42.8,1,0.748,0.743,0.141,1.169,3.421,0.263,0.566,0.6,0.759,0.752,0.106,0.366,2.535,1.768,3.831,0.275,0.618,0.726,0.13,0.755,0.749,0.121,3.667,0.27,0.597,0.676,21.39,1.646,0.462,400.0,0.638,0.701,0.676,18.7,18.975,18.875
2023-03-25,MLG001,Jambearjo Farm,-8.075307,112.650801,450,2,C1,ripening,2,25.4,14.7,78.1,11.1,1,0.754,0.716,0.099,1.197,3.631,0.296,0.612,0.66,0.753,0.727,0.1,0.355,2.587,1.353,4.276,0.287,0.606,0.718,0.139,0.753,0.723,0.1,4.018,0.291,0.609,0.695,19.8,0.421,0.432,400.0,0.675333333,0.692333333,0.685666667,19.1516,19.1262,19.1262
2023-04-01,MLG001,Jambearjo Farm,-8.075307,112.650801,450,2,C1,ripening,2,27.8,15.1,86.0,7.7,1,0.743,0.722,0.037,1.229,4.277,0.249,0.595,0.704,0.747,0.727,0.021,0.39,2.359,1.595,4.089,0.297,0.627,0.694,0.14,0.746,0.725,0.028,4.164,0.278,0.614,0.698,23.89,0.266,0.473,400.0,0.680666667,0.689333333,0.686,20.6554,20.7666,20.7388
2022-07-02,MLG001,Jambearjo Farm,-8.075307,112.650801,450,2,C2,establishment,2,28.6,18.2,80.9,0.9,1,0.217,0.222,0.048,0.604,2.16,0.089,0.173,0.17,0.214,0.23,0.057,0.19,1.684,0.856,2.07,0.092,0.168,0.222,0.026,0.215,0.227,0.053,2.106,0.091,0.17,0.201,23.15,0.032,0.464,28.0,0.186666667,0.201333333,0.195333333,6.2062,6.1204,6.149
2022-07-09,MLG001,Jambearjo Farm,-8.075307,112.650801,450,2,C2,establishment,2,27.5,17.5,75.9,0.3,1,0.226,0.229,0.037,0.797,2.449,0.076,0.198,0.191,0.244,0.215,0.039,0.244,1.593,0.842,2.511,0.092,0.209,0.234,0.02,0.237,0.221,0.038,2.487,0.086,0.205,0.217,20.88,0.012,0.439,29.8,0.205,0.229,0.219666667,6.215,6.71,6.5175
2022-07-16,MLG001,Jambearjo Farm,-8.075307,112.650801,450,2,C2,establishment,2,28.3,17.9,72.6,1.5,1,0.292,0.293,0.049,0.66,2.784,0.097,0.231,0.271,0.3,0.3,0.043,0.235,1.808,1.11,2.693,0.103,0.273,0.265,0.037,0.296,0.298,0.046,2.729,0.101,0.256,0.267,20.57,0.05,0.429,32.1,0.264666667,0.279333333,0.273,8.2636,8.49,8.3768
2022-07-23,MLG001,Jambearjo Farm,-8.075307,112.650801,450,2,C2,establishment,2,29.9,14.9,74.6,2.3,1,0.307,0.276,0.083,0.982,2.536,0.106,0.248,0.305,0.298,0.278,0.098,0.234,1.896,1.148,1.859,0.116,0.228,0.238,0.032,0.302,0.277,0.091,2.13,0.112,0.236,0.265,22.29,0.074,0.433,34.6,0.286666667,0.254666667,0.267666667,9.1793,8.9102,9.0298
2022-07-30,MLG001,Jambearjo Farm,-8.075307,112.650801,450,2,C2,establishment,2,27.3,18.6,79.2,3.0,1,0.402,0.389,0.008,0.902,2.553,0.163,0.317,0.365,0.416,0.389,0.033,0.253,2.038,1.004,2.534,0.149,0.34,0.374,0.044,0.41,0.389,0.022,2.542,0.154,0.331,0.37,21.64,0.107,0.455,37.6,0.361333333,0.376666667,0.370333333,10.9746,11.3568,11.193
2022-08-06,MLG001,Jambearjo Farm,-8.075307,112.650801,450,2,C2,establishment,2,26.9,17.9,69.5,1.8,1,0.388,0.361,0.063,1.017,2.206,0.137,0.305,0.366,0.396,0.354,0.058,0.243,2.19,1.099,3.283,0.146,0.307,0.334,0.022,0.392,0.357,0.061,2.853,0.142,0.306,0.347,18.7,0.065,0.412,40.5,0.353,0.345666667,0.348333333,10.4372,10.6524,10.5448
2022-08-13,MLG001,Jambearjo Farm,-8.075307,112.650801,450,2,C2,establishment,2,27.2,19.0,74.3,7.8,1,0.409,0.387,0.07,1.056,3.092,0.141,0.301,0.314,0.403,0.385,0.055,0.259,1.999,1.07,2.667,0.151,0.342,0.349,0.072,0.406,0.386,0.062,2.837,0.147,0.325,0.335,20.19,0.275,0.436,44.9,0.341333333,0.364666667,0.355333333,11.1248,10.9616,11.0432
2022-08-20,MLG001,Jambearjo Farm,-8.075307,112.650801,450,2,C2,establishment,2,26.8,18.8,73.8,5.2,1,0.434,0.424,0.026,0.956,2.875,0.15,0.343,0.344,0.431,0.425,0.028,0.25,2.27,1.001,3.149,0.163,0.337,0.432,0.04,0.432,0.425,0.027,3.039,0.158,0.34,0.397,19.75,0.186,0.432,50.1,0.373666667,0.4,0.389666667,11.6312,11.5508,11.5776
2022-08-27,MLG001,Jambearjo Farm,-8.075307,112.650801,450,2,C2,establishment,2,27.8,17.6,73.1,4.9,1,0.482,0.465,0.084,1.049,2.481,0.182,0.336,0.46,0.504,0.454,0.078,0.274,2.062,1.158,3.307,0.197,0.448,0.453,0.073,0.495,0.459,0.081,2.976,0.191,0.403,0.456,20.34,0.169,0.429,55.2,0.426,0.468333333,0.451333333,13.3996,14.0112,13.761
2022-09-03,MLG001,Jambearjo Farm,-8.075307,112.650801,450,2,C2,tillering,2,24.7,17.7,72.4,0.6,1,0.498,0.487,0.027,1.033,2.903,0.174,0.415,0.449,0.497,0.486,0.026,0.286,2.044,1.436,3.231,0.181,0.425,0.45,0.092,0.497,0.487,0.026,3.1,0.179,0.421,0.45,17.85,0.024,0.417,60.8,0.454,0.457333333,0.456,12.3006,12.2759,12.2759
2022-09-10,MLG001,Jambearjo Farm,-8.075307,112.650801,450,2,C2,tillering,2,25.4,18.5,70.2,0.4,1,0.484,0.495,0.118,1.038,3.161,0.151,0.371,0.416,0.48,0.494,0.111,0.248,2.225,1.019,3.104,0.194,0.371,0.391,0.066,0.482,0.494,0.114,3.126,0.177,0.371,0.401,17.83,0.016,0.412,67.4,0.423666667,0.414,0.418,12.2936,12.192,12.2428
2022-09-17,MLG001,Jambearjo Farm,-8.075307,112.650801,450,2,C2,tillering,2,27.8,18.5,64.7,0.1,1,0.604,0.567,0.058,1.121,3.636,0.212,0.493,0.534,0.613,0.563,0.067,0.327,2.311,1.309,3.698,0.226,0.458,0.589,0.09,0.61,0.565,0.063,3.673,0.221,0.472,0.567,18.03,0.003,0.398,74.9,0.543666667,0.553333333,0.549666667,16.7912,17.0414,16.958
2022-09-24,MLG001,Jambearjo Farm,-8.075307,112.650801,450,2,C2,tillering,2,24.7,19.6,76.7,5.0,1,0.572,0.556,0.069,1.099,3.424,0.206,0.46,0.51,0.575,0.554,0.086,0.333,1.602,1.373,3.358,0.213,0.462,0.551,0.108,0.574,0.555,0.078,3.384,0.21,0.461,0.535,18.99,0.195,0.44,83.0,0.514,0.529333333,0.523333333,14.1284,14.2025,14.1778
2022-10-01,MLG001,Jambearjo Farm,-8.075307,112.650801,450,2,C2,tillering,2,24.7,18.6,65.9,0.8,1,0.609,0.601,0.073,1.128,3.129,0.217,0.511,0.567,0.632,0.608,0.079,0.362,2.253,1.199,3.427,0.228,0.501,0.578,0.096,0.622,0.606,0.076,3.308,0.224,0.505,0.574,16.27,0.032,0.393,91.2,0.562333333,0.570333333,0.567,15.0423,15.6104,15.3634
2022-10-08,MLG001,Jambearjo Farm,-8.075307,112.650801,450,2,C2,tillering,2,21.9,17.2,71.9,3.1,1,0.572,0.533,0.033,0.996,2.947,0.208,0.452,0.508,0.547,0.539,0.015,0.313,2.211,1.451,2.903,0.178,0.453,0.539,0.105,0.557,0.536,0.023,2.921,0.19,0.452,0.527,15.77,0.134,0.405,99.3,0.510666667,0.513,0.512,12.5268,11.9793,12.1983
2022-10-15,MLG001,Jambearjo Farm,-8.075307,112.650801,450,2,C2,tillering,2,23.7,18.2,69.2,4.1,1,0.635,0.661,0.07,1.067,3.38,0.205,0.487,0.561,0.632,0.663,0.058,0.364,2.259,1.331,3.388,0.235,0.539,0.564,0.098,0.633,0.662,0.063,3.385,0.223,0.518,0.563,16.36,0.165,0.402,108.9,0.561,0.578333333,0.571333333,15.0495,14.9784,15.0021
2022-10-22,MLG001,Jambearjo Farm,-8.075307,112.650801,450,2,C2,tillering,2,22.7,18.6,70.6,5.6,1,0.613,0.61,0.057,1.121,3.301,0.217,0.473,0.49,0.616,0.625,0.071,0.355,2.486,1.329,3.473,0.223,0.497,0.579,0.122,0.614,0.619,0.065,3.404,0.221,0.487,0.543,16.01,0.235,0.406,119.2,0.525333333,0.564,0.548,13.9151,13.9832,13.9378
2022-10-29,MLG001,Jambearjo Farm,-8.075307,112.650801,450,2,C2,tillering,2,23.8,17.3,67.6,1.5,1,0.627,0.594,0.038,1.09,3.232,0.234,0.511,0.572,0.641,0.582,0.053,0.343,2.404,1.181,3.107,0.244,0.535,0.572,0.097,0.636,0.587,0.046,3.157,0.24,0.526,0.572,16.1,0.062,0.394,130.2,0.57,0.582666667,0.578,14.9226,15.2558,15.1368
2022-11-05,MLG001,Jambearjo Farm,-8.075307,112.650801,450,2,C2,tillering,2,21.8,19.5,69.1,9.4,1,0.607,0.589,0.07,1.005,3.539,0.207,0.479,0.521,0.573,0.587,0.106,0.336,2.184,1.234,3.311,0.217,0.441,0.55,0.104,0.587,0.588,0.09,3.402,0.213,0.456,0.538,15.07,0.412,0.4,142.0,0.535666667,0.521333333,0.527,13.2326,12.4914,12.7966
2022-11-12,MLG001,Jambearjo Farm,-8.075307,112.650801,450,2,C2,tillering,2,23.9,16.5,67.9,11.8,1,0.664,0.673,0.036,1.014,3.51,0.233,0.537,0.604,0.666,0.687,0.012,0.337,2.279,1.12,3.521,0.26,0.547,0.617,0.098,0.665,0.682,0.023,3.517,0.249,0.543,0.612,16.19,0.476,0.393,153.5,0.601666667,0.61,0.606666667,15.8696,15.9174,15.8935
2022-11-19,MLG001,Jambearjo Farm,-8.075307,112.650801,450,2,C2,tillering,2,23.0,17.7,69.8,23.9,1,0.684,0.686,0.145,1.066,3.268,0.227,0.54,0.628,0.704,0.686,0.14,0.37,2.178,1.718,3.27,0.262,0.628,0.648,0.123,0.696,0.686,0.143,3.269,0.248,0.593,0.64,16.05,0.996,0.401,160.0,0.617333333,0.66,0.643,15.732,16.192,16.008
2022-11-26,MLG001,Jambearjo Farm,-8.075307,112.650801,450,2,C2,grand_growth,2,23.4,18.8,66.9,9.8,1,0.658,0.639,0.057,1.174,2.966,0.235,0.587,0.558,0.666,0.632,0.063,0.353,2.171,1.439,4.016,0.245,0.564,0.587,0.102,0.663,0.635,0.06,3.596,0.241,0.573,0.575,15.64,0.403,0.394,166.5,0.601,0.605666667,0.603666667,15.3972,15.5844,15.5142
2022-12-03,MLG001,Jambearjo Farm,-8.075307,112.650801,450,2,C2,grand_growth,2,24.6,16.9,73.4,13.5,1,0.674,0.668,0.103,1.103,3.343,0.238,0.526,0.605,0.71,0.665,0.098,0.356,2.501,1.383,3.526,0.273,0.618,0.641,0.1,0.696,0.666,0.101,3.453,0.259,0.581,0.627,18.06,0.527,0.418,173.0,0.601666667,0.656333333,0.634666667,16.5804,17.466,17.1216
2022-12-10,MLG001,Jambearjo Farm,-8.075307,112.650801,450,2,C2,grand_growth,2,22.2,17.5,75.6,5.8,1,0.711,0.682,0.049,1.224,3.609,0.255,0.628,0.601,0.74,0.683,0.036,0.353,2.351,1.579,3.741,0.286,0.571,0.681,0.116,0.729,0.682,0.042,3.688,0.273,0.594,0.649,16.78,0.249,0.421,179.5,0.646666667,0.664,0.657333333,15.7842,16.428,16.1838
2022-12-17,MLG001,Jambearjo Farm,-8.075307,112.650801,450,2,C2,grand_growth,2,24.2,15.5,71.5,24.4,1,0.732,0.723,0.136,1.1,3.833,0.268,0.532,0.666,0.729,0.722,0.141,0.365,2.24,1.434,3.47,0.261,0.615,0.648,0.142,0.73,0.722,0.139,3.615,0.264,0.582,0.655,17.34,0.966,0.405,186.0,0.643333333,0.664,0.655666667,17.7144,17.6418,17.666
2022-12-24,MLG001,Jambearjo Farm,-8.075307,112.650801,450,2,C2,grand_growth,2,21.3,15.6,74.1,22.6,1,0.714,0.695,0.077,1.285,4.106,0.26,0.574,0.622,0.706,0.7,0.084,0.395,2.478,1.181,3.941,0.253,0.57,0.655,0.157,0.709,0.698,0.081,4.007,0.256,0.571,0.642,15.77,1.014,0.407,192.5,0.636666667,0.643666667,0.640666667,15.2082,15.0378,15.1017
2022-12-31,MLG001,Jambearjo Farm,-8.075307,112.650801,450,2,C2,grand_growth,2,24.3,17.4,74.7,28.7,1,0.745,0.737,0.127,1.23,3.914,0.255,0.579,0.643,0.756,0.745,0.134,0.418,2.407,1.557,3.545,0.277,0.638,0.713,0.135,0.752,0.742,0.131,3.693,0.268,0.614,0.685,18.14,1.136,0.424,199.0,0.655666667,0.702333333,0.683666667,18.1035,18.3708,18.2736
2023-01-07,MLG001,Jambearjo Farm,-8.075307,112.650801,450,2,C2,grand_growth,2,21.6,16.0,76.1,34.2,1,0.708,0.683,0.139,1.2,3.719,0.243,0.502,0.665,0.706,0.675,0.15,0.359,2.559,1.499,3.848,0.25,0.609,0.655,0.121,0.707,0.678,0.145,3.796,0.247,0.566,0.659,16.4,1.515,0.417,205.5,0.625,0.656666667,0.644,15.2928,15.2496,15.2712
2023-01-14,MLG001,Jambearjo Farm,-8.075307,112.650801,450,2,C2,grand_growth,2,21.4,15.6,79.2,4.4,1,0.701,0.709,0.043,1.024,3.217,0.258,0.556,0.617,0.708,0.714,0.06,0.397,2.278,1.209,3.579,0.264,0.556,0.632,0.132,0.705,0.712,0.052,3.434,0.261,0.556,0.626,16.98,0.197,0.428,212.0,0.624666667,0.632,0.629,15.0014,15.1512,15.087
2023-01-21,MLG001,Jambearjo Farm,-8.075307,112.650801,450,2,C2,grand_growth,2,23.8,14.3,80.0,10.0,1,0.719,0.69,0.025,1.123,3.573,0.237,0.548,0.622,0.727,0.691,0.014,0.378,2.263,1.386,4.154,0.28,0.564,0.686,0.144,0.724,0.691,0.019,3.922,0.263,0.557,0.66,19.03,0.402,0.434,218.5,0.629666667,0.659,0.647,17.1122,17.3026,17.2312
2023-01-28,MLG001,Jambearjo Farm,-8.075307,112.650801,450,2,C2,grand_growth,2,24.9,16.5,77.5,4.3,1,0.772,0.762,0.07,1.112,4.045,0.282,0.611,0.694,0.754,0.768,0.079,0.383,2.63,1.404,3.953,0.271,0.618,0.69,0.142,0.761,0.765,0.075,3.99,0.275,0.615,0.692,19.27,0.167,0.434,225.0,0.692333333,0.687333333,0.689333333,19.2228,18.7746,18.9489
2023-02-04,MLG001,Jambearjo Farm,-8.075307,112.650801,450,2,C2,grand_growth,2,24.2,15.1,84.5,10.9,1,0.801,0.807,0.033,1.296,3.653,0.283,0.65,0.715,0.795,0.8,0.019,0.382,2.44,1.387,4.096,0.306,0.637,0.736,0.156,0.797,0.803,0.026,3.919,0.297,0.642,0.728,20.48,0.434,0.456,231.5,0.722,0.722666667,0.722333333,19.3842,19.239,19.2874
2023-02-11,MLG001,Jambearjo Farm,-8.075307,112.650801,450,2,C2,grand_growth,2,24.6,14.9,83.8,24.0,1,0.756,0.742,0.118,1.188,4.013,0.288,0.582,0.646,0.766,0.749,0.115,0.417,2.152,1.57,3.693,0.297,0.678,0.689,0.133,0.762,0.746,0.117,3.821,0.294,0.639,0.672,20.62,0.936,0.454,238.0,0.661333333,0.711,0.691,18.5976,18.8436,18.7452
2023-02-18,MLG001,Jambearjo Farm,-8.075307,112.650801,450,2,C2,grand_growth,2,24.2,14.5,77.4,15.6,1,0.767,0.774,0.044,1.279,3.634,0.266,0.637,0.699,0.781,0.783,0.039,0.381,2.22,1.357,4.623,0.299,0.606,0.692,0.152,0.775,0.78,0.041,4.228,0.286,0.619,0.695,18.73,0.621,0.426,244.5,0.701,0.693,0.696333333,18.5614,18.9002,18.755
2023-02-25,MLG001,Jambearjo Farm,-8.075307,112.650801,450,2,C2,grand_growth,2,25.4,15.9,76.1,5.2,1,0.778,0.75,0.066,1.461,3.854,0.269,0.65,0.712,0.789,0.756,0.096,0.374,2.541,1.35,4.048,0.285,0.637,0.72,0.162,0.784,0.754,0.083,3.971,0.278,0.642,0.717,19.34,0.195,0.428,251.0,0.713333333,0.715333333,0.714333333,19.7612,20.0406,19.9136
2023-03-04,MLG001,Jambearjo Farm,-8.075307,112.650801,450,2,C2,grand_growth,2,24.3,13.8,81.6,13.7,1,0.783,0.764,0.15,1.261,3.345,0.268,0.657,0.757,0.764,0.745,0.178,0.395,2.244,1.545,3.181,0.283,0.635,0.722,0.126,0.772,0.752,0.166,3.247,0.277,0.644,0.736,19.81,0.542,0.441,257.5,0.732333333,0.707,0.717333333,19.0269,18.5652,18.7596
2023-03-11,MLG001,Jambearjo Farm,-8.075307,112.650801,450,2,C2,grand_growth,2,24.7,14.6,83.7,5.7,1,0.81,0.791,0.063,1.132,3.735,0.283,0.727,0.701,0.837,0.801,0.067,0.448,2.579,1.595,4.03,0.319,0.714,0.757,0.139,0.826,0.797,0.065,3.912,0.305,0.719,0.735,20.72,0.221,0.453,264.0,0.746,0.769333333,0.76,20.007,20.6739,20.4022
2023-03-18,MLG001,Jambearjo Farm,-8.075307,112.650801,450,2,C2,grand_growth,2,24.9,14.5,81.6,18.6,1,0.786,0.774,0.123,1.189,3.202,0.281,0.61,0.678,0.782,0.772,0.114,0.349,2.617,1.673,4.051,0.28,0.636,0.719,0.154,0.783,0.773,0.118,3.711,0.281,0.625,0.702,20.36,0.715,0.445,270.5,0.691333333,0.712333333,0.703333333,19.5714,19.4718,19.4967
2023-03-25,MLG001,Jambearjo Farm,-8.075307,112.650801,450,2,C2,grand_growth,2,25.1,15.5,86.6,13.6,1,0.805,0.811,0.09,1.175,4.233,0.289,0.631,0.712,0.814,0.816,0.092,0.411,2.817,1.675,4.028,0.309,0.642,0.757,0.181,0.811,0.814,0.091,4.11,0.301,0.637,0.739,21.7,0.522,0.468,277.0,0.716,0.737666667,0.729,20.2055,20.4314,20.3561
2023-04-01,MLG001,Jambearjo Farm,-8.075307,112.650801,450,2,C2,grand_growth,2,26.2,14.1,81.2,6.3,1,0.809,0.807,0.035,1.369,3.975,0.293,0.627,0.749,0.797,0.816,0.038,0.41,2.222,1.363,4.082,0.287,0.665,0.706,0.162,0.802,0.813,0.037,4.039,0.29,0.65,0.723,21.27,0.23,0.446,283.5,0.728333333,0.722666667,0.725,21.1958,20.8814,21.0124
2023-04-08,MLG001,Jambearjo Farm,-8.075307,112.650801,450,2,C2,grand_growth,2,27.9,16.2,80.7,24.2,1,0.821,0.782,0.101,1.236,4.056,0.284,0.647,0.757,0.831,0.785,0.108,0.38,2.648,1.623,3.772,0.305,0.68,0.762,0.163,0.827,0.784,0.105,3.885,0.297,0.667,0.76,22.46,0.838,0.455,290.0,0.741666667,0.757666667,0.751333333,22.9059,23.1849,23.0733
2023-04-15,MLG001,Jambearjo Farm,-8.075307,112.650801,450,2,C2,maturation,2,28.5,13.3,87.5,15.5,1,0.827,0.828,0.141,1.343,3.942,0.3,0.666,0.745,0.826,0.844,0.129,0.44,2.592,1.317,4.106,0.289,0.693,0.778,0.148,0.827,0.837,0.135,4.04,0.293,0.682,0.765,24.9,0.527,0.475,296.5,0.746,0.765666667,0.758,23.5695,23.541,23.5695
2023-04-22,MLG001,Jambearjo Farm,-8.075307,112.650801,450,2,C2,maturation,2,29.4,15.1,85.2,9.3,1,0.864,0.849,0.099,1.398,3.736,0.297,0.728,0.819,0.877,0.84,0.129,0.416,2.485,1.628,4.544,0.331,0.729,0.816,0.17,0.872,0.843,0.115,4.221,0.318,0.729,0.817,25.08,0.306,0.474,303.0,0.803666667,0.807333333,0.806,25.4016,25.7838,25.6368
2023-04-29,MLG001,Jambearjo Farm,-8.075307,112.650801,450,2,C2,maturation,2,24.0,14.0,78.5,14.7,1,0.865,0.873,0.065,1.28,3.939,0.298,0.698,0.759,0.853,0.879,0.075,0.402,2.702,1.458,4.151,0.322,0.698,0.794,0.155,0.857,0.877,0.071,4.066,0.312,0.698,0.78,18.84,0.588,0.428,309.5,0.774,0.781666667,0.778333333,20.76,20.472,20.568
2023-05-06,MLG001,Jambearjo Farm,-8.075307,112.650801,450,2,C2,maturation,2,27.9,14.0,80.4,1.6,1,0.821,0.798,0.045,1.236,3.779,0.287,0.671,0.76,0.816,0.786,0.029,0.396,2.409,1.4,3.661,0.298,0.674,0.763,0.146,0.818,0.791,0.036,3.708,0.294,0.673,0.762,22.48,0.055,0.448,316.0,0.750666667,0.751,0.751,22.9059,22.7664,22.8222
2023-05-13,MLG001,Jambearjo Farm,-8.075307,112.650801,450,2,C2,maturation,2,27.0,15.1,82.0,2.1,1,0.833,0.822,0.06,1.482,3.987,0.281,0.663,0.705,0.837,0.814,0.073,0.402,2.481,1.441,4.477,0.307,0.732,0.786,0.166,0.835,0.817,0.067,4.281,0.297,0.704,0.754,22.1,0.074,0.454,322.5,0.733666667,0.785,0.764333333,22.491,22.599,22.545
2023-05-20,MLG001,Jambearjo Farm,-8.075307,112.650801,450,2,C2,maturation,2,28.4,15.1,78.9,1.7,1,0.835,0.819,0.104,1.368,3.87,0.302,0.657,0.709,0.826,0.835,0.1,0.404,2.432,1.812,4.42,0.324,0.674,0.766,0.134,0.83,0.829,0.102,4.2,0.315,0.667,0.743,22.41,0.057,0.446,329.0,0.733666667,0.755333333,0.746666667,23.714,23.4584,23.572
2023-05-27,MLG001,Jambearjo Farm,-8.075307,112.650801,450,2,C2,maturation,2,26.4,13.8,83.3,0.8,1,0.838,0.815,0.035,1.337,3.564,0.296,0.707,0.742,0.833,0.813,0.053,0.415,2.393,1.605,3.756,0.314,0.693,0.76,0.146,0.835,0.814,0.045,3.679,0.306,0.699,0.753,21.99,0.03,0.454,335.5,0.762333333,0.762,0.762333333,22.1232,21.9912,22.044
2023-06-03,MLG001,Jambearjo Farm,-8.075307,112.650801,450,2,C2,maturation,2,29.2,18.3,79.1,1.1,1,0.832,0.817,0.025,1.191,3.68,0.294,0.66,0.693,0.805,0.811,0.032,0.347,2.366,1.426,4.302,0.295,0.67,0.744,0.119,0.816,0.813,0.029,4.053,0.295,0.666,0.723,23.09,0.036,0.459,342.0,0.728333333,0.739666667,0.735,24.2944,23.506,23.8272
2023-06-10,MLG001,Jambearjo Farm,-8.075307,112.650801,450,2,C2,maturation,2,28.7,16.2,79.5,0.1,1,0.819,0.83,0.042,1.278,3.835,0.283,0.638,0.746,0.802,0.838,0.035,0.378,2.372,1.69,3.811,0.299,0.639,0.753,0.161,0.809,0.835,0.038,3.82,0.293,0.639,0.75,22.78,0.003,0.452,348.5,0.734333333,0.731333333,0.732666667,23.5053,23.0174,23.2183
2023-06-17,MLG001,Jambearjo Farm,-8.075307,112.650801,450,2,C2,maturation,2,28.0,16.0,84.1,0.7,1,0.869,0.851,0.049,1.303,4.048,0.303,0.702,0.822,0.889,0.86,0.043,0.413,2.758,1.72,4.557,0.324,0.723,0.785,0.166,0.881,0.856,0.046,4.353,0.316,0.714,0.8,23.56,0.023,0.468,355.0,0.797666667,0.799,0.798333333,24.332,24.892,24.668
2023-06-24,MLG001,Jambearjo Farm,-8.075307,112.650801,450,2,C2,maturation,2,27.5,17.5,76.0,6.6,1,0.878,0.846,0.066,1.063,3.939,0.291,0.739,0.81,0.89,0.861,0.052,0.466,2.754,1.554,4.476,0.32,0.709,0.807,0.165,0.885,0.855,0.058,4.261,0.309,0.721,0.808,20.9,0.232,0.439,361.5,0.809,0.802,0.804666667,24.145,24.475,24.3375
2023-07-01,MLG001,Jambearjo Farm,-8.075307,112.650801,450,2,C2,maturation,2,29.7,16.3,76.2,0.8,1,0.9,0.856,0.05,1.211,4.646,0.324,0.723,0.842,0.892,0.862,0.053,0.438,2.825,1.702,4.271,0.317,0.708,0.818,0.174,0.895,0.86,0.051,4.421,0.32,0.714,0.828,22.6,0.028,0.443,367.3,0.821666667,0.806,0.812333333,26.73,26.4924,26.5815
2023-07-08,MLG001,Jambearjo Farm,-8.075307,112.650801,450,2,C2,maturation,2,30.9,16.6,73.5,3.4,1,0.883,0.865,0.028,1.313,4.086,0.297,0.717,0.791,0.86,0.857,0.022,0.459,2.643,1.36,4.229,0.306,0.732,0.782,0.164,0.869,0.86,0.025,4.172,0.302,0.726,0.785,22.71,0.105,0.436,373.5,0.797,0.791333333,0.793333333,27.2847,26.574,26.8521
2023-07-15,MLG001,Jambearjo Farm,-8.075307,112.650801,450,2,C2,maturation,2,26.3,17.3,72.3,0.2,1,0.875,0.837,-0.035,1.264,4.152,0.318,0.686,0.777,0.897,0.818,-0.04,0.438,2.666,1.52,4.22,0.312,0.719,0.834,0.159,0.888,0.826,-0.038,4.193,0.314,0.706,0.811,19.0,0.008,0.42,378.4,0.779333333,0.816666667,0.801666667,23.0125,23.5911,23.3544
2023-07-22,MLG001,Jambearjo Farm,-8.075307,112.650801,450,2,C2,maturation,2,28.2,18.1,73.4,0.3,1,0.9,0.887,0.033,1.338,4.264,0.295,0.755,0.802,0.9,0.899,0.012,0.421,2.522,1.482,4.654,0.326,0.724,0.832,0.157,0.9,0.895,0.022,4.498,0.313,0.736,0.82,20.7,0.011,0.432,382.8,0.819,0.818666667,0.818666667,25.38,25.38,25.38
2023-07-29,MLG001,Jambearjo Farm,-8.075307,112.650801,450,2,C2,ripening,2,27.9,16.0,71.9,5.3,1,0.876,0.838,0.07,1.441,3.996,0.309,0.722,0.757,0.9,0.84,0.095,0.42,2.944,1.716,4.358,0.335,0.732,0.852,0.177,0.89,0.84,0.084,4.213,0.324,0.728,0.814,20.05,0.183,0.419,386.6,0.785,0.828,0.810666667,24.4404,25.11,24.831
2023-08-05,MLG001,Jambearjo Farm,-8.075307,112.650801,450,2,C2,ripening,2,25.7,20.0,70.1,1.7,1,0.832,0.82,-0.001,1.327,3.853,0.296,0.64,0.781,0.853,0.825,-0.003,0.43,2.382,1.681,4.501,0.324,0.681,0.792,0.144,0.845,0.823,-0.002,4.242,0.313,0.665,0.788,17.99,0.062,0.417,390.4,0.751,0.775333333,0.766,21.3824,21.9221,21.7165
2023-08-12,MLG001,Jambearjo Farm,-8.075307,112.650801,450,2,C2,ripening,2,27.4,16.5,70.5,1.4,1,0.854,0.845,0.06,1.268,3.709,0.309,0.733,0.757,0.85,0.85,0.055,0.415,2.668,1.264,4.41,0.315,0.687,0.78,0.162,0.852,0.848,0.057,4.129,0.313,0.705,0.771,19.33,0.048,0.414,393.3,0.781333333,0.772333333,0.776,23.3996,23.29,23.3448
2023-08-19,MLG001,Jambearjo Farm,-8.075307,112.650801,450,2,C2,ripening,2,28.5,18.3,72.5,3.1,1,0.86,0.841,0.082,1.118,3.92,0.295,0.701,0.786,0.854,0.834,0.08,0.401,2.694,1.499,3.365,0.313,0.675,0.753,0.145,0.857,0.837,0.081,3.587,0.306,0.685,0.766,20.7,0.105,0.431,396.6,0.782333333,0.760666667,0.769333333,24.51,24.339,24.4245
2023-08-26,MLG001,Jambearjo Farm,-8.075307,112.650801,450,2,C2,ripening,2,28.2,19.3,71.0,0.8,1,0.837,0.804,-0.001,1.238,3.939,0.292,0.657,0.729,0.851,0.791,0.011,0.398,2.37,1.331,3.957,0.323,0.71,0.802,0.171,0.845,0.796,0.005,3.95,0.31,0.689,0.773,20.04,0.027,0.426,399.2,0.741,0.787666667,0.769,23.6034,23.9982,23.829
2023-09-02,MLG001,Jambearjo Farm,-8.075307,112.650801,450,2,C2,ripening,2,25.2,20.3,65.1,0.8,1,0.847,0.86,0.039,1.335,4.603,0.29,0.632,0.716,0.863,0.841,0.034,0.431,2.573,1.627,4.172,0.33,0.684,0.78,0.154,0.857,0.849,0.036,4.344,0.314,0.663,0.755,16.43,0.03,0.397,400.0,0.731666667,0.775666667,0.758333333,21.3444,21.7476,21.5964
2023-09-09,MLG001,Jambearjo Farm,-8.075307,112.650801,450,2,C2,ripening,2,26.6,18.3,71.3,2.3,1,0.853,0.849,0.108,1.15,3.775,0.291,0.704,0.741,0.869,0.863,0.119,0.43,2.345,1.442,4.446,0.328,0.712,0.791,0.137,0.863,0.857,0.114,4.177,0.313,0.709,0.771,18.98,0.084,0.42,400.0,0.766,0.790666667,0.781,22.6898,23.1154,22.9558
2023-09-16,MLG001,Jambearjo Farm,-8.075307,112.650801,450,2,C2,ripening,2,27.8,18.2,66.0,2.7,1,0.812,0.811,0.056,1.479,3.33,0.295,0.645,0.75,0.824,0.804,0.059,0.371,2.609,1.569,4.166,0.313,0.685,0.761,0.143,0.819,0.807,0.058,3.832,0.306,0.669,0.757,18.33,0.095,0.402,400.0,0.735666667,0.756666667,0.748333333,22.5736,22.9072,22.7682
2023-09-23,MLG001,Jambearjo Farm,-8.075307,112.650801,450,2,C2,ripening,2,26.9,19.9,72.1,2.0,1,0.773,0.745,0.043,1.237,3.927,0.268,0.592,0.718,0.789,0.736,0.063,0.42,2.474,1.501,4.047,0.285,0.648,0.683,0.16,0.783,0.739,0.054,3.999,0.278,0.626,0.697,19.38,0.073,0.429,400.0,0.694333333,0.706666667,0.702,20.7937,21.2241,21.0627
2023-09-30,MLG001,Jambearjo Farm,-8.075307,112.650801,450,2,C2,ripening,2,27.3,17.5,66.7,0.3,1,0.816,0.764,0.089,1.28,3.478,0.275,0.703,0.711,0.804,0.775,0.094,0.382,2.508,1.35,4.225,0.306,0.672,0.747,0.177,0.808,0.77,0.092,3.926,0.293,0.685,0.732,18.18,0.009,0.401,400.0,0.743333333,0.741,0.741666667,22.2768,21.9492,22.0584
2022-12-31,MLG001,Jambearjo Farm,-8.075307,112.650801,450,2,C3,establishment,2,22.1,15.7,70.1,3.5,1,0.189,0.18,0.055,0.672,2.608,0.089,0.157,0.147,0.171,0.183,0.072,0.189,1.704,0.782,1.904,0.07,0.163,0.126,0.016,0.178,0.182,0.064,2.186,0.078,0.16,0.135,15.51,0.15,0.394,26.7,0.164333333,0.153333333,0.157666667,4.1769,3.7791,3.9338
2023-01-07,MLG001,Jambearjo Farm,-8.075307,112.650801,450,2,C3,establishment,2,25.1,14.6,77.3,7.7,1,0.247,0.228,0.035,0.896,2.128,0.103,0.189,0.262,0.262,0.227,0.027,0.205,1.9,0.974,2.285,0.096,0.217,0.199,0.022,0.256,0.227,0.03,2.222,0.098,0.206,0.224,19.37,0.297,0.428,28.2,0.232666667,0.226,0.228666667,6.1997,6.5762,6.4256
2023-01-14,MLG001,Jambearjo Farm,-8.075307,112.650801,450,2,C3,establishment,2,22.2,13.4,74.9,28.1,1,0.255,0.27,0.091,0.818,2.558,0.091,0.202,0.2,0.282,0.288,0.065,0.198,1.783,0.837,2.616,0.099,0.285,0.283,0.024,0.271,0.28,0.077,2.593,0.095,0.252,0.25,16.6,1.214,0.406,30.5,0.219,0.283333333,0.257666667,5.661,6.2604,6.0162
2023-01-21,MLG001,Jambearjo Farm,-8.075307,112.650801,450,2,C3,establishment,2,25.1,15.4,75.9,8.6,1,0.275,0.248,0.065,0.814,3.079,0.082,0.235,0.284,0.314,0.244,0.072,0.241,1.916,0.999,2.688,0.096,0.274,0.291,0.025,0.298,0.245,0.069,2.844,0.09,0.259,0.289,19.01,0.331,0.425,33.2,0.264666667,0.293,0.282,6.9025,7.8814,7.4798
2023-01-28,MLG001,Jambearjo Farm,-8.075307,112.650801,450,2,C3,establishment,2,23.1,15.2,71.7,38.1,1,0.36,0.348,0.087,0.845,2.517,0.125,0.301,0.334,0.338,0.359,0.091,0.266,1.995,1.203,2.764,0.136,0.29,0.309,0.069,0.347,0.354,0.089,2.665,0.132,0.294,0.319,16.55,1.58,0.402,36.6,0.331666667,0.312333333,0.32,8.316,7.8078,8.0157
2023-02-04,MLG001,Jambearjo Farm,-8.075307,112.650801,450,2,C3,establishment,2,25.1,14.2,83.7,22.2,1,0.381,0.349,0.091,0.841,2.637,0.129,0.291,0.312,0.384,0.344,0.047,0.296,2.179,1.028,2.781,0.133,0.358,0.392,0.048,0.383,0.346,0.067,2.724,0.131,0.331,0.36,20.99,0.853,0.453,41.0,0.328,0.378,0.358,9.5631,9.6384,9.6133
2023-02-11,MLG001,Jambearjo Farm,-8.075307,112.650801,450,2,C3,establishment,2,24.7,14.3,78.0,26.0,1,0.39,0.374,0.104,0.827,2.56,0.124,0.341,0.299,0.412,0.388,0.099,0.212,1.923,1.103,2.602,0.148,0.376,0.393,0.039,0.404,0.382,0.101,2.585,0.139,0.362,0.355,19.31,1.011,0.429,44.9,0.343333333,0.393666667,0.373666667,9.633,10.1764,9.9788
2023-02-18,MLG001,Jambearjo Farm,-8.075307,112.650801,450,2,C3,establishment,2,24.3,14.1,81.4,29.4,1,0.433,0.417,0.103,0.918,3.236,0.145,0.348,0.391,0.43,0.403,0.108,0.269,2.116,1.05,3.21,0.152,0.396,0.361,0.064,0.431,0.409,0.106,3.22,0.149,0.376,0.373,19.74,1.165,0.441,50.3,0.390666667,0.395666667,0.393333333,10.5219,10.449,10.4733
2023-02-25,MLG001,Jambearjo Farm,-8.075307,112.650801,450,2,C3,establishment,2,23.8,15.2,72.9,30.5,1,0.422,0.431,0.093,0.843,2.795,0.168,0.282,0.353,0.449,0.45,0.092,0.252,2.458,1.388,3.127,0.16,0.367,0.41,0.067,0.438,0.442,0.093,2.994,0.163,0.333,0.387,17.35,1.228,0.408,56.6,0.352333333,0.408666667,0.386,10.0436,10.6862,10.4244
2023-03-04,MLG001,Jambearjo Farm,-8.075307,112.650801,450,2,C3,tillering,2,26.8,14.1,84.4,17.4,1,0.443,0.428,0.069,0.829,3.012,0.18,0.299,0.398,0.458,0.429,0.067,0.254,2.096,1.044,2.435,0.179,0.399,0.422,0.068,0.452,0.428,0.068,2.666,0.179,0.359,0.413,22.65,0.626,0.46,64.2,0.38,0.426333333,0.408,11.8724,12.2744,12.1136
2023-03-11,MLG001,Jambearjo Farm,-8.075307,112.650801,450,2,C3,tillering,2,26.1,16.3,87.1,7.6,1,0.465,0.454,0.04,0.921,2.717,0.152,0.435,0.451,0.498,0.442,0.041,0.269,1.959,1.061,3.405,0.181,0.435,0.471,0.109,0.485,0.447,0.041,3.13,0.17,0.435,0.463,22.75,0.28,0.476,70.4,0.450333333,0.468,0.461,12.1365,12.9978,12.6585
2023-03-18,MLG001,Jambearjo Farm,-8.075307,112.650801,450,2,C3,tillering,2,27.4,16.8,84.4,8.0,1,0.521,0.503,0.041,0.959,3.718,0.182,0.44,0.449,0.515,0.514,0.021,0.292,2.124,1.231,3.096,0.194,0.439,0.488,0.064,0.517,0.509,0.03,3.345,0.189,0.44,0.473,23.13,0.283,0.47,78.5,0.47,0.480666667,0.476666667,14.2754,14.111,14.1658
2023-03-25,MLG001,Jambearjo Farm,-8.075307,112.650801,450,2,C3,tillering,2,27.4,15.7,82.5,3.1,1,0.577,0.548,0.031,1.123,2.78,0.196,0.479,0.503,0.578,0.555,0.038,0.328,2.126,1.334,3.289,0.218,0.462,0.528,0.08,0.578,0.552,0.035,3.085,0.209,0.469,0.518,22.58,0.11,0.459,86.9,0.519666667,0.522666667,0.521666667,15.8098,15.8372,15.8372
2023-04-01,MLG001,Jambearjo Farm,-8.075307,112.650801,450,2,C3,tillering,2,26.2,14.9,82.4,16.3,1,0.558,0.552,0.096,0.981,3.241,0.199,0.447,0.45,0.566,0.574,0.091,0.303,2.254,1.313,3.583,0.199,0.482,0.532,0.089,0.563,0.565,0.093,3.446,0.199,0.468,0.5,21.6,0.6,0.453,97.6,0.485,0.526666667,0.510333333,14.6196,14.8292,14.7506
2023-04-08,MLG001,Jambearjo Farm,-8.075307,112.650801,450,2,C3,tillering,2,28.4,16.2,85.2,8.0,1,0.563,0.546,0.102,1.044,2.872,0.193,0.456,0.538,0.577,0.537,0.139,0.327,2.448,1.254,3.449,0.22,0.504,0.552,0.107,0.572,0.541,0.122,3.218,0.209,0.485,0.546,24.21,0.272,0.474,108.3,0.519,0.544333333,0.534333333,15.9892,16.3868,16.2448
2023-04-15,MLG001,Jambearjo Farm,-8.075307,112.650801,450,2,C3,tillering,2,26.5,15.1,83.7,11.8,1,0.555,0.527,0.069,1.068,3.029,0.208,0.456,0.5,0.538,0.514,0.074,0.266,2.348,1.214,4.017,0.218,0.437,0.493,0.099,0.545,0.519,0.072,3.622,0.214,0.445,0.496,22.16,0.429,0.46,121.2,0.503666667,0.489333333,0.495333333,14.7075,14.257,14.4425
2023-04-22,MLG001,Jambearjo Farm,-8.075307,112.650801,450,2,C3,tillering,2,25.1,14.3,85.0,7.3,1,0.56,0.51,0.09,0.982,2.595,0.198,0.472,0.501,0.558,0.509,0.085,0.288,2.027,1.337,3.344,0.208,0.433,0.51,0.057,0.559,0.51,0.087,3.044,0.204,0.449,0.507,21.37,0.281,0.458,132.1,0.511,0.500333333,0.505,14.056,14.0058,14.0309
2023-04-29,MLG001,Jambearjo Farm,-8.075307,112.650801,450,2,C3,tillering,2,28.7,14.4,83.2,7.5,1,0.582,0.537,0.068,1.229,3.337,0.203,0.475,0.523,0.574,0.545,0.072,0.321,1.994,1.47,3.475,0.208,0.496,0.519,0.082,0.577,0.542,0.07,3.42,0.206,0.488,0.52,23.91,0.253,0.462,140.5,0.526666667,0.529666667,0.528333333,16.7034,16.4738,16.5599
2023-05-06,MLG001,Jambearjo Farm,-8.075307,112.650801,450,2,C3,tillering,2,26.1,15.9,85.2,5.9,1,0.601,0.555,0.059,1.069,3.204,0.2,0.445,0.552,0.598,0.558,0.046,0.333,2.478,1.385,3.27,0.223,0.484,0.55,0.095,0.599,0.557,0.052,3.244,0.214,0.469,0.551,22.2,0.218,0.467,147.0,0.532666667,0.544,0.539666667,15.6861,15.6078,15.6339
2023-05-13,MLG001,Jambearjo Farm,-8.075307,112.650801,450,2,C3,tillering,2,28.3,14.5,78.0,1.2,1,0.594,0.581,0.026,1.116,3.295,0.188,0.495,0.555,0.584,0.585,0.013,0.326,1.948,1.015,3.239,0.215,0.469,0.514,0.09,0.588,0.584,0.019,3.262,0.204,0.479,0.53,22.11,0.043,0.441,153.5,0.548,0.522333333,0.532333333,16.8102,16.5272,16.6404
2023-05-20,MLG001,Jambearjo Farm,-8.075307,112.650801,450,2,C3,tillering,2,27.9,16.6,86.0,0.5,1,0.6,0.603,0.065,1.064,3.141,0.22,0.437,0.516,0.599,0.615,0.071,0.31,2.157,1.207,3.2,0.229,0.457,0.583,0.112,0.599,0.61,0.069,3.176,0.226,0.449,0.556,23.99,0.018,0.477,160.0,0.517666667,0.546333333,0.534666667,16.74,16.7121,16.7121
2023-05-27,MLG001,Jambearjo Farm,-8.075307,112.650801,450,2,C3,grand_growth,2,27.2,16.1,82.0,0.5,1,0.667,0.635,0.04,1.121,3.048,0.239,0.512,0.595,0.665,0.627,0.04,0.348,2.224,1.256,3.642,0.259,0.549,0.632,0.095,0.666,0.63,0.04,3.404,0.251,0.534,0.617,22.34,0.018,0.458,166.5,0.591333333,0.615333333,0.605666667,18.1424,18.088,18.1152
2023-06-03,MLG001,Jambearjo Farm,-8.075307,112.650801,450,2,C3,grand_growth,2,27.2,16.2,80.6,3.3,1,0.649,0.649,0.064,0.997,3.365,0.23,0.525,0.538,0.641,0.648,0.072,0.3,2.237,1.362,3.707,0.243,0.54,0.574,0.082,0.644,0.648,0.068,3.57,0.238,0.534,0.56,21.97,0.119,0.453,173.0,0.570666667,0.585,0.579333333,17.6528,17.4352,17.5168
2023-06-10,MLG001,Jambearjo Farm,-8.075307,112.650801,450,2,C3,grand_growth,2,29.6,17.6,81.2,3.4,1,0.672,0.663,0.04,1.127,3.981,0.226,0.586,0.597,0.697,0.649,0.049,0.349,2.053,1.43,3.904,0.251,0.534,0.639,0.123,0.687,0.654,0.045,3.934,0.241,0.555,0.622,24.04,0.111,0.466,179.5,0.618333333,0.623333333,0.621333333,19.8912,20.6312,20.3352
2023-06-17,MLG001,Jambearjo Farm,-8.075307,112.650801,450,2,C3,grand_growth,2,29.4,16.7,76.5,1.5,1,0.692,0.673,0.043,1.23,3.668,0.23,0.558,0.639,0.72,0.682,0.054,0.373,2.441,1.607,3.382,0.263,0.571,0.67,0.148,0.708,0.678,0.049,3.496,0.25,0.566,0.657,22.45,0.049,0.444,186.0,0.629666667,0.653666667,0.643666667,20.3448,21.168,20.8152
2023-06-24,MLG001,Jambearjo Farm,-8.075307,112.650801,450,2,C3,grand_growth,2,25.2,18.3,78.4,0.2,1,0.697,0.688,0.042,1.055,3.696,0.236,0.623,0.641,0.693,0.682,0.041,0.358,2.555,1.421,3.458,0.272,0.57,0.653,0.114,0.695,0.685,0.041,3.553,0.257,0.591,0.648,19.74,0.009,0.444,192.5,0.653666667,0.638666667,0.644666667,17.5644,17.4636,17.514
2023-07-01,MLG001,Jambearjo Farm,-8.075307,112.650801,450,2,C3,grand_growth,2,28.6,16.2,72.0,1.2,1,0.698,0.688,0.055,1.187,3.602,0.249,0.602,0.642,0.687,0.702,0.08,0.424,2.1,1.424,3.103,0.259,0.55,0.671,0.11,0.691,0.696,0.069,3.303,0.255,0.57,0.659,20.59,0.04,0.423,199.0,0.647333333,0.636,0.64,19.9628,19.6482,19.7626
2023-07-08,MLG001,Jambearjo Farm,-8.075307,112.650801,450,2,C3,grand_growth,2,27.5,18.2,74.9,6.4,1,0.654,0.64,0.0,1.098,3.929,0.233,0.498,0.588,0.66,0.645,-0.02,0.363,1.751,1.265,3.425,0.249,0.542,0.579,0.1,0.658,0.643,-0.011,3.627,0.243,0.524,0.583,20.57,0.225,0.437,205.5,0.58,0.593666667,0.588333333,17.985,18.15,18.095
2023-07-15,MLG001,Jambearjo Farm,-8.075307,112.650801,450,2,C3,grand_growth,2,27.7,18.1,73.9,0.1,1,0.669,0.687,0.007,0.987,3.708,0.227,0.526,0.583,0.67,0.703,0.02,0.372,2.021,1.198,2.867,0.241,0.573,0.627,0.114,0.67,0.696,0.014,3.203,0.236,0.554,0.609,20.51,0.004,0.433,212.0,0.592666667,0.623333333,0.611,18.5313,18.559,18.559
2023-07-22,MLG001,Jambearjo Farm,-8.075307,112.650801,450,2,C3,grand_growth,2,26.8,19.5,82.1,0.7,1,0.724,0.703,0.072,1.405,3.579,0.257,0.557,0.656,0.736,0.705,0.057,0.382,2.676,1.503,4.002,0.27,0.622,0.683,0.12,0.731,0.704,0.064,3.833,0.265,0.596,0.672,22.04,0.026,0.467,218.5,0.645666667,0.680333333,0.666333333,19.4032,19.7248,19.5908
2023-07-29,MLG001,Jambearjo Farm,-8.075307,112.650801,450,2,C3,grand_growth,2,26.3,18.2,77.8,0.9,1,0.733,0.727,0.031,1.063,3.589,0.252,0.59,0.651,0.708,0.723,0.026,0.38,2.21,1.66,3.204,0.272,0.575,0.668,0.128,0.718,0.724,0.028,3.358,0.264,0.581,0.661,20.47,0.033,0.445,225.0,0.658,0.650333333,0.653333333,19.2779,18.6204,18.8834
2023-08-05,MLG001,Jambearjo Farm,-8.075307,112.650801,450,2,C3,grand_growth,2,26.5,17.3,72.8,1.1,1,0.713,0.701,0.089,1.088,3.761,0.244,0.567,0.644,0.696,0.694,0.11,0.381,2.322,1.432,3.574,0.268,0.565,0.645,0.141,0.703,0.697,0.1,3.649,0.258,0.566,0.644,19.31,0.041,0.423,231.5,0.641333333,0.635333333,0.637666667,18.8945,18.444,18.6295
2023-08-12,MLG001,Jambearjo Farm,-8.075307,112.650801,450,2,C3,grand_growth,2,28.7,16.9,69.0,0.2,1,0.735,0.717,-0.006,1.152,3.326,0.251,0.584,0.686,0.743,0.72,-0.023,0.363,2.752,1.333,4.196,0.273,0.61,0.705,0.155,0.74,0.719,-0.015,3.848,0.264,0.599,0.697,19.82,0.005,0.413,238.0,0.668333333,0.686,0.678666667,21.0945,21.3241,21.238
2023-08-19,MLG001,Jambearjo Farm,-8.075307,112.650801,450,2,C3,grand_growth,2,26.3,19.7,63.4,6.0,1,0.738,0.747,0.073,1.215,3.188,0.232,0.602,0.661,0.735,0.75,0.073,0.4,2.399,1.323,4.005,0.27,0.616,0.667,0.124,0.736,0.749,0.073,3.678,0.255,0.61,0.664,16.65,0.221,0.391,244.5,0.667,0.672666667,0.67,19.4094,19.3305,19.3568
2023-08-26,MLG001,Jambearjo Farm,-8.075307,112.650801,450,2,C3,grand_growth,2,26.6,18.0,74.9,0.9,1,0.728,0.709,0.044,1.261,3.407,0.239,0.578,0.643,0.719,0.707,0.052,0.371,2.424,1.691,3.626,0.268,0.577,0.644,0.121,0.722,0.708,0.048,3.539,0.257,0.577,0.644,19.97,0.033,0.434,251.0,0.649666667,0.646666667,0.647666667,19.3648,19.1254,19.2052
2023-09-02,MLG001,Jambearjo Farm,-8.075307,112.650801,450,2,C3,grand_growth,2,26.1,17.4,74.4,0.1,1,0.743,0.732,0.089,1.0,2.941,0.255,0.627,0.629,0.703,0.738,0.092,0.344,2.146,1.257,3.695,0.255,0.589,0.589,0.113,0.719,0.735,0.091,3.394,0.255,0.604,0.605,19.38,0.003,0.428,257.5,0.666333333,0.627,0.642666667,19.3923,18.3483,18.7659
2023-09-09,MLG001,Jambearjo Farm,-8.075307,112.650801,450,2,C3,grand_growth,2,25.2,19.5,68.1,2.1,1,0.749,0.734,0.071,1.347,3.527,0.265,0.545,0.614,0.766,0.734,0.089,0.361,2.523,1.746,3.95,0.286,0.628,0.673,0.162,0.759,0.734,0.081,3.781,0.278,0.595,0.65,17.19,0.081,0.406,264.0,0.636,0.689,0.668,18.8748,19.3032,19.1268
2023-09-16,MLG001,Jambearjo Farm,-8.075307,112.650801,450,2,C3,grand_growth,2,26.1,17.5,62.8,3.8,1,0.774,0.758,0.002,1.29,3.558,0.278,0.62,0.658,0.781,0.78,0.01,0.392,2.653,1.513,3.94,0.28,0.647,0.74,0.133,0.778,0.771,0.006,3.787,0.279,0.636,0.707,16.4,0.14,0.382,270.5,0.684,0.722666667,0.707,20.2014,20.3841,20.3058
2023-09-23,MLG001,Jambearjo Farm,-8.075307,112.650801,450,2,C3,grand_growth,2,25.4,17.5,67.4,8.5,1,0.761,0.757,0.058,1.204,3.85,0.269,0.549,0.657,0.78,0.756,0.05,0.366,2.22,1.176,3.857,0.284,0.615,0.716,0.15,0.772,0.756,0.054,3.854,0.278,0.589,0.692,17.09,0.323,0.398,277.0,0.655666667,0.703666667,0.684333333,19.3294,19.812,19.6088
2023-09-30,MLG001,Jambearjo Farm,-8.075307,112.650801,450,2,C3,grand_growth,2,23.6,20.6,65.2,3.1,1,0.739,0.727,0.043,1.206,4.1,0.265,0.606,0.654,0.722,0.725,0.061,0.342,2.155,1.441,3.475,0.261,0.581,0.637,0.116,0.729,0.726,0.053,3.725,0.262,0.591,0.644,15.42,0.128,0.394,283.5,0.666333333,0.646666667,0.654666667,17.4404,17.0392,17.2044
2023-10-07,MLG001,Jambearjo Farm,-8.075307,112.650801,450,2,C3,grand_growth,2,22.6,18.4,64.1,1.8,1,0.742,0.734,0.065,1.161,3.956,0.248,0.627,0.671,0.742,0.734,0.063,0.404,2.175,1.327,4.036,0.27,0.631,0.716,0.129,0.742,0.734,0.064,4.004,0.261,0.629,0.698,14.51,0.075,0.379,290.0,0.68,0.696333333,0.689666667,16.7692,16.7692,16.7692
2023-10-14,MLG001,Jambearjo Farm,-8.075307,112.650801,450,2,C3,maturation,2,22.9,18.9,72.2,0.8,1,0.723,0.703,0.08,1.194,4.192,0.263,0.559,0.652,0.727,0.688,0.066,0.363,1.966,1.435,3.675,0.256,0.607,0.684,0.135,0.726,0.694,0.072,3.882,0.259,0.588,0.671,16.5,0.034,0.414,296.5,0.644666667,0.672666667,0.661666667,16.5567,16.6483,16.6254
2023-10-21,MLG001,Jambearjo Farm,-8.075307,112.650801,450,2,C3,maturation,2,25.0,17.7,70.6,2.2,1,0.778,0.754,0.117,1.181,3.755,0.266,0.629,0.657,0.775,0.743,0.119,0.411,2.559,1.119,4.381,0.289,0.616,0.716,0.146,0.776,0.748,0.118,4.13,0.28,0.621,0.692,17.66,0.083,0.41,303.0,0.688,0.702333333,0.696333333,19.45,19.375,19.4
2023-10-28,MLG001,Jambearjo Farm,-8.075307,112.650801,450,2,C3,maturation,2,24.6,16.8,65.6,1.2,1,0.777,0.771,0.068,1.287,3.84,0.267,0.647,0.665,0.769,0.761,0.084,0.408,2.52,1.629,3.632,0.287,0.627,0.724,0.14,0.772,0.765,0.077,3.715,0.279,0.635,0.701,16.16,0.047,0.387,309.5,0.696333333,0.706666667,0.702666667,19.1142,18.9174,18.9912
2023-11-04,MLG001,Jambearjo Farm,-8.075307,112.650801,450,2,C3,maturation,2,23.9,18.2,68.3,6.5,1,0.783,0.777,0.071,1.071,3.653,0.252,0.668,0.678,0.807,0.787,0.057,0.38,2.538,1.38,3.985,0.295,0.617,0.698,0.155,0.797,0.783,0.063,3.852,0.278,0.637,0.69,16.29,0.263,0.399,316.0,0.709666667,0.707333333,0.708,18.7137,19.2873,19.0483
2023-11-11,MLG001,Jambearjo Farm,-8.075307,112.650801,450,2,C3,maturation,2,22.7,17.9,69.5,2.8,1,0.795,0.79,-0.003,1.175,3.524,0.279,0.65,0.753,0.793,0.785,0.015,0.403,2.705,1.536,3.63,0.283,0.611,0.742,0.166,0.794,0.787,0.007,3.588,0.281,0.627,0.747,15.75,0.117,0.4,322.5,0.732666667,0.715333333,0.722666667,18.0465,18.0011,18.0238
2023-11-18,MLG001,Jambearjo Farm,-8.075307,112.650801,450,2,C3,maturation,2,24.5,17.7,66.0,8.2,1,0.806,0.797,0.07,1.276,3.912,0.295,0.684,0.739,0.824,0.802,0.063,0.423,2.209,1.682,3.707,0.307,0.654,0.769,0.155,0.817,0.8,0.066,3.789,0.302,0.666,0.757,16.14,0.32,0.39,329.0,0.743,0.749,0.746666667,19.747,20.188,20.0165
2023-11-25,MLG001,Jambearjo Farm,-8.075307,112.650801,450,2,C3,maturation,2,24.1,17.1,64.9,15.9,1,0.811,0.821,0.058,1.335,3.176,0.272,0.62,0.696,0.792,0.825,0.055,0.405,2.589,1.532,4.083,0.293,0.62,0.75,0.139,0.8,0.824,0.056,3.72,0.284,0.62,0.728,15.63,0.635,0.383,335.5,0.709,0.720666667,0.716,19.5451,19.0872,19.28
2023-12-02,MLG001,Jambearjo Farm,-8.075307,112.650801,450,2,C3,maturation,2,22.6,16.7,68.1,22.1,1,0.789,0.79,0.109,1.397,4.126,0.288,0.59,0.729,0.793,0.785,0.112,0.417,2.552,1.361,4.106,0.288,0.656,0.724,0.145,0.791,0.787,0.11,4.114,0.288,0.629,0.726,15.4,0.934,0.39,342.0,0.702666667,0.724333333,0.715333333,17.8314,17.9218,17.8766
2023-12-09,MLG001,Jambearjo Farm,-8.075307,112.650801,450,2,C3,maturation,2,21.8,18.0,74.7,8.8,1,0.771,0.765,0.064,1.212,3.85,0.267,0.658,0.715,0.789,0.755,0.063,0.39,2.246,1.543,3.775,0.297,0.62,0.76,0.134,0.782,0.759,0.064,3.805,0.285,0.635,0.742,16.25,0.385,0.418,348.5,0.714666667,0.723,0.719666667,16.8078,17.2002,17.0476
2023-12-16,MLG001,Jambearjo Farm,-8.075307,112.650801,450,2,C3,maturation,2,24.1,17.5,69.4,8.3,1,0.838,0.823,0.049,1.246,4.137,0.287,0.648,0.748,0.825,0.841,0.04,0.425,2.532,1.377,4.008,0.311,0.672,0.783,0.172,0.83,0.834,0.044,4.06,0.302,0.662,0.769,16.75,0.329,0.403,355.0,0.744666667,0.76,0.753666667,20.1958,19.8825,20.003
2023-12-23,MLG001,Jambearjo Farm,-8.075307,112.650801,450,2,C3,maturation,2,22.8,16.2,70.9,10.0,1,0.813,0.801,0.062,1.354,3.96,0.298,0.644,0.755,0.843,0.814,0.045,0.41,2.442,1.616,4.231,0.305,0.693,0.735,0.182,0.831,0.808,0.053,4.123,0.302,0.673,0.743,16.17,0.419,0.401,361.0,0.737333333,0.757,0.749,18.5364,19.2204,18.9468
2023-07-01,MLG001,Jambearjo Farm,-8.075307,112.650801,450,2,C4,establishment,2,28.3,17.2,74.8,1.4,1,0.204,0.182,0.105,0.692,2.542,0.075,0.201,0.167,0.198,0.193,0.111,0.158,1.63,0.956,2.464,0.068,0.1,0.193,-0.019,0.201,0.189,0.108,2.495,0.071,0.14,0.183,21.14,0.047,0.436,20.0,0.190666667,0.163666667,0.174666667,5.7732,5.6034,5.6883
2023-07-08,MLG001,Jambearjo Farm,-8.075307,112.650801,450,2,C4,establishment,2,24.6,19.2,74.3,2.2,1,0.214,0.199,0.006,0.753,2.261,0.081,0.173,0.209,0.23,0.22,0.001,0.182,1.825,0.81,2.714,0.083,0.174,0.202,0.018,0.224,0.212,0.003,2.533,0.082,0.174,0.205,18.3,0.086,0.429,20.4,0.198666667,0.202,0.201,5.2644,5.658,5.5104
2023-07-15,MLG001,Jambearjo Farm,-8.075307,112.650801,450,2,C4,establishment,2,27.1,19.0,71.8,2.2,1,0.3,0.292,0.023,0.906,2.26,0.112,0.273,0.291,0.308,0.29,0.014,0.257,1.73,0.853,2.73,0.108,0.229,0.255,0.02,0.305,0.29,0.018,2.542,0.109,0.247,0.269,19.44,0.078,0.425,22.5,0.288,0.264,0.273666667,8.13,8.3468,8.2655
2023-07-22,MLG001,Jambearjo Farm,-8.075307,112.650801,450,2,C4,establishment,2,28.0,16.9,76.3,0.4,1,0.329,0.333,0.055,0.826,2.325,0.101,0.283,0.311,0.343,0.332,0.076,0.23,2.102,1.037,2.507,0.132,0.291,0.322,0.037,0.337,0.332,0.066,2.434,0.119,0.288,0.318,21.34,0.015,0.44,25.1,0.307666667,0.318666667,0.314333333,9.212,9.604,9.436
2023-07-29,MLG001,Jambearjo Farm,-8.075307,112.650801,450,2,C4,establishment,2,30.4,18.9,75.6,6.7,1,0.352,0.352,0.079,0.883,2.588,0.122,0.186,0.322,0.349,0.368,0.079,0.218,1.909,0.892,2.796,0.132,0.31,0.305,0.038,0.35,0.361,0.079,2.713,0.128,0.261,0.312,22.96,0.215,0.45,27.8,0.286666667,0.321333333,0.307666667,10.7008,10.6096,10.64
2023-08-05,MLG001,Jambearjo Farm,-8.075307,112.650801,450,2,C4,establishment,2,27.9,16.7,71.9,3.5,1,0.385,0.354,0.031,0.916,3.094,0.132,0.301,0.337,0.382,0.357,0.008,0.279,1.826,1.191,2.453,0.147,0.33,0.359,0.031,0.383,0.356,0.019,2.709,0.141,0.319,0.35,20.02,0.121,0.421,31.3,0.341,0.357,0.350666667,10.7415,10.6578,10.6857
2023-08-12,MLG001,Jambearjo Farm,-8.075307,112.650801,450,2,C4,establishment,2,25.5,18.6,70.3,1.8,1,0.413,0.408,0.054,0.745,3.068,0.144,0.367,0.345,0.371,0.411,0.058,0.216,1.749,1.484,2.661,0.143,0.288,0.299,0.04,0.388,0.41,0.057,2.824,0.144,0.319,0.317,17.89,0.067,0.413,34.7,0.375,0.319333333,0.341333333,10.5315,9.4605,9.894
2023-08-19,MLG001,Jambearjo Farm,-8.075307,112.650801,450,2,C4,establishment,2,26.3,18.9,69.9,1.5,1,0.443,0.399,-0.008,1.014,3.06,0.155,0.313,0.381,0.444,0.383,-0.02,0.289,2.319,1.081,3.133,0.149,0.381,0.393,0.066,0.444,0.389,-0.015,3.104,0.151,0.354,0.388,18.37,0.057,0.415,38.9,0.379,0.406,0.395333333,11.6509,11.6772,11.6772
2023-08-26,MLG001,Jambearjo Farm,-8.075307,112.650801,450,2,C4,establishment,2,28.2,17.0,71.4,0.2,1,0.432,0.416,0.058,0.953,3.12,0.161,0.314,0.411,0.42,0.422,0.067,0.229,2.022,1.049,2.685,0.166,0.328,0.37,0.056,0.425,0.42,0.063,2.859,0.164,0.322,0.386,20.15,0.007,0.421,44.1,0.385666667,0.372666667,0.377666667,12.1824,11.844,11.985
2023-09-02,MLG001,Jambearjo Farm,-8.075307,112.650801,450,2,C4,tillering,2,25.5,18.8,72.8,1.1,1,0.473,0.465,-0.027,1.183,3.142,0.167,0.414,0.485,0.491,0.475,-0.025,0.289,1.994,1.067,2.904,0.171,0.401,0.418,0.076,0.484,0.471,-0.025,2.999,0.169,0.406,0.445,18.52,0.042,0.424,49.7,0.457333333,0.436666667,0.445,12.0615,12.5205,12.342
2023-09-09,MLG001,Jambearjo Farm,-8.075307,112.650801,450,2,C4,tillering,2,25.7,16.7,68.7,1.9,1,0.535,0.501,0.061,0.979,2.834,0.174,0.441,0.465,0.555,0.511,0.081,0.297,2.261,1.35,3.135,0.199,0.495,0.515,0.098,0.547,0.507,0.072,3.014,0.189,0.473,0.495,17.67,0.07,0.402,55.6,0.480333333,0.521666667,0.505,13.7495,14.2635,14.0579
2023-09-16,MLG001,Jambearjo Farm,-8.075307,112.650801,450,2,C4,tillering,2,24.0,18.2,66.6,0.3,1,0.502,0.47,0.071,1.05,2.937,0.165,0.371,0.442,0.516,0.479,0.063,0.278,2.173,1.093,3.016,0.202,0.444,0.478,0.06,0.511,0.475,0.067,2.985,0.187,0.415,0.464,16.0,0.013,0.393,61.8,0.438333333,0.479333333,0.463333333,12.048,12.384,12.264
2023-09-23,MLG001,Jambearjo Farm,-8.075307,112.650801,450,2,C4,tillering,2,26.7,18.6,71.2,5.6,1,0.568,0.578,0.07,1.102,3.645,0.203,0.44,0.5,0.577,0.565,0.068,0.344,1.754,1.507,3.596,0.21,0.487,0.531,0.113,0.573,0.571,0.069,3.616,0.207,0.468,0.519,19.05,0.202,0.421,71.3,0.502666667,0.531666667,0.52,15.1656,15.4059,15.2991
2023-09-30,MLG001,Jambearjo Farm,-8.075307,112.650801,450,2,C4,tillering,2,23.8,19.8,72.2,2.6,1,0.558,0.523,0.044,1.081,3.267,0.208,0.47,0.526,0.568,0.509,0.041,0.34,2.171,1.343,3.21,0.202,0.463,0.529,0.082,0.564,0.515,0.042,3.233,0.204,0.466,0.528,17.15,0.107,0.419,79.4,0.518,0.52,0.519333333,13.2804,13.5184,13.4232
2023-10-07,MLG001,Jambearjo Farm,-8.075307,112.650801,450,2,C4,tillering,2,23.1,20.0,65.3,3.8,1,0.528,0.498,-0.005,0.905,2.708,0.199,0.426,0.485,0.5,0.486,0.008,0.301,2.07,1.284,3.508,0.183,0.411,0.464,0.111,0.511,0.491,0.002,3.188,0.189,0.417,0.472,15.08,0.156,0.39,86.1,0.479666667,0.458333333,0.466666667,12.1968,11.55,11.8041
2023-10-14,MLG001,Jambearjo Farm,-8.075307,112.650801,450,2,C4,tillering,2,25.1,16.3,60.3,0.1,1,0.611,0.642,0.075,1.021,3.199,0.209,0.435,0.541,0.627,0.629,0.09,0.349,2.105,1.305,3.854,0.238,0.514,0.572,0.108,0.62,0.635,0.083,3.592,0.226,0.482,0.559,15.11,0.005,0.365,94.4,0.529,0.571,0.553666667,15.3361,15.7377,15.562
2023-10-21,MLG001,Jambearjo Farm,-8.075307,112.650801,450,2,C4,tillering,2,21.8,21.2,66.1,1.6,1,0.581,0.564,0.005,1.247,2.883,0.193,0.452,0.556,0.587,0.551,0.024,0.34,2.312,1.394,3.941,0.235,0.464,0.572,0.102,0.585,0.556,0.016,3.518,0.218,0.459,0.566,14.39,0.069,0.393,103.5,0.529666667,0.541,0.536666667,12.6658,12.7966,12.753
2023-10-28,MLG001,Jambearjo Farm,-8.075307,112.650801,450,2,C4,tillering,2,22.3,18.2,65.9,3.0,1,0.578,0.563,0.09,1.048,3.465,0.206,0.473,0.514,0.565,0.552,0.1,0.318,2.15,1.202,3.206,0.217,0.455,0.493,0.102,0.57,0.556,0.095,3.309,0.213,0.462,0.501,14.73,0.127,0.385,112.4,0.521666667,0.504333333,0.511,12.8894,12.5995,12.711
2023-11-04,MLG001,Jambearjo Farm,-8.075307,112.650801,450,2,C4,tillering,2,23.3,20.3,66.5,10.0,1,0.608,0.59,0.088,0.962,3.38,0.214,0.488,0.573,0.618,0.605,0.073,0.339,2.259,1.158,3.67,0.247,0.506,0.579,0.106,0.614,0.599,0.08,3.554,0.234,0.499,0.576,15.46,0.413,0.396,123.6,0.556333333,0.567666667,0.563,14.1664,14.3994,14.3062
2023-11-11,MLG001,Jambearjo Farm,-8.075307,112.650801,450,2,C4,tillering,2,21.1,18.2,69.9,4.0,1,0.609,0.589,0.085,0.997,3.092,0.214,0.518,0.561,0.618,0.59,0.091,0.34,2.035,1.325,3.161,0.229,0.494,0.619,0.104,0.614,0.589,0.088,3.133,0.223,0.504,0.596,14.78,0.18,0.398,132.2,0.562666667,0.577,0.571333333,12.8499,13.0398,12.9554
2023-11-18,MLG001,Jambearjo Farm,-8.075307,112.650801,450,2,C4,tillering,2,23.3,17.8,70.8,25.6,1,0.628,0.606,0.094,1.096,3.576,0.213,0.494,0.564,0.635,0.607,0.1,0.359,2.34,1.403,3.082,0.235,0.533,0.599,0.098,0.632,0.607,0.097,3.279,0.226,0.517,0.585,16.5,1.055,0.406,146.3,0.562,0.589,0.578,14.6324,14.7955,14.7256
2023-11-25,MLG001,Jambearjo Farm,-8.075307,112.650801,450,2,C4,grand_growth,2,22.9,16.8,67.3,19.8,1,0.685,0.672,0.086,1.131,3.737,0.243,0.616,0.595,0.698,0.667,0.073,0.364,2.365,1.836,3.608,0.249,0.579,0.601,0.123,0.693,0.669,0.079,3.659,0.247,0.594,0.598,15.42,0.829,0.388,161.1,0.632,0.626,0.628333333,15.6865,15.9842,15.8697
2023-12-02,MLG001,Jambearjo Farm,-8.075307,112.650801,450,2,C4,grand_growth,2,23.8,17.1,68.5,10.4,1,0.67,0.64,0.087,1.28,3.086,0.216,0.533,0.604,0.679,0.636,0.084,0.365,2.523,1.085,3.508,0.253,0.534,0.659,0.11,0.675,0.638,0.086,3.339,0.238,0.533,0.637,16.3,0.421,0.397,173.0,0.602333333,0.624,0.615,15.946,16.1602,16.065
2023-12-09,MLG001,Jambearjo Farm,-8.075307,112.650801,450,2,C4,grand_growth,2,23.7,16.1,68.8,4.4,1,0.674,0.672,0.049,1.098,3.529,0.243,0.61,0.627,0.696,0.667,0.033,0.365,2.357,1.234,3.605,0.261,0.58,0.65,0.128,0.687,0.669,0.04,3.574,0.254,0.592,0.641,16.29,0.178,0.394,179.5,0.637,0.642,0.64,15.9738,16.4952,16.2819
2023-12-16,MLG001,Jambearjo Farm,-8.075307,112.650801,450,2,C4,grand_growth,2,22.6,15.7,69.8,19.4,1,0.761,0.73,0.076,1.242,3.882,0.276,0.663,0.698,0.75,0.727,0.081,0.424,2.121,1.63,3.845,0.284,0.613,0.673,0.149,0.754,0.728,0.079,3.86,0.281,0.633,0.683,15.74,0.824,0.394,186.0,0.707333333,0.678666667,0.69,17.1986,16.95,17.0404
2023-12-23,MLG001,Jambearjo Farm,-8.075307,112.650801,450,2,C4,grand_growth,2,24.5,16.0,74.1,13.6,1,0.73,0.722,0.048,1.141,3.486,0.241,0.56,0.629,0.729,0.714,0.024,0.416,2.626,1.312,3.81,0.273,0.628,0.654,0.149,0.73,0.717,0.035,3.68,0.26,0.601,0.644,18.18,0.533,0.418,192.5,0.639666667,0.670333333,0.658333333,17.885,17.8605,17.885
2022-01-01,MLG002,Kendalpayak Farm,-8.060884,112.619975,320,2,C1,establishment,2,23.0,15.8,73.5,50.1,1,0.172,0.169,0.137,0.731,2.11,0.052,0.16,0.148,0.156,0.174,0.119,0.152,1.926,0.676,1.558,0.063,0.12,0.139,-0.016,0.163,0.172,0.127,1.779,0.058,0.136,0.143,16.92,2.085,0.41,25.7,0.16,0.138333333,0.147333333,3.956,3.588,3.749
2022-01-08,MLG002,Kendalpayak Farm,-8.060884,112.619975,320,2,C1,establishment,2,23.3,15.8,75.2,33.5,1,0.25,0.224,0.086,0.882,2.129,0.082,0.227,0.226,0.228,0.241,0.078,0.192,1.825,1.022,2.83,0.071,0.208,0.225,0.005,0.237,0.234,0.082,2.549,0.075,0.216,0.225,17.48,1.382,0.418,27.8,0.234333333,0.220333333,0.226,5.825,5.3124,5.5221
2022-01-15,MLG002,Kendalpayak Farm,-8.060884,112.619975,320,2,C1,establishment,2,25.5,14.4,69.6,43.6,1,0.302,0.283,0.136,0.957,2.466,0.094,0.229,0.307,0.309,0.302,0.147,0.215,1.88,0.881,2.397,0.15,0.278,0.301,0.018,0.306,0.294,0.142,2.425,0.128,0.259,0.303,17.73,1.647,0.398,30.8,0.279333333,0.296,0.289333333,7.701,7.8795,7.803
2022-01-22,MLG002,Kendalpayak Farm,-8.060884,112.619975,320,2,C1,establishment,2,25.8,17.0,75.9,17.0,1,0.29,0.26,0.056,0.858,2.356,0.122,0.289,0.261,0.325,0.275,0.049,0.193,1.846,0.928,2.661,0.121,0.268,0.309,0.013,0.311,0.269,0.052,2.539,0.121,0.276,0.29,19.62,0.633,0.432,34.1,0.28,0.300666667,0.292333333,7.482,8.385,8.0238
2022-01-29,MLG002,Kendalpayak Farm,-8.060884,112.619975,320,2,C1,establishment,2,24.1,15.3,70.5,30.3,1,0.34,0.338,0.089,0.827,2.436,0.13,0.257,0.317,0.374,0.337,0.106,0.284,2.155,1.072,2.909,0.128,0.287,0.332,0.077,0.36,0.338,0.098,2.72,0.129,0.275,0.326,17.03,1.205,0.4,37.4,0.304666667,0.331,0.320333333,8.194,9.0134,8.676
2022-02-05,MLG002,Kendalpayak Farm,-8.060884,112.619975,320,2,C1,establishment,2,24.2,14.5,78.7,20.1,1,0.347,0.32,0.131,0.862,3.025,0.12,0.249,0.305,0.338,0.315,0.134,0.248,1.587,1.035,2.499,0.12,0.28,0.3,0.055,0.342,0.317,0.133,2.71,0.12,0.268,0.302,19.01,0.798,0.431,41.7,0.300333333,0.306,0.304,8.3974,8.1796,8.2764
2022-02-12,MLG002,Kendalpayak Farm,-8.060884,112.619975,320,2,C1,establishment,2,26.7,14.7,78.6,13.8,1,0.397,0.373,0.042,0.914,2.671,0.146,0.338,0.385,0.383,0.377,0.031,0.23,1.874,1.243,2.68,0.154,0.328,0.345,0.063,0.389,0.375,0.036,2.676,0.151,0.332,0.361,21.01,0.498,0.439,46.4,0.373333333,0.352,0.360666667,10.5999,10.2261,10.3863
2022-02-19,MLG002,Kendalpayak Farm,-8.060884,112.619975,320,2,C1,establishment,2,24.3,15.9,78.4,8.8,1,0.408,0.411,0.083,0.977,2.667,0.151,0.354,0.35,0.392,0.416,0.06,0.26,1.881,1.274,2.698,0.154,0.308,0.38,0.079,0.398,0.414,0.07,2.686,0.153,0.326,0.368,19.06,0.348,0.434,50.6,0.370666667,0.36,0.364,9.9144,9.5256,9.6714
2022-02-26,MLG002,Kendalpayak Farm,-8.060884,112.619975,320,2,C1,establishment,2,25.9,18.1,78.4,30.6,1,0.416,0.418,0.051,0.899,3.202,0.142,0.312,0.396,0.408,0.406,0.055,0.259,1.741,1.204,2.959,0.148,0.327,0.385,0.07,0.411,0.411,0.053,3.056,0.146,0.321,0.389,20.31,1.138,0.446,57.4,0.374666667,0.373333333,0.373666667,10.7744,10.5672,10.6449
2022-03-05,MLG002,Kendalpayak Farm,-8.060884,112.619975,320,2,C1,tillering,2,27.3,15.3,80.3,15.4,1,0.482,0.494,0.066,1.05,2.906,0.17,0.431,0.453,0.468,0.488,0.085,0.287,1.832,1.045,3.187,0.181,0.384,0.48,0.079,0.474,0.491,0.077,3.075,0.177,0.403,0.469,21.97,0.543,0.449,65.0,0.455333333,0.444,0.448666667,13.1586,12.7764,12.9402
2022-03-12,MLG002,Kendalpayak Farm,-8.060884,112.619975,320,2,C1,tillering,2,25.7,13.1,82.7,24.3,1,0.513,0.48,0.078,1.111,2.913,0.191,0.424,0.463,0.507,0.479,0.081,0.318,1.931,1.168,3.131,0.193,0.393,0.44,0.087,0.509,0.479,0.08,3.044,0.192,0.406,0.449,21.22,0.913,0.447,72.7,0.466666667,0.446666667,0.454666667,13.1841,13.0299,13.0813
2022-03-19,MLG002,Kendalpayak Farm,-8.060884,112.619975,320,2,C1,tillering,2,28.2,14.5,77.9,13.3,1,0.514,0.497,0.077,0.943,3.003,0.194,0.4,0.415,0.493,0.518,0.098,0.284,2.254,1.232,3.399,0.174,0.378,0.48,0.051,0.502,0.51,0.089,3.24,0.182,0.387,0.454,22.0,0.456,0.44,81.8,0.443,0.450333333,0.447666667,14.4948,13.9026,14.1564
2022-03-26,MLG002,Kendalpayak Farm,-8.060884,112.619975,320,2,C1,tillering,2,26.7,15.5,79.9,9.9,1,0.54,0.542,0.061,1.144,3.369,0.194,0.427,0.47,0.57,0.55,0.059,0.353,2.31,1.057,3.189,0.217,0.505,0.572,0.093,0.558,0.547,0.06,3.261,0.208,0.474,0.531,21.3,0.358,0.446,92.1,0.479,0.549,0.521,14.418,15.219,14.8986
2022-04-02,MLG002,Kendalpayak Farm,-8.060884,112.619975,320,2,C1,tillering,2,27.2,15.9,84.3,22.2,1,0.554,0.55,0.097,1.141,4.07,0.186,0.37,0.507,0.575,0.535,0.109,0.315,2.257,1.137,3.065,0.204,0.488,0.517,0.098,0.567,0.541,0.104,3.467,0.197,0.441,0.513,22.97,0.785,0.467,105.0,0.477,0.526666667,0.507,15.0688,15.64,15.4224
2022-04-09,MLG002,Kendalpayak Farm,-8.060884,112.619975,320,2,C1,tillering,2,26.6,17.1,85.6,24.2,1,0.602,0.554,0.124,1.17,2.504,0.207,0.455,0.534,0.599,0.554,0.139,0.323,2.022,1.27,3.314,0.221,0.476,0.559,0.119,0.6,0.554,0.132,2.99,0.216,0.467,0.549,22.74,0.878,0.474,117.7,0.530333333,0.544666667,0.538666667,16.0132,15.9334,15.96
2022-04-16,MLG002,Kendalpayak Farm,-8.060884,112.619975,320,2,C1,tillering,2,28.5,14.6,85.7,7.3,1,0.603,0.6,0.085,1.207,3.508,0.21,0.497,0.544,0.603,0.594,0.06,0.316,2.219,0.897,3.259,0.23,0.528,0.544,0.092,0.603,0.596,0.071,3.359,0.222,0.515,0.544,24.39,0.248,0.472,127.5,0.548,0.558333333,0.554,17.1855,17.1855,17.1855
2022-04-23,MLG002,Kendalpayak Farm,-8.060884,112.619975,320,2,C1,tillering,2,27.2,14.3,87.4,15.1,1,0.591,0.548,0.079,1.034,3.385,0.213,0.489,0.491,0.595,0.531,0.105,0.321,1.941,1.214,3.419,0.226,0.521,0.549,0.094,0.594,0.538,0.094,3.406,0.221,0.508,0.526,23.78,0.534,0.474,134.0,0.523666667,0.555,0.542666667,16.0752,16.184,16.1568
2022-04-30,MLG002,Kendalpayak Farm,-8.060884,112.619975,320,2,C1,tillering,2,28.6,13.3,90.0,11.0,1,0.596,0.574,0.114,1.024,3.381,0.209,0.459,0.549,0.62,0.592,0.125,0.313,1.963,1.491,3.188,0.234,0.512,0.597,0.113,0.611,0.585,0.12,3.265,0.224,0.491,0.578,25.74,0.37,0.486,140.5,0.534666667,0.576333333,0.56,17.0456,17.732,17.4746
2022-05-07,MLG002,Kendalpayak Farm,-8.060884,112.619975,320,2,C1,tillering,2,31.4,15.9,83.0,1.0,1,0.614,0.577,0.042,1.155,3.63,0.211,0.579,0.584,0.619,0.588,0.034,0.342,2.17,1.137,3.565,0.229,0.509,0.569,0.091,0.617,0.583,0.038,3.591,0.222,0.537,0.575,26.08,0.032,0.474,147.0,0.592333333,0.565666667,0.576333333,19.2796,19.4366,19.3738
2022-05-14,MLG002,Kendalpayak Farm,-8.060884,112.619975,320,2,C1,tillering,2,29.2,15.9,81.2,5.9,1,0.585,0.551,0.112,1.039,3.061,0.204,0.479,0.522,0.539,0.553,0.125,0.291,2.459,1.371,3.327,0.191,0.449,0.503,0.084,0.558,0.552,0.119,3.221,0.197,0.461,0.511,23.66,0.195,0.46,153.5,0.528666667,0.497,0.51,17.082,15.7388,16.2936
2022-05-21,MLG002,Kendalpayak Farm,-8.060884,112.619975,320,2,C1,tillering,2,28.3,13.7,77.1,0.1,1,0.639,0.62,0.078,1.231,3.012,0.238,0.531,0.552,0.639,0.623,0.053,0.342,2.371,1.227,3.118,0.238,0.579,0.573,0.099,0.639,0.622,0.064,3.076,0.238,0.56,0.565,21.82,0.005,0.435,160.0,0.574,0.597,0.588,18.0837,18.0837,18.0837
2022-05-28,MLG002,Kendalpayak Farm,-8.060884,112.619975,320,2,C1,grand_growth,2,30.5,13.9,80.6,1.1,1,0.657,0.639,0.023,1.082,2.704,0.213,0.536,0.623,0.711,0.648,0.015,0.329,2.461,1.193,3.488,0.27,0.59,0.635,0.102,0.689,0.644,0.019,3.174,0.247,0.568,0.63,24.56,0.036,0.455,166.5,0.605333333,0.645333333,0.629,20.0385,21.6855,21.0145
2022-06-04,MLG002,Kendalpayak Farm,-8.060884,112.619975,320,2,C1,grand_growth,2,29.7,17.7,82.7,1.9,1,0.668,0.667,0.041,1.006,3.192,0.234,0.52,0.609,0.692,0.663,0.059,0.36,2.398,1.374,3.729,0.26,0.583,0.637,0.073,0.682,0.664,0.051,3.514,0.25,0.558,0.625,24.6,0.062,0.473,173.0,0.599,0.637333333,0.621666667,19.8396,20.5524,20.2554
2022-06-11,MLG002,Kendalpayak Farm,-8.060884,112.619975,320,2,C1,grand_growth,2,26.8,16.3,76.6,0.8,1,0.676,0.667,0.042,1.254,3.649,0.238,0.553,0.599,0.662,0.677,0.041,0.317,2.396,1.368,3.979,0.247,0.514,0.573,0.135,0.668,0.673,0.041,3.847,0.243,0.529,0.584,20.54,0.027,0.436,179.5,0.609333333,0.583,0.593666667,18.1168,17.7416,17.9024
2022-06-18,MLG002,Kendalpayak Farm,-8.060884,112.619975,320,2,C1,grand_growth,2,28.0,16.3,76.2,6.7,1,0.698,0.699,0.071,1.091,4.081,0.24,0.582,0.655,0.703,0.688,0.061,0.38,2.45,1.598,3.953,0.252,0.613,0.626,0.135,0.701,0.693,0.065,4.004,0.248,0.601,0.638,21.31,0.231,0.438,186.0,0.645,0.647333333,0.646666667,19.544,19.684,19.628
2022-06-25,MLG002,Kendalpayak Farm,-8.060884,112.619975,320,2,C1,grand_growth,2,29.2,14.4,79.0,1.6,1,0.714,0.696,0.093,1.095,3.479,0.248,0.63,0.635,0.691,0.72,0.096,0.375,2.008,1.43,3.639,0.248,0.583,0.601,0.108,0.7,0.71,0.095,3.575,0.248,0.602,0.615,23.06,0.054,0.447,192.5,0.659666667,0.625,0.639,20.8488,20.1772,20.44
2022-07-02,MLG002,Kendalpayak Farm,-8.060884,112.619975,320,2,C1,grand_growth,2,28.1,17.4,76.1,1.9,1,0.69,0.663,0.04,1.161,3.618,0.218,0.583,0.619,0.678,0.672,0.008,0.326,2.74,1.4,3.415,0.252,0.552,0.625,0.127,0.683,0.668,0.023,3.496,0.238,0.564,0.623,21.39,0.065,0.441,199.0,0.630666667,0.618333333,0.623333333,19.389,19.0518,19.1923
2022-07-09,MLG002,Kendalpayak Farm,-8.060884,112.619975,320,2,C1,grand_growth,2,29.2,16.7,77.2,3.6,1,0.681,0.681,0.057,1.163,3.448,0.25,0.534,0.588,0.693,0.68,0.061,0.377,2.216,1.361,3.564,0.267,0.569,0.641,0.106,0.688,0.68,0.059,3.518,0.26,0.555,0.62,22.58,0.119,0.447,205.5,0.601,0.634333333,0.621,19.8852,20.2356,20.0896
2022-07-16,MLG002,Kendalpayak Farm,-8.060884,112.619975,320,2,C1,grand_growth,2,29.1,19.3,77.7,1.4,1,0.722,0.697,0.053,1.148,4.068,0.262,0.591,0.692,0.711,0.705,0.061,0.364,2.308,1.55,3.904,0.252,0.629,0.677,0.124,0.715,0.702,0.057,3.969,0.256,0.614,0.683,22.64,0.047,0.456,212.0,0.668333333,0.672333333,0.670666667,21.0102,20.6901,20.8065
2022-07-23,MLG002,Kendalpayak Farm,-8.060884,112.619975,320,2,C1,grand_growth,2,29.8,18.7,75.8,3.3,1,0.741,0.717,0.039,1.221,4.338,0.258,0.603,0.689,0.739,0.725,0.039,0.404,2.198,1.786,3.692,0.278,0.606,0.659,0.147,0.74,0.722,0.039,3.95,0.27,0.605,0.671,22.58,0.108,0.449,218.5,0.677666667,0.668,0.672,22.0818,22.0222,22.052
2022-07-30,MLG002,Kendalpayak Farm,-8.060884,112.619975,320,2,C1,grand_growth,2,28.9,16.4,71.6,6.3,1,0.718,0.707,0.069,1.184,4.185,0.257,0.632,0.644,0.722,0.702,0.073,0.366,2.273,1.137,4.088,0.264,0.629,0.662,0.14,0.72,0.704,0.071,4.127,0.261,0.63,0.655,20.69,0.211,0.422,225.0,0.664666667,0.671,0.668333333,20.7502,20.8658,20.808
2022-08-06,MLG002,Kendalpayak Farm,-8.060884,112.619975,320,2,C1,grand_growth,2,28.3,17.1,68.3,2.5,1,0.711,0.685,0.066,1.156,3.715,0.251,0.624,0.654,0.71,0.681,0.084,0.338,2.463,1.242,3.964,0.259,0.595,0.654,0.107,0.71,0.682,0.076,3.865,0.256,0.607,0.654,19.33,0.084,0.41,231.5,0.663,0.653,0.657,20.1213,20.093,20.093
2022-08-13,MLG002,Kendalpayak Farm,-8.060884,112.619975,320,2,C1,grand_growth,2,26.8,18.0,75.3,10.7,1,0.723,0.729,0.072,1.145,3.697,0.238,0.652,0.624,0.736,0.729,0.09,0.381,2.256,1.158,3.316,0.27,0.638,0.644,0.162,0.731,0.729,0.082,3.469,0.258,0.644,0.636,20.16,0.386,0.435,238.0,0.666333333,0.672666667,0.670333333,19.3764,19.7248,19.5908
2022-08-20,MLG002,Kendalpayak Farm,-8.060884,112.619975,320,2,C1,grand_growth,2,25.9,17.7,69.0,0.1,1,0.728,0.713,0.047,1.142,3.674,0.263,0.579,0.639,0.748,0.71,0.056,0.38,2.615,1.633,4.095,0.272,0.6,0.706,0.136,0.74,0.711,0.052,3.927,0.269,0.591,0.679,17.88,0.004,0.407,244.5,0.648666667,0.684666667,0.67,18.8552,19.3732,19.166
2022-08-27,MLG002,Kendalpayak Farm,-8.060884,112.619975,320,2,C1,grand_growth,2,26.6,18.4,70.7,1.4,1,0.731,0.718,0.064,1.116,3.255,0.257,0.611,0.66,0.732,0.707,0.055,0.394,2.128,1.698,3.772,0.258,0.613,0.683,0.127,0.732,0.711,0.059,3.565,0.258,0.612,0.674,18.78,0.049,0.418,251.0,0.667333333,0.676,0.672666667,19.4446,19.4712,19.4712
2022-09-03,MLG002,Kendalpayak Farm,-8.060884,112.619975,320,2,C1,grand_growth,2,25.7,19.7,73.2,3.0,1,0.734,0.702,0.067,1.339,4.046,0.248,0.635,0.684,0.723,0.704,0.075,0.352,2.509,1.788,4.066,0.269,0.586,0.672,0.116,0.728,0.704,0.071,4.058,0.26,0.606,0.677,18.79,0.113,0.429,257.5,0.684333333,0.660333333,0.670333333,18.8638,18.5811,18.7096
2022-09-10,MLG002,Kendalpayak Farm,-8.060884,112.619975,320,2,C1,grand_growth,2,24.0,17.8,70.4,7.2,1,0.735,0.723,0.043,1.32,3.384,0.252,0.557,0.634,0.74,0.71,0.04,0.388,2.304,1.11,4.106,0.276,0.614,0.676,0.147,0.738,0.715,0.042,3.817,0.267,0.591,0.659,16.87,0.29,0.407,264.0,0.642,0.676666667,0.662666667,17.64,17.76,17.712
2022-09-17,MLG002,Kendalpayak Farm,-8.060884,112.619975,320,2,C1,grand_growth,2,27.5,19.0,67.2,3.0,1,0.76,0.733,0.072,1.202,3.582,0.283,0.628,0.695,0.783,0.736,0.062,0.386,2.586,1.577,4.004,0.281,0.662,0.719,0.155,0.774,0.735,0.066,3.835,0.281,0.649,0.709,18.49,0.105,0.408,270.5,0.694333333,0.721333333,0.710666667,20.9,21.5325,21.285
2022-09-24,MLG002,Kendalpayak Farm,-8.060884,112.619975,320,2,C1,grand_growth,2,28.6,17.9,69.2,3.2,1,0.778,0.748,0.091,1.195,3.739,0.25,0.608,0.688,0.789,0.743,0.066,0.401,2.397,1.38,3.932,0.278,0.663,0.723,0.143,0.785,0.745,0.077,3.855,0.267,0.641,0.709,19.79,0.109,0.416,277.0,0.691333333,0.725,0.711666667,22.2508,22.5654,22.451
2022-10-01,MLG002,Kendalpayak Farm,-8.060884,112.619975,320,2,C1,grand_growth,2,24.3,19.1,66.3,1.7,1,0.779,0.771,0.019,1.363,4.061,0.273,0.61,0.668,0.791,0.765,0.006,0.412,2.758,1.419,4.115,0.294,0.657,0.711,0.144,0.786,0.767,0.012,4.093,0.286,0.638,0.694,16.14,0.068,0.396,283.5,0.685666667,0.719666667,0.706,18.9297,19.2213,19.0998
2022-10-08,MLG002,Kendalpayak Farm,-8.060884,112.619975,320,2,C1,grand_growth,2,23.5,16.8,68.7,1.0,1,0.745,0.7,0.055,0.986,3.803,0.265,0.593,0.672,0.745,0.703,0.059,0.407,2.701,1.671,3.588,0.282,0.624,0.673,0.123,0.745,0.702,0.057,3.674,0.275,0.611,0.673,16.17,0.041,0.396,290.0,0.67,0.680666667,0.676333333,17.5075,17.5075,17.5075
2022-10-15,MLG002,Kendalpayak Farm,-8.060884,112.619975,320,2,C1,maturation,2,23.8,18.5,67.1,8.7,1,0.818,0.803,0.095,1.239,4.094,0.279,0.632,0.736,0.855,0.816,0.112,0.392,2.555,1.678,4.614,0.303,0.719,0.808,0.17,0.84,0.811,0.104,4.406,0.293,0.684,0.779,15.93,0.35,0.395,296.5,0.728666667,0.794,0.767666667,19.4684,20.349,19.992
2022-10-22,MLG002,Kendalpayak Farm,-8.060884,112.619975,320,2,C1,maturation,2,25.4,18.3,64.8,3.3,1,0.772,0.755,0.061,1.301,3.371,0.257,0.606,0.65,0.786,0.735,0.072,0.417,2.495,1.207,3.927,0.284,0.614,0.734,0.158,0.78,0.743,0.067,3.704,0.273,0.611,0.701,16.46,0.126,0.39,303.0,0.676,0.711333333,0.697333333,19.6088,19.9644,19.812
2022-10-29,MLG002,Kendalpayak Farm,-8.060884,112.619975,320,2,C1,maturation,2,24.8,18.6,59.8,4.7,1,0.747,0.732,0.054,1.254,3.421,0.265,0.607,0.682,0.736,0.734,0.081,0.369,2.436,1.16,3.825,0.274,0.607,0.692,0.13,0.741,0.733,0.069,3.664,0.27,0.607,0.688,14.83,0.18,0.369,309.5,0.678666667,0.678333333,0.678666667,18.5256,18.2528,18.3768
2022-11-05,MLG002,Kendalpayak Farm,-8.060884,112.619975,320,2,C1,maturation,2,22.9,18.3,64.2,6.6,1,0.807,0.775,0.074,1.188,4.116,0.285,0.603,0.745,0.809,0.775,0.089,0.375,2.246,1.558,3.542,0.295,0.688,0.743,0.132,0.808,0.775,0.082,3.771,0.291,0.654,0.744,14.71,0.278,0.38,316.0,0.718333333,0.746666667,0.735333333,18.4803,18.5261,18.5032
2022-11-12,MLG002,Kendalpayak Farm,-8.060884,112.619975,320,2,C1,maturation,2,23.6,16.1,67.2,8.3,1,0.819,0.796,0.076,1.296,4.125,0.301,0.691,0.758,0.838,0.808,0.086,0.382,2.606,1.745,3.847,0.307,0.686,0.775,0.151,0.831,0.803,0.081,3.958,0.305,0.688,0.768,15.87,0.338,0.388,322.5,0.756,0.766333333,0.762333333,19.3284,19.7768,19.6116
2022-11-19,MLG002,Kendalpayak Farm,-8.060884,112.619975,320,2,C1,maturation,2,24.9,16.7,64.7,3.4,1,0.8,0.794,0.066,1.253,3.984,0.283,0.618,0.738,0.819,0.783,0.079,0.401,2.605,1.542,3.95,0.307,0.663,0.775,0.173,0.811,0.787,0.073,3.963,0.298,0.645,0.76,16.09,0.131,0.384,329.0,0.718666667,0.752333333,0.738666667,19.92,20.3931,20.1939
2022-11-26,MLG002,Kendalpayak Farm,-8.060884,112.619975,320,2,C1,maturation,2,24.2,18.2,64.0,7.6,1,0.86,0.847,0.037,1.302,3.727,0.296,0.726,0.765,0.859,0.849,0.053,0.42,2.419,1.646,4.309,0.327,0.704,0.8,0.177,0.859,0.848,0.046,4.076,0.315,0.713,0.786,15.47,0.302,0.383,335.5,0.783666667,0.787666667,0.786,20.812,20.7878,20.7878
2022-12-03,MLG002,Kendalpayak Farm,-8.060884,112.619975,320,2,C1,maturation,2,25.2,15.5,72.7,4.1,1,0.824,0.799,0.047,1.329,3.728,0.302,0.639,0.734,0.81,0.814,0.071,0.401,2.176,1.479,4.027,0.295,0.723,0.782,0.126,0.816,0.808,0.06,3.908,0.298,0.69,0.763,18.32,0.156,0.413,342.0,0.732333333,0.771666667,0.756333333,20.7648,20.412,20.5632
2022-12-10,MLG002,Kendalpayak Farm,-8.060884,112.619975,320,2,C1,maturation,2,24.3,18.0,74.0,5.7,1,0.827,0.814,0.044,1.421,4.075,0.293,0.681,0.743,0.85,0.808,0.058,0.449,2.358,1.601,4.185,0.306,0.663,0.764,0.162,0.841,0.81,0.052,4.141,0.301,0.67,0.756,18.01,0.225,0.423,348.5,0.750333333,0.759,0.755666667,20.0961,20.655,20.4363
2022-12-17,MLG002,Kendalpayak Farm,-8.060884,112.619975,320,2,C1,maturation,2,23.5,15.9,71.7,17.5,1,0.828,0.827,0.112,1.238,3.713,0.276,0.678,0.707,0.833,0.823,0.116,0.435,2.77,1.638,3.841,0.308,0.661,0.753,0.165,0.831,0.824,0.114,3.79,0.295,0.668,0.735,16.85,0.714,0.405,355.0,0.737666667,0.749,0.744666667,19.458,19.5755,19.5285
2022-12-24,MLG002,Kendalpayak Farm,-8.060884,112.619975,320,2,C1,maturation,2,23.6,17.5,71.4,10.2,1,0.806,0.815,0.101,1.084,4.035,0.297,0.639,0.729,0.806,0.821,0.116,0.378,2.326,1.521,4.035,0.302,0.656,0.724,0.166,0.806,0.819,0.109,4.035,0.3,0.649,0.726,16.85,0.414,0.409,361.5,0.724666667,0.728666667,0.727,19.0216,19.0216,19.0216
2022-12-31,MLG002,Kendalpayak Farm,-8.060884,112.619975,320,2,C1,maturation,2,23.7,18.7,70.3,27.3,1,0.827,0.831,0.086,1.293,3.942,0.286,0.605,0.753,0.839,0.842,0.081,0.4,2.324,1.09,3.949,0.333,0.72,0.752,0.152,0.834,0.838,0.083,3.946,0.314,0.674,0.753,16.68,1.105,0.409,368.0,0.728333333,0.770333333,0.753666667,19.5999,19.8843,19.7658
2023-01-07,MLG002,Kendalpayak Farm,-8.060884,112.619975,320,2,C1,maturation,2,25.8,16.3,74.9,15.1,1,0.84,0.825,0.089,1.276,4.044,0.274,0.658,0.727,0.856,0.817,0.065,0.384,2.617,1.416,4.062,0.329,0.711,0.777,0.146,0.85,0.82,0.076,4.055,0.307,0.69,0.757,19.37,0.563,0.426,374.5,0.741666667,0.781333333,0.765666667,21.672,22.0848,21.93
2023-01-14,MLG002,Kendalpayak Farm,-8.060884,112.619975,320,2,C1,maturation,2,24.2,13.7,75.4,19.1,1,0.846,0.824,0.13,1.098,3.89,0.293,0.676,0.771,0.851,0.811,0.131,0.418,2.51,1.864,4.418,0.33,0.707,0.819,0.15,0.849,0.816,0.131,4.207,0.315,0.695,0.8,18.23,0.759,0.415,380.3,0.764333333,0.792333333,0.781333333,20.4732,20.5942,20.5458
2023-01-21,MLG002,Kendalpayak Farm,-8.060884,112.619975,320,2,C1,maturation,2,23.8,16.7,76.9,9.2,1,0.883,0.85,-0.005,1.239,3.875,0.302,0.673,0.797,0.883,0.841,-0.003,0.417,2.79,1.558,4.084,0.329,0.674,0.836,0.182,0.883,0.845,-0.004,4.0,0.318,0.673,0.821,18.32,0.371,0.429,384.5,0.784333333,0.797666667,0.792333333,21.0154,21.0154,21.0154
2023-01-28,MLG002,Kendalpayak Farm,-8.060884,112.619975,320,2,C1,ripening,2,23.3,14.6,79.2,13.1,1,0.791,0.774,0.115,1.312,3.558,0.274,0.666,0.701,0.799,0.768,0.115,0.401,2.389,1.659,3.72,0.296,0.7,0.741,0.138,0.796,0.77,0.115,3.655,0.288,0.686,0.725,18.46,0.537,0.43,388.7,0.719333333,0.746666667,0.735666667,18.4303,18.6167,18.5468
2023-02-04,MLG002,Kendalpayak Farm,-8.060884,112.619975,320,2,C1,ripening,2,28.1,16.3,78.2,7.1,1,0.83,0.821,0.027,1.239,4.45,0.29,0.637,0.753,0.827,0.822,0.01,0.425,2.518,1.377,4.106,0.322,0.658,0.776,0.163,0.829,0.822,0.018,4.244,0.309,0.65,0.767,21.97,0.243,0.446,393.1,0.74,0.753666667,0.748666667,23.323,23.2387,23.2949
2023-02-11,MLG002,Kendalpayak Farm,-8.060884,112.619975,320,2,C1,ripening,2,26.4,14.5,78.9,13.9,1,0.842,0.807,0.111,1.214,3.542,0.299,0.714,0.776,0.839,0.809,0.107,0.447,2.419,1.554,4.091,0.301,0.683,0.768,0.18,0.84,0.808,0.109,3.871,0.3,0.695,0.771,20.83,0.507,0.438,397.2,0.777333333,0.763333333,0.768666667,22.2288,22.1496,22.176
2023-02-18,MLG002,Kendalpayak Farm,-8.060884,112.619975,320,2,C1,ripening,2,25.0,13.1,77.8,23.0,1,0.817,0.818,0.119,1.249,3.4,0.288,0.643,0.749,0.832,0.831,0.103,0.454,2.677,1.639,4.507,0.31,0.708,0.768,0.17,0.826,0.826,0.11,4.064,0.301,0.682,0.761,19.43,0.885,0.425,400.0,0.736333333,0.769333333,0.756333333,20.425,20.8,20.65
2023-02-25,MLG002,Kendalpayak Farm,-8.060884,112.619975,320,2,C1,ripening,2,26.8,16.1,75.9,23.6,1,0.774,0.758,0.113,1.131,3.97,0.275,0.622,0.692,0.782,0.755,0.108,0.43,2.121,1.247,4.086,0.28,0.591,0.74,0.164,0.779,0.756,0.11,4.039,0.278,0.603,0.721,20.36,0.85,0.433,400.0,0.696,0.704333333,0.701,20.7432,20.9576,20.8772
2023-03-04,MLG002,Kendalpayak Farm,-8.060884,112.619975,320,2,C1,ripening,2,24.4,14.2,76.4,20.4,1,0.807,0.812,0.072,1.245,3.752,0.288,0.682,0.781,0.806,0.813,0.085,0.414,2.811,1.49,3.858,0.309,0.669,0.753,0.15,0.807,0.813,0.079,3.816,0.301,0.674,0.764,18.66,0.803,0.422,400.0,0.756666667,0.742666667,0.748333333,19.6908,19.6664,19.6908
2023-03-11,MLG002,Kendalpayak Farm,-8.060884,112.619975,320,2,C1,ripening,2,25.6,15.7,80.9,6.9,1,0.774,0.781,0.068,1.355,3.993,0.273,0.674,0.687,0.763,0.797,0.077,0.415,2.592,1.709,3.708,0.281,0.621,0.698,0.117,0.767,0.79,0.073,3.822,0.278,0.642,0.694,20.71,0.259,0.448,400.0,0.711666667,0.694,0.701,19.8144,19.5328,19.6352
2023-03-18,MLG002,Kendalpayak Farm,-8.060884,112.619975,320,2,C1,ripening,2,27.6,14.4,80.5,30.0,1,0.739,0.704,0.093,1.282,3.937,0.267,0.57,0.652,0.731,0.701,0.099,0.359,2.027,1.606,3.701,0.276,0.592,0.683,0.168,0.734,0.702,0.096,3.796,0.273,0.583,0.671,22.24,1.046,0.448,400.0,0.653666667,0.668666667,0.662666667,20.3964,20.1756,20.2584
2023-03-25,MLG002,Kendalpayak Farm,-8.060884,112.619975,320,2,C1,ripening,2,25.8,15.8,80.8,50.7,1,0.686,0.666,0.193,1.202,3.389,0.256,0.599,0.655,0.702,0.663,0.197,0.358,2.387,1.313,3.625,0.277,0.584,0.638,0.109,0.696,0.664,0.195,3.53,0.269,0.59,0.645,20.83,1.893,0.448,400.0,0.646666667,0.641333333,0.643666667,17.6988,18.1116,17.9568
2023-04-01,MLG002,Kendalpayak Farm,-8.060884,112.619975,320,2,C1,ripening,2,28.9,15.5,84.2,9.5,1,0.752,0.737,0.086,1.291,3.578,0.261,0.577,0.639,0.738,0.727,0.076,0.388,2.171,1.441,3.976,0.266,0.593,0.653,0.12,0.744,0.731,0.08,3.817,0.264,0.587,0.647,24.31,0.318,0.47,400.0,0.656,0.661333333,0.659333333,21.7328,21.3282,21.5016
2022-07-02,MLG002,Kendalpayak Farm,-8.060884,112.619975,320,2,C2,establishment,2,29.6,18.6,76.8,8.1,1,0.24,0.214,0.051,1.01,2.15,0.1,0.191,0.189,0.224,0.215,0.034,0.192,1.388,0.977,1.941,0.082,0.149,0.23,-0.026,0.23,0.215,0.042,2.024,0.089,0.166,0.214,22.71,0.264,0.452,24.2,0.206666667,0.201,0.203333333,7.104,6.6304,6.808
2022-07-09,MLG002,Kendalpayak Farm,-8.060884,112.619975,320,2,C2,establishment,2,29.5,17.5,69.9,6.4,1,0.21,0.179,0.087,0.723,2.128,0.065,0.145,0.169,0.22,0.194,0.066,0.19,1.731,0.99,2.563,0.08,0.164,0.214,-0.02,0.216,0.188,0.076,2.389,0.074,0.157,0.196,20.61,0.21,0.421,25.7,0.174666667,0.199333333,0.189666667,6.195,6.49,6.372
2022-07-16,MLG002,Kendalpayak Farm,-8.060884,112.619975,320,2,C2,establishment,2,31.7,17.4,72.4,5.3,1,0.306,0.306,0.017,0.947,2.719,0.111,0.258,0.22,0.308,0.296,0.001,0.218,2.035,1.051,2.673,0.111,0.262,0.28,0.041,0.308,0.3,0.008,2.691,0.111,0.26,0.256,22.96,0.162,0.437,27.9,0.261333333,0.283333333,0.274666667,9.7002,9.7636,9.7636
2022-07-23,MLG002,Kendalpayak Farm,-8.060884,112.619975,320,2,C2,establishment,2,28.6,17.8,78.8,0.3,1,0.346,0.318,0.043,0.924,2.798,0.11,0.286,0.363,0.361,0.316,0.063,0.291,2.106,0.802,2.866,0.145,0.245,0.351,0.037,0.355,0.317,0.054,2.839,0.131,0.261,0.356,22.57,0.01,0.455,31.0,0.331666667,0.319,0.324,9.8956,10.3246,10.153
2022-07-30,MLG002,Kendalpayak Farm,-8.060884,112.619975,320,2,C2,establishment,2,28.2,19.0,76.6,4.8,1,0.35,0.331,0.059,0.978,2.819,0.116,0.252,0.331,0.347,0.338,0.059,0.271,1.769,1.263,2.919,0.125,0.263,0.358,0.023,0.348,0.335,0.059,2.879,0.121,0.259,0.347,21.61,0.165,0.448,34.7,0.311,0.322666667,0.318,9.87,9.7854,9.8136
2022-08-06,MLG002,Kendalpayak Farm,-8.060884,112.619975,320,2,C2,establishment,2,28.2,17.5,68.7,2.6,1,0.427,0.41,0.012,1.026,3.435,0.17,0.376,0.375,0.432,0.407,-0.006,0.265,2.201,1.002,2.341,0.15,0.375,0.363,0.051,0.43,0.408,0.002,2.778,0.158,0.375,0.368,19.38,0.09,0.412,38.4,0.392666667,0.39,0.391,12.0414,12.1824,12.126
2022-08-13,MLG002,Kendalpayak Farm,-8.060884,112.619975,320,2,C2,establishment,2,28.0,19.1,71.1,1.4,1,0.438,0.397,0.076,1.042,3.596,0.146,0.334,0.396,0.443,0.405,0.084,0.268,2.012,1.283,2.623,0.162,0.377,0.386,0.008,0.441,0.402,0.081,3.012,0.155,0.36,0.39,19.88,0.05,0.426,43.3,0.389333333,0.402,0.397,12.264,12.404,12.348
2022-08-20,MLG002,Kendalpayak Farm,-8.060884,112.619975,320,2,C2,establishment,2,27.5,17.0,70.4,0.4,1,0.451,0.437,0.032,0.899,2.62,0.165,0.323,0.386,0.458,0.451,0.034,0.292,2.07,1.294,3.466,0.166,0.376,0.424,0.072,0.455,0.446,0.034,3.127,0.166,0.355,0.409,19.36,0.014,0.415,48.2,0.386666667,0.419333333,0.406333333,12.4025,12.595,12.5125
2022-08-27,MLG002,Kendalpayak Farm,-8.060884,112.619975,320,2,C2,establishment,2,26.8,17.0,70.2,1.9,1,0.465,0.45,0.05,0.966,3.047,0.168,0.379,0.442,0.447,0.447,0.056,0.282,1.906,1.067,2.742,0.173,0.32,0.386,0.068,0.454,0.448,0.053,2.864,0.171,0.344,0.408,18.78,0.068,0.412,53.9,0.428666667,0.384333333,0.402,12.462,11.9796,12.1672
2022-09-03,MLG002,Kendalpayak Farm,-8.060884,112.619975,320,2,C2,tillering,2,24.5,20.3,67.9,2.2,1,0.5,0.492,0.068,1.02,3.024,0.174,0.407,0.471,0.534,0.497,0.074,0.331,2.221,1.075,3.013,0.212,0.42,0.503,0.069,0.521,0.495,0.072,3.018,0.197,0.415,0.49,16.62,0.085,0.406,60.6,0.459333333,0.485666667,0.475333333,12.25,13.083,12.7645
2022-09-10,MLG002,Kendalpayak Farm,-8.060884,112.619975,320,2,C2,tillering,2,25.8,18.1,71.3,7.1,1,0.543,0.538,0.073,1.087,3.368,0.186,0.42,0.528,0.559,0.542,0.061,0.28,2.112,1.191,3.187,0.214,0.496,0.536,0.081,0.553,0.54,0.066,3.259,0.203,0.466,0.533,18.37,0.264,0.417,68.9,0.497,0.530333333,0.517333333,14.0094,14.4222,14.2674
2022-09-17,MLG002,Kendalpayak Farm,-8.060884,112.619975,320,2,C2,tillering,2,25.7,16.6,70.4,1.1,1,0.55,0.525,0.073,1.021,3.632,0.189,0.424,0.532,0.546,0.527,0.064,0.33,2.415,1.145,3.367,0.207,0.451,0.533,0.109,0.548,0.526,0.068,3.473,0.2,0.44,0.533,18.09,0.04,0.409,75.9,0.502,0.51,0.507,14.135,14.0322,14.0836
2022-09-24,MLG002,Kendalpayak Farm,-8.060884,112.619975,320,2,C2,tillering,2,27.7,18.8,68.6,1.5,1,0.583,0.573,0.113,1.013,2.776,0.192,0.514,0.514,0.609,0.573,0.098,0.373,2.494,1.282,3.653,0.226,0.51,0.595,0.079,0.598,0.573,0.105,3.302,0.213,0.512,0.563,18.99,0.053,0.414,85.2,0.537,0.571333333,0.557666667,16.1491,16.8693,16.5646
2022-10-01,MLG002,Kendalpayak Farm,-8.060884,112.619975,320,2,C2,tillering,2,25.0,19.0,63.4,1.0,1,0.566,0.547,0.109,1.256,3.362,0.196,0.458,0.518,0.593,0.535,0.127,0.299,2.116,1.293,3.464,0.219,0.491,0.547,0.075,0.582,0.54,0.119,3.423,0.21,0.478,0.535,15.85,0.039,0.386,94.4,0.514,0.543666667,0.531666667,14.15,14.825,14.55
2022-10-08,MLG002,Kendalpayak Farm,-8.060884,112.619975,320,2,C2,tillering,2,26.0,19.3,64.0,2.2,1,0.602,0.565,0.083,1.141,3.305,0.21,0.496,0.533,0.614,0.556,0.071,0.308,2.685,1.325,3.72,0.218,0.499,0.576,0.126,0.609,0.56,0.077,3.554,0.215,0.498,0.559,16.63,0.081,0.392,104.3,0.543666667,0.563,0.555333333,15.652,15.964,15.834
2022-10-15,MLG002,Kendalpayak Farm,-8.060884,112.619975,320,2,C2,tillering,2,24.5,16.5,72.6,0.6,1,0.577,0.572,0.017,1.008,3.212,0.219,0.377,0.53,0.592,0.565,0.012,0.334,2.205,1.547,3.384,0.226,0.497,0.559,0.086,0.586,0.568,0.014,3.315,0.223,0.449,0.547,17.81,0.023,0.413,114.3,0.494666667,0.549333333,0.527333333,14.1365,14.504,14.357
2022-10-22,MLG002,Kendalpayak Farm,-8.060884,112.619975,320,2,C2,tillering,2,25.0,19.5,61.1,1.3,1,0.582,0.564,0.081,0.97,3.381,0.207,0.475,0.515,0.58,0.549,0.079,0.341,2.104,1.219,3.72,0.213,0.484,0.544,0.092,0.58,0.555,0.08,3.585,0.211,0.48,0.532,15.27,0.05,0.378,125.7,0.524,0.536,0.530666667,14.55,14.5,14.5
2022-10-29,MLG002,Kendalpayak Farm,-8.060884,112.619975,320,2,C2,tillering,2,26.3,20.4,64.4,2.0,1,0.665,0.632,0.039,1.068,3.246,0.242,0.535,0.595,0.666,0.628,0.035,0.381,1.947,1.558,4.14,0.257,0.522,0.603,0.132,0.666,0.63,0.037,3.782,0.251,0.527,0.6,16.97,0.075,0.398,138.2,0.598333333,0.597,0.597666667,17.4895,17.5158,17.5158
2022-11-05,MLG002,Kendalpayak Farm,-8.060884,112.619975,320,2,C2,tillering,2,23.4,15.6,66.9,3.0,1,0.646,0.632,0.043,1.148,3.662,0.229,0.496,0.567,0.687,0.641,0.04,0.349,2.036,1.556,3.445,0.262,0.584,0.659,0.133,0.67,0.638,0.041,3.532,0.249,0.549,0.622,15.65,0.122,0.385,147.0,0.569666667,0.643333333,0.613666667,15.1164,16.0758,15.678
2022-11-12,MLG002,Kendalpayak Farm,-8.060884,112.619975,320,2,C2,tillering,2,24.1,14.4,71.9,4.5,1,0.602,0.587,0.083,1.161,3.097,0.208,0.463,0.532,0.592,0.578,0.089,0.33,2.309,1.324,3.533,0.226,0.442,0.527,0.095,0.596,0.582,0.086,3.359,0.219,0.45,0.529,17.35,0.179,0.403,153.5,0.532333333,0.520333333,0.525,14.5082,14.2672,14.3636
2022-11-19,MLG002,Kendalpayak Farm,-8.060884,112.619975,320,2,C2,tillering,2,23.4,16.9,67.5,23.8,1,0.676,0.674,0.042,1.143,3.784,0.23,0.504,0.604,0.68,0.665,0.073,0.348,2.086,1.366,3.832,0.252,0.57,0.608,0.142,0.679,0.668,0.059,3.813,0.243,0.544,0.607,15.82,0.973,0.391,160.0,0.594666667,0.619333333,0.61,15.8184,15.912,15.8886
2022-11-26,MLG002,Kendalpayak Farm,-8.060884,112.619975,320,2,C2,grand_growth,2,25.6,17.1,69.8,16.3,1,0.718,0.686,0.09,1.14,3.385,0.254,0.608,0.657,0.718,0.691,0.085,0.38,2.641,1.106,3.91,0.253,0.619,0.648,0.111,0.718,0.689,0.087,3.7,0.254,0.615,0.652,17.89,0.612,0.407,166.5,0.661,0.661666667,0.661666667,18.3808,18.3808,18.3808
2022-12-03,MLG002,Kendalpayak Farm,-8.060884,112.619975,320,2,C2,grand_growth,2,24.1,15.7,68.7,7.5,1,0.701,0.671,0.078,1.28,3.508,0.247,0.621,0.601,0.724,0.682,0.091,0.399,2.425,1.336,4.0,0.277,0.621,0.667,0.12,0.715,0.678,0.085,3.803,0.265,0.621,0.641,16.52,0.3,0.394,173.0,0.641,0.670666667,0.659,16.8941,17.4484,17.2315
2022-12-10,MLG002,Kendalpayak Farm,-8.060884,112.619975,320,2,C2,grand_growth,2,24.9,18.2,71.2,8.2,1,0.695,0.692,0.032,1.239,3.634,0.235,0.577,0.611,0.711,0.689,0.006,0.349,2.268,1.617,3.917,0.276,0.625,0.644,0.125,0.705,0.69,0.018,3.804,0.26,0.606,0.631,17.75,0.318,0.414,179.5,0.627666667,0.66,0.647333333,17.3055,17.7039,17.5545
2022-12-17,MLG002,Kendalpayak Farm,-8.060884,112.619975,320,2,C2,grand_growth,2,23.2,14.3,76.5,15.1,1,0.713,0.701,0.107,1.193,3.669,0.246,0.563,0.617,0.73,0.683,0.122,0.348,2.569,1.377,3.437,0.275,0.622,0.663,0.143,0.723,0.69,0.115,3.53,0.263,0.599,0.645,17.72,0.625,0.418,186.0,0.631,0.671666667,0.655666667,16.5416,16.936,16.7736
2022-12-24,MLG002,Kendalpayak Farm,-8.060884,112.619975,320,2,C2,grand_growth,2,22.5,17.1,65.7,14.3,1,0.732,0.711,0.084,1.18,4.037,0.26,0.599,0.688,0.731,0.699,0.102,0.379,2.405,1.336,3.592,0.277,0.624,0.688,0.145,0.731,0.704,0.094,3.77,0.27,0.614,0.688,14.82,0.606,0.382,192.5,0.673,0.681,0.677666667,16.47,16.4475,16.4475
2022-12-31,MLG002,Kendalpayak Farm,-8.060884,112.619975,320,2,C2,grand_growth,2,24.5,15.8,69.8,9.9,1,0.748,0.721,0.05,1.179,3.428,0.27,0.558,0.675,0.755,0.702,0.043,0.389,2.491,1.424,3.982,0.278,0.619,0.699,0.153,0.752,0.71,0.046,3.761,0.275,0.595,0.69,17.08,0.39,0.4,199.0,0.660333333,0.691,0.679,18.326,18.4975,18.424
2023-01-07,MLG002,Kendalpayak Farm,-8.060884,112.619975,320,2,C2,grand_growth,2,23.6,15.9,70.1,12.6,1,0.733,0.724,0.048,1.129,4.037,0.251,0.615,0.692,0.727,0.715,0.044,0.353,2.397,1.397,3.827,0.28,0.617,0.679,0.102,0.73,0.719,0.046,3.911,0.268,0.616,0.684,16.53,0.512,0.399,205.5,0.68,0.674333333,0.676666667,17.2988,17.1572,17.228
2023-01-14,MLG002,Kendalpayak Farm,-8.060884,112.619975,320,2,C2,grand_growth,2,26.4,13.1,74.5,17.7,1,0.785,0.782,0.074,1.152,3.806,0.283,0.616,0.699,0.832,0.792,0.091,0.382,2.357,1.543,3.78,0.321,0.718,0.755,0.185,0.813,0.788,0.084,3.79,0.306,0.677,0.733,19.68,0.645,0.416,212.0,0.7,0.768333333,0.741,20.724,21.9648,21.4632
2023-01-21,MLG002,Kendalpayak Farm,-8.060884,112.619975,320,2,C2,grand_growth,2,27.6,16.5,78.9,36.8,1,0.753,0.746,0.099,1.215,3.35,0.246,0.604,0.709,0.772,0.745,0.125,0.379,2.043,1.145,3.566,0.292,0.617,0.72,0.168,0.765,0.745,0.113,3.48,0.274,0.612,0.715,21.8,1.285,0.448,218.5,0.688666667,0.703,0.697333333,20.7828,21.3072,21.114
2023-01-28,MLG002,Kendalpayak Farm,-8.060884,112.619975,320,2,C2,grand_growth,2,25.3,16.7,71.6,12.4,1,0.803,0.796,0.103,1.351,3.614,0.294,0.628,0.71,0.804,0.79,0.115,0.407,2.367,1.606,3.884,0.295,0.661,0.749,0.157,0.804,0.793,0.109,3.776,0.294,0.648,0.733,18.08,0.473,0.412,225.0,0.713666667,0.738,0.728333333,20.3159,20.3412,20.3412
2023-02-04,MLG002,Kendalpayak Farm,-8.060884,112.619975,320,2,C2,grand_growth,2,26.2,14.3,78.5,17.9,1,0.787,0.777,0.084,1.336,3.922,0.291,0.556,0.752,0.783,0.778,0.102,0.352,2.389,1.635,3.739,0.297,0.659,0.724,0.155,0.785,0.778,0.094,3.812,0.295,0.618,0.735,20.57,0.66,0.436,231.5,0.698333333,0.722,0.712666667,20.6194,20.5146,20.567
2023-02-11,MLG002,Kendalpayak Farm,-8.060884,112.619975,320,2,C2,grand_growth,2,26.0,15.2,80.4,10.8,1,0.79,0.791,0.045,1.419,3.508,0.265,0.623,0.737,0.8,0.808,0.041,0.39,2.313,1.421,3.591,0.291,0.626,0.751,0.172,0.796,0.801,0.043,3.558,0.28,0.625,0.745,20.92,0.398,0.445,238.0,0.716666667,0.725666667,0.722,20.54,20.8,20.696
2023-02-18,MLG002,Kendalpayak Farm,-8.060884,112.619975,320,2,C2,grand_growth,2,24.6,14.9,79.2,27.9,1,0.795,0.78,0.134,1.168,3.919,0.284,0.59,0.716,0.77,0.795,0.114,0.386,2.423,1.326,4.319,0.279,0.625,0.695,0.132,0.78,0.789,0.123,4.159,0.281,0.611,0.703,19.51,1.088,0.435,244.5,0.700333333,0.696666667,0.698,19.557,18.942,19.188
2023-02-25,MLG002,Kendalpayak Farm,-8.060884,112.619975,320,2,C2,grand_growth,2,26.4,12.9,79.3,15.3,1,0.817,0.797,0.122,1.229,3.554,0.304,0.67,0.736,0.833,0.8,0.121,0.385,2.445,1.626,4.001,0.315,0.692,0.748,0.138,0.827,0.799,0.122,3.822,0.311,0.683,0.743,20.92,0.56,0.435,251.0,0.741,0.757666667,0.751,21.5688,21.9912,21.8328
2023-03-04,MLG002,Kendalpayak Farm,-8.060884,112.619975,320,2,C2,grand_growth,2,25.9,14.4,81.8,3.4,1,0.773,0.759,0.098,1.242,3.911,0.263,0.65,0.754,0.767,0.747,0.101,0.406,2.402,1.309,3.819,0.288,0.618,0.717,0.159,0.769,0.752,0.1,3.856,0.278,0.631,0.732,21.22,0.127,0.448,257.5,0.725666667,0.700666667,0.710666667,20.0207,19.8653,19.9171
2023-03-11,MLG002,Kendalpayak Farm,-8.060884,112.619975,320,2,C2,grand_growth,2,26.6,15.8,79.7,8.6,1,0.777,0.789,0.132,1.193,3.769,0.27,0.655,0.732,0.755,0.794,0.113,0.419,2.494,1.332,3.754,0.277,0.632,0.715,0.122,0.764,0.792,0.122,3.76,0.274,0.641,0.722,21.19,0.313,0.446,264.0,0.721333333,0.700666667,0.709,20.6682,20.083,20.3224
2023-03-18,MLG002,Kendalpayak Farm,-8.060884,112.619975,320,2,C2,grand_growth,2,28.6,14.7,82.6,10.5,1,0.823,0.803,0.095,1.498,3.888,0.282,0.663,0.747,0.82,0.807,0.077,0.394,2.635,1.257,4.221,0.287,0.629,0.744,0.159,0.821,0.805,0.085,4.088,0.285,0.643,0.745,23.64,0.354,0.46,270.5,0.744333333,0.731,0.736333333,23.5378,23.452,23.4806
2023-03-25,MLG002,Kendalpayak Farm,-8.060884,112.619975,320,2,C2,grand_growth,2,26.8,13.5,78.8,14.2,1,0.805,0.788,0.054,1.257,3.86,0.293,0.596,0.723,0.798,0.797,0.066,0.41,2.317,1.631,3.553,0.282,0.623,0.734,0.16,0.801,0.793,0.06,3.676,0.286,0.612,0.729,21.1,0.51,0.436,277.0,0.708,0.718333333,0.714,21.574,21.3864,21.4668
2023-04-01,MLG002,Kendalpayak Farm,-8.060884,112.619975,320,2,C2,grand_growth,2,29.6,15.2,84.3,4.2,1,0.83,0.795,0.046,1.19,4.391,0.297,0.75,0.736,0.825,0.794,0.067,0.401,2.514,1.539,4.019,0.3,0.673,0.755,0.156,0.827,0.794,0.057,4.168,0.299,0.704,0.747,24.93,0.136,0.472,283.5,0.772,0.751,0.759333333,24.568,24.42,24.4792
2023-04-08,MLG002,Kendalpayak Farm,-8.060884,112.619975,320,2,C2,grand_growth,2,30.1,13.5,80.8,9.1,1,0.819,0.82,-0.008,1.294,3.708,0.291,0.628,0.767,0.837,0.826,0.004,0.398,2.381,1.65,3.852,0.321,0.678,0.78,0.191,0.83,0.824,-0.001,3.795,0.309,0.658,0.775,24.3,0.294,0.454,290.0,0.738,0.765,0.754333333,24.6519,25.1937,24.983
2023-04-15,MLG002,Kendalpayak Farm,-8.060884,112.619975,320,2,C2,maturation,2,28.0,15.6,81.0,16.9,1,0.848,0.829,0.086,1.244,4.132,0.298,0.648,0.739,0.823,0.82,0.098,0.435,2.625,1.606,3.973,0.311,0.682,0.793,0.154,0.833,0.824,0.093,4.036,0.306,0.669,0.772,22.69,0.582,0.455,296.5,0.745,0.766,0.758,23.744,23.044,23.324
2023-04-22,MLG002,Kendalpayak Farm,-8.060884,112.619975,320,2,C2,maturation,2,28.9,14.6,83.9,29.2,1,0.822,0.8,0.064,1.257,3.864,0.275,0.613,0.752,0.84,0.802,0.081,0.412,2.497,1.402,3.661,0.326,0.717,0.745,0.162,0.833,0.801,0.073,3.743,0.305,0.675,0.748,24.28,0.974,0.466,303.0,0.729,0.767333333,0.752,23.7558,24.276,24.0737
2023-04-29,MLG002,Kendalpayak Farm,-8.060884,112.619975,320,2,C2,maturation,2,27.5,14.1,84.9,13.0,1,0.838,0.821,0.071,1.345,4.033,0.294,0.669,0.762,0.836,0.829,0.055,0.404,2.625,1.366,3.646,0.31,0.643,0.743,0.17,0.836,0.826,0.062,3.801,0.303,0.653,0.751,23.34,0.457,0.464,309.5,0.756333333,0.740666667,0.746666667,23.045,22.99,22.99
2023-05-06,MLG002,Kendalpayak Farm,-8.060884,112.619975,320,2,C2,maturation,2,30.5,16.0,85.9,0.9,1,0.815,0.808,0.003,1.249,3.954,0.279,0.608,0.741,0.854,0.804,0.027,0.404,2.567,1.669,4.088,0.313,0.718,0.823,0.168,0.838,0.806,0.016,4.034,0.3,0.674,0.79,26.2,0.028,0.483,316.0,0.721333333,0.798333333,0.767333333,24.8575,26.047,25.559
2023-05-13,MLG002,Kendalpayak Farm,-8.060884,112.619975,320,2,C2,maturation,2,28.6,15.7,80.9,1.1,1,0.803,0.794,0.072,1.211,3.804,0.27,0.647,0.735,0.8,0.811,0.059,0.406,2.63,1.489,3.894,0.285,0.69,0.733,0.158,0.802,0.804,0.065,3.858,0.279,0.673,0.734,23.17,0.036,0.457,322.5,0.728333333,0.741,0.736333333,22.9658,22.88,22.9372
2023-05-20,MLG002,Kendalpayak Farm,-8.060884,112.619975,320,2,C2,maturation,2,28.0,15.2,84.6,8.4,1,0.866,0.883,0.044,1.198,4.005,0.325,0.635,0.776,0.878,0.883,0.05,0.413,2.434,1.556,3.876,0.325,0.71,0.799,0.174,0.873,0.883,0.048,3.928,0.325,0.68,0.789,23.67,0.289,0.468,329.0,0.759,0.795666667,0.780666667,24.248,24.584,24.444
2023-05-27,MLG002,Kendalpayak Farm,-8.060884,112.619975,320,2,C2,maturation,2,28.3,16.6,77.2,2.2,1,0.876,0.862,0.036,1.195,4.032,0.321,0.689,0.787,0.896,0.865,0.013,0.436,2.878,1.591,3.524,0.335,0.73,0.788,0.149,0.888,0.864,0.023,3.728,0.329,0.714,0.787,21.85,0.076,0.443,335.5,0.784,0.804666667,0.796333333,24.7908,25.3568,25.1304
2023-06-03,MLG002,Kendalpayak Farm,-8.060884,112.619975,320,2,C2,maturation,2,28.5,14.7,76.1,3.2,1,0.855,0.822,0.041,1.319,3.95,0.298,0.742,0.788,0.873,0.82,0.044,0.417,2.703,1.556,4.199,0.324,0.715,0.862,0.158,0.866,0.821,0.043,4.1,0.314,0.726,0.832,21.67,0.108,0.434,342.0,0.795,0.816666667,0.808,24.3675,24.8805,24.681
2023-06-10,MLG002,Kendalpayak Farm,-8.060884,112.619975,320,2,C2,maturation,2,30.0,16.3,76.0,0.5,1,0.871,0.851,0.072,1.148,3.766,0.303,0.662,0.74,0.871,0.858,0.092,0.414,2.692,1.667,4.445,0.32,0.67,0.803,0.153,0.871,0.856,0.083,4.173,0.313,0.666,0.778,22.8,0.016,0.443,348.5,0.757666667,0.781333333,0.771666667,26.13,26.13,26.13
2023-06-17,MLG002,Kendalpayak Farm,-8.060884,112.619975,320,2,C2,maturation,2,28.6,15.2,81.7,0.5,1,0.872,0.857,0.079,1.283,3.957,0.301,0.693,0.765,0.864,0.865,0.063,0.416,2.74,1.511,4.326,0.315,0.682,0.763,0.186,0.867,0.862,0.07,4.178,0.31,0.686,0.764,23.39,0.017,0.458,355.0,0.776666667,0.769666667,0.772333333,24.9392,24.7104,24.7962
2023-06-24,MLG002,Kendalpayak Farm,-8.060884,112.619975,320,2,C2,maturation,2,29.7,16.7,72.0,2.0,1,0.85,0.846,0.069,1.342,3.752,0.317,0.683,0.734,0.851,0.834,0.093,0.405,2.62,1.48,3.929,0.3,0.713,0.809,0.149,0.851,0.839,0.083,3.858,0.307,0.701,0.779,21.41,0.066,0.427,361.5,0.755666667,0.791,0.777,25.245,25.2747,25.2747
2023-07-01,MLG002,Kendalpayak Farm,-8.060884,112.619975,320,2,C2,maturation,2,29.9,15.8,75.9,0.4,1,0.9,0.869,0.03,1.348,3.321,0.331,0.721,0.778,0.89,0.879,0.039,0.459,2.431,1.634,4.298,0.335,0.758,0.804,0.171,0.894,0.875,0.035,3.907,0.333,0.743,0.794,22.73,0.013,0.441,367.8,0.799666667,0.817333333,0.810333333,26.91,26.611,26.7306
2023-07-08,MLG002,Kendalpayak Farm,-8.060884,112.619975,320,2,C2,maturation,2,28.7,15.6,76.5,2.9,1,0.876,0.88,0.066,1.328,3.635,0.296,0.729,0.774,0.873,0.889,0.05,0.431,2.557,1.573,4.016,0.319,0.689,0.813,0.158,0.874,0.885,0.057,3.864,0.31,0.705,0.797,21.99,0.097,0.439,374.5,0.793,0.791666667,0.792,25.1412,25.0551,25.0838
2023-07-15,MLG002,Kendalpayak Farm,-8.060884,112.619975,320,2,C2,maturation,2,28.4,15.6,71.9,4.8,1,0.86,0.84,0.102,1.328,4.448,0.313,0.661,0.798,0.887,0.856,0.117,0.45,2.504,1.462,4.097,0.315,0.761,0.811,0.191,0.876,0.85,0.11,4.237,0.314,0.721,0.806,20.4,0.163,0.42,379.7,0.773,0.819666667,0.801,24.424,25.1908,24.8784
2023-07-22,MLG002,Kendalpayak Farm,-8.060884,112.619975,320,2,C2,maturation,2,29.7,17.9,69.5,2.7,1,0.897,0.882,0.069,1.333,3.804,0.31,0.776,0.874,0.9,0.887,0.063,0.419,2.434,1.517,4.758,0.347,0.757,0.809,0.188,0.899,0.885,0.066,4.376,0.332,0.764,0.835,20.67,0.087,0.421,384.4,0.849,0.822,0.832666667,26.6409,26.73,26.7003
2023-07-29,MLG002,Kendalpayak Farm,-8.060884,112.619975,320,2,C2,ripening,2,25.7,17.1,73.1,4.2,1,0.877,0.858,0.044,1.299,3.968,0.288,0.747,0.765,0.868,0.855,0.042,0.453,2.595,1.653,4.199,0.323,0.719,0.76,0.163,0.872,0.856,0.043,4.106,0.309,0.731,0.762,18.78,0.159,0.421,389.1,0.796333333,0.782333333,0.788333333,22.5389,22.3076,22.4104
2023-08-05,MLG002,Kendalpayak Farm,-8.060884,112.619975,320,2,C2,ripening,2,32.5,19.0,67.0,1.5,1,0.801,0.795,0.011,1.215,3.792,0.291,0.608,0.737,0.806,0.798,0.025,0.376,2.629,1.421,4.231,0.301,0.656,0.73,0.164,0.804,0.797,0.019,4.055,0.297,0.637,0.733,21.79,0.045,0.423,392.7,0.715333333,0.730666667,0.724666667,26.0325,26.195,26.13
2023-08-12,MLG002,Kendalpayak Farm,-8.060884,112.619975,320,2,C2,ripening,2,27.0,16.6,65.5,0.9,1,0.884,0.863,0.012,1.152,3.669,0.316,0.669,0.787,0.9,0.862,0.017,0.416,3.013,1.519,4.163,0.344,0.733,0.829,0.171,0.894,0.863,0.015,3.966,0.332,0.708,0.812,17.68,0.033,0.393,396.1,0.78,0.820666667,0.804666667,23.868,24.3,24.138
2023-08-19,MLG002,Kendalpayak Farm,-8.060884,112.619975,320,2,C2,ripening,2,28.0,16.7,72.7,0.5,1,0.822,0.784,0.06,1.333,4.118,0.264,0.651,0.713,0.83,0.779,0.069,0.41,2.116,1.385,4.024,0.308,0.645,0.733,0.158,0.827,0.781,0.065,4.062,0.29,0.647,0.725,20.33,0.018,0.425,399.0,0.728666667,0.736,0.733,23.016,23.24,23.156
2023-08-26,MLG002,Kendalpayak Farm,-8.060884,112.619975,320,2,C2,ripening,2,25.4,16.9,70.5,0.2,1,0.801,0.775,0.052,1.21,3.852,0.289,0.666,0.753,0.818,0.777,0.046,0.399,2.306,1.519,4.165,0.297,0.67,0.739,0.158,0.811,0.776,0.049,4.04,0.294,0.668,0.745,17.91,0.006,0.409,400.0,0.74,0.742333333,0.741333333,20.3454,20.7772,20.5994
2023-09-02,MLG002,Kendalpayak Farm,-8.060884,112.619975,320,2,C2,ripening,2,25.5,19.5,66.5,0.4,1,0.828,0.806,0.059,1.229,4.207,0.28,0.656,0.71,0.827,0.789,0.07,0.425,2.65,1.532,3.797,0.3,0.717,0.79,0.159,0.827,0.796,0.065,3.961,0.292,0.693,0.758,16.96,0.013,0.401,400.0,0.731333333,0.778,0.759333333,21.114,21.0885,21.0885
2023-09-09,MLG002,Kendalpayak Farm,-8.060884,112.619975,320,2,C2,ripening,2,28.0,18.9,71.2,0.7,1,0.833,0.826,0.05,1.187,3.666,0.295,0.624,0.753,0.847,0.836,0.029,0.443,2.855,1.608,3.811,0.311,0.693,0.784,0.162,0.841,0.832,0.039,3.753,0.304,0.665,0.772,19.92,0.025,0.425,400.0,0.736666667,0.774666667,0.759333333,23.324,23.716,23.548
2023-09-16,MLG002,Kendalpayak Farm,-8.060884,112.619975,320,2,C2,ripening,2,26.2,16.8,68.3,0.8,1,0.847,0.854,0.068,1.384,4.157,0.298,0.632,0.756,0.847,0.842,0.046,0.426,2.581,1.372,3.885,0.323,0.672,0.782,0.159,0.847,0.847,0.056,3.993,0.313,0.656,0.772,17.86,0.029,0.402,400.0,0.745,0.767,0.758333333,22.1914,22.1914,22.1914
2023-09-23,MLG002,Kendalpayak Farm,-8.060884,112.619975,320,2,C2,ripening,2,25.2,19.8,68.7,1.8,1,0.846,0.822,-0.016,1.325,3.971,0.307,0.685,0.763,0.868,0.834,-0.037,0.407,2.521,1.583,4.074,0.325,0.737,0.833,0.176,0.859,0.829,-0.027,4.033,0.317,0.716,0.805,17.33,0.07,0.41,400.0,0.764666667,0.812666667,0.793333333,21.3192,21.8736,21.6468
2023-09-30,MLG002,Kendalpayak Farm,-8.060884,112.619975,320,2,C2,ripening,2,26.1,21.4,65.0,1.9,1,0.778,0.769,0.124,1.176,3.789,0.263,0.625,0.681,0.799,0.771,0.11,0.416,2.495,1.642,3.65,0.299,0.674,0.727,0.131,0.791,0.77,0.117,3.706,0.284,0.655,0.708,16.93,0.07,0.402,400.0,0.694666667,0.733333333,0.718,20.3058,20.8539,20.6451
2022-12-31,MLG002,Kendalpayak Farm,-8.060884,112.619975,320,2,C3,establishment,2,25.8,17.0,66.7,12.2,1,0.205,0.188,0.052,0.852,2.354,0.076,0.112,0.124,0.188,0.184,0.06,0.139,2.045,0.914,2.567,0.063,0.167,0.175,0.009,0.195,0.185,0.057,2.482,0.068,0.145,0.155,17.21,0.455,0.395,24.3,0.147,0.176666667,0.165,5.289,4.8504,5.031
2023-01-07,MLG002,Kendalpayak Farm,-8.060884,112.619975,320,2,C3,establishment,2,24.7,17.0,74.7,7.6,1,0.272,0.238,0.062,0.888,2.489,0.097,0.206,0.234,0.276,0.239,0.045,0.215,2.144,0.913,2.162,0.101,0.208,0.227,0.021,0.274,0.238,0.053,2.293,0.099,0.207,0.23,18.46,0.295,0.424,25.9,0.237333333,0.237,0.237,6.7184,6.8172,6.7678
2023-01-14,MLG002,Kendalpayak Farm,-8.060884,112.619975,320,2,C3,establishment,2,23.6,15.6,68.9,7.8,1,0.25,0.208,0.051,0.834,2.459,0.111,0.233,0.202,0.237,0.235,0.067,0.215,1.799,0.978,1.993,0.089,0.196,0.2,0.001,0.242,0.224,0.06,2.179,0.098,0.211,0.201,16.26,0.317,0.393,28.0,0.228333333,0.211,0.218,5.9,5.5932,5.7112
2023-01-21,MLG002,Kendalpayak Farm,-8.060884,112.619975,320,2,C3,establishment,2,24.4,17.2,71.7,4.5,1,0.29,0.279,0.067,0.777,1.856,0.116,0.223,0.233,0.299,0.281,0.062,0.228,1.628,1.113,2.287,0.106,0.261,0.299,0.048,0.295,0.281,0.064,2.115,0.11,0.246,0.273,17.47,0.178,0.412,30.4,0.248666667,0.286333333,0.271333333,7.076,7.2956,7.198
2023-01-28,MLG002,Kendalpayak Farm,-8.060884,112.619975,320,2,C3,establishment,2,24.3,14.8,77.8,22.3,1,0.336,0.344,0.079,1.027,2.877,0.136,0.255,0.313,0.327,0.352,0.093,0.282,1.989,1.135,2.497,0.125,0.258,0.303,0.034,0.331,0.349,0.087,2.649,0.129,0.257,0.307,18.9,0.884,0.429,33.8,0.301333333,0.296,0.298333333,8.1648,7.9461,8.0433
2023-02-04,MLG002,Kendalpayak Farm,-8.060884,112.619975,320,2,C3,establishment,2,25.2,15.6,76.8,14.3,1,0.371,0.361,0.035,0.931,2.887,0.126,0.359,0.277,0.388,0.368,0.043,0.259,2.075,1.218,2.604,0.146,0.313,0.335,0.058,0.381,0.365,0.039,2.717,0.138,0.332,0.312,19.38,0.545,0.43,37.5,0.335666667,0.345333333,0.341666667,9.3492,9.7776,9.6012
2023-02-11,MLG002,Kendalpayak Farm,-8.060884,112.619975,320,2,C3,establishment,2,23.5,15.2,81.0,10.0,1,0.379,0.377,0.155,0.931,3.005,0.139,0.26,0.355,0.388,0.374,0.142,0.27,1.771,1.408,2.816,0.134,0.306,0.352,0.083,0.384,0.375,0.148,2.891,0.136,0.287,0.353,19.04,0.407,0.44,41.0,0.331333333,0.348666667,0.341333333,8.9065,9.118,9.024
2023-02-18,MLG002,Kendalpayak Farm,-8.060884,112.619975,320,2,C3,establishment,2,25.3,14.0,77.4,12.6,1,0.394,0.376,0.066,0.868,2.623,0.15,0.305,0.326,0.392,0.376,0.046,0.29,2.144,1.306,2.895,0.128,0.36,0.343,0.036,0.393,0.376,0.055,2.786,0.137,0.338,0.336,19.58,0.48,0.428,45.8,0.341666667,0.365,0.355666667,9.9682,9.9176,9.9429
2023-02-25,MLG002,Kendalpayak Farm,-8.060884,112.619975,320,2,C3,establishment,2,27.2,15.6,83.3,11.3,1,0.39,0.377,0.069,0.926,2.55,0.123,0.326,0.343,0.404,0.371,0.091,0.281,2.044,1.072,3.045,0.153,0.337,0.393,0.072,0.399,0.373,0.081,2.847,0.141,0.333,0.373,22.66,0.401,0.462,51.2,0.353,0.378,0.368333333,10.608,10.9888,10.8528
2023-03-04,MLG002,Kendalpayak Farm,-8.060884,112.619975,320,2,C3,tillering,2,25.3,14.1,80.9,3.0,1,0.455,0.457,0.06,0.991,3.283,0.158,0.426,0.398,0.49,0.447,0.068,0.279,2.312,1.118,3.144,0.176,0.425,0.437,0.098,0.476,0.451,0.064,3.2,0.169,0.425,0.422,20.46,0.114,0.442,56.4,0.426333333,0.450666667,0.441,11.5115,12.397,12.0428
2023-03-11,MLG002,Kendalpayak Farm,-8.060884,112.619975,320,2,C3,tillering,2,25.0,15.5,84.7,8.6,1,0.51,0.499,0.101,0.923,2.978,0.182,0.404,0.453,0.497,0.478,0.113,0.299,2.277,1.131,2.914,0.184,0.429,0.453,0.086,0.502,0.486,0.107,2.939,0.183,0.419,0.453,21.2,0.33,0.461,63.0,0.455666667,0.459666667,0.458,12.75,12.425,12.55
2023-03-18,MLG002,Kendalpayak Farm,-8.060884,112.619975,320,2,C3,tillering,2,26.5,14.9,80.2,21.0,1,0.517,0.505,0.111,0.949,3.598,0.181,0.381,0.465,0.517,0.533,0.126,0.302,2.098,1.36,3.398,0.168,0.44,0.477,0.06,0.517,0.521,0.119,3.478,0.173,0.417,0.472,21.24,0.765,0.445,73.5,0.454333333,0.478,0.468666667,13.7005,13.7005,13.7005
2023-03-25,MLG002,Kendalpayak Farm,-8.060884,112.619975,320,2,C3,tillering,2,29.4,15.6,77.4,12.9,1,0.522,0.48,0.095,0.998,2.694,0.182,0.44,0.466,0.516,0.477,0.095,0.262,2.09,1.014,3.308,0.178,0.448,0.466,0.071,0.518,0.478,0.095,3.063,0.18,0.445,0.466,22.78,0.423,0.445,83.3,0.476,0.476666667,0.476333333,15.3468,15.1704,15.2292
2023-04-01,MLG002,Kendalpayak Farm,-8.060884,112.619975,320,2,C3,tillering,2,26.9,14.7,80.9,7.8,1,0.525,0.514,0.065,1.034,3.211,0.184,0.438,0.475,0.5,0.496,0.094,0.295,2.29,1.148,3.085,0.181,0.472,0.465,0.067,0.51,0.503,0.081,3.135,0.183,0.458,0.469,21.81,0.278,0.449,91.8,0.479333333,0.479,0.479,14.1225,13.45,13.719
2023-04-08,MLG002,Kendalpayak Farm,-8.060884,112.619975,320,2,C3,tillering,2,30.3,15.6,79.7,7.5,1,0.575,0.553,0.008,1.093,3.394,0.197,0.481,0.478,0.59,0.556,-0.002,0.335,2.032,1.456,3.485,0.221,0.473,0.559,0.116,0.584,0.555,0.002,3.448,0.211,0.476,0.526,24.18,0.238,0.457,103.5,0.511333333,0.540666667,0.528666667,17.4225,17.877,17.6952
2023-04-15,MLG002,Kendalpayak Farm,-8.060884,112.619975,320,2,C3,tillering,2,27.3,16.6,83.8,4.7,1,0.57,0.544,0.016,1.053,3.177,0.201,0.497,0.513,0.571,0.542,-0.012,0.334,2.155,1.283,3.249,0.212,0.436,0.525,0.084,0.571,0.543,0.001,3.22,0.208,0.46,0.52,22.86,0.166,0.467,115.1,0.526666667,0.510666667,0.517,15.561,15.5883,15.5883
2023-04-22,MLG002,Kendalpayak Farm,-8.060884,112.619975,320,2,C3,tillering,2,26.7,15.1,82.7,4.9,1,0.568,0.565,0.092,1.017,3.254,0.206,0.492,0.514,0.58,0.556,0.069,0.334,2.035,1.142,3.485,0.214,0.482,0.508,0.081,0.575,0.56,0.08,3.393,0.21,0.486,0.51,22.05,0.177,0.456,128.6,0.524666667,0.523333333,0.523666667,15.1656,15.486,15.3525
2023-04-29,MLG002,Kendalpayak Farm,-8.060884,112.619975,320,2,C3,tillering,2,27.0,16.4,79.3,4.0,1,0.597,0.598,0.085,1.235,3.16,0.231,0.497,0.579,0.616,0.591,0.073,0.3,1.838,1.225,3.743,0.224,0.489,0.581,0.091,0.608,0.594,0.079,3.51,0.227,0.492,0.58,21.44,0.144,0.448,140.5,0.557666667,0.562,0.56,16.119,16.632,16.416
2023-05-06,MLG002,Kendalpayak Farm,-8.060884,112.619975,320,2,C3,tillering,2,28.7,16.2,82.3,1.8,1,0.611,0.619,0.03,0.985,2.804,0.227,0.516,0.544,0.621,0.63,0.027,0.302,1.896,1.157,3.464,0.222,0.535,0.546,0.095,0.617,0.625,0.028,3.2,0.224,0.527,0.545,23.58,0.06,0.464,147.0,0.557,0.567333333,0.563,17.5357,17.8227,17.7079
2023-05-13,MLG002,Kendalpayak Farm,-8.060884,112.619975,320,2,C3,tillering,2,28.3,15.8,82.2,3.0,1,0.627,0.618,0.029,1.134,3.815,0.216,0.519,0.578,0.627,0.628,0.023,0.348,2.204,1.333,3.689,0.216,0.53,0.591,0.098,0.627,0.624,0.026,3.739,0.216,0.525,0.586,23.27,0.103,0.461,153.5,0.574666667,0.582666667,0.579333333,17.7441,17.7441,17.7441
2023-05-20,MLG002,Kendalpayak Farm,-8.060884,112.619975,320,2,C3,tillering,2,27.6,16.1,78.2,2.2,1,0.612,0.609,0.072,0.952,3.236,0.213,0.494,0.55,0.62,0.6,0.067,0.332,2.476,1.215,3.374,0.226,0.548,0.583,0.091,0.617,0.604,0.069,3.319,0.221,0.526,0.57,21.56,0.075,0.444,160.0,0.552,0.583666667,0.571,16.8912,17.112,17.0292
2023-05-27,MLG002,Kendalpayak Farm,-8.060884,112.619975,320,2,C3,grand_growth,2,27.4,15.7,86.2,0.3,1,0.681,0.66,0.057,1.138,2.997,0.244,0.504,0.618,0.679,0.684,0.055,0.365,2.425,1.429,3.594,0.243,0.554,0.587,0.127,0.679,0.674,0.056,3.355,0.244,0.534,0.599,23.6,0.011,0.474,166.5,0.601,0.606666667,0.604,18.6594,18.6046,18.6046
2023-06-03,MLG002,Kendalpayak Farm,-8.060884,112.619975,320,2,C3,grand_growth,2,29.6,17.2,79.2,0.8,1,0.623,0.597,0.069,1.163,3.325,0.219,0.502,0.53,0.627,0.6,0.067,0.301,2.56,1.163,3.474,0.235,0.503,0.582,0.095,0.625,0.599,0.068,3.414,0.228,0.503,0.561,23.42,0.025,0.457,173.0,0.551666667,0.570666667,0.563,18.4408,18.5592,18.5
2023-06-10,MLG002,Kendalpayak Farm,-8.060884,112.619975,320,2,C3,grand_growth,2,28.9,17.9,76.0,1.2,1,0.646,0.615,0.027,1.126,4.279,0.254,0.507,0.606,0.633,0.594,0.027,0.352,2.416,1.495,3.389,0.235,0.539,0.606,0.095,0.638,0.603,0.027,3.745,0.242,0.527,0.606,21.92,0.039,0.444,179.5,0.586333333,0.592666667,0.590333333,18.6694,18.2937,18.4382
2023-06-17,MLG002,Kendalpayak Farm,-8.060884,112.619975,320,2,C3,grand_growth,2,29.8,18.2,78.5,1.7,1,0.659,0.627,0.115,1.143,3.73,0.233,0.559,0.596,0.673,0.615,0.089,0.346,2.023,1.056,3.661,0.235,0.576,0.648,0.097,0.668,0.62,0.101,3.688,0.234,0.569,0.627,23.37,0.057,0.458,186.0,0.604666667,0.632333333,0.621333333,19.6382,20.0554,19.9064
2023-06-24,MLG002,Kendalpayak Farm,-8.060884,112.619975,320,2,C3,grand_growth,2,31.1,17.2,78.5,1.9,1,0.695,0.655,0.023,1.201,4.19,0.236,0.629,0.629,0.671,0.671,0.016,0.364,1.973,1.258,3.204,0.235,0.553,0.629,0.11,0.681,0.665,0.019,3.599,0.236,0.583,0.629,24.39,0.058,0.459,192.5,0.651,0.617666667,0.631,21.6145,20.8681,21.1791
2023-07-01,MLG002,Kendalpayak Farm,-8.060884,112.619975,320,2,C3,grand_growth,2,27.4,18.8,76.7,2.1,1,0.702,0.694,0.125,1.14,4.271,0.26,0.553,0.652,0.704,0.679,0.125,0.337,2.392,1.524,3.617,0.262,0.583,0.665,0.127,0.703,0.685,0.125,3.879,0.261,0.571,0.66,21.04,0.073,0.445,199.0,0.635666667,0.650666667,0.644666667,19.2348,19.2896,19.2622
2023-07-08,MLG002,Kendalpayak Farm,-8.060884,112.619975,320,2,C3,grand_growth,2,29.8,16.3,72.9,1.1,1,0.741,0.718,0.057,1.196,3.067,0.244,0.564,0.668,0.762,0.702,0.046,0.386,2.228,1.475,3.994,0.276,0.633,0.699,0.123,0.754,0.709,0.051,3.623,0.263,0.606,0.687,21.69,0.035,0.43,205.5,0.657666667,0.698,0.682333333,22.0818,22.7076,22.4692
2023-07-15,MLG002,Kendalpayak Farm,-8.060884,112.619975,320,2,C3,grand_growth,2,29.2,18.9,71.5,2.3,1,0.689,0.665,0.056,1.108,3.887,0.242,0.553,0.636,0.697,0.668,0.06,0.361,2.156,1.661,3.424,0.271,0.58,0.629,0.133,0.694,0.667,0.058,3.61,0.26,0.569,0.632,20.84,0.076,0.43,212.0,0.626,0.635333333,0.631666667,20.1188,20.3524,20.2648
2023-07-22,MLG002,Kendalpayak Farm,-8.060884,112.619975,320,2,C3,grand_growth,2,30.5,17.6,79.5,4.6,1,0.701,0.708,0.054,0.969,3.442,0.265,0.569,0.61,0.726,0.716,0.056,0.386,2.167,1.371,3.716,0.277,0.581,0.667,0.153,0.716,0.713,0.055,3.606,0.273,0.577,0.644,24.25,0.147,0.462,218.5,0.626666667,0.658,0.645666667,21.3805,22.143,21.838
2023-07-29,MLG002,Kendalpayak Farm,-8.060884,112.619975,320,2,C3,grand_growth,2,27.2,16.5,74.2,1.6,1,0.736,0.703,0.014,1.31,3.449,0.259,0.597,0.642,0.729,0.714,0.024,0.375,2.347,1.476,3.836,0.28,0.597,0.679,0.143,0.731,0.71,0.02,3.681,0.272,0.597,0.664,20.22,0.057,0.428,225.0,0.658333333,0.668333333,0.664,20.0192,19.8288,19.8832
2023-08-05,MLG002,Kendalpayak Farm,-8.060884,112.619975,320,2,C3,grand_growth,2,29.5,17.5,69.6,7.2,1,0.695,0.715,0.065,1.08,3.635,0.259,0.532,0.605,0.698,0.708,0.045,0.333,2.384,1.505,3.478,0.258,0.577,0.62,0.137,0.697,0.711,0.054,3.541,0.258,0.559,0.614,20.56,0.235,0.42,231.5,0.610666667,0.631666667,0.623333333,20.5025,20.591,20.5615
2023-08-12,MLG002,Kendalpayak Farm,-8.060884,112.619975,320,2,C3,grand_growth,2,28.3,19.2,68.5,1.9,1,0.7,0.671,0.104,1.212,3.57,0.24,0.553,0.625,0.682,0.681,0.074,0.342,2.233,1.704,3.585,0.255,0.538,0.645,0.165,0.689,0.677,0.088,3.579,0.249,0.544,0.637,19.38,0.064,0.417,238.0,0.626,0.621666667,0.623333333,19.81,19.3006,19.4987
2023-08-19,MLG002,Kendalpayak Farm,-8.060884,112.619975,320,2,C3,grand_growth,2,27.1,16.0,73.2,0.8,1,0.74,0.718,0.049,1.252,3.439,0.246,0.606,0.685,0.736,0.712,0.032,0.392,2.768,1.576,3.739,0.278,0.583,0.685,0.118,0.738,0.714,0.04,3.619,0.265,0.592,0.685,19.86,0.029,0.422,244.5,0.677,0.668,0.671666667,20.054,19.9456,19.9998
2023-08-26,MLG002,Kendalpayak Farm,-8.060884,112.619975,320,2,C3,grand_growth,2,28.7,18.7,70.9,3.1,1,0.733,0.73,0.049,1.17,3.491,0.254,0.563,0.66,0.733,0.715,0.088,0.356,2.353,1.442,3.619,0.271,0.581,0.689,0.133,0.733,0.721,0.07,3.568,0.264,0.574,0.678,20.35,0.103,0.426,251.0,0.652,0.667666667,0.661666667,21.0371,21.0371,21.0371
2023-09-02,MLG002,Kendalpayak Farm,-8.060884,112.619975,320,2,C3,grand_growth,2,28.2,18.9,69.2,1.4,1,0.738,0.716,0.089,1.151,3.856,0.268,0.555,0.648,0.733,0.727,0.071,0.383,2.524,1.458,4.07,0.256,0.616,0.67,0.111,0.735,0.723,0.079,3.984,0.261,0.592,0.661,19.49,0.047,0.418,257.5,0.647,0.673,0.662666667,20.8116,20.6706,20.727
2023-09-09,MLG002,Kendalpayak Farm,-8.060884,112.619975,320,2,C3,grand_growth,2,28.2,20.1,70.0,10.5,1,0.759,0.724,0.078,1.295,3.577,0.279,0.589,0.686,0.77,0.731,0.074,0.41,2.51,1.224,4.315,0.277,0.679,0.705,0.137,0.766,0.728,0.076,4.02,0.278,0.643,0.698,19.74,0.361,0.425,264.0,0.678,0.718,0.702333333,21.4038,21.714,21.6012
2023-09-16,MLG002,Kendalpayak Farm,-8.060884,112.619975,320,2,C3,grand_growth,2,25.4,18.4,63.3,2.6,1,0.714,0.708,0.052,1.174,3.878,0.245,0.577,0.67,0.735,0.696,0.043,0.374,2.545,1.397,3.778,0.282,0.594,0.706,0.11,0.727,0.701,0.047,3.818,0.267,0.587,0.691,16.09,0.1,0.384,270.5,0.653666667,0.678333333,0.668333333,18.1356,18.669,18.4658
2023-09-23,MLG002,Kendalpayak Farm,-8.060884,112.619975,320,2,C3,grand_growth,2,24.6,20.5,67.7,5.8,1,0.746,0.724,0.021,1.332,3.659,0.257,0.644,0.663,0.738,0.717,0.008,0.357,2.247,1.8,3.478,0.261,0.612,0.677,0.144,0.741,0.72,0.014,3.551,0.259,0.625,0.672,16.66,0.227,0.406,277.0,0.684333333,0.675666667,0.679333333,18.3516,18.1548,18.2286
2023-09-30,MLG002,Kendalpayak Farm,-8.060884,112.619975,320,2,C3,grand_growth,2,25.2,20.0,68.6,3.4,1,0.744,0.724,0.019,1.315,3.526,0.276,0.606,0.658,0.755,0.736,0.021,0.369,2.048,1.391,4.016,0.271,0.636,0.695,0.15,0.751,0.731,0.02,3.82,0.273,0.624,0.68,17.28,0.129,0.41,283.5,0.669333333,0.695333333,0.685,18.7488,19.026,18.9252
2023-10-07,MLG002,Kendalpayak Farm,-8.060884,112.619975,320,2,C3,grand_growth,2,23.3,18.0,65.8,5.3,1,0.744,0.728,0.125,1.23,3.919,0.254,0.631,0.703,0.757,0.727,0.134,0.352,2.626,1.33,3.75,0.291,0.648,0.664,0.125,0.752,0.727,0.13,3.817,0.276,0.641,0.68,15.32,0.218,0.387,290.0,0.692666667,0.689666667,0.691,17.3352,17.6381,17.5216
2023-10-14,MLG002,Kendalpayak Farm,-8.060884,112.619975,320,2,C3,maturation,2,22.9,20.3,61.4,0.6,1,0.768,0.768,0.042,1.115,3.887,0.253,0.657,0.695,0.759,0.78,0.06,0.386,2.866,1.797,3.907,0.289,0.655,0.676,0.144,0.763,0.775,0.052,3.899,0.275,0.656,0.684,14.07,0.024,0.375,296.5,0.706666667,0.696666667,0.701,17.5872,17.3811,17.4727
2023-10-21,MLG002,Kendalpayak Farm,-8.060884,112.619975,320,2,C3,maturation,2,24.1,19.7,70.9,0.7,1,0.764,0.77,0.086,1.143,4.105,0.273,0.605,0.675,0.752,0.758,0.059,0.384,1.99,1.322,3.97,0.29,0.588,0.704,0.133,0.757,0.763,0.071,4.024,0.283,0.595,0.692,17.08,0.029,0.415,303.0,0.681333333,0.681333333,0.681333333,18.4124,18.1232,18.2437
2023-10-28,MLG002,Kendalpayak Farm,-8.060884,112.619975,320,2,C3,maturation,2,25.3,19.2,67.2,2.6,1,0.759,0.735,0.047,1.271,3.642,0.273,0.634,0.708,0.765,0.723,0.045,0.378,2.573,1.694,4.23,0.29,0.604,0.732,0.148,0.762,0.728,0.046,3.995,0.283,0.616,0.722,17.04,0.098,0.403,309.5,0.700333333,0.700333333,0.7,19.2027,19.3545,19.2786
2023-11-04,MLG002,Kendalpayak Farm,-8.060884,112.619975,320,2,C3,maturation,2,25.0,16.7,67.2,8.8,1,0.742,0.725,0.036,1.253,3.81,0.245,0.672,0.637,0.74,0.729,0.029,0.408,2.353,1.301,3.925,0.25,0.62,0.706,0.1,0.74,0.727,0.032,3.879,0.248,0.641,0.679,16.82,0.337,0.394,316.0,0.683666667,0.688666667,0.686666667,18.55,18.5,18.5
2023-11-11,MLG002,Kendalpayak Farm,-8.060884,112.619975,320,2,C3,maturation,2,22.1,18.7,67.3,10.0,1,0.808,0.791,0.073,1.273,4.049,0.274,0.647,0.714,0.798,0.782,0.081,0.348,2.087,1.974,3.77,0.307,0.653,0.723,0.159,0.802,0.785,0.077,3.881,0.294,0.651,0.72,14.89,0.431,0.392,322.5,0.723,0.724666667,0.724333333,17.8568,17.6358,17.7242
2023-11-18,MLG002,Kendalpayak Farm,-8.060884,112.619975,320,2,C3,maturation,2,24.0,17.6,66.2,7.3,1,0.773,0.786,0.037,1.298,3.626,0.276,0.618,0.651,0.779,0.792,0.023,0.439,2.597,1.602,4.112,0.269,0.656,0.762,0.156,0.776,0.79,0.03,3.918,0.272,0.641,0.718,15.9,0.293,0.39,329.0,0.680666667,0.732333333,0.711666667,18.552,18.696,18.624
2023-11-25,MLG002,Kendalpayak Farm,-8.060884,112.619975,320,2,C3,maturation,2,23.0,16.5,66.5,8.5,1,0.788,0.771,0.073,1.093,3.541,0.27,0.612,0.71,0.795,0.766,0.063,0.398,2.742,1.277,4.209,0.281,0.661,0.752,0.129,0.792,0.768,0.068,3.941,0.277,0.641,0.735,15.32,0.354,0.385,335.5,0.703333333,0.736,0.722666667,18.124,18.285,18.216
2023-12-02,MLG002,Kendalpayak Farm,-8.060884,112.619975,320,2,C3,maturation,2,22.4,17.4,68.3,30.6,1,0.84,0.836,0.114,1.312,3.736,0.283,0.716,0.769,0.838,0.819,0.132,0.439,2.462,1.439,3.981,0.308,0.706,0.748,0.151,0.839,0.826,0.124,3.883,0.298,0.71,0.756,15.28,1.311,0.393,342.0,0.775,0.764,0.768333333,18.816,18.7712,18.7936
2023-12-09,MLG002,Kendalpayak Farm,-8.060884,112.619975,320,2,C3,maturation,2,24.1,16.8,73.8,6.1,1,0.833,0.812,0.074,1.361,3.765,0.296,0.657,0.692,0.838,0.8,0.093,0.439,2.338,1.389,3.888,0.314,0.7,0.839,0.155,0.836,0.805,0.084,3.839,0.307,0.683,0.78,17.78,0.242,0.418,348.5,0.727333333,0.792333333,0.766333333,20.0753,20.1958,20.1476
2023-12-16,MLG002,Kendalpayak Farm,-8.060884,112.619975,320,2,C3,maturation,2,26.3,17.2,70.9,24.6,1,0.816,0.811,0.086,1.377,3.604,0.29,0.634,0.692,0.826,0.831,0.085,0.379,2.536,1.403,4.276,0.304,0.633,0.77,0.16,0.822,0.823,0.085,4.007,0.298,0.634,0.739,18.62,0.903,0.414,355.0,0.714,0.743,0.731666667,21.4608,21.7238,21.6186
2023-12-23,MLG002,Kendalpayak Farm,-8.060884,112.619975,320,2,C3,maturation,2,22.9,15.2,74.9,7.1,1,0.837,0.832,0.066,1.272,3.645,0.298,0.712,0.727,0.83,0.862,0.051,0.399,2.772,1.742,3.416,0.313,0.675,0.76,0.175,0.833,0.85,0.058,3.507,0.307,0.69,0.747,17.14,0.298,0.414,361.3,0.758666667,0.755,0.756666667,19.1673,19.007,19.0757
2023-07-01,MLG002,Kendalpayak Farm,-8.060884,112.619975,320,2,C4,establishment,2,28.4,17.0,72.7,2.2,1,0.213,0.197,0.071,0.832,2.505,0.068,0.183,0.138,0.241,0.213,0.084,0.229,1.774,0.828,2.06,0.097,0.178,0.214,0.014,0.229,0.207,0.078,2.238,0.085,0.18,0.184,20.61,0.074,0.427,24.9,0.178,0.211,0.197666667,6.0492,6.8444,6.5036
2023-07-08,MLG002,Kendalpayak Farm,-8.060884,112.619975,320,2,C4,establishment,2,29.1,16.8,77.1,0.1,1,0.236,0.215,0.024,0.865,2.263,0.085,0.183,0.213,0.264,0.221,0.006,0.205,1.735,0.997,2.667,0.098,0.217,0.198,0.036,0.253,0.218,0.014,2.506,0.093,0.203,0.204,22.45,0.003,0.446,26.6,0.210666667,0.226333333,0.22,6.8676,7.6824,7.3623
2023-07-15,MLG002,Kendalpayak Farm,-8.060884,112.619975,320,2,C4,establishment,2,28.9,15.8,75.0,1.2,1,0.308,0.26,0.024,0.821,3.02,0.115,0.197,0.274,0.324,0.282,0.019,0.21,1.953,1.017,2.723,0.125,0.274,0.309,0.056,0.318,0.273,0.021,2.842,0.121,0.243,0.295,21.69,0.039,0.434,28.7,0.259666667,0.302333333,0.285333333,8.9012,9.3636,9.1902
2023-07-22,MLG002,Kendalpayak Farm,-8.060884,112.619975,320,2,C4,establishment,2,27.0,17.4,70.8,1.1,1,0.301,0.304,0.054,0.898,2.707,0.103,0.27,0.259,0.304,0.297,0.075,0.224,1.984,0.917,2.763,0.119,0.209,0.28,0.028,0.303,0.3,0.065,2.74,0.113,0.233,0.271,19.1,0.038,0.416,31.1,0.276666667,0.264333333,0.269,8.127,8.208,8.181
2023-07-29,MLG002,Kendalpayak Farm,-8.060884,112.619975,320,2,C4,establishment,2,29.9,16.4,71.8,11.2,1,0.336,0.294,0.085,0.858,2.953,0.126,0.268,0.267,0.323,0.276,0.083,0.22,1.852,1.049,3.08,0.124,0.267,0.266,0.031,0.329,0.283,0.084,3.029,0.125,0.267,0.266,21.49,0.362,0.426,34.6,0.290333333,0.285333333,0.287333333,10.0464,9.6577,9.8371
2023-08-05,MLG002,Kendalpayak Farm,-8.060884,112.619975,320,2,C4,establishment,2,28.3,17.7,69.2,1.2,1,0.349,0.338,0.079,0.886,2.991,0.121,0.253,0.303,0.362,0.335,0.069,0.215,1.756,1.002,2.568,0.126,0.336,0.345,0.073,0.357,0.336,0.073,2.737,0.124,0.303,0.328,19.57,0.04,0.415,37.6,0.301666667,0.347666667,0.329333333,9.8767,10.2446,10.1031
2023-08-12,MLG002,Kendalpayak Farm,-8.060884,112.619975,320,2,C4,establishment,2,28.0,18.3,69.0,2.1,1,0.397,0.37,0.037,0.748,3.177,0.152,0.335,0.323,0.406,0.379,0.043,0.261,2.269,0.999,2.794,0.155,0.341,0.384,0.059,0.402,0.376,0.04,2.947,0.154,0.338,0.36,19.35,0.073,0.415,42.0,0.351666667,0.377,0.366666667,11.116,11.368,11.256
2023-08-19,MLG002,Kendalpayak Farm,-8.060884,112.619975,320,2,C4,establishment,2,27.1,18.5,72.0,1.6,1,0.434,0.421,0.114,0.936,3.066,0.145,0.314,0.391,0.457,0.427,0.083,0.295,1.742,1.283,3.115,0.168,0.393,0.415,0.066,0.448,0.425,0.097,3.096,0.159,0.361,0.405,19.5,0.058,0.425,46.3,0.379666667,0.421666667,0.404666667,11.7614,12.3847,12.1408
2023-08-26,MLG002,Kendalpayak Farm,-8.060884,112.619975,320,2,C4,establishment,2,27.1,16.6,74.3,2.0,1,0.435,0.415,0.059,0.902,2.708,0.163,0.384,0.381,0.434,0.413,0.092,0.272,2.335,1.244,2.89,0.156,0.376,0.384,0.053,0.435,0.414,0.077,2.817,0.159,0.379,0.383,20.14,0.073,0.428,52.0,0.4,0.398,0.399,11.7885,11.7614,11.7885
2023-09-02,MLG002,Kendalpayak Farm,-8.060884,112.619975,320,2,C4,tillering,2,26.1,17.0,68.5,9.1,1,0.445,0.41,0.054,0.927,2.801,0.162,0.335,0.468,0.471,0.424,0.038,0.244,1.997,1.215,2.978,0.17,0.343,0.42,0.064,0.461,0.418,0.045,2.907,0.167,0.34,0.439,17.9,0.335,0.403,58.2,0.416,0.411333333,0.413333333,11.6145,12.2931,12.0321
2023-09-09,MLG002,Kendalpayak Farm,-8.060884,112.619975,320,2,C4,tillering,2,25.7,20.2,65.9,3.1,1,0.515,0.48,0.078,1.12,3.537,0.187,0.412,0.464,0.528,0.464,0.088,0.295,2.576,1.183,3.228,0.197,0.416,0.495,0.087,0.523,0.471,0.084,3.351,0.193,0.414,0.483,16.96,0.115,0.401,65.7,0.463666667,0.479666667,0.473333333,13.2355,13.5696,13.4411
2023-09-16,MLG002,Kendalpayak Farm,-8.060884,112.619975,320,2,C4,tillering,2,27.1,17.9,67.5,3.5,1,0.503,0.519,0.032,1.178,2.775,0.172,0.416,0.478,0.518,0.5,0.024,0.279,1.846,1.216,2.624,0.2,0.444,0.509,0.064,0.512,0.508,0.028,2.684,0.189,0.433,0.497,18.32,0.123,0.405,73.1,0.465666667,0.490333333,0.480666667,13.6313,14.0378,13.8752
2023-09-23,MLG002,Kendalpayak Farm,-8.060884,112.619975,320,2,C4,tillering,2,27.5,17.5,69.4,2.6,1,0.584,0.572,0.041,1.126,3.128,0.205,0.456,0.532,0.608,0.569,0.034,0.331,1.993,1.407,3.431,0.225,0.507,0.53,0.123,0.598,0.57,0.037,3.309,0.217,0.486,0.531,19.08,0.092,0.413,81.9,0.524,0.548333333,0.538333333,16.06,16.72,16.445
2023-09-30,MLG002,Kendalpayak Farm,-8.060884,112.619975,320,2,C4,tillering,2,25.8,19.7,62.1,0.8,1,0.58,0.548,0.056,1.043,3.043,0.203,0.433,0.561,0.575,0.542,0.02,0.288,2.072,1.229,3.49,0.201,0.483,0.541,0.104,0.577,0.544,0.036,3.311,0.201,0.463,0.549,16.0,0.03,0.385,91.5,0.524666667,0.533,0.529666667,14.964,14.835,14.8866
2023-10-07,MLG002,Kendalpayak Farm,-8.060884,112.619975,320,2,C4,tillering,2,23.6,20.5,70.0,2.1,1,0.589,0.565,-0.022,0.972,3.116,0.203,0.448,0.539,0.597,0.566,-0.01,0.32,2.436,1.117,3.296,0.224,0.442,0.539,0.11,0.594,0.566,-0.015,3.224,0.215,0.444,0.539,16.52,0.087,0.412,100.4,0.525333333,0.526,0.525666667,13.9004,14.0892,14.0184
2023-10-14,MLG002,Kendalpayak Farm,-8.060884,112.619975,320,2,C4,tillering,2,22.8,17.8,64.1,1.8,1,0.582,0.542,0.032,1.068,3.053,0.207,0.475,0.537,0.566,0.54,0.048,0.305,2.016,1.192,3.156,0.21,0.449,0.48,0.109,0.572,0.541,0.041,3.115,0.209,0.46,0.503,14.64,0.077,0.379,109.4,0.531333333,0.498333333,0.511666667,13.2696,12.9048,13.0416
2023-10-21,MLG002,Kendalpayak Farm,-8.060884,112.619975,320,2,C4,tillering,2,25.3,16.1,62.6,1.4,1,0.641,0.626,0.004,1.03,3.493,0.227,0.49,0.55,0.637,0.607,-0.003,0.334,2.57,1.269,3.547,0.248,0.496,0.574,0.101,0.638,0.614,0.001,3.525,0.24,0.493,0.564,15.82,0.054,0.375,118.4,0.560333333,0.569,0.565,16.2173,16.1161,16.1414
2023-10-28,MLG002,Kendalpayak Farm,-8.060884,112.619975,320,2,C4,tillering,2,24.8,19.9,62.9,1.0,1,0.633,0.652,0.059,0.977,4.15,0.221,0.418,0.606,0.603,0.655,0.071,0.345,2.535,1.456,3.853,0.222,0.484,0.548,0.121,0.615,0.653,0.065,3.972,0.222,0.458,0.571,15.63,0.04,0.386,128.8,0.552333333,0.545,0.548,15.6984,14.9544,15.252
2023-11-04,MLG002,Kendalpayak Farm,-8.060884,112.619975,320,2,C4,tillering,2,25.0,17.4,63.1,9.0,1,0.658,0.605,0.057,1.105,3.303,0.242,0.539,0.654,0.671,0.61,0.061,0.35,2.175,1.336,3.532,0.248,0.566,0.623,0.11,0.666,0.608,0.059,3.44,0.246,0.555,0.636,15.77,0.348,0.38,141.2,0.617,0.62,0.619,16.45,16.775,16.65
2023-11-11,MLG002,Kendalpayak Farm,-8.060884,112.619975,320,2,C4,tillering,2,24.4,17.4,64.1,9.2,1,0.643,0.609,0.045,1.07,3.272,0.235,0.507,0.546,0.67,0.612,0.051,0.367,2.057,1.369,3.78,0.243,0.557,0.627,0.096,0.659,0.611,0.048,3.577,0.24,0.537,0.595,15.61,0.363,0.381,153.1,0.565333333,0.618,0.597,15.6892,16.348,16.0796
2023-11-18,MLG002,Kendalpayak Farm,-8.060884,112.619975,320,2,C4,tillering,2,21.5,16.3,68.7,11.6,1,0.608,0.578,0.119,1.102,3.25,0.211,0.504,0.532,0.636,0.591,0.119,0.344,2.094,1.241,3.198,0.234,0.523,0.554,0.119,0.625,0.586,0.119,3.219,0.225,0.516,0.545,14.77,0.517,0.388,160.0,0.548,0.571,0.562,13.072,13.674,13.4375
2023-11-25,MLG002,Kendalpayak Farm,-8.060884,112.619975,320,2,C4,grand_growth,2,24.9,18.4,67.5,8.7,1,0.676,0.678,0.117,1.206,3.542,0.232,0.538,0.65,0.679,0.678,0.139,0.353,2.155,1.548,3.393,0.254,0.562,0.631,0.083,0.678,0.678,0.129,3.452,0.245,0.552,0.638,16.78,0.337,0.4,166.5,0.621333333,0.624,0.622666667,16.8324,16.9071,16.8822
2023-12-02,MLG002,Kendalpayak Farm,-8.060884,112.619975,320,2,C4,grand_growth,2,23.5,17.3,70.6,12.4,1,0.707,0.694,0.062,1.241,3.468,0.238,0.583,0.683,0.694,0.693,0.078,0.374,2.457,1.399,2.979,0.259,0.578,0.661,0.112,0.699,0.693,0.071,3.175,0.25,0.58,0.67,16.63,0.507,0.405,173.0,0.657666667,0.644333333,0.649666667,16.6145,16.309,16.4265
2023-12-09,MLG002,Kendalpayak Farm,-8.060884,112.619975,320,2,C4,grand_growth,2,23.4,15.3,69.4,11.6,1,0.705,0.7,0.049,1.161,3.106,0.255,0.56,0.649,0.708,0.705,0.048,0.382,2.456,1.437,3.456,0.258,0.561,0.68,0.139,0.707,0.703,0.049,3.316,0.257,0.56,0.667,16.24,0.476,0.394,179.5,0.638,0.649666667,0.644666667,16.497,16.5672,16.5438
2023-12-16,MLG002,Kendalpayak Farm,-8.060884,112.619975,320,2,C4,grand_growth,2,23.3,16.8,67.7,13.8,1,0.704,0.707,0.086,1.208,3.417,0.244,0.538,0.641,0.705,0.711,0.071,0.376,2.38,1.426,3.772,0.259,0.673,0.658,0.128,0.705,0.709,0.078,3.63,0.253,0.619,0.651,15.76,0.569,0.391,186.0,0.627666667,0.678666667,0.658333333,16.4032,16.4265,16.4265
2023-12-23,MLG002,Kendalpayak Farm,-8.060884,112.619975,320,2,C4,grand_growth,2,23.5,18.3,67.4,12.5,1,0.755,0.745,0.097,1.246,3.431,0.269,0.613,0.687,0.743,0.735,0.124,0.4,2.379,1.436,4.337,0.275,0.606,0.668,0.132,0.748,0.739,0.112,3.974,0.273,0.609,0.676,15.85,0.511,0.395,192.5,0.685,0.672333333,0.677666667,17.7425,17.4605,17.578
2022-01-01,MLG003,Bakalan Farm,-8.113906,112.653058,420,2,C1,establishment,2,23.7,16.4,76.8,19.3,1,0.213,0.173,0.078,0.8,2.245,0.072,0.182,0.202,0.225,0.165,0.057,0.215,1.621,0.803,2.104,0.092,0.19,0.214,0.017,0.22,0.169,0.066,2.161,0.084,0.186,0.209,18.2,0.78,0.427,24.9,0.199,0.209666667,0.205,5.0481,5.3325,5.214
2022-01-08,MLG003,Bakalan Farm,-8.113906,112.653058,420,2,C1,establishment,2,24.8,14.3,77.8,11.1,1,0.228,0.21,0.11,0.727,2.459,0.073,0.215,0.221,0.212,0.207,0.079,0.212,2.164,0.585,1.937,0.08,0.173,0.187,-0.023,0.218,0.208,0.093,2.146,0.077,0.19,0.201,19.28,0.432,0.428,26.6,0.221333333,0.190666667,0.203,5.6544,5.2576,5.4064
2022-01-15,MLG003,Bakalan Farm,-8.113906,112.653058,420,2,C1,establishment,2,24.8,17.6,76.3,16.9,1,0.261,0.258,0.105,0.908,2.694,0.094,0.19,0.203,0.27,0.254,0.1,0.237,2.097,0.784,2.402,0.096,0.229,0.203,-0.005,0.266,0.256,0.102,2.519,0.095,0.213,0.203,18.92,0.655,0.432,28.9,0.218,0.234,0.227333333,6.4728,6.696,6.5968
2022-01-22,MLG003,Bakalan Farm,-8.113906,112.653058,420,2,C1,establishment,2,24.9,14.6,78.3,37.4,1,0.338,0.345,0.102,0.941,2.798,0.143,0.246,0.301,0.328,0.336,0.108,0.239,2.001,1.106,2.558,0.119,0.244,0.287,0.031,0.332,0.339,0.105,2.654,0.129,0.245,0.293,19.46,1.446,0.432,31.9,0.295,0.286333333,0.29,8.4162,8.1672,8.2668
2022-01-29,MLG003,Bakalan Farm,-8.113906,112.653058,420,2,C1,establishment,2,24.9,15.9,73.1,19.3,1,0.376,0.353,0.123,1.017,2.863,0.134,0.302,0.33,0.374,0.352,0.151,0.23,1.99,1.181,2.676,0.142,0.269,0.371,0.06,0.375,0.352,0.138,2.751,0.139,0.282,0.354,18.23,0.743,0.415,35.4,0.336,0.338,0.337,9.3624,9.3126,9.3375
2022-02-05,MLG003,Bakalan Farm,-8.113906,112.653058,420,2,C1,establishment,2,23.5,15.2,82.1,9.2,1,0.388,0.363,0.018,0.914,2.845,0.135,0.364,0.346,0.359,0.359,0.025,0.253,1.895,1.007,2.204,0.133,0.286,0.335,0.047,0.37,0.361,0.022,2.46,0.134,0.317,0.339,19.29,0.375,0.444,38.9,0.366,0.326666667,0.342,9.118,8.4365,8.695
2022-02-12,MLG003,Bakalan Farm,-8.113906,112.653058,420,2,C1,establishment,2,23.6,13.2,81.8,7.4,1,0.403,0.418,0.065,0.829,2.565,0.151,0.288,0.377,0.403,0.408,0.086,0.249,1.818,1.091,2.7,0.167,0.357,0.359,0.044,0.403,0.412,0.076,2.646,0.161,0.329,0.366,19.26,0.301,0.437,41.8,0.356,0.373,0.366,9.5108,9.5108,9.5108
2022-02-19,MLG003,Bakalan Farm,-8.113906,112.653058,420,2,C1,establishment,2,25.0,14.0,84.3,16.2,1,0.426,0.399,0.082,0.936,3.523,0.146,0.305,0.384,0.434,0.405,0.093,0.311,1.902,1.031,2.452,0.166,0.334,0.417,0.051,0.431,0.403,0.088,2.88,0.158,0.322,0.404,21.08,0.624,0.454,47.6,0.371666667,0.395,0.385666667,10.65,10.85,10.775
2022-02-26,MLG003,Bakalan Farm,-8.113906,112.653058,420,2,C1,establishment,2,23.2,16.7,79.4,14.3,1,0.428,0.421,0.082,0.796,3.337,0.146,0.387,0.383,0.447,0.412,0.086,0.279,1.972,1.017,2.186,0.159,0.384,0.384,0.044,0.439,0.415,0.084,2.646,0.154,0.385,0.383,18.43,0.591,0.437,52.5,0.399333333,0.405,0.402333333,9.9296,10.3704,10.1848
2022-03-05,MLG003,Bakalan Farm,-8.113906,112.653058,420,2,C1,tillering,2,26.2,14.5,83.2,12.0,1,0.46,0.433,0.095,1.041,3.16,0.156,0.356,0.39,0.476,0.414,0.062,0.247,1.643,1.38,3.23,0.167,0.388,0.467,0.077,0.47,0.422,0.077,3.202,0.162,0.375,0.437,21.8,0.443,0.455,60.2,0.402,0.443666667,0.427333333,12.052,12.4712,12.314
2022-03-12,MLG003,Bakalan Farm,-8.113906,112.653058,420,2,C1,tillering,2,25.9,13.1,82.4,33.7,1,0.519,0.505,0.107,1.115,3.255,0.18,0.392,0.46,0.531,0.497,0.088,0.296,2.127,1.435,2.896,0.198,0.428,0.484,0.106,0.526,0.501,0.097,3.04,0.191,0.414,0.474,21.35,1.254,0.447,68.8,0.457,0.481,0.471333333,13.4421,13.7529,13.6234
2022-03-19,MLG003,Bakalan Farm,-8.113906,112.653058,420,2,C1,tillering,2,25.0,16.4,80.8,15.4,1,0.501,0.492,0.08,0.963,3.37,0.169,0.414,0.48,0.501,0.474,0.074,0.299,2.302,1.123,3.534,0.175,0.415,0.456,0.095,0.501,0.481,0.076,3.468,0.173,0.414,0.466,20.19,0.591,0.447,76.3,0.465,0.457333333,0.460333333,12.525,12.525,12.525
2022-03-26,MLG003,Bakalan Farm,-8.113906,112.653058,420,2,C1,tillering,2,26.6,14.3,79.9,13.7,1,0.554,0.533,0.066,0.884,3.309,0.183,0.41,0.46,0.543,0.538,0.073,0.323,1.946,1.275,3.066,0.209,0.456,0.486,0.101,0.547,0.536,0.07,3.163,0.198,0.437,0.476,21.27,0.497,0.442,86.1,0.474666667,0.495,0.486666667,14.7364,14.4438,14.5502
2022-04-02,MLG003,Bakalan Farm,-8.113906,112.653058,420,2,C1,tillering,2,25.7,14.0,81.7,9.7,1,0.541,0.554,0.037,0.939,3.417,0.199,0.45,0.504,0.534,0.563,0.041,0.3,2.16,1.393,3.294,0.18,0.46,0.508,0.078,0.537,0.559,0.039,3.343,0.188,0.456,0.506,21.02,0.361,0.446,95.6,0.498333333,0.500666667,0.499666667,13.9037,13.7238,13.8009
2022-04-09,MLG003,Bakalan Farm,-8.113906,112.653058,420,2,C1,tillering,2,27.5,12.7,79.6,7.0,1,0.591,0.586,0.105,1.212,3.8,0.195,0.483,0.514,0.645,0.592,0.126,0.355,1.747,1.228,3.336,0.236,0.538,0.604,0.072,0.624,0.589,0.116,3.522,0.219,0.516,0.568,21.89,0.245,0.439,106.1,0.529333333,0.595666667,0.569333333,16.2525,17.7375,17.16
2022-04-16,MLG003,Bakalan Farm,-8.113906,112.653058,420,2,C1,tillering,2,26.8,17.0,82.4,5.9,1,0.589,0.549,0.082,1.04,3.031,0.219,0.479,0.514,0.585,0.552,0.086,0.325,1.961,1.127,3.151,0.215,0.479,0.535,0.095,0.587,0.551,0.084,3.103,0.217,0.479,0.526,22.06,0.213,0.461,119.2,0.527333333,0.533,0.530666667,15.7852,15.678,15.7316
2022-04-23,MLG003,Bakalan Farm,-8.113906,112.653058,420,2,C1,tillering,2,28.3,16.2,82.7,12.4,1,0.611,0.598,0.021,1.095,2.935,0.208,0.484,0.512,0.615,0.599,0.032,0.326,2.293,1.301,3.317,0.214,0.501,0.581,0.09,0.613,0.599,0.027,3.164,0.212,0.494,0.553,23.41,0.422,0.464,132.8,0.535666667,0.565666667,0.553333333,17.2913,17.4045,17.3479
2022-04-30,MLG003,Bakalan Farm,-8.113906,112.653058,420,2,C1,tillering,2,27.1,17.1,81.8,10.8,1,0.585,0.566,0.083,1.078,3.706,0.214,0.505,0.476,0.614,0.568,0.089,0.353,2.241,1.153,3.78,0.221,0.479,0.56,0.098,0.602,0.567,0.087,3.751,0.218,0.489,0.526,22.19,0.383,0.46,140.5,0.522,0.551,0.539,15.8535,16.6394,16.3142
2022-05-07,MLG003,Bakalan Farm,-8.113906,112.653058,420,2,C1,tillering,2,28.2,15.7,80.9,2.9,1,0.612,0.586,0.044,1.059,3.176,0.203,0.498,0.54,0.603,0.591,0.057,0.326,2.58,1.635,3.512,0.219,0.501,0.53,0.088,0.607,0.589,0.051,3.378,0.213,0.5,0.534,22.86,0.099,0.456,147.0,0.55,0.544666667,0.547,17.2584,17.0046,17.1174
2022-05-14,MLG003,Bakalan Farm,-8.113906,112.653058,420,2,C1,tillering,2,27.5,15.1,78.6,0.6,1,0.616,0.605,0.074,1.186,3.233,0.219,0.503,0.586,0.633,0.618,0.049,0.328,2.465,1.42,3.44,0.23,0.538,0.542,0.12,0.626,0.613,0.06,3.357,0.226,0.524,0.56,21.6,0.022,0.442,153.5,0.568333333,0.571,0.57,16.94,17.4075,17.215
2022-05-21,MLG003,Bakalan Farm,-8.113906,112.653058,420,2,C1,tillering,2,27.5,15.2,82.5,0.0,1,0.665,0.649,0.072,1.145,2.889,0.219,0.499,0.61,0.678,0.666,0.057,0.384,1.926,1.381,3.66,0.253,0.548,0.626,0.101,0.673,0.659,0.064,3.352,0.239,0.529,0.62,22.71,0.002,0.458,160.0,0.591333333,0.617333333,0.607333333,18.2875,18.645,18.5075
2022-05-28,MLG003,Bakalan Farm,-8.113906,112.653058,420,2,C1,grand_growth,2,28.3,14.7,81.6,8.0,1,0.686,0.65,0.023,1.17,3.414,0.241,0.548,0.633,0.686,0.638,0.011,0.357,2.073,1.381,3.637,0.251,0.568,0.599,0.107,0.686,0.642,0.016,3.548,0.247,0.56,0.613,23.07,0.272,0.455,166.5,0.622333333,0.617666667,0.619666667,19.4138,19.4138,19.4138
2022-06-04,MLG003,Bakalan Farm,-8.113906,112.653058,420,2,C1,grand_growth,2,29.8,18.2,80.5,0.2,1,0.643,0.619,0.059,1.168,3.041,0.228,0.461,0.573,0.644,0.617,0.054,0.335,2.219,1.379,3.569,0.239,0.513,0.614,0.134,0.644,0.618,0.056,3.358,0.235,0.492,0.597,24.0,0.007,0.466,173.0,0.559,0.590333333,0.577666667,19.1614,19.1912,19.1912
2022-06-11,MLG003,Bakalan Farm,-8.113906,112.653058,420,2,C1,grand_growth,2,28.8,16.4,77.1,5.6,1,0.71,0.703,0.089,1.151,3.539,0.257,0.59,0.608,0.717,0.708,0.087,0.379,2.343,1.08,3.381,0.273,0.582,0.664,0.129,0.715,0.706,0.088,3.444,0.267,0.585,0.642,22.19,0.189,0.444,179.5,0.636,0.654333333,0.647333333,20.448,20.6496,20.592
2022-06-18,MLG003,Bakalan Farm,-8.113906,112.653058,420,2,C1,grand_growth,2,27.8,17.3,84.5,1.4,1,0.693,0.665,0.068,1.168,3.494,0.242,0.536,0.646,0.685,0.668,0.079,0.387,2.517,1.471,3.459,0.247,0.533,0.606,0.121,0.688,0.667,0.074,3.473,0.245,0.534,0.622,23.52,0.05,0.473,186.0,0.625,0.608,0.614666667,19.2654,19.043,19.1264
2022-06-25,MLG003,Bakalan Farm,-8.113906,112.653058,420,2,C1,grand_growth,2,29.7,18.4,77.4,3.8,1,0.716,0.71,0.035,1.114,3.726,0.266,0.585,0.669,0.713,0.721,0.028,0.374,2.283,1.547,3.923,0.252,0.618,0.704,0.123,0.714,0.717,0.031,3.844,0.258,0.605,0.69,22.96,0.123,0.454,192.5,0.656666667,0.678333333,0.669666667,21.2652,21.1761,21.2058
2022-07-02,MLG003,Bakalan Farm,-8.113906,112.653058,420,2,C1,grand_growth,2,29.9,18.2,68.4,0.8,1,0.705,0.696,0.003,1.134,3.447,0.256,0.585,0.592,0.699,0.689,0.0,0.343,2.43,1.295,3.806,0.259,0.549,0.671,0.146,0.702,0.692,0.001,3.662,0.258,0.563,0.64,20.42,0.025,0.418,199.0,0.627333333,0.639666667,0.635,21.0795,20.9001,20.9898
2022-07-09,MLG003,Bakalan Farm,-8.113906,112.653058,420,2,C1,grand_growth,2,27.9,17.3,72.7,3.5,1,0.696,0.688,0.022,1.107,3.228,0.234,0.535,0.649,0.675,0.692,0.026,0.376,2.361,1.318,3.386,0.258,0.566,0.611,0.132,0.683,0.691,0.024,3.323,0.248,0.554,0.626,20.3,0.121,0.427,205.5,0.626666667,0.617333333,0.621,19.4184,18.8325,19.0557
2022-07-16,MLG003,Bakalan Farm,-8.113906,112.653058,420,2,C1,grand_growth,2,28.0,16.2,72.6,1.0,1,0.711,0.7,0.064,1.081,3.7,0.234,0.635,0.627,0.732,0.702,0.067,0.353,2.547,1.439,3.867,0.27,0.603,0.656,0.131,0.724,0.701,0.066,3.8,0.256,0.616,0.644,20.34,0.033,0.423,212.0,0.657666667,0.663666667,0.661333333,19.908,20.496,20.272
2022-07-23,MLG003,Bakalan Farm,-8.113906,112.653058,420,2,C1,grand_growth,2,27.0,17.9,78.5,7.7,1,0.728,0.717,0.068,1.196,3.975,0.243,0.573,0.664,0.709,0.731,0.072,0.387,2.575,1.471,3.128,0.264,0.587,0.631,0.101,0.717,0.725,0.07,3.467,0.255,0.581,0.644,21.21,0.276,0.449,218.5,0.655,0.642333333,0.647333333,19.656,19.143,19.359
2022-07-30,MLG003,Bakalan Farm,-8.113906,112.653058,420,2,C1,grand_growth,2,26.2,20.1,77.4,1.8,1,0.727,0.713,0.084,1.019,3.884,0.261,0.577,0.644,0.727,0.716,0.102,0.364,2.033,1.8,3.905,0.266,0.626,0.688,0.139,0.727,0.714,0.094,3.896,0.264,0.607,0.67,20.26,0.067,0.448,225.0,0.649333333,0.680333333,0.668,19.0474,19.0474,19.0474
2022-08-06,MLG003,Bakalan Farm,-8.113906,112.653058,420,2,C1,grand_growth,2,28.0,18.6,71.9,3.9,1,0.735,0.721,0.093,1.171,3.637,0.261,0.583,0.627,0.744,0.723,0.088,0.378,1.756,1.625,4.007,0.264,0.593,0.713,0.119,0.74,0.722,0.09,3.859,0.263,0.589,0.679,20.12,0.135,0.427,231.5,0.648333333,0.683333333,0.669333333,20.58,20.832,20.72
2022-08-13,MLG003,Bakalan Farm,-8.113906,112.653058,420,2,C1,grand_growth,2,26.5,17.2,67.9,3.8,1,0.74,0.698,0.03,1.108,3.169,0.263,0.587,0.675,0.753,0.706,0.036,0.364,2.52,1.486,4.356,0.279,0.627,0.691,0.139,0.748,0.703,0.033,3.881,0.272,0.611,0.685,17.98,0.138,0.403,238.0,0.667333333,0.690333333,0.681333333,19.61,19.9545,19.822
2022-08-20,MLG003,Bakalan Farm,-8.113906,112.653058,420,2,C1,grand_growth,2,26.4,20.5,72.2,1.0,1,0.754,0.726,0.023,1.239,3.509,0.254,0.655,0.655,0.736,0.718,0.026,0.379,2.761,1.321,3.821,0.282,0.587,0.692,0.107,0.744,0.721,0.025,3.696,0.27,0.614,0.677,19.07,0.035,0.43,244.5,0.688,0.671666667,0.678333333,19.9056,19.4304,19.6416
2022-08-27,MLG003,Bakalan Farm,-8.113906,112.653058,420,2,C1,grand_growth,2,28.0,18.4,67.4,0.6,1,0.774,0.78,0.053,1.254,3.757,0.28,0.635,0.7,0.748,0.786,0.064,0.357,2.163,1.525,3.843,0.261,0.593,0.694,0.147,0.758,0.783,0.059,3.808,0.269,0.61,0.696,18.86,0.022,0.409,251.0,0.703,0.678333333,0.688,21.672,20.944,21.224
2022-09-03,MLG003,Bakalan Farm,-8.113906,112.653058,420,2,C1,grand_growth,2,25.6,18.7,67.7,2.4,1,0.727,0.693,0.109,1.168,3.497,0.252,0.563,0.652,0.732,0.693,0.09,0.394,2.268,1.334,3.575,0.263,0.607,0.692,0.122,0.73,0.693,0.099,3.544,0.258,0.589,0.676,17.34,0.089,0.404,257.5,0.647333333,0.677,0.665,18.6112,18.7392,18.688
2022-09-10,MLG003,Bakalan Farm,-8.113906,112.653058,420,2,C1,grand_growth,2,24.5,17.0,67.2,0.6,1,0.774,0.751,0.051,1.103,3.909,0.288,0.662,0.682,0.789,0.756,0.05,0.4,2.584,1.622,3.707,0.298,0.689,0.744,0.17,0.783,0.754,0.05,3.788,0.294,0.678,0.719,16.46,0.024,0.393,264.0,0.706,0.740666667,0.726666667,18.963,19.3305,19.1835
2022-09-17,MLG003,Bakalan Farm,-8.113906,112.653058,420,2,C1,grand_growth,2,26.4,15.9,70.1,0.1,1,0.737,0.715,0.077,1.105,3.716,0.258,0.584,0.678,0.726,0.707,0.075,0.35,2.617,1.306,3.929,0.262,0.613,0.636,0.153,0.73,0.71,0.076,3.844,0.26,0.601,0.653,18.51,0.003,0.407,270.5,0.666333333,0.658333333,0.661333333,19.4568,19.1664,19.272
2022-09-24,MLG003,Bakalan Farm,-8.113906,112.653058,420,2,C1,grand_growth,2,25.0,17.1,66.0,1.8,1,0.768,0.749,0.034,1.15,4.231,0.277,0.57,0.669,0.786,0.759,0.014,0.409,2.496,1.194,3.799,0.29,0.645,0.696,0.135,0.778,0.755,0.023,3.972,0.284,0.615,0.685,16.48,0.07,0.39,277.0,0.669,0.709,0.692666667,19.2,19.65,19.45
2022-10-01,MLG003,Bakalan Farm,-8.113906,112.653058,420,2,C1,grand_growth,2,23.7,18.9,68.7,0.1,1,0.776,0.788,0.076,1.326,3.596,0.262,0.645,0.698,0.792,0.779,0.086,0.394,2.358,1.437,4.041,0.299,0.64,0.736,0.153,0.786,0.783,0.082,3.863,0.284,0.642,0.721,16.3,0.005,0.402,283.5,0.706333333,0.722666667,0.716333333,18.3912,18.7704,18.6282
2022-10-08,MLG003,Bakalan Farm,-8.113906,112.653058,420,2,C1,grand_growth,2,25.6,20.5,64.1,1.9,1,0.77,0.745,0.068,1.274,3.421,0.262,0.6,0.672,0.747,0.723,0.062,0.387,2.528,1.243,3.455,0.272,0.613,0.707,0.148,0.756,0.732,0.065,3.441,0.268,0.608,0.693,16.39,0.073,0.395,290.0,0.680666667,0.689,0.685666667,19.712,19.1232,19.3536
2022-10-15,MLG003,Bakalan Farm,-8.113906,112.653058,420,2,C1,maturation,2,24.9,17.4,67.1,3.2,1,0.765,0.745,0.009,1.193,3.669,0.272,0.63,0.691,0.745,0.733,0.0,0.394,2.518,1.408,4.377,0.288,0.642,0.7,0.143,0.753,0.737,0.004,4.094,0.282,0.637,0.696,16.67,0.123,0.395,296.5,0.695333333,0.695666667,0.695333333,19.0485,18.5505,18.7497
2022-10-22,MLG003,Bakalan Farm,-8.113906,112.653058,420,2,C1,maturation,2,22.3,16.5,70.1,0.2,1,0.772,0.725,0.065,1.222,3.673,0.279,0.586,0.689,0.781,0.717,0.035,0.37,2.424,1.444,3.883,0.284,0.608,0.721,0.143,0.777,0.72,0.049,3.799,0.282,0.599,0.708,15.63,0.007,0.397,303.0,0.682333333,0.703333333,0.694666667,17.2156,17.4163,17.3271
2022-10-29,MLG003,Bakalan Farm,-8.113906,112.653058,420,2,C1,maturation,2,23.7,19.9,66.3,0.1,1,0.785,0.762,0.002,1.077,3.874,0.273,0.617,0.668,0.776,0.762,0.007,0.388,2.707,1.39,4.194,0.289,0.639,0.732,0.135,0.78,0.762,0.005,4.066,0.282,0.63,0.707,15.68,0.005,0.396,309.5,0.69,0.715666667,0.705666667,18.6045,18.3912,18.486
2022-11-05,MLG003,Bakalan Farm,-8.113906,112.653058,420,2,C1,maturation,2,21.9,19.3,71.4,12.7,1,0.74,0.74,0.063,1.192,3.869,0.282,0.617,0.689,0.737,0.742,0.062,0.406,2.355,1.636,3.439,0.284,0.583,0.695,0.121,0.738,0.741,0.063,3.611,0.283,0.596,0.693,15.65,0.554,0.409,316.0,0.682,0.671666667,0.675666667,16.206,16.1403,16.1622
2022-11-12,MLG003,Bakalan Farm,-8.113906,112.653058,420,2,C1,maturation,2,22.4,17.8,69.8,14.3,1,0.782,0.751,0.046,1.128,3.431,0.283,0.642,0.661,0.779,0.739,0.059,0.384,2.126,1.504,4.032,0.281,0.632,0.699,0.163,0.78,0.744,0.054,3.792,0.281,0.636,0.684,15.59,0.612,0.399,322.5,0.695,0.703333333,0.7,17.5168,17.4496,17.472
2022-11-19,MLG003,Bakalan Farm,-8.113906,112.653058,420,2,C1,maturation,2,22.8,18.7,72.7,4.3,1,0.797,0.787,0.103,1.36,3.531,0.285,0.651,0.741,0.821,0.777,0.093,0.426,2.515,1.187,3.582,0.309,0.694,0.728,0.172,0.812,0.781,0.098,3.562,0.299,0.677,0.733,16.56,0.182,0.415,329.0,0.729666667,0.747666667,0.740666667,18.1716,18.7188,18.5136
2022-11-26,MLG003,Bakalan Farm,-8.113906,112.653058,420,2,C1,maturation,2,22.6,15.8,68.1,2.9,1,0.822,0.787,0.056,1.193,4.055,0.264,0.679,0.694,0.824,0.779,0.051,0.378,2.82,1.331,3.704,0.319,0.683,0.733,0.154,0.823,0.782,0.053,3.844,0.297,0.682,0.717,15.37,0.124,0.388,335.5,0.731666667,0.746666667,0.740666667,18.5772,18.6224,18.5998
2022-12-03,MLG003,Bakalan Farm,-8.113906,112.653058,420,2,C1,maturation,2,21.0,16.9,66.3,15.1,1,0.77,0.754,0.056,1.304,3.997,0.278,0.62,0.653,0.792,0.754,0.051,0.406,2.495,1.331,3.837,0.278,0.651,0.755,0.121,0.783,0.754,0.053,3.901,0.278,0.639,0.714,13.91,0.688,0.379,342.0,0.681,0.732666667,0.712,16.17,16.632,16.443
2022-12-10,MLG003,Bakalan Farm,-8.113906,112.653058,420,2,C1,maturation,2,24.0,16.6,74.4,9.6,1,0.786,0.753,0.055,1.151,3.752,0.289,0.593,0.704,0.791,0.749,0.032,0.384,2.322,1.586,4.019,0.28,0.639,0.717,0.177,0.789,0.751,0.042,3.912,0.284,0.62,0.712,17.84,0.385,0.419,348.5,0.694333333,0.715666667,0.707,18.864,18.984,18.936
2022-12-17,MLG003,Bakalan Farm,-8.113906,112.653058,420,2,C1,maturation,2,22.1,16.9,72.7,7.7,1,0.821,0.804,0.062,1.114,3.834,0.282,0.607,0.799,0.83,0.804,0.056,0.425,2.264,1.484,3.787,0.313,0.66,0.786,0.156,0.827,0.804,0.059,3.806,0.3,0.639,0.791,16.03,0.336,0.408,355.0,0.742333333,0.758666667,0.752333333,18.1441,18.343,18.2767
2022-12-24,MLG003,Bakalan Farm,-8.113906,112.653058,420,2,C1,maturation,2,24.0,18.8,73.8,27.7,1,0.793,0.778,0.089,1.122,3.514,0.271,0.628,0.7,0.799,0.77,0.082,0.394,2.495,1.626,4.15,0.298,0.666,0.741,0.145,0.796,0.773,0.085,3.896,0.287,0.651,0.725,17.73,1.107,0.424,361.5,0.707,0.735333333,0.724,19.032,19.176,19.104
2022-12-31,MLG003,Bakalan Farm,-8.113906,112.653058,420,2,C1,maturation,2,22.6,15.5,74.4,11.2,1,0.83,0.823,0.075,1.258,4.058,0.286,0.675,0.742,0.833,0.815,0.071,0.401,2.725,1.28,4.254,0.294,0.696,0.75,0.167,0.832,0.818,0.073,4.176,0.291,0.688,0.747,16.83,0.475,0.412,367.5,0.749,0.759666667,0.755666667,18.758,18.8258,18.8032
2023-01-07,MLG003,Bakalan Farm,-8.113906,112.653058,420,2,C1,maturation,2,21.8,17.4,76.5,21.1,1,0.772,0.724,0.045,1.144,3.504,0.266,0.606,0.679,0.746,0.726,0.041,0.367,2.674,1.409,3.802,0.282,0.574,0.685,0.148,0.756,0.725,0.043,3.683,0.276,0.587,0.683,16.7,0.926,0.423,373.4,0.685666667,0.668333333,0.675333333,16.8296,16.2628,16.4808
2023-01-14,MLG003,Bakalan Farm,-8.113906,112.653058,420,2,C1,maturation,2,22.2,14.9,82.7,19.9,1,0.855,0.862,0.116,1.315,3.844,0.303,0.727,0.79,0.862,0.86,0.123,0.411,2.634,1.458,4.026,0.311,0.696,0.78,0.191,0.859,0.861,0.12,3.953,0.308,0.709,0.784,18.35,0.858,0.442,378.6,0.790666667,0.779333333,0.784,18.981,19.1364,19.0698
2023-01-21,MLG003,Bakalan Farm,-8.113906,112.653058,420,2,C1,maturation,2,24.4,16.0,76.7,16.5,1,0.813,0.777,0.054,1.146,3.858,0.287,0.618,0.735,0.812,0.776,0.045,0.414,2.801,1.628,4.321,0.289,0.649,0.758,0.176,0.812,0.776,0.049,4.136,0.288,0.637,0.749,18.7,0.651,0.428,383.5,0.722,0.739666667,0.732666667,19.8372,19.8128,19.8128
2023-01-28,MLG003,Bakalan Farm,-8.113906,112.653058,420,2,C1,ripening,2,22.8,14.8,74.6,22.5,1,0.84,0.808,0.125,1.237,3.878,0.304,0.668,0.78,0.829,0.813,0.137,0.394,2.459,1.506,4.074,0.311,0.657,0.762,0.181,0.833,0.811,0.132,3.996,0.308,0.662,0.769,17.05,0.946,0.412,388.3,0.762666667,0.749333333,0.754666667,19.152,18.9012,18.9924
2023-02-04,MLG003,Bakalan Farm,-8.113906,112.653058,420,2,C1,ripening,2,25.5,13.8,79.9,33.9,1,0.831,0.819,0.104,1.296,4.055,0.298,0.659,0.711,0.839,0.826,0.089,0.412,2.776,1.359,3.979,0.322,0.692,0.762,0.16,0.836,0.823,0.096,4.01,0.313,0.679,0.741,20.38,1.279,0.437,393.1,0.733666667,0.764333333,0.752,21.1905,21.3945,21.318
2023-02-11,MLG003,Bakalan Farm,-8.113906,112.653058,420,2,C1,ripening,2,24.5,16.5,77.3,29.6,1,0.801,0.793,0.105,1.205,3.961,0.293,0.636,0.721,0.788,0.791,0.109,0.396,2.374,1.597,3.922,0.312,0.652,0.67,0.13,0.793,0.792,0.107,3.937,0.305,0.646,0.691,18.9,1.164,0.432,397.3,0.719333333,0.703333333,0.71,19.6245,19.306,19.4285
2023-02-18,MLG003,Bakalan Farm,-8.113906,112.653058,420,2,C1,ripening,2,24.1,14.3,80.9,19.0,1,0.79,0.787,0.052,1.267,3.875,0.267,0.6,0.72,0.786,0.785,0.063,0.405,2.26,1.478,3.668,0.298,0.683,0.706,0.146,0.788,0.786,0.058,3.751,0.286,0.65,0.712,19.46,0.759,0.439,400.0,0.703333333,0.725,0.716666667,19.039,18.9426,18.9908
2023-02-25,MLG003,Bakalan Farm,-8.113906,112.653058,420,2,C1,ripening,2,25.0,14.6,82.6,16.2,1,0.806,0.816,0.029,1.275,3.621,0.273,0.685,0.719,0.806,0.819,-0.003,0.429,2.848,1.643,4.06,0.296,0.634,0.765,0.165,0.806,0.818,0.012,3.884,0.287,0.654,0.747,20.64,0.625,0.449,400.0,0.736666667,0.735,0.735666667,20.15,20.15,20.15
2023-03-04,MLG003,Bakalan Farm,-8.113906,112.653058,420,2,C1,ripening,2,26.4,15.3,79.1,10.0,1,0.812,0.797,0.07,1.363,4.035,0.292,0.607,0.741,0.802,0.792,0.072,0.4,2.594,1.618,4.158,0.286,0.717,0.738,0.169,0.806,0.794,0.071,4.109,0.288,0.673,0.739,20.86,0.367,0.441,400.0,0.72,0.752333333,0.739333333,21.4368,21.1728,21.2784
2023-03-11,MLG003,Bakalan Farm,-8.113906,112.653058,420,2,C1,ripening,2,25.7,13.7,76.7,2.7,1,0.77,0.74,0.09,1.229,3.735,0.273,0.607,0.672,0.776,0.737,0.095,0.359,2.468,1.373,3.911,0.294,0.622,0.738,0.118,0.774,0.738,0.093,3.841,0.286,0.616,0.711,19.73,0.1,0.425,400.0,0.683,0.712,0.700333333,19.789,19.9432,19.8918
2023-03-18,MLG003,Bakalan Farm,-8.113906,112.653058,420,2,C1,ripening,2,27.6,13.6,77.6,3.5,1,0.762,0.73,0.111,1.132,3.712,0.269,0.598,0.671,0.761,0.736,0.106,0.419,2.258,1.575,3.393,0.275,0.604,0.678,0.145,0.762,0.733,0.108,3.52,0.273,0.601,0.675,21.4,0.121,0.434,400.0,0.677,0.681,0.679333333,21.0312,21.0036,21.0312
2023-03-25,MLG003,Bakalan Farm,-8.113906,112.653058,420,2,C1,ripening,2,23.4,16.4,79.0,20.7,1,0.771,0.742,0.129,1.155,3.593,0.257,0.579,0.691,0.773,0.737,0.159,0.403,2.43,1.06,4.072,0.31,0.629,0.695,0.146,0.772,0.739,0.145,3.88,0.289,0.609,0.694,18.47,0.848,0.435,400.0,0.680333333,0.699,0.691666667,18.0414,18.0882,18.0648
2023-04-01,MLG003,Bakalan Farm,-8.113906,112.653058,420,2,C1,ripening,2,27.9,15.6,78.1,2.0,1,0.738,0.744,0.089,1.302,3.886,0.26,0.564,0.698,0.748,0.731,0.075,0.357,1.988,1.507,3.486,0.271,0.615,0.685,0.126,0.744,0.736,0.081,3.646,0.267,0.595,0.69,21.81,0.068,0.443,400.0,0.666666667,0.682666667,0.676333333,20.5902,20.8692,20.7576
2022-07-02,MLG003,Bakalan Farm,-8.113906,112.653058,420,2,C2,establishment,2,26.5,15.4,72.9,1.0,1,0.224,0.214,0.059,0.789,2.185,0.071,0.174,0.226,0.252,0.225,0.066,0.228,1.566,0.845,2.538,0.092,0.215,0.252,0.025,0.241,0.221,0.063,2.397,0.084,0.199,0.241,19.35,0.036,0.417,21.7,0.208,0.239666667,0.227,5.936,6.678,6.3865
2022-07-09,MLG003,Bakalan Farm,-8.113906,112.653058,420,2,C2,establishment,2,28.2,17.0,70.5,0.8,1,0.214,0.205,0.092,0.813,2.35,0.09,0.181,0.171,0.221,0.224,0.076,0.17,1.888,0.887,2.185,0.072,0.132,0.174,0.029,0.218,0.216,0.083,2.251,0.079,0.152,0.173,19.88,0.026,0.418,23.4,0.188666667,0.175666667,0.181,6.0348,6.2322,6.1476
2022-07-16,MLG003,Bakalan Farm,-8.113906,112.653058,420,2,C2,establishment,2,25.7,19.0,71.6,0.3,1,0.304,0.291,0.093,0.799,2.335,0.113,0.28,0.273,0.319,0.293,0.089,0.215,1.653,0.927,2.35,0.12,0.292,0.298,0.016,0.313,0.292,0.091,2.344,0.118,0.287,0.288,18.39,0.01,0.421,25.6,0.285666667,0.303,0.296,7.8128,8.1983,8.0441
2022-07-23,MLG003,Bakalan Farm,-8.113906,112.653058,420,2,C2,establishment,2,28.2,19.1,78.2,2.9,1,0.324,0.32,0.089,0.822,2.587,0.114,0.227,0.303,0.345,0.319,0.094,0.269,1.833,1.099,2.523,0.123,0.291,0.322,0.045,0.337,0.319,0.092,2.548,0.119,0.265,0.314,22.05,0.099,0.455,28.4,0.284666667,0.319333333,0.305333333,9.1368,9.729,9.5034
2022-07-30,MLG003,Bakalan Farm,-8.113906,112.653058,420,2,C2,establishment,2,28.2,19.2,73.6,5.6,1,0.353,0.335,0.076,0.889,2.919,0.136,0.279,0.267,0.388,0.329,0.079,0.27,2.247,1.359,2.696,0.153,0.323,0.412,0.064,0.374,0.331,0.078,2.785,0.146,0.306,0.354,20.79,0.193,0.437,31.8,0.299666667,0.374333333,0.344666667,9.9546,10.9416,10.5468
2022-08-06,MLG003,Bakalan Farm,-8.113906,112.653058,420,2,C2,establishment,2,26.2,19.7,69.2,3.7,1,0.347,0.313,0.072,1.02,2.65,0.132,0.246,0.317,0.348,0.325,0.064,0.275,1.856,0.887,2.414,0.124,0.294,0.308,0.025,0.347,0.32,0.067,2.508,0.127,0.275,0.311,18.17,0.135,0.415,35.5,0.303333333,0.316666667,0.311,9.0914,9.1176,9.0914
2022-08-13,MLG003,Bakalan Farm,-8.113906,112.653058,420,2,C2,establishment,2,23.2,17.5,68.7,5.2,1,0.408,0.389,0.096,0.925,3.362,0.15,0.298,0.416,0.417,0.407,0.092,0.272,2.087,1.092,3.187,0.17,0.285,0.4,0.041,0.414,0.4,0.094,3.257,0.162,0.29,0.406,15.93,0.213,0.397,38.2,0.374,0.367333333,0.37,9.4656,9.6744,9.6048
2022-08-20,MLG003,Bakalan Farm,-8.113906,112.653058,420,2,C2,establishment,2,27.5,19.7,72.4,2.7,1,0.434,0.423,0.076,1.056,2.899,0.15,0.346,0.361,0.451,0.409,0.082,0.279,1.731,0.927,2.749,0.164,0.407,0.412,0.071,0.444,0.414,0.08,2.809,0.158,0.382,0.392,19.93,0.093,0.431,43.7,0.380333333,0.423333333,0.406,11.935,12.4025,12.21
2022-08-27,MLG003,Bakalan Farm,-8.113906,112.653058,420,2,C2,establishment,2,28.1,19.0,72.7,1.4,1,0.454,0.452,0.059,1.005,2.99,0.155,0.379,0.403,0.489,0.446,0.067,0.275,1.928,0.921,3.171,0.176,0.428,0.458,0.074,0.475,0.448,0.063,3.098,0.168,0.408,0.436,20.42,0.048,0.432,48.8,0.412,0.458333333,0.439666667,12.7574,13.7409,13.3475
2022-09-03,MLG003,Bakalan Farm,-8.113906,112.653058,420,2,C2,tillering,2,26.5,18.5,66.9,2.3,1,0.457,0.461,0.038,0.826,2.654,0.153,0.4,0.37,0.442,0.471,0.031,0.279,1.932,1.445,2.615,0.166,0.4,0.399,0.049,0.448,0.467,0.034,2.63,0.161,0.4,0.387,17.73,0.084,0.403,55.1,0.409,0.413666667,0.411666667,12.1105,11.713,11.872
2022-09-10,MLG003,Bakalan Farm,-8.113906,112.653058,420,2,C2,tillering,2,26.9,17.9,70.3,2.2,1,0.54,0.537,0.054,0.978,3.963,0.181,0.442,0.499,0.554,0.558,0.055,0.312,2.475,1.233,3.469,0.206,0.477,0.524,0.082,0.548,0.549,0.055,3.667,0.196,0.463,0.514,18.92,0.079,0.415,61.2,0.493666667,0.518333333,0.508333333,14.526,14.9026,14.7412
2022-09-17,MLG003,Bakalan Farm,-8.113906,112.653058,420,2,C2,tillering,2,23.7,18.4,62.7,1.2,1,0.554,0.552,0.067,1.115,3.309,0.191,0.44,0.477,0.562,0.536,0.083,0.298,2.206,1.311,3.565,0.195,0.453,0.528,0.117,0.559,0.542,0.076,3.463,0.193,0.448,0.508,14.85,0.048,0.377,67.6,0.490333333,0.514333333,0.505,13.1298,13.3194,13.2483
2022-09-24,MLG003,Bakalan Farm,-8.113906,112.653058,420,2,C2,tillering,2,24.9,20.8,72.4,0.6,1,0.606,0.575,0.012,1.132,3.511,0.207,0.528,0.536,0.607,0.575,0.008,0.358,2.02,1.194,3.102,0.24,0.49,0.543,0.097,0.607,0.575,0.01,3.266,0.227,0.505,0.541,18.05,0.022,0.427,76.4,0.556666667,0.546666667,0.551,15.0894,15.1143,15.1143
2022-10-01,MLG003,Bakalan Farm,-8.113906,112.653058,420,2,C2,tillering,2,25.2,17.6,63.8,0.6,1,0.615,0.592,0.07,1.046,3.009,0.222,0.563,0.567,0.614,0.588,0.099,0.341,2.084,1.305,3.473,0.231,0.541,0.59,0.106,0.615,0.589,0.086,3.288,0.227,0.55,0.581,16.07,0.022,0.384,84.9,0.581666667,0.581666667,0.582,15.498,15.4728,15.498
2022-10-08,MLG003,Bakalan Farm,-8.113906,112.653058,420,2,C2,tillering,2,24.9,17.5,68.3,2.1,1,0.614,0.608,0.061,1.05,3.312,0.204,0.507,0.5,0.634,0.615,0.063,0.331,2.257,1.068,3.681,0.233,0.558,0.591,0.112,0.626,0.612,0.062,3.533,0.221,0.538,0.554,16.98,0.08,0.4,94.6,0.540333333,0.594333333,0.572666667,15.2886,15.7866,15.5874
2022-10-15,MLG003,Bakalan Farm,-8.113906,112.653058,420,2,C2,tillering,2,23.3,17.3,63.5,0.1,1,0.608,0.584,0.042,1.09,4.015,0.209,0.466,0.543,0.635,0.6,0.071,0.344,2.391,1.178,3.391,0.226,0.533,0.585,0.112,0.624,0.594,0.058,3.64,0.219,0.506,0.568,14.77,0.005,0.376,102.7,0.539,0.584333333,0.566,14.1664,14.7955,14.5392
2022-10-22,MLG003,Bakalan Farm,-8.113906,112.653058,420,2,C2,tillering,2,25.5,15.8,67.4,8.4,1,0.623,0.578,0.078,1.085,3.527,0.238,0.508,0.585,0.649,0.583,0.065,0.314,2.354,1.289,3.838,0.236,0.532,0.574,0.107,0.639,0.581,0.071,3.714,0.237,0.522,0.578,17.18,0.319,0.393,113.8,0.572,0.585,0.579666667,15.8865,16.5495,16.2945
2022-10-29,MLG003,Bakalan Farm,-8.113906,112.653058,420,2,C2,tillering,2,23.5,18.1,59.1,2.1,1,0.609,0.592,0.057,1.053,4.109,0.212,0.469,0.529,0.619,0.606,0.074,0.321,2.086,1.506,3.958,0.228,0.538,0.54,0.092,0.615,0.601,0.066,4.018,0.221,0.51,0.536,13.91,0.086,0.362,122.8,0.535666667,0.565666667,0.553666667,14.3115,14.5465,14.4525
2022-11-05,MLG003,Bakalan Farm,-8.113906,112.653058,420,2,C2,tillering,2,23.9,18.4,73.7,29.9,1,0.623,0.626,0.143,1.128,3.395,0.213,0.457,0.569,0.64,0.646,0.137,0.349,2.491,1.511,3.336,0.234,0.511,0.571,0.132,0.633,0.638,0.139,3.359,0.226,0.49,0.57,17.62,1.201,0.422,138.3,0.549666667,0.574,0.564333333,14.8897,15.296,15.1287
2022-11-12,MLG003,Bakalan Farm,-8.113906,112.653058,420,2,C2,tillering,2,23.4,16.4,72.8,17.4,1,0.651,0.622,0.082,1.293,3.181,0.235,0.513,0.592,0.67,0.605,0.069,0.373,2.323,1.402,3.753,0.241,0.576,0.633,0.121,0.662,0.612,0.075,3.524,0.238,0.551,0.616,17.04,0.713,0.411,153.4,0.585333333,0.626333333,0.609666667,15.2334,15.678,15.4908
2022-11-19,MLG003,Bakalan Farm,-8.113906,112.653058,420,2,C2,tillering,2,25.0,17.7,62.6,18.7,1,0.721,0.709,0.129,1.143,3.922,0.247,0.586,0.634,0.754,0.707,0.113,0.386,2.513,1.45,3.609,0.287,0.65,0.661,0.125,0.741,0.708,0.12,3.734,0.271,0.625,0.65,15.68,0.719,0.379,160.0,0.647,0.688333333,0.672,18.025,18.85,18.525
2022-11-26,MLG003,Bakalan Farm,-8.113906,112.653058,420,2,C2,grand_growth,2,23.1,17.9,69.4,11.7,1,0.718,0.681,0.087,1.127,3.738,0.234,0.536,0.658,0.714,0.678,0.115,0.373,2.537,1.3,3.363,0.263,0.548,0.643,0.132,0.715,0.679,0.102,3.513,0.252,0.543,0.649,16.07,0.487,0.401,166.5,0.637333333,0.635,0.635666667,16.5858,16.4934,16.5165
2022-12-03,MLG003,Bakalan Farm,-8.113906,112.653058,420,2,C2,grand_growth,2,23.4,16.7,70.6,3.3,1,0.713,0.721,0.062,1.281,3.699,0.251,0.552,0.582,0.737,0.72,0.083,0.359,2.87,1.399,3.59,0.271,0.608,0.676,0.126,0.727,0.72,0.074,3.633,0.263,0.586,0.639,16.53,0.134,0.403,173.0,0.615666667,0.673666667,0.650666667,16.6842,17.2458,17.0118
2022-12-10,MLG003,Bakalan Farm,-8.113906,112.653058,420,2,C2,grand_growth,2,22.2,17.0,68.6,1.4,1,0.696,0.676,0.029,1.237,3.686,0.266,0.545,0.619,0.718,0.68,0.015,0.383,2.441,1.149,3.549,0.267,0.625,0.675,0.121,0.709,0.679,0.021,3.604,0.267,0.593,0.652,15.25,0.061,0.392,179.5,0.62,0.672666667,0.651333333,15.4512,15.9396,15.7398
2022-12-17,MLG003,Bakalan Farm,-8.113906,112.653058,420,2,C2,grand_growth,2,24.3,15.3,68.7,12.9,1,0.699,0.696,0.078,1.142,3.659,0.246,0.562,0.596,0.688,0.704,0.087,0.369,2.209,1.503,3.535,0.265,0.546,0.623,0.12,0.693,0.701,0.083,3.585,0.258,0.552,0.612,16.71,0.511,0.394,186.0,0.619,0.619,0.619,16.9857,16.7184,16.8399
2022-12-24,MLG003,Bakalan Farm,-8.113906,112.653058,420,2,C2,grand_growth,2,23.5,17.4,74.3,14.5,1,0.782,0.758,0.054,1.248,3.457,0.263,0.582,0.684,0.776,0.745,0.05,0.344,2.529,1.392,3.77,0.292,0.645,0.701,0.151,0.778,0.75,0.052,3.645,0.28,0.62,0.694,17.46,0.592,0.42,192.5,0.682666667,0.707333333,0.697333333,18.377,18.236,18.283
2022-12-31,MLG003,Bakalan Farm,-8.113906,112.653058,420,2,C2,grand_growth,2,22.5,17.8,67.9,9.3,1,0.763,0.759,0.048,1.221,3.495,0.251,0.616,0.678,0.754,0.772,0.035,0.387,2.621,1.416,3.628,0.281,0.63,0.711,0.167,0.758,0.767,0.041,3.575,0.269,0.624,0.698,15.29,0.396,0.393,199.0,0.685666667,0.698333333,0.693333333,17.1675,16.965,17.055
2023-01-07,MLG003,Bakalan Farm,-8.113906,112.653058,420,2,C2,grand_growth,2,23.8,15.0,77.0,13.9,1,0.739,0.727,0.049,1.166,3.651,0.243,0.559,0.648,0.767,0.719,0.048,0.368,2.265,1.251,4.015,0.273,0.652,0.715,0.141,0.756,0.722,0.048,3.87,0.261,0.615,0.688,18.32,0.559,0.424,205.5,0.648666667,0.711333333,0.686333333,17.5882,18.2546,17.9928
2023-01-14,MLG003,Bakalan Farm,-8.113906,112.653058,420,2,C2,grand_growth,2,27.5,16.5,79.7,6.3,1,0.741,0.745,0.063,1.405,3.567,0.289,0.606,0.688,0.771,0.737,0.077,0.384,2.456,1.484,4.002,0.29,0.618,0.712,0.108,0.759,0.74,0.071,3.828,0.289,0.613,0.702,21.88,0.22,0.451,212.0,0.678333333,0.700333333,0.691333333,20.3775,21.2025,20.8725
2023-01-21,MLG003,Bakalan Farm,-8.113906,112.653058,420,2,C2,grand_growth,2,25.9,16.1,77.5,4.1,1,0.77,0.763,0.091,1.227,3.776,0.277,0.614,0.676,0.781,0.752,0.089,0.366,2.327,1.404,3.642,0.298,0.666,0.745,0.143,0.777,0.756,0.09,3.696,0.289,0.645,0.717,20.1,0.152,0.436,218.5,0.686666667,0.730666667,0.713,19.943,20.2279,20.1243
2023-01-28,MLG003,Bakalan Farm,-8.113906,112.653058,420,2,C2,grand_growth,2,25.0,15.6,80.2,15.9,1,0.761,0.758,0.1,1.153,3.637,0.256,0.653,0.709,0.754,0.765,0.104,0.37,2.43,1.583,4.046,0.298,0.621,0.689,0.147,0.757,0.762,0.102,3.882,0.281,0.633,0.697,20.08,0.612,0.443,225.0,0.707666667,0.688,0.695666667,19.025,18.85,18.925
2023-02-04,MLG003,Bakalan Farm,-8.113906,112.653058,420,2,C2,grand_growth,2,23.9,14.3,71.8,10.4,1,0.772,0.753,0.135,1.097,4.402,0.284,0.645,0.731,0.783,0.735,0.143,0.365,2.334,1.472,3.666,0.297,0.637,0.729,0.146,0.779,0.742,0.14,3.96,0.292,0.64,0.73,17.14,0.418,0.402,231.5,0.716,0.716333333,0.716333333,18.4508,18.7137,18.6181
2023-02-11,MLG003,Bakalan Farm,-8.113906,112.653058,420,2,C2,grand_growth,2,23.6,13.2,73.2,7.7,1,0.818,0.808,0.068,1.212,4.043,0.284,0.664,0.758,0.834,0.82,0.076,0.393,2.084,1.565,4.09,0.324,0.681,0.774,0.17,0.828,0.815,0.072,4.071,0.308,0.674,0.768,17.31,0.314,0.403,238.0,0.746666667,0.763,0.756666667,19.3048,19.6824,19.5408
2023-02-18,MLG003,Bakalan Farm,-8.113906,112.653058,420,2,C2,grand_growth,2,25.9,14.1,76.9,22.7,1,0.734,0.718,0.076,1.213,3.554,0.247,0.626,0.662,0.751,0.72,0.083,0.356,2.657,1.583,3.799,0.28,0.641,0.684,0.114,0.744,0.719,0.079,3.701,0.267,0.635,0.675,19.89,0.846,0.428,244.5,0.674,0.692,0.684666667,19.0106,19.4509,19.2696
2023-02-25,MLG003,Bakalan Farm,-8.113906,112.653058,420,2,C2,grand_growth,2,25.1,14.7,76.2,26.3,1,0.791,0.753,0.125,1.158,3.545,0.294,0.67,0.715,0.776,0.773,0.122,0.397,2.614,1.182,3.713,0.287,0.64,0.688,0.149,0.782,0.765,0.123,3.646,0.29,0.652,0.699,19.14,1.007,0.424,251.0,0.725333333,0.701333333,0.711,19.8541,19.4776,19.6282
2023-03-04,MLG003,Bakalan Farm,-8.113906,112.653058,420,2,C2,grand_growth,2,28.0,14.9,82.8,5.3,1,0.76,0.776,0.031,1.406,3.829,0.26,0.537,0.703,0.742,0.78,0.06,0.357,2.538,1.32,4.06,0.275,0.608,0.707,0.145,0.749,0.779,0.047,3.968,0.269,0.58,0.705,23.15,0.184,0.46,257.5,0.666666667,0.685666667,0.678,21.28,20.776,20.972
2023-03-11,MLG003,Bakalan Farm,-8.113906,112.653058,420,2,C2,grand_growth,2,28.2,12.6,78.0,24.3,1,0.792,0.782,0.13,1.351,3.863,0.273,0.665,0.697,0.773,0.791,0.15,0.374,2.82,1.56,3.972,0.282,0.659,0.681,0.138,0.78,0.788,0.141,3.929,0.278,0.661,0.687,21.97,0.835,0.434,264.0,0.718,0.704333333,0.709333333,22.3344,21.7986,21.996
2023-03-18,MLG003,Bakalan Farm,-8.113906,112.653058,420,2,C2,grand_growth,2,24.5,16.4,84.7,13.2,1,0.8,0.777,0.057,1.081,4.148,0.29,0.727,0.711,0.795,0.76,0.072,0.413,2.764,1.357,4.104,0.29,0.685,0.742,0.125,0.797,0.767,0.065,4.122,0.29,0.702,0.73,20.76,0.519,0.461,270.5,0.746,0.740666667,0.743,19.6,19.4775,19.5265
2023-03-25,MLG003,Bakalan Farm,-8.113906,112.653058,420,2,C2,grand_growth,2,23.8,13.5,84.2,5.9,1,0.806,0.79,0.072,1.144,3.836,0.296,0.639,0.737,0.817,0.799,0.076,0.423,2.581,1.615,4.097,0.294,0.64,0.744,0.177,0.812,0.795,0.074,3.992,0.295,0.64,0.741,20.01,0.24,0.448,277.0,0.727333333,0.733666667,0.731,19.1828,19.4446,19.3256
2023-04-01,MLG003,Bakalan Farm,-8.113906,112.653058,420,2,C2,grand_growth,2,27.8,14.0,83.3,3.9,1,0.775,0.75,0.088,1.233,3.604,0.266,0.608,0.702,0.762,0.761,0.07,0.352,2.613,1.397,3.853,0.287,0.607,0.704,0.15,0.768,0.756,0.078,3.753,0.279,0.607,0.703,23.12,0.136,0.458,283.5,0.695,0.691,0.692666667,21.545,21.1836,21.3504
2023-04-08,MLG003,Bakalan Farm,-8.113906,112.653058,420,2,C2,grand_growth,2,26.8,15.1,75.8,6.8,1,0.78,0.783,0.079,1.115,3.714,0.273,0.558,0.707,0.768,0.79,0.062,0.393,2.68,1.614,3.976,0.283,0.592,0.697,0.139,0.773,0.788,0.07,3.871,0.279,0.578,0.701,20.27,0.245,0.428,290.0,0.681666667,0.685666667,0.684,20.904,20.5824,20.7164
2023-04-15,MLG003,Bakalan Farm,-8.113906,112.653058,420,2,C2,maturation,2,25.5,15.8,85.8,8.6,1,0.838,0.854,0.073,1.239,3.784,0.308,0.631,0.732,0.847,0.853,0.087,0.39,2.503,1.519,3.803,0.32,0.692,0.776,0.149,0.843,0.853,0.081,3.795,0.316,0.668,0.759,21.89,0.325,0.467,296.5,0.733666667,0.771666667,0.756666667,21.369,21.5985,21.4965
2023-04-22,MLG003,Bakalan Farm,-8.113906,112.653058,420,2,C2,maturation,2,26.1,16.1,85.8,12.0,1,0.833,0.813,0.06,1.306,3.943,0.29,0.658,0.779,0.831,0.826,0.063,0.404,2.341,1.508,4.154,0.305,0.703,0.756,0.156,0.832,0.821,0.061,4.069,0.299,0.685,0.765,22.35,0.443,0.47,303.0,0.756666667,0.763333333,0.760666667,21.7413,21.6891,21.7152
2023-04-29,MLG003,Bakalan Farm,-8.113906,112.653058,420,2,C2,maturation,2,27.9,15.1,85.5,14.3,1,0.838,0.838,0.053,1.307,4.045,0.278,0.715,0.725,0.823,0.809,0.06,0.375,2.384,1.649,4.053,0.3,0.635,0.755,0.169,0.829,0.821,0.057,4.05,0.291,0.667,0.743,23.85,0.494,0.471,309.5,0.759333333,0.737666667,0.746333333,23.3802,22.9617,23.1291
2023-05-06,MLG003,Bakalan Farm,-8.113906,112.653058,420,2,C2,maturation,2,30.5,15.4,83.9,6.6,1,0.821,0.809,0.063,1.197,3.055,0.277,0.673,0.746,0.84,0.812,0.074,0.429,2.512,1.544,3.325,0.306,0.673,0.771,0.146,0.832,0.811,0.069,3.217,0.294,0.673,0.761,25.6,0.209,0.473,316.0,0.746666667,0.761333333,0.755333333,25.0405,25.62,25.376
2023-05-13,MLG003,Bakalan Farm,-8.113906,112.653058,420,2,C2,maturation,2,27.2,14.5,84.0,0.7,1,0.83,0.833,0.041,1.24,3.653,0.288,0.671,0.742,0.833,0.843,0.046,0.388,2.482,1.452,4.162,0.309,0.711,0.751,0.155,0.832,0.839,0.044,3.958,0.301,0.695,0.748,22.85,0.023,0.461,322.5,0.747666667,0.765,0.758333333,22.576,22.6576,22.6304
2023-05-20,MLG003,Bakalan Farm,-8.113906,112.653058,420,2,C2,maturation,2,28.1,14.3,78.4,2.0,1,0.852,0.828,0.052,1.255,3.867,0.314,0.684,0.776,0.826,0.836,0.094,0.436,2.404,1.869,4.021,0.308,0.671,0.754,0.123,0.836,0.833,0.075,3.959,0.311,0.676,0.763,22.02,0.07,0.441,329.0,0.770666667,0.750333333,0.758333333,23.9412,23.2106,23.4916
2023-05-27,MLG003,Bakalan Farm,-8.113906,112.653058,420,2,C2,maturation,2,27.6,17.3,79.7,0.3,1,0.875,0.866,0.046,1.29,4.047,0.298,0.706,0.804,0.881,0.861,0.042,0.441,2.337,1.458,3.765,0.326,0.744,0.837,0.193,0.878,0.863,0.044,3.877,0.315,0.729,0.824,22.03,0.009,0.454,335.5,0.795,0.820666667,0.810333333,24.15,24.3156,24.2328
2023-06-03,MLG003,Bakalan Farm,-8.113906,112.653058,420,2,C2,maturation,2,29.0,16.6,77.4,2.4,1,0.859,0.793,0.012,1.139,3.514,0.32,0.649,0.747,0.85,0.819,0.011,0.438,2.556,1.253,4.465,0.318,0.694,0.818,0.157,0.854,0.808,0.011,4.084,0.319,0.676,0.789,22.48,0.08,0.447,342.0,0.751666667,0.787333333,0.773,24.911,24.65,24.766
2023-06-10,MLG003,Bakalan Farm,-8.113906,112.653058,420,2,C2,maturation,2,28.2,15.5,79.5,3.5,1,0.867,0.836,0.046,1.209,4.315,0.288,0.741,0.812,0.858,0.832,0.035,0.429,2.812,1.736,3.994,0.327,0.733,0.785,0.164,0.861,0.833,0.04,4.122,0.311,0.736,0.796,22.39,0.12,0.449,348.5,0.806666667,0.792,0.797666667,24.4494,24.1956,24.2802
2023-06-17,MLG003,Bakalan Farm,-8.113906,112.653058,420,2,C2,maturation,2,29.7,17.7,83.2,2.1,1,0.874,0.889,0.036,1.283,3.679,0.309,0.726,0.763,0.896,0.884,0.028,0.456,2.45,1.385,4.394,0.33,0.765,0.841,0.148,0.887,0.886,0.031,4.108,0.322,0.749,0.81,24.68,0.069,0.475,355.0,0.787666667,0.834,0.815333333,25.9578,26.6112,26.3439
2023-06-24,MLG003,Bakalan Farm,-8.113906,112.653058,420,2,C2,maturation,2,30.5,16.8,80.0,0.8,1,0.876,0.875,0.079,1.266,3.828,0.292,0.72,0.778,0.876,0.892,0.087,0.433,2.718,1.789,3.749,0.32,0.713,0.787,0.165,0.876,0.885,0.083,3.78,0.308,0.716,0.783,24.4,0.027,0.462,361.2,0.791333333,0.792,0.791666667,26.718,26.718,26.718
2023-07-01,MLG003,Bakalan Farm,-8.113906,112.653058,420,2,C2,maturation,2,29.5,18.5,75.7,9.7,1,0.888,0.882,-0.004,1.347,3.938,0.315,0.675,0.81,0.9,0.883,-0.015,0.422,2.695,1.685,4.309,0.333,0.743,0.827,0.169,0.895,0.883,-0.01,4.161,0.326,0.716,0.82,22.31,0.318,0.447,368.0,0.791,0.823333333,0.810333333,26.196,26.55,26.4025
2023-07-08,MLG003,Bakalan Farm,-8.113906,112.653058,420,2,C2,maturation,2,28.6,19.0,77.2,2.9,1,0.888,0.881,0.027,1.304,4.122,0.295,0.723,0.775,0.88,0.876,0.027,0.401,2.727,1.606,4.645,0.328,0.736,0.792,0.152,0.883,0.878,0.027,4.435,0.315,0.731,0.785,22.06,0.097,0.452,374.5,0.795333333,0.802666667,0.799666667,25.3968,25.168,25.2538
2023-07-15,MLG003,Bakalan Farm,-8.113906,112.653058,420,2,C2,maturation,2,26.7,18.4,78.9,6.0,1,0.9,0.879,0.059,1.275,3.655,0.315,0.753,0.778,0.9,0.891,0.065,0.443,2.543,1.606,4.104,0.333,0.741,0.866,0.183,0.9,0.887,0.062,3.925,0.326,0.746,0.83,21.07,0.217,0.451,380.3,0.810333333,0.835666667,0.825333333,24.03,24.03,24.03
2023-07-22,MLG003,Bakalan Farm,-8.113906,112.653058,420,2,C2,maturation,2,27.7,16.5,77.8,4.5,1,0.88,0.856,0.037,1.394,4.043,0.305,0.705,0.798,0.874,0.842,0.057,0.446,2.624,1.712,4.626,0.319,0.689,0.817,0.146,0.876,0.848,0.048,4.393,0.314,0.695,0.809,21.56,0.157,0.444,385.2,0.794333333,0.793333333,0.793333333,24.376,24.2098,24.2652
2023-07-29,MLG003,Bakalan Farm,-8.113906,112.653058,420,2,C2,ripening,2,27.3,19.0,79.2,0.6,1,0.87,0.845,0.068,1.214,3.967,0.318,0.699,0.812,0.874,0.84,0.07,0.438,2.168,1.653,3.913,0.314,0.73,0.831,0.172,0.872,0.842,0.069,3.934,0.315,0.718,0.823,21.64,0.022,0.456,389.1,0.793666667,0.811666667,0.804333333,23.751,23.8602,23.8056
2023-08-05,MLG003,Bakalan Farm,-8.113906,112.653058,420,2,C2,ripening,2,26.4,20.4,68.0,4.9,1,0.889,0.87,0.159,1.356,4.229,0.329,0.714,0.784,0.9,0.884,0.161,0.47,2.563,1.74,4.599,0.334,0.749,0.849,0.17,0.896,0.879,0.16,4.451,0.332,0.735,0.823,17.93,0.178,0.412,392.9,0.795666667,0.832666667,0.818,23.4696,23.76,23.6544
2023-08-12,MLG003,Bakalan Farm,-8.113906,112.653058,420,2,C2,ripening,2,28.6,18.8,76.2,5.0,1,0.874,0.883,0.053,1.409,3.971,0.307,0.707,0.839,0.86,0.888,0.054,0.42,2.649,1.726,4.241,0.328,0.699,0.79,0.15,0.865,0.886,0.054,4.133,0.32,0.702,0.81,21.85,0.17,0.447,397.5,0.806666667,0.783,0.792333333,24.9964,24.596,24.739
2023-08-19,MLG003,Bakalan Farm,-8.113906,112.653058,420,2,C2,ripening,2,26.7,16.3,67.6,3.7,1,0.874,0.855,0.1,1.256,4.206,0.306,0.666,0.751,0.868,0.865,0.071,0.431,2.591,1.316,3.931,0.315,0.713,0.828,0.183,0.871,0.861,0.084,4.041,0.311,0.694,0.797,18.04,0.135,0.399,400.0,0.763666667,0.803,0.787333333,23.3358,23.1756,23.2557
2023-08-26,MLG003,Bakalan Farm,-8.113906,112.653058,420,2,C2,ripening,2,25.8,15.7,72.2,0.0,1,0.797,0.775,0.036,1.182,3.639,0.293,0.653,0.731,0.817,0.784,0.058,0.418,2.522,1.429,3.783,0.309,0.667,0.725,0.123,0.809,0.781,0.048,3.725,0.303,0.662,0.727,18.64,0.0,0.414,400.0,0.727,0.736333333,0.732666667,20.5626,21.0786,20.8722
2023-09-02,MLG003,Bakalan Farm,-8.113906,112.653058,420,2,C2,ripening,2,24.6,20.3,63.9,0.6,1,0.866,0.883,0.038,1.292,3.846,0.303,0.732,0.744,0.881,0.881,0.058,0.455,2.475,1.564,4.389,0.334,0.66,0.828,0.195,0.875,0.881,0.049,4.172,0.321,0.689,0.795,15.74,0.022,0.39,400.0,0.780666667,0.789666667,0.786333333,21.3036,21.6726,21.525
2023-09-09,MLG003,Bakalan Farm,-8.113906,112.653058,420,2,C2,ripening,2,26.9,20.7,67.9,2.4,1,0.82,0.795,0.06,1.407,3.578,0.293,0.665,0.775,0.85,0.785,0.051,0.407,2.423,1.49,4.165,0.308,0.679,0.766,0.17,0.838,0.789,0.055,3.931,0.302,0.673,0.769,18.24,0.086,0.414,400.0,0.753333333,0.765,0.76,22.058,22.865,22.5422
2023-09-16,MLG003,Bakalan Farm,-8.113906,112.653058,420,2,C2,ripening,2,25.4,19.1,66.5,0.0,1,0.841,0.822,0.131,1.335,4.452,0.304,0.678,0.742,0.831,0.833,0.135,0.423,2.661,1.585,3.91,0.316,0.677,0.767,0.169,0.835,0.829,0.134,4.127,0.311,0.677,0.757,16.89,0.001,0.399,400.0,0.753666667,0.758333333,0.756333333,21.3614,21.1074,21.209
2023-09-23,MLG003,Bakalan Farm,-8.113906,112.653058,420,2,C2,ripening,2,23.5,19.0,73.8,1.4,1,0.823,0.811,0.053,1.224,3.548,0.286,0.688,0.74,0.837,0.829,0.044,0.419,2.705,1.397,4.088,0.325,0.678,0.791,0.157,0.831,0.822,0.048,3.872,0.309,0.682,0.771,17.31,0.059,0.422,400.0,0.750333333,0.768666667,0.761333333,19.3405,19.6695,19.5285
2023-09-30,MLG003,Bakalan Farm,-8.113906,112.653058,420,2,C2,ripening,2,23.7,16.4,68.5,0.6,1,0.782,0.749,0.049,1.263,3.296,0.267,0.702,0.712,0.76,0.735,0.053,0.388,2.294,1.789,4.482,0.279,0.645,0.718,0.156,0.769,0.741,0.051,4.008,0.274,0.668,0.715,16.2,0.026,0.394,400.0,0.732,0.707666667,0.717333333,18.5334,18.012,18.2253
2022-12-31,MLG003,Bakalan Farm,-8.113906,112.653058,420,2,C3,establishment,2,26.0,16.6,68.9,4.5,1,0.192,0.164,0.076,0.788,2.283,0.082,0.153,0.136,0.193,0.175,0.047,0.186,1.847,1.291,2.544,0.073,0.172,0.14,-0.017,0.193,0.171,0.06,2.439,0.076,0.164,0.138,17.94,0.168,0.403,27.0,0.160333333,0.168333333,0.165,4.992,5.018,5.018
2023-01-07,MLG003,Bakalan Farm,-8.113906,112.653058,420,2,C3,establishment,2,23.8,14.8,74.2,16.7,1,0.212,0.208,0.08,0.819,2.525,0.08,0.164,0.18,0.215,0.194,0.101,0.206,1.792,0.813,2.334,0.08,0.165,0.219,-0.013,0.214,0.2,0.092,2.41,0.08,0.165,0.203,17.62,0.675,0.412,28.5,0.185333333,0.199666667,0.194,5.0456,5.117,5.0932
2023-01-14,MLG003,Bakalan Farm,-8.113906,112.653058,420,2,C3,establishment,2,25.1,16.4,78.2,33.1,1,0.254,0.262,0.141,0.774,1.964,0.086,0.218,0.245,0.241,0.256,0.097,0.211,1.446,0.872,2.15,0.094,0.207,0.207,0.012,0.246,0.258,0.117,2.075,0.091,0.211,0.222,19.6,1.269,0.437,31.1,0.239,0.218333333,0.226333333,6.3754,6.0491,6.1746
2023-01-21,MLG003,Bakalan Farm,-8.113906,112.653058,420,2,C3,establishment,2,24.3,15.9,75.2,31.3,1,0.317,0.291,0.085,0.811,3.191,0.108,0.251,0.331,0.316,0.291,0.065,0.27,1.728,0.99,1.75,0.116,0.257,0.283,0.003,0.316,0.291,0.074,2.326,0.112,0.255,0.302,18.25,1.24,0.421,34.1,0.299666667,0.285333333,0.291,7.7031,7.6788,7.6788
2023-01-28,MLG003,Bakalan Farm,-8.113906,112.653058,420,2,C3,establishment,2,21.8,15.3,74.6,15.2,1,0.303,0.293,0.06,0.789,2.822,0.118,0.276,0.288,0.313,0.278,0.052,0.215,1.89,1.13,2.492,0.096,0.288,0.27,0.016,0.309,0.284,0.055,2.624,0.105,0.283,0.277,16.25,0.665,0.41,37.0,0.289,0.290333333,0.289666667,6.6054,6.8234,6.7362
2023-02-04,MLG003,Bakalan Farm,-8.113906,112.653058,420,2,C3,establishment,2,23.9,15.6,79.4,21.8,1,0.374,0.361,0.163,1.003,3.024,0.136,0.35,0.361,0.4,0.376,0.175,0.273,1.934,1.404,2.828,0.14,0.339,0.366,0.036,0.39,0.37,0.17,2.907,0.138,0.344,0.364,19.02,0.875,0.436,40.7,0.361666667,0.368333333,0.366,8.9386,9.56,9.321
2023-02-11,MLG003,Bakalan Farm,-8.113906,112.653058,420,2,C3,establishment,2,24.8,14.7,79.3,13.8,1,0.345,0.33,0.097,0.859,2.546,0.127,0.274,0.354,0.359,0.338,0.099,0.283,1.819,0.887,2.682,0.131,0.291,0.37,0.028,0.353,0.335,0.098,2.627,0.129,0.284,0.364,19.7,0.534,0.436,44.6,0.324333333,0.34,0.333666667,8.556,8.9032,8.7544
2023-02-18,MLG003,Bakalan Farm,-8.113906,112.653058,420,2,C3,establishment,2,22.9,13.9,79.6,2.0,1,0.427,0.396,0.062,0.84,3.181,0.163,0.392,0.346,0.421,0.391,0.054,0.283,2.068,0.982,2.807,0.155,0.341,0.372,0.039,0.423,0.393,0.057,2.957,0.158,0.361,0.362,18.22,0.084,0.429,48.2,0.388333333,0.378,0.382,9.7783,9.6409,9.6867
2023-02-25,MLG003,Bakalan Farm,-8.113906,112.653058,420,2,C3,establishment,2,23.5,15.6,80.8,21.6,1,0.428,0.401,0.096,0.938,2.683,0.146,0.323,0.414,0.422,0.4,0.065,0.254,2.133,1.193,2.991,0.156,0.352,0.417,0.042,0.424,0.4,0.079,2.868,0.152,0.341,0.416,19.01,0.88,0.441,54.8,0.388333333,0.397,0.393666667,10.058,9.917,9.964
2023-03-04,MLG003,Bakalan Farm,-8.113906,112.653058,420,2,C3,tillering,2,24.9,12.8,84.5,6.8,1,0.507,0.48,0.042,0.996,2.692,0.179,0.417,0.417,0.516,0.482,0.049,0.303,2.189,1.268,3.205,0.194,0.461,0.5,0.077,0.512,0.481,0.046,3.0,0.188,0.443,0.467,21.05,0.262,0.451,60.3,0.447,0.492333333,0.474,12.6243,12.8484,12.7488
2023-03-11,MLG003,Bakalan Farm,-8.113906,112.653058,420,2,C3,tillering,2,27.6,14.6,82.4,5.6,1,0.473,0.466,0.002,0.937,3.201,0.157,0.395,0.439,0.487,0.461,0.013,0.327,1.986,1.087,3.021,0.182,0.374,0.439,0.094,0.482,0.463,0.008,3.093,0.172,0.382,0.439,22.69,0.196,0.456,67.8,0.435666667,0.433333333,0.434333333,13.0548,13.4412,13.3032
2023-03-18,MLG003,Bakalan Farm,-8.113906,112.653058,420,2,C3,tillering,2,24.9,14.7,81.5,5.1,1,0.525,0.494,0.038,0.953,3.305,0.18,0.412,0.427,0.545,0.477,0.039,0.337,2.461,1.037,3.181,0.208,0.437,0.523,0.056,0.537,0.484,0.039,3.23,0.197,0.427,0.484,20.29,0.197,0.445,74.8,0.454666667,0.501666667,0.482666667,13.0725,13.5705,13.3713
2023-03-25,MLG003,Bakalan Farm,-8.113906,112.653058,420,2,C3,tillering,2,26.7,15.9,78.6,17.0,1,0.535,0.515,0.079,0.945,3.032,0.18,0.437,0.488,0.539,0.517,0.063,0.288,2.387,1.127,3.282,0.181,0.452,0.519,0.086,0.537,0.516,0.07,3.182,0.181,0.446,0.506,20.95,0.614,0.442,84.9,0.486666667,0.503333333,0.496333333,14.2845,14.3913,14.3379
2023-04-01,MLG003,Bakalan Farm,-8.113906,112.653058,420,2,C3,tillering,2,29.3,13.3,84.5,17.3,1,0.53,0.531,0.063,1.03,3.336,0.174,0.451,0.498,0.544,0.539,0.062,0.294,2.387,1.251,3.093,0.202,0.449,0.491,0.094,0.539,0.536,0.062,3.19,0.191,0.45,0.494,24.72,0.573,0.466,97.2,0.493,0.494666667,0.494333333,15.529,15.9392,15.7927
2023-04-08,MLG003,Bakalan Farm,-8.113906,112.653058,420,2,C3,tillering,2,25.9,16.5,80.0,24.3,1,0.601,0.569,0.109,1.053,3.453,0.203,0.497,0.559,0.61,0.573,0.121,0.319,2.298,1.301,3.694,0.232,0.487,0.576,0.124,0.607,0.571,0.115,3.598,0.221,0.491,0.569,20.7,0.905,0.447,110.4,0.552333333,0.557666667,0.555666667,15.5659,15.799,15.7213
2023-04-15,MLG003,Bakalan Farm,-8.113906,112.653058,420,2,C3,tillering,2,27.0,15.1,83.0,5.9,1,0.595,0.565,0.065,1.101,3.73,0.212,0.468,0.529,0.578,0.579,0.078,0.328,2.48,1.439,3.452,0.213,0.475,0.502,0.11,0.585,0.574,0.072,3.563,0.213,0.472,0.513,22.39,0.209,0.458,121.2,0.530666667,0.518333333,0.523333333,16.065,15.606,15.795
2023-04-22,MLG003,Bakalan Farm,-8.113906,112.653058,420,2,C3,tillering,2,28.6,15.1,83.6,9.2,1,0.616,0.607,0.094,1.1,3.069,0.229,0.482,0.564,0.628,0.608,0.065,0.327,2.347,1.564,3.629,0.236,0.466,0.599,0.121,0.623,0.608,0.078,3.405,0.233,0.472,0.585,23.89,0.311,0.466,134.0,0.554,0.564333333,0.56,17.6176,17.9608,17.8178
2023-04-29,MLG003,Bakalan Farm,-8.113906,112.653058,420,2,C3,tillering,2,27.5,16.0,83.4,19.0,1,0.543,0.53,0.106,0.995,3.122,0.193,0.431,0.493,0.53,0.536,0.097,0.278,2.194,1.281,3.294,0.2,0.446,0.517,0.095,0.536,0.533,0.101,3.225,0.197,0.44,0.508,22.96,0.664,0.464,140.5,0.489,0.497666667,0.494666667,14.9325,14.575,14.74
2023-05-06,MLG003,Bakalan Farm,-8.113906,112.653058,420,2,C3,tillering,2,29.1,13.7,78.6,4.8,1,0.62,0.622,0.053,1.206,3.249,0.222,0.465,0.578,0.643,0.622,0.033,0.346,2.095,1.357,3.71,0.242,0.489,0.585,0.114,0.634,0.622,0.042,3.525,0.234,0.479,0.582,22.82,0.16,0.443,147.0,0.554333333,0.572333333,0.565,18.042,18.7113,18.4494
2023-05-13,MLG003,Bakalan Farm,-8.113906,112.653058,420,2,C3,tillering,2,28.1,15.0,77.8,0.2,1,0.639,0.643,0.027,1.097,3.218,0.237,0.523,0.609,0.604,0.652,0.014,0.32,2.187,1.301,3.387,0.218,0.493,0.554,0.076,0.618,0.649,0.02,3.319,0.225,0.505,0.576,21.83,0.006,0.44,153.5,0.590333333,0.550333333,0.566333333,17.9559,16.9724,17.3658
2023-05-20,MLG003,Bakalan Farm,-8.113906,112.653058,420,2,C3,tillering,2,28.1,13.7,86.0,1.7,1,0.619,0.597,0.052,1.093,3.633,0.205,0.517,0.607,0.616,0.604,0.073,0.364,2.181,1.479,3.641,0.238,0.523,0.59,0.101,0.617,0.601,0.064,3.638,0.225,0.52,0.597,24.21,0.06,0.47,160.0,0.581,0.576333333,0.578,17.3939,17.3096,17.3377
2023-05-27,MLG003,Bakalan Farm,-8.113906,112.653058,420,2,C3,grand_growth,2,25.4,14.3,80.4,1.6,1,0.624,0.609,0.085,1.026,3.921,0.222,0.524,0.56,0.615,0.615,0.097,0.332,2.289,1.314,3.26,0.23,0.487,0.581,0.139,0.619,0.613,0.092,3.525,0.227,0.502,0.573,20.4,0.059,0.441,166.5,0.569333333,0.561,0.564666667,15.8496,15.621,15.7226
2023-06-03,MLG003,Bakalan Farm,-8.113906,112.653058,420,2,C3,grand_growth,2,28.5,16.7,80.2,0.3,1,0.65,0.644,0.072,1.141,3.482,0.238,0.572,0.583,0.674,0.629,0.079,0.312,2.154,1.218,3.996,0.247,0.551,0.615,0.097,0.664,0.635,0.076,3.79,0.243,0.56,0.602,22.87,0.01,0.456,173.0,0.601666667,0.613333333,0.608666667,18.525,19.209,18.924
2023-06-10,MLG003,Bakalan Farm,-8.113906,112.653058,420,2,C3,grand_growth,2,28.7,16.4,75.1,0.7,1,0.69,0.682,0.037,1.135,3.22,0.231,0.537,0.624,0.698,0.674,0.02,0.34,2.536,1.717,3.762,0.238,0.587,0.666,0.115,0.695,0.677,0.028,3.545,0.235,0.567,0.649,21.53,0.023,0.436,179.5,0.617,0.650333333,0.637,19.803,20.0326,19.9465
2023-06-17,MLG003,Bakalan Farm,-8.113906,112.653058,420,2,C3,grand_growth,2,29.7,15.7,84.2,4.0,1,0.694,0.683,0.087,1.215,3.337,0.245,0.534,0.624,0.725,0.678,0.078,0.37,2.505,1.525,3.819,0.262,0.588,0.695,0.108,0.712,0.68,0.082,3.626,0.255,0.566,0.666,25.0,0.13,0.473,186.0,0.617333333,0.669333333,0.648,20.6118,21.5325,21.1464
2023-06-24,MLG003,Bakalan Farm,-8.113906,112.653058,420,2,C3,grand_growth,2,28.0,16.3,75.1,2.9,1,0.688,0.656,0.057,1.118,3.281,0.237,0.529,0.658,0.698,0.654,0.069,0.361,2.286,1.538,3.481,0.25,0.589,0.645,0.127,0.694,0.655,0.064,3.401,0.245,0.565,0.65,20.99,0.1,0.433,192.5,0.625,0.644,0.636333333,19.264,19.544,19.432
2023-07-01,MLG003,Bakalan Farm,-8.113906,112.653058,420,2,C3,grand_growth,2,29.1,16.4,72.6,1.4,1,0.683,0.677,0.09,1.19,3.231,0.23,0.583,0.637,0.696,0.687,0.093,0.36,2.303,1.492,3.709,0.242,0.593,0.652,0.129,0.691,0.683,0.092,3.517,0.237,0.589,0.646,21.12,0.047,0.427,199.0,0.634333333,0.647,0.642,19.8753,20.2536,20.1081
2023-07-08,MLG003,Bakalan Farm,-8.113906,112.653058,420,2,C3,grand_growth,2,27.2,15.3,72.0,3.2,1,0.688,0.698,0.036,1.093,3.399,0.238,0.539,0.612,0.687,0.682,0.043,0.352,2.294,1.205,3.243,0.254,0.602,0.663,0.108,0.687,0.688,0.04,3.305,0.247,0.577,0.643,19.61,0.114,0.416,205.5,0.613,0.650666667,0.635666667,18.7136,18.6864,18.6864
2023-07-15,MLG003,Bakalan Farm,-8.113906,112.653058,420,2,C3,grand_growth,2,28.2,17.0,76.4,1.4,1,0.705,0.687,-0.004,1.018,3.134,0.246,0.539,0.674,0.69,0.699,-0.022,0.412,2.461,1.058,3.937,0.252,0.589,0.635,0.117,0.696,0.694,-0.014,3.615,0.249,0.569,0.65,21.58,0.047,0.442,212.0,0.639333333,0.638,0.638333333,19.881,19.458,19.6272
2023-07-22,MLG003,Bakalan Farm,-8.113906,112.653058,420,2,C3,grand_growth,2,26.4,16.9,76.4,2.1,1,0.699,0.707,0.054,1.069,3.533,0.243,0.599,0.651,0.708,0.722,0.046,0.38,2.249,1.337,3.165,0.263,0.584,0.649,0.134,0.705,0.716,0.05,3.312,0.255,0.59,0.65,20.19,0.076,0.436,218.5,0.649666667,0.647,0.648333333,18.4536,18.6912,18.612
2023-07-29,MLG003,Bakalan Farm,-8.113906,112.653058,420,2,C3,grand_growth,2,27.7,18.5,77.7,4.2,1,0.747,0.736,0.03,1.299,3.86,0.266,0.551,0.709,0.767,0.739,-0.012,0.382,2.803,1.539,3.545,0.279,0.619,0.728,0.119,0.759,0.738,0.007,3.671,0.274,0.592,0.721,21.5,0.146,0.449,225.0,0.669,0.704666667,0.690666667,20.6919,21.2459,21.0243
2023-08-05,MLG003,Bakalan Farm,-8.113906,112.653058,420,2,C3,grand_growth,2,28.1,19.2,68.7,1.6,1,0.721,0.712,0.106,1.108,3.882,0.246,0.53,0.689,0.729,0.717,0.118,0.341,2.322,1.183,3.611,0.279,0.609,0.659,0.133,0.726,0.715,0.113,3.719,0.266,0.578,0.671,19.32,0.056,0.417,231.5,0.646666667,0.665666667,0.658333333,20.2601,20.4849,20.4006
2023-08-12,MLG003,Bakalan Farm,-8.113906,112.653058,420,2,C3,grand_growth,2,27.4,19.2,75.0,0.1,1,0.723,0.715,0.057,1.048,3.23,0.259,0.571,0.64,0.725,0.712,0.03,0.408,2.347,1.427,3.748,0.276,0.611,0.665,0.118,0.724,0.713,0.042,3.541,0.269,0.595,0.655,20.57,0.005,0.44,238.0,0.644666667,0.667,0.658,19.8102,19.865,19.8376
2023-08-19,MLG003,Bakalan Farm,-8.113906,112.653058,420,2,C3,grand_growth,2,27.0,19.2,69.9,0.2,1,0.718,0.682,0.038,1.185,4.116,0.258,0.618,0.658,0.706,0.671,0.05,0.347,2.039,1.26,3.745,0.255,0.611,0.658,0.129,0.711,0.675,0.045,3.893,0.256,0.613,0.658,18.85,0.007,0.418,244.5,0.664666667,0.658333333,0.660666667,19.386,19.062,19.197
2023-08-26,MLG003,Bakalan Farm,-8.113906,112.653058,420,2,C3,grand_growth,2,27.5,18.0,75.3,3.7,1,0.722,0.719,0.017,1.246,3.692,0.231,0.638,0.617,0.736,0.733,-0.022,0.382,2.56,1.603,4.064,0.28,0.595,0.686,0.164,0.73,0.727,-0.004,3.915,0.26,0.612,0.659,20.73,0.13,0.438,251.0,0.659,0.672333333,0.667,19.855,20.24,20.075
2023-09-02,MLG003,Bakalan Farm,-8.113906,112.653058,420,2,C3,grand_growth,2,25.0,18.9,62.0,4.8,1,0.725,0.701,0.092,1.084,3.669,0.247,0.613,0.638,0.731,0.677,0.092,0.372,2.392,1.626,3.896,0.274,0.581,0.715,0.105,0.729,0.687,0.092,3.806,0.263,0.594,0.684,15.51,0.185,0.38,257.5,0.658666667,0.675666667,0.669,18.125,18.275,18.225
2023-09-09,MLG003,Bakalan Farm,-8.113906,112.653058,420,2,C3,grand_growth,2,24.8,17.5,71.3,10.2,1,0.725,0.712,0.105,1.184,3.234,0.253,0.555,0.617,0.73,0.703,0.1,0.384,2.441,1.611,3.315,0.269,0.624,0.638,0.13,0.728,0.707,0.102,3.283,0.262,0.597,0.63,17.68,0.394,0.412,264.0,0.632333333,0.664,0.651666667,17.98,18.104,18.0544
2023-09-16,MLG003,Bakalan Farm,-8.113906,112.653058,420,2,C3,grand_growth,2,24.4,19.2,69.2,0.5,1,0.72,0.667,0.028,1.118,3.872,0.236,0.615,0.667,0.741,0.663,0.022,0.363,2.505,1.388,3.572,0.271,0.617,0.656,0.121,0.732,0.665,0.024,3.692,0.257,0.616,0.66,16.85,0.018,0.407,270.5,0.667333333,0.671333333,0.669333333,17.568,18.0804,17.8608
2023-09-23,MLG003,Bakalan Farm,-8.113906,112.653058,420,2,C3,grand_growth,2,24.6,18.8,72.1,1.1,1,0.785,0.761,0.085,1.236,3.809,0.278,0.628,0.709,0.79,0.755,0.074,0.373,2.071,1.476,3.7,0.279,0.627,0.716,0.139,0.788,0.757,0.079,3.744,0.279,0.628,0.713,17.7,0.044,0.418,277.0,0.707333333,0.711,0.709666667,19.311,19.434,19.3848
2023-09-30,MLG003,Bakalan Farm,-8.113906,112.653058,420,2,C3,grand_growth,2,24.9,20.3,69.6,1.3,1,0.736,0.739,0.075,1.347,3.9,0.262,0.548,0.603,0.721,0.722,0.063,0.394,2.152,1.352,3.734,0.268,0.577,0.687,0.131,0.727,0.729,0.068,3.8,0.265,0.565,0.654,17.34,0.05,0.414,283.5,0.629,0.661666667,0.648666667,18.3264,17.9529,18.1023
2023-10-07,MLG003,Bakalan Farm,-8.113906,112.653058,420,2,C3,grand_growth,2,27.4,17.2,65.4,3.3,1,0.77,0.742,-0.006,1.271,3.409,0.275,0.681,0.646,0.741,0.732,0.006,0.404,2.551,1.484,3.78,0.275,0.637,0.669,0.136,0.753,0.736,0.001,3.631,0.275,0.655,0.66,17.9,0.117,0.395,290.0,0.699,0.682333333,0.689333333,21.098,20.3034,20.6322
2023-10-14,MLG003,Bakalan Farm,-8.113906,112.653058,420,2,C3,maturation,2,24.9,19.7,66.8,2.0,1,0.793,0.792,0.039,1.3,4.007,0.275,0.603,0.687,0.799,0.785,0.035,0.375,2.561,1.366,3.834,0.306,0.659,0.751,0.136,0.797,0.788,0.037,3.903,0.294,0.637,0.725,16.61,0.077,0.401,296.5,0.694333333,0.736333333,0.719666667,19.7457,19.8951,19.8453
2023-10-21,MLG003,Bakalan Farm,-8.113906,112.653058,420,2,C3,maturation,2,25.0,18.5,65.9,0.3,1,0.743,0.712,0.009,1.102,3.469,0.265,0.597,0.671,0.733,0.712,0.028,0.383,2.542,1.357,3.633,0.275,0.578,0.672,0.136,0.737,0.712,0.019,3.568,0.271,0.585,0.672,16.48,0.011,0.394,303.0,0.670333333,0.661,0.664666667,18.575,18.325,18.425
2023-10-28,MLG003,Bakalan Farm,-8.113906,112.653058,420,2,C3,maturation,2,23.5,17.9,65.3,4.5,1,0.755,0.781,0.036,1.145,3.919,0.271,0.624,0.707,0.746,0.785,0.015,0.403,2.595,1.603,3.777,0.284,0.616,0.714,0.132,0.75,0.784,0.025,3.834,0.279,0.62,0.711,15.37,0.185,0.385,309.5,0.695333333,0.692,0.693666667,17.7425,17.531,17.625
2023-11-04,MLG003,Bakalan Farm,-8.113906,112.653058,420,2,C3,maturation,2,23.9,17.1,67.0,15.0,1,0.779,0.776,0.035,1.304,3.124,0.264,0.684,0.705,0.768,0.763,0.016,0.37,2.617,1.55,4.118,0.276,0.58,0.719,0.141,0.772,0.768,0.025,3.72,0.271,0.622,0.714,16.01,0.603,0.391,316.0,0.722666667,0.689,0.702666667,18.6181,18.3552,18.4508
2023-11-11,MLG003,Bakalan Farm,-8.113906,112.653058,420,2,C3,maturation,2,24.7,18.9,69.4,12.5,1,0.773,0.763,0.056,1.315,3.466,0.264,0.645,0.68,0.784,0.758,0.059,0.399,2.249,1.515,3.763,0.282,0.615,0.699,0.137,0.779,0.76,0.058,3.644,0.275,0.627,0.691,17.14,0.488,0.409,322.5,0.699333333,0.699333333,0.699,19.0931,19.3648,19.2413
2023-11-18,MLG003,Bakalan Farm,-8.113906,112.653058,420,2,C3,maturation,2,22.0,17.6,71.2,8.6,1,0.754,0.742,0.032,1.099,3.794,0.285,0.623,0.648,0.742,0.748,0.043,0.381,2.349,1.521,3.521,0.283,0.618,0.667,0.134,0.747,0.745,0.038,3.63,0.284,0.62,0.659,15.67,0.372,0.404,329.0,0.675,0.675666667,0.675333333,16.588,16.324,16.434
2023-11-25,MLG003,Bakalan Farm,-8.113906,112.653058,420,2,C3,maturation,2,23.4,18.2,68.8,6.0,1,0.802,0.776,0.057,1.23,4.188,0.297,0.696,0.713,0.823,0.779,0.041,0.378,2.423,1.502,3.78,0.314,0.712,0.753,0.179,0.815,0.778,0.048,3.943,0.307,0.706,0.737,16.12,0.246,0.4,335.5,0.737,0.762666667,0.752666667,18.7668,19.2582,19.071
2023-12-02,MLG003,Bakalan Farm,-8.113906,112.653058,420,2,C3,maturation,2,20.7,18.0,69.4,9.2,1,0.753,0.744,0.134,1.208,3.554,0.256,0.567,0.698,0.751,0.743,0.128,0.415,2.117,1.554,4.021,0.272,0.631,0.688,0.15,0.752,0.743,0.131,3.834,0.266,0.605,0.692,14.34,0.425,0.393,342.0,0.672666667,0.69,0.683,15.5871,15.5457,15.5664
2023-12-09,MLG003,Bakalan Farm,-8.113906,112.653058,420,2,C3,maturation,2,23.5,16.9,78.8,5.4,1,0.794,0.788,0.113,1.319,3.907,0.27,0.644,0.73,0.826,0.779,0.108,0.449,2.452,1.6,3.748,0.303,0.686,0.752,0.159,0.813,0.783,0.11,3.812,0.29,0.669,0.743,18.51,0.22,0.436,348.5,0.722666667,0.754666667,0.741666667,18.659,19.411,19.1055
2023-12-16,MLG003,Bakalan Farm,-8.113906,112.653058,420,2,C3,maturation,2,23.4,17.2,70.9,9.6,1,0.824,0.827,0.048,1.186,3.562,0.268,0.725,0.743,0.815,0.823,0.029,0.409,2.448,1.682,3.808,0.305,0.669,0.733,0.159,0.819,0.825,0.037,3.71,0.29,0.691,0.737,16.61,0.393,0.405,355.0,0.764,0.739,0.749,19.2816,19.071,19.1646
2023-12-23,MLG003,Bakalan Farm,-8.113906,112.653058,420,2,C3,maturation,2,24.7,16.1,74.9,6.4,1,0.797,0.771,0.066,1.209,3.695,0.271,0.642,0.722,0.78,0.767,0.058,0.399,2.55,1.589,3.792,0.293,0.602,0.744,0.135,0.787,0.768,0.062,3.753,0.284,0.618,0.736,18.53,0.248,0.422,360.8,0.720333333,0.708666667,0.713666667,19.6859,19.266,19.4389
2023-07-01,MLG003,Bakalan Farm,-8.113906,112.653058,420,2,C4,establishment,2,27.6,18.1,80.2,3.1,1,0.231,0.211,0.017,0.814,2.4,0.086,0.21,0.218,0.235,0.21,0.024,0.173,1.641,1.25,2.238,0.092,0.183,0.212,-0.024,0.233,0.21,0.021,2.303,0.09,0.194,0.214,22.09,0.11,0.458,26.9,0.219666667,0.21,0.213666667,6.3756,6.486,6.4308
2023-07-08,MLG003,Bakalan Farm,-8.113906,112.653058,420,2,C4,establishment,2,27.6,16.9,75.4,0.5,1,0.223,0.198,0.027,0.744,1.417,0.062,0.198,0.214,0.236,0.204,0.033,0.231,1.904,0.942,2.747,0.092,0.208,0.207,0.01,0.231,0.201,0.03,2.215,0.08,0.204,0.21,20.77,0.019,0.435,28.4,0.211666667,0.217,0.215,6.1548,6.5136,6.3756
2023-07-15,MLG003,Bakalan Farm,-8.113906,112.653058,420,2,C4,establishment,2,26.2,18.0,70.6,3.8,1,0.298,0.27,0.067,1.001,2.784,0.101,0.187,0.235,0.313,0.272,0.094,0.231,1.578,0.979,2.586,0.113,0.256,0.295,-0.002,0.307,0.271,0.082,2.665,0.108,0.229,0.271,18.49,0.141,0.415,30.3,0.24,0.288,0.269,7.8076,8.2006,8.0434
2023-07-22,MLG003,Bakalan Farm,-8.113906,112.653058,420,2,C4,establishment,2,29.4,18.4,79.0,2.0,1,0.292,0.28,0.057,0.777,2.833,0.099,0.28,0.271,0.301,0.272,0.046,0.213,1.842,1.166,2.747,0.107,0.194,0.262,0.027,0.297,0.275,0.051,2.781,0.104,0.229,0.266,23.18,0.067,0.459,32.9,0.281,0.252333333,0.264,8.5848,8.8494,8.7318
2023-07-29,MLG003,Bakalan Farm,-8.113906,112.653058,420,2,C4,establishment,2,29.9,18.7,78.7,0.3,1,0.367,0.372,0.021,0.965,2.897,0.123,0.333,0.283,0.405,0.385,0.018,0.253,1.979,0.992,2.777,0.156,0.314,0.391,0.048,0.39,0.38,0.019,2.825,0.143,0.322,0.348,23.53,0.008,0.461,36.1,0.327666667,0.37,0.353333333,10.9733,12.1095,11.661
2023-08-05,MLG003,Bakalan Farm,-8.113906,112.653058,420,2,C4,establishment,2,28.8,17.5,69.8,0.5,1,0.379,0.368,0.014,1.037,2.639,0.139,0.281,0.304,0.402,0.359,0.026,0.244,1.938,1.078,2.818,0.143,0.347,0.388,0.069,0.393,0.362,0.021,2.746,0.142,0.321,0.355,20.13,0.015,0.418,39.2,0.321333333,0.379,0.356333333,10.9152,11.5776,11.3184
2023-08-12,MLG003,Bakalan Farm,-8.113906,112.653058,420,2,C4,establishment,2,25.7,20.2,73.6,2.1,1,0.41,0.427,0.081,1.001,2.852,0.14,0.31,0.374,0.428,0.425,0.075,0.249,2.116,0.968,2.999,0.161,0.348,0.418,0.081,0.421,0.426,0.077,2.94,0.153,0.333,0.4,18.92,0.078,0.432,42.4,0.364666667,0.398,0.384666667,10.537,10.9996,10.8197
2023-08-19,MLG003,Bakalan Farm,-8.113906,112.653058,420,2,C4,establishment,2,25.1,18.4,67.5,16.9,1,0.444,0.435,0.031,0.807,3.53,0.159,0.309,0.394,0.437,0.431,0.027,0.277,2.114,1.034,2.739,0.165,0.342,0.389,0.061,0.44,0.432,0.029,3.055,0.163,0.329,0.391,16.96,0.646,0.401,47.7,0.382333333,0.389333333,0.386666667,11.1444,10.9687,11.044
2023-08-26,MLG003,Bakalan Farm,-8.113906,112.653058,420,2,C4,establishment,2,26.3,18.6,75.1,2.8,1,0.473,0.48,0.029,0.95,3.351,0.172,0.378,0.391,0.459,0.475,0.017,0.265,1.684,0.955,2.764,0.171,0.367,0.423,0.065,0.464,0.477,0.022,2.999,0.171,0.372,0.41,19.75,0.103,0.435,52.3,0.414,0.416333333,0.415333333,12.4399,12.0717,12.2032
2023-09-02,MLG003,Bakalan Farm,-8.113906,112.653058,420,2,C4,tillering,2,27.1,17.7,61.9,3.0,1,0.495,0.495,0.03,1.102,3.178,0.182,0.403,0.457,0.501,0.485,0.046,0.29,2.121,0.963,3.058,0.189,0.454,0.46,0.07,0.499,0.489,0.039,3.106,0.186,0.433,0.459,16.76,0.106,0.382,57.9,0.451666667,0.471666667,0.463666667,13.4145,13.5771,13.5229
2023-09-09,MLG003,Bakalan Farm,-8.113906,112.653058,420,2,C4,tillering,2,25.0,17.5,69.5,6.2,1,0.502,0.508,0.097,1.187,3.376,0.178,0.42,0.426,0.505,0.498,0.118,0.267,2.057,1.048,3.367,0.188,0.414,0.441,0.098,0.504,0.502,0.109,3.371,0.184,0.416,0.435,17.35,0.238,0.405,63.9,0.449333333,0.453333333,0.451666667,12.55,12.625,12.6
2023-09-16,MLG003,Bakalan Farm,-8.113906,112.653058,420,2,C4,tillering,2,25.2,17.9,68.4,4.0,1,0.554,0.564,0.03,1.086,2.964,0.192,0.403,0.533,0.58,0.576,0.045,0.378,2.238,1.533,3.321,0.219,0.496,0.497,0.093,0.57,0.572,0.038,3.178,0.209,0.459,0.512,17.22,0.153,0.403,71.1,0.496666667,0.524333333,0.513666667,13.9608,14.616,14.364
2023-09-23,MLG003,Bakalan Farm,-8.113906,112.653058,420,2,C4,tillering,2,25.6,20.3,71.3,3.9,1,0.546,0.545,0.056,1.042,2.887,0.193,0.465,0.485,0.574,0.554,0.044,0.326,1.914,1.129,2.873,0.2,0.464,0.525,0.097,0.563,0.551,0.049,2.879,0.197,0.464,0.509,18.26,0.146,0.423,78.9,0.498666667,0.521,0.512,13.9776,14.6944,14.4128
2023-09-30,MLG003,Bakalan Farm,-8.113906,112.653058,420,2,C4,tillering,2,26.6,18.2,70.6,1.7,1,0.573,0.524,0.054,0.995,3.694,0.188,0.523,0.548,0.58,0.509,0.048,0.337,2.218,1.115,3.6,0.214,0.482,0.553,0.108,0.577,0.515,0.051,3.638,0.203,0.499,0.551,18.81,0.063,0.417,88.9,0.548,0.538333333,0.542333333,15.2418,15.428,15.3482
2023-10-07,MLG003,Bakalan Farm,-8.113906,112.653058,420,2,C4,tillering,2,25.2,18.0,65.7,2.6,1,0.562,0.555,0.052,0.916,3.415,0.201,0.529,0.511,0.599,0.565,0.024,0.33,2.206,1.285,3.161,0.228,0.482,0.574,0.115,0.584,0.561,0.037,3.262,0.217,0.501,0.549,16.58,0.098,0.393,97.9,0.534,0.551666667,0.544666667,14.1624,15.0948,14.7168
2023-10-14,MLG003,Bakalan Farm,-8.113906,112.653058,420,2,C4,tillering,2,23.7,19.2,63.1,0.5,1,0.6,0.589,0.082,1.099,3.291,0.212,0.426,0.534,0.586,0.584,0.068,0.307,2.006,1.635,3.327,0.226,0.5,0.553,0.105,0.592,0.586,0.074,3.313,0.221,0.47,0.545,14.96,0.018,0.381,108.1,0.52,0.546333333,0.535666667,14.22,13.8882,14.0304
2023-10-21,MLG003,Bakalan Farm,-8.113906,112.653058,420,2,C4,tillering,2,25.0,17.4,63.8,1.1,1,0.617,0.571,0.055,0.962,3.289,0.224,0.474,0.525,0.617,0.577,0.06,0.334,2.073,1.256,3.599,0.227,0.512,0.56,0.087,0.617,0.574,0.058,3.475,0.226,0.497,0.546,15.95,0.043,0.383,119.6,0.538666667,0.563,0.553333333,15.425,15.425,15.425
2023-10-28,MLG003,Bakalan Farm,-8.113906,112.653058,420,2,C4,tillering,2,25.5,19.4,72.2,0.6,1,0.615,0.601,0.043,1.07,3.73,0.197,0.542,0.579,0.621,0.598,0.043,0.347,2.492,1.393,3.508,0.23,0.463,0.538,0.122,0.619,0.599,0.043,3.596,0.217,0.495,0.554,18.4,0.022,0.423,131.1,0.578666667,0.540666667,0.556,15.6825,15.8355,15.7845
2023-11-04,MLG003,Bakalan Farm,-8.113906,112.653058,420,2,C4,tillering,2,24.4,17.8,70.6,17.4,1,0.646,0.651,-0.024,1.308,3.67,0.229,0.489,0.574,0.657,0.668,-0.001,0.362,2.434,1.386,3.285,0.237,0.563,0.618,0.105,0.653,0.661,-0.011,3.439,0.234,0.533,0.601,17.22,0.685,0.409,144.5,0.569666667,0.612666667,0.595666667,15.7624,16.0308,15.9332
2023-11-11,MLG003,Bakalan Farm,-8.113906,112.653058,420,2,C4,tillering,2,24.3,19.3,67.3,5.5,1,0.675,0.671,0.108,1.163,3.335,0.228,0.54,0.607,0.648,0.654,0.074,0.347,2.488,1.484,3.194,0.232,0.499,0.598,0.126,0.659,0.661,0.089,3.25,0.231,0.515,0.601,16.35,0.216,0.4,153.5,0.607333333,0.581666667,0.591666667,16.4025,15.7464,16.0137
2023-11-18,MLG003,Bakalan Farm,-8.113906,112.653058,420,2,C4,tillering,2,22.8,15.6,68.7,2.9,1,0.657,0.597,0.044,1.153,3.504,0.215,0.458,0.589,0.645,0.592,0.027,0.314,2.508,1.414,3.499,0.246,0.529,0.585,0.136,0.65,0.594,0.035,3.501,0.233,0.501,0.587,15.68,0.12,0.39,160.0,0.568,0.586333333,0.579333333,14.9796,14.706,14.82
2023-11-25,MLG003,Bakalan Farm,-8.113906,112.653058,420,2,C4,grand_growth,2,22.6,18.2,68.8,4.7,1,0.693,0.676,0.025,1.111,3.221,0.233,0.577,0.622,0.728,0.674,0.014,0.364,2.342,1.474,3.637,0.259,0.62,0.694,0.126,0.714,0.674,0.019,3.471,0.249,0.603,0.665,15.52,0.199,0.397,166.5,0.630666667,0.680666667,0.660666667,15.6618,16.4528,16.1364
2023-12-02,MLG003,Bakalan Farm,-8.113906,112.653058,420,2,C4,grand_growth,2,22.4,15.9,76.5,53.5,1,0.672,0.631,0.15,1.095,3.49,0.238,0.531,0.623,0.698,0.626,0.123,0.351,2.398,1.423,3.876,0.273,0.578,0.634,0.114,0.688,0.628,0.135,3.721,0.259,0.559,0.63,17.14,2.287,0.421,173.0,0.608666667,0.636666667,0.625666667,15.0528,15.6352,15.4112
2023-12-09,MLG003,Bakalan Farm,-8.113906,112.653058,420,2,C4,grand_growth,2,24.2,17.4,66.9,13.2,1,0.67,0.677,0.084,1.126,3.557,0.24,0.546,0.609,0.66,0.663,0.095,0.325,2.365,1.512,3.291,0.239,0.538,0.59,0.102,0.664,0.669,0.09,3.398,0.239,0.541,0.597,16.19,0.525,0.392,179.5,0.608333333,0.596,0.600666667,16.214,15.972,16.0688
2023-12-16,MLG003,Bakalan Farm,-8.113906,112.653058,420,2,C4,grand_growth,2,22.4,16.9,72.5,3.5,1,0.674,0.651,0.057,1.067,3.079,0.233,0.582,0.621,0.697,0.645,0.044,0.354,2.439,1.55,3.583,0.247,0.596,0.664,0.132,0.688,0.648,0.05,3.381,0.241,0.59,0.646,16.26,0.149,0.408,186.0,0.625666667,0.652333333,0.641333333,15.0976,15.6128,15.4112
2023-12-23,MLG003,Bakalan Farm,-8.113906,112.653058,420,2,C4,grand_growth,2,21.2,18.0,72.8,18.8,1,0.667,0.634,0.128,1.066,3.887,0.225,0.463,0.604,0.682,0.624,0.152,0.386,2.283,1.43,3.614,0.258,0.581,0.594,0.146,0.676,0.628,0.141,3.723,0.245,0.533,0.598,15.46,0.847,0.409,192.5,0.578,0.619,0.602333333,14.1404,14.4584,14.3312
