state,variety,area_hectare,soil_type,soil_ph,soil_moisture,rainfall_mm,temperature_c,humidity_pct,growth_stage,historical_yield,yield
Andaman And Nicobar Islands,Co 86032,1.0,Alluvial Soil,6.77,58.7,1400.0,31.4,70.9,Planting,45.0,2.0
Andaman And Nicobar Islands,Co 86032,1.0,Alluvial Soil,7.4,53.8,1400.0,31.4,66.4,Germination,45.0,1.0
Andaman And Nicobar Islands,Co 86032,5.0,Alluvial Soil,6.32,61.9,1400.0,31.4,74.1,Tillering,45.0,8.0
Andaman And Nicobar Islands,Co 86032,0.2,Alluvial Soil,6.64,44.2,1400.0,31.4,65.8,Grand Growth,45.0,2.5
Andaman And Nicobar Islands,Co 86032,13.4,Alluvial Soil,7.87,57.7,1400.0,31.4,71.3,Maturity,45.0,3.12
Andaman And Nicobar Islands,Co 86032,1.0,Alluvial Soil,6.95,62.7,1400.0,31.4,66.3,Harvest,91.76,100.0
Andaman And Nicobar Islands,Co 86032,6.6,Alluvial Soil,6.79,53.8,1400.0,31.4,68.5,Maturity,233.33,56.06
Andaman And Nicobar Islands,Co 86032,6.0,Clay Loam,6.9,64.8,1400.0,31.4,72.1,Germination,1144.14,200.0
Andaman And Nicobar Islands,Co 86032,18.43,Alluvial Soil,7.2,43.9,1400.0,31.4,62.3,Tillering,200.0,146.5
Andaman And Nicobar Islands,Co 86032,17.0,Clay Loam,6.61,67.2,1400.0,31.4,68.7,Grand Growth,146.5,77.65
Andaman And Nicobar Islands,Co 86032,1.0,Alluvial Soil,7.33,48.9,1400.0,31.4,66.6,Planting,405.41,200.0
Andaman And Nicobar Islands,Co 86032,141.0,Alluvial Soil,6.84,54.7,1400.0,31.4,70.9,Germination,45.0,26.5
Andaman And Nicobar Islands,Co 86032,81.0,Black Soil,7.6,74.4,1400.0,31.4,73.7,Tillering,26.5,29.37
Andaman And Nicobar Islands,Co 86032,71.3,Alluvial Soil,7.33,55.1,1400.0,31.4,65.1,Grand Growth,29.37,21.04
Andaman And Nicobar Islands,Co 86032,73.33,Clay Loam,6.77,62.4,1400.0,31.4,68.4,Maturity,21.04,12.13
Andaman And Nicobar Islands,Co 86032,455.0,Alluvial Soil,6.74,58.8,1400.0,31.4,73.5,Planting,45.0,30.24
Andaman And Nicobar Islands,Co 86032,268.0,Alluvial Soil,7.39,66.0,1400.0,31.4,73.3,Germination,30.24,10.74
Andaman And Nicobar Islands,Co 86032,145.26,Alluvial Soil,7.2,61.9,1400.0,31.4,56.2,Tillering,45.0,10.74
Andaman And Nicobar Islands,Co 86032,128.02,Alluvial Soil,7.13,57.6,1400.0,31.4,67.8,Grand Growth,45.0,19.12
Andaman And Nicobar Islands,Co 86032,53.5,Alluvial Soil,6.5,53.9,1400.0,31.4,76.7,Maturity,45.0,18.68
Andaman And Nicobar Islands,Co 86032,67.5,Alluvial Soil,6.86,62.5,1400.0,31.4,66.8,Harvest,45.0,5.96
Andhra Pradesh,Co 86032,700.0,Clay Loam,6.99,74.8,1400.0,31.4,69.8,Grand Growth,108.86,104.14
Andhra Pradesh,Co 86032,700.0,Black Soil,7.7,63.8,1400.0,31.4,62.7,Maturity,104.14,94.14
Andhra Pradesh,Co 86032,884.0,Clay Loam,6.76,68.1,1400.0,31.4,79.0,Harvest,94.14,94.03
Andhra Pradesh,Co 86032,284.0,Clay Loam,6.71,70.8,1400.0,31.4,66.7,Planting,94.03,89.42
Andhra Pradesh,Co 86032,490.0,Clay Loam,6.49,68.8,1400.0,31.4,69.2,Germination,89.42,86.67
Andhra Pradesh,Co 86032,329.0,Clay Loam,7.2,66.3,1400.0,31.4,74.3,Tillering,86.67,68.33
Andhra Pradesh,Co 86032,454.0,Clay Loam,6.88,75.4,1400.0,31.4,76.5,Grand Growth,68.33,71.33
Andhra Pradesh,Co 86032,400.0,Clay Loam,7.45,64.4,1400.0,31.4,59.6,Maturity,71.33,85.18
Andhra Pradesh,Co 86032,227.0,Clay Loam,6.95,65.3,1400.0,31.4,72.9,Harvest,85.18,90.8
Andhra Pradesh,Co 86032,339.0,Clay Loam,6.89,72.1,1400.0,31.4,70.4,Planting,90.8,91.26
Andhra Pradesh,Co 86032,131.0,Clay Loam,7.05,69.5,1400.0,31.4,79.0,Germination,91.26,93.93
Andhra Pradesh,Co 86032,112.0,Clay Loam,6.47,62.6,1400.0,31.4,69.6,Tillering,93.93,89.0
Andhra Pradesh,Co 86032,235.0,Clay Loam,7.03,68.0,1400.0,31.4,72.4,Grand Growth,89.0,89.28
Andhra Pradesh,Co 86032,410.0,Clay Loam,6.68,73.9,1400.0,31.4,67.7,Maturity,89.28,95.58
Andhra Pradesh,Co 86032,76.0,Clay Loam,6.56,84.2,1400.0,31.4,76.1,Harvest,95.58,91.5
Andhra Pradesh,Co 86032,281.0,Clay Loam,6.97,61.6,1400.0,31.4,73.2,Planting,91.5,94.32
Andhra Pradesh,Co 86032,30.0,Clay Loam,6.53,76.3,1400.0,31.4,72.4,Germination,94.32,81.87
Andhra Pradesh,Co 86032,29600.0,Clay Loam,6.98,80.2,1400.0,31.4,65.7,Harvest,95.38,93.75
Andhra Pradesh,Co 86032,34500.0,Clay Loam,7.03,73.7,1400.0,31.4,64.4,Planting,93.75,97.88
Andhra Pradesh,Co 86032,44929.0,Clay Loam,7.12,71.5,1400.0,31.4,75.6,Germination,97.88,91.21
Andhra Pradesh,Co 86032,40539.0,Clay Loam,7.16,64.5,1400.0,31.4,68.1,Tillering,91.21,91.21
Andhra Pradesh,Co 86032,38789.0,Clay Loam,7.15,76.3,1400.0,31.4,68.1,Grand Growth,91.21,86.04
Andhra Pradesh,Co 86032,39436.0,Clay Loam,7.05,85.0,1400.0,31.4,68.0,Maturity,86.04,68.08
Andhra Pradesh,Co 86032,26845.0,Clay Loam,6.63,69.3,1400.0,31.4,74.2,Harvest,68.08,70.1
Andhra Pradesh,Co 86032,21928.0,Clay Loam,6.86,73.3,1400.0,31.4,68.2,Planting,70.1,85.07
Andhra Pradesh,Co 86032,22453.0,Clay Loam,6.87,66.3,1400.0,31.4,73.0,Germination,85.07,87.85
Andhra Pradesh,Co 86032,37965.0,Clay Loam,7.12,74.1,1400.0,31.4,67.1,Tillering,87.85,92.11
Andhra Pradesh,Co 86032,30000.0,Clay Loam,7.1,72.8,1400.0,31.4,69.8,Grand Growth,92.11,93.97
Andhra Pradesh,Co 86032,26916.0,Clay Loam,7.39,62.1,1400.0,31.4,69.6,Maturity,93.97,84.11
Andhra Pradesh,Co 86032,27193.0,Black Soil,7.56,65.0,1400.0,31.4,78.2,Harvest,84.11,83.15
Andhra Pradesh,Co 86032,27719.0,Clay Loam,6.43,70.2,1400.0,31.4,65.6,Planting,83.15,83.38
Andhra Pradesh,Co 86032,28405.0,Clay Loam,6.57,68.0,1400.0,31.4,71.8,Germination,83.38,90.73
Andhra Pradesh,Co 86032,28106.0,Clay Loam,6.71,81.0,1400.0,31.4,61.5,Tillering,90.73,88.64
Andhra Pradesh,Co 86032,28152.0,Clay Loam,6.64,66.5,1400.0,31.4,67.0,Grand Growth,88.64,91.04
Andhra Pradesh,Co 86032,26147.0,Clay Loam,7.07,57.7,1400.0,31.4,71.1,Maturity,91.04,79.05
Andhra Pradesh,Co 86032,15100.0,Clay Loam,6.75,68.7,1400.0,31.4,73.2,Maturity,83.38,79.29
Andhra Pradesh,Co 86032,16400.0,Clay Loam,7.05,64.6,1400.0,31.4,77.6,Harvest,79.29,76.52
Andhra Pradesh,Co 86032,15657.0,Clay Loam,6.53,63.9,1400.0,31.4,59.3,Planting,76.52,91.04
Andhra Pradesh,Co 86032,14772.0,Clay Loam,7.14,64.2,1400.0,31.4,68.6,Germination,91.04,88.93
Andhra Pradesh,Co 86032,14255.0,Clay Loam,6.47,70.1,1400.0,31.4,67.6,Tillering,88.93,89.98
Andhra Pradesh,Co 86032,15425.0,Clay Loam,7.06,80.5,1400.0,31.4,65.4,Grand Growth,89.98,82.31
Andhra Pradesh,Co 86032,16285.0,Clay Loam,6.92,64.9,1400.0,31.4,66.3,Maturity,82.31,85.83
Andhra Pradesh,Co 86032,15965.0,Clay Loam,6.83,72.6,1400.0,31.4,72.8,Harvest,85.83,84.99
Andhra Pradesh,Co 86032,18422.0,Clay Loam,7.49,67.1,1400.0,31.4,66.8,Planting,84.99,79.57
Andhra Pradesh,Co 86032,18911.0,Clay Loam,7.05,73.5,1400.0,31.4,69.3,Germination,79.57,89.04
Andhra Pradesh,Co 86032,17000.0,Clay Loam,7.17,71.1,1400.0,31.4,77.0,Tillering,89.04,87.53
Andhra Pradesh,Co 86032,13592.0,Clay Loam,7.16,79.9,1400.0,31.4,73.0,Grand Growth,87.53,85.28
Andhra Pradesh,Co 86032,10879.0,Clay Loam,7.03,75.8,1400.0,31.4,71.6,Maturity,85.28,93.54
Andhra Pradesh,Co 86032,13051.0,Clay Loam,7.03,63.8,1400.0,31.4,66.0,Harvest,93.54,83.25
Andhra Pradesh,Co 86032,12618.0,Clay Loam,6.78,59.7,1400.0,31.4,68.7,Planting,83.25,84.76
Andhra Pradesh,Co 86032,13909.0,Clay Loam,7.21,63.1,1400.0,31.4,77.1,Germination,84.76,79.9
Andhra Pradesh,Co 86032,13857.0,Clay Loam,6.89,62.7,1400.0,31.4,60.7,Tillering,79.9,84.1
Andhra Pradesh,Co 86032,12405.0,Clay Loam,7.27,68.5,1400.0,31.4,71.5,Grand Growth,84.1,85.16
Andhra Pradesh,Co 86032,1600.0,Clay Loam,7.37,78.7,1400.0,31.4,59.9,Grand Growth,63.22,68.5
Andhra Pradesh,Co 86032,2100.0,Clay Loam,7.05,70.4,1400.0,31.4,74.5,Maturity,68.5,71.57
Andhra Pradesh,Co 86032,2229.0,Clay Loam,7.11,63.8,1400.0,31.4,63.7,Harvest,71.57,82.0
Andhra Pradesh,Co 86032,1696.0,Clay Loam,7.12,85.0,1400.0,31.4,67.7,Planting,82.0,79.85
Andhra Pradesh,Co 86032,1700.0,Clay Loam,6.73,66.5,1400.0,31.4,67.8,Germination,79.85,81.81
Andhra Pradesh,Co 86032,1738.0,Clay Loam,7.18,75.4,1400.0,31.4,78.9,Tillering,81.81,66.13
Andhra Pradesh,Co 86032,1547.0,Clay Loam,6.62,75.9,1400.0,31.4,63.2,Grand Growth,66.13,71.47
Andhra Pradesh,Co 86032,1972.0,Clay Loam,7.12,68.9,1400.0,31.4,65.8,Maturity,71.47,76.41
Andhra Pradesh,Co 86032,1953.0,Clay Loam,7.17,64.0,1400.0,31.4,68.6,Harvest,76.41,71.06
Andhra Pradesh,Co 86032,1721.0,Clay Loam,6.81,77.1,1400.0,31.4,72.4,Planting,71.06,78.98
Andhra Pradesh,Co 86032,2000.0,Clay Loam,6.97,66.2,1400.0,31.4,66.8,Germination,78.98,58.5
Andhra Pradesh,Co 86032,762.0,Clay Loam,6.96,66.1,1400.0,31.4,75.1,Tillering,58.5,75.33
Andhra Pradesh,Co 86032,409.0,Black Soil,6.79,68.0,1400.0,31.4,74.6,Grand Growth,75.33,100.74
Andhra Pradesh,Co 86032,908.0,Clay Loam,7.42,74.0,1400.0,31.4,64.2,Maturity,100.74,85.28
Andhra Pradesh,Co 86032,967.0,Clay Loam,6.46,77.7,1400.0,31.4,67.2,Harvest,85.28,104.0
Andhra Pradesh,Co 86032,573.0,Clay Loam,6.36,72.2,1400.0,31.4,72.5,Planting,104.0,93.88
Andhra Pradesh,Co 86032,420.0,Clay Loam,6.59,65.7,1400.0,31.4,73.1,Germination,93.88,102.86
Andhra Pradesh,Co 86032,470.0,Clay Loam,6.21,75.9,1400.0,31.4,56.5,Tillering,102.86,98.09
Andhra Pradesh,Co 86032,200.0,Clay Loam,6.91,67.4,1400.0,31.4,71.2,Germination,102.91,96.5
Andhra Pradesh,Co 86032,400.0,Clay Loam,6.87,69.3,1400.0,31.4,71.7,Tillering,96.5,95.5
Andhra Pradesh,Co 86032,425.0,Clay Loam,7.31,81.9,1400.0,31.4,74.1,Grand Growth,95.5,96.1
Andhra Pradesh,Co 86032,356.0,Clay Loam,6.69,74.9,1400.0,31.4,68.7,Maturity,96.1,92.36
Andhra Pradesh,Co 86032,674.0,Clay Loam,6.66,56.3,1400.0,31.4,66.3,Harvest,92.36,93.11
Andhra Pradesh,Co 86032,1063.0,Clay Loam,6.75,71.2,1400.0,31.4,59.7,Planting,93.11,73.86
Andhra Pradesh,Co 86032,555.0,Clay Loam,6.65,61.1,1400.0,31.4,71.8,Germination,73.86,72.49
Andhra Pradesh,Co 86032,377.0,Alluvial Soil,7.65,58.1,1400.0,31.4,63.1,Tillering,72.49,89.03
Andhra Pradesh,Co 86032,922.0,Clay Loam,6.87,65.3,1400.0,31.4,76.9,Grand Growth,89.03,95.8
Andhra Pradesh,Co 86032,2056.0,Clay Loam,7.3,69.7,1400.0,31.4,65.8,Maturity,95.8,97.8
Andhra Pradesh,Co 86032,1000.0,Clay Loam,6.96,78.8,1400.0,31.4,66.9,Harvest,97.8,82.0
Andhra Pradesh,Co 86032,68.0,Sandy Loam,6.89,61.9,1400.0,31.4,73.9,Planting,82.0,75.0
Andhra Pradesh,Co 86032,140.0,Clay Loam,6.69,63.9,1400.0,31.4,66.1,Germination,75.0,87.63
Andhra Pradesh,Co 86032,835.0,Clay Loam,6.64,72.0,1400.0,31.4,71.0,Tillering,87.63,90.31
Andhra Pradesh,Co 86032,735.0,Clay Loam,5.93,65.9,1400.0,31.4,68.0,Grand Growth,90.31,81.39
Andhra Pradesh,Co 86032,785.0,Clay Loam,7.15,77.1,1400.0,31.4,71.4,Maturity,81.39,75.86
Andhra Pradesh,Co 86032,550.0,Clay Loam,7.29,75.9,1400.0,31.4,67.4,Harvest,75.86,64.4
Andhra Pradesh,Co 86032,373.0,Clay Loam,7.05,70.4,1400.0,31.4,69.6,Planting,64.4,82.09
Andhra Pradesh,Co 86032,963.0,Clay Loam,6.66,71.2,1400.0,31.4,69.9,Germination,8940.0,0.1
Andhra Pradesh,Co 86032,15400.0,Clay Loam,7.38,72.2,1400.0,31.4,68.0,Germination,105.49,106.1
Andhra Pradesh,Co 86032,17300.0,Clay Loam,6.85,71.8,1400.0,31.4,76.4,Tillering,106.1,107.09
Andhra Pradesh,Co 86032,15572.0,Clay Loam,7.06,66.1,1400.0,31.4,69.9,Grand Growth,107.09,117.24
Andhra Pradesh,Co 86032,12658.0,Clay Loam,7.01,71.9,1400.0,31.4,62.4,Maturity,117.24,109.22
Andhra Pradesh,Co 86032,10690.0,Clay Loam,6.32,78.0,1400.0,31.4,60.5,Harvest,109.22,104.04
Andhra Pradesh,Co 86032,15203.0,Clay Loam,7.06,75.0,1400.0,31.4,64.7,Planting,104.04,100.98
Andhra Pradesh,Co 86032,17524.0,Clay Loam,6.83,71.1,1400.0,31.4,69.7,Germination,100.98,75.44
Andhra Pradesh,Co 86032,18699.0,Clay Loam,6.76,67.6,1400.0,31.4,74.5,Tillering,75.44,100.77
Andhra Pradesh,Co 86032,21680.0,Clay Loam,6.88,72.1,1400.0,31.4,58.6,Grand Growth,100.77,83.49
Andhra Pradesh,Co 86032,21424.0,Black Soil,8.09,64.8,1400.0,31.4,69.5,Maturity,83.49,91.4
Andhra Pradesh,Co 86032,16000.0,Sandy Loam,6.89,52.3,1400.0,31.4,70.2,Harvest,91.4,103.44
Andhra Pradesh,Co 86032,11255.0,Alluvial Soil,7.16,55.5,1400.0,31.4,77.3,Planting,103.44,95.37
Andhra Pradesh,Co 86032,9494.0,Clay Loam,6.94,64.3,1400.0,31.4,71.3,Germination,95.37,87.36
Andhra Pradesh,Co 86032,16144.0,Clay Loam,6.8,63.8,1400.0,31.4,73.8,Tillering,87.36,94.63
Andhra Pradesh,Co 86032,16024.0,Clay Loam,6.84,61.3,1400.0,31.4,70.6,Grand Growth,94.63,101.21
Andhra Pradesh,Co 86032,15585.0,Clay Loam,6.92,64.8,1400.0,31.4,64.9,Maturity,101.21,88.16
Andhra Pradesh,Co 86032,16123.0,Clay Loam,6.57,61.2,1400.0,31.4,76.0,Harvest,88.16,89.8
Andhra Pradesh,Co 86032,16719.0,Clay Loam,7.34,81.5,1400.0,31.4,72.1,Planting,89.8,83.79
Andhra Pradesh,Co 86032,100.0,Clay Loam,7.29,62.2,1400.0,31.4,61.7,Planting,105.13,99.0
Andhra Pradesh,Co 86032,200.0,Clay Loam,6.9,72.0,1400.0,31.4,61.1,Germination,99.0,75.5
Andhra Pradesh,Co 86032,176.0,Clay Loam,6.85,61.4,1400.0,31.4,66.2,Tillering,75.5,88.75
Andhra Pradesh,Co 86032,47.0,Clay Loam,7.12,79.8,1400.0,31.4,70.0,Grand Growth,88.75,71.89
Andhra Pradesh,Co 86032,48.0,Clay Loam,6.88,79.7,1400.0,31.4,70.7,Maturity,71.89,86.98
Andhra Pradesh,Co 86032,80.0,Clay Loam,6.78,72.8,1400.0,31.4,71.8,Harvest,86.98,73.83
Andhra Pradesh,Co 86032,435.0,Clay Loam,6.67,73.6,1400.0,31.4,74.2,Planting,73.83,72.5
Andhra Pradesh,Co 86032,393.0,Clay Loam,7.11,74.3,1400.0,31.4,69.4,Germination,72.5,87.52
Andhra Pradesh,Co 86032,1817.0,Clay Loam,6.43,57.3,1400.0,31.4,79.6,Tillering,87.52,96.66
Andhra Pradesh,Co 86032,2246.0,Clay Loam,7.08,83.3,1400.0,31.4,64.2,Grand Growth,96.66,93.8
Andhra Pradesh,Co 86032,2000.0,Clay Loam,6.73,78.0,1400.0,31.4,66.5,Maturity,93.8,71.5
Andhra Pradesh,Co 86032,1055.0,Red Loam,6.53,64.0,1400.0,31.4,68.5,Harvest,71.5,89.84
Andhra Pradesh,Co 86032,1406.0,Clay Loam,6.97,72.5,1400.0,31.4,66.3,Planting,89.84,82.62
Andhra Pradesh,Co 86032,1738.0,Clay Loam,7.01,70.7,1400.0,31.4,67.2,Germination,82.62,97.19
Andhra Pradesh,Co 86032,985.0,Clay Loam,7.48,74.7,1400.0,31.4,67.9,Tillering,97.19,101.79
Andhra Pradesh,Co 86032,1468.0,Clay Loam,6.33,57.8,1400.0,31.4,64.3,Grand Growth,101.79,94.36
Andhra Pradesh,Co 86032,751.0,Clay Loam,6.8,69.1,1400.0,31.4,61.4,Maturity,94.36,107.08
Andhra Pradesh,Co 86032,714.0,Alluvial Soil,7.37,51.7,1400.0,31.4,69.8,Harvest,107.08,116.79
Andhra Pradesh,Co 86032,400.0,Red Loam,6.6,54.6,1400.0,31.4,64.9,Grand Growth,70.92,68.0
Andhra Pradesh,Co 86032,300.0,Clay Loam,7.17,66.1,1400.0,31.4,69.7,Maturity,68.0,75.33
Andhra Pradesh,Co 86032,343.0,Clay Loam,7.01,63.9,1400.0,31.4,73.5,Harvest,75.33,79.49
Andhra Pradesh,Co 86032,272.0,Clay Loam,7.32,66.9,1400.0,31.4,71.3,Planting,79.49,80.28
Andhra Pradesh,Co 86032,287.0,Clay Loam,7.13,63.1,1400.0,31.4,68.0,Germination,80.28,81.75
Andhra Pradesh,Co 86032,376.0,Clay Loam,6.78,74.8,1400.0,31.4,66.5,Tillering,81.75,65.0
Andhra Pradesh,Co 86032,289.0,Clay Loam,7.17,80.3,1400.0,31.4,71.4,Grand Growth,65.0,71.01
Andhra Pradesh,Co 86032,144.0,Clay Loam,6.6,70.0,1400.0,31.4,66.7,Maturity,71.01,74.42
Andhra Pradesh,Co 86032,89.0,Clay Loam,7.13,68.7,1400.0,31.4,72.6,Harvest,74.42,71.96
Andhra Pradesh,Co 86032,124.0,Clay Loam,6.95,67.8,1400.0,31.4,82.5,Planting,71.96,79.47
Andhra Pradesh,Co 86032,251.0,Clay Loam,6.91,73.0,1400.0,31.4,75.3,Germination,79.47,80.0
Andhra Pradesh,Co 86032,144.0,Clay Loam,6.72,71.5,1400.0,31.4,66.8,Tillering,80.0,74.0
Andhra Pradesh,Co 86032,331.0,Clay Loam,6.79,64.6,1400.0,31.4,64.0,Grand Growth,74.0,82.0
Andhra Pradesh,Co 86032,423.0,Clay Loam,7.29,72.7,1400.0,31.4,65.8,Maturity,82.0,81.0
Andhra Pradesh,Co 86032,661.0,Clay Loam,6.72,63.3,1400.0,31.4,68.2,Harvest,81.0,76.91
Andhra Pradesh,Co 86032,673.0,Alluvial Soil,6.63,58.0,1400.0,31.4,55.4,Planting,76.91,78.95
Andhra Pradesh,Co 86032,900.0,Clay Loam,7.12,70.9,1400.0,31.4,68.3,Germination,78.95,72.0
Andhra Pradesh,Co 86032,5700.0,Clay Loam,7.19,63.6,1400.0,31.4,65.8,Maturity,73.47,78.3
Andhra Pradesh,Co 86032,6100.0,Clay Loam,6.7,71.6,1400.0,31.4,69.1,Harvest,78.3,89.52
Andhra Pradesh,Co 86032,6562.0,Clay Loam,6.93,65.5,1400.0,31.4,74.9,Planting,89.52,93.67
Andhra Pradesh,Co 86032,7872.0,Clay Loam,6.65,57.5,1400.0,31.4,62.5,Germination,93.67,80.44
Andhra Pradesh,Co 86032,9842.0,Clay Loam,6.77,60.4,1400.0,31.4,58.7,Tillering,80.44,88.32
Andhra Pradesh,Co 86032,6986.0,Clay Loam,7.31,73.2,1400.0,31.4,61.0,Grand Growth,88.32,104.19
Andhra Pradesh,Co 86032,5694.0,Clay Loam,7.58,65.6,1400.0,31.4,79.0,Maturity,104.19,96.1
Andhra Pradesh,Co 86032,5521.0,Clay Loam,5.9,64.7,1400.0,31.4,67.8,Harvest,96.1,94.53
Andhra Pradesh,Co 86032,7790.0,Clay Loam,6.67,69.4,1400.0,31.4,73.9,Planting,94.53,93.97
Andhra Pradesh,Co 86032,10395.0,Clay Loam,7.17,75.1,1400.0,31.4,68.0,Germination,93.97,114.44
Andhra Pradesh,Co 86032,10000.0,Clay Loam,6.68,84.4,1400.0,31.4,66.2,Tillering,114.44,94.6
Andhra Pradesh,Co 86032,7825.0,Clay Loam,6.94,70.0,1400.0,31.4,74.1,Grand Growth,94.6,87.81
Andhra Pradesh,Co 86032,4832.0,Clay Loam,7.14,69.1,1400.0,31.4,72.4,Maturity,87.81,100.77
Andhra Pradesh,Co 86032,7172.0,Clay Loam,6.92,62.7,1400.0,31.4,67.9,Harvest,100.77,91.87
Andhra Pradesh,Co 86032,9061.0,Clay Loam,6.96,73.1,1400.0,31.4,65.7,Planting,91.87,107.76
Andhra Pradesh,Co 86032,9896.0,Clay Loam,7.03,74.2,1400.0,31.4,71.0,Germination,107.76,98.25
Andhra Pradesh,Co 86032,7835.0,Clay Loam,6.96,75.0,1400.0,31.4,73.0,Tillering,98.25,104.37
Andhra Pradesh,Co 86032,4002.0,Clay Loam,6.76,65.0,1400.0,31.4,75.2,Grand Growth,104.37,98.43
Andhra Pradesh,Co 86032,4900.0,Clay Loam,6.8,70.0,1400.0,31.4,71.7,Grand Growth,75.15,69.76
Andhra Pradesh,Co 86032,6900.0,Clay Loam,6.63,60.9,1400.0,31.4,69.0,Maturity,69.76,69.28
Andhra Pradesh,Co 86032,3956.0,Clay Loam,7.14,60.8,1400.0,31.4,74.6,Harvest,69.28,81.04
Andhra Pradesh,Co 86032,2733.0,Clay Loam,6.77,67.7,1400.0,31.4,64.1,Planting,81.04,75.8
Andhra Pradesh,Co 86032,6631.0,Alluvial Soil,6.61,69.0,1400.0,31.4,72.1,Germination,75.8,81.44
Andhra Pradesh,Co 86032,3150.0,Clay Loam,7.1,74.9,1400.0,31.4,70.6,Tillering,81.44,65.79
Andhra Pradesh,Co 86032,6835.0,Clay Loam,6.62,68.1,1400.0,31.4,71.9,Grand Growth,65.79,71.29
Andhra Pradesh,Co 86032,9065.0,Clay Loam,7.13,69.2,1400.0,31.4,66.2,Maturity,71.29,76.13
Andhra Pradesh,Co 86032,11004.0,Clay Loam,6.8,60.4,1400.0,31.4,70.3,Harvest,76.13,72.87
Andhra Pradesh,Co 86032,12171.0,Clay Loam,7.06,60.9,1400.0,31.4,64.7,Planting,72.87,76.09
Andhra Pradesh,Co 86032,11000.0,Clay Loam,7.06,81.5,1400.0,31.4,60.5,Germination,76.09,70.73
Andhra Pradesh,Co 86032,7139.0,Sandy Loam,6.68,56.3,1400.0,31.4,60.5,Tillering,70.73,76.77
Andhra Pradesh,Co 86032,4028.0,Clay Loam,6.98,71.2,1400.0,31.4,67.9,Grand Growth,76.77,71.41
Andhra Pradesh,Co 86032,3176.0,Clay Loam,6.61,61.0,1400.0,31.4,63.0,Maturity,71.41,56.96
Andhra Pradesh,Co 86032,7862.0,Clay Loam,7.12,64.2,1400.0,31.4,77.3,Harvest,56.96,69.82
Andhra Pradesh,Co 86032,6235.0,Clay Loam,6.88,65.4,1400.0,31.4,74.2,Planting,69.82,78.85
Andhra Pradesh,Co 86032,5682.0,Black Soil,7.37,70.1,1400.0,31.4,72.4,Germination,78.85,69.66
Andhra Pradesh,Co 86032,6378.0,Sandy Loam,6.27,62.6,1400.0,31.4,73.3,Tillering,69.66,68.31
Andhra Pradesh,Co 86032,40400.0,Clay Loam,7.28,69.9,1400.0,31.4,74.4,Tillering,45.0,40.52
Andhra Pradesh,Co 86032,42300.0,Clay Loam,6.79,67.3,1400.0,31.4,59.5,Grand Growth,40.52,43.6
Andhra Pradesh,Co 86032,42490.0,Clay Loam,6.67,67.8,1400.0,31.4,72.4,Maturity,43.6,55.36
Andhra Pradesh,Co 86032,42621.0,Clay Loam,6.63,52.7,1400.0,31.4,76.1,Harvest,55.36,60.77
Andhra Pradesh,Co 86032,36135.0,Clay Loam,6.54,63.9,1400.0,31.4,76.4,Planting,60.77,59.99
Andhra Pradesh,Co 86032,44085.0,Red Loam,7.46,51.6,1400.0,31.4,75.6,Germination,59.99,36.04
Andhra Pradesh,Co 86032,38962.0,Clay Loam,7.02,65.1,1400.0,31.4,59.7,Tillering,36.04,50.92
Andhra Pradesh,Co 86032,41522.0,Clay Loam,7.19,74.3,1400.0,31.4,70.6,Grand Growth,50.92,51.04
Andhra Pradesh,Co 86032,41535.0,Clay Loam,7.1,76.3,1400.0,31.4,69.5,Maturity,51.04,49.21
Andhra Pradesh,Co 86032,42589.0,Clay Loam,6.71,66.8,1400.0,31.4,80.8,Harvest,49.21,58.5
Andhra Pradesh,Co 86032,41000.0,Black Soil,7.24,78.5,1400.0,31.4,76.6,Planting,58.5,62.29
Andhra Pradesh,Co 86032,38998.0,Clay Loam,6.75,64.2,1400.0,31.4,67.8,Germination,62.29,56.45
Andhra Pradesh,Co 86032,40038.0,Clay Loam,6.62,68.8,1400.0,31.4,65.5,Tillering,56.45,46.1
Andhra Pradesh,Co 86032,38819.0,Clay Loam,6.97,73.1,1400.0,31.4,63.9,Grand Growth,46.1,57.23
Andhra Pradesh,Co 86032,37862.0,Sandy Loam,7.03,62.0,1400.0,31.4,61.6,Maturity,57.23,56.86
Andhra Pradesh,Co 86032,37322.0,Clay Loam,6.96,65.0,1400.0,31.4,68.6,Harvest,56.86,55.51
Andhra Pradesh,Co 86032,37603.0,Clay Loam,7.07,66.5,1400.0,31.4,66.8,Planting,55.51,55.94
Andhra Pradesh,Co 86032,37535.0,Sandy Loam,6.76,53.6,1400.0,31.4,76.4,Germination,55.94,48.33
Andhra Pradesh,Co 86032,10000.0,Clay Loam,7.0,64.8,1400.0,31.4,67.4,Germination,59.91,60.11
Andhra Pradesh,Co 86032,11600.0,Clay Loam,6.7,70.0,1400.0,31.4,65.1,Tillering,60.11,62.14
Andhra Pradesh,Co 86032,11231.0,Red Loam,6.44,56.6,1400.0,31.4,60.5,Grand Growth,62.14,70.63
Andhra Pradesh,Co 86032,10184.0,Red Loam,6.43,52.2,1400.0,31.4,68.4,Maturity,70.63,73.65
Andhra Pradesh,Co 86032,10614.0,Clay Loam,7.15,64.0,1400.0,31.4,64.5,Harvest,73.65,68.98
Andhra Pradesh,Co 86032,13400.0,Clay Loam,6.9,70.3,1400.0,31.4,66.7,Planting,68.98,43.25
Andhra Pradesh,Co 86032,13501.0,Sandy Loam,7.81,54.1,1400.0,31.4,66.6,Germination,43.25,49.54
Andhra Pradesh,Co 86032,15635.0,Clay Loam,7.19,71.8,1400.0,31.4,61.1,Tillering,49.54,62.02
Andhra Pradesh,Co 86032,18077.0,Red Loam,6.37,55.4,1400.0,31.4,72.0,Grand Growth,62.02,49.42
Andhra Pradesh,Co 86032,20695.0,Clay Loam,6.82,65.2,1400.0,31.4,70.9,Maturity,49.42,55.18
Andhra Pradesh,Co 86032,22000.0,Clay Loam,7.19,70.4,1400.0,31.4,68.8,Harvest,55.18,56.64
Andhra Pradesh,Co 86032,15900.0,Clay Loam,6.86,71.1,1400.0,31.4,77.1,Planting,56.64,52.64
Andhra Pradesh,Co 86032,12077.0,Clay Loam,7.08,67.3,1400.0,31.4,59.8,Germination,52.64,50.9
Andhra Pradesh,Co 86032,15208.0,Clay Loam,6.65,70.1,1400.0,31.4,68.2,Tillering,50.9,63.95
Andhra Pradesh,Co 86032,16185.0,Clay Loam,6.89,66.9,1400.0,31.4,67.7,Grand Growth,63.95,65.29
Andhra Pradesh,Co 86032,16021.0,Clay Loam,7.21,73.1,1400.0,31.4,73.2,Maturity,65.29,62.21
Andhra Pradesh,Co 86032,16894.0,Clay Loam,7.04,67.6,1400.0,31.4,66.3,Harvest,62.21,62.87
Andhra Pradesh,Co 86032,14463.0,Clay Loam,7.42,64.6,1400.0,31.4,79.4,Planting,62.87,60.52
Andhra Pradesh,Co 86032,27600.0,Clay Loam,6.72,66.3,1400.0,31.4,68.5,Planting,81.84,78.14
Andhra Pradesh,Co 86032,29000.0,Clay Loam,7.22,68.7,1400.0,31.4,72.7,Germination,78.14,80.04
Andhra Pradesh,Co 86032,30006.0,Clay Loam,6.92,65.7,1400.0,31.4,75.1,Tillering,80.04,96.4
Andhra Pradesh,Co 86032,38177.0,Clay Loam,7.15,73.4,1400.0,31.4,65.7,Grand Growth,96.4,72.45
Andhra Pradesh,Co 86032,32855.0,Clay Loam,6.38,76.0,1400.0,31.4,66.5,Maturity,72.45,93.45
Andhra Pradesh,Co 86032,34992.0,Clay Loam,6.64,67.3,1400.0,31.4,71.1,Harvest,93.45,83.33
Andhra Pradesh,Co 86032,32723.0,Clay Loam,6.57,61.7,1400.0,31.4,82.1,Planting,83.33,91.42
Andhra Pradesh,Co 86032,33640.0,Clay Loam,6.94,54.1,1400.0,31.4,77.4,Germination,91.42,90.09
Andhra Pradesh,Co 86032,34369.0,Clay Loam,6.72,68.0,1400.0,31.4,74.0,Tillering,90.09,89.84
Andhra Pradesh,Co 86032,36365.0,Clay Loam,6.52,78.0,1400.0,31.4,77.5,Grand Growth,89.84,91.56
Andhra Pradesh,Co 86032,35000.0,Clay Loam,6.48,71.7,1400.0,31.4,70.9,Maturity,91.56,95.17
Andhra Pradesh,Co 86032,29394.0,Clay Loam,6.62,80.8,1400.0,31.4,62.0,Harvest,95.17,101.42
Andhra Pradesh,Co 86032,20329.0,Black Soil,7.24,59.5,1400.0,31.4,57.2,Planting,101.42,99.75
Andhra Pradesh,Co 86032,26564.0,Clay Loam,7.11,71.9,1400.0,31.4,71.2,Germination,99.75,95.88
Andhra Pradesh,Co 86032,27054.0,Clay Loam,6.63,69.0,1400.0,31.4,69.1,Tillering,95.88,92.66
Andhra Pradesh,Co 86032,24411.0,Clay Loam,6.58,79.7,1400.0,31.4,71.9,Grand Growth,92.66,89.09
Andhra Pradesh,Co 86032,24026.0,Clay Loam,6.96,67.5,1400.0,31.4,59.1,Maturity,89.09,92.15
Andhra Pradesh,Co 86032,19090.0,Clay Loam,6.71,64.6,1400.0,31.4,68.4,Harvest,92.15,90.74
Arunachal Pradesh,Co 86032,5.0,Alluvial Soil,7.64,53.6,1400.0,31.4,72.5,Harvest,45.0,10.0
Arunachal Pradesh,Co 86032,7.0,Alluvial Soil,7.27,62.5,1400.0,31.4,76.3,Planting,45.0,10.0
Arunachal Pradesh,Co 86032,7.0,Black Soil,7.64,74.4,1400.0,31.4,71.3,Germination,45.0,1.0
Arunachal Pradesh,Co 86032,6.0,Alluvial Soil,7.29,58.2,1400.0,31.4,75.9,Tillering,45.0,6.0
Arunachal Pradesh,Co 86032,7.0,Alluvial Soil,7.62,53.1,1400.0,31.4,70.3,Grand Growth,45.0,5.43
Arunachal Pradesh,Co 86032,6.0,Alluvial Soil,6.95,53.6,1400.0,31.4,71.9,Maturity,45.0,5.17
Arunachal Pradesh,Co 86032,7.0,Alluvial Soil,7.62,57.2,1400.0,31.4,71.5,Germination,1000.0,100.0
Arunachal Pradesh,Co 86032,230.0,Alluvial Soil,7.14,58.3,1400.0,31.4,66.8,Harvest,45.0,20.41
Arunachal Pradesh,Co 86032,240.0,Alluvial Soil,7.43,62.6,1400.0,31.4,68.7,Planting,20.41,19.38
Arunachal Pradesh,Co 86032,255.0,Alluvial Soil,7.36,48.2,1400.0,31.4,63.2,Germination,45.0,18.82
Arunachal Pradesh,Co 86032,215.0,Alluvial Soil,7.17,67.1,1400.0,31.4,74.5,Tillering,45.0,3.01
Arunachal Pradesh,Co 86032,220.0,Alluvial Soil,6.96,63.8,1400.0,31.4,72.3,Grand Growth,45.0,2.75
Arunachal Pradesh,Co 86032,170.0,Alluvial Soil,6.72,64.5,1400.0,31.4,61.6,Maturity,45.0,3.0
Arunachal Pradesh,Co 86032,145.0,Alluvial Soil,7.06,47.8,1400.0,31.4,77.6,Harvest,45.0,6.72
Arunachal Pradesh,Co 86032,100.0,Alluvial Soil,6.32,56.4,1400.0,31.4,71.2,Planting,45.0,16.0
Arunachal Pradesh,Co 86032,214.0,Alluvial Soil,6.88,67.8,1400.0,31.4,77.0,Germination,45.0,7.0
Arunachal Pradesh,Co 86032,392.0,Alluvial Soil,6.7,63.3,1400.0,31.4,74.7,Tillering,45.0,7.09
Arunachal Pradesh,Co 86032,426.0,Alluvial Soil,7.01,66.3,1400.0,31.4,61.2,Grand Growth,45.0,11.5
Arunachal Pradesh,Co 86032,480.0,Alluvial Soil,7.05,53.5,1400.0,31.4,74.3,Maturity,45.0,12.94
Arunachal Pradesh,Co 86032,545.0,Alluvial Soil,6.51,49.4,1400.0,31.4,80.2,Harvest,45.0,13.01
Arunachal Pradesh,Co 86032,595.0,Alluvial Soil,6.71,47.2,1400.0,31.4,61.7,Planting,45.0,13.01
Arunachal Pradesh,Co 86032,620.0,Alluvial Soil,7.46,67.7,1400.0,31.4,67.0,Germination,45.0,13.22
Arunachal Pradesh,Co 86032,561.0,Alluvial Soil,6.95,49.6,1400.0,31.4,69.5,Tillering,45.0,12.65
Arunachal Pradesh,Co 86032,586.0,Alluvial Soil,7.29,51.6,1400.0,31.4,70.3,Grand Growth,45.0,12.99
Arunachal Pradesh,Co 86032,100.0,Alluvial Soil,7.69,57.4,1400.0,31.4,68.2,Tillering,45.0,20.0
Arunachal Pradesh,Co 86032,80.0,Alluvial Soil,7.22,44.5,1400.0,31.4,71.4,Grand Growth,45.0,21.0
Arunachal Pradesh,Co 86032,25.0,Alluvial Soil,6.88,60.6,1400.0,31.4,71.8,Maturity,21.0,6.52
Arunachal Pradesh,Co 86032,115.0,Alluvial Soil,6.86,49.7,1400.0,31.4,73.3,Tillering,45.0,13.91
Arunachal Pradesh,Co 86032,25.0,Alluvial Soil,7.16,54.6,1400.0,31.4,70.1,Grand Growth,45.0,7.48
Arunachal Pradesh,Co 86032,118.0,Black Soil,7.5,62.1,1400.0,31.4,72.5,Planting,45.0,41.8
Arunachal Pradesh,Co 86032,133.0,Alluvial Soil,7.19,56.6,1400.0,31.4,65.5,Germination,41.8,42.23
Arunachal Pradesh,Co 86032,140.0,Black Soil,7.52,66.0,1400.0,31.4,68.0,Tillering,42.23,42.14
Arunachal Pradesh,Co 86032,150.0,Alluvial Soil,7.47,56.3,1400.0,31.4,72.8,Grand Growth,42.14,40.67
Arunachal Pradesh,Co 86032,160.0,Sandy Loam,7.11,65.3,1400.0,31.4,67.8,Maturity,40.67,40.0
Arunachal Pradesh,Co 86032,160.0,Alluvial Soil,7.14,49.3,1400.0,31.4,64.2,Harvest,40.0,40.62
Arunachal Pradesh,Co 86032,160.0,Alluvial Soil,6.61,44.1,1400.0,31.4,64.3,Planting,40.62,39.59
Arunachal Pradesh,Co 86032,15.0,Alluvial Soil,6.71,58.0,1400.0,31.4,66.3,Germination,39.59,10.0
Arunachal Pradesh,Co 86032,160.0,Alluvial Soil,6.89,70.5,1400.0,31.4,65.9,Tillering,45.0,40.62
Arunachal Pradesh,Co 86032,160.0,Alluvial Soil,6.96,50.1,1400.0,31.4,69.2,Grand Growth,40.62,40.62
Arunachal Pradesh,Co 86032,179.0,Alluvial Soil,6.64,71.6,1400.0,31.4,74.4,Maturity,40.62,40.67
Arunachal Pradesh,Co 86032,195.0,Alluvial Soil,7.3,55.5,1400.0,31.4,72.2,Harvest,40.67,33.94
Arunachal Pradesh,Co 86032,240.0,Clay Loam,7.01,72.3,1400.0,31.4,68.4,Planting,33.94,39.25
Arunachal Pradesh,Co 86032,242.0,Alluvial Soil,6.59,51.1,1400.0,31.4,68.8,Germination,39.25,39.31
Arunachal Pradesh,Co 86032,241.0,Alluvial Soil,6.77,59.4,1400.0,31.4,59.7,Tillering,39.31,40.17
Arunachal Pradesh,Co 86032,95.0,Alluvial Soil,6.8,51.1,1400.0,31.4,74.0,Grand Growth,40.17,10.0
Arunachal Pradesh,Co 86032,281.0,Alluvial Soil,7.03,60.3,1400.0,31.4,64.5,Maturity,45.0,36.5
Arunachal Pradesh,Co 86032,306.0,Alluvial Soil,7.15,65.4,1400.0,31.4,64.6,Harvest,36.5,35.21
Arunachal Pradesh,Co 86032,25.0,Alluvial Soil,7.08,54.4,1400.0,31.4,69.9,Planting,45.0,13.2
Arunachal Pradesh,Co 86032,20.0,Alluvial Soil,7.11,52.8,1400.0,31.4,69.5,Germination,45.0,12.9
Arunachal Pradesh,Co 86032,82.0,Alluvial Soil,6.9,52.8,1400.0,31.4,63.1,Tillering,45.0,16.63
Arunachal Pradesh,Co 86032,98.0,Alluvial Soil,7.01,53.0,1400.0,31.4,75.5,Grand Growth,45.0,29.56
Arunachal Pradesh,Co 86032,15.0,Alluvial Soil,7.18,58.9,1400.0,31.4,63.4,Tillering,45.0,7.0
Arunachal Pradesh,Co 86032,15.0,Sandy Loam,7.29,47.8,1400.0,31.4,77.4,Grand Growth,45.0,7.0
Arunachal Pradesh,Co 86032,15.0,Alluvial Soil,7.18,57.0,1400.0,31.4,70.9,Maturity,45.0,7.2
Arunachal Pradesh,Co 86032,16.0,Alluvial Soil,6.67,62.9,1400.0,31.4,59.7,Harvest,45.0,6.88
Arunachal Pradesh,Co 86032,16.0,Alluvial Soil,7.43,53.8,1400.0,31.4,70.8,Planting,45.0,10.0
Arunachal Pradesh,Co 86032,16.0,Alluvial Soil,6.77,53.5,1400.0,31.4,65.7,Germination,45.0,10.0
Arunachal Pradesh,Co 86032,15.0,Alluvial Soil,7.04,61.2,1400.0,31.4,66.2,Tillering,45.0,10.0
Arunachal Pradesh,Co 86032,10.0,Alluvial Soil,6.77,48.9,1400.0,31.4,73.0,Grand Growth,45.0,20.0
Arunachal Pradesh,Co 86032,16.0,Alluvial Soil,7.04,53.2,1400.0,31.4,59.5,Maturity,45.0,11.0
Arunachal Pradesh,Co 86032,20.0,Alluvial Soil,7.13,52.9,1400.0,31.4,71.2,Harvest,45.0,6.65
Arunachal Pradesh,Co 86032,20.0,Alluvial Soil,7.26,54.0,1400.0,31.4,57.6,Planting,45.0,6.5
Arunachal Pradesh,Co 86032,21.0,Sandy Loam,7.15,61.6,1400.0,31.4,73.1,Germination,45.0,6.38
Arunachal Pradesh,Co 86032,30.0,Alluvial Soil,6.75,59.0,1400.0,31.4,71.4,Tillering,45.0,6.33
Arunachal Pradesh,Co 86032,31.0,Alluvial Soil,7.01,50.1,1400.0,31.4,67.3,Grand Growth,45.0,6.52
Arunachal Pradesh,Co 86032,31.0,Alluvial Soil,6.64,57.2,1400.0,31.4,75.9,Maturity,45.0,6.74
Arunachal Pradesh,Co 86032,27.0,Alluvial Soil,7.35,58.5,1400.0,31.4,69.5,Harvest,45.0,6.59
Arunachal Pradesh,Co 86032,52.0,Alluvial Soil,7.1,64.0,1400.0,31.4,67.1,Planting,45.0,13.37
Arunachal Pradesh,Co 86032,92.0,Red Loam,6.27,56.0,1400.0,31.4,74.3,Harvest,45.0,20.43
Arunachal Pradesh,Co 86032,95.0,Alluvial Soil,6.87,56.9,1400.0,31.4,69.4,Planting,20.43,20.0
Arunachal Pradesh,Co 86032,150.0,Alluvial Soil,7.03,71.8,1400.0,31.4,70.3,Germination,45.0,6.67
Arunachal Pradesh,Co 86032,12.0,Alluvial Soil,7.01,57.4,1400.0,31.4,56.7,Tillering,45.0,20.0
Arunachal Pradesh,Co 86032,80.0,Alluvial Soil,7.25,46.2,1400.0,31.4,69.6,Grand Growth,45.0,10.0
Arunachal Pradesh,Co 86032,85.0,Alluvial Soil,6.91,52.2,1400.0,31.4,70.7,Maturity,45.0,10.0
Arunachal Pradesh,Co 86032,85.0,Alluvial Soil,6.81,52.9,1400.0,31.4,71.4,Harvest,45.0,10.0
Arunachal Pradesh,Co 86032,86.0,Alluvial Soil,7.08,54.5,1400.0,31.4,66.5,Planting,45.0,10.0
Arunachal Pradesh,Co 86032,101.0,Alluvial Soil,7.19,57.1,1400.0,31.4,66.2,Germination,45.0,10.0
Arunachal Pradesh,Co 86032,100.0,Alluvial Soil,6.88,62.5,1400.0,31.4,61.6,Tillering,45.0,10.3
Arunachal Pradesh,Co 86032,100.0,Alluvial Soil,6.79,56.2,1400.0,31.4,68.3,Grand Growth,45.0,7.0
Arunachal Pradesh,Co 86032,125.0,Alluvial Soil,7.4,55.1,1400.0,31.4,75.3,Maturity,45.0,9.74
Arunachal Pradesh,Co 86032,15.0,Alluvial Soil,7.09,54.7,1400.0,31.4,68.4,Planting,45.0,37.33
Arunachal Pradesh,Co 86032,90.0,Alluvial Soil,7.1,50.3,1400.0,31.4,69.8,Germination,37.33,6.0
Arunachal Pradesh,Co 86032,100.0,Alluvial Soil,7.1,57.7,1400.0,31.4,72.2,Tillering,45.0,10.0
Arunachal Pradesh,Co 86032,10.0,Alluvial Soil,6.81,51.4,1400.0,31.4,69.2,Grand Growth,45.0,10.0
Arunachal Pradesh,Co 86032,68.0,Alluvial Soil,7.05,48.8,1400.0,31.4,77.9,Maturity,45.0,13.38
Arunachal Pradesh,Co 86032,75.0,Alluvial Soil,6.62,63.2,1400.0,31.4,66.0,Harvest,45.0,13.49
Arunachal Pradesh,Co 86032,21.0,Alluvial Soil,7.3,69.9,1400.0,31.4,66.9,Planting,45.0,7.1
Arunachal Pradesh,Co 86032,92.0,Black Soil,7.19,70.0,1400.0,31.4,66.1,Germination,45.0,14.52
Arunachal Pradesh,Co 86032,94.0,Alluvial Soil,7.13,55.6,1400.0,31.4,77.9,Tillering,45.0,14.5
Arunachal Pradesh,Co 86032,100.0,Alluvial Soil,7.13,64.8,1400.0,31.4,65.3,Grand Growth,45.0,14.5
Arunachal Pradesh,Co 86032,105.0,Alluvial Soil,7.3,54.3,1400.0,31.4,75.1,Maturity,45.0,14.5
Arunachal Pradesh,Co 86032,109.0,Alluvial Soil,6.97,62.3,1400.0,31.4,65.4,Harvest,45.0,14.55
Arunachal Pradesh,Co 86032,90.0,Alluvial Soil,7.28,49.5,1400.0,31.4,75.9,Planting,45.0,30.1
Arunachal Pradesh,Co 86032,90.0,Alluvial Soil,6.95,64.3,1400.0,31.4,72.5,Germination,30.1,30.56
Arunachal Pradesh,Co 86032,90.0,Alluvial Soil,6.91,57.3,1400.0,31.4,73.9,Tillering,30.56,30.56
Arunachal Pradesh,Co 86032,90.0,Alluvial Soil,7.18,60.6,1400.0,31.4,73.0,Grand Growth,30.56,30.56
Arunachal Pradesh,Co 86032,115.0,Alluvial Soil,6.99,50.7,1400.0,31.4,65.1,Maturity,30.56,28.41
Arunachal Pradesh,Co 86032,95.0,Alluvial Soil,6.51,57.9,1400.0,31.4,72.2,Tillering,45.0,10.26
Arunachal Pradesh,Co 86032,107.0,Alluvial Soil,7.16,49.0,1400.0,31.4,68.5,Grand Growth,45.0,9.34
Arunachal Pradesh,Co 86032,77.0,Black Soil,7.72,59.0,1400.0,31.4,70.8,Maturity,45.0,7.45
Arunachal Pradesh,Co 86032,115.0,Alluvial Soil,6.71,56.1,1400.0,31.4,70.5,Harvest,45.0,14.78
Arunachal Pradesh,Co 86032,120.0,Alluvial Soil,6.99,58.8,1400.0,31.4,77.9,Planting,45.0,15.58
Arunachal Pradesh,Co 86032,130.0,Alluvial Soil,6.74,51.2,1400.0,31.4,69.1,Germination,45.0,14.54
Arunachal Pradesh,Co 86032,118.0,Alluvial Soil,6.57,58.5,1400.0,31.4,65.0,Tillering,45.0,15.36
Arunachal Pradesh,Co 86032,160.0,Alluvial Soil,7.4,49.8,1400.0,31.4,70.3,Grand Growth,45.0,39.59
Arunachal Pradesh,Co 86032,200.0,Alluvial Soil,7.03,59.0,1400.0,31.4,72.0,Maturity,39.59,16.7
Arunachal Pradesh,Co 86032,175.0,Alluvial Soil,7.17,49.2,1400.0,31.4,68.3,Harvest,45.0,16.5
Arunachal Pradesh,Co 86032,176.0,Alluvial Soil,7.42,62.7,1400.0,31.4,77.0,Planting,45.0,16.0
Arunachal Pradesh,Co 86032,180.0,Alluvial Soil,7.46,58.9,1400.0,31.4,69.7,Germination,45.0,17.0
Arunachal Pradesh,Co 86032,182.0,Alluvial Soil,7.2,63.7,1400.0,31.4,73.2,Tillering,45.0,16.8
Arunachal Pradesh,Co 86032,190.0,Alluvial Soil,7.17,55.3,1400.0,31.4,52.5,Grand Growth,45.0,17.0
Arunachal Pradesh,Co 86032,197.0,Alluvial Soil,6.82,54.9,1400.0,31.4,67.0,Maturity,45.0,18.9
Arunachal Pradesh,Co 86032,200.0,Alluvial Soil,6.98,48.3,1400.0,31.4,67.2,Harvest,45.0,19.2
Arunachal Pradesh,Co 86032,229.0,Alluvial Soil,6.6,58.8,1400.0,31.4,66.6,Planting,45.0,18.57
Arunachal Pradesh,Co 86032,35.0,Alluvial Soil,7.09,66.6,1400.0,31.4,66.0,Harvest,45.0,10.0
Arunachal Pradesh,Co 86032,35.0,Alluvial Soil,7.57,59.3,1400.0,31.4,64.3,Planting,45.0,5.94
Arunachal Pradesh,Co 86032,32.0,Alluvial Soil,7.12,51.6,1400.0,31.4,75.8,Germination,45.0,7.25
Arunachal Pradesh,Co 86032,30.0,Alluvial Soil,7.01,56.0,1400.0,31.4,66.4,Tillering,45.0,10.5
Arunachal Pradesh,Co 86032,245.0,Alluvial Soil,6.83,59.7,1400.0,31.4,74.6,Grand Growth,45.0,17.35
Arunachal Pradesh,Co 86032,32.0,Alluvial Soil,6.78,62.3,1400.0,31.4,73.6,Maturity,45.0,12.56
Arunachal Pradesh,Co 86032,20.0,Alluvial Soil,7.21,60.1,1400.0,31.4,69.5,Harvest,45.0,12.9
Arunachal Pradesh,Co 86032,43.0,Alluvial Soil,6.84,58.2,1400.0,31.4,71.4,Planting,45.0,25.05
Arunachal Pradesh,Co 86032,560.0,Alluvial Soil,6.98,52.9,1400.0,31.4,71.9,Germination,25.05,12.65
Arunachal Pradesh,Co 86032,23.0,Alluvial Soil,6.43,56.4,1400.0,31.4,72.8,Harvest,45.0,6.52
Arunachal Pradesh,Co 86032,25.0,Alluvial Soil,7.13,54.2,1400.0,31.4,70.0,Planting,45.0,5.6
Arunachal Pradesh,Co 86032,85.0,Black Soil,7.28,67.8,1400.0,31.4,68.8,Germination,45.0,4.71
Arunachal Pradesh,Co 86032,100.0,Alluvial Soil,7.03,62.5,1400.0,31.4,71.1,Tillering,45.0,5.0
Arunachal Pradesh,Co 86032,110.0,Alluvial Soil,6.86,52.5,1400.0,31.4,69.2,Grand Growth,45.0,5.0
Arunachal Pradesh,Co 86032,130.0,Alluvial Soil,6.37,61.4,1400.0,31.4,73.7,Maturity,45.0,8.0
Arunachal Pradesh,Co 86032,150.0,Alluvial Soil,7.02,60.1,1400.0,31.4,69.6,Harvest,45.0,8.5
Arunachal Pradesh,Co 86032,150.0,Alluvial Soil,6.63,61.8,1400.0,31.4,66.7,Planting,45.0,8.5
Arunachal Pradesh,Co 86032,150.0,Alluvial Soil,6.72,56.8,1400.0,31.4,71.6,Germination,45.0,8.7
Arunachal Pradesh,Co 86032,270.0,Alluvial Soil,6.88,58.2,1400.0,31.4,65.2,Tillering,45.0,37.54
Arunachal Pradesh,Co 86032,166.0,Alluvial Soil,7.44,61.2,1400.0,31.4,71.4,Grand Growth,37.54,9.63
Arunachal Pradesh,Co 86032,191.0,Alluvial Soil,7.21,56.5,1400.0,31.4,78.4,Maturity,45.0,11.08
Arunachal Pradesh,Co 86032,67.0,Alluvial Soil,6.85,69.1,1400.0,31.4,67.1,Maturity,45.0,27.16
Arunachal Pradesh,Co 86032,15.0,Alluvial Soil,6.89,65.4,1400.0,31.4,69.7,Harvest,27.16,37.0
Arunachal Pradesh,Co 86032,90.0,Alluvial Soil,7.12,52.2,1400.0,31.4,66.1,Planting,37.0,5.78
Arunachal Pradesh,Co 86032,100.0,Alluvial Soil,7.45,48.3,1400.0,31.4,65.5,Germination,45.0,13.5
Arunachal Pradesh,Co 86032,15.0,Clay Loam,6.93,71.3,1400.0,31.4,77.2,Tillering,45.0,9.53
Arunachal Pradesh,Co 86032,20.0,Alluvial Soil,7.02,52.4,1400.0,31.4,65.8,Grand Growth,45.0,7.4
Arunachal Pradesh,Co 86032,92.0,Alluvial Soil,6.65,50.8,1400.0,31.4,58.3,Maturity,45.0,28.49
Arunachal Pradesh,Co 86032,43.0,Alluvial Soil,6.94,55.5,1400.0,31.4,66.7,Harvest,28.49,25.05
Arunachal Pradesh,Co 86032,40.0,Alluvial Soil,6.88,50.3,1400.0,31.4,64.6,Planting,25.05,25.2
Arunachal Pradesh,Co 86032,52.0,Alluvial Soil,6.27,49.6,1400.0,31.4,74.6,Germination,25.2,24.96
Arunachal Pradesh,Co 86032,35.0,Alluvial Soil,7.16,55.4,1400.0,31.4,73.2,Tillering,24.96,25.11
Arunachal Pradesh,Co 86032,21.0,Alluvial Soil,7.86,56.4,1400.0,31.4,70.2,Grand Growth,25.11,32.43
Arunachal Pradesh,Co 86032,32.0,Alluvial Soil,7.0,62.7,1400.0,31.4,66.5,Maturity,32.43,24.84
Arunachal Pradesh,Co 86032,35.0,Alluvial Soil,7.2,50.7,1400.0,31.4,66.6,Harvest,24.84,26.51
Arunachal Pradesh,Co 86032,38.0,Alluvial Soil,7.09,52.4,1400.0,31.4,71.2,Planting,26.51,27.16
Arunachal Pradesh,Co 86032,63.0,Alluvial Soil,6.94,59.9,1400.0,31.4,63.0,Germination,27.16,24.59
Arunachal Pradesh,Co 86032,83.0,Alluvial Soil,7.03,61.4,1400.0,31.4,70.7,Harvest,45.0,26.73
Arunachal Pradesh,Co 86032,83.0,Alluvial Soil,7.14,47.3,1400.0,31.4,69.9,Planting,26.73,26.73
Arunachal Pradesh,Co 86032,85.0,Alluvial Soil,7.15,54.2,1400.0,31.4,70.5,Germination,26.73,29.24
Arunachal Pradesh,Co 86032,85.0,Alluvial Soil,7.17,59.7,1400.0,31.4,71.4,Tillering,29.24,29.24
Arunachal Pradesh,Co 86032,85.0,Alluvial Soil,6.74,60.1,1400.0,31.4,77.2,Grand Growth,29.24,29.47
Arunachal Pradesh,Co 86032,90.0,Alluvial Soil,6.96,55.1,1400.0,31.4,72.6,Maturity,29.47,28.43
Arunachal Pradesh,Co 86032,90.0,Alluvial Soil,6.9,60.0,1400.0,31.4,64.7,Harvest,28.43,28.43
Arunachal Pradesh,Co 86032,81.0,Alluvial Soil,7.03,55.0,1400.0,31.4,66.3,Planting,28.43,5.0
Arunachal Pradesh,Co 86032,92.0,Alluvial Soil,7.23,53.9,1400.0,31.4,76.6,Germination,45.0,28.49
Arunachal Pradesh,Co 86032,91.0,Alluvial Soil,7.18,54.7,1400.0,31.4,73.0,Tillering,28.49,28.65
Arunachal Pradesh,Co 86032,92.0,Alluvial Soil,6.76,49.1,1400.0,31.4,66.4,Grand Growth,28.65,28.95
Arunachal Pradesh,Co 86032,94.0,Alluvial Soil,7.49,54.7,1400.0,31.4,67.4,Maturity,28.95,28.97
Arunachal Pradesh,Co 86032,95.0,Alluvial Soil,7.1,52.8,1400.0,31.4,71.2,Harvest,28.97,28.99
Arunachal Pradesh,Co 86032,96.0,Red Loam,6.76,51.4,1400.0,31.4,72.4,Planting,28.99,29.01
Arunachal Pradesh,Co 86032,96.0,Alluvial Soil,7.43,54.7,1400.0,31.4,72.6,Germination,29.01,29.22
Arunachal Pradesh,Co 86032,160.0,Alluvial Soil,7.21,55.7,1400.0,31.4,78.5,Tillering,29.22,9.5
Arunachal Pradesh,Co 86032,98.0,Alluvial Soil,7.0,55.2,1400.0,31.4,59.9,Grand Growth,45.0,29.57
Arunachal Pradesh,Co 86032,123.0,Alluvial Soil,7.42,59.6,1400.0,31.4,65.0,Maturity,29.57,27.76
Assam,Co 86032,219.0,Alluvial Soil,7.37,56.0,1400.0,31.4,68.8,Maturity,45.0,37.03
Assam,Co 86032,340.0,Alluvial Soil,7.12,51.4,1400.0,31.4,75.1,Harvest,37.03,39.64
Assam,Co 86032,273.0,Alluvial Soil,7.17,60.9,1400.0,31.4,70.6,Planting,39.64,38.07
Assam,Co 86032,491.0,Alluvial Soil,7.16,40.8,1400.0,31.4,74.3,Germination,38.07,38.39
Assam,Co 86032,550.0,Alluvial Soil,7.3,54.9,1400.0,31.4,76.7,Tillering,38.39,39.11
Assam,Co 86032,349.0,Alluvial Soil,7.06,66.7,1400.0,31.4,74.1,Grand Growth,39.11,23.5
Assam,Co 86032,325.0,Alluvial Soil,7.49,61.7,1400.0,31.4,64.2,Maturity,23.5,29.65
Assam,Co 86032,305.0,Alluvial Soil,7.03,70.0,1400.0,31.4,65.1,Harvest,29.65,20.98
Assam,Co 86032,325.0,Alluvial Soil,7.05,56.9,1400.0,31.4,71.1,Planting,20.98,18.79
Assam,Co 86032,370.0,Alluvial Soil,7.37,61.8,1400.0,31.4,68.2,Germination,45.0,24.41
Assam,Co 86032,225.0,Alluvial Soil,7.16,41.4,1400.0,31.4,62.2,Harvest,45.0,41.11
Assam,Co 86032,243.0,Alluvial Soil,6.71,62.8,1400.0,31.4,56.1,Planting,41.11,40.02
Assam,Co 86032,245.0,Black Soil,8.23,64.5,1400.0,31.4,67.8,Germination,40.02,39.67
Assam,Co 86032,165.0,Alluvial Soil,7.24,59.3,1400.0,31.4,83.0,Tillering,39.67,36.9
Assam,Co 86032,226.0,Alluvial Soil,7.05,52.5,1400.0,31.4,70.4,Grand Growth,36.9,37.23
Assam,Co 86032,205.0,Alluvial Soil,7.13,56.9,1400.0,31.4,58.5,Maturity,37.23,36.42
Assam,Co 86032,208.0,Alluvial Soil,7.42,47.9,1400.0,31.4,65.8,Harvest,36.42,38.59
Assam,Co 86032,218.0,Alluvial Soil,7.35,61.6,1400.0,31.4,68.4,Planting,38.59,36.92
Assam,Co 86032,315.0,Alluvial Soil,7.56,57.9,1400.0,31.4,66.9,Germination,36.92,37.19
Assam,Co 86032,324.0,Alluvial Soil,7.14,52.8,1400.0,31.4,66.2,Tillering,37.19,39.64
Assam,Co 86032,337.0,Alluvial Soil,7.2,52.7,1400.0,31.4,58.5,Grand Growth,39.64,38.08
Assam,Co 86032,280.0,Alluvial Soil,7.56,60.1,1400.0,31.4,66.8,Maturity,38.08,38.39
Assam,Co 86032,325.0,Alluvial Soil,7.05,65.5,1400.0,31.4,63.8,Harvest,38.39,39.11
Assam,Co 86032,356.0,Alluvial Soil,7.16,59.3,1400.0,31.4,73.1,Planting,39.11,36.19
Assam,Co 86032,380.0,Alluvial Soil,7.29,57.7,1400.0,31.4,63.6,Germination,36.19,37.06
Assam,Co 86032,342.0,Alluvial Soil,6.59,73.1,1400.0,31.4,66.1,Tillering,37.06,35.61
Assam,Co 86032,364.0,Alluvial Soil,6.95,50.8,1400.0,31.4,70.1,Grand Growth,35.61,36.97
Assam,Co 86032,394.0,Alluvial Soil,7.36,59.8,1400.0,31.4,75.7,Maturity,36.97,36.76
Assam,Co 86032,215.0,Alluvial Soil,7.35,62.5,1400.0,31.4,63.3,Maturity,45.0,41.11
Assam,Co 86032,227.0,Alluvial Soil,7.52,58.7,1400.0,31.4,68.0,Harvest,41.11,40.03
Assam,Co 86032,195.0,Red Loam,6.59,64.0,1400.0,31.4,60.1,Planting,40.03,39.67
Assam,Co 86032,206.0,Alluvial Soil,7.41,50.5,1400.0,31.4,74.9,Germination,39.67,36.9
Assam,Co 86032,211.0,Alluvial Soil,6.98,54.4,1400.0,31.4,64.5,Tillering,36.9,37.23
Assam,Co 86032,141.0,Alluvial Soil,7.49,53.6,1400.0,31.4,76.3,Grand Growth,37.23,36.42
Assam,Co 86032,210.0,Alluvial Soil,7.04,49.9,1400.0,31.4,74.9,Maturity,36.42,38.59
Assam,Co 86032,205.0,Alluvial Soil,6.73,56.8,1400.0,31.4,66.3,Harvest,38.59,36.92
Assam,Co 86032,124.0,Alluvial Soil,7.18,50.1,1400.0,31.4,69.1,Planting,36.92,37.19
Assam,Co 86032,153.0,Alluvial Soil,7.26,54.4,1400.0,31.4,69.3,Germination,37.19,39.63
Assam,Co 86032,193.0,Alluvial Soil,7.07,54.8,1400.0,31.4,63.8,Tillering,39.63,38.08
Assam,Co 86032,174.0,Alluvial Soil,7.02,60.4,1400.0,31.4,77.3,Grand Growth,38.08,38.39
Assam,Co 86032,191.0,Alluvial Soil,7.01,58.4,1400.0,31.4,68.8,Maturity,38.39,39.11
Assam,Co 86032,192.0,Clay Loam,6.9,70.2,1400.0,31.4,70.1,Harvest,39.11,36.19
Assam,Co 86032,183.0,Alluvial Soil,6.87,46.2,1400.0,31.4,82.5,Planting,36.19,37.05
Assam,Co 86032,208.0,Alluvial Soil,7.3,63.4,1400.0,31.4,66.8,Germination,37.05,35.61
Assam,Co 86032,191.0,Alluvial Soil,6.96,49.1,1400.0,31.4,69.5,Tillering,35.61,36.97
Assam,Co 86032,194.0,Alluvial Soil,7.29,49.6,1400.0,31.4,66.8,Grand Growth,36.97,36.76
Assam,Co 86032,320.0,Alluvial Soil,7.15,60.4,1400.0,31.4,66.7,Grand Growth,45.0,41.28
Assam,Co 86032,325.0,Alluvial Soil,6.79,55.9,1400.0,31.4,63.3,Maturity,41.28,40.82
Assam,Co 86032,325.0,Alluvial Soil,7.53,56.5,1400.0,31.4,69.7,Harvest,40.82,39.74
Assam,Co 86032,325.0,Alluvial Soil,7.6,53.4,1400.0,31.4,77.1,Planting,39.74,15.6
Assam,Co 86032,325.0,Alluvial Soil,6.47,66.8,1400.0,31.4,70.9,Germination,45.0,36.95
Assam,Co 86032,300.0,Alluvial Soil,6.94,51.5,1400.0,31.4,69.1,Tillering,36.95,43.8
Assam,Co 86032,300.0,Alluvial Soil,7.11,56.5,1400.0,31.4,59.7,Grand Growth,43.8,40.47
Assam,Co 86032,285.0,Alluvial Soil,7.9,69.5,1400.0,31.4,74.1,Maturity,40.47,36.92
Assam,Co 86032,275.0,Red Loam,6.09,58.3,1400.0,31.4,74.6,Harvest,36.92,37.91
Assam,Co 86032,276.0,Alluvial Soil,7.73,64.7,1400.0,31.4,63.5,Planting,37.91,43.06
Assam,Co 86032,166.0,Alluvial Soil,7.21,52.2,1400.0,31.4,64.2,Germination,43.06,43.14
Assam,Co 86032,156.0,Alluvial Soil,7.37,57.5,1400.0,31.4,73.2,Tillering,43.14,42.74
Assam,Co 86032,218.0,Alluvial Soil,7.42,59.9,1400.0,31.4,74.7,Grand Growth,42.74,43.12
Assam,Co 86032,140.0,Alluvial Soil,7.16,56.3,1400.0,31.4,77.9,Maturity,43.12,41.16
Assam,Co 86032,115.0,Alluvial Soil,6.99,57.9,1400.0,31.4,70.2,Harvest,41.16,37.05
Assam,Co 86032,119.0,Alluvial Soil,7.03,51.2,1400.0,31.4,64.9,Planting,37.05,35.61
Assam,Co 86032,126.0,Alluvial Soil,7.39,61.7,1400.0,31.4,79.8,Germination,35.61,33.83
Assam,Co 86032,144.0,Alluvial Soil,6.89,54.2,1400.0,31.4,71.0,Tillering,33.83,35.42
Assam,Co 86032,95.0,Alluvial Soil,7.29,52.5,1400.0,31.4,71.5,Tillering,45.0,37.19
Assam,Co 86032,74.0,Alluvial Soil,7.02,52.3,1400.0,31.4,74.4,Grand Growth,37.19,39.64
Assam,Co 86032,52.0,Alluvial Soil,6.96,54.9,1400.0,31.4,69.6,Maturity,39.64,38.08
Assam,Co 86032,61.0,Alluvial Soil,6.66,65.9,1400.0,31.4,70.6,Harvest,38.08,38.39
Assam,Co 86032,62.0,Alluvial Soil,6.96,59.4,1400.0,31.4,72.7,Planting,38.39,39.11
Assam,Co 86032,92.0,Alluvial Soil,7.17,59.6,1400.0,31.4,75.7,Germination,39.11,36.2
Assam,Co 86032,96.0,Alluvial Soil,7.77,50.8,1400.0,31.4,65.5,Tillering,36.2,37.05
Assam,Co 86032,193.0,Alluvial Soil,6.8,58.4,1400.0,31.4,70.1,Grand Growth,37.05,35.61
Assam,Co 86032,209.0,Alluvial Soil,7.23,61.9,1400.0,31.4,72.1,Maturity,35.61,36.97
Assam,Co 86032,147.0,Alluvial Soil,6.84,60.4,1400.0,31.4,68.2,Harvest,36.97,36.76
Assam,Co 86032,971.0,Alluvial Soil,6.92,58.3,1400.0,31.4,73.7,Grand Growth,45.0,41.73
Assam,Co 86032,1118.0,Alluvial Soil,7.24,56.0,1400.0,31.4,68.4,Maturity,41.73,39.92
Assam,Co 86032,1080.0,Alluvial Soil,7.14,63.4,1400.0,31.4,70.3,Harvest,39.92,36.56
Assam,Co 86032,1118.0,Red Loam,6.8,59.3,1400.0,31.4,68.6,Planting,36.56,30.11
Assam,Co 86032,1143.0,Alluvial Soil,7.07,68.9,1400.0,31.4,69.0,Germination,30.11,31.62
Assam,Co 86032,1090.0,Alluvial Soil,7.53,62.8,1400.0,31.4,73.9,Tillering,31.62,34.37
Assam,Co 86032,990.0,Clay Loam,7.25,64.2,1400.0,31.4,71.2,Grand Growth,34.37,40.69
Assam,Co 86032,1080.0,Black Soil,7.47,66.4,1400.0,31.4,67.9,Maturity,40.69,34.61
Assam,Co 86032,469.0,Alluvial Soil,7.14,60.6,1400.0,31.4,69.3,Harvest,34.61,28.24
Assam,Co 86032,240.0,Alluvial Soil,6.67,48.6,1400.0,31.4,68.3,Planting,28.24,31.64
Assam,Co 86032,337.0,Alluvial Soil,6.68,65.7,1400.0,31.4,67.0,Germination,31.64,34.7
Assam,Co 86032,477.0,Alluvial Soil,6.98,54.8,1400.0,31.4,71.7,Tillering,34.7,38.66
Assam,Co 86032,563.0,Black Soil,8.14,73.5,1400.0,31.4,72.5,Grand Growth,38.66,39.53
Assam,Co 86032,609.0,Alluvial Soil,7.3,59.2,1400.0,31.4,68.5,Maturity,39.53,38.43
Assam,Co 86032,471.0,Clay Loam,6.74,64.4,1400.0,31.4,77.0,Harvest,38.43,42.04
Assam,Co 86032,495.0,Alluvial Soil,7.0,53.7,1400.0,31.4,72.3,Planting,42.04,40.48
Assam,Co 86032,527.0,Alluvial Soil,7.05,57.7,1400.0,31.4,60.6,Germination,40.48,41.77
Assam,Co 86032,516.0,Alluvial Soil,7.03,41.6,1400.0,31.4,64.3,Tillering,41.77,43.47
Assam,Co 86032,90.0,Alluvial Soil,7.04,57.1,1400.0,31.4,68.9,Tillering,45.0,41.11
Assam,Co 86032,74.0,Clay Loam,7.3,58.8,1400.0,31.4,66.5,Grand Growth,41.11,40.03
Assam,Co 86032,76.0,Alluvial Soil,7.0,57.8,1400.0,31.4,65.5,Maturity,40.03,39.66
Assam,Co 86032,95.0,Alluvial Soil,6.76,45.7,1400.0,31.4,67.0,Harvest,39.66,36.89
Assam,Co 86032,82.0,Alluvial Soil,6.88,61.4,1400.0,31.4,65.1,Planting,36.89,37.23
Assam,Co 86032,90.0,Alluvial Soil,7.63,60.5,1400.0,31.4,78.5,Germination,37.23,36.42
Assam,Co 86032,87.0,Red Loam,7.2,61.1,1400.0,31.4,72.7,Tillering,36.42,38.59
Assam,Co 86032,35.0,Alluvial Soil,6.62,56.4,1400.0,31.4,65.2,Grand Growth,38.59,36.94
Assam,Co 86032,93.0,Alluvial Soil,6.61,56.8,1400.0,31.4,65.8,Maturity,36.94,37.19
Assam,Co 86032,102.0,Black Soil,7.47,76.8,1400.0,31.4,61.3,Harvest,37.19,39.63
Assam,Co 86032,102.0,Alluvial Soil,7.5,60.8,1400.0,31.4,65.9,Planting,39.63,38.08
Assam,Co 86032,90.0,Alluvial Soil,7.35,54.2,1400.0,31.4,70.6,Germination,38.08,38.39
Assam,Co 86032,90.0,Alluvial Soil,7.36,59.3,1400.0,31.4,69.4,Tillering,38.39,39.11
Assam,Co 86032,99.0,Clay Loam,7.21,68.1,1400.0,31.4,71.9,Grand Growth,39.11,36.2
Assam,Co 86032,101.0,Alluvial Soil,7.22,57.4,1400.0,31.4,65.8,Maturity,36.2,37.06
Assam,Co 86032,103.0,Alluvial Soil,7.23,47.6,1400.0,31.4,70.3,Harvest,37.06,35.61
Assam,Co 86032,113.0,Alluvial Soil,7.1,52.7,1400.0,31.4,60.9,Planting,35.61,36.97
Assam,Co 86032,171.0,Alluvial Soil,7.24,57.6,1400.0,31.4,68.6,Germination,36.97,36.76
Assam,Co 86032,197.0,Alluvial Soil,7.22,58.1,1400.0,31.4,62.8,Germination,45.0,41.11
Assam,Co 86032,202.0,Alluvial Soil,7.08,58.8,1400.0,31.4,74.9,Tillering,41.11,40.02
Assam,Co 86032,216.0,Alluvial Soil,7.31,58.1,1400.0,31.4,69.4,Grand Growth,40.02,39.66
Assam,Co 86032,307.0,Alluvial Soil,6.87,56.8,1400.0,31.4,70.8,Maturity,39.66,36.9
Assam,Co 86032,184.0,Alluvial Soil,7.78,60.7,1400.0,31.4,69.5,Harvest,36.9,37.23
Assam,Co 86032,174.0,Alluvial Soil,7.35,54.0,1400.0,31.4,68.9,Planting,37.23,36.42
Assam,Co 86032,106.0,Alluvial Soil,6.93,64.9,1400.0,31.4,65.2,Germination,36.42,38.58
Assam,Co 86032,93.0,Alluvial Soil,7.26,56.4,1400.0,31.4,68.7,Tillering,38.58,36.91
Assam,Co 86032,75.0,Clay Loam,7.01,61.2,1400.0,31.4,72.9,Grand Growth,36.91,37.19
Assam,Co 86032,75.0,Alluvial Soil,7.17,57.0,1400.0,31.4,63.3,Maturity,37.19,39.64
Assam,Co 86032,92.0,Alluvial Soil,7.57,60.6,1400.0,31.4,63.0,Harvest,39.64,38.08
Assam,Co 86032,92.0,Alluvial Soil,7.24,56.1,1400.0,31.4,72.9,Planting,38.08,38.39
Assam,Co 86032,92.0,Alluvial Soil,6.84,55.5,1400.0,31.4,79.8,Germination,38.39,39.11
Assam,Co 86032,138.0,Alluvial Soil,6.87,48.9,1400.0,31.4,61.5,Tillering,39.11,36.2
Assam,Co 86032,142.0,Alluvial Soil,6.62,63.0,1400.0,31.4,60.0,Grand Growth,36.2,37.06
Assam,Co 86032,154.0,Alluvial Soil,7.22,65.3,1400.0,31.4,61.4,Maturity,37.06,35.61
Assam,Co 86032,145.0,Alluvial Soil,6.73,51.3,1400.0,31.4,69.4,Harvest,35.61,36.97
Assam,Co 86032,147.0,Alluvial Soil,7.16,47.8,1400.0,31.4,68.4,Planting,36.97,36.76
Assam,Co 86032,262.0,Alluvial Soil,7.7,57.6,1400.0,31.4,77.4,Planting,45.0,41.11
Assam,Co 86032,160.0,Alluvial Soil,7.04,56.2,1400.0,31.4,73.9,Germination,41.11,40.02
Assam,Co 86032,154.0,Alluvial Soil,7.55,49.0,1400.0,31.4,71.3,Tillering,40.02,39.67
Assam,Co 86032,154.0,Alluvial Soil,7.37,41.4,1400.0,31.4,67.2,Grand Growth,39.67,36.9
Assam,Co 86032,125.0,Alluvial Soil,7.16,62.7,1400.0,31.4,66.9,Maturity,36.9,37.23
Assam,Co 86032,91.0,Alluvial Soil,7.3,46.3,1400.0,31.4,75.3,Harvest,37.23,36.42
Assam,Co 86032,91.0,Alluvial Soil,7.2,41.6,1400.0,31.4,72.8,Planting,36.42,38.59
Assam,Co 86032,70.0,Alluvial Soil,6.77,61.1,1400.0,31.4,63.9,Germination,38.59,36.91
Assam,Co 86032,71.0,Alluvial Soil,6.76,63.8,1400.0,31.4,68.0,Tillering,36.91,37.18
Assam,Co 86032,62.0,Alluvial Soil,7.46,54.2,1400.0,31.4,64.4,Grand Growth,37.18,39.63
Assam,Co 86032,64.0,Alluvial Soil,7.24,46.7,1400.0,31.4,76.6,Maturity,39.63,38.67
Assam,Co 86032,44.0,Alluvial Soil,7.13,52.0,1400.0,31.4,65.3,Harvest,38.67,38.39
Assam,Co 86032,47.0,Alluvial Soil,7.26,57.6,1400.0,31.4,72.1,Planting,38.39,39.11
Assam,Co 86032,64.0,Alluvial Soil,7.3,63.3,1400.0,31.4,61.8,Germination,39.11,36.2
Assam,Co 86032,96.0,Alluvial Soil,6.8,51.3,1400.0,31.4,69.5,Tillering,36.2,37.05
Assam,Co 86032,120.0,Alluvial Soil,7.28,60.2,1400.0,31.4,68.4,Grand Growth,37.05,35.61
Assam,Co 86032,89.0,Alluvial Soil,7.37,56.6,1400.0,31.4,73.4,Maturity,35.61,36.97
Assam,Co 86032,105.0,Alluvial Soil,7.3,62.0,1400.0,31.4,71.4,Harvest,36.97,36.76
Assam,Co 86032,1268.0,Alluvial Soil,6.91,49.7,1400.0,31.4,62.8,Harvest,45.0,33.59
Assam,Co 86032,1293.0,Black Soil,7.56,69.0,1400.0,31.4,77.7,Planting,33.59,32.48
Assam,Co 86032,1805.0,Alluvial Soil,7.3,53.8,1400.0,31.4,71.6,Germination,32.48,30.82
Assam,Co 86032,1777.0,Alluvial Soil,7.01,47.9,1400.0,31.4,68.9,Tillering,30.82,31.6
Assam,Co 86032,1780.0,Alluvial Soil,6.99,64.9,1400.0,31.4,70.3,Grand Growth,31.6,33.25
Assam,Co 86032,1793.0,Red Loam,5.88,50.8,1400.0,31.4,66.0,Maturity,33.25,33.91
Assam,Co 86032,1725.0,Red Loam,6.48,58.4,1400.0,31.4,70.2,Harvest,33.91,31.15
Assam,Co 86032,1745.0,Alluvial Soil,6.65,57.0,1400.0,31.4,74.4,Planting,31.15,32.56
Assam,Co 86032,1750.0,Alluvial Soil,7.51,55.9,1400.0,31.4,71.4,Germination,32.56,31.91
Assam,Co 86032,2081.0,Red Loam,6.03,54.6,1400.0,31.4,72.7,Tillering,31.91,28.35
Assam,Co 86032,2081.0,Alluvial Soil,6.97,54.4,1400.0,31.4,63.2,Grand Growth,28.35,29.61
Assam,Co 86032,2089.0,Alluvial Soil,7.07,58.6,1400.0,31.4,72.8,Maturity,29.61,31.47
Assam,Co 86032,2147.0,Alluvial Soil,7.38,55.6,1400.0,31.4,65.9,Harvest,31.47,28.59
Assam,Co 86032,3625.0,Alluvial Soil,6.95,54.0,1400.0,31.4,70.4,Planting,28.59,35.26
Assam,Co 86032,2780.0,Clay Loam,6.55,77.7,1400.0,31.4,74.9,Germination,35.26,31.39
Assam,Co 86032,2998.0,Alluvial Soil,7.56,55.2,1400.0,31.4,66.8,Tillering,31.39,30.06
Assam,Co 86032,3420.0,Alluvial Soil,6.94,56.7,1400.0,31.4,71.0,Grand Growth,30.06,36.3
Assam,Co 86032,3597.0,Alluvial Soil,6.7,66.1,1400.0,31.4,69.7,Maturity,36.3,39.49
Assam,Co 86032,146.0,Alluvial Soil,6.92,51.4,1400.0,31.4,60.1,Maturity,45.0,35.22
Assam,Co 86032,140.0,Alluvial Soil,7.07,51.5,1400.0,31.4,62.1,Harvest,35.22,26.93
Assam,Co 86032,130.0,Alluvial Soil,6.8,59.4,1400.0,31.4,69.7,Planting,26.93,36.37
Assam,Co 86032,120.0,Alluvial Soil,6.94,67.0,1400.0,31.4,67.9,Germination,36.37,47.67
Assam,Co 86032,139.0,Alluvial Soil,7.5,63.1,1400.0,31.4,75.2,Tillering,47.67,37.23
Assam,Co 86032,102.0,Alluvial Soil,6.76,63.1,1400.0,31.4,64.7,Grand Growth,37.23,36.42
Assam,Co 86032,119.0,Alluvial Soil,7.18,51.1,1400.0,31.4,80.1,Maturity,36.42,38.59
Assam,Co 86032,118.0,Alluvial Soil,7.28,54.0,1400.0,31.4,75.8,Harvest,38.59,36.92
Assam,Co 86032,130.0,Alluvial Soil,7.06,56.0,1400.0,31.4,72.4,Planting,36.92,37.19
Assam,Co 86032,130.0,Alluvial Soil,7.33,52.0,1400.0,31.4,76.6,Germination,37.19,39.63
Assam,Co 86032,192.0,Alluvial Soil,7.31,56.9,1400.0,31.4,77.8,Tillering,39.63,38.07
Assam,Co 86032,192.0,Alluvial Soil,7.21,57.3,1400.0,31.4,70.8,Grand Growth,38.07,38.39
Assam,Co 86032,210.0,Alluvial Soil,7.5,60.2,1400.0,31.4,79.1,Maturity,38.39,39.11
Assam,Co 86032,238.0,Alluvial Soil,7.28,51.2,1400.0,31.4,63.7,Harvest,39.11,36.2
Assam,Co 86032,210.0,Alluvial Soil,6.54,66.8,1400.0,31.4,77.3,Planting,36.2,37.06
Assam,Co 86032,230.0,Alluvial Soil,7.33,56.2,1400.0,31.4,67.6,Germination,37.06,35.61
Assam,Co 86032,241.0,Alluvial Soil,6.38,65.0,1400.0,31.4,66.9,Tillering,35.61,36.97
Assam,Co 86032,267.0,Alluvial Soil,7.39,48.7,1400.0,31.4,65.5,Grand Growth,36.97,36.76
Assam,Co 86032,5018.0,Alluvial Soil,7.0,54.7,1400.0,31.4,73.6,Grand Growth,46.53,43.7
Assam,Co 86032,4293.0,Alluvial Soil,7.03,49.0,1400.0,31.4,76.6,Maturity,43.7,45.09
Assam,Co 86032,4799.0,Alluvial Soil,7.31,44.8,1400.0,31.4,61.2,Harvest,45.09,43.63
Assam,Co 86032,3575.0,Alluvial Soil,6.94,54.7,1400.0,31.4,73.6,Planting,43.63,41.26
Assam,Co 86032,3605.0,Alluvial Soil,7.09,57.0,1400.0,31.4,65.8,Germination,41.26,36.53
Assam,Co 86032,3291.0,Alluvial Soil,6.95,49.5,1400.0,31.4,76.5,Tillering,36.53,37.52
Assam,Co 86032,3278.0,Alluvial Soil,7.34,50.8,1400.0,31.4,72.0,Grand Growth,37.52,40.77
Assam,Co 86032,3248.0,Sandy Loam,6.72,56.4,1400.0,31.4,75.6,Maturity,40.77,40.2
Assam,Co 86032,2962.0,Alluvial Soil,7.33,51.8,1400.0,31.4,73.6,Harvest,40.2,39.12
Assam,Co 86032,3225.0,Alluvial Soil,7.13,60.7,1400.0,31.4,69.9,Planting,39.12,42.81
Assam,Co 86032,1865.0,Alluvial Soil,6.93,65.7,1400.0,31.4,62.4,Germination,42.81,36.76
Assam,Co 86032,3014.0,Alluvial Soil,6.88,54.2,1400.0,31.4,63.8,Tillering,36.76,33.3
Assam,Co 86032,1648.0,Alluvial Soil,7.41,58.3,1400.0,31.4,70.7,Grand Growth,33.3,36.92
Assam,Co 86032,2491.0,Alluvial Soil,6.39,43.1,1400.0,31.4,64.0,Maturity,36.92,33.56
Assam,Co 86032,2276.0,Alluvial Soil,6.78,42.5,1400.0,31.4,68.2,Harvest,33.56,35.83
Assam,Co 86032,2244.0,Alluvial Soil,7.29,65.8,1400.0,31.4,71.4,Planting,35.83,34.2
Assam,Co 86032,2040.0,Alluvial Soil,7.15,60.3,1400.0,31.4,59.0,Germination,34.2,35.06
Assam,Co 86032,2236.0,Alluvial Soil,7.27,58.9,1400.0,31.4,71.0,Tillering,35.06,34.09
Assam,Co 86032,300.0,Alluvial Soil,6.84,55.0,1400.0,31.4,68.0,Tillering,45.0,34.8
Assam,Co 86032,300.0,Alluvial Soil,6.86,64.2,1400.0,31.4,64.8,Grand Growth,34.8,58.0
Assam,Co 86032,225.0,Alluvial Soil,6.86,58.3,1400.0,31.4,69.1,Maturity,58.0,66.4
Assam,Co 86032,228.0,Alluvial Soil,7.21,65.9,1400.0,31.4,73.3,Harvest,66.4,47.45
Assam,Co 86032,230.0,Alluvial Soil,6.94,45.2,1400.0,31.4,72.0,Planting,47.45,28.8
Assam,Co 86032,230.0,Alluvial Soil,7.09,56.4,1400.0,31.4,79.0,Germination,28.8,21.4
Assam,Co 86032,220.0,Black Soil,7.65,61.3,1400.0,31.4,66.9,Tillering,21.4,19.6
Assam,Co 86032,230.0,Alluvial Soil,6.29,56.7,1400.0,31.4,70.6,Grand Growth,45.0,41.4
Assam,Co 86032,225.0,Alluvial Soil,6.87,62.0,1400.0,31.4,63.8,Maturity,41.4,39.0
Assam,Co 86032,205.0,Alluvial Soil,7.18,59.2,1400.0,31.4,78.1,Harvest,39.0,39.63
Assam,Co 86032,210.0,Alluvial Soil,7.22,55.9,1400.0,31.4,58.9,Planting,39.63,38.08
Assam,Co 86032,205.0,Alluvial Soil,6.7,52.2,1400.0,31.4,68.3,Germination,38.08,27.0
Assam,Co 86032,210.0,Alluvial Soil,7.08,62.6,1400.0,31.4,67.9,Tillering,27.0,39.1
Assam,Co 86032,200.0,Alluvial Soil,6.92,64.2,1400.0,31.4,70.4,Grand Growth,39.1,36.2
Assam,Co 86032,265.0,Alluvial Soil,6.95,52.9,1400.0,31.4,63.9,Maturity,36.2,37.06
Assam,Co 86032,175.0,Alluvial Soil,6.91,53.4,1400.0,31.4,68.4,Harvest,37.06,35.61
Assam,Co 86032,175.0,Alluvial Soil,6.44,62.8,1400.0,31.4,75.7,Planting,35.61,36.97
Assam,Co 86032,148.0,Alluvial Soil,7.3,55.8,1400.0,31.4,63.6,Germination,36.97,36.76
Assam,Co 86032,600.0,Alluvial Soil,7.1,66.1,1400.0,31.4,70.6,Germination,45.0,44.11
Assam,Co 86032,610.0,Alluvial Soil,7.52,61.5,1400.0,31.4,71.4,Tillering,44.11,30.77
Assam,Co 86032,580.0,Alluvial Soil,7.29,51.8,1400.0,31.4,71.3,Grand Growth,30.77,28.72
Assam,Co 86032,421.0,Alluvial Soil,6.88,57.9,1400.0,31.4,71.9,Maturity,28.72,33.78
Assam,Co 86032,420.0,Alluvial Soil,7.06,58.9,1400.0,31.4,70.3,Harvest,33.78,34.35
Assam,Co 86032,185.0,Alluvial Soil,7.34,68.2,1400.0,31.4,70.9,Planting,34.35,32.95
Assam,Co 86032,219.0,Alluvial Soil,7.43,55.7,1400.0,31.4,78.3,Germination,32.95,34.22
Assam,Co 86032,205.0,Alluvial Soil,6.91,52.5,1400.0,31.4,64.3,Tillering,34.22,32.39
Assam,Co 86032,240.0,Alluvial Soil,6.89,62.4,1400.0,31.4,69.4,Grand Growth,32.39,32.51
Assam,Co 86032,231.0,Alluvial Soil,7.17,63.9,1400.0,31.4,66.9,Maturity,32.51,33.41
Assam,Co 86032,362.0,Alluvial Soil,6.97,62.1,1400.0,31.4,66.0,Harvest,33.41,33.33
Assam,Co 86032,367.0,Alluvial Soil,7.13,48.5,1400.0,31.4,69.0,Planting,33.33,30.89
Assam,Co 86032,332.0,Alluvial Soil,7.43,51.3,1400.0,31.4,72.3,Germination,30.89,33.25
Assam,Co 86032,510.0,Alluvial Soil,6.64,63.3,1400.0,31.4,72.4,Tillering,33.25,27.57
Assam,Co 86032,464.0,Alluvial Soil,7.26,60.5,1400.0,31.4,65.8,Grand Growth,27.57,31.92
Assam,Co 86032,823.0,Alluvial Soil,6.82,54.2,1400.0,31.4,76.5,Maturity,31.92,27.8
Assam,Co 86032,829.0,Alluvial Soil,7.08,47.6,1400.0,31.4,71.0,Harvest,27.8,28.7
Assam,Co 86032,833.0,Alluvial Soil,6.73,61.0,1400.0,31.4,75.1,Planting,28.7,29.67
Assam,Co 86032,608.0,Alluvial Soil,7.01,60.9,1400.0,31.4,67.0,Planting,75.28,74.99
Assam,Co 86032,639.0,Alluvial Soil,7.45,59.2,1400.0,31.4,65.2,Germination,74.99,43.13
Assam,Co 86032,744.0,Red Loam,6.61,60.8,1400.0,31.4,60.5,Tillering,43.13,35.51
Assam,Co 86032,744.0,Alluvial Soil,7.01,50.8,1400.0,31.4,74.8,Grand Growth,35.51,36.9
Assam,Co 86032,781.0,Alluvial Soil,7.43,57.0,1400.0,31.4,68.3,Maturity,36.9,43.38
Assam,Co 86032,739.0,Sandy Loam,6.9,57.9,1400.0,31.4,74.5,Harvest,43.38,43.43
Assam,Co 86032,744.0,Alluvial Soil,7.11,54.0,1400.0,31.4,78.1,Planting,43.43,41.26
Assam,Co 86032,580.0,Alluvial Soil,7.25,59.2,1400.0,31.4,62.3,Germination,41.26,40.31
Assam,Co 86032,748.0,Alluvial Soil,6.47,60.3,1400.0,31.4,74.9,Tillering,40.31,48.43
Assam,Co 86032,779.0,Alluvial Soil,6.92,68.7,1400.0,31.4,69.9,Grand Growth,48.43,48.69
Assam,Co 86032,889.0,Alluvial Soil,6.95,56.0,1400.0,31.4,72.1,Maturity,48.69,34.55
Assam,Co 86032,842.0,Alluvial Soil,7.69,63.1,1400.0,31.4,69.3,Harvest,34.55,36.5
Assam,Co 86032,921.0,Alluvial Soil,7.5,50.9,1400.0,31.4,71.3,Planting,36.5,35.07
Assam,Co 86032,1047.0,Alluvial Soil,7.27,68.9,1400.0,31.4,64.9,Germination,35.07,38.48
Assam,Co 86032,968.0,Alluvial Soil,6.94,65.0,1400.0,31.4,71.9,Tillering,38.48,39.55
Assam,Co 86032,916.0,Alluvial Soil,7.22,57.3,1400.0,31.4,71.6,Grand Growth,39.55,39.82
Assam,Co 86032,982.0,Alluvial Soil,7.27,55.1,1400.0,31.4,63.8,Maturity,39.82,40.46
Assam,Co 86032,783.0,Alluvial Soil,7.22,67.5,1400.0,31.4,68.3,Harvest,40.46,40.51
Assam,Co 86032,34.0,Alluvial Soil,7.57,56.1,1400.0,31.4,65.3,Harvest,55.54,55.03
Assam,Co 86032,67.0,Red Loam,6.65,56.0,1400.0,31.4,67.6,Planting,55.03,53.73
Assam,Co 86032,117.0,Alluvial Soil,7.16,53.2,1400.0,31.4,73.8,Germination,53.73,38.08
Assam,Co 86032,73.0,Clay Loam,7.09,78.8,1400.0,31.4,64.2,Tillering,38.08,38.38
Assam,Co 86032,72.0,Sandy Loam,7.36,54.1,1400.0,31.4,68.4,Grand Growth,38.38,39.11
Assam,Co 86032,85.0,Alluvial Soil,7.04,55.9,1400.0,31.4,65.6,Maturity,39.11,36.2
Assam,Co 86032,87.0,Alluvial Soil,6.64,54.2,1400.0,31.4,60.8,Harvest,36.2,37.06
Assam,Co 86032,98.0,Alluvial Soil,6.74,54.1,1400.0,31.4,64.1,Planting,37.06,35.61
Assam,Co 86032,107.0,Alluvial Soil,6.99,50.2,1400.0,31.4,76.1,Germination,35.61,36.97
Assam,Co 86032,117.0,Alluvial Soil,7.28,54.5,1400.0,31.4,66.5,Tillering,36.97,36.76
Assam,Co 86032,4210.0,Alluvial Soil,6.82,62.1,1400.0,31.4,72.0,Planting,45.0,42.94
Assam,Co 86032,4209.0,Alluvial Soil,7.55,50.5,1400.0,31.4,68.7,Germination,42.94,45.55
Assam,Co 86032,4230.0,Alluvial Soil,6.76,56.4,1400.0,31.4,69.9,Tillering,45.55,46.85
Assam,Co 86032,4267.0,Alluvial Soil,7.09,51.0,1400.0,31.4,70.2,Grand Growth,46.85,41.25
Assam,Co 86032,4723.0,Alluvial Soil,7.39,50.4,1400.0,31.4,66.6,Maturity,41.25,44.16
Assam,Co 86032,4317.0,Alluvial Soil,7.15,57.1,1400.0,31.4,64.1,Harvest,44.16,39.38
Assam,Co 86032,5239.0,Alluvial Soil,6.99,68.7,1400.0,31.4,73.0,Planting,39.38,44.15
Assam,Co 86032,4382.0,Alluvial Soil,6.86,55.2,1400.0,31.4,71.0,Germination,44.15,41.16
Assam,Co 86032,4428.0,Alluvial Soil,7.17,41.2,1400.0,31.4,71.5,Tillering,41.16,40.58
Assam,Co 86032,6865.0,Sandy Loam,7.56,70.3,1400.0,31.4,77.4,Grand Growth,40.58,46.62
Assam,Co 86032,6877.0,Alluvial Soil,7.05,62.2,1400.0,31.4,58.8,Maturity,46.62,47.22
Assam,Co 86032,7268.0,Alluvial Soil,7.17,53.5,1400.0,31.4,63.8,Harvest,47.22,45.8
Assam,Co 86032,7191.0,Alluvial Soil,6.85,54.4,1400.0,31.4,71.5,Planting,45.8,45.88
Assam,Co 86032,7217.0,Alluvial Soil,6.77,64.3,1400.0,31.4,70.4,Germination,45.88,36.2
Assam,Co 86032,7155.0,Alluvial Soil,6.95,51.9,1400.0,31.4,69.9,Tillering,36.2,36.18
Assam,Co 86032,7285.0,Alluvial Soil,6.94,50.4,1400.0,31.4,71.7,Grand Growth,36.18,39.04
Assam,Co 86032,7639.0,Alluvial Soil,7.3,60.2,1400.0,31.4,67.5,Maturity,39.04,39.51
Assam,Co 86032,7683.0,Alluvial Soil,7.26,53.2,1400.0,31.4,75.4,Harvest,39.51,37.72
Assam,Co 86032,3526.0,Alluvial Soil,7.24,55.4,1400.0,31.4,65.7,Harvest,45.0,36.76
Assam,Co 86032,3600.0,Sandy Loam,6.86,61.5,1400.0,31.4,72.2,Planting,36.76,41.16
Assam,Co 86032,1050.0,Alluvial Soil,7.4,66.7,1400.0,31.4,69.7,Germination,41.16,44.21
Assam,Co 86032,895.0,Alluvial Soil,7.05,55.7,1400.0,31.4,72.3,Tillering,44.21,35.74
Assam,Co 86032,797.0,Alluvial Soil,7.66,60.9,1400.0,31.4,63.2,Grand Growth,35.74,44.07
Assam,Co 86032,587.0,Alluvial Soil,7.56,58.8,1400.0,31.4,68.4,Maturity,44.07,48.21
Assam,Co 86032,615.0,Alluvial Soil,6.83,61.2,1400.0,31.4,65.4,Harvest,48.21,37.18
Assam,Co 86032,700.0,Alluvial Soil,7.56,58.3,1400.0,31.4,68.3,Planting,37.18,45.54
Assam,Co 86032,450.0,Alluvial Soil,7.25,62.2,1400.0,31.4,78.9,Germination,45.54,33.43
Assam,Co 86032,498.0,Alluvial Soil,7.44,48.4,1400.0,31.4,70.2,Tillering,33.43,32.6
Assam,Co 86032,428.0,Alluvial Soil,6.78,56.2,1400.0,31.4,65.1,Grand Growth,32.6,23.41
Assam,Co 86032,285.0,Alluvial Soil,6.6,49.6,1400.0,31.4,66.0,Maturity,23.41,26.19
Assam,Co 86032,300.0,Alluvial Soil,6.8,67.2,1400.0,31.4,75.3,Harvest,26.19,38.99
Assam,Co 86032,285.0,Alluvial Soil,6.92,65.3,1400.0,31.4,64.7,Planting,38.99,28.72
Assam,Co 86032,291.0,Alluvial Soil,7.6,55.5,1400.0,31.4,72.7,Germination,28.72,34.87
Assam,Co 86032,262.0,Alluvial Soil,7.68,44.6,1400.0,31.4,66.9,Tillering,34.87,36.42
Assam,Co 86032,236.0,Alluvial Soil,7.27,62.3,1400.0,31.4,66.0,Grand Growth,36.42,35.67
Assam,Co 86032,209.0,Alluvial Soil,7.36,59.0,1400.0,31.4,67.0,Maturity,35.67,28.97
Assam,Co 86032,70.0,Alluvial Soil,7.11,58.8,1400.0,31.4,63.8,Maturity,45.0,41.11
Assam,Co 86032,65.0,Alluvial Soil,6.61,69.5,1400.0,31.4,69.3,Harvest,41.11,40.02
Assam,Co 86032,71.0,Alluvial Soil,6.99,66.1,1400.0,31.4,71.6,Planting,40.02,39.66
Assam,Co 86032,69.0,Sandy Loam,6.72,54.6,1400.0,31.4,76.7,Germination,39.66,36.88
Assam,Co 86032,66.0,Alluvial Soil,7.27,62.7,1400.0,31.4,67.4,Tillering,36.88,37.24
Assam,Co 86032,66.0,Alluvial Soil,6.79,56.1,1400.0,31.4,64.0,Grand Growth,37.24,36.41
Assam,Co 86032,72.0,Alluvial Soil,6.82,60.7,1400.0,31.4,70.0,Maturity,36.41,38.6
Assam,Co 86032,78.0,Clay Loam,7.0,58.1,1400.0,31.4,66.4,Harvest,38.6,36.92
Assam,Co 86032,78.0,Alluvial Soil,7.18,47.3,1400.0,31.4,73.2,Planting,36.92,37.19
Assam,Co 86032,96.0,Alluvial Soil,7.37,64.6,1400.0,31.4,69.8,Germination,37.19,39.64
Assam,Co 86032,102.0,Alluvial Soil,6.85,61.9,1400.0,31.4,78.8,Tillering,39.64,38.08
Assam,Co 86032,119.0,Alluvial Soil,7.3,55.9,1400.0,31.4,69.8,Grand Growth,38.08,38.38
Assam,Co 86032,172.0,Alluvial Soil,7.01,55.5,1400.0,31.4,65.6,Maturity,38.38,39.11
Assam,Co 86032,156.0,Alluvial Soil,7.2,61.2,1400.0,31.4,68.2,Harvest,39.11,36.2
Assam,Co 86032,185.0,Alluvial Soil,7.4,59.9,1400.0,31.4,67.5,Planting,36.2,37.05
Assam,Co 86032,196.0,Sandy Loam,6.1,56.6,1400.0,31.4,72.2,Germination,37.05,35.61
Assam,Co 86032,261.0,Alluvial Soil,7.24,68.3,1400.0,31.4,67.2,Tillering,35.61,36.97
Assam,Co 86032,269.0,Alluvial Soil,6.68,45.8,1400.0,31.4,72.6,Grand Growth,36.97,36.76
Assam,Co 86032,283.0,Alluvial Soil,7.41,65.0,1400.0,31.4,68.8,Grand Growth,45.0,38.68
Assam,Co 86032,245.0,Alluvial Soil,6.92,47.9,1400.0,31.4,74.5,Maturity,38.68,37.55
Assam,Co 86032,275.0,Alluvial Soil,6.25,49.2,1400.0,31.4,66.5,Harvest,37.55,41.06
Assam,Co 86032,276.0,Alluvial Soil,6.98,45.8,1400.0,31.4,75.1,Planting,41.06,35.1
Assam,Co 86032,274.0,Sandy Loam,6.64,59.7,1400.0,31.4,70.3,Germination,35.1,38.56
Assam,Co 86032,279.0,Alluvial Soil,7.09,50.1,1400.0,31.4,66.7,Tillering,38.56,38.23
Assam,Co 86032,280.0,Alluvial Soil,7.01,59.7,1400.0,31.4,69.6,Grand Growth,38.23,33.51
Assam,Co 86032,298.0,Alluvial Soil,7.06,58.6,1400.0,31.4,65.8,Maturity,33.51,37.66
Assam,Co 86032,303.0,Clay Loam,6.65,77.1,1400.0,31.4,74.5,Harvest,37.66,38.96
Assam,Co 86032,315.0,Alluvial Soil,7.22,56.3,1400.0,31.4,70.1,Planting,38.96,38.15
Assam,Co 86032,317.0,Alluvial Soil,7.01,54.9,1400.0,31.4,77.3,Germination,38.15,33.4
Assam,Co 86032,334.0,Alluvial Soil,6.57,52.8,1400.0,31.4,70.8,Tillering,33.4,36.06
Assam,Co 86032,341.0,Alluvial Soil,6.82,53.8,1400.0,31.4,67.1,Grand Growth,36.06,37.33
Assam,Co 86032,345.0,Alluvial Soil,6.94,51.7,1400.0,31.4,70.7,Maturity,37.33,45.85
Assam,Co 86032,311.0,Alluvial Soil,6.77,53.2,1400.0,31.4,69.0,Harvest,45.85,61.53
Assam,Co 86032,330.0,Alluvial Soil,6.76,55.4,1400.0,31.4,64.4,Planting,61.53,49.68
Assam,Co 86032,310.0,Alluvial Soil,6.92,65.1,1400.0,31.4,66.9,Germination,49.68,46.75
Assam,Co 86032,326.0,Alluvial Soil,7.19,54.6,1400.0,31.4,73.1,Tillering,46.75,47.51
Assam,Co 86032,670.0,Alluvial Soil,7.02,57.1,1400.0,31.4,55.1,Tillering,45.0,45.68
Assam,Co 86032,670.0,Alluvial Soil,7.25,59.0,1400.0,31.4,67.9,Grand Growth,45.68,46.05
Assam,Co 86032,670.0,Alluvial Soil,7.02,62.0,1400.0,31.4,72.0,Maturity,46.05,42.32
Assam,Co 86032,650.0,Alluvial Soil,6.76,59.7,1400.0,31.4,65.6,Harvest,42.32,42.16
Assam,Co 86032,650.0,Alluvial Soil,6.99,56.0,1400.0,31.4,63.9,Planting,42.16,39.93
Assam,Co 86032,670.0,Alluvial Soil,6.85,55.9,1400.0,31.4,80.2,Germination,39.93,41.16
Assam,Co 86032,670.0,Alluvial Soil,6.69,53.3,1400.0,31.4,64.5,Tillering,41.16,35.46
Assam,Co 86032,670.0,Alluvial Soil,7.04,62.1,1400.0,31.4,74.0,Grand Growth,35.46,37.72
Assam,Co 86032,520.0,Alluvial Soil,7.1,50.7,1400.0,31.4,70.2,Maturity,37.72,38.28
Assam,Co 86032,670.0,Alluvial Soil,7.3,50.6,1400.0,31.4,73.6,Harvest,38.28,36.06
Assam,Co 86032,655.0,Alluvial Soil,7.48,55.7,1400.0,31.4,66.4,Planting,36.06,36.87
Assam,Co 86032,600.0,Alluvial Soil,6.78,51.2,1400.0,31.4,64.8,Germination,36.87,39.49
Assam,Co 86032,620.0,Alluvial Soil,6.81,56.8,1400.0,31.4,68.5,Tillering,39.49,38.01
Assam,Co 86032,571.0,Red Loam,6.44,52.9,1400.0,31.4,69.5,Grand Growth,38.01,37.23
Assam,Co 86032,761.0,Alluvial Soil,7.4,66.0,1400.0,31.4,60.6,Maturity,37.23,39.97
Assam,Co 86032,1243.0,Alluvial Soil,7.12,66.4,1400.0,31.4,65.7,Harvest,39.97,34.47
Assam,Co 86032,950.0,Alluvial Soil,7.22,57.4,1400.0,31.4,62.3,Planting,34.47,33.3
Assam,Co 86032,789.0,Alluvial Soil,6.75,52.8,1400.0,31.4,67.8,Germination,33.3,39.88
Assam,Co 86032,10043.0,Alluvial Soil,6.78,62.1,1400.0,31.4,62.1,Germination,45.0,39.62
Assam,Co 86032,9779.0,Alluvial Soil,7.35,61.8,1400.0,31.4,71.1,Tillering,39.62,35.79
Assam,Co 86032,9979.0,Alluvial Soil,7.37,68.1,1400.0,31.4,71.8,Grand Growth,35.79,35.43
Assam,Co 86032,9097.0,Alluvial Soil,6.9,57.6,1400.0,31.4,64.5,Maturity,35.43,34.93
Assam,Co 86032,9142.0,Alluvial Soil,7.36,46.6,1400.0,31.4,64.1,Harvest,34.93,34.31
Assam,Co 86032,8596.0,Alluvial Soil,7.22,46.3,1400.0,31.4,67.4,Planting,34.31,33.28
Assam,Co 86032,8044.0,Alluvial Soil,7.38,49.6,1400.0,31.4,62.8,Germination,33.28,36.15
Assam,Co 86032,6871.0,Alluvial Soil,7.36,54.4,1400.0,31.4,71.0,Tillering,36.15,33.0
Assam,Co 86032,6130.0,Alluvial Soil,7.21,69.5,1400.0,31.4,71.6,Grand Growth,33.0,33.6
Assam,Co 86032,6121.0,Alluvial Soil,7.08,50.8,1400.0,31.4,67.0,Maturity,33.6,35.04
Assam,Co 86032,6296.0,Alluvial Soil,7.1,52.8,1400.0,31.4,75.5,Harvest,35.04,35.18
Assam,Co 86032,7772.0,Alluvial Soil,6.99,69.7,1400.0,31.4,76.8,Planting,35.18,36.53
Assam,Co 86032,7198.0,Alluvial Soil,6.81,57.1,1400.0,31.4,80.4,Germination,36.53,37.59
Assam,Co 86032,6950.0,Alluvial Soil,6.6,60.3,1400.0,31.4,66.6,Tillering,37.59,35.54
Assam,Co 86032,6750.0,Alluvial Soil,7.83,37.6,1400.0,31.4,65.0,Grand Growth,35.54,36.73
Assam,Co 86032,6249.0,Alluvial Soil,7.45,59.8,1400.0,31.4,72.5,Maturity,36.73,33.57
Assam,Co 86032,6124.0,Alluvial Soil,7.49,55.3,1400.0,31.4,68.6,Harvest,33.57,35.79
Assam,Co 86032,6072.0,Alluvial Soil,6.8,56.8,1400.0,31.4,67.6,Planting,35.79,33.54
Assam,Co 86032,225.0,Black Soil,7.27,73.2,1400.0,31.4,76.2,Planting,45.0,43.32
Assam,Co 86032,225.0,Alluvial Soil,7.19,51.9,1400.0,31.4,64.4,Germination,43.32,39.48
Assam,Co 86032,207.0,Alluvial Soil,7.47,60.2,1400.0,31.4,68.3,Tillering,39.48,39.67
Assam,Co 86032,210.0,Alluvial Soil,6.78,49.3,1400.0,31.4,78.9,Grand Growth,39.67,38.43
Assam,Co 86032,200.0,Alluvial Soil,7.16,57.5,1400.0,31.4,70.4,Maturity,38.43,37.23
Assam,Co 86032,185.0,Alluvial Soil,7.16,57.1,1400.0,31.4,74.0,Harvest,37.23,37.68
Assam,Co 86032,180.0,Alluvial Soil,7.96,52.2,1400.0,31.4,70.3,Planting,37.68,39.9
Assam,Co 86032,180.0,Alluvial Soil,7.05,59.6,1400.0,31.4,73.2,Germination,39.9,38.35
Assam,Co 86032,94.0,Alluvial Soil,6.88,58.5,1400.0,31.4,78.8,Tillering,38.35,39.34
Assam,Co 86032,97.0,Black Soil,7.71,76.8,1400.0,31.4,66.8,Grand Growth,39.34,37.8
Assam,Co 86032,75.0,Alluvial Soil,7.65,57.9,1400.0,31.4,68.1,Maturity,37.8,38.08
Assam,Co 86032,80.0,Sandy Loam,7.29,64.0,1400.0,31.4,78.0,Harvest,38.08,39.06
Assam,Co 86032,84.0,Alluvial Soil,6.73,54.7,1400.0,31.4,64.9,Planting,39.06,39.0
Assam,Co 86032,90.0,Alluvial Soil,6.87,66.2,1400.0,31.4,70.7,Germination,39.0,39.09
Assam,Co 86032,100.0,Alluvial Soil,6.9,65.1,1400.0,31.4,64.7,Tillering,39.09,34.28
Assam,Co 86032,224.0,Alluvial Soil,7.11,60.7,1400.0,31.4,67.8,Grand Growth,34.28,33.52
Assam,Co 86032,250.0,Alluvial Soil,7.93,62.3,1400.0,31.4,58.5,Maturity,33.52,34.03
Assam,Co 86032,220.0,Alluvial Soil,6.68,55.3,1400.0,31.4,66.3,Harvest,34.03,33.57
Assam,Co 86032,114.0,Alluvial Soil,6.91,42.1,1400.0,31.4,76.4,Harvest,45.0,41.11
Assam,Co 86032,102.0,Red Loam,6.3,52.1,1400.0,31.4,74.4,Planting,41.11,40.03
Assam,Co 86032,98.0,Alluvial Soil,6.61,63.8,1400.0,31.4,63.5,Germination,40.03,39.67
Assam,Co 86032,106.0,Alluvial Soil,6.82,67.4,1400.0,31.4,70.9,Tillering,39.67,36.9
Assam,Co 86032,111.0,Alluvial Soil,7.31,59.2,1400.0,31.4,72.0,Grand Growth,36.9,37.23
Assam,Co 86032,109.0,Alluvial Soil,7.32,54.2,1400.0,31.4,76.5,Maturity,37.23,36.42
Assam,Co 86032,111.0,Alluvial Soil,6.58,59.5,1400.0,31.4,67.5,Harvest,36.42,38.59
Assam,Co 86032,120.0,Alluvial Soil,7.87,51.9,1400.0,31.4,66.1,Planting,38.59,36.92
Assam,Co 86032,124.0,Alluvial Soil,7.13,51.6,1400.0,31.4,70.3,Germination,36.92,37.19
Assam,Co 86032,112.0,Alluvial Soil,7.3,68.8,1400.0,31.4,62.9,Tillering,37.19,39.63
Assam,Co 86032,127.0,Alluvial Soil,7.09,47.7,1400.0,31.4,73.9,Grand Growth,39.63,38.07
Assam,Co 86032,124.0,Red Loam,6.26,57.3,1400.0,31.4,75.1,Maturity,38.07,38.39
Assam,Co 86032,101.0,Alluvial Soil,7.31,62.2,1400.0,31.4,66.7,Harvest,38.39,39.11
Assam,Co 86032,92.0,Clay Loam,7.3,55.5,1400.0,31.4,66.4,Planting,39.11,36.21
Assam,Co 86032,96.0,Sandy Loam,6.33,51.1,1400.0,31.4,70.4,Germination,36.21,37.05
Assam,Co 86032,84.0,Alluvial Soil,7.06,57.0,1400.0,31.4,76.0,Tillering,37.05,35.62
Assam,Co 86032,81.0,Alluvial Soil,6.88,63.4,1400.0,31.4,68.6,Grand Growth,35.62,36.98
Assam,Co 86032,83.0,Alluvial Soil,7.55,43.4,1400.0,31.4,76.7,Maturity,36.98,36.76
Assam,Co 86032,1473.0,Alluvial Soil,6.82,53.5,1400.0,31.4,77.2,Maturity,45.0,38.33
Assam,Co 86032,1559.0,Alluvial Soil,6.93,51.0,1400.0,31.4,65.5,Harvest,38.33,41.29
Assam,Co 86032,1603.0,Black Soil,7.42,63.2,1400.0,31.4,67.9,Planting,41.29,45.38
Assam,Co 86032,1613.0,Alluvial Soil,6.85,57.5,1400.0,31.4,72.7,Germination,45.38,40.13
Assam,Co 86032,1609.0,Alluvial Soil,6.9,63.2,1400.0,31.4,70.4,Tillering,40.13,37.78
Assam,Co 86032,1620.0,Alluvial Soil,7.16,57.7,1400.0,31.4,76.3,Grand Growth,37.78,38.4
Assam,Co 86032,1625.0,Alluvial Soil,6.86,58.0,1400.0,31.4,74.6,Maturity,38.4,39.12
Assam,Co 86032,2239.0,Alluvial Soil,7.25,55.0,1400.0,31.4,81.1,Harvest,39.12,36.32
Assam,Co 86032,2502.0,Alluvial Soil,6.51,50.9,1400.0,31.4,66.2,Planting,36.32,38.51
Assam,Co 86032,2520.0,Alluvial Soil,7.03,51.2,1400.0,31.4,72.7,Germination,38.51,39.09
Assam,Co 86032,2450.0,Alluvial Soil,6.92,47.3,1400.0,31.4,64.4,Tillering,39.09,35.24
Assam,Co 86032,2385.0,Alluvial Soil,7.06,59.4,1400.0,31.4,76.3,Grand Growth,35.24,35.67
Assam,Co 86032,2452.0,Alluvial Soil,6.95,54.9,1400.0,31.4,73.5,Maturity,35.67,39.03
Assam,Co 86032,2724.0,Alluvial Soil,7.21,64.1,1400.0,31.4,61.9,Harvest,39.03,39.54
Assam,Co 86032,2797.0,Alluvial Soil,6.62,48.9,1400.0,31.4,68.4,Planting,39.54,42.97
Assam,Co 86032,2512.0,Alluvial Soil,7.02,53.2,1400.0,31.4,62.5,Germination,42.97,36.43
Assam,Co 86032,2452.0,Alluvial Soil,6.85,61.4,1400.0,31.4,69.0,Tillering,36.43,38.04
Assam,Co 86032,3090.0,Alluvial Soil,7.07,55.6,1400.0,31.4,69.9,Grand Growth,38.04,38.86
Assam,Co 86032,484.0,Alluvial Soil,7.09,60.4,1400.0,31.4,71.8,Grand Growth,45.0,41.11
Assam,Co 86032,493.0,Alluvial Soil,6.45,59.6,1400.0,31.4,73.0,Maturity,41.11,33.35
Assam,Co 86032,350.0,Alluvial Soil,6.91,65.5,1400.0,31.4,61.0,Harvest,33.35,39.67
Assam,Co 86032,350.0,Sandy Loam,5.85,55.8,1400.0,31.4,67.6,Planting,39.67,30.78
Assam,Co 86032,343.0,Alluvial Soil,7.16,68.4,1400.0,31.4,77.8,Germination,30.78,37.23
Assam,Co 86032,292.0,Clay Loam,6.76,53.1,1400.0,31.4,67.7,Tillering,37.23,36.42
Assam,Co 86032,298.0,Alluvial Soil,7.51,70.5,1400.0,31.4,63.5,Grand Growth,36.42,38.59
Assam,Co 86032,292.0,Alluvial Soil,7.29,51.5,1400.0,31.4,73.0,Maturity,38.59,36.92
Assam,Co 86032,295.0,Alluvial Soil,7.25,62.5,1400.0,31.4,74.8,Harvest,36.92,37.19
Assam,Co 86032,302.0,Alluvial Soil,7.39,63.9,1400.0,31.4,63.3,Planting,37.19,39.63
Assam,Co 86032,282.0,Alluvial Soil,6.88,68.0,1400.0,31.4,74.1,Germination,39.63,38.07
Assam,Co 86032,247.0,Alluvial Soil,7.12,49.3,1400.0,31.4,71.8,Tillering,38.07,38.39
Assam,Co 86032,255.0,Alluvial Soil,7.09,60.0,1400.0,31.4,63.0,Grand Growth,38.39,39.11
Assam,Co 86032,179.0,Alluvial Soil,7.0,55.1,1400.0,31.4,65.5,Maturity,39.11,36.2
Assam,Co 86032,197.0,Alluvial Soil,7.53,59.5,1400.0,31.4,74.3,Harvest,36.2,37.06
Assam,Co 86032,201.0,Alluvial Soil,7.13,56.5,1400.0,31.4,69.5,Planting,37.06,35.61
Assam,Co 86032,205.0,Alluvial Soil,7.63,65.7,1400.0,31.4,72.7,Germination,35.61,36.97
Assam,Co 86032,200.0,Alluvial Soil,7.26,62.6,1400.0,31.4,66.7,Tillering,36.97,36.77
Assam,Co 86032,677.0,Alluvial Soil,6.82,57.2,1400.0,31.4,65.5,Tillering,45.0,42.08
Assam,Co 86032,667.0,Red Loam,6.41,43.7,1400.0,31.4,64.0,Grand Growth,42.08,33.22
Assam,Co 86032,793.0,Alluvial Soil,7.43,66.8,1400.0,31.4,64.5,Maturity,33.22,33.08
Assam,Co 86032,788.0,Alluvial Soil,7.51,41.2,1400.0,31.4,63.5,Harvest,33.08,46.27
Assam,Co 86032,773.0,Alluvial Soil,6.94,68.1,1400.0,31.4,76.8,Planting,46.27,32.02
Assam,Co 86032,892.0,Alluvial Soil,7.87,48.6,1400.0,31.4,62.5,Germination,32.02,44.93
Assam,Co 86032,802.0,Alluvial Soil,7.2,56.0,1400.0,31.4,69.1,Tillering,44.93,39.02
Assam,Co 86032,762.0,Alluvial Soil,6.61,60.7,1400.0,31.4,71.5,Grand Growth,39.02,45.09
Assam,Co 86032,692.0,Alluvial Soil,7.63,65.8,1400.0,31.4,72.7,Maturity,45.09,37.08
Assam,Co 86032,790.0,Alluvial Soil,6.98,67.9,1400.0,31.4,66.2,Harvest,37.08,39.91
Bihar,Co 0238,162.0,Alluvial Soil,6.66,49.5,1221.5,29.8,58.2,Grand Growth,47.37,45.89
Bihar,Co 0238,77.0,Alluvial Soil,7.29,49.1,1221.5,29.8,68.0,Maturity,45.89,40.86
Bihar,Co 0238,72.0,Alluvial Soil,6.71,62.5,1221.5,29.8,71.7,Harvest,40.86,25.28
Bihar,Co 0238,671.0,Alluvial Soil,7.39,51.1,1221.5,29.8,67.7,Planting,25.28,38.92
Bihar,Co 0238,71.0,Alluvial Soil,7.42,52.6,1221.5,29.8,73.3,Germination,38.92,46.32
Bihar,Co 0238,173.0,Alluvial Soil,6.79,44.1,1221.5,29.8,63.1,Tillering,46.32,41.19
Bihar,Co 0238,155.0,Alluvial Soil,6.95,57.4,1221.5,29.8,64.9,Grand Growth,41.19,39.7
Bihar,Co 0238,144.0,Alluvial Soil,7.58,53.1,1221.5,29.8,75.8,Maturity,39.7,36.49
Bihar,Co 0238,147.0,Alluvial Soil,6.86,59.7,1221.5,29.8,70.5,Harvest,36.49,50.18
Bihar,Co 0238,86.0,Alluvial Soil,7.47,55.7,1221.5,29.8,59.2,Grand Growth,45.0,42.15
Bihar,Co 0238,49.0,Alluvial Soil,7.01,42.5,1221.5,29.8,63.1,Maturity,42.15,35.96
Bihar,Co 0238,65.0,Alluvial Soil,7.4,50.8,1221.5,29.8,73.7,Harvest,35.96,26.31
Bihar,Co 0238,99.0,Alluvial Soil,7.14,47.8,1221.5,29.8,65.4,Planting,26.31,37.08
Bihar,Co 0238,11.0,Alluvial Soil,6.98,47.4,1221.5,29.8,66.6,Germination,37.08,35.0
Bihar,Co 0238,27.0,Alluvial Soil,6.69,50.5,1221.5,29.8,77.5,Tillering,35.0,48.78
Bihar,Co 0238,32.0,Sandy Loam,6.73,53.9,1221.5,29.8,69.4,Grand Growth,48.78,67.12
Bihar,Co 0238,75.0,Alluvial Soil,7.32,52.2,1221.5,29.8,66.9,Maturity,67.12,60.47
Bihar,Co 0238,38.0,Alluvial Soil,7.46,41.5,1221.5,29.8,71.9,Harvest,60.47,24.74
Bihar,Co 0238,28.0,Alluvial Soil,7.21,39.1,1221.5,29.8,64.0,Planting,24.74,113.29
Bihar,Co 0238,393.0,Alluvial Soil,6.85,40.5,1221.5,29.8,71.2,Maturity,45.0,21.23
Bihar,Co 0238,556.0,Alluvial Soil,6.91,54.2,1221.5,29.8,66.2,Harvest,21.23,51.93
Bihar,Co 0238,487.0,Alluvial Soil,6.65,49.6,1221.5,29.8,61.6,Planting,51.93,42.25
Bihar,Co 0238,522.0,Alluvial Soil,6.88,43.0,1221.5,29.8,63.4,Germination,42.25,45.02
Bihar,Co 0238,478.0,Alluvial Soil,6.99,46.3,1221.5,29.8,71.0,Tillering,45.02,44.49
Bihar,Co 0238,413.0,Alluvial Soil,7.23,51.9,1221.5,29.8,68.2,Grand Growth,44.49,46.15
Bihar,Co 0238,230.0,Alluvial Soil,7.77,43.5,1221.5,29.8,67.5,Maturity,46.15,42.67
Bihar,Co 0238,231.0,Alluvial Soil,7.11,51.6,1221.5,29.8,69.3,Harvest,42.67,35.96
Bihar,Co 0238,223.0,Alluvial Soil,7.06,57.0,1221.5,29.8,69.1,Planting,35.96,26.3
Bihar,Co 0238,279.0,Alluvial Soil,7.33,51.8,1221.5,29.8,66.7,Germination,26.3,36.52
Bihar,Co 0238,279.0,Black Soil,7.41,61.6,1221.5,29.8,68.3,Tillering,36.52,38.51
Bihar,Co 0238,91.0,Alluvial Soil,6.9,55.8,1221.5,29.8,60.4,Grand Growth,38.51,48.6
Bihar,Co 0238,895.0,Black Soil,7.82,53.5,1221.5,29.8,67.0,Maturity,48.6,67.12
Bihar,Co 0238,157.0,Alluvial Soil,6.98,51.0,1221.5,29.8,60.7,Harvest,67.12,60.46
Bihar,Co 0238,143.0,Alluvial Soil,7.85,57.4,1221.5,29.8,68.7,Planting,60.46,24.73
Bihar,Co 0238,132.0,Alluvial Soil,7.05,51.6,1221.5,29.8,64.5,Germination,24.73,112.85
Bihar,Co 0238,1305.0,Alluvial Soil,7.47,55.0,1221.5,29.8,72.7,Harvest,52.2,50.66
Bihar,Co 0238,945.0,Alluvial Soil,7.01,48.4,1221.5,29.8,72.1,Planting,50.66,49.63
Bihar,Co 0238,1044.0,Alluvial Soil,7.12,41.4,1221.5,29.8,68.4,Germination,49.63,40.62
Bihar,Co 0238,1112.0,Alluvial Soil,7.34,51.6,1221.5,29.8,66.7,Tillering,40.62,30.16
Bihar,Co 0238,1231.0,Alluvial Soil,6.79,49.9,1221.5,29.8,65.9,Grand Growth,30.16,48.64
Bihar,Co 0238,1092.0,Clay Loam,6.83,60.9,1221.5,29.8,61.0,Maturity,48.64,51.0
Bihar,Co 0238,1110.0,Alluvial Soil,6.95,48.4,1221.5,29.8,67.2,Harvest,51.0,35.91
Bihar,Co 0238,850.0,Alluvial Soil,6.8,35.3,1221.5,29.8,64.4,Planting,35.91,41.49
Bihar,Co 0238,1260.0,Alluvial Soil,7.13,35.2,1221.5,29.8,72.9,Germination,41.49,38.5
Bihar,Co 0238,1464.0,Alluvial Soil,6.84,52.2,1221.5,29.8,63.2,Tillering,38.5,49.74
Bihar,Co 0238,1697.0,Alluvial Soil,7.47,54.9,1221.5,29.8,71.4,Grand Growth,49.74,38.36
Bihar,Co 0238,451.0,Alluvial Soil,6.96,65.6,1221.5,29.8,63.4,Maturity,38.36,72.69
Bihar,Co 0238,3256.0,Alluvial Soil,7.24,50.6,1221.5,29.8,70.8,Harvest,72.69,71.54
Bihar,Co 0238,2365.0,Black Soil,7.3,66.8,1221.5,29.8,62.2,Planting,71.54,57.24
Bihar,Co 0238,2440.0,Alluvial Soil,7.14,43.9,1221.5,29.8,66.3,Germination,57.24,73.61
Bihar,Co 0238,2960.0,Alluvial Soil,7.33,44.8,1221.5,29.8,71.2,Tillering,73.61,68.55
Bihar,Co 0238,2057.0,Alluvial Soil,6.89,59.7,1221.5,29.8,68.5,Planting,55.91,54.62
Bihar,Co 0238,1876.0,Alluvial Soil,7.0,52.3,1221.5,29.8,69.0,Germination,54.62,50.08
Bihar,Co 0238,1751.0,Alluvial Soil,7.11,53.6,1221.5,29.8,64.9,Tillering,50.08,42.41
Bihar,Co 0238,1871.0,Alluvial Soil,6.54,51.2,1221.5,29.8,69.1,Grand Growth,42.41,40.28
Bihar,Co 0238,3227.0,Alluvial Soil,6.98,56.6,1221.5,29.8,70.7,Maturity,40.28,46.38
Bihar,Co 0238,3024.0,Alluvial Soil,7.13,50.7,1221.5,29.8,60.7,Harvest,46.38,39.54
Bihar,Co 0238,3357.0,Alluvial Soil,6.83,51.3,1221.5,29.8,57.4,Planting,39.54,43.71
Bihar,Co 0238,2937.0,Alluvial Soil,7.61,43.9,1221.5,29.8,73.8,Germination,43.71,27.04
Bihar,Co 0238,2035.0,Black Soil,7.06,59.6,1221.5,29.8,72.4,Tillering,27.04,38.22
Bihar,Co 0238,1905.0,Alluvial Soil,6.71,43.1,1221.5,29.8,66.5,Grand Growth,38.22,0.64
Bihar,Co 0238,943.0,Alluvial Soil,7.0,49.8,1221.5,29.8,66.2,Maturity,45.0,16.94
Bihar,Co 0238,1112.0,Alluvial Soil,7.48,51.2,1221.5,29.8,67.7,Harvest,45.0,32.09
Bihar,Co 0238,6256.0,Sandy Loam,7.17,52.7,1221.5,29.8,56.3,Planting,32.09,81.49
Bihar,Co 0238,8166.0,Alluvial Soil,6.84,37.9,1221.5,29.8,67.6,Germination,81.49,90.23
Bihar,Co 0238,1394.0,Alluvial Soil,7.34,50.7,1221.5,29.8,73.9,Tillering,90.23,72.39
Bihar,Co 0238,2556.0,Alluvial Soil,6.74,39.0,1221.5,29.8,61.1,Grand Growth,72.39,60.62
Bihar,Co 0238,1905.0,Alluvial Soil,7.06,53.1,1221.5,29.8,69.5,Grand Growth,3821.62,64.46
Bihar,Co 0238,1636.0,Alluvial Soil,7.06,51.3,1221.5,29.8,65.4,Germination,45.0,39.49
Bihar,Co 0238,2231.0,Alluvial Soil,6.9,42.7,1221.5,29.8,73.3,Tillering,39.49,40.46
Bihar,Co 0238,1946.0,Alluvial Soil,7.25,54.9,1221.5,29.8,68.8,Grand Growth,40.46,40.35
Bihar,Co 0238,1931.0,Alluvial Soil,7.04,55.9,1221.5,29.8,64.8,Maturity,40.35,35.21
Bihar,Co 0238,2003.0,Alluvial Soil,6.67,43.2,1221.5,29.8,68.9,Harvest,35.21,46.91
Bihar,Co 0238,1880.0,Alluvial Soil,6.81,46.0,1221.5,29.8,65.9,Planting,46.91,44.23
Bihar,Co 0238,2068.0,Alluvial Soil,6.89,59.8,1221.5,29.8,73.3,Germination,44.23,49.93
Bihar,Co 0238,2341.0,Alluvial Soil,7.43,48.8,1221.5,29.8,65.1,Tillering,49.93,36.11
Bihar,Co 0238,2052.0,Alluvial Soil,6.67,54.5,1221.5,29.8,65.8,Grand Growth,36.11,40.26
Bihar,Co 0238,2341.0,Alluvial Soil,6.99,41.4,1221.5,29.8,66.7,Maturity,40.26,47.9
Bihar,Co 0238,2285.0,Alluvial Soil,7.28,48.1,1221.5,29.8,64.7,Harvest,47.9,36.02
Bihar,Co 0238,2111.0,Alluvial Soil,6.67,46.5,1221.5,29.8,64.5,Planting,36.02,39.01
Bihar,Co 0238,6607.0,Alluvial Soil,7.42,59.4,1221.5,29.8,76.8,Germination,39.01,98.58
Bihar,Co 0238,5515.0,Alluvial Soil,7.0,47.2,1221.5,29.8,59.7,Tillering,98.58,68.82
Bihar,Co 0238,5578.0,Alluvial Soil,7.03,40.9,1221.5,29.8,61.9,Grand Growth,68.82,71.83
Bihar,Co 0238,5932.0,Alluvial Soil,7.21,53.4,1221.5,29.8,66.7,Maturity,71.83,67.32
Bihar,Co 0238,319.0,Black Soil,7.93,48.3,1221.5,29.8,67.4,Tillering,47.55,50.64
Bihar,Co 0238,310.0,Alluvial Soil,7.06,51.5,1221.5,29.8,71.4,Grand Growth,50.64,22.82
Bihar,Co 0238,231.0,Alluvial Soil,7.07,48.8,1221.5,29.8,56.4,Maturity,22.82,21.56
Bihar,Co 0238,209.0,Black Soil,7.19,66.9,1221.5,29.8,58.7,Harvest,21.56,23.08
Bihar,Co 0238,162.0,Alluvial Soil,6.82,57.6,1221.5,29.8,69.7,Planting,23.08,39.73
Bihar,Co 0238,152.0,Alluvial Soil,6.93,47.6,1221.5,29.8,67.7,Germination,39.73,37.03
Bihar,Co 0238,151.0,Alluvial Soil,7.59,46.0,1221.5,29.8,66.6,Tillering,37.03,35.97
Bihar,Co 0238,233.0,Alluvial Soil,7.78,62.3,1221.5,29.8,64.0,Grand Growth,35.97,41.04
Bihar,Co 0238,126.0,Alluvial Soil,7.02,44.2,1221.5,29.8,68.6,Maturity,41.04,41.89
Bihar,Co 0238,250.0,Alluvial Soil,7.08,50.2,1221.5,29.8,65.9,Harvest,41.89,38.29
Bihar,Co 0238,255.0,Alluvial Soil,6.81,52.5,1221.5,29.8,73.6,Planting,38.29,46.2
Bihar,Co 0238,251.0,Alluvial Soil,7.11,58.9,1221.5,29.8,70.2,Germination,46.2,44.75
Bihar,Co 0238,251.0,Alluvial Soil,7.4,52.3,1221.5,29.8,53.7,Tillering,44.75,45.93
Bihar,Co 0238,353.0,Alluvial Soil,7.09,43.3,1221.5,29.8,66.9,Grand Growth,45.93,39.53
Bihar,Co 0238,280.0,Alluvial Soil,6.62,52.3,1221.5,29.8,70.7,Maturity,39.53,52.06
Bihar,Co 0238,542.0,Clay Loam,7.12,49.9,1221.5,29.8,69.6,Harvest,52.06,66.64
Bihar,Co 0238,396.0,Sandy Loam,6.5,46.4,1221.5,29.8,72.5,Planting,500.49,24.63
Bihar,Co 0238,328.0,Alluvial Soil,6.92,47.3,1221.5,29.8,55.5,Germination,24.63,21.56
Bihar,Co 0238,330.0,Red Loam,6.82,45.7,1221.5,29.8,66.3,Tillering,21.56,23.08
Bihar,Co 0238,485.0,Alluvial Soil,7.34,54.7,1221.5,29.8,64.7,Grand Growth,23.08,37.05
Bihar,Co 0238,524.0,Alluvial Soil,7.3,45.4,1221.5,29.8,65.3,Maturity,37.05,31.94
Bihar,Co 0238,521.0,Alluvial Soil,7.3,52.2,1221.5,29.8,69.9,Harvest,31.94,34.39
Bihar,Co 0238,379.0,Alluvial Soil,7.16,44.4,1221.5,29.8,62.0,Planting,34.39,41.91
Bihar,Co 0238,370.0,Alluvial Soil,7.49,50.5,1221.5,29.8,68.1,Germination,41.91,42.11
Bihar,Co 0238,572.0,Alluvial Soil,7.05,49.6,1221.5,29.8,63.9,Tillering,42.11,51.73
Bihar,Co 0238,416.0,Alluvial Soil,7.41,50.8,1221.5,29.8,72.5,Grand Growth,51.73,49.3
Bihar,Co 0238,233.0,Alluvial Soil,7.37,46.0,1221.5,29.8,69.3,Maturity,49.3,28.71
Bihar,Co 0238,502.0,Alluvial Soil,7.05,40.2,1221.5,29.8,57.1,Harvest,28.71,24.76
Bihar,Co 0238,698.0,Alluvial Soil,6.9,53.3,1221.5,29.8,71.5,Planting,24.76,36.86
Bihar,Co 0238,611.0,Alluvial Soil,6.93,56.7,1221.5,29.8,74.1,Germination,36.86,58.96
Bihar,Co 0238,590.0,Alluvial Soil,7.11,51.5,1221.5,29.8,65.7,Tillering,58.96,66.64
Bihar,Co 0238,767.0,Alluvial Soil,7.03,55.8,1221.5,29.8,71.7,Grand Growth,45.0,21.58
Bihar,Co 0238,1492.0,Clay Loam,6.63,57.2,1221.5,29.8,68.1,Maturity,21.58,22.51
Bihar,Co 0238,1822.0,Alluvial Soil,7.45,43.6,1221.5,29.8,61.4,Harvest,22.51,22.59
Bihar,Co 0238,498.0,Alluvial Soil,6.94,33.9,1221.5,29.8,59.8,Planting,22.59,46.91
Bihar,Co 0238,431.0,Alluvial Soil,7.02,54.0,1221.5,29.8,75.5,Germination,46.91,35.67
Bihar,Co 0238,689.0,Alluvial Soil,6.94,52.0,1221.5,29.8,67.3,Tillering,35.67,35.35
Bihar,Co 0238,221.0,Alluvial Soil,6.67,58.6,1221.5,29.8,58.0,Grand Growth,35.35,44.42
Bihar,Co 0238,152.0,Alluvial Soil,6.86,44.7,1221.5,29.8,66.3,Maturity,44.42,13.32
Bihar,Co 0238,105.0,Alluvial Soil,6.98,42.0,1221.5,29.8,72.0,Harvest,45.0,29.22
Bihar,Co 0238,95.0,Sandy Loam,7.33,47.8,1221.5,29.8,68.5,Planting,29.22,19.2
Bihar,Co 0238,94.0,Alluvial Soil,7.31,50.6,1221.5,29.8,81.2,Germination,45.0,35.39
Bihar,Co 0238,88.0,Alluvial Soil,6.55,45.9,1221.5,29.8,62.8,Tillering,35.39,39.05
Bihar,Co 0238,1443.0,Alluvial Soil,6.81,50.8,1221.5,29.8,66.4,Grand Growth,39.05,43.45
Bihar,Co 0238,2189.0,Alluvial Soil,6.72,47.1,1221.5,29.8,66.5,Maturity,43.45,46.5
Bihar,Co 0238,2189.0,Alluvial Soil,6.81,51.9,1221.5,29.8,67.6,Harvest,46.5,52.6
Bihar,Co 0238,2486.0,Alluvial Soil,7.17,50.4,1221.5,29.8,73.1,Planting,52.6,41.16
Bihar,Co 0238,1911.0,Alluvial Soil,6.98,47.0,1221.5,29.8,72.1,Harvest,45.0,21.23
Bihar,Co 0238,2155.0,Alluvial Soil,7.22,55.3,1221.5,29.8,62.5,Planting,21.23,51.93
Bihar,Co 0238,824.0,Alluvial Soil,7.08,43.9,1221.5,29.8,73.5,Germination,51.93,42.25
Bihar,Co 0238,853.0,Alluvial Soil,7.6,52.0,1221.5,29.8,62.2,Tillering,42.25,45.02
Bihar,Co 0238,916.0,Alluvial Soil,7.3,40.0,1221.5,29.8,62.5,Grand Growth,45.02,44.49
Bihar,Co 0238,1009.0,Alluvial Soil,7.0,52.5,1221.5,29.8,65.4,Maturity,44.49,46.07
Bihar,Co 0238,1266.0,Sandy Loam,6.57,34.4,1221.5,29.8,72.4,Harvest,46.07,42.01
Bihar,Co 0238,922.0,Alluvial Soil,7.14,51.5,1221.5,29.8,62.9,Planting,42.01,35.96
Bihar,Co 0238,825.0,Alluvial Soil,6.77,49.1,1221.5,29.8,74.5,Germination,35.96,26.94
Bihar,Co 0238,892.0,Alluvial Soil,7.17,54.4,1221.5,29.8,72.5,Tillering,26.94,37.0
Bihar,Co 0238,717.0,Alluvial Soil,6.84,45.3,1221.5,29.8,59.3,Grand Growth,37.0,35.3
Bihar,Co 0238,518.0,Alluvial Soil,6.91,47.5,1221.5,29.8,66.8,Maturity,35.3,48.75
Bihar,Co 0238,320.0,Alluvial Soil,7.3,55.6,1221.5,29.8,60.8,Harvest,48.75,48.65
Bihar,Co 0238,500.0,Alluvial Soil,7.22,53.2,1221.5,29.8,77.7,Planting,48.65,60.86
Bihar,Co 0238,459.0,Alluvial Soil,7.01,47.4,1221.5,29.8,80.3,Germination,60.86,28.63
Bihar,Co 0238,313.0,Alluvial Soil,6.94,41.2,1221.5,29.8,63.0,Tillering,28.63,79.15
Bihar,Co 0238,12954.0,Alluvial Soil,7.17,56.4,1221.5,29.8,72.7,Harvest,45.0,27.98
Bihar,Co 0238,15562.0,Alluvial Soil,6.92,53.0,1221.5,29.8,59.7,Planting,27.98,51.32
Bihar,Co 0238,16912.0,Red Loam,6.91,36.7,1221.5,29.8,67.7,Germination,51.32,35.79
Bihar,Co 0238,16608.0,Alluvial Soil,6.95,60.1,1221.5,29.8,65.2,Tillering,35.79,42.23
Bihar,Co 0238,18896.0,Clay Loam,7.35,64.9,1221.5,29.8,66.6,Grand Growth,42.23,46.43
Bihar,Co 0238,20155.0,Clay Loam,7.02,55.7,1221.5,29.8,67.9,Maturity,46.43,33.41
Bihar,Co 0238,18006.0,Alluvial Soil,7.03,51.1,1221.5,29.8,69.0,Harvest,33.41,39.39
Bihar,Co 0238,19279.0,Alluvial Soil,7.48,52.6,1221.5,29.8,67.5,Planting,39.39,39.71
Bihar,Co 0238,17759.0,Alluvial Soil,7.44,44.0,1221.5,29.8,66.9,Germination,39.71,48.21
Bihar,Co 0238,23361.0,Alluvial Soil,6.92,45.5,1221.5,29.8,72.4,Tillering,48.21,36.26
Bihar,Co 0238,27037.0,Alluvial Soil,6.92,52.5,1221.5,29.8,65.0,Grand Growth,36.26,44.15
Bihar,Co 0238,26926.0,Alluvial Soil,7.05,51.6,1221.5,29.8,67.4,Maturity,44.15,46.61
Bihar,Co 0238,30872.0,Alluvial Soil,7.07,43.9,1221.5,29.8,72.3,Harvest,46.61,40.0
Bihar,Co 0238,22724.0,Alluvial Soil,7.39,51.9,1221.5,29.8,65.0,Planting,40.0,49.46
Bihar,Co 0238,27119.0,Alluvial Soil,6.71,48.8,1221.5,29.8,77.1,Germination,49.46,54.4
Bihar,Co 0238,24795.0,Alluvial Soil,7.38,46.8,1221.5,29.8,55.5,Tillering,54.4,57.78
Bihar,Co 0238,530.0,Black Soil,7.38,66.0,1221.5,29.8,74.9,Grand Growth,52.48,55.4
Bihar,Co 0238,626.0,Alluvial Soil,7.14,49.0,1221.5,29.8,69.0,Maturity,55.4,49.4
Bihar,Co 0238,303.0,Alluvial Soil,7.31,47.3,1221.5,29.8,75.6,Harvest,49.4,45.02
Bihar,Co 0238,617.0,Alluvial Soil,7.46,57.7,1221.5,29.8,63.3,Planting,45.02,46.91
Bihar,Co 0238,657.0,Alluvial Soil,7.08,45.1,1221.5,29.8,72.9,Germination,46.91,52.23
Bihar,Co 0238,613.0,Alluvial Soil,7.56,46.2,1221.5,29.8,73.1,Tillering,52.23,48.09
Bihar,Co 0238,482.0,Alluvial Soil,7.15,61.5,1221.5,29.8,69.6,Grand Growth,48.09,46.17
Bihar,Co 0238,491.0,Black Soil,7.84,57.3,1221.5,29.8,76.7,Maturity,46.17,47.17
Bihar,Co 0238,287.0,Alluvial Soil,7.7,42.7,1221.5,29.8,78.8,Harvest,47.17,16.54
Bihar,Co 0238,671.0,Sandy Loam,6.67,48.8,1221.5,29.8,67.0,Planting,45.0,14.23
Bihar,Co 0238,619.0,Alluvial Soil,7.18,50.8,1221.5,29.8,64.2,Germination,45.0,16.2
Bihar,Co 0238,76.0,Alluvial Soil,6.47,53.3,1221.5,29.8,62.9,Tillering,45.0,37.53
Bihar,Co 0238,2390.0,Alluvial Soil,7.01,50.1,1221.5,29.8,65.7,Grand Growth,37.53,67.61
Bihar,Co 0238,646.0,Alluvial Soil,6.7,47.0,1221.5,29.8,68.5,Maturity,67.61,65.36
Bihar,Co 0238,1003.0,Alluvial Soil,6.99,54.4,1221.5,29.8,70.0,Harvest,65.36,48.66
Bihar,Co 0238,610.0,Alluvial Soil,7.07,48.0,1221.5,29.8,62.5,Planting,48.66,57.0
Bihar,Co 0238,331.0,Alluvial Soil,7.59,51.3,1221.5,29.8,70.5,Maturity,45.0,21.23
Bihar,Co 0238,330.0,Alluvial Soil,6.81,52.7,1221.5,29.8,71.8,Harvest,21.23,51.93
Bihar,Co 0238,338.0,Alluvial Soil,6.94,47.9,1221.5,29.8,63.6,Planting,51.93,42.25
Bihar,Co 0238,341.0,Alluvial Soil,6.97,51.2,1221.5,29.8,66.1,Germination,42.25,45.01
Bihar,Co 0238,460.0,Alluvial Soil,7.13,50.5,1221.5,29.8,75.4,Tillering,45.01,44.49
Bihar,Co 0238,382.0,Alluvial Soil,7.56,57.8,1221.5,29.8,65.2,Grand Growth,44.49,46.15
Bihar,Co 0238,136.0,Alluvial Soil,6.99,48.2,1221.5,29.8,72.6,Maturity,46.15,42.52
Bihar,Co 0238,157.0,Alluvial Soil,7.1,44.3,1221.5,29.8,75.5,Harvest,42.52,35.96
Bihar,Co 0238,262.0,Alluvial Soil,6.58,50.8,1221.5,29.8,63.7,Planting,35.96,26.31
Bihar,Co 0238,304.0,Alluvial Soil,7.23,45.1,1221.5,29.8,67.3,Germination,26.31,37.08
Bihar,Co 0238,215.0,Alluvial Soil,7.26,51.3,1221.5,29.8,65.7,Tillering,37.08,35.0
Bihar,Co 0238,216.0,Alluvial Soil,6.95,55.3,1221.5,29.8,71.4,Grand Growth,35.0,48.78
Bihar,Co 0238,202.0,Alluvial Soil,6.76,41.1,1221.5,29.8,67.6,Maturity,48.78,86.74
Bihar,Co 0238,195.0,Alluvial Soil,6.47,57.9,1221.5,29.8,63.0,Harvest,86.74,60.46
Bihar,Co 0238,210.0,Alluvial Soil,6.84,43.2,1221.5,29.8,66.7,Planting,60.46,24.73
Bihar,Co 0238,18.0,Alluvial Soil,7.25,54.0,1221.5,29.8,63.9,Germination,24.73,113.28
Bihar,Co 0238,1024.0,Alluvial Soil,7.05,56.6,1221.5,29.8,72.8,Maturity,49.75,50.64
Bihar,Co 0238,889.0,Alluvial Soil,7.85,38.9,1221.5,29.8,76.5,Harvest,50.64,21.94
Bihar,Co 0238,1406.0,Alluvial Soil,7.14,44.9,1221.5,29.8,58.9,Planting,21.94,21.73
Bihar,Co 0238,1143.0,Alluvial Soil,7.26,60.2,1221.5,29.8,65.2,Germination,21.73,23.08
Bihar,Co 0238,1013.0,Alluvial Soil,6.56,47.0,1221.5,29.8,65.2,Tillering,23.08,36.48
Bihar,Co 0238,331.0,Alluvial Soil,7.15,52.6,1221.5,29.8,58.4,Grand Growth,36.48,41.1
Bihar,Co 0238,418.0,Alluvial Soil,6.95,40.8,1221.5,29.8,63.1,Maturity,41.1,35.29
Bihar,Co 0238,359.0,Clay Loam,7.16,55.3,1221.5,29.8,69.0,Harvest,35.29,41.91
Bihar,Co 0238,285.0,Alluvial Soil,7.66,60.0,1221.5,29.8,72.3,Planting,41.91,42.11
Bihar,Co 0238,320.0,Alluvial Soil,6.35,51.1,1221.5,29.8,64.1,Germination,42.11,27.03
Bihar,Co 0238,472.0,Alluvial Soil,7.22,52.2,1221.5,29.8,58.4,Tillering,27.03,44.0
Bihar,Co 0238,365.0,Alluvial Soil,6.87,62.0,1221.5,29.8,55.6,Grand Growth,44.0,28.18
Bihar,Co 0238,317.0,Alluvial Soil,7.37,52.3,1221.5,29.8,69.2,Maturity,28.18,24.76
Bihar,Co 0238,297.0,Alluvial Soil,7.43,47.3,1221.5,29.8,64.4,Harvest,24.76,48.93
Bihar,Co 0238,323.0,Alluvial Soil,7.27,56.5,1221.5,29.8,66.7,Planting,48.93,39.15
Bihar,Co 0238,153.0,Alluvial Soil,7.21,46.5,1221.5,29.8,69.0,Germination,39.15,66.63
Bihar,Co 0238,158.0,Alluvial Soil,6.68,51.7,1221.5,29.8,73.5,Harvest,45.0,45.89
Bihar,Co 0238,2.0,Alluvial Soil,7.05,52.8,1221.5,29.8,71.2,Planting,45.89,41.0
Bihar,Co 0238,3.0,Alluvial Soil,7.5,51.8,1221.5,29.8,74.0,Germination,41.0,25.33
Bihar,Co 0238,140.0,Black Soil,7.09,69.2,1221.5,29.8,70.0,Tillering,25.33,42.14
Bihar,Co 0238,1.0,Alluvial Soil,7.46,49.0,1221.5,29.8,69.1,Grand Growth,42.14,46.0
Bihar,Co 0238,1.0,Alluvial Soil,7.44,48.8,1221.5,29.8,70.8,Maturity,46.0,40.0
Bihar,Co 0238,96.0,Alluvial Soil,7.41,54.7,1221.5,29.8,70.1,Harvest,40.0,39.7
Bihar,Co 0238,39.0,Alluvial Soil,7.41,46.9,1221.5,29.8,66.6,Planting,39.7,36.49
Bihar,Co 0238,8.0,Alluvial Soil,7.23,56.3,1221.5,29.8,63.8,Germination,36.49,40.88
Bihar,Co 0238,189.0,Alluvial Soil,7.09,50.0,1221.5,29.8,81.3,Tillering,40.88,41.54
Bihar,Co 0238,361.0,Alluvial Soil,7.05,61.3,1221.5,29.8,70.1,Grand Growth,41.54,45.25
Bihar,Co 0238,37.0,Alluvial Soil,6.92,41.6,1221.5,29.8,71.0,Maturity,45.25,43.59
Bihar,Co 0238,161.0,Alluvial Soil,7.13,59.5,1221.5,29.8,76.4,Harvest,43.59,44.84
Bihar,Co 0238,222.0,Alluvial Soil,7.49,54.4,1221.5,29.8,76.1,Planting,44.84,56.73
Bihar,Co 0238,224.0,Alluvial Soil,7.29,47.4,1221.5,29.8,69.4,Germination,56.73,53.14
Bihar,Co 0238,230.0,Black Soil,6.96,56.6,1221.5,29.8,67.9,Tillering,53.14,58.61
Bihar,Co 0238,207.0,Alluvial Soil,6.75,40.4,1221.5,29.8,60.8,Maturity,50.07,55.34
Bihar,Co 0238,144.0,Alluvial Soil,7.3,60.8,1221.5,29.8,73.4,Harvest,55.34,50.5
Bihar,Co 0238,159.0,Alluvial Soil,6.78,44.5,1221.5,29.8,70.6,Planting,50.5,41.91
Bihar,Co 0238,87.0,Alluvial Soil,7.0,52.2,1221.5,29.8,71.7,Germination,41.91,40.22
Bihar,Co 0238,203.0,Alluvial Soil,6.46,55.6,1221.5,29.8,68.3,Tillering,40.22,46.33
Bihar,Co 0238,138.0,Alluvial Soil,6.61,53.1,1221.5,29.8,72.8,Grand Growth,46.33,39.44
Bihar,Co 0238,152.0,Alluvial Soil,7.29,46.9,1221.5,29.8,67.4,Maturity,39.44,43.68
Bihar,Co 0238,142.0,Black Soil,7.38,55.3,1221.5,29.8,70.0,Harvest,43.68,26.62
Bihar,Co 0238,142.0,Alluvial Soil,7.09,52.3,1221.5,29.8,59.4,Planting,26.62,39.08
Bihar,Co 0238,1.0,Alluvial Soil,6.93,53.8,1221.5,29.8,61.2,Germination,39.08,17.0
Bihar,Co 0238,1.0,Alluvial Soil,7.36,44.9,1221.5,29.8,75.8,Tillering,45.0,31.0
Bihar,Co 0238,221.0,Alluvial Soil,7.42,41.6,1221.5,29.8,62.6,Grand Growth,31.0,84.22
Bihar,Co 0238,73.0,Alluvial Soil,7.19,52.7,1221.5,29.8,66.5,Maturity,84.22,99.85
Bihar,Co 0238,74.0,Alluvial Soil,7.01,51.3,1221.5,29.8,70.9,Harvest,99.85,74.3
Bihar,Co 0238,74.0,Alluvial Soil,7.09,50.6,1221.5,29.8,69.9,Planting,74.3,55.54
Bihar,Co 0238,2.0,Alluvial Soil,7.21,44.1,1221.5,29.8,64.5,Planting,45.0,46.0
Bihar,Co 0238,19.0,Alluvial Soil,7.05,47.2,1221.5,29.8,62.9,Germination,46.0,40.84
Bihar,Co 0238,23.0,Alluvial Soil,7.2,53.0,1221.5,29.8,61.7,Tillering,40.84,25.3
Bihar,Co 0238,3.0,Alluvial Soil,6.95,52.7,1221.5,29.8,72.8,Grand Growth,25.3,29.0
Bihar,Co 0238,38.0,Alluvial Soil,7.72,58.5,1221.5,29.8,72.6,Maturity,29.0,46.32
Bihar,Co 0238,76.0,Alluvial Soil,7.08,50.7,1221.5,29.8,64.7,Harvest,46.32,35.64
Bihar,Co 0238,71.0,Alluvial Soil,7.38,56.9,1221.5,29.8,72.9,Planting,35.64,44.0
Bihar,Co 0238,69.0,Red Loam,6.34,47.7,1221.5,29.8,65.7,Germination,44.0,48.03
Bihar,Co 0238,70.0,Alluvial Soil,7.27,51.7,1221.5,29.8,68.8,Tillering,48.03,50.19
Bihar,Co 0238,75.0,Alluvial Soil,6.65,50.5,1221.5,29.8,67.1,Grand Growth,50.19,64.68
Bihar,Co 0238,81.0,Alluvial Soil,6.87,49.3,1221.5,29.8,70.9,Maturity,64.68,57.21
Bihar,Co 0238,78.0,Alluvial Soil,6.83,49.0,1221.5,29.8,71.7,Harvest,57.21,55.54
Bihar,Co 0238,60.0,Sandy Loam,6.7,43.7,1221.5,29.8,65.2,Tillering,80.58,84.22
Bihar,Co 0238,618.0,Alluvial Soil,6.75,44.3,1221.5,29.8,72.7,Germination,51.42,48.43
Bihar,Co 0238,619.0,Red Loam,6.47,40.1,1221.5,29.8,75.6,Tillering,48.43,39.7
Bihar,Co 0238,325.0,Alluvial Soil,7.34,54.8,1221.5,29.8,64.6,Grand Growth,39.7,40.7
Bihar,Co 0238,369.0,Sandy Loam,6.31,48.8,1221.5,29.8,67.9,Maturity,40.7,48.01
Bihar,Co 0238,617.0,Alluvial Soil,7.12,40.8,1221.5,29.8,66.7,Harvest,48.01,40.55
Bihar,Co 0238,169.0,Alluvial Soil,7.13,44.9,1221.5,29.8,64.1,Planting,40.55,39.7
Bihar,Co 0238,179.0,Alluvial Soil,6.66,60.9,1221.5,29.8,58.4,Germination,39.7,36.49
Bihar,Co 0238,273.0,Red Loam,6.55,54.7,1221.5,29.8,64.6,Tillering,36.49,41.59
Bihar,Co 0238,655.0,Alluvial Soil,7.32,57.1,1221.5,29.8,68.1,Grand Growth,41.59,35.65
Bihar,Co 0238,731.0,Alluvial Soil,7.1,55.2,1221.5,29.8,72.5,Maturity,35.65,43.99
Bihar,Co 0238,268.0,Alluvial Soil,7.51,48.6,1221.5,29.8,60.5,Harvest,43.99,48.03
Bihar,Co 0238,5060.0,Alluvial Soil,6.92,50.7,1221.5,29.8,67.4,Planting,48.03,50.18
Bihar,Co 0238,3920.0,Alluvial Soil,7.51,55.3,1221.5,29.8,65.8,Germination,50.18,64.67
Bihar,Co 0238,385.0,Alluvial Soil,7.17,57.6,1221.5,29.8,75.6,Tillering,64.67,57.22
Bihar,Co 0238,593.0,Alluvial Soil,6.88,44.5,1221.5,29.8,64.1,Grand Growth,57.22,60.41
Bihar,Co 0238,1058.0,Alluvial Soil,7.44,46.7,1221.5,29.8,74.6,Planting,45.0,34.2
Bihar,Co 0238,1188.0,Alluvial Soil,7.12,56.6,1221.5,29.8,65.9,Germination,34.2,29.44
Bihar,Co 0238,961.0,Alluvial Soil,6.25,46.2,1221.5,29.8,75.7,Tillering,29.44,32.88
Bihar,Co 0238,934.0,Alluvial Soil,6.83,51.9,1221.5,29.8,71.3,Grand Growth,32.88,38.67
Bihar,Co 0238,877.0,Alluvial Soil,7.48,41.8,1221.5,29.8,70.6,Maturity,38.67,36.2
Bihar,Co 0238,695.0,Alluvial Soil,6.64,52.1,1221.5,29.8,64.7,Harvest,36.2,17.81
Bihar,Co 0238,635.0,Alluvial Soil,7.35,49.4,1221.5,29.8,60.2,Planting,45.0,18.39
Bihar,Co 0238,713.0,Alluvial Soil,7.1,66.3,1221.5,29.8,68.3,Germination,45.0,13.18
Bihar,Co 0238,586.0,Alluvial Soil,6.92,47.4,1221.5,29.8,76.2,Tillering,45.0,31.39
Bihar,Co 0238,195.0,Alluvial Soil,7.05,51.4,1221.5,29.8,60.6,Grand Growth,31.39,33.63
Bihar,Co 0238,195.0,Alluvial Soil,7.05,53.5,1221.5,29.8,67.7,Maturity,33.63,35.39
Bihar,Co 0238,198.0,Alluvial Soil,6.78,44.9,1221.5,29.8,68.0,Harvest,35.39,39.05
Bihar,Co 0238,173.0,Alluvial Soil,7.03,48.0,1221.5,29.8,74.8,Planting,39.05,54.57
Bihar,Co 0238,67.0,Alluvial Soil,7.0,50.9,1221.5,29.8,61.6,Germination,54.57,48.3
Bihar,Co 0238,73.0,Alluvial Soil,7.22,49.9,1221.5,29.8,63.1,Tillering,48.3,56.77
Bihar,Co 0238,94.0,Black Soil,7.21,63.0,1221.5,29.8,75.9,Grand Growth,56.77,35.76
Bihar,Co 0238,12.0,Alluvial Soil,7.09,48.6,1221.5,29.8,63.0,Germination,48.84,49.25
Bihar,Co 0238,9.0,Alluvial Soil,6.69,50.6,1221.5,29.8,65.1,Tillering,49.25,14.44
Bihar,Co 0238,266.0,Alluvial Soil,7.1,55.8,1221.5,29.8,69.4,Grand Growth,61.35,67.61
Bihar,Co 0238,238.0,Alluvial Soil,7.04,51.6,1221.5,29.8,70.7,Maturity,67.61,69.13
Bihar,Co 0238,201.0,Alluvial Soil,6.92,56.1,1221.5,29.8,66.1,Harvest,69.13,48.66
Bihar,Co 0238,91.0,Alluvial Soil,7.25,50.5,1221.5,29.8,73.8,Planting,48.66,60.13
Bihar,Co 0238,2748.0,Alluvial Soil,6.96,46.0,1221.5,29.8,73.8,Planting,45.0,41.38
Bihar,Co 0238,1557.0,Alluvial Soil,7.06,49.2,1221.5,29.8,70.4,Germination,41.38,38.01
Bihar,Co 0238,908.0,Red Loam,7.04,53.0,1221.5,29.8,69.9,Tillering,38.01,40.32
Bihar,Co 0238,323.0,Alluvial Soil,7.22,50.2,1221.5,29.8,69.2,Grand Growth,40.32,48.77
Bihar,Co 0238,718.0,Alluvial Soil,7.09,42.7,1221.5,29.8,68.1,Maturity,48.77,44.93
Bihar,Co 0238,481.0,Alluvial Soil,7.32,55.8,1221.5,29.8,68.0,Harvest,44.93,43.46
Bihar,Co 0238,401.0,Alluvial Soil,7.26,62.4,1221.5,29.8,57.3,Planting,43.46,39.96
Bihar,Co 0238,730.0,Alluvial Soil,7.16,59.3,1221.5,29.8,65.0,Germination,39.96,38.38
Bihar,Co 0238,354.0,Alluvial Soil,7.11,44.0,1221.5,29.8,69.5,Tillering,38.38,39.6
Bihar,Co 0238,1409.0,Alluvial Soil,7.19,45.0,1221.5,29.8,72.2,Grand Growth,39.6,37.98
Bihar,Co 0238,1033.0,Alluvial Soil,7.11,46.0,1221.5,29.8,71.3,Maturity,37.98,17.64
Bihar,Co 0238,1123.0,Alluvial Soil,7.1,59.4,1221.5,29.8,69.5,Harvest,45.0,28.9
Bihar,Co 0238,4952.0,Alluvial Soil,7.01,50.3,1221.5,29.8,63.1,Planting,28.9,50.56
Bihar,Co 0238,5863.0,Alluvial Soil,7.28,52.1,1221.5,29.8,65.6,Germination,50.56,77.76
Bihar,Co 0238,4462.0,Alluvial Soil,6.9,57.4,1221.5,29.8,59.9,Tillering,77.76,38.47
Bihar,Co 0238,3004.0,Alluvial Soil,7.3,54.4,1221.5,29.8,61.1,Grand Growth,38.47,50.4
Bihar,Co 0238,148.0,Black Soil,7.06,49.2,1221.5,29.8,60.9,Germination,45.0,48.51
Bihar,Co 0238,85.0,Alluvial Soil,6.8,56.7,1221.5,29.8,66.8,Tillering,48.51,28.08
Bihar,Co 0238,126.0,Alluvial Soil,7.05,47.3,1221.5,29.8,56.4,Grand Growth,28.08,33.44
Bihar,Co 0238,101.0,Alluvial Soil,7.84,46.2,1221.5,29.8,71.7,Maturity,33.44,32.76
Bihar,Co 0238,129.0,Alluvial Soil,7.43,48.8,1221.5,29.8,65.2,Harvest,32.76,40.35
Bihar,Co 0238,153.0,Alluvial Soil,7.3,52.1,1221.5,29.8,68.1,Planting,40.35,37.56
Bihar,Co 0238,172.0,Sandy Loam,6.89,57.2,1221.5,29.8,80.3,Germination,37.56,34.76
Bihar,Co 0238,169.0,Sandy Loam,6.89,48.5,1221.5,29.8,65.9,Tillering,34.76,41.54
Bihar,Co 0238,182.0,Alluvial Soil,6.72,51.9,1221.5,29.8,71.1,Grand Growth,41.54,42.04
Bihar,Co 0238,171.0,Alluvial Soil,7.03,42.5,1221.5,29.8,65.0,Maturity,42.04,42.4
Bihar,Co 0238,190.0,Alluvial Soil,7.46,41.6,1221.5,29.8,67.4,Harvest,42.4,54.94
Bihar,Co 0238,112.0,Alluvial Soil,7.0,42.7,1221.5,29.8,68.3,Planting,54.94,30.66
Bihar,Co 0238,203.0,Alluvial Soil,7.32,44.0,1221.5,29.8,72.4,Germination,30.66,24.76
Bihar,Co 0238,312.0,Sandy Loam,6.66,47.7,1221.5,29.8,69.5,Tillering,24.76,49.76
Bihar,Co 0238,162.0,Alluvial Soil,7.36,48.1,1221.5,29.8,70.6,Grand Growth,49.76,52.82
Bihar,Co 0238,133.0,Alluvial Soil,7.09,53.8,1221.5,29.8,60.8,Maturity,52.82,65.55
Bihar,Co 0238,261.0,Alluvial Soil,7.04,43.4,1221.5,29.8,72.0,Germination,45.0,21.31
Bihar,Co 0238,190.0,Clay Loam,6.96,58.9,1221.5,29.8,76.2,Tillering,21.31,51.93
Bihar,Co 0238,213.0,Alluvial Soil,7.05,50.4,1221.5,29.8,68.0,Grand Growth,51.93,42.19
Bihar,Co 0238,195.0,Alluvial Soil,6.93,60.2,1221.5,29.8,69.1,Maturity,42.19,45.02
Bihar,Co 0238,157.0,Alluvial Soil,7.38,51.2,1221.5,29.8,66.4,Harvest,45.02,44.52
Bihar,Co 0238,170.0,Alluvial Soil,7.55,45.8,1221.5,29.8,74.0,Planting,44.52,46.15
Bihar,Co 0238,140.0,Alluvial Soil,7.2,63.9,1221.5,29.8,57.2,Germination,46.15,42.59
Bihar,Co 0238,84.0,Sandy Loam,6.93,52.8,1221.5,29.8,65.0,Tillering,42.59,35.95
Bihar,Co 0238,118.0,Alluvial Soil,6.81,60.5,1221.5,29.8,67.6,Grand Growth,35.95,27.05
Bihar,Co 0238,139.0,Alluvial Soil,7.29,54.6,1221.5,29.8,63.5,Maturity,27.05,36.99
Bihar,Co 0238,106.0,Alluvial Soil,7.1,51.7,1221.5,29.8,70.2,Harvest,36.99,35.0
Bihar,Co 0238,92.0,Alluvial Soil,6.68,61.3,1221.5,29.8,66.2,Planting,35.0,48.78
Bihar,Co 0238,673.0,Alluvial Soil,7.36,47.8,1221.5,29.8,58.6,Germination,48.78,50.18
Bihar,Co 0238,74.0,Alluvial Soil,6.55,50.1,1221.5,29.8,71.4,Tillering,50.18,60.46
Bihar,Co 0238,58.0,Alluvial Soil,7.64,44.4,1221.5,29.8,66.2,Grand Growth,60.46,24.74
Bihar,Co 0238,23.0,Alluvial Soil,7.03,50.1,1221.5,29.8,65.5,Maturity,24.74,113.26
Bihar,Co 0238,48028.0,Alluvial Soil,7.39,48.7,1221.5,29.8,57.5,Tillering,58.64,56.28
Bihar,Co 0238,45575.0,Alluvial Soil,7.2,47.9,1221.5,29.8,70.8,Grand Growth,56.28,52.69
Bihar,Co 0238,35276.0,Alluvial Soil,6.95,50.0,1221.5,29.8,66.0,Maturity,52.69,47.51
Bihar,Co 0238,40723.0,Alluvial Soil,6.75,46.9,1221.5,29.8,58.7,Harvest,47.51,49.06
Bihar,Co 0238,66527.0,Alluvial Soil,7.46,46.2,1221.5,29.8,66.4,Planting,49.06,51.21
Bihar,Co 0238,53658.0,Alluvial Soil,7.05,35.2,1221.5,29.8,67.4,Germination,51.21,48.45
Bihar,Co 0238,54503.0,Red Loam,6.51,57.5,1221.5,29.8,74.2,Tillering,48.45,43.41
Bihar,Co 0238,55330.0,Sandy Loam,6.53,49.7,1221.5,29.8,64.0,Grand Growth,43.41,42.47
Bihar,Co 0238,55993.0,Alluvial Soil,7.63,47.1,1221.5,29.8,65.3,Maturity,42.47,42.46
Bihar,Co 0238,54386.0,Alluvial Soil,7.14,47.8,1221.5,29.8,63.1,Harvest,42.46,40.52
Bihar,Co 0238,57413.0,Alluvial Soil,7.28,44.3,1221.5,29.8,66.1,Planting,40.52,46.22
Bihar,Co 0238,21226.0,Alluvial Soil,7.17,61.4,1221.5,29.8,70.4,Germination,46.22,31.69
Bihar,Co 0238,125208.0,Alluvial Soil,6.3,49.2,1221.5,29.8,72.0,Tillering,31.69,38.92
Bihar,Co 0238,151761.0,Alluvial Soil,6.98,56.9,1221.5,29.8,71.8,Grand Growth,38.92,46.33
Bihar,Co 0238,149977.0,Alluvial Soil,7.47,57.6,1221.5,29.8,70.3,Maturity,46.33,48.59
Bihar,Co 0238,149624.0,Alluvial Soil,7.14,50.0,1221.5,29.8,73.3,Harvest,48.59,64.26
Bihar,Co 0238,375.0,Alluvial Soil,7.52,37.1,1221.5,29.8,62.4,Grand Growth,46.87,50.64
Bihar,Co 0238,380.0,Alluvial Soil,6.84,56.1,1221.5,29.8,67.8,Maturity,50.64,23.5
Bihar,Co 0238,497.0,Sandy Loam,6.46,42.5,1221.5,29.8,72.5,Harvest,23.5,21.71
Bihar,Co 0238,614.0,Alluvial Soil,7.07,43.4,1221.5,29.8,67.3,Planting,21.71,28.12
Bihar,Co 0238,268.0,Alluvial Soil,7.22,49.7,1221.5,29.8,65.8,Germination,28.12,40.13
Bihar,Co 0238,604.0,Alluvial Soil,7.43,49.5,1221.5,29.8,69.0,Tillering,40.13,37.91
Bihar,Co 0238,468.0,Alluvial Soil,7.4,42.0,1221.5,29.8,61.9,Grand Growth,37.91,37.71
Bihar,Co 0238,452.0,Alluvial Soil,6.55,51.2,1221.5,29.8,70.5,Maturity,37.71,37.96
Bihar,Co 0238,422.0,Alluvial Soil,6.93,48.5,1221.5,29.8,64.2,Harvest,37.96,41.34
Bihar,Co 0238,257.0,Alluvial Soil,7.68,56.6,1221.5,29.8,64.1,Planting,41.34,35.65
Bihar,Co 0238,224.0,Black Soil,7.0,78.9,1221.5,29.8,71.0,Germination,35.65,44.0
Bihar,Co 0238,303.0,Alluvial Soil,6.89,48.7,1221.5,29.8,70.0,Tillering,44.0,43.95
Bihar,Co 0238,1865.0,Alluvial Soil,6.69,42.1,1221.5,29.8,71.1,Grand Growth,43.95,36.74
Bihar,Co 0238,116.0,Alluvial Soil,7.01,48.7,1221.5,29.8,73.6,Maturity,36.74,55.14
Bihar,Co 0238,128.0,Black Soil,7.29,57.0,1221.5,29.8,69.5,Harvest,55.14,56.66
Bihar,Co 0238,112.0,Alluvial Soil,7.28,48.3,1221.5,29.8,67.1,Planting,56.66,58.4
Bihar,Co 0238,8891.0,Alluvial Soil,7.26,53.9,1221.5,29.8,78.3,Maturity,45.31,47.88
Bihar,Co 0238,10705.0,Alluvial Soil,7.12,42.4,1221.5,29.8,79.0,Harvest,47.88,46.45
Bihar,Co 0238,10679.0,Alluvial Soil,7.24,61.8,1221.5,29.8,68.9,Planting,46.45,48.78
Bihar,Co 0238,6754.0,Alluvial Soil,7.28,52.9,1221.5,29.8,68.0,Germination,48.78,33.49
Bihar,Co 0238,6000.0,Alluvial Soil,6.83,52.9,1221.5,29.8,69.0,Tillering,33.49,36.26
Bihar,Co 0238,6621.0,Alluvial Soil,7.02,57.6,1221.5,29.8,73.5,Grand Growth,36.26,35.62
Bihar,Co 0238,5577.0,Alluvial Soil,7.36,43.1,1221.5,29.8,66.5,Maturity,35.62,44.0
Bihar,Co 0238,6152.0,Alluvial Soil,7.04,49.0,1221.5,29.8,73.2,Harvest,44.0,40.06
Bihar,Co 0238,6238.0,Alluvial Soil,7.34,57.8,1221.5,29.8,69.3,Planting,40.06,33.08
Bihar,Co 0238,6621.0,Red Loam,6.35,39.7,1221.5,29.8,67.5,Germination,33.08,36.82
Bihar,Co 0238,6561.0,Alluvial Soil,6.88,46.1,1221.5,29.8,64.3,Tillering,36.82,44.6
Bihar,Co 0238,5540.0,Alluvial Soil,6.99,51.3,1221.5,29.8,63.7,Grand Growth,44.6,129.23
Bihar,Co 0238,16264.0,Alluvial Soil,7.21,54.8,1221.5,29.8,64.2,Maturity,129.23,40.64
Bihar,Co 0238,21079.0,Clay Loam,6.57,63.9,1221.5,29.8,66.3,Harvest,40.64,47.57
Bihar,Co 0238,22789.0,Alluvial Soil,6.63,50.2,1221.5,29.8,75.1,Planting,47.57,41.9
Bihar,Co 0238,23723.0,Alluvial Soil,6.8,50.2,1221.5,29.8,68.1,Germination,41.9,50.81
Bihar,Co 0238,473.0,Alluvial Soil,6.78,47.2,1221.5,29.8,67.9,Harvest,45.78,45.92
Bihar,Co 0238,292.0,Black Soil,7.43,49.3,1221.5,29.8,63.9,Planting,45.92,40.86
Bihar,Co 0238,7.0,Black Soil,7.15,64.8,1221.5,29.8,62.8,Germination,40.86,25.29
Bihar,Co 0238,26.0,Alluvial Soil,7.67,47.4,1221.5,29.8,66.8,Tillering,25.29,28.85
Bihar,Co 0238,274.0,Alluvial Soil,7.39,40.9,1221.5,29.8,66.1,Grand Growth,28.85,46.33
Bihar,Co 0238,153.0,Alluvial Soil,7.72,53.7,1221.5,29.8,70.6,Maturity,46.33,40.14
Bihar,Co 0238,2.0,Alluvial Soil,7.51,55.3,1221.5,29.8,71.6,Harvest,40.14,41.0
Bihar,Co 0238,471.0,Alluvial Soil,6.75,49.4,1221.5,29.8,58.8,Planting,41.0,43.56
Bihar,Co 0238,31.0,Alluvial Soil,6.57,45.1,1221.5,29.8,64.9,Germination,43.56,46.68
Bihar,Co 0238,48.0,Alluvial Soil,6.8,43.4,1221.5,29.8,71.4,Tillering,46.68,48.0
Bihar,Co 0238,49.0,Black Soil,6.66,53.2,1221.5,29.8,67.8,Grand Growth,48.0,62.35
Bihar,Co 0238,722.0,Black Soil,7.43,63.1,1221.5,29.8,66.1,Grand Growth,48.12,50.64
Bihar,Co 0238,597.0,Alluvial Soil,6.58,54.0,1221.5,29.8,74.2,Maturity,50.64,22.94
Bihar,Co 0238,501.0,Alluvial Soil,7.61,46.7,1221.5,29.8,68.7,Harvest,22.94,25.21
Bihar,Co 0238,528.0,Sandy Loam,7.71,52.4,1221.5,29.8,68.7,Planting,25.21,23.08
Bihar,Co 0238,285.0,Alluvial Soil,7.03,47.3,1221.5,29.8,64.1,Germination,23.08,37.41
Bihar,Co 0238,330.0,Alluvial Soil,7.26,45.6,1221.5,29.8,61.9,Tillering,37.41,31.01
Bihar,Co 0238,325.0,Red Loam,6.76,63.4,1221.5,29.8,69.1,Grand Growth,31.01,34.3
Bihar,Co 0238,118.0,Alluvial Soil,6.84,39.2,1221.5,29.8,67.2,Maturity,34.3,41.93
Bihar,Co 0238,178.0,Alluvial Soil,7.14,48.6,1221.5,29.8,82.0,Harvest,41.93,42.05
Bihar,Co 0238,23.0,Alluvial Soil,6.76,53.6,1221.5,29.8,80.2,Planting,42.05,30.96
Bihar,Co 0238,1027.0,Alluvial Soil,7.34,46.7,1221.5,29.8,72.3,Germination,30.96,28.47
Bihar,Co 0238,157.0,Alluvial Soil,7.05,46.4,1221.5,29.8,62.5,Tillering,28.47,42.89
Bihar,Co 0238,13.0,Alluvial Soil,6.98,53.0,1221.5,29.8,62.4,Grand Growth,42.89,52.08
Bihar,Co 0238,77.0,Alluvial Soil,7.64,37.8,1221.5,29.8,75.2,Maturity,52.08,66.05
Bihar,Co 0238,26.0,Alluvial Soil,7.17,48.5,1221.5,29.8,65.2,Tillering,45.0,42.96
Bihar,Co 0238,51.0,Alluvial Soil,7.21,51.0,1221.5,29.8,65.6,Grand Growth,42.96,48.08
Bihar,Co 0238,153.0,Alluvial Soil,6.86,48.4,1221.5,29.8,55.1,Maturity,48.08,39.86
Bihar,Co 0238,4.0,Alluvial Soil,7.53,47.7,1221.5,29.8,72.6,Harvest,39.86,40.5
Bihar,Co 0238,106.0,Alluvial Soil,6.92,51.3,1221.5,29.8,65.7,Planting,40.5,46.33
Bihar,Co 0238,134.0,Alluvial Soil,7.05,54.7,1221.5,29.8,79.3,Germination,46.33,43.1
Bihar,Co 0238,101.0,Alluvial Soil,7.13,54.1,1221.5,29.8,74.4,Tillering,43.1,40.79
Bihar,Co 0238,22.0,Alluvial Soil,7.12,52.8,1221.5,29.8,69.2,Grand Growth,40.79,48.0
Bihar,Co 0238,29.0,Alluvial Soil,6.85,49.9,1221.5,29.8,70.6,Maturity,48.0,44.52
Bihar,Co 0238,138.0,Alluvial Soil,6.4,44.2,1221.5,29.8,66.3,Harvest,44.52,45.59
Bihar,Co 0238,21.0,Alluvial Soil,7.5,52.4,1221.5,29.8,68.3,Planting,45.59,43.95
Bihar,Co 0238,6.0,Alluvial Soil,6.96,52.8,1221.5,29.8,76.5,Germination,43.95,48.0
Bihar,Co 0238,4.0,Alluvial Soil,7.22,63.0,1221.5,29.8,63.1,Tillering,48.0,50.25
Bihar,Co 0238,229.0,Alluvial Soil,7.22,54.8,1221.5,29.8,68.3,Grand Growth,50.25,54.46
Bihar,Co 0238,168.0,Alluvial Soil,7.57,49.6,1221.5,29.8,65.9,Maturity,54.46,50.02
Bihar,Co 0238,68.0,Red Loam,7.01,48.6,1221.5,29.8,71.8,Harvest,50.02,62.35
Bihar,Co 0238,3399.0,Black Soil,7.26,56.9,1221.5,29.8,71.5,Harvest,45.0,39.8
Bihar,Co 0238,2914.0,Alluvial Soil,6.9,47.3,1221.5,29.8,63.3,Planting,39.8,27.04
Bihar,Co 0238,2974.0,Alluvial Soil,6.61,57.2,1221.5,29.8,77.5,Germination,27.04,38.97
Bihar,Co 0238,3454.0,Clay Loam,6.68,55.3,1221.5,29.8,73.4,Tillering,38.97,38.57
Bihar,Co 0238,2455.0,Alluvial Soil,6.99,46.1,1221.5,29.8,63.1,Grand Growth,38.57,35.67
Bihar,Co 0238,2674.0,Alluvial Soil,7.32,54.1,1221.5,29.8,60.7,Maturity,35.67,40.19
Bihar,Co 0238,2676.0,Alluvial Soil,7.73,52.8,1221.5,29.8,69.3,Harvest,40.19,34.93
Bihar,Co 0238,2707.0,Alluvial Soil,6.99,42.2,1221.5,29.8,60.1,Planting,34.93,13.37
Bihar,Co 0238,2719.0,Alluvial Soil,7.3,51.4,1221.5,29.8,62.0,Germination,45.0,28.97
Bihar,Co 0238,2278.0,Alluvial Soil,7.51,46.6,1221.5,29.8,73.0,Tillering,28.97,16.47
Bihar,Co 0238,2646.0,Alluvial Soil,7.57,40.8,1221.5,29.8,69.7,Grand Growth,45.0,35.79
Bihar,Co 0238,2957.0,Alluvial Soil,6.82,54.3,1221.5,29.8,67.8,Maturity,35.79,39.05
Bihar,Co 0238,4980.0,Alluvial Soil,7.33,51.4,1221.5,29.8,62.5,Harvest,39.05,48.95
Bihar,Co 0238,361.0,Alluvial Soil,7.18,44.6,1221.5,29.8,66.8,Planting,48.95,46.58
Bihar,Co 0238,5954.0,Alluvial Soil,7.39,61.2,1221.5,29.8,63.7,Germination,46.58,57.07
Bihar,Co 0238,4085.0,Alluvial Soil,6.67,48.2,1221.5,29.8,64.1,Tillering,57.07,36.0
Bihar,Co 0238,520.0,Clay Loam,6.58,67.7,1221.5,29.8,66.0,Planting,45.0,33.81
Bihar,Co 0238,286.0,Alluvial Soil,7.4,46.4,1221.5,29.8,69.5,Germination,33.81,34.23
Bihar,Co 0238,660.0,Alluvial Soil,7.39,53.0,1221.5,29.8,69.3,Tillering,34.23,41.32
Bihar,Co 0238,517.0,Alluvial Soil,7.2,51.8,1221.5,29.8,64.5,Grand Growth,41.32,27.02
Bihar,Co 0238,530.0,Alluvial Soil,6.74,45.4,1221.5,29.8,69.0,Maturity,27.02,50.75
Bihar,Co 0238,507.0,Alluvial Soil,7.08,50.6,1221.5,29.8,64.2,Harvest,50.75,39.72
Bihar,Co 0238,429.0,Sandy Loam,7.17,41.0,1221.5,29.8,81.1,Planting,39.72,40.49
Bihar,Co 0238,283.0,Alluvial Soil,7.31,50.0,1221.5,29.8,74.4,Germination,40.49,36.87
Bihar,Co 0238,283.0,Alluvial Soil,7.47,54.5,1221.5,29.8,69.5,Tillering,36.87,42.28
Bihar,Co 0238,312.0,Alluvial Soil,6.59,36.9,1221.5,29.8,75.0,Grand Growth,42.28,34.4
Bihar,Co 0238,112.0,Alluvial Soil,6.9,50.9,1221.5,29.8,59.7,Maturity,34.4,46.49
Bihar,Co 0238,3566.0,Alluvial Soil,7.43,47.6,1221.5,29.8,63.4,Harvest,46.49,41.69
Bihar,Co 0238,518.0,Alluvial Soil,6.77,47.5,1221.5,29.8,71.8,Planting,41.69,48.09
Bihar,Co 0238,546.0,Alluvial Soil,7.0,56.7,1221.5,29.8,76.7,Germination,48.09,54.41
Bihar,Co 0238,417.0,Alluvial Soil,7.54,51.2,1221.5,29.8,68.3,Tillering,54.41,57.43
Bihar,Co 0238,16.0,Alluvial Soil,7.48,53.1,1221.5,29.8,72.7,Harvest,53.67,54.12
Bihar,Co 0238,64.0,Alluvial Soil,7.32,57.3,1221.5,29.8,67.7,Planting,54.12,50.42
Bihar,Co 0238,238.0,Alluvial Soil,7.22,54.4,1221.5,29.8,63.3,Germination,50.42,45.18
Bihar,Co 0238,228.0,Alluvial Soil,6.78,47.7,1221.5,29.8,67.7,Tillering,45.18,46.83
Bihar,Co 0238,244.0,Alluvial Soil,7.41,53.2,1221.5,29.8,66.5,Grand Growth,46.83,52.23
Bihar,Co 0238,70.0,Alluvial Soil,7.19,53.7,1221.5,29.8,63.8,Maturity,52.23,40.69
Bihar,Co 0238,20.0,Alluvial Soil,6.61,54.9,1221.5,29.8,72.2,Harvest,40.69,46.15
Bihar,Co 0238,38.0,Alluvial Soil,7.38,50.2,1221.5,29.8,65.0,Planting,46.15,48.0
Bihar,Co 0238,18.0,Alluvial Soil,6.51,56.4,1221.5,29.8,66.4,Germination,48.0,13.0
Bihar,Co 0238,42.0,Alluvial Soil,7.36,49.9,1221.5,29.8,75.5,Tillering,45.0,1.38
Bihar,Co 0238,35.0,Red Loam,6.16,50.9,1221.5,29.8,64.3,Grand Growth,45.0,16.17
Bihar,Co 0238,31.0,Alluvial Soil,6.89,43.8,1221.5,29.8,64.3,Maturity,45.0,40.74
Bihar,Co 0238,739.0,Alluvial Soil,7.44,40.1,1221.5,29.8,65.0,Harvest,40.74,67.81
Bihar,Co 0238,165.0,Alluvial Soil,6.73,48.6,1221.5,29.8,61.5,Planting,67.81,65.78
Bihar,Co 0238,156.0,Alluvial Soil,6.55,48.9,1221.5,29.8,76.8,Germination,65.78,48.66
Bihar,Co 0238,167.0,Alluvial Soil,7.45,62.5,1221.5,29.8,68.0,Tillering,48.66,60.44
Bihar,Co 0238,42.0,Alluvial Soil,7.03,49.2,1221.5,29.8,73.7,Tillering,1300.0,138.1
Bihar,Co 0238,1539.0,Alluvial Soil,6.8,50.9,1221.5,29.8,67.2,Planting,49.31,49.54
Bihar,Co 0238,1347.0,Alluvial Soil,7.03,52.3,1221.5,29.8,71.6,Germination,49.54,47.55
Bihar,Co 0238,1321.0,Alluvial Soil,7.33,41.7,1221.5,29.8,71.2,Tillering,47.55,39.45
Bihar,Co 0238,1243.0,Alluvial Soil,6.85,48.3,1221.5,29.8,71.4,Grand Growth,39.45,33.64
Bihar,Co 0238,1244.0,Alluvial Soil,6.73,54.4,1221.5,29.8,75.0,Maturity,33.64,47.15
Bihar,Co 0238,1270.0,Alluvial Soil,7.45,50.9,1221.5,29.8,66.5,Harvest,47.15,21.31
Bihar,Co 0238,1269.0,Clay Loam,6.78,70.4,1221.5,29.8,68.0,Planting,21.31,18.11
Bihar,Co 0238,1174.0,Alluvial Soil,6.77,56.2,1221.5,29.8,60.4,Germination,45.0,34.15
Bihar,Co 0238,1923.0,Alluvial Soil,6.51,49.7,1221.5,29.8,66.1,Tillering,34.15,39.6
Bihar,Co 0238,1916.0,Alluvial Soil,7.58,51.2,1221.5,29.8,68.9,Grand Growth,39.6,43.1
Bihar,Co 0238,1854.0,Alluvial Soil,7.13,46.5,1221.5,29.8,64.5,Maturity,43.1,57.37
Bihar,Co 0238,3192.0,Alluvial Soil,7.22,59.6,1221.5,29.8,66.6,Harvest,57.37,51.04
Bihar,Co 0238,3383.0,Alluvial Soil,7.29,56.8,1221.5,29.8,56.8,Planting,51.04,21.22
Bihar,Co 0238,1984.0,Red Loam,6.86,45.5,1221.5,29.8,76.1,Germination,21.22,116.53
Bihar,Co 0238,2055.0,Sandy Loam,6.65,52.3,1221.5,29.8,77.8,Tillering,116.53,92.39
Bihar,Co 0238,1776.0,Alluvial Soil,6.72,36.3,1221.5,29.8,73.5,Grand Growth,92.39,64.57
Bihar,Co 0238,6251.0,Alluvial Soil,7.31,50.7,1221.5,29.8,70.1,Germination,45.0,40.4
Bihar,Co 0238,4207.0,Alluvial Soil,6.69,54.8,1221.5,29.8,65.0,Tillering,40.4,38.87
Bihar,Co 0238,5643.0,Alluvial Soil,6.73,45.0,1221.5,29.8,66.9,Grand Growth,38.87,37.52
Bihar,Co 0238,5592.0,Alluvial Soil,6.86,54.1,1221.5,29.8,68.1,Maturity,37.52,34.13
Bihar,Co 0238,4726.0,Alluvial Soil,7.02,47.2,1221.5,29.8,70.8,Harvest,34.13,47.26
Bihar,Co 0238,2719.0,Alluvial Soil,7.13,53.5,1221.5,29.8,69.9,Planting,47.26,31.81
Bihar,Co 0238,2217.0,Alluvial Soil,7.28,45.7,1221.5,29.8,56.1,Germination,31.81,39.53
Bihar,Co 0238,2222.0,Alluvial Soil,6.87,46.1,1221.5,29.8,63.1,Tillering,39.53,34.71
Bihar,Co 0238,2232.0,Alluvial Soil,6.99,48.4,1221.5,29.8,70.1,Grand Growth,34.71,53.92
Bihar,Co 0238,2361.0,Alluvial Soil,6.91,51.0,1221.5,29.8,74.0,Maturity,53.92,28.56
Bihar,Co 0238,2571.0,Black Soil,7.12,61.3,1221.5,29.8,75.5,Harvest,28.56,45.56
Bihar,Co 0238,2521.0,Alluvial Soil,7.0,54.4,1221.5,29.8,64.4,Planting,45.56,33.65
Bihar,Co 0238,21590.0,Alluvial Soil,7.43,53.3,1221.5,29.8,66.7,Germination,33.65,82.37
Bihar,Co 0238,16179.0,Alluvial Soil,6.64,46.6,1221.5,29.8,68.6,Tillering,82.37,53.62
Bihar,Co 0238,25930.0,Alluvial Soil,6.98,57.3,1221.5,29.8,69.0,Grand Growth,53.62,48.41
Bihar,Co 0238,25920.0,Alluvial Soil,7.04,48.2,1221.5,29.8,58.7,Maturity,48.41,58.63
Bihar,Co 0238,6550.0,Alluvial Soil,7.07,37.0,1221.5,29.8,72.4,Tillering,45.0,27.05
Bihar,Co 0238,6491.0,Alluvial Soil,7.47,39.5,1221.5,29.8,64.9,Grand Growth,27.05,52.03
Bihar,Co 0238,4999.0,Alluvial Soil,6.5,41.4,1221.5,29.8,64.4,Maturity,52.03,44.64
Bihar,Co 0238,4868.0,Black Soil,7.19,60.4,1221.5,29.8,66.5,Harvest,44.64,35.89
Bihar,Co 0238,5537.0,Alluvial Soil,6.8,53.8,1221.5,29.8,55.8,Planting,35.89,47.16
Bihar,Co 0238,5802.0,Alluvial Soil,7.85,49.0,1221.5,29.8,75.6,Germination,47.16,35.34
Bihar,Co 0238,5305.0,Alluvial Soil,7.08,55.2,1221.5,29.8,66.5,Tillering,35.34,38.63
Bihar,Co 0238,4989.0,Alluvial Soil,6.95,37.9,1221.5,29.8,66.7,Grand Growth,38.63,35.72
Bihar,Co 0238,3775.0,Alluvial Soil,7.25,44.4,1221.5,29.8,67.6,Maturity,35.72,35.87
Bihar,Co 0238,3197.0,Alluvial Soil,7.31,52.6,1221.5,29.8,63.1,Harvest,35.87,32.39
Bihar,Co 0238,2723.0,Alluvial Soil,6.77,51.4,1221.5,29.8,61.4,Planting,32.39,44.15
Bihar,Co 0238,2519.0,Alluvial Soil,6.99,58.1,1221.5,29.8,69.5,Germination,44.15,46.54
Bihar,Co 0238,5778.0,Alluvial Soil,6.71,51.6,1221.5,29.8,67.0,Tillering,46.54,46.23
Bihar,Co 0238,2642.0,Alluvial Soil,7.16,50.7,1221.5,29.8,75.3,Grand Growth,46.23,35.81
Bihar,Co 0238,2589.0,Alluvial Soil,7.3,65.0,1221.5,29.8,73.3,Maturity,35.81,54.42
Bihar,Co 0238,2677.0,Alluvial Soil,6.8,58.3,1221.5,29.8,74.7,Harvest,54.42,55.13
Bihar,Co 0238,2.0,Sandy Loam,6.71,42.5,1221.5,29.8,65.0,Grand Growth,45.0,47.0
Bihar,Co 0238,806.0,Alluvial Soil,7.32,65.6,1221.5,29.8,68.8,Maturity,47.0,39.61
Bihar,Co 0238,131.0,Alluvial Soil,6.82,48.3,1221.5,29.8,72.4,Harvest,39.61,50.18
Bihar,Co 0238,10.0,Sandy Loam,6.85,55.8,1221.5,29.8,72.8,Planting,50.18,48.9
Bihar,Co 0238,9.0,Alluvial Soil,7.06,44.5,1221.5,29.8,73.1,Germination,48.9,60.0
Bihar,Co 0238,72.0,Alluvial Soil,6.86,55.0,1221.5,29.8,66.0,Grand Growth,45.0,23.6
Bihar,Co 0238,182.0,Alluvial Soil,7.17,45.5,1221.5,29.8,67.4,Maturity,23.6,20.14
Bihar,Co 0238,171.0,Alluvial Soil,7.3,41.1,1221.5,29.8,65.0,Harvest,20.14,39.36
Bihar,Co 0238,164.0,Alluvial Soil,6.88,50.7,1221.5,29.8,71.1,Planting,39.36,41.27
Bihar,Co 0238,36.0,Alluvial Soil,7.32,50.0,1221.5,29.8,79.9,Germination,41.27,47.14
Bihar,Co 0238,36.0,Alluvial Soil,7.49,52.4,1221.5,29.8,49.7,Tillering,47.14,44.0
Bihar,Co 0238,238.0,Alluvial Soil,6.96,46.7,1221.5,29.8,69.2,Grand Growth,44.0,39.96
Bihar,Co 0238,122.0,Alluvial Soil,7.34,48.3,1221.5,29.8,74.2,Maturity,39.96,37.78
Bihar,Co 0238,114.0,Alluvial Soil,7.25,47.6,1221.5,29.8,75.1,Harvest,37.78,39.6
Bihar,Co 0238,135.0,Alluvial Soil,7.22,52.4,1221.5,29.8,69.9,Planting,39.6,37.98
Bihar,Co 0238,126.0,Alluvial Soil,7.11,50.0,1221.5,29.8,69.9,Germination,37.98,45.56
Bihar,Co 0238,121.0,Alluvial Soil,7.14,38.4,1221.5,29.8,73.1,Tillering,45.56,51.03
Bihar,Co 0238,337.0,Alluvial Soil,7.35,47.7,1221.5,29.8,70.5,Grand Growth,51.03,46.79
Bihar,Co 0238,398.0,Alluvial Soil,7.23,52.7,1221.5,29.8,63.5,Maturity,46.79,77.76
Bihar,Co 0238,198.0,Clay Loam,6.71,61.8,1221.5,29.8,58.4,Harvest,77.76,52.21
Bihar,Co 0238,199.0,Alluvial Soil,7.36,52.1,1221.5,29.8,69.4,Planting,52.21,50.4
Chhattisgarh,Co 86032,42.0,Black Soil,7.25,78.8,1400.0,31.4,62.6,Maturity,45.0,12.0
Chhattisgarh,Co 86032,233.0,Alluvial Soil,6.97,52.4,1400.0,31.4,77.9,Harvest,45.0,2.61
Chhattisgarh,Co 86032,266.0,Alluvial Soil,6.92,49.7,1400.0,31.4,67.1,Planting,45.0,2.56
Chhattisgarh,Co 86032,354.0,Alluvial Soil,7.14,56.1,1400.0,31.4,69.0,Germination,45.0,3.25
Chhattisgarh,Co 86032,1004.0,Sandy Loam,6.82,55.0,1400.0,31.4,70.4,Germination,246.99,71.12
Chhattisgarh,Co 86032,1402.0,Alluvial Soil,6.91,59.0,1400.0,31.4,69.8,Tillering,71.12,129.74
Chhattisgarh,Co 86032,25.0,Alluvial Soil,6.8,58.7,1400.0,31.4,84.7,Harvest,45.0,7.68
Chhattisgarh,Co 86032,34.0,Black Soil,7.5,64.7,1400.0,31.4,68.8,Planting,45.0,3.35
Chhattisgarh,Co 86032,54.0,Alluvial Soil,7.12,61.5,1400.0,31.4,70.8,Germination,45.0,3.52
Chhattisgarh,Co 86032,60.0,Black Soil,7.33,72.4,1400.0,31.4,64.1,Tillering,45.0,3.58
Chhattisgarh,Co 86032,29.0,Red Loam,6.38,68.0,1400.0,31.4,68.4,Grand Growth,269.77,62.07
Chhattisgarh,Co 86032,27.0,Alluvial Soil,7.04,52.5,1400.0,31.4,63.5,Maturity,62.07,18.52
Chhattisgarh,Co 86032,117.0,Alluvial Soil,7.36,58.6,1400.0,31.4,64.6,Harvest,45.0,13.12
Chhattisgarh,Co 86032,373.0,Clay Loam,6.46,66.7,1400.0,31.4,83.5,Planting,45.0,3.6
Chhattisgarh,Co 86032,44097.0,Alluvial Soil,7.16,60.6,1400.0,31.4,65.4,Germination,48.44,48.28
Chhattisgarh,Co 86032,365.0,Alluvial Soil,6.44,62.1,1400.0,31.4,70.7,Tillering,48.28,2.5
Chhattisgarh,Co 86032,731.0,Alluvial Soil,6.72,60.5,1400.0,31.4,68.6,Grand Growth,45.0,4.45
Chhattisgarh,Co 86032,318.0,Alluvial Soil,6.58,47.2,1400.0,31.4,69.8,Maturity,255.59,90.88
Chhattisgarh,Co 86032,459.0,Alluvial Soil,6.35,59.7,1400.0,31.4,68.4,Harvest,90.88,120.26
Chhattisgarh,Co 86032,1514.0,Alluvial Soil,8.03,60.1,1400.0,31.4,68.0,Planting,120.26,47.56
Chhattisgarh,Co 86032,429.0,Sandy Loam,6.54,63.2,1400.0,31.4,74.2,Tillering,45.0,2.99
Chhattisgarh,Co 86032,317.0,Alluvial Soil,6.76,60.7,1400.0,31.4,77.3,Grand Growth,45.0,3.34
Chhattisgarh,Co 86032,316.0,Red Loam,6.21,65.7,1400.0,31.4,74.8,Maturity,45.0,2.99
Chhattisgarh,Co 86032,432.0,Alluvial Soil,6.37,52.1,1400.0,31.4,72.7,Harvest,45.0,3.34
Chhattisgarh,Co 86032,308.0,Alluvial Soil,7.15,58.6,1400.0,31.4,69.5,Planting,45.0,3.29
Chhattisgarh,Co 86032,458.0,Alluvial Soil,6.92,56.3,1400.0,31.4,60.9,Germination,45.0,3.09
Chhattisgarh,Co 86032,475.0,Alluvial Soil,7.11,56.3,1400.0,31.4,68.1,Tillering,45.0,3.52
Chhattisgarh,Co 86032,605.0,Red Loam,6.74,46.7,1400.0,31.4,78.2,Grand Growth,45.0,3.39
Chhattisgarh,Co 86032,672.0,Alluvial Soil,6.74,68.2,1400.0,31.4,62.0,Maturity,45.0,3.24
Chhattisgarh,Co 86032,552.0,Alluvial Soil,7.08,45.8,1400.0,31.4,75.8,Harvest,45.0,6.19
Chhattisgarh,Co 86032,471.0,Alluvial Soil,7.22,60.8,1400.0,31.4,64.8,Planting,45.0,2.49
Chhattisgarh,Co 86032,523.0,Alluvial Soil,6.83,52.3,1400.0,31.4,57.0,Germination,45.0,6.03
Chhattisgarh,Co 86032,420.0,Alluvial Soil,7.02,62.8,1400.0,31.4,63.1,Tillering,45.0,3.49
Chhattisgarh,Co 86032,487.0,Alluvial Soil,7.05,52.5,1400.0,31.4,70.4,Grand Growth,45.0,2.79
Chhattisgarh,Co 86032,596.0,Alluvial Soil,6.82,64.4,1400.0,31.4,62.5,Maturity,45.0,5.3
Chhattisgarh,Co 86032,682.0,Alluvial Soil,7.34,57.6,1400.0,31.4,63.0,Grand Growth,222.88,152.93
Chhattisgarh,Co 86032,1981.0,Alluvial Soil,6.8,48.0,1400.0,31.4,72.7,Germination,45.0,3.03
Chhattisgarh,Co 86032,1981.0,Clay Loam,7.0,75.4,1400.0,31.4,74.7,Tillering,45.0,2.95
Chhattisgarh,Co 86032,296.0,Alluvial Soil,7.15,63.1,1400.0,31.4,63.9,Grand Growth,45.0,3.3
Chhattisgarh,Co 86032,985.0,Alluvial Soil,7.12,61.8,1400.0,31.4,67.7,Maturity,45.0,7.88
Chhattisgarh,Co 86032,2291.0,Alluvial Soil,7.23,56.7,1400.0,31.4,69.4,Maturity,353.15,196.77
Chhattisgarh,Co 86032,1.0,Alluvial Soil,6.81,58.1,1400.0,31.4,73.5,Tillering,45.0,4.0
Chhattisgarh,Co 86032,1.0,Sandy Loam,6.88,45.8,1400.0,31.4,73.3,Grand Growth,45.0,3.0
Chhattisgarh,Co 86032,1.0,Alluvial Soil,7.29,64.5,1400.0,31.4,63.8,Maturity,45.0,2.0
Chhattisgarh,Co 86032,1.0,Alluvial Soil,7.15,57.5,1400.0,31.4,72.5,Harvest,45.0,4.0
Chhattisgarh,Co 86032,1.0,Alluvial Soil,7.3,64.1,1400.0,31.4,70.1,Tillering,300.0,200.0
Chhattisgarh,Co 86032,163.0,Alluvial Soil,7.22,52.9,1400.0,31.4,73.0,Harvest,45.0,3.13
Chhattisgarh,Co 86032,95.0,Alluvial Soil,7.97,52.0,1400.0,31.4,70.7,Planting,45.0,3.08
Chhattisgarh,Co 86032,190.0,Alluvial Soil,7.5,61.2,1400.0,31.4,79.7,Germination,45.0,3.03
Chhattisgarh,Co 86032,171.0,Alluvial Soil,7.01,64.4,1400.0,31.4,67.3,Tillering,45.0,3.13
Chhattisgarh,Co 86032,347.0,Alluvial Soil,7.1,46.7,1400.0,31.4,63.8,Grand Growth,45.0,3.13
Chhattisgarh,Co 86032,223.0,Alluvial Soil,7.14,61.2,1400.0,31.4,66.1,Maturity,45.0,3.08
Chhattisgarh,Co 86032,253.0,Alluvial Soil,6.94,57.0,1400.0,31.4,75.1,Harvest,45.0,3.08
Chhattisgarh,Co 86032,352.0,Alluvial Soil,7.24,59.5,1400.0,31.4,79.1,Planting,45.0,3.18
Chhattisgarh,Co 86032,501.0,Alluvial Soil,6.66,64.6,1400.0,31.4,62.1,Germination,45.0,3.08
Chhattisgarh,Co 86032,496.0,Alluvial Soil,7.4,62.7,1400.0,31.4,66.9,Tillering,45.0,4.93
Chhattisgarh,Co 86032,269.0,Black Soil,7.08,61.8,1400.0,31.4,70.8,Grand Growth,45.0,3.08
Chhattisgarh,Co 86032,6.0,Clay Loam,6.69,74.7,1400.0,31.4,76.2,Maturity,45.0,26.67
Chhattisgarh,Co 86032,6.0,Alluvial Soil,7.45,53.7,1400.0,31.4,62.7,Harvest,26.67,3.17
Chhattisgarh,Co 86032,17.0,Alluvial Soil,6.77,57.7,1400.0,31.4,79.9,Planting,45.0,3.06
Chhattisgarh,Co 86032,17.0,Alluvial Soil,7.14,63.5,1400.0,31.4,64.8,Germination,45.0,3.35
Chhattisgarh,Co 86032,63.0,Alluvial Soil,7.27,58.4,1400.0,31.4,68.0,Planting,282.98,74.6
Chhattisgarh,Co 86032,118.0,Alluvial Soil,7.17,58.4,1400.0,31.4,70.3,Germination,74.6,22.88
Chhattisgarh,Co 86032,9.0,Alluvial Soil,7.29,56.4,1400.0,31.4,67.6,Maturity,45.0,3.22
Chhattisgarh,Co 86032,11.0,Alluvial Soil,7.47,58.6,1400.0,31.4,66.1,Harvest,45.0,3.36
Chhattisgarh,Co 86032,2.0,Alluvial Soil,6.79,55.3,1400.0,31.4,76.7,Planting,45.0,2.5
Chhattisgarh,Co 86032,8.0,Alluvial Soil,6.78,53.5,1400.0,31.4,69.5,Germination,45.0,2.5
Chhattisgarh,Co 86032,4.0,Alluvial Soil,7.38,49.9,1400.0,31.4,70.0,Tillering,45.0,2.0
Chhattisgarh,Co 86032,9.0,Alluvial Soil,6.92,50.7,1400.0,31.4,69.1,Grand Growth,45.0,2.44
Chhattisgarh,Co 86032,14.0,Alluvial Soil,7.49,53.9,1400.0,31.4,70.8,Maturity,45.0,3.07
Chhattisgarh,Co 86032,5.0,Alluvial Soil,7.26,55.8,1400.0,31.4,70.3,Harvest,45.0,3.8
Chhattisgarh,Co 86032,14.0,Alluvial Soil,6.78,56.5,1400.0,31.4,63.5,Planting,45.0,3.21
Chhattisgarh,Co 86032,11.0,Alluvial Soil,7.11,54.2,1400.0,31.4,76.6,Germination,45.0,2.55
Chhattisgarh,Co 86032,4.0,Alluvial Soil,7.32,45.9,1400.0,31.4,69.4,Harvest,250.0,200.0
Chhattisgarh,Co 86032,1.0,Alluvial Soil,7.16,69.6,1400.0,31.4,76.6,Planting,45.0,3.0
Chhattisgarh,Co 86032,1.0,Alluvial Soil,6.87,65.7,1400.0,31.4,66.6,Germination,45.0,4.0
Chhattisgarh,Co 86032,7.0,Alluvial Soil,7.34,58.3,1400.0,31.4,64.2,Tillering,45.0,4.0
Chhattisgarh,Co 86032,27.0,Alluvial Soil,7.01,53.6,1400.0,31.4,71.7,Grand Growth,45.0,3.74
Chhattisgarh,Co 86032,7.0,Alluvial Soil,7.19,60.9,1400.0,31.4,74.2,Maturity,45.0,3.0
Chhattisgarh,Co 86032,12.0,Alluvial Soil,6.99,55.4,1400.0,31.4,69.2,Harvest,45.0,3.0
Chhattisgarh,Co 86032,18.0,Alluvial Soil,6.91,57.7,1400.0,31.4,66.2,Planting,45.0,3.0
Chhattisgarh,Co 86032,11.0,Alluvial Soil,7.21,56.2,1400.0,31.4,64.5,Germination,45.0,3.0
Chhattisgarh,Co 86032,7.0,Alluvial Soil,6.92,57.7,1400.0,31.4,73.0,Tillering,45.0,5.43
Chhattisgarh,Co 86032,10.0,Alluvial Soil,7.0,54.0,1400.0,31.4,78.4,Grand Growth,45.0,3.2
Chhattisgarh,Co 86032,4.0,Alluvial Soil,7.24,54.9,1400.0,31.4,73.5,Maturity,45.0,20.5
Chhattisgarh,Co 86032,22.0,Alluvial Soil,7.27,59.9,1400.0,31.4,77.4,Harvest,20.5,3.23
Chhattisgarh,Co 86032,1.0,Alluvial Soil,6.82,44.5,1400.0,31.4,64.6,Planting,45.0,3.0
Chhattisgarh,Co 86032,5.0,Alluvial Soil,7.5,57.3,1400.0,31.4,68.2,Germination,45.0,7.8
Chhattisgarh,Co 86032,44.0,Alluvial Soil,7.4,59.8,1400.0,31.4,69.8,Planting,225.81,125.0
Chhattisgarh,Co 86032,102.0,Alluvial Soil,7.31,65.8,1400.0,31.4,69.9,Grand Growth,45.0,1.43
Chhattisgarh,Co 86032,167.0,Alluvial Soil,7.14,44.5,1400.0,31.4,67.4,Maturity,45.0,1.69
Chhattisgarh,Co 86032,104.0,Alluvial Soil,7.31,54.6,1400.0,31.4,76.0,Harvest,45.0,1.6
Chhattisgarh,Co 86032,435.0,Alluvial Soil,7.57,48.7,1400.0,31.4,73.8,Planting,45.0,1.89
Chhattisgarh,Co 86032,844.0,Alluvial Soil,7.42,69.2,1400.0,31.4,67.8,Germination,45.0,1.8
Chhattisgarh,Co 86032,862.0,Alluvial Soil,7.1,60.1,1400.0,31.4,69.9,Tillering,45.0,1.83
Chhattisgarh,Co 86032,1439.0,Alluvial Soil,6.8,62.0,1400.0,31.4,72.1,Grand Growth,45.0,1.83
Chhattisgarh,Co 86032,2546.0,Alluvial Soil,6.91,47.8,1400.0,31.4,64.3,Maturity,45.0,2.03
Chhattisgarh,Co 86032,1566.0,Alluvial Soil,7.47,54.1,1400.0,31.4,69.4,Harvest,45.0,1.89
Chhattisgarh,Co 86032,1552.0,Alluvial Soil,6.66,53.2,1400.0,31.4,58.6,Planting,45.0,4.9
Chhattisgarh,Co 86032,1408.0,Alluvial Soil,6.93,59.8,1400.0,31.4,70.3,Germination,45.0,3.08
Chhattisgarh,Co 86032,98.0,Alluvial Soil,7.14,58.1,1400.0,31.4,75.0,Tillering,45.0,11.98
Chhattisgarh,Co 86032,316.0,Alluvial Soil,6.49,51.1,1400.0,31.4,63.3,Grand Growth,45.0,2.95
Chhattisgarh,Co 86032,426.0,Alluvial Soil,7.03,59.2,1400.0,31.4,79.7,Maturity,45.0,3.04
Chhattisgarh,Co 86032,258.0,Black Soil,6.54,73.7,1400.0,31.4,65.3,Harvest,45.0,5.09
Chhattisgarh,Co 86032,167.0,Alluvial Soil,6.83,60.4,1400.0,31.4,67.0,Planting,155.0,168.86
Chhattisgarh,Co 86032,104.0,Alluvial Soil,6.72,57.3,1400.0,31.4,73.0,Germination,168.86,159.62
Chhattisgarh,Co 86032,435.0,Alluvial Soil,7.48,65.8,1400.0,31.4,59.7,Tillering,159.62,188.51
Chhattisgarh,Co 86032,844.0,Alluvial Soil,7.03,45.7,1400.0,31.4,74.1,Grand Growth,188.51,179.98
Chhattisgarh,Co 86032,862.0,Alluvial Soil,7.53,49.3,1400.0,31.4,67.9,Maturity,179.98,182.71
Chhattisgarh,Co 86032,1439.0,Black Soil,7.43,81.3,1400.0,31.4,74.2,Harvest,182.71,182.7
Chhattisgarh,Co 86032,2546.0,Alluvial Soil,7.27,57.8,1400.0,31.4,67.3,Planting,182.7,202.75
Chhattisgarh,Co 86032,1566.0,Alluvial Soil,7.75,54.0,1400.0,31.4,60.0,Germination,202.75,188.51
Chhattisgarh,Co 86032,414.0,Alluvial Soil,7.27,47.2,1400.0,31.4,64.8,Grand Growth,308.7,103.38
Chhattisgarh,Co 86032,319.0,Alluvial Soil,7.53,54.2,1400.0,31.4,69.4,Maturity,103.38,1.25
Chhattisgarh,Co 86032,102.0,Alluvial Soil,6.23,68.3,1400.0,31.4,68.9,Germination,2172.13,143.14
Chhattisgarh,Co 86032,29.0,Alluvial Soil,7.16,52.7,1400.0,31.4,74.1,Tillering,45.0,4.97
Chhattisgarh,Co 86032,122.0,Alluvial Soil,6.84,64.7,1400.0,31.4,67.0,Grand Growth,45.0,3.36
Chhattisgarh,Co 86032,68.0,Red Loam,6.28,52.5,1400.0,31.4,69.6,Maturity,45.0,3.51
Chhattisgarh,Co 86032,70.0,Alluvial Soil,7.21,62.6,1400.0,31.4,76.0,Harvest,45.0,3.91
Chhattisgarh,Co 86032,50.0,Alluvial Soil,6.92,60.2,1400.0,31.4,71.8,Tillering,45.0,2.82
Chhattisgarh,Co 86032,41.0,Alluvial Soil,7.29,54.9,1400.0,31.4,66.5,Grand Growth,45.0,3.12
Chhattisgarh,Co 86032,41.0,Alluvial Soil,6.98,65.3,1400.0,31.4,58.3,Maturity,45.0,3.07
Chhattisgarh,Co 86032,40.0,Alluvial Soil,6.7,55.0,1400.0,31.4,64.3,Harvest,45.0,3.08
Chhattisgarh,Co 86032,17.0,Alluvial Soil,7.05,53.4,1400.0,31.4,70.8,Planting,45.0,3.59
Chhattisgarh,Co 86032,66.0,Alluvial Soil,7.14,60.0,1400.0,31.4,74.1,Germination,45.0,3.08
Chhattisgarh,Co 86032,53.0,Alluvial Soil,6.99,56.4,1400.0,31.4,73.0,Tillering,45.0,3.25
Chhattisgarh,Co 86032,22.0,Alluvial Soil,6.78,55.9,1400.0,31.4,73.9,Grand Growth,45.0,3.18
Chhattisgarh,Co 86032,48.0,Alluvial Soil,6.74,57.7,1400.0,31.4,69.6,Maturity,45.0,3.08
Chhattisgarh,Co 86032,26.0,Alluvial Soil,7.16,53.3,1400.0,31.4,66.3,Harvest,45.0,7.62
Chhattisgarh,Co 86032,37.0,Alluvial Soil,7.53,55.6,1400.0,31.4,67.7,Planting,45.0,3.08
Chhattisgarh,Co 86032,31.0,Alluvial Soil,7.54,61.1,1400.0,31.4,63.3,Germination,45.0,6.13
Chhattisgarh,Co 86032,33.0,Alluvial Soil,7.0,55.7,1400.0,31.4,66.4,Tillering,45.0,3.27
Chhattisgarh,Co 86032,37.0,Alluvial Soil,6.67,63.8,1400.0,31.4,74.1,Grand Growth,45.0,3.49
Chhattisgarh,Co 86032,22.0,Black Soil,7.17,66.5,1400.0,31.4,68.6,Maturity,45.0,7.41
Chhattisgarh,Co 86032,44.0,Alluvial Soil,7.15,42.3,1400.0,31.4,72.0,Germination,45.0,3.02
Chhattisgarh,Co 86032,35.0,Alluvial Soil,6.91,51.7,1400.0,31.4,73.5,Tillering,45.0,2.57
Chhattisgarh,Co 86032,51.0,Alluvial Soil,7.3,70.5,1400.0,31.4,63.5,Grand Growth,45.0,2.96
Chhattisgarh,Co 86032,58.0,Alluvial Soil,6.63,59.1,1400.0,31.4,76.4,Maturity,45.0,2.62
Chhattisgarh,Co 86032,68.0,Alluvial Soil,7.18,53.4,1400.0,31.4,73.3,Harvest,45.0,2.87
Chhattisgarh,Co 86032,88.0,Alluvial Soil,7.31,61.6,1400.0,31.4,69.0,Planting,45.0,2.92
Chhattisgarh,Co 86032,74.0,Alluvial Soil,7.29,67.5,1400.0,31.4,66.8,Germination,45.0,3.11
Chhattisgarh,Co 86032,31.0,Alluvial Soil,7.18,53.2,1400.0,31.4,72.7,Tillering,45.0,2.77
Chhattisgarh,Co 86032,92.0,Alluvial Soil,7.47,54.5,1400.0,31.4,73.6,Grand Growth,45.0,2.87
Chhattisgarh,Co 86032,60.0,Alluvial Soil,7.29,61.0,1400.0,31.4,68.6,Maturity,45.0,3.35
Chhattisgarh,Co 86032,44.0,Alluvial Soil,6.93,52.9,1400.0,31.4,71.3,Harvest,45.0,2.91
Chhattisgarh,Co 86032,49.0,Alluvial Soil,7.23,58.5,1400.0,31.4,60.6,Planting,45.0,5.16
Chhattisgarh,Co 86032,41.0,Red Loam,7.11,54.2,1400.0,31.4,67.5,Germination,45.0,2.95
Chhattisgarh,Co 86032,59.0,Alluvial Soil,7.22,69.6,1400.0,31.4,70.0,Tillering,45.0,3.03
Chhattisgarh,Co 86032,83.0,Alluvial Soil,6.68,49.0,1400.0,31.4,68.0,Grand Growth,45.0,4.57
Chhattisgarh,Co 86032,1138.0,Alluvial Soil,6.72,67.2,1400.0,31.4,71.5,Planting,45.0,1.95
Chhattisgarh,Co 86032,1351.0,Alluvial Soil,7.09,67.4,1400.0,31.4,64.4,Germination,45.0,1.95
Chhattisgarh,Co 86032,1812.0,Alluvial Soil,6.9,46.0,1400.0,31.4,66.7,Tillering,45.0,2.04
Chhattisgarh,Co 86032,2194.0,Alluvial Soil,7.18,62.5,1400.0,31.4,62.8,Grand Growth,45.0,2.15
Chhattisgarh,Co 86032,3196.0,Alluvial Soil,7.32,59.2,1400.0,31.4,65.8,Maturity,45.0,2.15
Chhattisgarh,Co 86032,3609.0,Alluvial Soil,7.12,53.2,1400.0,31.4,68.5,Harvest,45.0,2.15
Chhattisgarh,Co 86032,3080.0,Alluvial Soil,6.9,62.8,1400.0,31.4,67.5,Planting,45.0,2.15
Chhattisgarh,Co 86032,4483.0,Alluvial Soil,7.51,52.9,1400.0,31.4,67.6,Germination,45.0,2.15
Chhattisgarh,Co 86032,3500.0,Alluvial Soil,7.33,57.5,1400.0,31.4,63.6,Tillering,45.0,2.15
Chhattisgarh,Co 86032,1867.0,Alluvial Soil,7.08,57.0,1400.0,31.4,74.8,Grand Growth,45.0,6.64
Chhattisgarh,Co 86032,3359.0,Alluvial Soil,6.88,67.8,1400.0,31.4,82.6,Maturity,45.0,1.86
Chhattisgarh,Co 86032,2703.0,Alluvial Soil,7.08,64.3,1400.0,31.4,77.0,Harvest,45.0,6.66
Chhattisgarh,Co 86032,3401.0,Alluvial Soil,7.3,54.6,1400.0,31.4,70.6,Planting,45.0,2.15
Chhattisgarh,Co 86032,4082.0,Alluvial Soil,7.32,57.7,1400.0,31.4,62.1,Germination,45.0,2.15
Chhattisgarh,Co 86032,5750.0,Alluvial Soil,6.89,52.9,1400.0,31.4,71.1,Tillering,45.0,5.9
Chhattisgarh,Co 86032,1351.0,Alluvial Soil,6.73,67.8,1400.0,31.4,72.5,Grand Growth,155.0,194.97
Chhattisgarh,Co 86032,1812.0,Alluvial Soil,7.52,60.8,1400.0,31.4,66.9,Maturity,194.97,203.59
Chhattisgarh,Co 86032,2194.0,Alluvial Soil,7.07,58.5,1400.0,31.4,70.3,Harvest,203.59,215.09
Chhattisgarh,Co 86032,3196.0,Sandy Loam,6.92,52.1,1400.0,31.4,71.8,Planting,215.09,215.05
Chhattisgarh,Co 86032,3609.0,Alluvial Soil,7.02,53.0,1400.0,31.4,66.8,Germination,215.05,215.07
Chhattisgarh,Co 86032,3080.0,Alluvial Soil,7.19,58.7,1400.0,31.4,63.3,Tillering,215.07,215.06
Chhattisgarh,Co 86032,4483.0,Alluvial Soil,6.51,51.2,1400.0,31.4,68.6,Grand Growth,215.06,215.06
Chhattisgarh,Co 86032,3500.0,Alluvial Soil,7.46,54.9,1400.0,31.4,62.9,Maturity,215.06,215.06
Chhattisgarh,Co 86032,3359.0,Alluvial Soil,7.61,50.0,1400.0,31.4,76.3,Planting,664.43,186.39
Chhattisgarh,Co 86032,3401.0,Alluvial Soil,7.49,60.8,1400.0,31.4,66.9,Tillering,666.48,215.05
Chhattisgarh,Co 86032,4082.0,Alluvial Soil,7.37,52.1,1400.0,31.4,67.4,Grand Growth,215.05,215.07
Chhattisgarh,Co 86032,13631.0,Alluvial Soil,6.06,62.4,1400.0,31.4,67.6,Harvest,590.47,215.06
Chhattisgarh,Co 86032,22247.0,Alluvial Soil,6.6,56.5,1400.0,31.4,76.1,Germination,449.52,112.9
Chhattisgarh,Co 86032,27495.0,Alluvial Soil,7.09,50.9,1400.0,31.4,76.1,Tillering,112.9,188.75
Chhattisgarh,Co 86032,1138.0,Alluvial Soil,7.23,50.8,1400.0,31.4,70.9,Maturity,1804.82,194.99
Chhattisgarh,Co 86032,1.0,Alluvial Soil,7.35,54.9,1400.0,31.4,72.3,Harvest,45.0,3.0
Chhattisgarh,Co 86032,1.0,Alluvial Soil,7.18,62.6,1400.0,31.4,68.7,Planting,45.0,4.0
Chhattisgarh,Co 86032,1.0,Alluvial Soil,7.11,59.0,1400.0,31.4,64.8,Germination,45.0,4.0
Chhattisgarh,Co 86032,1.0,Alluvial Soil,7.2,39.7,1400.0,31.4,78.9,Tillering,45.0,4.0
Chhattisgarh,Co 86032,3.0,Alluvial Soil,7.54,60.0,1400.0,31.4,71.7,Grand Growth,45.0,2.67
Chhattisgarh,Co 86032,3.0,Alluvial Soil,7.48,60.9,1400.0,31.4,68.4,Maturity,45.0,7.67
Chhattisgarh,Co 86032,5.0,Alluvial Soil,6.94,67.8,1400.0,31.4,64.0,Harvest,45.0,2.4
Chhattisgarh,Co 86032,3.0,Alluvial Soil,7.21,67.7,1400.0,31.4,71.9,Planting,45.0,2.0
Chhattisgarh,Co 86032,3.0,Alluvial Soil,7.02,58.1,1400.0,31.4,63.0,Germination,45.0,6.67
Chhattisgarh,Co 86032,3.0,Alluvial Soil,6.79,51.1,1400.0,31.4,66.8,Grand Growth,240.0,200.0
Chhattisgarh,Co 86032,11.0,Alluvial Soil,6.74,60.1,1400.0,31.4,70.6,Planting,250.0,100.0
Chhattisgarh,Co 86032,11.0,Alluvial Soil,7.08,56.6,1400.0,31.4,77.3,Tillering,45.0,7.55
Chhattisgarh,Co 86032,14.0,Alluvial Soil,7.08,54.5,1400.0,31.4,74.2,Grand Growth,45.0,3.5
Chhattisgarh,Co 86032,7.0,Alluvial Soil,7.41,64.9,1400.0,31.4,74.2,Maturity,45.0,2.86
Chhattisgarh,Co 86032,7.0,Red Loam,6.42,65.8,1400.0,31.4,63.4,Harvest,45.0,8.86
Chhattisgarh,Co 86032,24.0,Alluvial Soil,6.91,53.4,1400.0,31.4,66.8,Harvest,300.0,125.0
Chhattisgarh,Co 86032,24.0,Alluvial Soil,7.26,60.0,1400.0,31.4,55.9,Planting,125.0,166.67
Chhattisgarh,Co 86032,12.0,Clay Loam,6.62,75.1,1400.0,31.4,75.4,Germination,166.67,175.0
Chhattisgarh,Co 86032,8.0,Alluvial Soil,7.28,52.7,1400.0,31.4,69.1,Grand Growth,45.0,2.62
Chhattisgarh,Co 86032,3.0,Alluvial Soil,7.26,51.9,1400.0,31.4,62.6,Maturity,45.0,3.33
Chhattisgarh,Co 86032,9.0,Alluvial Soil,7.36,54.5,1400.0,31.4,67.0,Harvest,45.0,2.56
Chhattisgarh,Co 86032,6.0,Sandy Loam,7.2,47.3,1400.0,31.4,69.6,Planting,45.0,2.5
Chhattisgarh,Co 86032,6.0,Alluvial Soil,6.77,66.1,1400.0,31.4,68.6,Germination,45.0,2.0
Chhattisgarh,Co 86032,4.0,Alluvial Soil,7.22,52.5,1400.0,31.4,65.2,Tillering,45.0,3.0
Chhattisgarh,Co 86032,4.0,Alluvial Soil,6.89,55.3,1400.0,31.4,67.5,Grand Growth,45.0,3.25
Chhattisgarh,Co 86032,5.0,Alluvial Soil,7.0,47.4,1400.0,31.4,67.7,Maturity,45.0,3.2
Chhattisgarh,Co 86032,4.0,Alluvial Soil,6.63,60.6,1400.0,31.4,66.3,Harvest,45.0,3.0
Chhattisgarh,Co 86032,4.0,Alluvial Soil,6.76,67.9,1400.0,31.4,72.4,Planting,45.0,3.0
Chhattisgarh,Co 86032,3.0,Alluvial Soil,7.3,59.1,1400.0,31.4,74.7,Germination,45.0,3.33
Chhattisgarh,Co 86032,6.0,Black Soil,7.16,66.6,1400.0,31.4,71.5,Harvest,250.0,200.0
Chhattisgarh,Co 86032,1.0,Alluvial Soil,7.36,58.2,1400.0,31.4,74.9,Germination,45.0,3.0
Chhattisgarh,Co 86032,1.0,Sandy Loam,7.44,40.8,1400.0,31.4,73.6,Tillering,45.0,3.0
Chhattisgarh,Co 86032,2.0,Alluvial Soil,6.88,49.5,1400.0,31.4,64.7,Grand Growth,45.0,3.5
Chhattisgarh,Co 86032,1.0,Alluvial Soil,7.04,53.0,1400.0,31.4,70.5,Maturity,45.0,3.0
Chhattisgarh,Co 86032,52.0,Sandy Loam,6.86,57.9,1400.0,31.4,68.9,Grand Growth,45.0,3.0
Chhattisgarh,Co 86032,41.0,Alluvial Soil,7.19,57.5,1400.0,31.4,61.4,Maturity,45.0,3.02
Chhattisgarh,Co 86032,46.0,Alluvial Soil,7.07,49.5,1400.0,31.4,63.7,Harvest,45.0,3.02
Chhattisgarh,Co 86032,33.0,Alluvial Soil,7.16,51.2,1400.0,31.4,63.7,Planting,45.0,2.67
Chhattisgarh,Co 86032,25.0,Alluvial Soil,7.33,51.8,1400.0,31.4,70.2,Germination,45.0,2.68
Chhattisgarh,Co 86032,29.0,Alluvial Soil,6.92,64.0,1400.0,31.4,63.7,Tillering,45.0,2.52
Chhattisgarh,Co 86032,28.0,Alluvial Soil,6.86,56.8,1400.0,31.4,62.7,Grand Growth,45.0,1.68
Chhattisgarh,Co 86032,20.0,Alluvial Soil,6.72,51.1,1400.0,31.4,69.1,Maturity,45.0,2.9
Chhattisgarh,Co 86032,19.0,Alluvial Soil,7.57,48.3,1400.0,31.4,62.3,Harvest,45.0,2.63
Chhattisgarh,Co 86032,18.0,Alluvial Soil,6.59,52.0,1400.0,31.4,66.5,Planting,45.0,4.5
Chhattisgarh,Co 86032,15.0,Alluvial Soil,7.41,46.8,1400.0,31.4,72.0,Germination,45.0,2.6
Chhattisgarh,Co 86032,6.0,Alluvial Soil,7.39,55.9,1400.0,31.4,66.4,Tillering,45.0,9.33
Chhattisgarh,Co 86032,15.0,Alluvial Soil,7.52,54.7,1400.0,31.4,71.7,Grand Growth,45.0,3.0
Chhattisgarh,Co 86032,22.0,Alluvial Soil,7.21,63.2,1400.0,31.4,69.1,Maturity,45.0,3.0
Chhattisgarh,Co 86032,12.0,Sandy Loam,6.4,56.6,1400.0,31.4,66.2,Harvest,45.0,6.0
Chhattisgarh,Co 86032,28.0,Alluvial Soil,7.28,49.8,1400.0,31.4,64.9,Harvest,251.72,167.86
Chhattisgarh,Co 86032,22.0,Alluvial Soil,6.81,54.1,1400.0,31.4,65.8,Grand Growth,300.0,54.55
Chhattisgarh,Co 86032,5.0,Alluvial Soil,6.84,54.1,1400.0,31.4,71.2,Maturity,54.55,120.0
Chhattisgarh,Co 86032,5.0,Alluvial Soil,6.53,59.7,1400.0,31.4,71.2,Harvest,120.0,140.0
Chhattisgarh,Co 86032,234.0,Alluvial Soil,6.9,46.8,1400.0,31.4,63.1,Tillering,45.0,5.59
Chhattisgarh,Co 86032,231.0,Alluvial Soil,7.31,56.8,1400.0,31.4,72.0,Grand Growth,45.0,3.59
Chhattisgarh,Co 86032,246.0,Alluvial Soil,7.41,56.7,1400.0,31.4,63.2,Maturity,45.0,3.34
Chhattisgarh,Co 86032,149.0,Alluvial Soil,7.61,55.7,1400.0,31.4,60.2,Harvest,45.0,10.87
Chhattisgarh,Co 86032,418.0,Alluvial Soil,7.35,58.1,1400.0,31.4,80.4,Harvest,333.47,122.01
Chhattisgarh,Co 86032,1040.0,Alluvial Soil,7.18,59.6,1400.0,31.4,75.0,Planting,122.01,86.63
Chhattisgarh,Co 86032,1200.0,Alluvial Soil,7.25,47.4,1400.0,31.4,67.0,Germination,86.63,177.08
Chhattisgarh,Co 86032,2.0,Alluvial Soil,7.22,59.4,1400.0,31.4,68.0,Grand Growth,45.0,3.5
Chhattisgarh,Co 86032,2.0,Alluvial Soil,7.11,61.0,1400.0,31.4,69.3,Maturity,45.0,3.0
Chhattisgarh,Co 86032,5.0,Alluvial Soil,6.73,69.6,1400.0,31.4,60.1,Harvest,45.0,1.8
Chhattisgarh,Co 86032,3.0,Alluvial Soil,7.65,61.3,1400.0,31.4,70.0,Planting,45.0,4.33
Chhattisgarh,Co 86032,3.0,Alluvial Soil,6.8,51.2,1400.0,31.4,69.3,Germination,45.0,3.67
Chhattisgarh,Co 86032,5.0,Alluvial Soil,6.29,60.7,1400.0,31.4,69.2,Tillering,45.0,3.0
Chhattisgarh,Co 86032,4.0,Alluvial Soil,7.24,57.4,1400.0,31.4,64.2,Grand Growth,45.0,4.75
Chhattisgarh,Co 86032,5.0,Alluvial Soil,6.64,49.3,1400.0,31.4,69.3,Planting,300.0,180.0
Chhattisgarh,Co 86032,2.0,Alluvial Soil,7.01,66.6,1400.0,31.4,63.9,Planting,233.33,150.0
Chhattisgarh,Co 86032,3.0,Alluvial Soil,6.83,63.3,1400.0,31.4,62.6,Germination,150.0,133.33
Chhattisgarh,Co 86032,3.0,Alluvial Soil,6.97,53.4,1400.0,31.4,69.4,Tillering,133.33,166.67
Chhattisgarh,Co 86032,485.0,Clay Loam,6.85,69.8,1400.0,31.4,73.0,Maturity,45.0,2.92
Chhattisgarh,Co 86032,307.0,Alluvial Soil,6.86,67.2,1400.0,31.4,64.9,Harvest,45.0,2.92
Chhattisgarh,Co 86032,411.0,Alluvial Soil,7.11,60.7,1400.0,31.4,73.6,Planting,45.0,2.91
Chhattisgarh,Co 86032,506.0,Alluvial Soil,7.38,57.5,1400.0,31.4,68.4,Germination,45.0,2.86
Chhattisgarh,Co 86032,508.0,Black Soil,7.82,74.7,1400.0,31.4,72.0,Tillering,45.0,2.92
Chhattisgarh,Co 86032,450.0,Alluvial Soil,7.55,60.8,1400.0,31.4,74.9,Grand Growth,45.0,2.96
Chhattisgarh,Co 86032,490.0,Alluvial Soil,6.76,65.4,1400.0,31.4,69.5,Maturity,45.0,3.41
Chhattisgarh,Co 86032,442.0,Alluvial Soil,6.27,55.8,1400.0,31.4,64.1,Harvest,45.0,3.06
Chhattisgarh,Co 86032,397.0,Alluvial Soil,6.8,52.4,1400.0,31.4,64.6,Planting,45.0,2.96
Chhattisgarh,Co 86032,358.0,Alluvial Soil,7.51,61.6,1400.0,31.4,72.4,Germination,45.0,3.68
Chhattisgarh,Co 86032,303.0,Alluvial Soil,7.09,53.1,1400.0,31.4,72.3,Tillering,45.0,2.91
Chhattisgarh,Co 86032,304.0,Alluvial Soil,6.94,53.8,1400.0,31.4,62.9,Grand Growth,45.0,5.7
Chhattisgarh,Co 86032,240.0,Alluvial Soil,7.57,61.6,1400.0,31.4,66.2,Maturity,45.0,3.11
Chhattisgarh,Co 86032,243.0,Alluvial Soil,7.18,53.7,1400.0,31.4,60.9,Harvest,45.0,2.96
Chhattisgarh,Co 86032,291.0,Alluvial Soil,7.1,55.1,1400.0,31.4,65.5,Planting,45.0,5.09
Chhattisgarh,Co 86032,435.0,Alluvial Soil,7.43,51.5,1400.0,31.4,66.7,Maturity,320.9,156.32
Chhattisgarh,Co 86032,328.0,Alluvial Soil,6.95,56.8,1400.0,31.4,67.6,Harvest,156.32,193.29
Chhattisgarh,Co 86032,214.0,Alluvial Soil,7.08,58.5,1400.0,31.4,69.0,Planting,193.29,80.84
Chhattisgarh,Co 86032,112.0,Alluvial Soil,7.07,64.8,1400.0,31.4,62.0,Tillering,45.0,2.91
Chhattisgarh,Co 86032,65.0,Alluvial Soil,5.99,59.8,1400.0,31.4,69.7,Grand Growth,45.0,2.92
Chhattisgarh,Co 86032,61.0,Alluvial Soil,6.92,50.1,1400.0,31.4,70.1,Maturity,45.0,2.66
Chhattisgarh,Co 86032,111.0,Alluvial Soil,7.14,59.7,1400.0,31.4,61.8,Harvest,45.0,2.77
Chhattisgarh,Co 86032,114.0,Alluvial Soil,6.82,54.6,1400.0,31.4,69.8,Planting,45.0,2.52
Chhattisgarh,Co 86032,128.0,Alluvial Soil,6.87,47.6,1400.0,31.4,74.7,Germination,45.0,2.77
Chhattisgarh,Co 86032,148.0,Alluvial Soil,7.03,50.7,1400.0,31.4,68.1,Tillering,45.0,2.76
Chhattisgarh,Co 86032,192.0,Alluvial Soil,7.18,58.1,1400.0,31.4,75.1,Grand Growth,45.0,2.76
Chhattisgarh,Co 86032,197.0,Alluvial Soil,6.95,63.5,1400.0,31.4,63.1,Maturity,45.0,2.76
Chhattisgarh,Co 86032,124.0,Alluvial Soil,6.91,60.2,1400.0,31.4,75.2,Harvest,45.0,3.52
Chhattisgarh,Co 86032,64.0,Alluvial Soil,6.56,55.6,1400.0,31.4,68.3,Planting,45.0,3.33
Chhattisgarh,Co 86032,31.0,Sandy Loam,6.82,50.0,1400.0,31.4,65.7,Germination,45.0,3.35
Chhattisgarh,Co 86032,85.0,Alluvial Soil,7.1,58.4,1400.0,31.4,65.0,Tillering,45.0,3.52
Chhattisgarh,Co 86032,89.0,Alluvial Soil,7.24,60.3,1400.0,31.4,72.0,Grand Growth,45.0,8.81
Chhattisgarh,Co 86032,177.0,Alluvial Soil,7.34,54.2,1400.0,31.4,78.6,Planting,301.65,174.58
Chhattisgarh,Co 86032,153.0,Alluvial Soil,6.82,50.0,1400.0,31.4,73.0,Tillering,222.02,193.46
Chhattisgarh,Co 86032,18.0,Alluvial Soil,7.16,61.0,1400.0,31.4,58.9,Harvest,45.0,1.94
Chhattisgarh,Co 86032,10.0,Alluvial Soil,6.52,54.6,1400.0,31.4,62.5,Planting,45.0,1.8
Chhattisgarh,Co 86032,27.0,Alluvial Soil,6.74,47.4,1400.0,31.4,73.2,Germination,45.0,1.85
Chhattisgarh,Co 86032,3.0,Alluvial Soil,7.11,51.5,1400.0,31.4,72.8,Tillering,45.0,2.0
Chhattisgarh,Co 86032,32.0,Alluvial Soil,6.96,43.8,1400.0,31.4,71.8,Grand Growth,45.0,1.88
Chhattisgarh,Co 86032,31.0,Alluvial Soil,6.7,66.0,1400.0,31.4,67.7,Maturity,45.0,2.16
Chhattisgarh,Co 86032,12.0,Red Loam,6.73,59.4,1400.0,31.4,75.0,Harvest,45.0,2.17
Chhattisgarh,Co 86032,49.0,Alluvial Soil,6.75,48.8,1400.0,31.4,70.9,Planting,45.0,2.14
Chhattisgarh,Co 86032,54.0,Alluvial Soil,6.94,64.3,1400.0,31.4,77.3,Germination,45.0,1.7
Chhattisgarh,Co 86032,30.0,Black Soil,7.26,75.0,1400.0,31.4,59.7,Tillering,45.0,2.53
Chhattisgarh,Co 86032,32.0,Alluvial Soil,7.01,59.7,1400.0,31.4,71.1,Grand Growth,45.0,1.88
Chhattisgarh,Co 86032,29.0,Alluvial Soil,6.61,45.5,1400.0,31.4,72.1,Maturity,45.0,3.03
Chhattisgarh,Co 86032,26.0,Alluvial Soil,7.33,63.3,1400.0,31.4,70.9,Harvest,45.0,1.92
Chhattisgarh,Co 86032,38.0,Alluvial Soil,6.26,57.2,1400.0,31.4,74.8,Planting,45.0,1.97
Chhattisgarh,Co 86032,71.0,Alluvial Soil,7.02,66.7,1400.0,31.4,71.7,Germination,45.0,2.45
Chhattisgarh,Co 86032,10.0,Alluvial Soil,6.63,56.2,1400.0,31.4,72.6,Tillering,155.0,180.0
Chhattisgarh,Co 86032,27.0,Alluvial Soil,6.86,65.1,1400.0,31.4,73.7,Grand Growth,180.0,185.19
Chhattisgarh,Co 86032,3.0,Alluvial Soil,7.32,61.8,1400.0,31.4,75.6,Maturity,185.19,200.0
Chhattisgarh,Co 86032,32.0,Alluvial Soil,7.72,65.9,1400.0,31.4,64.6,Harvest,200.0,187.5
Chhattisgarh,Co 86032,31.0,Alluvial Soil,6.2,65.3,1400.0,31.4,73.9,Planting,187.5,216.13
Chhattisgarh,Co 86032,12.0,Alluvial Soil,7.43,58.5,1400.0,31.4,65.4,Germination,216.13,216.67
Chhattisgarh,Co 86032,49.0,Sandy Loam,7.51,69.0,1400.0,31.4,70.3,Tillering,216.67,214.29
Chhattisgarh,Co 86032,54.0,Alluvial Soil,6.81,46.7,1400.0,31.4,72.7,Grand Growth,214.29,170.37
Chhattisgarh,Co 86032,32.0,Alluvial Soil,6.6,52.8,1400.0,31.4,72.4,Harvest,253.33,187.5
Chhattisgarh,Co 86032,26.0,Alluvial Soil,7.03,56.2,1400.0,31.4,68.2,Germination,303.45,192.31
Chhattisgarh,Co 86032,38.0,Alluvial Soil,6.72,56.7,1400.0,31.4,73.7,Tillering,192.31,197.37
Chhattisgarh,Co 86032,61.0,Alluvial Soil,7.43,59.1,1400.0,31.4,57.5,Maturity,245.07,172.13
Chhattisgarh,Co 86032,111.0,Alluvial Soil,6.54,51.6,1400.0,31.4,64.7,Germination,270.32,171.17
Chhattisgarh,Co 86032,18.0,Alluvial Soil,7.52,54.8,1400.0,31.4,78.1,Grand Growth,3193.28,194.44
Chhattisgarh,Co 86032,8.0,Alluvial Soil,7.24,54.2,1400.0,31.4,72.8,Maturity,45.0,8.5
Chhattisgarh,Co 86032,12.0,Alluvial Soil,6.99,51.6,1400.0,31.4,78.2,Harvest,45.0,3.0
Chhattisgarh,Co 86032,8.0,Alluvial Soil,7.15,55.8,1400.0,31.4,69.2,Planting,45.0,3.0
Chhattisgarh,Co 86032,4.0,Alluvial Soil,7.24,56.0,1400.0,31.4,71.9,Germination,45.0,9.0
Chhattisgarh,Co 86032,790.0,Alluvial Soil,7.29,60.6,1400.0,31.4,69.9,Germination,45.0,6.18
Chhattisgarh,Co 86032,811.0,Alluvial Soil,7.33,61.8,1400.0,31.4,66.5,Tillering,45.0,3.61
Chhattisgarh,Co 86032,1311.0,Alluvial Soil,6.97,51.1,1400.0,31.4,72.6,Grand Growth,45.0,2.79
Chhattisgarh,Co 86032,1951.0,Alluvial Soil,7.11,67.8,1400.0,31.4,70.3,Maturity,45.0,6.97
Chhattisgarh,Co 86032,2236.0,Sandy Loam,6.65,64.0,1400.0,31.4,58.9,Maturity,337.33,159.97
Chhattisgarh,Co 86032,2436.0,Alluvial Soil,6.87,50.8,1400.0,31.4,67.9,Planting,337.34,171.96
Chhattisgarh,Co 86032,705.0,Red Loam,6.08,56.9,1400.0,31.4,79.2,Tillering,45.0,3.13
Chhattisgarh,Co 86032,1032.0,Alluvial Soil,6.87,61.1,1400.0,31.4,67.4,Grand Growth,45.0,3.18
Chhattisgarh,Co 86032,885.0,Clay Loam,6.94,65.9,1400.0,31.4,77.1,Maturity,45.0,3.08
Chhattisgarh,Co 86032,1143.0,Alluvial Soil,6.77,40.1,1400.0,31.4,67.9,Harvest,45.0,3.13
Chhattisgarh,Co 86032,1273.0,Alluvial Soil,6.91,57.7,1400.0,31.4,72.9,Planting,45.0,2.89
Chhattisgarh,Co 86032,1455.0,Alluvial Soil,6.97,69.3,1400.0,31.4,72.9,Germination,45.0,3.28
Chhattisgarh,Co 86032,1904.0,Alluvial Soil,7.4,60.8,1400.0,31.4,68.4,Tillering,45.0,3.13
Chhattisgarh,Co 86032,2193.0,Black Soil,7.97,63.9,1400.0,31.4,73.4,Grand Growth,45.0,3.18
Chhattisgarh,Co 86032,1956.0,Alluvial Soil,7.18,49.4,1400.0,31.4,76.7,Maturity,45.0,2.89
Chhattisgarh,Co 86032,1699.0,Alluvial Soil,7.45,54.6,1400.0,31.4,62.8,Harvest,45.0,4.46
Chhattisgarh,Co 86032,1443.0,Alluvial Soil,6.92,50.3,1400.0,31.4,77.1,Planting,45.0,2.84
Chhattisgarh,Co 86032,1099.0,Alluvial Soil,6.58,75.7,1400.0,31.4,68.3,Germination,45.0,5.05
Chhattisgarh,Co 86032,857.0,Alluvial Soil,7.08,58.0,1400.0,31.4,69.0,Tillering,45.0,3.08
Chhattisgarh,Co 86032,1063.0,Alluvial Soil,7.3,61.4,1400.0,31.4,70.5,Grand Growth,45.0,3.13
Chhattisgarh,Co 86032,941.0,Alluvial Soil,7.02,51.4,1400.0,31.4,70.7,Maturity,45.0,6.98
Chhattisgarh,Co 86032,2028.0,Clay Loam,6.62,76.9,1400.0,31.4,72.3,Tillering,308.4,113.31
Chhattisgarh,Co 86032,2016.0,Alluvial Soil,7.78,54.6,1400.0,31.4,75.0,Maturity,251.42,171.78
Dadra And Nagar Haveli,Co 86032,1529.0,Alluvial Soil,6.98,56.9,1400.0,31.4,70.4,Germination,75.27,80.0
Dadra And Nagar Haveli,Co 86032,1464.0,Alluvial Soil,7.86,56.6,1400.0,31.4,62.3,Tillering,80.0,80.0
Dadra And Nagar Haveli,Co 86032,1422.0,Alluvial Soil,7.47,64.7,1400.0,31.4,70.0,Grand Growth,80.0,65.0
Dadra And Nagar Haveli,Co 86032,1273.0,Alluvial Soil,6.31,57.2,1400.0,31.4,70.1,Maturity,65.0,70.0
Dadra And Nagar Haveli,Co 86032,1537.0,Alluvial Soil,7.42,51.9,1400.0,31.4,71.8,Harvest,70.0,80.0
Dadra And Nagar Haveli,Co 86032,1285.0,Red Loam,6.79,55.1,1400.0,31.4,70.1,Planting,80.0,75.0
Dadra And Nagar Haveli,Co 86032,1511.0,Alluvial Soil,7.08,57.5,1400.0,31.4,73.7,Germination,75.0,80.0
Dadra And Nagar Haveli,Co 86032,1531.0,Alluvial Soil,7.36,59.9,1400.0,31.4,81.4,Tillering,80.0,80.0
Dadra And Nagar Haveli,Co 86032,1167.0,Clay Loam,6.82,75.7,1400.0,31.4,55.6,Grand Growth,80.0,80.0
Dadra And Nagar Haveli,Co 86032,410.0,Alluvial Soil,6.87,59.3,1400.0,31.4,72.9,Maturity,80.0,80.0
Dadra And Nagar Haveli,Co 86032,665.0,Alluvial Soil,6.79,51.0,1400.0,31.4,68.1,Harvest,80.0,80.0
Dadra And Nagar Haveli,Co 86032,662.0,Alluvial Soil,7.11,54.6,1400.0,31.4,75.5,Planting,80.0,80.0
Goa,Co 86032,295.0,Alluvial Soil,6.94,52.1,1400.0,31.4,66.3,Grand Growth,57.76,57.98
Goa,Co 86032,240.0,Alluvial Soil,7.57,55.3,1400.0,31.4,65.8,Maturity,57.98,58.15
Goa,Co 86032,244.0,Alluvial Soil,7.22,64.6,1400.0,31.4,65.8,Harvest,58.15,61.52
Goa,Co 86032,224.0,Clay Loam,7.03,75.1,1400.0,31.4,54.1,Planting,61.52,63.67
Goa,Co 86032,268.0,Alluvial Soil,7.53,56.4,1400.0,31.4,69.1,Germination,63.67,52.21
Goa,Co 86032,136.0,Alluvial Soil,6.96,58.3,1400.0,31.4,65.5,Tillering,52.21,39.93
Goa,Co 86032,141.0,Alluvial Soil,6.52,52.2,1400.0,31.4,76.6,Grand Growth,39.93,42.08
Goa,Co 86032,145.0,Alluvial Soil,7.21,60.8,1400.0,31.4,60.3,Maturity,42.08,41.97
Goa,Co 86032,144.0,Alluvial Soil,7.06,65.8,1400.0,31.4,72.8,Harvest,41.97,38.47
Goa,Co 86032,140.0,Alluvial Soil,6.69,74.7,1400.0,31.4,66.9,Planting,38.47,38.33
Goa,Co 86032,129.0,Alluvial Soil,7.32,57.5,1400.0,31.4,72.4,Germination,38.33,44.71
Goa,Co 86032,915.0,Sandy Loam,6.81,53.0,1400.0,31.4,67.5,Planting,45.68,47.52
Goa,Co 86032,870.0,Alluvial Soil,7.34,53.0,1400.0,31.4,72.0,Germination,47.52,48.17
Goa,Co 86032,876.0,Alluvial Soil,7.02,51.9,1400.0,31.4,74.0,Tillering,48.17,49.39
Goa,Co 86032,810.0,Alluvial Soil,6.71,57.7,1400.0,31.4,73.8,Grand Growth,49.39,51.56
Goa,Co 86032,753.0,Alluvial Soil,7.55,56.1,1400.0,31.4,69.1,Maturity,51.56,46.83
Goa,Co 86032,757.0,Alluvial Soil,7.24,71.5,1400.0,31.4,69.2,Harvest,46.83,61.97
Goa,Co 86032,780.0,Red Loam,6.23,63.4,1400.0,31.4,72.6,Planting,61.97,55.35
Goa,Co 86032,770.0,Alluvial Soil,6.93,66.1,1400.0,31.4,67.6,Germination,55.35,52.59
Goa,Co 86032,710.0,Alluvial Soil,6.71,58.3,1400.0,31.4,66.8,Tillering,52.59,57.06
Goa,Co 86032,732.0,Alluvial Soil,7.12,54.3,1400.0,31.4,79.2,Grand Growth,57.06,57.79
Goa,Co 86032,679.0,Alluvial Soil,7.24,60.4,1400.0,31.4,72.3,Maturity,57.79,63.99
Gujarat,Co 99004,600.0,Black Soil,7.54,73.5,1436.1,28.4,74.0,Grand Growth,60.4,65.0
Gujarat,Co 99004,600.0,Black Soil,7.35,63.7,1226.4,35.2,66.8,Maturity,65.0,68.33
Gujarat,Co 99004,600.0,Black Soil,7.59,52.5,1023.2,36.2,66.0,Harvest,68.33,65.0
Gujarat,Co 99004,800.0,Black Soil,7.39,75.2,1586.9,35.7,74.0,Planting,65.0,73.75
Gujarat,Co 99004,500.0,Red Loam,6.54,35.5,979.4,33.5,62.6,Germination,73.75,76.0
Gujarat,Co 99004,500.0,Black Soil,7.49,47.0,1084.3,32.6,60.1,Tillering,76.0,64.0
Gujarat,Co 99004,300.0,Black Soil,7.44,45.2,986.5,28.2,63.3,Grand Growth,64.0,73.33
Gujarat,Co 99004,100.0,Black Soil,7.12,62.7,1290.6,28.7,69.6,Maturity,73.33,50.0
Gujarat,Co 99004,100.0,Sandy Loam,6.66,54.1,917.0,31.5,70.8,Harvest,50.0,90.0
Gujarat,Co 99004,100.0,Alluvial Soil,6.57,71.8,1580.6,32.0,69.3,Planting,90.0,50.0
Gujarat,Co 99004,100.0,Black Soil,7.31,61.7,1380.8,26.6,66.3,Germination,50.0,40.0
Gujarat,Co 99004,100.0,Black Soil,7.08,66.2,1417.1,27.5,64.8,Tillering,40.0,50.0
Gujarat,Co 99004,100.0,Alluvial Soil,7.09,43.0,1309.9,30.2,66.1,Grand Growth,50.0,70.0
Gujarat,Co 99004,5800.0,Black Soil,7.47,52.1,1134.1,27.8,71.6,Harvest,72.18,73.62
Gujarat,Co 99004,5200.0,Black Soil,8.09,77.0,1443.4,26.4,67.6,Planting,73.62,94.62
Gujarat,Co 99004,6000.0,Black Soil,7.8,44.5,1045.2,32.2,55.2,Germination,94.62,69.33
Gujarat,Co 99004,400.0,Black Soil,7.98,80.4,1574.8,26.3,69.8,Tillering,69.33,27.5
Gujarat,Co 99004,3900.0,Black Soil,7.25,56.3,1311.3,29.9,54.6,Grand Growth,27.5,70.51
Gujarat,Co 99004,200.0,Black Soil,7.73,75.1,1329.4,28.3,79.1,Maturity,70.51,70.0
Gujarat,Co 99004,100.0,Black Soil,7.38,56.8,1076.2,27.0,67.8,Harvest,70.0,80.0
Gujarat,Co 99004,100.0,Black Soil,7.42,51.2,1105.6,29.9,70.2,Planting,80.0,90.0
Gujarat,Co 99004,200.0,Black Soil,7.65,47.4,969.3,26.6,61.7,Germination,90.0,70.0
Gujarat,Co 99004,300.0,Red Loam,5.91,42.8,1056.6,25.1,69.3,Tillering,70.0,80.0
Gujarat,Co 99004,100.0,Black Soil,7.87,53.0,1067.8,27.2,62.8,Grand Growth,80.0,80.0
Gujarat,Co 99004,100.0,Black Soil,7.3,50.0,1098.0,30.0,70.2,Maturity,80.0,60.0
Gujarat,Co 99004,100.0,Black Soil,7.36,50.2,1139.9,25.3,57.4,Harvest,60.0,70.0
Gujarat,Co 99004,100.0,Black Soil,7.84,47.3,955.0,32.2,69.7,Grand Growth,74.11,70.0
Gujarat,Co 99004,100.0,Black Soil,6.87,66.8,1359.2,33.5,72.5,Maturity,70.0,50.0
Gujarat,Co 99004,100.0,Black Soil,7.32,34.2,816.6,29.2,64.9,Harvest,50.0,50.0
Gujarat,Co 99004,100.0,Black Soil,7.12,66.2,1357.9,27.4,68.3,Planting,50.0,30.0
Gujarat,Co 99004,12400.0,Black Soil,7.59,58.2,1093.4,29.1,50.8,Harvest,63.54,61.21
Gujarat,Co 99004,22000.0,Black Soil,6.88,67.3,1185.6,32.5,70.7,Planting,61.21,51.05
Gujarat,Co 99004,27900.0,Black Soil,7.44,34.6,757.6,29.0,57.8,Germination,51.05,72.22
Gujarat,Co 99004,26000.0,Sandy Loam,6.95,49.5,1198.7,30.8,70.6,Tillering,72.22,70.54
Gujarat,Co 99004,29900.0,Black Soil,7.48,49.5,1083.8,29.2,72.9,Grand Growth,70.54,64.31
Gujarat,Co 99004,32000.0,Black Soil,7.73,39.4,877.4,26.0,62.3,Maturity,64.31,61.84
Gujarat,Co 99004,21400.0,Black Soil,7.51,51.6,1052.5,27.5,64.2,Harvest,61.84,65.0
Gujarat,Co 99004,22300.0,Black Soil,6.69,68.3,1252.6,28.5,63.8,Planting,65.0,70.18
Gujarat,Co 99004,21200.0,Black Soil,7.63,44.3,961.1,30.8,59.0,Germination,70.18,73.68
Gujarat,Co 99004,25800.0,Black Soil,7.44,48.1,911.5,31.6,62.3,Tillering,73.68,72.13
Gujarat,Co 99004,22000.0,Black Soil,7.0,39.1,896.6,30.8,67.4,Grand Growth,72.13,74.82
Gujarat,Co 99004,20900.0,Black Soil,7.65,45.9,1036.8,28.8,72.5,Maturity,74.82,71.0
Gujarat,Co 99004,17600.0,Black Soil,7.94,77.7,1565.8,23.6,65.3,Harvest,71.0,72.61
Gujarat,Co 99004,20800.0,Black Soil,7.48,70.4,1535.4,23.9,73.0,Planting,72.61,72.79
Gujarat,Co 99004,18800.0,Black Soil,6.87,58.9,1236.1,31.0,72.5,Germination,72.79,61.86
Gujarat,Co 99004,27500.0,Black Soil,6.87,68.2,1314.8,30.2,77.0,Tillering,61.86,6.45
Gujarat,Co 99004,200.0,Black Soil,7.62,68.4,1446.5,31.6,64.7,Tillering,58.53,65.0
Gujarat,Co 99004,100.0,Black Soil,7.66,34.7,806.7,30.6,59.4,Grand Growth,65.0,100.0
Gujarat,Co 99004,200.0,Black Soil,7.14,42.1,920.0,29.5,59.2,Maturity,100.0,70.0
Gujarat,Co 99004,100.0,Black Soil,7.32,75.3,1589.3,32.7,76.0,Harvest,70.0,70.0
Gujarat,Co 99004,100.0,Black Soil,7.59,64.3,1205.5,34.8,68.2,Planting,70.0,80.0
Gujarat,Co 99004,100.0,Black Soil,7.76,51.7,940.0,30.9,66.9,Germination,80.0,80.0
Gujarat,Co 99004,200.0,Black Soil,7.01,53.6,1207.0,31.2,66.4,Tillering,80.0,70.0
Gujarat,Co 99004,100.0,Black Soil,7.15,50.6,1056.9,30.6,57.9,Grand Growth,70.0,30.0
Gujarat,Co 99004,200.0,Black Soil,7.52,64.5,1370.9,27.4,65.8,Maturity,30.0,85.0
Gujarat,Co 99004,200.0,Black Soil,7.34,85.0,1566.4,30.0,72.6,Harvest,85.0,70.0
Gujarat,Co 99004,100.0,Black Soil,6.9,83.0,1596.6,26.7,74.9,Planting,70.0,70.0
Gujarat,Co 99004,400.0,Black Soil,7.26,77.9,1250.4,29.9,59.4,Germination,70.0,52.5
Gujarat,Co 99004,100.0,Black Soil,7.58,48.2,1065.3,28.2,69.6,Tillering,52.5,7.0
Gujarat,Co 99004,100.0,Alluvial Soil,7.29,61.8,1664.5,31.7,77.2,Germination,45.0,40.0
Gujarat,Co 99004,100.0,Black Soil,7.43,66.5,1425.3,34.7,57.2,Tillering,40.0,50.0
Gujarat,Co 99004,100.0,Black Soil,7.86,78.1,1406.9,26.2,75.0,Grand Growth,50.0,110.0
Gujarat,Co 99004,100.0,Black Soil,7.39,85.0,1588.6,30.2,67.8,Maturity,110.0,60.0
Gujarat,Co 99004,100.0,Black Soil,7.67,61.1,1291.5,27.6,75.5,Harvest,60.0,50.0
Gujarat,Co 99004,500.0,Black Soil,7.87,74.2,1480.5,31.6,79.0,Maturity,69.36,66.0
Gujarat,Co 99004,300.0,Sandy Loam,6.85,44.2,1075.4,26.5,64.6,Harvest,66.0,66.67
Gujarat,Co 99004,100.0,Clay Loam,7.23,50.6,948.4,33.3,58.1,Planting,66.67,90.0
Gujarat,Co 99004,300.0,Black Soil,6.97,73.3,1315.1,29.4,60.4,Germination,90.0,73.33
Gujarat,Co 99004,200.0,Black Soil,7.25,75.6,1525.5,30.4,74.2,Tillering,73.33,55.0
Gujarat,Co 99004,100.0,Black Soil,7.1,68.3,1562.6,26.9,71.1,Grand Growth,55.0,50.0
Gujarat,Co 99004,300.0,Black Soil,7.49,72.8,1422.0,31.6,69.9,Maturity,50.0,73.33
Gujarat,Co 99004,300.0,Black Soil,7.54,72.5,1385.2,27.0,58.8,Harvest,73.33,70.0
Gujarat,Co 99004,300.0,Black Soil,7.35,73.8,1499.8,35.4,68.3,Planting,70.0,93.33
Gujarat,Co 99004,200.0,Black Soil,7.34,78.4,1608.0,28.0,70.7,Germination,93.33,85.0
Gujarat,Co 99004,700.0,Sandy Loam,7.0,67.3,1311.5,32.7,70.6,Tillering,85.0,74.29
Gujarat,Co 99004,500.0,Black Soil,7.17,60.2,1178.1,35.9,62.2,Grand Growth,74.29,66.0
Gujarat,Co 99004,500.0,Sandy Loam,7.02,46.5,1015.7,28.8,64.5,Maturity,66.0,70.0
Gujarat,Co 99004,500.0,Black Soil,7.42,58.8,1421.5,33.2,65.9,Harvest,70.0,72.0
Gujarat,Co 99004,8000.0,Black Soil,7.19,70.3,1378.1,31.4,71.6,Harvest,85.05,94.5
Gujarat,Co 99004,7400.0,Black Soil,7.62,82.6,1580.3,27.7,69.3,Planting,94.5,87.3
Gujarat,Co 99004,7600.0,Black Soil,6.74,69.2,1256.3,29.7,67.5,Germination,87.3,71.97
Gujarat,Co 99004,1600.0,Black Soil,7.95,41.6,929.4,30.2,57.8,Tillering,71.97,63.75
Gujarat,Co 99004,5600.0,Red Loam,7.17,36.9,987.3,26.3,56.0,Grand Growth,63.75,78.75
Gujarat,Co 99004,5700.0,Black Soil,7.33,60.0,1285.1,29.1,71.6,Maturity,78.75,92.46
Gujarat,Co 99004,4400.0,Black Soil,6.96,65.4,1335.5,25.7,76.7,Harvest,92.46,94.09
Gujarat,Co 99004,5500.0,Black Soil,7.84,70.9,1401.1,30.9,71.1,Planting,94.09,99.64
Gujarat,Co 99004,10800.0,Black Soil,7.46,55.2,1175.7,29.5,65.5,Germination,99.64,94.44
Gujarat,Co 99004,14800.0,Black Soil,7.51,74.5,1418.9,30.5,73.7,Tillering,94.44,103.04
Gujarat,Co 99004,11700.0,Black Soil,7.3,42.9,1050.6,30.0,66.3,Grand Growth,103.04,89.83
Gujarat,Co 99004,14600.0,Black Soil,6.93,72.2,1380.8,32.4,68.1,Maturity,89.83,66.92
Gujarat,Co 99004,10100.0,Black Soil,6.53,79.6,1579.0,28.6,63.5,Harvest,66.92,68.32
Gujarat,Co 99004,8800.0,Black Soil,7.43,64.2,1141.7,27.7,65.2,Planting,68.32,77.16
Gujarat,Co 99004,12800.0,Black Soil,7.79,78.1,1464.7,29.5,64.1,Germination,77.16,72.11
Gujarat,Co 99004,1400.0,Clay Loam,7.21,85.0,1661.1,30.8,72.4,Tillering,72.11,7.43
Gujarat,Co 99004,200.0,Black Soil,7.67,68.4,1257.7,29.0,61.7,Planting,72.2,75.0
Gujarat,Co 99004,200.0,Black Soil,6.85,69.6,1126.5,26.1,63.3,Germination,75.0,60.0
Gujarat,Co 99004,300.0,Black Soil,7.65,45.6,953.3,28.1,53.6,Tillering,60.0,70.0
Gujarat,Co 99004,200.0,Black Soil,7.78,69.0,1567.1,37.0,61.1,Grand Growth,70.0,55.0
Gujarat,Co 99004,300.0,Black Soil,7.64,76.7,1318.8,30.1,64.4,Maturity,55.0,76.67
Gujarat,Co 99004,200.0,Black Soil,7.35,58.0,1041.1,29.4,59.6,Harvest,76.67,70.0
Gujarat,Co 99004,100.0,Black Soil,7.55,58.2,1210.1,28.2,70.4,Planting,70.0,50.0
Gujarat,Co 99004,500.0,Sandy Loam,7.31,54.1,1375.5,29.8,77.2,Germination,50.0,74.0
Gujarat,Co 99004,200.0,Sandy Loam,7.21,57.9,1225.0,29.3,65.8,Tillering,74.0,90.0
Gujarat,Co 99004,100.0,Black Soil,7.51,56.2,1204.2,30.1,73.2,Grand Growth,90.0,80.0
Gujarat,Co 99004,100.0,Black Soil,8.22,41.1,851.4,26.5,47.8,Maturity,80.0,60.0
Gujarat,Co 99004,100.0,Black Soil,7.41,60.8,998.3,27.3,62.5,Harvest,60.0,70.0
Gujarat,Co 99004,100.0,Black Soil,7.01,49.6,1178.1,35.9,56.0,Planting,70.0,5.0
Gujarat,Co 99004,600.0,Black Soil,7.82,63.5,1246.1,29.3,68.4,Grand Growth,77.93,81.67
Gujarat,Co 99004,700.0,Black Soil,7.07,60.9,1192.7,30.7,67.4,Maturity,81.67,75.71
Gujarat,Co 99004,900.0,Black Soil,7.18,47.5,1094.5,25.4,68.1,Harvest,75.71,83.33
Gujarat,Co 99004,600.0,Black Soil,6.99,68.6,1385.0,27.5,72.2,Planting,83.33,80.0
Gujarat,Co 99004,100.0,Black Soil,7.46,41.8,1031.9,29.8,65.3,Germination,80.0,30.0
Gujarat,Co 99004,300.0,Black Soil,7.75,66.9,1309.5,27.5,78.9,Tillering,30.0,7.33
Gujarat,Co 99004,5600.0,Black Soil,7.18,52.5,1075.1,22.9,69.4,Germination,74.94,71.79
Gujarat,Co 99004,5900.0,Black Soil,7.8,58.7,1096.6,33.1,61.3,Tillering,71.79,73.56
Gujarat,Co 99004,3800.0,Black Soil,7.36,49.5,923.4,25.8,60.5,Grand Growth,73.56,73.95
Gujarat,Co 99004,4300.0,Black Soil,7.35,69.0,1259.2,37.9,69.7,Maturity,73.95,71.86
Gujarat,Co 99004,4500.0,Black Soil,7.39,42.3,1121.5,24.3,64.3,Harvest,71.86,70.67
Gujarat,Co 99004,4700.0,Black Soil,7.08,63.7,1241.6,32.1,72.1,Planting,70.67,68.09
Gujarat,Co 99004,3900.0,Black Soil,6.73,44.5,924.0,31.6,61.1,Germination,68.09,70.51
Gujarat,Co 99004,11700.0,Black Soil,7.07,50.7,1026.9,30.6,62.9,Tillering,70.51,76.84
Gujarat,Co 99004,10000.0,Black Soil,7.34,82.3,1695.5,28.1,74.7,Grand Growth,76.84,70.4
Gujarat,Co 99004,9400.0,Alluvial Soil,7.15,40.1,1022.4,35.3,64.3,Maturity,70.4,7.65
Gujarat,Co 99004,27000.0,Black Soil,7.61,68.0,1216.7,34.5,54.6,Maturity,63.99,67.67
Gujarat,Co 99004,29100.0,Black Soil,7.28,57.6,1352.3,23.7,76.5,Harvest,67.67,64.19
Gujarat,Co 99004,27600.0,Black Soil,7.31,68.2,1230.0,27.2,60.9,Planting,64.19,68.8
Gujarat,Co 99004,30500.0,Alluvial Soil,7.05,51.8,1249.1,28.7,61.3,Germination,68.8,73.38
Gujarat,Co 99004,31000.0,Black Soil,7.34,85.0,1596.5,32.7,64.1,Tillering,73.38,66.55
Gujarat,Co 99004,31500.0,Black Soil,7.64,61.8,1385.0,34.3,59.9,Grand Growth,66.55,67.24
Gujarat,Co 99004,25800.0,Black Soil,6.94,48.5,977.6,28.7,65.4,Maturity,67.24,70.31
Gujarat,Co 99004,22000.0,Black Soil,7.56,65.2,1305.5,26.2,68.0,Harvest,70.31,72.0
Gujarat,Co 99004,21000.0,Black Soil,7.54,69.0,1451.7,23.3,70.0,Planting,72.0,63.19
Gujarat,Co 99004,15000.0,Black Soil,7.12,69.6,1245.9,24.2,69.9,Germination,63.19,7.23
Gujarat,Co 99004,200.0,Alluvial Soil,7.11,58.2,1620.9,29.6,84.6,Germination,61.76,65.0
Gujarat,Co 99004,100.0,Black Soil,7.39,65.0,1145.9,27.2,76.2,Tillering,65.0,110.0
Gujarat,Co 99004,100.0,Black Soil,7.62,65.5,1391.1,27.0,66.5,Grand Growth,110.0,40.0
Gujarat,Co 99004,100.0,Black Soil,7.48,40.6,959.4,30.3,74.1,Maturity,40.0,50.0
Gujarat,Co 99004,100.0,Black Soil,7.59,63.9,1348.9,32.4,65.6,Harvest,50.0,40.0
Gujarat,Co 99004,100.0,Red Loam,7.27,30.0,564.3,29.7,64.1,Planting,40.0,90.0
Gujarat,Co 99004,100.0,Black Soil,7.72,52.2,1032.8,34.7,57.3,Germination,90.0,40.0
Gujarat,Co 99004,100.0,Black Soil,7.4,43.6,890.2,28.6,62.3,Tillering,40.0,60.0
Gujarat,Co 99004,100.0,Black Soil,8.58,57.7,1398.8,28.2,65.6,Grand Growth,60.0,70.0
Gujarat,Co 99004,500.0,Black Soil,7.04,85.0,1822.9,32.3,76.9,Germination,68.36,74.0
Gujarat,Co 99004,400.0,Black Soil,6.79,47.9,1128.8,29.4,63.0,Tillering,74.0,67.5
Gujarat,Co 99004,200.0,Black Soil,7.14,59.8,1084.8,32.0,56.9,Grand Growth,67.5,85.0
Gujarat,Co 99004,100.0,Black Soil,7.51,40.8,1029.0,29.8,58.2,Maturity,85.0,100.0
Gujarat,Co 99004,100.0,Black Soil,7.66,60.5,1059.9,33.1,61.8,Harvest,100.0,40.0
Gujarat,Co 99004,300.0,Black Soil,8.04,51.3,1274.5,27.6,67.5,Planting,40.0,60.0
Gujarat,Co 99004,100.0,Black Soil,7.62,73.8,1230.6,36.6,68.2,Germination,60.0,100.0
Gujarat,Co 99004,300.0,Black Soil,7.51,70.0,1655.7,32.0,74.7,Tillering,100.0,90.0
Gujarat,Co 99004,200.0,Black Soil,6.87,58.6,1091.3,29.9,69.6,Grand Growth,90.0,90.0
Gujarat,Co 99004,200.0,Clay Loam,7.17,57.2,1107.3,29.8,68.2,Maturity,90.0,85.0
Gujarat,Co 99004,200.0,Black Soil,7.55,48.2,1135.0,26.6,73.4,Harvest,85.0,70.0
Gujarat,Co 99004,200.0,Black Soil,6.88,54.9,1243.9,32.1,55.6,Planting,70.0,70.0
Gujarat,Co 99004,100.0,Black Soil,7.37,64.3,1208.4,27.4,59.1,Germination,70.0,50.0
Gujarat,Co 99004,500.0,Black Soil,7.45,52.2,1251.3,37.9,71.3,Maturity,69.95,74.0
Gujarat,Co 99004,600.0,Black Soil,7.08,41.4,949.0,28.9,60.1,Harvest,74.0,63.33
Gujarat,Co 99004,600.0,Black Soil,7.72,71.0,1337.6,26.7,67.8,Planting,63.33,66.67
Gujarat,Co 99004,400.0,Black Soil,7.31,53.3,1193.3,35.9,61.5,Germination,66.67,70.0
Gujarat,Co 99004,200.0,Black Soil,7.38,72.6,1482.1,36.0,75.0,Tillering,70.0,85.0
Gujarat,Co 99004,100.0,Black Soil,8.19,51.4,1023.4,27.8,63.5,Grand Growth,85.0,70.0
Gujarat,Co 99004,95200.0,Black Soil,6.96,55.3,991.7,29.0,68.1,Maturity,76.72,72.35
Gujarat,Co 99004,113300.0,Black Soil,6.96,70.9,1283.4,31.7,65.2,Harvest,72.35,73.49
Gujarat,Co 99004,120400.0,Black Soil,7.32,61.2,1249.8,30.1,63.0,Planting,73.49,72.68
Gujarat,Co 99004,119000.0,Black Soil,7.29,57.1,1204.4,29.8,80.6,Germination,72.68,74.68
Gujarat,Co 99004,113600.0,Black Soil,6.83,55.5,1074.8,32.3,66.3,Tillering,74.68,75.01
Gujarat,Co 99004,118300.0,Black Soil,7.47,38.9,1110.9,31.1,62.7,Grand Growth,75.01,70.19
Gujarat,Co 99004,102700.0,Black Soil,6.76,66.4,1305.2,28.5,79.0,Maturity,70.19,75.14
Gujarat,Co 99004,116500.0,Black Soil,7.39,52.1,939.2,26.1,65.0,Harvest,75.14,77.86
Gujarat,Co 99004,130600.0,Black Soil,7.46,50.5,960.3,32.5,57.5,Planting,77.86,90.0
Gujarat,Co 99004,119600.0,Black Soil,7.68,76.0,1656.3,29.8,83.2,Germination,90.0,76.48
Gujarat,Co 99004,125900.0,Black Soil,7.35,52.0,1094.2,24.2,67.0,Tillering,76.48,71.64
Gujarat,Co 99004,112400.0,Black Soil,7.46,67.7,1161.8,34.6,67.0,Grand Growth,71.64,70.94
Gujarat,Co 99004,101400.0,Black Soil,7.32,56.3,1063.3,31.3,62.1,Maturity,70.94,69.1
Gujarat,Co 99004,98900.0,Clay Loam,6.74,57.2,1211.4,29.2,73.0,Harvest,69.1,74.93
Gujarat,Co 99004,105900.0,Black Soil,7.24,60.9,1307.4,25.4,76.5,Planting,74.93,65.55
Gujarat,Co 99004,84400.0,Black Soil,7.54,60.6,1421.3,25.9,72.6,Germination,65.55,7.24
Gujarat,Co 99004,400.0,Red Loam,6.42,53.4,1305.6,30.1,77.2,Germination,72.36,80.0
Gujarat,Co 99004,600.0,Black Soil,7.53,72.4,1327.9,28.2,69.5,Tillering,80.0,70.0
Gujarat,Co 99004,600.0,Black Soil,7.39,50.3,992.5,34.5,54.1,Grand Growth,70.0,70.0
Gujarat,Co 99004,400.0,Black Soil,7.18,58.2,1166.7,30.7,57.6,Maturity,70.0,72.5
Gujarat,Co 99004,100.0,Black Soil,7.81,47.9,1045.9,32.6,59.2,Harvest,72.5,50.0
Gujarat,Co 99004,400.0,Black Soil,7.4,44.3,1057.2,32.2,67.7,Planting,50.0,65.0
Gujarat,Co 99004,500.0,Black Soil,7.4,68.5,1261.6,28.5,71.4,Germination,65.0,70.0
Gujarat,Co 99004,100.0,Black Soil,7.6,46.4,1181.1,20.2,70.7,Tillering,70.0,50.0
Gujarat,Co 99004,300.0,Black Soil,7.89,32.3,996.2,25.4,69.4,Grand Growth,50.0,70.0
Gujarat,Co 99004,300.0,Black Soil,7.53,66.2,1470.9,33.4,72.3,Maturity,70.0,73.33
Gujarat,Co 99004,100.0,Black Soil,7.02,85.0,1639.0,31.6,73.0,Harvest,73.33,60.0
Gujarat,Co 99004,100.0,Black Soil,7.76,57.3,1137.0,26.7,75.3,Planting,60.0,70.0
Gujarat,Co 99004,100.0,Black Soil,6.94,59.1,1081.5,26.2,69.1,Germination,70.0,70.0
Gujarat,Co 99004,100.0,Black Soil,7.74,71.7,1192.8,26.2,69.3,Tillering,70.0,60.0
Gujarat,Co 99004,19500.0,Black Soil,7.89,72.4,1301.1,29.8,65.8,Germination,66.04,72.82
Gujarat,Co 99004,15800.0,Black Soil,7.22,63.5,1273.8,34.1,61.5,Tillering,72.82,71.01
Gujarat,Co 99004,10100.0,Black Soil,7.81,73.8,1511.3,33.2,70.0,Grand Growth,71.01,51.09
Gujarat,Co 99004,18100.0,Black Soil,7.07,67.6,1305.1,28.3,83.9,Maturity,51.09,44.36
Gujarat,Co 99004,22400.0,Black Soil,7.05,57.5,1227.0,27.2,78.1,Harvest,44.36,7.47
Gujarat,Co 99004,1400.0,Black Soil,7.58,71.0,1467.0,30.8,79.4,Planting,80.22,74.29
Gujarat,Co 99004,3100.0,Alluvial Soil,7.02,51.7,1372.5,35.5,56.1,Germination,74.29,68.06
Gujarat,Co 99004,2100.0,Black Soil,7.33,66.1,1325.1,37.5,63.5,Tillering,68.06,69.05
Gujarat,Co 99004,1000.0,Black Soil,7.25,70.7,1480.6,26.1,74.9,Grand Growth,69.05,76.0
Gujarat,Co 99004,1200.0,Black Soil,7.13,85.0,1547.6,30.8,77.4,Maturity,76.0,71.67
Gujarat,Co 99004,1800.0,Black Soil,6.52,54.6,1080.9,28.0,69.1,Harvest,71.67,71.11
Gujarat,Co 99004,2700.0,Clay Loam,6.85,50.0,1094.9,29.7,66.7,Planting,71.11,71.85
Gujarat,Co 99004,2300.0,Black Soil,7.4,54.0,1188.4,26.6,67.5,Germination,71.85,73.04
Gujarat,Co 99004,2400.0,Black Soil,7.11,68.7,1403.1,24.1,75.2,Tillering,73.04,64.58
Gujarat,Co 99004,3200.0,Black Soil,7.77,59.9,1309.8,29.0,69.1,Grand Growth,64.58,69.69
Gujarat,Co 99004,3900.0,Red Loam,6.1,58.6,1530.4,25.9,76.6,Maturity,69.69,71.54
Gujarat,Co 99004,6600.0,Black Soil,7.3,70.4,1481.6,31.1,79.6,Harvest,71.54,69.85
Gujarat,Co 99004,5600.0,Black Soil,7.7,31.0,765.4,28.8,62.3,Planting,69.85,72.14
Gujarat,Co 99004,7700.0,Black Soil,7.24,52.4,977.5,33.3,66.2,Germination,72.14,61.04
Gujarat,Co 99004,7000.0,Black Soil,7.37,85.0,1757.3,25.0,81.8,Tillering,61.04,45.29
Gujarat,Co 99004,7400.0,Sandy Loam,7.45,37.7,1061.7,24.5,70.0,Grand Growth,45.29,6.11
Gujarat,Co 99004,38600.0,Black Soil,7.59,76.9,1359.9,31.6,69.2,Grand Growth,72.41,68.29
Gujarat,Co 99004,41500.0,Black Soil,7.43,63.8,1432.5,24.6,73.4,Maturity,68.29,60.39
Gujarat,Co 99004,33700.0,Red Loam,6.55,41.2,1357.8,28.4,66.4,Harvest,60.39,56.91
Gujarat,Co 99004,26900.0,Clay Loam,6.93,61.9,1231.4,30.0,65.5,Planting,56.91,58.48
Gujarat,Co 99004,24000.0,Black Soil,7.26,57.1,1223.4,33.4,67.0,Germination,58.48,57.92
Gujarat,Co 99004,39300.0,Black Soil,7.12,63.0,1214.9,28.7,65.6,Tillering,57.92,69.54
Gujarat,Co 99004,11200.0,Black Soil,8.18,59.7,1126.9,28.4,66.4,Grand Growth,69.54,56.96
Gujarat,Co 99004,14000.0,Black Soil,7.94,62.6,1237.9,31.1,63.9,Maturity,56.96,59.64
Gujarat,Co 99004,15900.0,Alluvial Soil,7.59,65.6,1489.6,24.1,79.1,Harvest,59.64,65.66
Gujarat,Co 99004,16200.0,Black Soil,7.5,84.0,1320.4,29.1,67.4,Planting,65.66,69.57
Gujarat,Co 99004,9900.0,Black Soil,7.72,58.2,1198.8,31.8,65.7,Germination,69.57,66.36
Gujarat,Co 99004,9600.0,Black Soil,6.85,63.6,1109.9,30.2,64.4,Tillering,66.36,67.71
Gujarat,Co 99004,8600.0,Black Soil,6.88,83.0,1428.6,28.8,62.3,Grand Growth,67.71,71.51
Gujarat,Co 99004,8800.0,Black Soil,7.37,63.9,1190.1,23.2,68.7,Maturity,71.51,67.95
Gujarat,Co 99004,7600.0,Black Soil,7.59,60.5,1323.5,31.0,75.1,Harvest,67.95,70.0
Gujarat,Co 99004,8600.0,Black Soil,7.46,70.3,1571.6,32.6,64.8,Planting,70.0,7.62
Haryana,CoC 671,12000.0,Alluvial Soil,7.27,68.6,1658.6,23.8,85.1,Planting,47.32,48.33
Haryana,CoC 671,14296.0,Alluvial Soil,6.94,33.3,982.6,32.0,65.3,Germination,48.33,48.96
Haryana,CoC 671,15007.0,Alluvial Soil,6.45,53.2,1032.9,25.7,69.9,Tillering,48.96,59.97
Haryana,CoC 671,15726.0,Alluvial Soil,7.29,35.5,1184.2,31.7,62.4,Grand Growth,59.97,58.5
Haryana,CoC 671,17294.0,Black Soil,7.25,51.4,1263.9,28.6,62.9,Maturity,58.5,57.25
Haryana,CoC 671,17437.0,Alluvial Soil,7.21,42.5,1216.9,31.2,61.5,Harvest,57.25,60.79
Haryana,CoC 671,14517.0,Alluvial Soil,7.34,43.3,1359.3,31.5,70.6,Planting,60.79,61.31
Haryana,CoC 671,12669.0,Alluvial Soil,7.08,39.9,927.3,30.1,63.3,Germination,61.31,64.72
Haryana,CoC 671,13214.0,Alluvial Soil,7.15,54.2,1318.8,29.7,67.6,Tillering,64.72,64.33
Haryana,CoC 671,14345.0,Alluvial Soil,7.63,66.1,1439.9,25.6,77.5,Grand Growth,64.33,63.44
Haryana,CoC 671,15219.0,Alluvial Soil,7.59,51.9,1363.6,25.5,69.8,Maturity,63.44,67.68
Haryana,CoC 671,11101.0,Alluvial Soil,7.06,34.7,798.2,34.3,51.0,Harvest,67.68,55.49
Haryana,CoC 671,9639.0,Red Loam,6.58,43.0,1131.9,28.4,70.6,Planting,55.49,74.07
Haryana,CoC 671,9608.0,Alluvial Soil,7.32,49.7,1223.4,27.7,60.1,Germination,74.07,6.97
Haryana,CoC 671,9637.0,Alluvial Soil,6.81,52.3,1045.3,26.1,60.3,Tillering,45.0,7.47
Haryana,CoC 671,10110.0,Alluvial Soil,7.16,75.3,1519.5,29.4,69.6,Grand Growth,80.47,78.83
Haryana,CoC 671,1000.0,Alluvial Soil,6.53,67.3,1829.2,29.7,83.0,Grand Growth,47.05,50.0
Haryana,CoC 671,1434.0,Alluvial Soil,7.07,54.6,1317.7,32.9,58.8,Maturity,50.0,69.74
Haryana,CoC 671,837.0,Alluvial Soil,7.37,51.1,1171.7,33.2,54.9,Harvest,69.74,59.74
Haryana,CoC 671,1069.0,Alluvial Soil,6.7,55.3,1344.1,33.0,60.6,Planting,59.74,46.77
Haryana,CoC 671,1553.0,Alluvial Soil,7.41,55.1,1411.1,33.3,71.3,Germination,46.77,32.2
Haryana,CoC 671,2949.0,Alluvial Soil,7.23,40.6,1070.6,30.4,69.0,Tillering,32.2,50.86
Haryana,CoC 671,2581.0,Alluvial Soil,7.14,52.3,1304.5,29.0,61.4,Grand Growth,50.86,61.99
Haryana,CoC 671,1425.0,Sandy Loam,6.79,46.4,1189.6,30.7,62.3,Maturity,61.99,35.09
Haryana,CoC 671,1668.0,Alluvial Soil,6.67,43.0,1029.0,29.9,62.7,Harvest,35.09,71.94
Haryana,CoC 671,1752.0,Alluvial Soil,6.16,45.5,1424.6,31.1,76.6,Planting,71.94,59.36
Haryana,CoC 671,1859.0,Alluvial Soil,6.9,55.7,1452.4,34.0,70.9,Germination,59.36,64.55
Haryana,CoC 671,1217.0,Alluvial Soil,6.94,57.8,1414.1,31.1,70.8,Tillering,64.55,50.12
Haryana,CoC 671,909.0,Alluvial Soil,6.46,54.7,1315.9,25.9,72.4,Grand Growth,50.12,91.31
Haryana,CoC 671,1047.0,Clay Loam,7.17,59.9,1184.0,31.0,65.6,Maturity,91.31,8.6
Haryana,CoC 671,2462.0,Alluvial Soil,7.03,63.9,1534.5,30.9,72.3,Harvest,45.0,6.5
Haryana,CoC 671,2463.0,Alluvial Soil,7.56,43.8,1157.8,25.2,65.4,Planting,55.95,51.97
Haryana,CoC 671,9000.0,Alluvial Soil,7.58,56.7,1412.0,27.5,75.5,Grand Growth,45.0,42.22
Haryana,CoC 671,6093.0,Alluvial Soil,6.64,52.7,1208.9,28.4,61.2,Maturity,42.22,41.03
Haryana,CoC 671,8326.0,Alluvial Soil,7.53,50.1,1216.0,23.7,70.3,Harvest,41.03,49.24
Haryana,CoC 671,7418.0,Alluvial Soil,7.24,46.7,1024.7,33.6,65.1,Planting,49.24,48.53
Haryana,CoC 671,6596.0,Alluvial Soil,6.87,48.4,1359.7,23.3,72.0,Germination,48.53,56.09
Haryana,CoC 671,7753.0,Red Loam,6.61,46.1,1502.6,30.6,64.7,Tillering,56.09,51.59
Haryana,CoC 671,7174.0,Alluvial Soil,7.14,39.1,1089.2,29.0,64.9,Grand Growth,51.59,47.39
Haryana,CoC 671,5833.0,Alluvial Soil,7.04,50.6,1396.5,30.1,77.9,Maturity,47.39,49.72
Haryana,CoC 671,5184.0,Clay Loam,7.15,66.3,1139.8,30.2,74.0,Harvest,49.72,46.3
Haryana,CoC 671,5425.0,Alluvial Soil,6.85,37.1,787.5,32.8,56.6,Planting,46.3,49.22
Haryana,CoC 671,4820.0,Alluvial Soil,7.19,69.5,1402.2,28.6,74.9,Germination,49.22,60.17
Haryana,CoC 671,906.0,Alluvial Soil,7.55,41.1,1145.1,33.2,62.7,Tillering,60.17,59.6
Haryana,CoC 671,801.0,Alluvial Soil,6.81,64.2,1671.4,26.6,69.4,Grand Growth,59.6,67.42
Haryana,CoC 671,809.0,Alluvial Soil,6.76,43.5,1291.9,23.5,74.6,Maturity,67.42,6.18
Haryana,CoC 671,579.0,Sandy Loam,6.5,52.3,1338.1,27.0,72.9,Harvest,45.0,13.82
Haryana,CoC 671,668.0,Alluvial Soil,6.83,61.6,1376.2,34.3,71.1,Planting,111.73,110.78
Haryana,CoC 671,2000.0,Alluvial Soil,6.94,62.4,1702.0,34.4,70.7,Maturity,48.09,50.0
Haryana,CoC 671,1258.0,Alluvial Soil,7.07,73.5,1603.2,29.0,75.1,Harvest,50.0,47.69
Haryana,CoC 671,1729.0,Alluvial Soil,6.98,41.0,1106.7,29.7,58.2,Planting,47.69,75.19
Haryana,CoC 671,2090.0,Black Soil,7.77,61.9,1258.5,26.9,67.9,Germination,75.19,57.42
Haryana,CoC 671,3036.0,Alluvial Soil,7.3,46.9,1207.6,31.4,60.5,Tillering,57.42,59.29
Haryana,CoC 671,3774.0,Alluvial Soil,7.27,56.3,1374.4,29.0,73.4,Grand Growth,59.29,55.64
Haryana,CoC 671,2028.0,Alluvial Soil,7.66,38.3,1056.8,34.0,56.8,Maturity,55.64,49.31
Haryana,CoC 671,874.0,Alluvial Soil,6.91,65.5,1509.5,27.4,66.9,Harvest,49.31,91.53
Haryana,CoC 671,644.0,Alluvial Soil,7.72,43.4,1118.7,23.1,59.9,Planting,91.53,100.93
Haryana,CoC 671,1433.0,Alluvial Soil,7.16,70.0,1486.3,32.0,72.8,Germination,100.93,55.83
Haryana,CoC 671,845.0,Alluvial Soil,7.03,44.2,1102.1,25.8,57.6,Tillering,55.83,86.39
Haryana,CoC 671,1000.0,Alluvial Soil,6.86,40.2,1172.7,28.5,63.4,Planting,52.99,50.0
Haryana,CoC 671,306.0,Alluvial Soil,7.21,66.2,1641.4,30.0,71.8,Germination,50.0,163.4
Haryana,CoC 671,4000.0,Alluvial Soil,7.3,51.2,1301.1,32.7,70.0,Harvest,55.7,52.5
Haryana,CoC 671,3564.0,Alluvial Soil,6.96,62.8,1557.5,33.3,68.0,Planting,52.5,53.31
Haryana,CoC 671,4526.0,Alluvial Soil,7.01,73.0,1688.8,28.6,78.6,Germination,53.31,50.82
Haryana,CoC 671,4946.0,Alluvial Soil,6.98,34.1,1008.3,29.6,67.5,Tillering,50.82,52.57
Haryana,CoC 671,6176.0,Alluvial Soil,6.96,66.5,1514.0,27.6,78.8,Grand Growth,52.57,50.19
Haryana,CoC 671,6635.0,Alluvial Soil,7.03,51.7,1212.3,29.3,59.0,Maturity,50.19,57.27
Haryana,CoC 671,5881.0,Alluvial Soil,6.46,50.7,1206.8,31.8,65.5,Harvest,57.27,54.41
Haryana,CoC 671,2536.0,Black Soil,7.57,80.8,1478.6,31.9,70.3,Planting,54.41,35.49
Haryana,CoC 671,2561.0,Alluvial Soil,7.02,41.2,1085.0,28.8,65.6,Germination,35.49,62.48
Haryana,CoC 671,3246.0,Alluvial Soil,7.43,47.6,1304.4,32.3,60.2,Tillering,62.48,56.99
Haryana,CoC 671,2669.0,Sandy Loam,7.24,30.0,1011.0,24.9,57.8,Grand Growth,56.99,63.69
Haryana,CoC 671,1341.0,Alluvial Soil,7.42,55.2,1212.9,30.2,62.9,Maturity,63.69,37.29
Haryana,CoC 671,757.0,Alluvial Soil,7.2,42.0,1143.9,29.1,62.1,Harvest,37.29,72.66
Haryana,CoC 671,1120.0,Alluvial Soil,7.26,53.2,1236.9,29.3,68.2,Planting,72.66,6.25
Haryana,CoC 671,1193.0,Alluvial Soil,7.11,61.9,1318.7,25.5,77.1,Germination,45.0,5.87
Haryana,CoC 671,1035.0,Alluvial Soil,6.59,67.9,1775.5,34.1,66.3,Tillering,58.98,57.97
Haryana,CoC 671,4000.0,Alluvial Soil,7.57,54.8,1274.0,31.1,64.2,Tillering,45.0,37.5
Haryana,CoC 671,3186.0,Alluvial Soil,6.96,46.2,1247.8,26.0,77.9,Grand Growth,37.5,53.36
Haryana,CoC 671,1835.0,Red Loam,6.8,57.9,1572.2,33.8,75.2,Maturity,53.36,43.6
Haryana,CoC 671,2005.0,Alluvial Soil,6.75,45.2,1156.6,30.8,63.6,Harvest,43.6,44.89
Haryana,CoC 671,2577.0,Alluvial Soil,7.23,65.0,1393.4,28.0,64.2,Planting,44.89,58.21
Haryana,CoC 671,3379.0,Alluvial Soil,7.11,53.1,1254.4,32.4,63.3,Germination,58.21,44.39
Haryana,CoC 671,2772.0,Alluvial Soil,6.97,35.2,907.1,25.2,68.7,Tillering,44.39,54.11
Haryana,CoC 671,2373.0,Alluvial Soil,6.97,57.1,1278.6,26.1,72.2,Grand Growth,54.11,37.93
Haryana,CoC 671,1857.0,Alluvial Soil,7.62,45.4,1358.8,32.4,74.3,Maturity,37.93,64.62
Haryana,CoC 671,2559.0,Alluvial Soil,7.66,51.3,1487.2,29.2,71.1,Harvest,64.62,75.03
Haryana,CoC 671,2474.0,Alluvial Soil,6.74,49.5,1165.4,25.2,61.6,Planting,75.03,72.76
Haryana,CoC 671,1416.0,Alluvial Soil,6.93,37.2,1151.2,28.2,67.7,Germination,72.76,31.07
Haryana,CoC 671,791.0,Alluvial Soil,7.31,39.2,1079.4,31.1,63.5,Tillering,31.07,88.5
Haryana,CoC 671,1973.0,Alluvial Soil,7.68,44.6,1123.6,32.3,67.3,Grand Growth,88.5,7.1
Haryana,CoC 671,2750.0,Alluvial Soil,7.08,46.1,1123.8,31.5,68.5,Maturity,45.0,7.64
Haryana,CoC 671,2970.0,Alluvial Soil,7.35,50.5,1206.4,29.9,71.8,Harvest,65.64,64.31
Haryana,CoC 671,9000.0,Red Loam,6.71,41.9,1177.0,30.5,68.8,Harvest,50.89,51.11
Haryana,CoC 671,5090.0,Alluvial Soil,7.15,58.7,1395.3,31.9,67.0,Planting,51.11,51.08
Haryana,CoC 671,6171.0,Alluvial Soil,7.11,56.1,1212.6,24.2,65.1,Germination,51.08,50.23
Haryana,CoC 671,7074.0,Black Soil,7.55,57.5,1176.0,31.3,60.8,Tillering,50.23,53.72
Haryana,CoC 671,8802.0,Alluvial Soil,7.7,39.4,1072.9,24.1,73.6,Grand Growth,53.72,56.81
Haryana,CoC 671,11913.0,Alluvial Soil,7.07,43.5,1196.8,24.4,83.4,Maturity,56.81,51.2
Haryana,CoC 671,9347.0,Alluvial Soil,7.42,65.2,1527.7,26.6,73.9,Harvest,51.2,56.7
Haryana,CoC 671,5708.0,Clay Loam,6.87,35.7,669.0,26.8,54.2,Planting,56.7,64.82
Haryana,CoC 671,3608.0,Alluvial Soil,7.13,38.8,1119.4,32.1,60.3,Germination,64.82,74.83
Haryana,CoC 671,5081.0,Alluvial Soil,7.45,50.2,1312.5,28.0,60.0,Tillering,74.83,87.58
Haryana,CoC 671,5327.0,Alluvial Soil,7.29,64.7,1647.2,25.7,73.7,Grand Growth,87.58,60.07
Haryana,CoC 671,2088.0,Alluvial Soil,7.51,39.8,1053.5,29.4,63.3,Maturity,60.07,55.56
Haryana,CoC 671,1201.0,Clay Loam,6.59,54.1,1153.4,28.6,63.6,Harvest,55.56,51.62
Haryana,CoC 671,2064.0,Alluvial Soil,7.38,36.1,1042.4,33.9,64.0,Planting,51.62,6.78
Haryana,CoC 671,2949.0,Sandy Loam,7.21,47.5,1221.6,28.6,65.8,Germination,45.0,7.46
Haryana,CoC 671,3387.0,Alluvial Soil,7.17,48.0,1015.8,30.7,63.1,Tillering,61.32,57.57
Haryana,CoC 671,5000.0,Alluvial Soil,6.89,45.6,1154.3,29.5,65.8,Tillering,50.3,50.0
Haryana,CoC 671,3903.0,Alluvial Soil,6.84,54.5,1364.2,27.5,72.6,Grand Growth,50.0,51.24
Haryana,CoC 671,4144.0,Alluvial Soil,6.91,57.6,1300.6,32.0,63.8,Maturity,51.24,53.09
Haryana,CoC 671,4683.0,Alluvial Soil,7.12,47.6,1217.5,32.9,69.6,Harvest,53.09,61.93
Haryana,CoC 671,5177.0,Alluvial Soil,7.26,35.6,975.1,34.1,52.3,Planting,61.93,56.02
Haryana,CoC 671,4785.0,Alluvial Soil,7.07,30.0,882.3,36.2,59.3,Germination,56.02,58.52
Haryana,CoC 671,3418.0,Alluvial Soil,7.18,68.6,1600.0,29.9,78.3,Tillering,58.52,46.81
Haryana,CoC 671,2315.0,Alluvial Soil,6.97,53.1,1364.9,25.5,76.7,Grand Growth,46.81,51.84
Haryana,CoC 671,2268.0,Alluvial Soil,6.96,50.7,1309.1,30.2,68.3,Maturity,51.84,44.09
Haryana,CoC 671,2507.0,Alluvial Soil,7.22,66.4,1508.8,25.2,78.1,Harvest,44.09,52.25
Haryana,CoC 671,3384.0,Alluvial Soil,7.02,73.8,1541.0,30.1,66.9,Planting,52.25,56.15
Haryana,CoC 671,1743.0,Alluvial Soil,7.4,47.8,1042.7,34.8,72.2,Germination,56.15,81.47
Haryana,CoC 671,2926.0,Sandy Loam,6.36,47.3,1190.9,29.2,69.8,Tillering,81.47,76.9
Haryana,CoC 671,1981.0,Alluvial Soil,7.17,65.0,1656.5,33.3,71.2,Grand Growth,76.9,7.57
Haryana,CoC 671,2617.0,Alluvial Soil,7.7,58.1,1509.4,24.0,76.5,Maturity,45.0,6.11
Haryana,CoC 671,3511.0,Alluvial Soil,6.98,50.2,1147.5,28.1,69.0,Harvest,101.26,99.4
Haryana,CoC 671,10000.0,Alluvial Soil,6.91,55.8,1462.2,30.9,73.5,Harvest,58.81,63.0
Haryana,CoC 671,9137.0,Alluvial Soil,6.58,37.5,1039.2,32.4,63.1,Planting,63.0,51.44
Haryana,CoC 671,9137.0,Alluvial Soil,7.3,59.7,1414.1,27.5,61.2,Germination,51.44,60.19
Haryana,CoC 671,9611.0,Alluvial Soil,7.12,44.8,1209.6,30.6,78.2,Tillering,60.19,64.51
Haryana,CoC 671,11670.0,Alluvial Soil,6.93,51.3,1176.1,28.5,63.4,Grand Growth,64.51,65.12
Haryana,CoC 671,13535.0,Alluvial Soil,7.52,55.1,1317.8,32.9,67.8,Maturity,65.12,64.28
Haryana,CoC 671,11343.0,Alluvial Soil,7.75,44.5,1166.2,28.3,64.5,Harvest,64.28,63.48
Haryana,CoC 671,10632.0,Alluvial Soil,6.28,54.9,1455.2,34.9,67.5,Planting,63.48,69.6
Haryana,CoC 671,11976.0,Alluvial Soil,7.54,45.2,940.0,24.6,67.1,Germination,69.6,68.47
Haryana,CoC 671,12364.0,Sandy Loam,6.17,30.0,872.5,28.2,68.9,Tillering,68.47,70.37
Haryana,CoC 671,12329.0,Alluvial Soil,7.01,40.9,969.4,30.5,51.0,Grand Growth,70.37,67.32
Haryana,CoC 671,9611.0,Alluvial Soil,7.5,71.4,1790.3,30.9,81.8,Maturity,67.32,66.38
Haryana,CoC 671,8000.0,Black Soil,7.68,64.2,1241.4,29.5,70.4,Harvest,66.38,79.62
Haryana,CoC 671,11587.0,Black Soil,7.04,33.7,848.3,32.7,63.3,Planting,79.62,7.85
Haryana,CoC 671,10732.0,Alluvial Soil,6.84,67.4,1698.8,35.9,71.0,Germination,45.0,8.2
Haryana,CoC 671,10609.0,Alluvial Soil,6.89,59.3,1235.0,25.0,69.6,Tillering,78.03,81.25
Haryana,CoC 671,14000.0,Alluvial Soil,6.59,52.9,1332.3,30.3,69.2,Tillering,54.18,55.0
Haryana,CoC 671,12260.0,Sandy Loam,6.68,70.1,1497.2,31.7,71.6,Grand Growth,55.0,64.44
Haryana,CoC 671,17256.0,Alluvial Soil,6.6,67.3,1438.7,33.8,81.0,Maturity,64.44,64.33
Haryana,CoC 671,15945.0,Alluvial Soil,6.95,43.3,1119.8,33.6,63.4,Harvest,64.33,65.22
Haryana,CoC 671,17981.0,Alluvial Soil,6.8,71.7,1518.3,34.2,66.4,Planting,65.22,65.62
Haryana,CoC 671,18218.0,Alluvial Soil,7.39,45.1,1312.5,29.5,66.9,Germination,65.62,66.42
Haryana,CoC 671,14847.0,Alluvial Soil,7.33,57.5,1417.9,28.0,70.1,Tillering,66.42,68.7
Haryana,CoC 671,11792.0,Alluvial Soil,7.03,48.9,1246.0,30.4,69.9,Grand Growth,68.7,77.17
Haryana,CoC 671,13450.0,Alluvial Soil,6.85,42.2,1294.9,31.3,67.0,Maturity,77.17,73.61
Haryana,CoC 671,15187.0,Alluvial Soil,7.4,48.7,1195.9,30.9,69.4,Harvest,73.61,68.08
Haryana,CoC 671,16038.0,Alluvial Soil,7.33,71.0,1577.0,25.9,81.4,Planting,68.08,69.21
Haryana,CoC 671,11332.0,Alluvial Soil,6.76,39.0,967.4,28.4,66.6,Germination,69.21,60.71
Haryana,CoC 671,13833.0,Alluvial Soil,6.7,57.1,1334.9,31.5,71.5,Tillering,60.71,75.04
Haryana,CoC 671,8451.0,Alluvial Soil,6.73,54.3,1449.5,31.2,78.5,Grand Growth,75.04,7.45
Haryana,CoC 671,9928.0,Alluvial Soil,7.08,53.9,1285.2,26.8,71.5,Maturity,45.0,7.76
Haryana,CoC 671,9301.0,Alluvial Soil,6.65,56.2,1165.2,21.7,70.1,Harvest,83.94,80.64
Haryana,CoC 671,671.0,Alluvial Soil,6.86,42.5,994.6,29.5,60.1,Harvest,72.71,74.52
Haryana,CoC 671,811.0,Alluvial Soil,6.99,60.6,1269.7,31.4,72.1,Planting,74.52,56.72
Haryana,CoC 671,849.0,Alluvial Soil,6.99,50.9,1298.6,30.6,59.9,Germination,56.72,70.67
Haryana,CoC 671,710.0,Alluvial Soil,7.09,54.4,1329.4,31.9,70.8,Tillering,70.67,9.86
Haryana,CoC 671,836.0,Alluvial Soil,6.92,55.9,1333.9,33.7,58.2,Grand Growth,85.77,86.12
Haryana,CoC 671,3622.0,Alluvial Soil,6.6,51.4,1335.2,23.5,69.8,Tillering,69.56,69.3
Haryana,CoC 671,2218.0,Alluvial Soil,6.6,57.8,1353.3,24.7,63.8,Grand Growth,69.3,48.69
Haryana,CoC 671,2129.0,Alluvial Soil,7.32,70.3,1653.4,30.9,74.3,Maturity,48.69,5.64
Haryana,CoC 671,2095.0,Alluvial Soil,6.6,71.3,1694.5,32.3,87.2,Harvest,45.0,5.25
Haryana,CoC 671,2978.0,Alluvial Soil,7.38,39.7,1189.0,29.4,61.9,Planting,50.36,52.05
Haryana,CoC 671,1000.0,Sandy Loam,6.95,61.6,1496.6,29.1,72.9,Germination,45.0,40.0
Haryana,CoC 671,868.0,Alluvial Soil,7.1,50.8,1314.9,30.8,64.3,Tillering,40.0,69.12
Haryana,CoC 671,981.0,Alluvial Soil,6.35,37.2,1021.3,26.8,63.2,Grand Growth,69.12,50.97
Haryana,CoC 671,830.0,Alluvial Soil,7.39,53.1,1149.8,28.4,77.9,Maturity,50.97,72.29
Haryana,CoC 671,1106.0,Alluvial Soil,6.75,53.0,1473.0,33.4,63.7,Harvest,72.29,54.25
Haryana,CoC 671,1197.0,Alluvial Soil,6.92,48.5,1155.2,28.7,68.3,Planting,54.25,50.13
Haryana,CoC 671,909.0,Alluvial Soil,7.12,53.1,1217.4,28.0,61.7,Germination,50.13,66.01
Haryana,CoC 671,847.0,Alluvial Soil,7.27,55.5,1061.3,28.3,68.5,Tillering,66.01,70.84
Haryana,CoC 671,1139.0,Alluvial Soil,7.22,52.4,1346.8,25.7,78.8,Grand Growth,70.84,52.68
Haryana,CoC 671,736.0,Black Soil,7.69,53.0,1040.3,25.1,71.2,Maturity,52.68,92.39
Haryana,CoC 671,660.0,Alluvial Soil,7.39,43.4,1231.2,30.8,66.0,Harvest,92.39,45.45
Haryana,CoC 671,413.0,Alluvial Soil,6.88,57.9,1222.9,30.6,57.0,Planting,45.45,106.54
Haryana,CoC 671,519.0,Alluvial Soil,7.15,47.6,946.8,30.5,66.7,Germination,106.54,113.68
Haryana,CoC 671,5000.0,Alluvial Soil,7.52,51.3,1541.6,28.3,71.5,Tillering,52.4,58.0
Haryana,CoC 671,4278.0,Alluvial Soil,7.33,36.5,692.3,32.6,51.0,Grand Growth,58.0,51.43
Haryana,CoC 671,4360.0,Alluvial Soil,7.22,39.9,1110.9,33.9,72.4,Maturity,51.43,75.69
Haryana,CoC 671,4849.0,Alluvial Soil,7.31,55.7,1314.1,31.2,66.7,Harvest,75.69,65.99
Haryana,CoC 671,6281.0,Alluvial Soil,6.84,33.3,816.4,29.3,55.3,Planting,65.99,62.09
Haryana,CoC 671,7349.0,Alluvial Soil,7.15,44.1,1054.3,28.8,61.7,Germination,62.09,51.71
Haryana,CoC 671,7821.0,Alluvial Soil,6.91,59.6,1697.5,30.8,73.8,Tillering,51.71,61.37
Haryana,CoC 671,6527.0,Alluvial Soil,7.17,53.4,1085.4,23.8,68.2,Grand Growth,61.37,68.94
Haryana,CoC 671,6372.0,Alluvial Soil,7.06,54.3,1149.0,36.3,53.6,Maturity,68.94,62.77
Haryana,CoC 671,7820.0,Alluvial Soil,7.28,30.0,739.4,31.6,60.0,Harvest,62.77,77.37
Haryana,CoC 671,7848.0,Alluvial Soil,7.23,53.9,1310.6,28.0,76.2,Planting,77.37,70.08
Haryana,CoC 671,3423.0,Alluvial Soil,7.21,53.2,1391.9,32.4,78.5,Germination,70.08,59.01
Haryana,CoC 671,3960.0,Alluvial Soil,7.59,51.7,1244.2,27.7,65.1,Tillering,59.01,78.54
Haryana,CoC 671,5827.0,Alluvial Soil,7.3,32.0,840.4,27.9,61.3,Grand Growth,78.54,7.89
Haryana,CoC 671,6820.0,Alluvial Soil,6.99,60.1,1468.7,26.3,74.8,Maturity,45.0,8.5
Haryana,CoC 671,7067.0,Alluvial Soil,6.93,48.9,1305.6,31.4,65.8,Harvest,83.18,91.55
Haryana,CoC 671,12000.0,Alluvial Soil,7.14,31.9,886.6,29.6,70.3,Harvest,48.48,45.83
Haryana,CoC 671,12296.0,Alluvial Soil,7.33,54.4,1263.6,29.3,62.1,Planting,45.83,52.86
Haryana,CoC 671,12769.0,Alluvial Soil,6.7,65.2,1466.1,28.5,78.0,Germination,52.86,42.29
Haryana,CoC 671,13531.0,Alluvial Soil,6.97,43.8,1178.0,32.6,64.6,Tillering,42.29,50.25
Haryana,CoC 671,15224.0,Alluvial Soil,6.69,57.8,1555.5,31.6,75.0,Grand Growth,50.25,53.86
Haryana,CoC 671,19848.0,Alluvial Soil,7.11,49.7,1308.9,27.3,71.8,Maturity,53.86,48.87
Haryana,CoC 671,18112.0,Alluvial Soil,6.98,57.0,1467.4,26.6,74.2,Harvest,48.87,54.11
Haryana,CoC 671,15241.0,Alluvial Soil,7.28,46.2,1116.3,29.0,74.7,Planting,54.11,41.34
Haryana,CoC 671,11877.0,Alluvial Soil,6.94,59.7,1485.0,25.0,69.4,Germination,41.34,52.2
Haryana,CoC 671,12691.0,Red Loam,6.54,44.0,1202.3,28.7,68.3,Tillering,52.2,66.03
Haryana,CoC 671,12341.0,Black Soil,7.44,69.1,1349.2,30.2,71.4,Grand Growth,66.03,68.88
Haryana,CoC 671,7145.0,Alluvial Soil,6.8,41.4,1096.7,33.0,56.6,Maturity,68.88,53.74
Haryana,CoC 671,4291.0,Alluvial Soil,6.88,56.6,1355.2,24.9,72.6,Harvest,53.74,55.46
Haryana,CoC 671,5961.0,Alluvial Soil,6.98,70.4,1832.3,28.4,76.2,Planting,55.46,6.71
Haryana,CoC 671,7973.0,Alluvial Soil,7.26,57.9,1467.3,31.0,75.1,Germination,45.0,7.02
Haryana,CoC 671,8974.0,Alluvial Soil,7.21,43.2,1021.2,35.4,55.1,Tillering,60.84,60.06
Haryana,CoC 671,705.0,Black Soil,7.95,73.6,1328.4,28.3,78.7,Tillering,89.17,85.11
Haryana,CoC 671,1595.0,Alluvial Soil,6.94,43.3,1128.1,31.8,72.3,Grand Growth,85.11,68.97
Haryana,CoC 671,6146.0,Alluvial Soil,6.99,57.0,1239.4,28.8,73.7,Maturity,68.97,55.32
Haryana,CoC 671,1348.0,Alluvial Soil,7.16,72.0,1677.6,28.8,87.4,Harvest,55.32,44.51
Haryana,CoC 671,11000.0,Alluvial Soil,6.87,30.0,919.9,25.0,63.2,Germination,51.95,52.73
Haryana,CoC 671,8853.0,Alluvial Soil,6.92,54.7,1353.0,32.3,69.2,Tillering,52.73,53.09
Haryana,CoC 671,8128.0,Alluvial Soil,6.8,30.0,1066.7,30.2,65.8,Grand Growth,53.09,54.13
Haryana,CoC 671,8448.0,Sandy Loam,6.79,44.2,1276.5,28.3,62.4,Maturity,54.13,55.63
Haryana,CoC 671,11641.0,Alluvial Soil,7.25,51.0,1060.7,28.1,68.1,Harvest,55.63,52.4
Haryana,CoC 671,18129.0,Alluvial Soil,6.76,68.8,1666.6,24.9,78.0,Planting,52.4,46.89
Haryana,CoC 671,15588.0,Alluvial Soil,7.12,45.3,896.8,30.0,63.5,Germination,46.89,53.25
Haryana,CoC 671,15588.0,Sandy Loam,7.89,32.1,908.3,34.0,60.4,Tillering,53.25,59.66
Haryana,CoC 671,12781.0,Alluvial Soil,7.21,55.7,1420.8,23.4,70.4,Grand Growth,59.66,67.29
Haryana,CoC 671,13056.0,Alluvial Soil,7.56,40.9,1104.1,33.6,64.4,Maturity,67.29,76.36
Haryana,CoC 671,11104.0,Alluvial Soil,7.07,78.8,1822.3,33.7,75.7,Harvest,76.36,68.44
Haryana,CoC 671,5784.0,Alluvial Soil,7.1,31.8,833.3,30.5,63.2,Planting,68.44,68.29
Haryana,CoC 671,3718.0,Alluvial Soil,7.04,43.7,802.9,34.0,58.5,Germination,68.29,81.5
Haryana,CoC 671,5733.0,Alluvial Soil,7.41,42.6,1204.6,24.3,64.8,Tillering,81.5,8.72
Haryana,CoC 671,7876.0,Alluvial Soil,6.93,67.5,1570.0,35.5,72.5,Grand Growth,45.0,8.13
Haryana,CoC 671,9084.0,Alluvial Soil,6.37,57.4,1249.2,27.7,69.6,Maturity,64.46,68.69
Haryana,CoC 671,41000.0,Alluvial Soil,7.11,37.9,1226.0,31.7,62.3,Maturity,58.4,58.78
Haryana,CoC 671,40927.0,Alluvial Soil,7.03,70.8,1556.0,30.0,79.0,Harvest,58.78,57.91
Haryana,CoC 671,40852.0,Alluvial Soil,6.72,40.0,1104.2,29.8,63.0,Planting,57.91,56.06
Haryana,CoC 671,43876.0,Alluvial Soil,6.85,60.9,1445.9,30.4,60.8,Germination,56.06,55.84
Haryana,CoC 671,44289.0,Alluvial Soil,7.02,66.3,1505.5,28.9,64.6,Tillering,55.84,56.45
Haryana,CoC 671,45771.0,Alluvial Soil,7.01,62.2,1416.4,28.2,63.7,Grand Growth,56.45,59.64
Haryana,CoC 671,42476.0,Alluvial Soil,7.52,64.0,1425.8,29.5,67.8,Maturity,59.64,58.39
Haryana,CoC 671,38355.0,Black Soil,7.22,70.2,1282.8,30.9,66.7,Harvest,58.39,67.79
Haryana,CoC 671,39936.0,Alluvial Soil,7.04,53.4,1416.7,28.6,69.2,Planting,67.79,66.36
Haryana,CoC 671,42191.0,Alluvial Soil,7.48,60.0,1285.9,38.1,60.9,Germination,66.36,68.59
Haryana,CoC 671,41874.0,Alluvial Soil,7.25,46.5,1117.3,27.3,67.8,Tillering,68.59,54.45
Haryana,CoC 671,28839.0,Alluvial Soil,7.25,53.8,1157.8,28.0,66.9,Grand Growth,54.45,51.46
Haryana,CoC 671,25373.0,Clay Loam,6.69,73.9,1263.4,30.6,70.4,Maturity,51.46,7.13
Haryana,CoC 671,25391.0,Alluvial Soil,6.92,38.9,1084.7,26.3,60.2,Harvest,45.0,6.73
Haryana,CoC 671,25903.0,Alluvial Soil,7.05,32.5,731.7,34.5,63.2,Planting,45.0,6.64
Haryana,CoC 671,27163.0,Alluvial Soil,7.67,42.3,1037.7,30.3,58.0,Germination,78.48,73.56
Himachal Pradesh,Co 86032,61.0,Alluvial Soil,7.22,53.9,1400.0,31.4,69.8,Germination,45.0,7.97
Himachal Pradesh,Co 86032,51.0,Alluvial Soil,6.93,53.1,1400.0,31.4,73.4,Tillering,45.0,4.78
Himachal Pradesh,Co 86032,54.0,Alluvial Soil,7.37,52.6,1400.0,31.4,73.0,Grand Growth,45.0,5.57
Himachal Pradesh,Co 86032,64.0,Alluvial Soil,6.57,63.2,1400.0,31.4,69.6,Maturity,45.0,1.5
Himachal Pradesh,Co 86032,11.0,Alluvial Soil,7.12,50.4,1400.0,31.4,73.9,Harvest,45.0,8.0
Himachal Pradesh,Co 86032,27.0,Alluvial Soil,7.21,54.9,1400.0,31.4,67.7,Planting,45.0,8.0
Himachal Pradesh,Co 86032,15.0,Alluvial Soil,7.3,54.8,1400.0,31.4,70.5,Germination,45.0,8.0
Himachal Pradesh,Co 86032,6.0,Alluvial Soil,7.18,59.2,1400.0,31.4,71.0,Tillering,45.0,8.0
Himachal Pradesh,Co 86032,6.0,Sandy Loam,6.59,55.9,1400.0,31.4,62.2,Grand Growth,45.0,8.0
Himachal Pradesh,Co 86032,64.0,Alluvial Soil,7.32,49.1,1400.0,31.4,74.1,Harvest,557.41,150.0
Himachal Pradesh,Co 86032,64.0,Sandy Loam,7.43,53.4,1400.0,31.4,66.7,Harvest,45.0,1.3
Himachal Pradesh,Co 86032,47.0,Alluvial Soil,7.69,44.7,1400.0,31.4,61.6,Planting,45.0,0.89
Himachal Pradesh,Co 86032,56.0,Red Loam,6.59,58.6,1400.0,31.4,72.1,Germination,45.0,1.04
Himachal Pradesh,Co 86032,44.0,Alluvial Soil,7.15,61.2,1400.0,31.4,68.5,Tillering,45.0,1.3
Himachal Pradesh,Co 86032,53.0,Alluvial Soil,7.05,57.4,1400.0,31.4,67.2,Grand Growth,45.0,4.79
Himachal Pradesh,Co 86032,45.0,Alluvial Soil,6.76,53.4,1400.0,31.4,76.1,Maturity,45.0,1.38
Himachal Pradesh,Co 86032,34.0,Alluvial Soil,7.31,56.2,1400.0,31.4,71.1,Harvest,45.0,14.44
Himachal Pradesh,Co 86032,44.0,Alluvial Soil,6.73,65.9,1400.0,31.4,69.5,Planting,45.0,10.55
Himachal Pradesh,Co 86032,20.0,Alluvial Soil,6.77,46.4,1400.0,31.4,66.4,Germination,45.0,14.45
Himachal Pradesh,Co 86032,56.0,Alluvial Soil,7.77,61.8,1400.0,31.4,58.3,Tillering,106.33,103.57
Himachal Pradesh,Co 86032,44.0,Alluvial Soil,6.7,60.9,1400.0,31.4,65.6,Grand Growth,103.57,129.55
Himachal Pradesh,Co 86032,45.0,Alluvial Soil,7.15,65.5,1400.0,31.4,76.2,Harvest,479.25,137.78
Himachal Pradesh,Co 86032,64.0,Alluvial Soil,7.71,61.6,1400.0,31.4,71.9,Germination,1212.0,129.69
Himachal Pradesh,Co 86032,47.0,Alluvial Soil,6.86,62.3,1400.0,31.4,61.7,Tillering,129.69,89.36
Himachal Pradesh,Co 86032,471.0,Black Soil,8.13,68.5,1400.0,31.4,69.0,Grand Growth,45.0,1.64
Himachal Pradesh,Co 86032,421.0,Alluvial Soil,6.97,57.7,1400.0,31.4,74.5,Maturity,45.0,1.14
Himachal Pradesh,Co 86032,483.0,Alluvial Soil,6.87,58.1,1400.0,31.4,69.3,Harvest,45.0,1.63
Himachal Pradesh,Co 86032,517.0,Alluvial Soil,7.1,64.6,1400.0,31.4,68.3,Planting,45.0,1.4
Himachal Pradesh,Co 86032,520.0,Clay Loam,6.96,61.9,1400.0,31.4,72.5,Germination,45.0,1.38
Himachal Pradesh,Co 86032,779.0,Alluvial Soil,7.26,53.0,1400.0,31.4,67.2,Tillering,45.0,1.19
Himachal Pradesh,Co 86032,863.0,Alluvial Soil,7.16,63.3,1400.0,31.4,73.2,Grand Growth,45.0,14.45
Himachal Pradesh,Co 86032,706.0,Alluvial Soil,6.65,47.6,1400.0,31.4,65.5,Maturity,45.0,14.27
Himachal Pradesh,Co 86032,340.0,Sandy Loam,6.98,55.5,1400.0,31.4,75.5,Harvest,45.0,14.45
Himachal Pradesh,Co 86032,483.0,Alluvial Soil,7.42,49.9,1400.0,31.4,74.0,Planting,151.24,162.53
Himachal Pradesh,Co 86032,517.0,Alluvial Soil,7.48,56.2,1400.0,31.4,78.1,Germination,162.53,139.65
Himachal Pradesh,Co 86032,520.0,Alluvial Soil,6.72,52.9,1400.0,31.4,64.4,Tillering,139.65,138.08
Himachal Pradesh,Co 86032,779.0,Alluvial Soil,6.85,56.4,1400.0,31.4,67.8,Grand Growth,138.08,118.74
Himachal Pradesh,Co 86032,471.0,Alluvial Soil,6.85,64.3,1400.0,31.4,75.1,Harvest,1503.99,164.33
Himachal Pradesh,Co 86032,421.0,Alluvial Soil,7.38,58.2,1400.0,31.4,68.4,Planting,164.33,113.78
Himachal Pradesh,Co 86032,1.0,Alluvial Soil,7.21,51.0,1400.0,31.4,63.4,Germination,45.0,0.1
Himachal Pradesh,Co 86032,1.0,Alluvial Soil,7.45,55.5,1400.0,31.4,74.8,Tillering,45.0,4.0
Himachal Pradesh,Co 86032,1.0,Alluvial Soil,6.7,60.4,1400.0,31.4,72.4,Grand Growth,45.0,1.0
Himachal Pradesh,Co 86032,1.0,Alluvial Soil,7.12,52.4,1400.0,31.4,64.4,Maturity,45.0,1.0
Himachal Pradesh,Co 86032,1.0,Alluvial Soil,6.77,52.8,1400.0,31.4,65.9,Harvest,45.0,1.0
Himachal Pradesh,Co 86032,1.0,Alluvial Soil,7.02,57.8,1400.0,31.4,75.5,Germination,400.0,100.0
Himachal Pradesh,Co 86032,1.0,Alluvial Soil,7.3,45.4,1400.0,31.4,80.1,Tillering,100.0,100.0
Himachal Pradesh,Co 86032,1.0,Alluvial Soil,7.14,50.2,1400.0,31.4,71.8,Grand Growth,100.0,100.0
Himachal Pradesh,Co 86032,1.0,Alluvial Soil,7.08,63.0,1400.0,31.4,68.9,Maturity,100.0,10.0
Himachal Pradesh,Co 86032,2.0,Alluvial Soil,7.08,64.6,1400.0,31.4,63.7,Harvest,45.0,12.5
Himachal Pradesh,Co 86032,18.0,Alluvial Soil,6.98,45.6,1400.0,31.4,70.0,Harvest,1700.0,94.44
Himachal Pradesh,Co 86032,1546.0,Alluvial Soil,7.08,45.2,1400.0,31.4,69.8,Maturity,45.0,2.49
Himachal Pradesh,Co 86032,1596.0,Alluvial Soil,7.29,51.6,1400.0,31.4,71.5,Harvest,45.0,1.62
Himachal Pradesh,Co 86032,1451.0,Alluvial Soil,6.62,55.8,1400.0,31.4,68.9,Planting,45.0,2.81
Himachal Pradesh,Co 86032,1609.0,Alluvial Soil,7.54,55.1,1400.0,31.4,57.6,Germination,45.0,0.64
Himachal Pradesh,Co 86032,1609.0,Sandy Loam,6.26,61.4,1400.0,31.4,63.7,Tillering,45.0,12.79
Himachal Pradesh,Co 86032,1781.0,Alluvial Soil,7.06,63.0,1400.0,31.4,61.5,Grand Growth,45.0,27.93
Himachal Pradesh,Co 86032,1430.0,Sandy Loam,6.7,67.7,1400.0,31.4,75.4,Maturity,27.93,27.86
Himachal Pradesh,Co 86032,1332.0,Alluvial Soil,7.18,54.6,1400.0,31.4,76.5,Harvest,27.86,28.86
Himachal Pradesh,Co 86032,1026.0,Alluvial Soil,7.26,54.2,1400.0,31.4,71.6,Planting,28.86,27.86
Himachal Pradesh,Co 86032,1609.0,Black Soil,7.23,57.9,1400.0,31.4,77.4,Tillering,280.98,63.83
Himachal Pradesh,Co 86032,754.0,Alluvial Soil,6.94,50.1,1400.0,31.4,71.6,Harvest,2720.5,206.76
Himachal Pradesh,Co 86032,1596.0,Alluvial Soil,7.04,59.3,1400.0,31.4,66.9,Germination,249.03,161.84
Himachal Pradesh,Co 86032,261.0,Alluvial Soil,7.02,49.3,1400.0,31.4,70.3,Tillering,45.0,1.35
Himachal Pradesh,Co 86032,236.0,Alluvial Soil,6.74,46.7,1400.0,31.4,76.4,Grand Growth,45.0,0.9
Himachal Pradesh,Co 86032,197.0,Alluvial Soil,7.03,57.8,1400.0,31.4,68.8,Maturity,45.0,1.16
Himachal Pradesh,Co 86032,314.0,Alluvial Soil,6.86,60.4,1400.0,31.4,68.9,Harvest,45.0,0.55
Himachal Pradesh,Co 86032,202.0,Sandy Loam,6.61,59.4,1400.0,31.4,66.7,Planting,45.0,1.35
Himachal Pradesh,Co 86032,200.0,Alluvial Soil,6.68,55.3,1400.0,31.4,70.7,Germination,45.0,25.8
Himachal Pradesh,Co 86032,156.0,Alluvial Soil,7.25,42.4,1400.0,31.4,68.4,Tillering,25.8,14.45
Himachal Pradesh,Co 86032,77.0,Alluvial Soil,6.94,51.9,1400.0,31.4,76.2,Grand Growth,45.0,15.6
Himachal Pradesh,Co 86032,26.0,Alluvial Soil,7.3,65.0,1400.0,31.4,72.6,Maturity,45.0,14.46
Himachal Pradesh,Co 86032,197.0,Alluvial Soil,7.27,71.4,1400.0,31.4,75.0,Harvest,105.53,115.74
Himachal Pradesh,Co 86032,314.0,Alluvial Soil,7.06,72.6,1400.0,31.4,77.0,Planting,115.74,55.41
Himachal Pradesh,Co 86032,202.0,Alluvial Soil,6.99,57.6,1400.0,31.4,69.7,Germination,55.41,134.65
Himachal Pradesh,Co 86032,261.0,Alluvial Soil,7.04,53.4,1400.0,31.4,63.6,Maturity,1807.84,134.87
Himachal Pradesh,Co 86032,236.0,Alluvial Soil,7.07,42.3,1400.0,31.4,68.0,Harvest,134.87,90.25
Himachal Pradesh,Co 86032,602.0,Black Soil,8.08,56.7,1400.0,31.4,67.5,Planting,45.0,16.49
Himachal Pradesh,Co 86032,465.0,Alluvial Soil,6.89,59.5,1400.0,31.4,78.3,Germination,45.0,9.23
Himachal Pradesh,Co 86032,393.0,Alluvial Soil,7.33,55.9,1400.0,31.4,69.9,Tillering,45.0,14.67
Himachal Pradesh,Co 86032,377.0,Alluvial Soil,6.77,63.7,1400.0,31.4,73.1,Grand Growth,45.0,6.82
Himachal Pradesh,Co 86032,193.0,Alluvial Soil,7.04,54.3,1400.0,31.4,78.1,Maturity,45.0,16.49
Himachal Pradesh,Co 86032,187.0,Alluvial Soil,6.79,53.9,1400.0,31.4,73.4,Harvest,45.0,16.49
Himachal Pradesh,Co 86032,198.0,Alluvial Soil,7.1,58.2,1400.0,31.4,71.9,Planting,45.0,16.49
Himachal Pradesh,Co 86032,171.0,Alluvial Soil,7.22,54.3,1400.0,31.4,67.6,Germination,45.0,16.49
Himachal Pradesh,Co 86032,245.0,Alluvial Soil,6.98,63.2,1400.0,31.4,75.4,Tillering,45.0,16.49
Jammu And Kashmir,Co 86032,54.0,Clay Loam,6.61,70.8,1400.0,31.4,68.2,Maturity,45.0,0.6
Jammu And Kashmir,Co 86032,52.0,Alluvial Soil,7.02,60.5,1400.0,31.4,70.4,Harvest,45.0,6.04
Jammu And Kashmir,Co 86032,55.0,Alluvial Soil,7.02,59.0,1400.0,31.4,73.0,Planting,45.0,6.0
Jammu And Kashmir,Co 86032,68.0,Red Loam,6.28,54.6,1400.0,31.4,63.1,Germination,45.0,6.0
Jammu And Kashmir,Co 86032,77.0,Alluvial Soil,6.88,64.1,1400.0,31.4,69.4,Tillering,45.0,5.94
Jammu And Kashmir,Co 86032,101.0,Alluvial Soil,6.6,54.7,1400.0,31.4,62.0,Grand Growth,45.0,6.0
Jammu And Kashmir,Co 86032,5.0,Red Loam,7.04,47.9,1400.0,31.4,65.6,Grand Growth,600.0,150.0
Jammu And Kashmir,Co 86032,54.0,Alluvial Soil,7.34,67.4,1400.0,31.4,74.5,Harvest,233.33,60.19
Jammu And Kashmir,Co 86032,73.0,Alluvial Soil,7.35,65.7,1400.0,31.4,70.8,Germination,45.0,1.2
Jammu And Kashmir,Co 86032,56.0,Alluvial Soil,6.98,55.8,1400.0,31.4,73.5,Tillering,45.0,1.27
Jammu And Kashmir,Co 86032,59.0,Alluvial Soil,7.38,53.9,1400.0,31.4,77.3,Grand Growth,45.0,1.29
Jammu And Kashmir,Co 86032,40.0,Alluvial Soil,7.05,52.3,1400.0,31.4,72.5,Maturity,45.0,1.3
Jammu And Kashmir,Co 86032,58.0,Alluvial Soil,6.86,54.9,1400.0,31.4,63.9,Harvest,45.0,1.29
Jammu And Kashmir,Co 86032,36.0,Clay Loam,7.08,68.6,1400.0,31.4,77.7,Planting,45.0,1.3
Jammu And Kashmir,Co 86032,41.0,Alluvial Soil,6.53,59.0,1400.0,31.4,68.5,Germination,45.0,1.3
Jammu And Kashmir,Co 86032,59.0,Alluvial Soil,7.43,57.0,1400.0,31.4,66.4,Tillering,136.63,128.81
Jammu And Kashmir,Co 86032,40.0,Black Soil,7.84,71.7,1400.0,31.4,75.6,Grand Growth,128.81,130.0
Jammu And Kashmir,Co 86032,58.0,Alluvial Soil,7.29,62.6,1400.0,31.4,77.1,Maturity,130.0,129.31
Jammu And Kashmir,Co 86032,36.0,Alluvial Soil,7.75,69.1,1400.0,31.4,67.5,Harvest,129.31,130.0
Jammu And Kashmir,Co 86032,29.0,Alluvial Soil,7.34,65.1,1400.0,31.4,73.7,Planting,130.0,130.0
Jammu And Kashmir,Co 86032,41.0,Alluvial Soil,6.94,69.4,1400.0,31.4,78.8,Germination,130.0,130.0
Jammu And Kashmir,Co 86032,1.0,Sandy Loam,7.35,65.8,1400.0,31.4,65.4,Tillering,130.0,150.0
Jammu And Kashmir,Co 86032,28.0,Alluvial Soil,6.98,57.6,1400.0,31.4,71.8,Grand Growth,150.0,150.0
Jammu And Kashmir,Co 86032,73.0,Alluvial Soil,6.66,56.3,1400.0,31.4,68.3,Maturity,150.0,120.0
Jammu And Kashmir,Co 86032,56.0,Alluvial Soil,7.24,58.9,1400.0,31.4,75.5,Harvest,120.0,126.79
Jammu And Kashmir,Co 86032,4.0,Alluvial Soil,6.82,63.1,1400.0,31.4,69.1,Planting,153.83,150.0
Jammu And Kashmir,Co 86032,6.0,Alluvial Soil,6.54,52.3,1400.0,31.4,70.9,Germination,45.0,1.2
Jammu And Kashmir,Co 86032,3.0,Alluvial Soil,6.64,56.7,1400.0,31.4,74.9,Tillering,45.0,1.33
Jammu And Kashmir,Co 86032,4.0,Alluvial Soil,7.1,54.0,1400.0,31.4,69.5,Grand Growth,45.0,1.25
Jammu And Kashmir,Co 86032,4.0,Alluvial Soil,6.09,53.4,1400.0,31.4,76.3,Maturity,45.0,1.5
Jammu And Kashmir,Co 86032,4.0,Red Loam,5.5,57.9,1400.0,31.4,68.9,Harvest,118.06,125.0
Jammu And Kashmir,Co 86032,4.0,Red Loam,6.16,54.0,1400.0,31.4,71.3,Planting,125.0,150.0
Jammu And Kashmir,Co 86032,17.0,Alluvial Soil,6.93,65.6,1400.0,31.4,66.3,Germination,150.0,150.0
Jammu And Kashmir,Co 86032,6.0,Alluvial Soil,7.19,51.9,1400.0,31.4,68.9,Tillering,150.0,120.0
Jammu And Kashmir,Co 86032,3.0,Alluvial Soil,6.89,53.7,1400.0,31.4,65.9,Grand Growth,120.0,133.33
Jammu And Kashmir,Co 86032,28.0,Alluvial Soil,6.92,56.4,1400.0,31.4,70.5,Maturity,45.0,6.0
Jammu And Kashmir,Co 86032,23.0,Alluvial Soil,6.99,54.7,1400.0,31.4,71.0,Harvest,45.0,1.5
Jammu And Kashmir,Co 86032,18.0,Alluvial Soil,7.29,58.6,1400.0,31.4,65.8,Germination,600.0,150.0
Jammu And Kashmir,Co 86032,14.0,Alluvial Soil,6.84,55.8,1400.0,31.4,72.8,Tillering,150.0,150.0
Jammu And Kashmir,Co 86032,13.0,Alluvial Soil,6.98,53.4,1400.0,31.4,65.8,Grand Growth,150.0,150.0
Jammu And Kashmir,Co 86032,23.0,Alluvial Soil,7.4,56.1,1400.0,31.4,66.6,Maturity,150.0,150.0
Jammu And Kashmir,Co 86032,193.0,Alluvial Soil,6.7,56.8,1400.0,31.4,65.9,Harvest,150.0,150.0
Jammu And Kashmir,Co 86032,10.0,Alluvial Soil,6.84,65.7,1400.0,31.4,69.2,Planting,45.0,1.45
Jammu And Kashmir,Co 86032,15.0,Alluvial Soil,7.26,61.0,1400.0,31.4,72.1,Germination,45.0,1.87
Jammu And Kashmir,Co 86032,14.0,Alluvial Soil,6.88,51.1,1400.0,31.4,67.8,Tillering,45.0,1.79
Jammu And Kashmir,Co 86032,5.0,Alluvial Soil,7.3,50.8,1400.0,31.4,65.0,Grand Growth,45.0,1.8
Jammu And Kashmir,Co 86032,19.0,Alluvial Soil,7.26,58.7,1400.0,31.4,72.2,Maturity,45.0,1.84
Jammu And Kashmir,Co 86032,54.0,Alluvial Soil,6.82,58.8,1400.0,31.4,74.8,Harvest,45.0,1.86
Jammu And Kashmir,Co 86032,1282.0,Alluvial Soil,6.6,55.0,1400.0,31.4,76.6,Planting,45.0,1.5
Jammu And Kashmir,Co 86032,14.0,Alluvial Soil,7.3,55.5,1400.0,31.4,71.6,Germination,155.0,178.57
Jammu And Kashmir,Co 86032,5.0,Alluvial Soil,6.96,55.9,1400.0,31.4,73.5,Tillering,178.57,180.0
Jammu And Kashmir,Co 86032,19.0,Alluvial Soil,7.14,49.3,1400.0,31.4,77.2,Grand Growth,180.0,184.21
Jammu And Kashmir,Co 86032,54.0,Sandy Loam,6.23,52.2,1400.0,31.4,72.1,Maturity,184.21,185.74
Jammu And Kashmir,Co 86032,10.0,Alluvial Soil,7.09,52.6,1400.0,31.4,57.4,Harvest,185.74,186.0
Jammu And Kashmir,Co 86032,9.0,Alluvial Soil,7.59,67.2,1400.0,31.4,62.5,Planting,186.0,148.89
Jammu And Kashmir,Co 86032,1282.0,Alluvial Soil,7.02,57.6,1400.0,31.4,60.3,Germination,148.89,150.0
Jammu And Kashmir,Co 86032,10.0,Alluvial Soil,6.79,54.6,1400.0,31.4,68.3,Tillering,150.0,145.0
Jammu And Kashmir,Co 86032,15.0,Alluvial Soil,7.66,57.3,1400.0,31.4,70.5,Grand Growth,145.0,186.67
Jharkhand,Co 86032,316.67,Alluvial Soil,7.31,42.0,1400.0,31.4,67.3,Maturity,45.0,44.72
Jharkhand,Co 86032,333.29,Alluvial Soil,7.3,54.9,1400.0,31.4,72.7,Harvest,44.72,42.01
Jharkhand,Co 86032,129.6,Alluvial Soil,7.42,61.1,1400.0,31.4,72.3,Maturity,45.0,41.98
Jharkhand,Co 86032,38.2,Alluvial Soil,6.68,48.7,1400.0,31.4,74.5,Planting,47.4,44.76
Jharkhand,Co 86032,40.46,Alluvial Soil,7.11,64.9,1400.0,31.4,65.5,Germination,44.76,42.02
Jharkhand,Co 86032,338.45,Clay Loam,6.57,62.1,1400.0,31.4,69.4,Tillering,45.0,2.85
Jharkhand,Co 86032,542.97,Alluvial Soil,6.87,53.7,1400.0,31.4,71.6,Grand Growth,45.0,25.71
Jharkhand,Co 86032,130.68,Alluvial Soil,7.08,50.3,1400.0,31.4,73.5,Maturity,25.71,4.12
Jharkhand,Co 86032,72.36,Alluvial Soil,7.18,56.2,1400.0,31.4,71.2,Harvest,45.0,44.78
Jharkhand,Co 86032,77.62,Alluvial Soil,6.96,58.0,1400.0,31.4,78.3,Planting,44.78,42.0
Jharkhand,Co 86032,118.28,Alluvial Soil,7.47,68.7,1400.0,31.4,55.7,Planting,45.0,44.72
Jharkhand,Co 86032,142.89,Alluvial Soil,7.15,59.2,1400.0,31.4,62.7,Germination,44.72,41.99
Jharkhand,Co 86032,37.51,Alluvial Soil,7.12,52.5,1400.0,31.4,64.4,Harvest,45.0,44.79
Jharkhand,Co 86032,3.7,Red Loam,6.91,52.3,1400.0,31.4,75.5,Planting,45.0,43.24
Jharkhand,Co 86032,239.27,Alluvial Soil,7.11,61.0,1400.0,31.4,68.9,Maturity,45.0,42.0
Jharkhand,Co 86032,4.87,Red Loam,6.15,61.9,1400.0,31.4,61.9,Maturity,45.0,4.52
Karnataka,Co 86032,53888.0,Red Loam,6.98,56.3,1400.0,31.4,62.9,Planting,106.49,114.0
Karnataka,Co 86032,62050.0,Red Loam,6.62,58.2,1400.0,31.4,67.3,Germination,114.0,113.05
Karnataka,Co 86032,60450.0,Red Loam,7.09,49.2,1400.0,31.4,63.6,Tillering,113.05,92.15
Karnataka,Co 86032,58694.0,Red Loam,6.2,62.5,1400.0,31.4,73.1,Grand Growth,92.15,89.3
Karnataka,Co 86032,38744.0,Red Loam,6.9,64.3,1400.0,31.4,75.0,Maturity,89.3,73.15
Karnataka,Co 86032,37783.0,Red Loam,6.22,66.8,1400.0,31.4,63.6,Harvest,73.15,91.2
Karnataka,Co 86032,48913.0,Red Loam,6.42,68.2,1400.0,31.4,65.1,Planting,91.2,87.4
Karnataka,Co 86032,57399.0,Red Loam,6.67,68.1,1400.0,31.4,73.6,Germination,87.4,88.35
Karnataka,Co 86032,56598.0,Red Loam,6.27,55.8,1400.0,31.4,65.1,Tillering,88.35,103.55
Karnataka,Co 86032,63833.0,Red Loam,6.29,58.6,1400.0,31.4,62.1,Grand Growth,103.55,102.6
Karnataka,Co 86032,79930.0,Red Loam,6.5,60.9,1400.0,31.4,73.7,Maturity,102.6,98.8
Karnataka,Co 86032,89361.0,Red Loam,5.97,58.3,1400.0,31.4,69.9,Harvest,98.8,90.25
Karnataka,Co 86032,91361.0,Red Loam,6.25,67.7,1400.0,31.4,67.8,Planting,90.25,87.4
Karnataka,Co 86032,86942.0,Alluvial Soil,7.62,55.0,1400.0,31.4,70.8,Germination,87.4,103.55
Karnataka,Co 86032,93679.0,Red Loam,6.09,46.3,1400.0,31.4,66.2,Tillering,103.55,109.25
Karnataka,Co 86032,1484.0,Red Loam,6.85,51.7,1400.0,31.4,68.4,Planting,105.4,100.7
Karnataka,Co 86032,1548.0,Alluvial Soil,6.86,63.2,1400.0,31.4,60.5,Germination,100.7,102.6
Karnataka,Co 86032,1608.0,Red Loam,6.59,55.1,1400.0,31.4,69.1,Tillering,102.6,80.75
Karnataka,Co 86032,1959.0,Red Loam,6.93,65.6,1400.0,31.4,70.3,Grand Growth,80.75,92.15
Karnataka,Co 86032,589.0,Red Loam,6.89,49.8,1400.0,31.4,65.0,Maturity,92.15,67.45
Karnataka,Co 86032,331.0,Red Loam,6.02,51.4,1400.0,31.4,81.5,Harvest,67.45,88.35
Karnataka,Co 86032,1753.0,Red Loam,6.64,45.1,1400.0,31.4,79.1,Planting,88.35,96.9
Karnataka,Co 86032,8.0,Alluvial Soil,7.08,53.4,1400.0,31.4,70.1,Germination,96.9,84.5
Karnataka,Co 86032,93.0,Red Loam,6.72,50.7,1400.0,31.4,66.8,Tillering,84.5,86.45
Karnataka,Co 86032,8.0,Alluvial Soil,6.93,51.0,1400.0,31.4,74.5,Grand Growth,86.45,96.88
Karnataka,Co 86032,3.0,Red Loam,5.96,51.5,1400.0,31.4,79.6,Maturity,96.88,83.67
Karnataka,Co 86032,1.0,Red Loam,6.8,51.4,1400.0,31.4,64.6,Harvest,83.67,89.0
Karnataka,Co 86032,125173.0,Red Loam,6.56,60.2,1400.0,31.4,59.8,Maturity,82.4,89.3
Karnataka,Co 86032,140512.0,Red Loam,7.16,56.6,1400.0,31.4,70.5,Harvest,89.3,93.1
Karnataka,Co 86032,174706.0,Red Loam,6.66,54.4,1400.0,31.4,74.8,Planting,93.1,102.6
Karnataka,Co 86032,156043.0,Red Loam,6.95,50.3,1400.0,31.4,64.9,Germination,102.6,70.3
Karnataka,Co 86032,145133.0,Red Loam,6.68,54.1,1400.0,31.4,55.9,Tillering,70.3,75.05
Karnataka,Co 86032,105237.0,Red Loam,6.45,49.2,1400.0,31.4,69.7,Grand Growth,75.05,46.55
Karnataka,Co 86032,92971.0,Red Loam,6.45,50.7,1400.0,31.4,68.6,Maturity,46.55,88.35
Karnataka,Co 86032,97762.0,Red Loam,6.4,56.8,1400.0,31.4,61.0,Harvest,88.35,84.55
Karnataka,Co 86032,102845.0,Red Loam,5.97,58.1,1400.0,31.4,60.2,Planting,84.55,90.25
Karnataka,Co 86032,114181.0,Red Loam,6.34,50.9,1400.0,31.4,70.9,Germination,90.25,84.55
Karnataka,Co 86032,147298.0,Red Loam,6.37,66.9,1400.0,31.4,71.5,Tillering,84.55,101.65
Karnataka,Co 86032,187884.0,Red Loam,7.6,53.1,1400.0,31.4,77.0,Grand Growth,101.65,95.95
Karnataka,Co 86032,171205.0,Black Soil,7.45,67.4,1400.0,31.4,67.2,Maturity,95.95,95.0
Karnataka,Co 86032,168128.0,Red Loam,6.82,59.9,1400.0,31.4,66.9,Harvest,95.0,82.65
Karnataka,Co 86032,159443.0,Red Loam,6.84,64.2,1400.0,31.4,74.5,Planting,82.65,90.25
Karnataka,Co 86032,180571.0,Red Loam,6.73,59.5,1400.0,31.4,70.8,Germination,90.25,90.25
Karnataka,Co 86032,6945.0,Red Loam,6.44,54.8,1400.0,31.4,64.9,Maturity,64.87,70.3
Karnataka,Co 86032,7336.0,Red Loam,6.52,56.8,1400.0,31.4,63.6,Harvest,70.3,89.3
Karnataka,Co 86032,7174.0,Red Loam,6.55,61.0,1400.0,31.4,73.1,Planting,89.3,109.25
Karnataka,Co 86032,7666.0,Red Loam,5.5,53.9,1400.0,31.4,67.7,Germination,109.25,97.85
Karnataka,Co 86032,5327.0,Red Loam,6.59,60.5,1400.0,31.4,62.6,Tillering,97.85,72.2
Karnataka,Co 86032,1831.0,Red Loam,6.32,59.2,1400.0,31.4,67.3,Grand Growth,72.2,66.5
Karnataka,Co 86032,3531.0,Red Loam,6.52,52.4,1400.0,31.4,62.8,Maturity,66.5,95.95
Karnataka,Co 86032,3293.0,Red Loam,7.07,57.4,1400.0,31.4,65.5,Harvest,95.95,90.25
Karnataka,Co 86032,2402.0,Red Loam,6.84,63.0,1400.0,31.4,79.2,Planting,90.25,84.55
Karnataka,Co 86032,1932.0,Black Soil,7.8,70.5,1400.0,31.4,67.8,Germination,84.55,129.2
Karnataka,Co 86032,2464.0,Red Loam,6.84,63.2,1400.0,31.4,74.9,Tillering,129.2,96.9
Karnataka,Co 86032,1363.0,Red Loam,7.15,50.5,1400.0,31.4,76.8,Grand Growth,96.9,95.95
Karnataka,Co 86032,3806.0,Red Loam,6.03,58.6,1400.0,31.4,63.7,Maturity,95.95,83.6
Karnataka,Co 86032,5660.0,Red Loam,6.47,55.1,1400.0,31.4,74.4,Harvest,83.6,85.5
Karnataka,Co 86032,6004.0,Red Loam,6.67,53.2,1400.0,31.4,78.7,Planting,85.5,80.75
Karnataka,Co 86032,3406.0,Red Loam,5.55,56.0,1400.0,31.4,71.7,Germination,80.75,102.6
Karnataka,Co 86032,1585.0,Red Loam,6.83,57.8,1400.0,31.4,69.0,Maturity,89.54,94.05
Karnataka,Co 86032,66.0,Red Loam,6.78,57.6,1400.0,31.4,66.7,Harvest,94.05,100.7
Karnataka,Co 86032,58.0,Red Loam,6.82,54.1,1400.0,31.4,66.4,Planting,100.7,102.6
Karnataka,Co 86032,50.0,Red Loam,6.27,56.5,1400.0,31.4,58.8,Germination,102.6,80.76
Karnataka,Co 86032,91.0,Red Loam,6.38,62.4,1400.0,31.4,72.1,Tillering,80.76,84.55
Karnataka,Co 86032,5.0,Red Loam,7.6,51.8,1400.0,31.4,71.9,Grand Growth,84.55,65.6
Karnataka,Co 86032,20.0,Red Loam,6.79,50.5,1400.0,31.4,70.4,Maturity,65.6,87.4
Karnataka,Co 86032,20.0,Red Loam,5.76,53.2,1400.0,31.4,72.1,Harvest,87.4,84.55
Karnataka,Co 86032,3.0,Red Loam,6.04,59.0,1400.0,31.4,78.8,Planting,84.55,97.0
Karnataka,Co 86032,12.0,Red Loam,6.47,55.9,1400.0,31.4,66.5,Germination,97.0,83.58
Karnataka,Co 86032,2.0,Red Loam,6.15,57.0,1400.0,31.4,74.2,Tillering,83.58,91.0
Karnataka,Co 86032,22571.0,Red Loam,6.8,62.9,1400.0,31.4,70.8,Harvest,68.5,68.4
Karnataka,Co 86032,26826.0,Red Loam,6.69,58.1,1400.0,31.4,71.4,Planting,68.4,79.8
Karnataka,Co 86032,30929.0,Red Loam,6.46,63.3,1400.0,31.4,67.3,Germination,79.8,67.45
Karnataka,Co 86032,29225.0,Black Soil,7.26,61.6,1400.0,31.4,60.4,Tillering,67.45,48.45
Karnataka,Co 86032,30943.0,Red Loam,6.22,57.5,1400.0,31.4,64.0,Grand Growth,48.45,72.2
Karnataka,Co 86032,23197.0,Alluvial Soil,7.25,64.1,1400.0,31.4,74.3,Maturity,72.2,63.65
Karnataka,Co 86032,23366.0,Red Loam,6.3,59.8,1400.0,31.4,77.5,Harvest,63.65,65.55
Karnataka,Co 86032,26114.0,Red Loam,6.79,47.7,1400.0,31.4,72.0,Planting,65.55,72.2
Karnataka,Co 86032,27086.0,Red Loam,6.63,61.1,1400.0,31.4,75.1,Germination,72.2,68.4
Karnataka,Co 86032,24616.0,Red Loam,6.51,52.1,1400.0,31.4,73.6,Tillering,68.4,57.95
Karnataka,Co 86032,25686.0,Red Loam,6.7,59.5,1400.0,31.4,68.7,Grand Growth,57.95,70.3
Karnataka,Co 86032,31299.0,Red Loam,6.35,56.0,1400.0,31.4,69.9,Maturity,70.3,70.3
Karnataka,Co 86032,25507.0,Red Loam,6.02,60.8,1400.0,31.4,69.1,Harvest,70.3,68.4
Karnataka,Co 86032,31522.0,Red Loam,7.19,46.8,1400.0,31.4,74.4,Planting,68.4,69.35
Karnataka,Co 86032,26490.0,Black Soil,6.94,69.4,1400.0,31.4,76.4,Germination,69.35,73.15
Karnataka,Co 86032,28867.0,Red Loam,7.31,53.9,1400.0,31.4,68.9,Tillering,73.15,65.55
Karnataka,Co 86032,56484.0,Red Loam,6.55,64.4,1400.0,31.4,76.6,Planting,100.43,102.6
Karnataka,Co 86032,15680.0,Red Loam,6.66,64.5,1400.0,31.4,71.6,Germination,102.6,114.0
Karnataka,Co 86032,20426.0,Red Loam,7.04,61.4,1400.0,31.4,76.1,Tillering,114.0,84.55
Karnataka,Co 86032,20460.0,Alluvial Soil,7.53,58.0,1400.0,31.4,63.9,Grand Growth,84.55,52.25
Karnataka,Co 86032,18537.0,Red Loam,7.3,55.6,1400.0,31.4,68.7,Maturity,52.25,73.15
Karnataka,Co 86032,8068.0,Red Loam,5.75,56.4,1400.0,31.4,58.7,Harvest,73.15,62.7
Karnataka,Co 86032,11364.0,Red Loam,6.93,45.4,1400.0,31.4,62.0,Planting,62.7,76.0
Karnataka,Co 86032,22734.0,Red Loam,6.18,58.0,1400.0,31.4,70.3,Germination,76.0,63.65
Karnataka,Co 86032,29191.0,Red Loam,6.45,55.6,1400.0,31.4,75.5,Tillering,63.65,55.1
Karnataka,Co 86032,20604.0,Red Loam,6.42,59.7,1400.0,31.4,64.0,Grand Growth,55.1,53.2
Karnataka,Co 86032,27663.0,Clay Loam,6.57,71.0,1400.0,31.4,66.8,Maturity,53.2,68.4
Karnataka,Co 86032,41377.0,Red Loam,6.32,55.3,1400.0,31.4,72.3,Harvest,68.4,83.6
Karnataka,Co 86032,44208.0,Red Loam,6.61,55.2,1400.0,31.4,68.2,Planting,83.6,73.15
Karnataka,Co 86032,37382.0,Red Loam,6.85,52.9,1400.0,31.4,65.1,Germination,73.15,74.1
Karnataka,Co 86032,44914.0,Red Loam,6.4,52.6,1400.0,31.4,69.5,Tillering,74.1,76.95
Karnataka,Co 86032,49050.0,Red Loam,6.45,50.5,1400.0,31.4,66.1,Grand Growth,76.95,79.8
Karnataka,Co 86032,19079.0,Alluvial Soil,7.16,65.3,1400.0,31.4,67.5,Planting,118.26,120.65
Karnataka,Co 86032,15397.0,Red Loam,6.3,55.1,1400.0,31.4,77.4,Germination,120.65,120.65
Karnataka,Co 86032,18026.0,Black Soil,7.22,75.1,1400.0,31.4,69.4,Tillering,120.65,95.95
Karnataka,Co 86032,16755.0,Red Loam,6.47,60.7,1400.0,31.4,70.2,Grand Growth,95.95,100.7
Karnataka,Co 86032,7581.0,Red Loam,6.85,53.8,1400.0,31.4,67.6,Maturity,100.7,82.65
Karnataka,Co 86032,6365.0,Clay Loam,6.78,60.1,1400.0,31.4,64.4,Harvest,82.65,92.15
Karnataka,Co 86032,8039.0,Red Loam,6.69,50.9,1400.0,31.4,55.8,Planting,92.15,87.4
Karnataka,Co 86032,8465.0,Red Loam,7.35,67.3,1400.0,31.4,67.0,Germination,87.4,95.0
Karnataka,Co 86032,8665.0,Red Loam,6.93,63.8,1400.0,31.4,72.5,Tillering,95.0,82.65
Karnataka,Co 86032,8511.0,Red Loam,7.12,64.2,1400.0,31.4,62.5,Grand Growth,82.65,84.55
Karnataka,Co 86032,6422.0,Alluvial Soil,7.21,65.0,1400.0,31.4,58.4,Maturity,84.55,104.5
Karnataka,Co 86032,8513.0,Red Loam,7.2,54.7,1400.0,31.4,65.6,Harvest,104.5,125.4
Karnataka,Co 86032,7548.0,Red Loam,6.34,56.8,1400.0,31.4,72.6,Planting,125.4,74.1
Karnataka,Co 86032,3050.0,Red Loam,5.59,57.7,1400.0,31.4,67.7,Germination,74.1,95.0
Karnataka,Co 86032,3573.0,Red Loam,6.48,55.9,1400.0,31.4,65.7,Tillering,95.0,83.6
Karnataka,Co 86032,41.0,Red Loam,6.94,65.5,1400.0,31.4,67.0,Harvest,89.53,95.95
Karnataka,Co 86032,267.0,Clay Loam,6.61,62.3,1400.0,31.4,75.7,Planting,95.95,96.9
Karnataka,Co 86032,202.0,Red Loam,6.43,56.7,1400.0,31.4,69.0,Germination,96.9,91.2
Karnataka,Co 86032,212.0,Red Loam,6.42,63.5,1400.0,31.4,68.4,Tillering,91.2,83.6
Karnataka,Co 86032,58.0,Red Loam,6.42,63.7,1400.0,31.4,70.8,Grand Growth,83.6,91.21
Karnataka,Co 86032,1488.0,Clay Loam,7.22,67.0,1400.0,31.4,75.7,Planting,107.42,110.2
Karnataka,Co 86032,1235.0,Red Loam,6.41,53.3,1400.0,31.4,67.8,Germination,110.2,114.0
Karnataka,Co 86032,2037.0,Black Soil,7.72,71.4,1400.0,31.4,65.5,Tillering,114.0,77.9
Karnataka,Co 86032,1867.0,Red Loam,6.68,57.7,1400.0,31.4,78.6,Grand Growth,77.9,80.75
Karnataka,Co 86032,1790.0,Red Loam,6.67,59.0,1400.0,31.4,73.8,Maturity,80.75,97.85
Karnataka,Co 86032,1274.0,Red Loam,7.16,60.9,1400.0,31.4,67.8,Harvest,97.85,85.5
Karnataka,Co 86032,1504.0,Red Loam,6.21,45.6,1400.0,31.4,71.4,Planting,85.5,88.35
Karnataka,Co 86032,2632.0,Red Loam,6.28,63.5,1400.0,31.4,62.7,Germination,88.35,78.85
Karnataka,Co 86032,827.0,Red Loam,6.79,57.8,1400.0,31.4,78.5,Tillering,78.85,77.9
Karnataka,Co 86032,688.0,Red Loam,5.8,61.8,1400.0,31.4,67.3,Grand Growth,77.9,57.0
Karnataka,Co 86032,620.0,Red Loam,6.23,56.6,1400.0,31.4,62.2,Maturity,57.0,78.85
Karnataka,Co 86032,817.0,Red Loam,7.14,52.7,1400.0,31.4,60.9,Harvest,78.85,78.85
Karnataka,Co 86032,894.0,Black Soil,7.91,76.5,1400.0,31.4,64.6,Planting,78.85,76.95
Karnataka,Co 86032,1532.0,Red Loam,6.47,61.1,1400.0,31.4,64.1,Germination,76.95,56.05
Karnataka,Co 86032,1546.0,Alluvial Soil,7.08,49.9,1400.0,31.4,60.5,Tillering,56.05,57.0
Karnataka,Co 86032,1391.0,Red Loam,6.38,55.5,1400.0,31.4,70.8,Grand Growth,57.0,95.0
Karnataka,Co 86032,8378.0,Red Loam,6.25,65.8,1400.0,31.4,70.4,Planting,91.0,98.8
Karnataka,Co 86032,1314.0,Red Loam,6.6,55.7,1400.0,31.4,69.7,Germination,98.8,100.7
Karnataka,Co 86032,2095.0,Red Loam,6.75,55.5,1400.0,31.4,69.8,Tillering,100.7,102.6
Karnataka,Co 86032,2231.0,Red Loam,6.46,50.4,1400.0,31.4,67.6,Grand Growth,102.6,80.75
Karnataka,Co 86032,1385.0,Red Loam,6.67,51.4,1400.0,31.4,75.2,Maturity,80.75,82.65
Karnataka,Co 86032,330.0,Red Loam,6.15,66.6,1400.0,31.4,78.6,Harvest,82.65,67.45
Karnataka,Co 86032,60.0,Red Loam,6.97,48.4,1400.0,31.4,63.4,Planting,67.45,87.4
Karnataka,Co 86032,65.0,Red Loam,6.27,60.6,1400.0,31.4,75.5,Germination,87.4,84.55
Karnataka,Co 86032,4.0,Red Loam,6.25,58.4,1400.0,31.4,68.8,Tillering,84.55,97.0
Karnataka,Co 86032,10.0,Red Loam,6.48,47.5,1400.0,31.4,76.1,Grand Growth,97.0,91.2
Karnataka,Co 86032,37.0,Red Loam,6.21,57.5,1400.0,31.4,71.6,Maturity,91.2,83.59
Karnataka,Co 86032,2154.0,Red Loam,6.16,58.4,1400.0,31.4,63.6,Grand Growth,83.56,87.4
Karnataka,Co 86032,598.0,Red Loam,6.02,56.0,1400.0,31.4,69.8,Maturity,87.4,100.7
Karnataka,Co 86032,340.0,Red Loam,6.18,58.3,1400.0,31.4,72.3,Harvest,100.7,102.6
Karnataka,Co 86032,378.0,Red Loam,6.61,55.6,1400.0,31.4,75.0,Planting,102.6,80.75
Karnataka,Co 86032,197.0,Red Loam,5.59,55.0,1400.0,31.4,76.8,Germination,80.75,84.55
Karnataka,Co 86032,23.0,Red Loam,7.02,57.4,1400.0,31.4,73.0,Tillering,84.55,65.57
Karnataka,Co 86032,18.0,Red Loam,6.36,56.0,1400.0,31.4,72.9,Grand Growth,65.57,87.39
Karnataka,Co 86032,19.0,Red Loam,6.63,66.1,1400.0,31.4,69.1,Maturity,87.39,86.47
Karnataka,Co 86032,16.0,Red Loam,5.5,62.4,1400.0,31.4,64.9,Harvest,86.47,95.94
Karnataka,Co 86032,16.0,Red Loam,6.9,58.2,1400.0,31.4,69.0,Planting,95.94,96.88
Karnataka,Co 86032,19.0,Red Loam,6.85,62.1,1400.0,31.4,73.0,Germination,96.88,91.21
Karnataka,Co 86032,25.0,Red Loam,5.76,65.8,1400.0,31.4,65.8,Tillering,91.21,83.6
Karnataka,Co 86032,16.0,Red Loam,6.88,61.9,1400.0,31.4,66.8,Grand Growth,83.6,90.25
Karnataka,Co 86032,10.0,Red Loam,7.04,57.6,1400.0,31.4,66.2,Maturity,90.25,91.2
Karnataka,Co 86032,14872.0,Red Loam,6.24,62.8,1400.0,31.4,71.8,Harvest,45.0,37.05
Karnataka,Co 86032,16906.0,Red Loam,6.61,60.0,1400.0,31.4,50.5,Planting,37.05,125.4
Karnataka,Co 86032,22295.0,Red Loam,5.99,52.2,1400.0,31.4,59.0,Germination,125.4,97.85
Karnataka,Co 86032,19992.0,Red Loam,5.77,52.6,1400.0,31.4,70.7,Tillering,97.85,107.35
Karnataka,Co 86032,8150.0,Red Loam,5.97,57.5,1400.0,31.4,79.1,Grand Growth,107.35,85.5
Karnataka,Co 86032,5890.0,Red Loam,6.42,65.3,1400.0,31.4,76.2,Maturity,85.5,111.15
Karnataka,Co 86032,3653.0,Red Loam,6.53,67.6,1400.0,31.4,66.4,Harvest,111.15,123.5
Karnataka,Co 86032,7222.0,Red Loam,6.27,50.1,1400.0,31.4,72.0,Planting,123.5,112.1
Karnataka,Co 86032,2679.0,Red Loam,6.26,48.3,1400.0,31.4,71.4,Germination,112.1,106.4
Karnataka,Co 86032,3697.0,Red Loam,6.3,57.2,1400.0,31.4,75.4,Tillering,106.4,122.55
Karnataka,Co 86032,4865.0,Red Loam,6.55,61.5,1400.0,31.4,71.9,Grand Growth,122.55,135.85
Karnataka,Co 86032,5281.0,Red Loam,6.45,57.1,1400.0,31.4,62.3,Maturity,135.85,133.0
Karnataka,Co 86032,4362.0,Red Loam,6.9,58.8,1400.0,31.4,75.0,Harvest,133.0,110.2
Karnataka,Co 86032,6900.0,Red Loam,6.15,63.6,1400.0,31.4,70.3,Planting,110.2,114.95
Karnataka,Co 86032,9523.0,Red Loam,6.82,67.5,1400.0,31.4,65.1,Germination,114.95,128.25
Karnataka,Co 86032,7762.0,Red Loam,6.04,46.2,1400.0,31.4,67.6,Maturity,58.88,57.0
Karnataka,Co 86032,3906.0,Red Loam,6.04,57.4,1400.0,31.4,67.9,Harvest,57.0,92.15
Karnataka,Co 86032,3522.0,Clay Loam,7.0,54.3,1400.0,31.4,62.6,Planting,92.15,90.25
Karnataka,Co 86032,2868.0,Clay Loam,6.62,73.0,1400.0,31.4,67.3,Germination,90.25,73.15
Karnataka,Co 86032,3560.0,Red Loam,6.68,56.8,1400.0,31.4,60.8,Tillering,73.15,62.7
Karnataka,Co 86032,3039.0,Clay Loam,6.68,69.8,1400.0,31.4,63.2,Grand Growth,62.7,32.3
Karnataka,Co 86032,1247.0,Red Loam,6.13,61.0,1400.0,31.4,68.2,Maturity,32.3,88.35
Karnataka,Co 86032,1383.0,Red Loam,6.18,38.8,1400.0,31.4,71.4,Harvest,88.35,64.6
Karnataka,Co 86032,3722.0,Red Loam,6.46,67.0,1400.0,31.4,68.4,Planting,64.6,64.6
Karnataka,Co 86032,2869.0,Red Loam,6.61,55.4,1400.0,31.4,64.7,Germination,64.6,61.75
Karnataka,Co 86032,872.0,Red Loam,6.97,67.3,1400.0,31.4,65.4,Tillering,61.75,70.3
Karnataka,Co 86032,4533.0,Sandy Loam,6.84,57.3,1400.0,31.4,67.7,Grand Growth,70.3,56.05
Karnataka,Co 86032,3465.0,Red Loam,6.24,71.4,1400.0,31.4,65.2,Maturity,56.05,59.85
Karnataka,Co 86032,4534.0,Alluvial Soil,7.41,60.6,1400.0,31.4,70.4,Harvest,59.85,65.55
Karnataka,Co 86032,3706.0,Clay Loam,6.78,68.5,1400.0,31.4,74.5,Planting,65.55,68.4
Karnataka,Co 86032,8653.0,Red Loam,7.06,51.9,1400.0,31.4,67.6,Germination,68.4,74.1
Karnataka,Co 86032,130.0,Red Loam,5.89,60.7,1400.0,31.4,58.7,Harvest,93.35,100.7
Karnataka,Co 86032,347.0,Red Loam,5.89,46.7,1400.0,31.4,74.0,Planting,100.7,102.6
Karnataka,Co 86032,535.0,Red Loam,5.96,66.5,1400.0,31.4,76.8,Germination,102.6,80.75
Karnataka,Co 86032,550.0,Clay Loam,6.91,71.1,1400.0,31.4,63.8,Tillering,80.75,84.55
Karnataka,Co 86032,92.0,Red Loam,6.64,54.1,1400.0,31.4,73.5,Grand Growth,84.55,65.55
Karnataka,Co 86032,38.0,Black Soil,7.63,66.3,1400.0,31.4,66.7,Maturity,65.55,88.34
Karnataka,Co 86032,87.0,Red Loam,7.08,60.9,1400.0,31.4,80.3,Harvest,88.34,87.4
Karnataka,Co 86032,101.0,Red Loam,6.16,49.5,1400.0,31.4,65.3,Planting,87.4,84.55
Karnataka,Co 86032,178.0,Red Loam,6.92,53.9,1400.0,31.4,70.1,Germination,84.55,86.45
Karnataka,Co 86032,107.0,Black Soil,7.08,84.4,1400.0,31.4,65.9,Tillering,86.45,95.95
Karnataka,Co 86032,852.0,Red Loam,6.58,50.5,1400.0,31.4,62.4,Grand Growth,95.95,96.9
Karnataka,Co 86032,4305.0,Sandy Loam,6.67,61.8,1400.0,31.4,68.7,Maturity,96.9,91.2
Karnataka,Co 86032,1572.0,Red Loam,5.92,58.7,1400.0,31.4,70.9,Harvest,91.2,83.6
Karnataka,Co 86032,964.0,Red Loam,6.54,56.5,1400.0,31.4,68.6,Planting,83.6,93.1
Karnataka,Co 86032,1870.0,Red Loam,6.79,61.5,1400.0,31.4,72.0,Germination,93.1,105.45
Karnataka,Co 86032,5032.0,Red Loam,6.59,54.2,1400.0,31.4,63.6,Maturity,87.13,81.7
Karnataka,Co 86032,8535.0,Red Loam,5.83,62.0,1400.0,31.4,71.5,Harvest,81.7,95.0
Karnataka,Co 86032,9673.0,Red Loam,6.04,61.7,1400.0,31.4,68.4,Planting,95.0,70.3
Karnataka,Co 86032,7861.0,Red Loam,6.82,55.8,1400.0,31.4,75.0,Germination,70.3,73.15
Karnataka,Co 86032,8228.0,Red Loam,6.6,51.2,1400.0,31.4,72.2,Tillering,73.15,50.35
Karnataka,Co 86032,5724.0,Red Loam,7.22,55.4,1400.0,31.4,67.3,Grand Growth,50.35,32.3
Karnataka,Co 86032,4494.0,Red Loam,7.04,57.3,1400.0,31.4,66.0,Maturity,32.3,60.8
Karnataka,Co 86032,5330.0,Red Loam,6.88,55.3,1400.0,31.4,68.6,Harvest,60.8,60.8
Karnataka,Co 86032,12797.0,Red Loam,6.21,53.7,1400.0,31.4,72.0,Planting,60.8,62.7
Karnataka,Co 86032,7944.0,Red Loam,6.46,48.8,1400.0,31.4,79.0,Germination,62.7,51.3
Karnataka,Co 86032,11995.0,Red Loam,5.98,53.8,1400.0,31.4,70.4,Tillering,51.3,63.65
Karnataka,Co 86032,10891.0,Red Loam,6.24,63.3,1400.0,31.4,64.7,Grand Growth,63.65,66.5
Karnataka,Co 86032,15074.0,Red Loam,6.57,57.9,1400.0,31.4,64.1,Maturity,66.5,40.85
Karnataka,Co 86032,14801.0,Red Loam,7.18,53.1,1400.0,31.4,75.8,Harvest,40.85,49.4
Karnataka,Co 86032,27602.0,Red Loam,6.43,56.8,1400.0,31.4,63.7,Planting,49.4,60.8
Karnataka,Co 86032,45503.0,Clay Loam,7.44,68.8,1400.0,31.4,72.6,Germination,60.8,66.5
Karnataka,Co 86032,4919.0,Red Loam,6.34,49.1,1400.0,31.4,70.6,Maturity,106.33,100.7
Karnataka,Co 86032,5054.0,Alluvial Soil,7.08,45.9,1400.0,31.4,63.9,Harvest,100.7,114.0
Karnataka,Co 86032,5560.0,Red Loam,7.2,48.4,1400.0,31.4,54.6,Planting,114.0,112.1
Karnataka,Co 86032,7159.0,Red Loam,6.45,51.3,1400.0,31.4,73.1,Germination,112.1,100.7
Karnataka,Co 86032,8610.0,Red Loam,6.31,51.2,1400.0,31.4,68.6,Tillering,100.7,97.85
Karnataka,Co 86032,3792.0,Red Loam,6.72,63.0,1400.0,31.4,63.2,Grand Growth,97.85,103.55
Karnataka,Co 86032,2542.0,Red Loam,6.81,49.4,1400.0,31.4,76.3,Maturity,103.55,101.65
Karnataka,Co 86032,5730.0,Red Loam,5.92,50.7,1400.0,31.4,64.9,Harvest,101.65,115.9
Karnataka,Co 86032,5049.0,Red Loam,6.75,53.6,1400.0,31.4,68.5,Planting,115.9,81.7
Karnataka,Co 86032,2659.0,Red Loam,7.1,65.3,1400.0,31.4,74.9,Germination,81.7,100.7
Karnataka,Co 86032,2015.0,Red Loam,6.25,48.3,1400.0,31.4,59.6,Tillering,100.7,116.85
Karnataka,Co 86032,3640.0,Red Loam,6.9,52.2,1400.0,31.4,64.8,Grand Growth,116.85,108.3
Karnataka,Co 86032,2180.0,Red Loam,6.37,65.2,1400.0,31.4,66.0,Maturity,108.3,97.85
Karnataka,Co 86032,2428.0,Black Soil,7.21,70.8,1400.0,31.4,71.7,Harvest,97.85,75.05
Karnataka,Co 86032,1463.0,Red Loam,6.34,57.2,1400.0,31.4,69.4,Planting,75.05,83.6
Karnataka,Co 86032,1568.0,Red Loam,6.57,60.1,1400.0,31.4,60.1,Germination,83.6,109.25
Karnataka,Co 86032,7251.0,Red Loam,6.28,40.8,1400.0,31.4,71.2,Harvest,86.49,92.15
Karnataka,Co 86032,7565.0,Red Loam,6.16,53.0,1400.0,31.4,65.2,Planting,92.15,95.0
Karnataka,Co 86032,5763.0,Red Loam,6.02,61.0,1400.0,31.4,80.0,Germination,95.0,78.85
Karnataka,Co 86032,3391.0,Red Loam,6.03,41.9,1400.0,31.4,67.9,Tillering,78.85,37.05
Karnataka,Co 86032,2246.0,Red Loam,6.39,59.3,1400.0,31.4,66.7,Grand Growth,37.05,43.7
Karnataka,Co 86032,1135.0,Red Loam,6.53,72.3,1400.0,31.4,73.7,Maturity,43.7,88.35
Karnataka,Co 86032,1069.0,Clay Loam,7.38,65.9,1400.0,31.4,73.0,Harvest,88.35,86.45
Karnataka,Co 86032,2189.0,Red Loam,6.64,59.9,1400.0,31.4,68.9,Planting,86.45,71.25
Karnataka,Co 86032,2237.0,Red Loam,6.49,65.0,1400.0,31.4,58.0,Germination,71.25,49.4
Karnataka,Co 86032,965.0,Red Loam,5.75,55.8,1400.0,31.4,74.4,Tillering,49.4,75.05
Karnataka,Co 86032,1489.0,Red Loam,6.82,59.9,1400.0,31.4,70.6,Grand Growth,75.05,95.0
Karnataka,Co 86032,3397.0,Red Loam,6.45,54.3,1400.0,31.4,71.5,Maturity,95.0,82.65
Karnataka,Co 86032,5676.0,Red Loam,6.19,47.5,1400.0,31.4,74.1,Harvest,82.65,65.55
Karnataka,Co 86032,7338.0,Alluvial Soil,6.92,60.3,1400.0,31.4,71.9,Planting,65.55,118.75
Karnataka,Co 86032,10376.0,Red Loam,6.91,64.3,1400.0,31.4,70.6,Germination,118.75,105.45
Karnataka,Co 86032,7.0,Red Loam,6.01,59.6,1400.0,31.4,74.0,Harvest,88.56,94.0
Karnataka,Co 86032,3183.0,Red Loam,6.09,52.7,1400.0,31.4,75.8,Germination,88.24,91.2
Karnataka,Co 86032,4101.0,Red Loam,7.11,59.0,1400.0,31.4,63.9,Tillering,91.2,117.8
Karnataka,Co 86032,2545.0,Sandy Loam,6.76,61.9,1400.0,31.4,68.8,Grand Growth,117.8,77.9
Karnataka,Co 86032,1225.0,Red Loam,6.8,59.0,1400.0,31.4,74.6,Maturity,77.9,100.7
Karnataka,Co 86032,1268.0,Black Soil,7.61,78.7,1400.0,31.4,63.4,Harvest,100.7,82.65
Karnataka,Co 86032,692.0,Alluvial Soil,7.42,56.0,1400.0,31.4,66.0,Planting,82.65,66.5
Karnataka,Co 86032,402.0,Red Loam,6.58,56.3,1400.0,31.4,61.5,Germination,66.5,88.35
Karnataka,Co 86032,327.0,Red Loam,6.29,61.0,1400.0,31.4,70.4,Tillering,88.35,87.4
Karnataka,Co 86032,100.0,Alluvial Soil,7.15,44.9,1400.0,31.4,71.9,Grand Growth,87.4,84.55
Karnataka,Co 86032,300.0,Red Loam,5.88,63.0,1400.0,31.4,70.8,Maturity,84.55,96.9
Karnataka,Co 86032,70.0,Red Loam,6.19,46.6,1400.0,31.4,62.6,Harvest,96.9,91.2
Karnataka,Co 86032,95.0,Red Loam,6.11,58.9,1400.0,31.4,76.6,Planting,91.2,83.6
Karnataka,Co 86032,2194.0,Clay Loam,6.83,71.7,1400.0,31.4,64.1,Maturity,108.33,100.7
Karnataka,Co 86032,1714.0,Red Loam,7.09,64.6,1400.0,31.4,72.9,Harvest,100.7,90.25
Karnataka,Co 86032,1418.0,Red Loam,6.53,46.6,1400.0,31.4,68.2,Planting,90.25,78.85
Karnataka,Co 86032,668.0,Red Loam,6.22,61.7,1400.0,31.4,77.1,Germination,78.85,62.7
Karnataka,Co 86032,916.0,Red Loam,6.68,59.1,1400.0,31.4,61.9,Tillering,62.7,84.55
Karnataka,Co 86032,417.0,Red Loam,6.5,61.0,1400.0,31.4,67.7,Grand Growth,84.55,86.45
Karnataka,Co 86032,334.0,Red Loam,6.58,65.5,1400.0,31.4,71.9,Maturity,86.45,95.95
Karnataka,Co 86032,403.0,Alluvial Soil,8.01,69.2,1400.0,31.4,75.2,Harvest,95.95,96.9
Karnataka,Co 86032,1225.0,Red Loam,6.41,51.3,1400.0,31.4,73.8,Planting,96.9,91.2
Karnataka,Co 86032,2100.0,Red Loam,6.33,65.8,1400.0,31.4,71.3,Germination,91.2,83.6
Karnataka,Co 86032,2593.0,Red Loam,6.45,63.1,1400.0,31.4,71.5,Tillering,83.6,89.3
Karnataka,Co 86032,2383.0,Red Loam,6.76,61.2,1400.0,31.4,68.6,Grand Growth,89.3,91.2
Karnataka,Co 86032,26846.0,Red Loam,6.14,59.5,1400.0,31.4,70.4,Grand Growth,110.77,110.2
Karnataka,Co 86032,31377.0,Black Soil,7.13,74.7,1400.0,31.4,65.2,Maturity,110.2,131.1
Karnataka,Co 86032,27708.0,Red Loam,6.47,62.1,1400.0,31.4,66.6,Harvest,131.1,131.1
Karnataka,Co 86032,35063.0,Red Loam,6.45,64.0,1400.0,31.4,73.2,Planting,131.1,121.6
Karnataka,Co 86032,29686.0,Red Loam,6.32,66.0,1400.0,31.4,74.3,Germination,121.6,113.05
Karnataka,Co 86032,13042.0,Red Loam,6.37,56.7,1400.0,31.4,71.5,Tillering,113.05,113.05
Karnataka,Co 86032,13131.0,Red Loam,6.53,50.1,1400.0,31.4,64.4,Grand Growth,113.05,105.45
Karnataka,Co 86032,18847.0,Red Loam,6.63,54.9,1400.0,31.4,77.3,Maturity,105.45,110.2
Karnataka,Co 86032,23864.0,Red Loam,6.75,59.7,1400.0,31.4,66.2,Harvest,110.2,97.85
Karnataka,Co 86032,22257.0,Red Loam,5.73,64.1,1400.0,31.4,68.0,Planting,97.85,118.75
Karnataka,Co 86032,24342.0,Red Loam,6.11,58.0,1400.0,31.4,71.0,Germination,118.75,110.2
Karnataka,Co 86032,38031.0,Red Loam,6.27,54.5,1400.0,31.4,70.2,Tillering,110.2,132.05
Karnataka,Co 86032,30966.0,Red Loam,6.75,58.8,1400.0,31.4,69.6,Grand Growth,132.05,132.05
Karnataka,Co 86032,28751.0,Red Loam,6.26,56.5,1400.0,31.4,68.9,Maturity,132.05,120.65
Karnataka,Co 86032,19462.0,Red Loam,6.53,70.7,1400.0,31.4,64.3,Harvest,120.65,128.25
Karnataka,Co 86032,21592.0,Red Loam,5.82,45.1,1400.0,31.4,67.7,Planting,128.25,117.8
Karnataka,Co 86032,19349.0,Red Loam,6.19,57.0,1400.0,31.4,62.3,Maturity,104.9,106.4
Karnataka,Co 86032,11118.0,Black Soil,7.4,75.0,1400.0,31.4,69.3,Harvest,106.4,115.9
Karnataka,Co 86032,8964.0,Red Loam,6.77,47.5,1400.0,31.4,75.9,Planting,115.9,77.9
Karnataka,Co 86032,11009.0,Sandy Loam,6.54,51.9,1400.0,31.4,70.2,Germination,77.9,89.3
Karnataka,Co 86032,13048.0,Red Loam,6.51,57.4,1400.0,31.4,72.3,Tillering,89.3,103.55
Karnataka,Co 86032,9849.0,Red Loam,6.04,65.9,1400.0,31.4,71.7,Grand Growth,103.55,127.3
Karnataka,Co 86032,8744.0,Red Loam,6.77,58.9,1400.0,31.4,71.0,Maturity,127.3,113.05
Karnataka,Co 86032,11178.0,Red Loam,6.95,48.7,1400.0,31.4,63.9,Harvest,113.05,142.5
Karnataka,Co 86032,10002.0,Red Loam,6.5,48.4,1400.0,31.4,60.8,Planting,142.5,117.8
Karnataka,Co 86032,5588.0,Red Loam,6.37,57.3,1400.0,31.4,68.9,Germination,117.8,114.0
Karnataka,Co 86032,8435.0,Red Loam,6.54,59.9,1400.0,31.4,70.2,Tillering,114.0,106.4
Karnataka,Co 86032,12303.0,Red Loam,6.29,48.9,1400.0,31.4,76.0,Grand Growth,106.4,111.15
Karnataka,Co 86032,11500.0,Red Loam,6.47,58.3,1400.0,31.4,70.9,Maturity,111.15,103.55
Karnataka,Co 86032,6545.0,Red Loam,6.2,56.1,1400.0,31.4,68.9,Harvest,103.55,83.6
Karnataka,Co 86032,7995.0,Red Loam,6.31,64.1,1400.0,31.4,69.9,Planting,83.6,85.5
Karnataka,Co 86032,4104.0,Red Loam,6.73,66.4,1400.0,31.4,73.9,Germination,85.5,91.2
Karnataka,Co 86032,1304.0,Red Loam,7.53,58.5,1400.0,31.4,72.6,Harvest,86.22,94.05
Karnataka,Co 86032,88.0,Red Loam,6.4,59.8,1400.0,31.4,72.0,Planting,94.05,100.7
Karnataka,Co 86032,51.0,Red Loam,7.23,52.7,1400.0,31.4,60.9,Germination,100.7,102.61
Karnataka,Co 86032,41.0,Red Loam,6.8,63.9,1400.0,31.4,73.6,Tillering,102.61,80.76
Karnataka,Co 86032,142.0,Red Loam,6.98,56.5,1400.0,31.4,59.6,Grand Growth,80.76,84.55
Karnataka,Co 86032,7.0,Red Loam,6.44,57.4,1400.0,31.4,66.7,Maturity,84.55,65.57
Karnataka,Co 86032,3.0,Red Loam,6.81,60.8,1400.0,31.4,66.3,Harvest,65.57,88.33
Karnataka,Co 86032,15.0,Red Loam,6.53,51.7,1400.0,31.4,61.4,Planting,88.33,87.4
Karnataka,Co 86032,81.0,Red Loam,6.34,63.2,1400.0,31.4,70.3,Germination,87.4,84.56
Karnataka,Co 86032,30.0,Red Loam,6.61,56.7,1400.0,31.4,69.8,Tillering,84.56,95.97
Karnataka,Co 86032,134.0,Red Loam,6.17,57.0,1400.0,31.4,60.9,Grand Growth,95.97,96.9
Karnataka,Co 86032,382.0,Black Soil,7.49,67.0,1400.0,31.4,62.2,Maturity,96.9,83.6
Karnataka,Co 86032,345.0,Red Loam,6.29,55.6,1400.0,31.4,64.8,Harvest,83.6,89.3
Karnataka,Co 86032,295.0,Red Loam,6.89,62.9,1400.0,31.4,77.3,Planting,89.3,91.2
Karnataka,Co 86032,195.0,Red Loam,6.94,54.6,1400.0,31.4,65.8,Harvest,71.94,68.4
Karnataka,Co 86032,936.0,Red Loam,6.29,57.5,1400.0,31.4,63.8,Planting,68.4,92.15
Karnataka,Co 86032,863.0,Red Loam,6.65,52.9,1400.0,31.4,65.1,Germination,92.15,101.65
Karnataka,Co 86032,924.0,Red Loam,6.9,69.4,1400.0,31.4,75.1,Tillering,101.65,109.25
Karnataka,Co 86032,876.0,Red Loam,7.1,49.1,1400.0,31.4,65.1,Grand Growth,109.25,84.55
Karnataka,Co 86032,719.0,Black Soil,6.62,54.7,1400.0,31.4,78.8,Maturity,84.55,92.15
Karnataka,Co 86032,191.0,Red Loam,6.06,56.0,1400.0,31.4,70.9,Harvest,92.15,76.95
Karnataka,Co 86032,1027.0,Red Loam,6.47,51.4,1400.0,31.4,75.4,Planting,76.95,65.55
Karnataka,Co 86032,12141.0,Red Loam,6.94,56.8,1400.0,31.4,57.8,Tillering,140.8,133.0
Karnataka,Co 86032,11398.0,Red Loam,6.01,54.5,1400.0,31.4,69.0,Grand Growth,133.0,117.8
Karnataka,Co 86032,10764.0,Red Loam,6.71,50.0,1400.0,31.4,67.7,Maturity,117.8,118.75
Karnataka,Co 86032,9682.0,Clay Loam,7.16,63.0,1400.0,31.4,68.5,Harvest,118.75,105.45
Karnataka,Co 86032,9961.0,Black Soil,7.11,72.0,1400.0,31.4,66.9,Planting,105.45,131.1
Karnataka,Co 86032,8333.0,Red Loam,6.25,51.5,1400.0,31.4,73.1,Germination,131.1,123.5
Karnataka,Co 86032,5314.0,Red Loam,6.8,51.5,1400.0,31.4,61.9,Tillering,123.5,109.25
Karnataka,Co 86032,7666.0,Red Loam,5.67,62.5,1400.0,31.4,68.3,Grand Growth,109.25,105.45
Karnataka,Co 86032,9044.0,Red Loam,6.7,54.8,1400.0,31.4,69.8,Maturity,105.45,87.4
Karnataka,Co 86032,2625.0,Red Loam,7.04,60.1,1400.0,31.4,74.1,Harvest,87.4,99.75
Karnataka,Co 86032,3739.0,Red Loam,6.33,51.3,1400.0,31.4,63.9,Planting,99.75,121.6
Karnataka,Co 86032,5900.0,Red Loam,6.1,56.9,1400.0,31.4,70.8,Germination,121.6,110.2
Karnataka,Co 86032,4197.0,Red Loam,6.61,52.2,1400.0,31.4,66.8,Tillering,110.2,105.45
Karnataka,Co 86032,3943.0,Red Loam,7.01,62.1,1400.0,31.4,70.6,Grand Growth,105.45,114.0
Karnataka,Co 86032,4915.0,Red Loam,6.05,65.7,1400.0,31.4,78.1,Maturity,114.0,95.95
Karnataka,Co 86032,3940.0,Red Loam,6.4,68.6,1400.0,31.4,69.4,Harvest,95.95,99.75
Karnataka,Co 86032,1732.0,Red Loam,6.5,61.2,1400.0,31.4,69.0,Maturity,105.61,98.8
Karnataka,Co 86032,1674.0,Red Loam,6.75,59.6,1400.0,31.4,69.0,Harvest,98.8,117.8
Karnataka,Co 86032,2327.0,Red Loam,6.96,55.4,1400.0,31.4,69.7,Planting,117.8,102.6
Karnataka,Co 86032,1736.0,Red Loam,6.57,51.1,1400.0,31.4,71.6,Germination,102.6,80.75
Karnataka,Co 86032,1426.0,Red Loam,6.77,53.1,1400.0,31.4,69.1,Tillering,80.75,92.15
Karnataka,Co 86032,574.0,Red Loam,6.04,61.5,1400.0,31.4,66.8,Grand Growth,92.15,66.5
Karnataka,Co 86032,267.0,Red Loam,6.74,53.3,1400.0,31.4,81.5,Maturity,66.5,88.35
Karnataka,Co 86032,1560.0,Red Loam,6.45,58.0,1400.0,31.4,71.5,Harvest,88.35,87.4
Karnataka,Co 86032,2003.0,Red Loam,6.04,66.4,1400.0,31.4,74.2,Planting,87.4,84.55
Karnataka,Co 86032,2063.0,Red Loam,6.41,56.5,1400.0,31.4,75.2,Germination,84.55,86.45
Karnataka,Co 86032,1683.0,Red Loam,6.48,63.6,1400.0,31.4,77.0,Tillering,86.45,112.1
Karnataka,Co 86032,1650.0,Black Soil,7.57,65.6,1400.0,31.4,74.1,Grand Growth,112.1,97.85
Karnataka,Co 86032,2066.0,Red Loam,6.38,53.4,1400.0,31.4,67.7,Maturity,97.85,86.45
Karnataka,Co 86032,1747.0,Red Loam,6.66,62.6,1400.0,31.4,63.7,Harvest,86.45,84.55
Karnataka,Co 86032,1556.0,Red Loam,7.25,55.5,1400.0,31.4,65.4,Planting,84.55,78.85
Karnataka,Co 86032,1670.0,Red Loam,6.73,55.2,1400.0,31.4,70.5,Germination,78.85,104.5
Karnataka,Co 86032,1374.0,Alluvial Soil,7.13,51.9,1400.0,31.4,70.7,Maturity,96.07,93.1
Karnataka,Co 86032,933.0,Red Loam,6.17,53.3,1400.0,31.4,75.2,Harvest,93.1,80.75
Karnataka,Co 86032,345.0,Red Loam,6.9,63.2,1400.0,31.4,70.0,Planting,80.75,84.55
Karnataka,Co 86032,29.0,Red Loam,6.56,60.2,1400.0,31.4,71.4,Germination,84.55,65.55
Karnataka,Co 86032,11.0,Red Loam,6.04,49.5,1400.0,31.4,73.0,Tillering,65.55,88.36
Karnataka,Co 86032,10.0,Red Loam,6.35,53.8,1400.0,31.4,71.5,Grand Growth,88.36,87.4
Karnataka,Co 86032,7.0,Red Loam,6.18,64.6,1400.0,31.4,65.1,Maturity,87.4,84.57
Karnataka,Co 86032,10.0,Red Loam,6.6,52.0,1400.0,31.4,71.8,Harvest,84.57,86.4
Karnataka,Co 86032,56.0,Alluvial Soil,7.55,59.3,1400.0,31.4,70.8,Planting,86.4,95.95
Karnataka,Co 86032,68.0,Red Loam,6.42,60.2,1400.0,31.4,67.3,Germination,95.95,96.9
Karnataka,Co 86032,56.0,Red Loam,5.88,55.2,1400.0,31.4,70.1,Tillering,96.9,91.2
Karnataka,Co 86032,66.0,Red Loam,6.13,58.8,1400.0,31.4,68.6,Grand Growth,91.2,83.61
Karnataka,Co 86032,55.0,Sandy Loam,7.34,56.3,1400.0,31.4,77.5,Maturity,83.61,89.31
Karnataka,Co 86032,42.0,Red Loam,6.43,47.1,1400.0,31.4,61.9,Harvest,89.31,91.19
Karnataka,Co 86032,1804.0,Red Loam,6.87,46.3,1400.0,31.4,70.5,Germination,55.11,55.1
Karnataka,Co 86032,1616.0,Red Loam,5.97,50.8,1400.0,31.4,66.6,Tillering,55.1,101.65
Karnataka,Co 86032,1361.0,Red Loam,6.4,55.9,1400.0,31.4,71.6,Grand Growth,101.65,93.1
Karnataka,Co 86032,1358.0,Red Loam,6.98,57.0,1400.0,31.4,67.9,Maturity,93.1,80.75
Karnataka,Co 86032,1033.0,Red Loam,6.66,63.4,1400.0,31.4,68.7,Harvest,80.75,62.7
Karnataka,Co 86032,893.0,Red Loam,6.32,67.5,1400.0,31.4,74.1,Planting,62.7,65.55
Karnataka,Co 86032,1029.0,Red Loam,6.23,58.7,1400.0,31.4,73.6,Germination,65.55,88.35
Karnataka,Co 86032,1247.0,Red Loam,5.98,51.4,1400.0,31.4,65.2,Tillering,88.35,87.4
Karnataka,Co 86032,1484.0,Red Loam,6.04,55.6,1400.0,31.4,64.1,Grand Growth,87.4,84.55
Karnataka,Co 86032,1242.0,Red Loam,6.77,54.7,1400.0,31.4,59.6,Maturity,84.55,86.45
Karnataka,Co 86032,1256.0,Red Loam,7.4,66.6,1400.0,31.4,66.9,Harvest,86.45,83.6
Karnataka,Co 86032,1290.0,Red Loam,5.7,65.4,1400.0,31.4,72.2,Planting,83.6,106.4
Karnataka,Co 86032,2744.0,Red Loam,5.99,61.0,1400.0,31.4,62.5,Germination,106.4,55.1
Karnataka,Co 86032,3079.0,Red Loam,6.48,56.7,1400.0,31.4,72.2,Tillering,55.1,106.4
Karnataka,Co 86032,5324.0,Red Loam,6.45,56.2,1400.0,31.4,64.6,Grand Growth,106.4,78.85
Karnataka,Co 86032,6207.0,Red Loam,6.35,52.9,1400.0,31.4,69.8,Maturity,78.85,77.9
Karnataka,Co 86032,135.0,Red Loam,5.92,50.9,1400.0,31.4,64.1,Grand Growth,104.36,96.9
Karnataka,Co 86032,278.0,Red Loam,6.48,63.6,1400.0,31.4,60.0,Maturity,96.9,91.2
Karnataka,Co 86032,1171.0,Red Loam,5.8,63.6,1400.0,31.4,73.6,Harvest,91.2,83.6
Karnataka,Co 86032,1207.0,Red Loam,6.38,54.5,1400.0,31.4,66.3,Planting,83.6,89.3
Karnataka,Co 86032,862.0,Red Loam,6.38,52.8,1400.0,31.4,67.2,Germination,89.3,91.2
Kerala,Co 86032,192.0,Alluvial Soil,6.93,53.6,1400.0,31.4,77.7,Harvest,45.0,21.82
Kerala,Co 86032,92.0,Alluvial Soil,6.91,50.4,1400.0,31.4,64.8,Planting,21.82,31.41
Kerala,Co 86032,116.0,Alluvial Soil,7.24,54.6,1400.0,31.4,61.9,Germination,31.41,68.1
Kerala,Co 86032,104.0,Alluvial Soil,7.07,59.8,1400.0,31.4,68.2,Tillering,68.1,68.08
Kerala,Co 86032,120.0,Alluvial Soil,7.15,54.5,1400.0,31.4,66.1,Grand Growth,68.08,68.08
Kerala,Co 86032,162.0,Alluvial Soil,7.39,60.7,1400.0,31.4,60.4,Maturity,68.08,68.09
Kerala,Co 86032,152.0,Alluvial Soil,7.16,52.2,1400.0,31.4,78.4,Harvest,68.09,68.09
Kerala,Co 86032,8.0,Alluvial Soil,7.11,52.1,1400.0,31.4,70.7,Planting,68.09,55.0
Kerala,Co 86032,48.0,Alluvial Soil,7.19,61.5,1400.0,31.4,71.6,Germination,55.0,59.58
Kerala,Co 86032,25.0,Alluvial Soil,6.83,53.5,1400.0,31.4,66.2,Tillering,59.58,74.8
Kerala,Co 86032,60.0,Alluvial Soil,6.91,58.9,1400.0,31.4,74.6,Grand Growth,74.8,92.17
Kerala,Co 86032,66.0,Alluvial Soil,7.41,46.1,1400.0,31.4,67.4,Maturity,92.17,87.73
Kerala,Co 86032,54.25,Alluvial Soil,7.29,54.6,1400.0,31.4,66.8,Harvest,87.73,87.59
Kerala,Co 86032,94.93,Alluvial Soil,7.13,51.7,1400.0,31.4,68.2,Planting,87.59,87.82
Kerala,Co 86032,73.0,Alluvial Soil,7.47,54.0,1400.0,31.4,75.8,Germination,87.82,8.75
Kerala,Co 86032,45.0,Alluvial Soil,6.89,55.8,1400.0,31.4,74.5,Tillering,45.0,8.96
Kerala,Co 86032,54.9,Alluvial Soil,7.08,58.2,1400.0,31.4,71.0,Grand Growth,45.0,0.46
Kerala,Co 86032,12.0,Alluvial Soil,6.75,62.1,1400.0,31.4,64.0,Tillering,72.18,70.0
Kerala,Co 86032,15.0,Alluvial Soil,7.79,60.8,1400.0,31.4,71.7,Grand Growth,70.0,126.0
Kerala,Co 86032,14.0,Alluvial Soil,7.24,56.7,1400.0,31.4,67.3,Maturity,126.0,125.71
Kerala,Co 86032,12.0,Alluvial Soil,7.06,54.1,1400.0,31.4,69.0,Harvest,125.71,125.83
Kerala,Co 86032,8.0,Alluvial Soil,7.16,47.3,1400.0,31.4,71.8,Planting,125.83,126.25
Kerala,Co 86032,1.0,Alluvial Soil,7.0,69.3,1400.0,31.4,73.5,Germination,126.25,130.0
Kerala,Co 86032,1.0,Alluvial Soil,7.33,61.5,1400.0,31.4,68.0,Tillering,130.0,130.0
Kerala,Co 86032,6.0,Alluvial Soil,7.08,61.9,1400.0,31.4,63.5,Grand Growth,130.0,66.67
Kerala,Co 86032,8.0,Red Loam,7.03,50.8,1400.0,31.4,75.3,Maturity,66.67,28.75
Kerala,Co 86032,2894.0,Alluvial Soil,6.87,71.7,1400.0,31.4,66.9,Grand Growth,70.15,69.99
Kerala,Co 86032,2624.0,Alluvial Soil,7.32,58.5,1400.0,31.4,63.2,Maturity,69.99,84.47
Kerala,Co 86032,1318.0,Alluvial Soil,7.44,61.4,1400.0,31.4,68.1,Harvest,84.47,84.47
Kerala,Co 86032,1344.0,Alluvial Soil,7.37,57.6,1400.0,31.4,65.9,Planting,84.47,84.46
Kerala,Co 86032,1473.0,Alluvial Soil,6.47,60.9,1400.0,31.4,57.9,Germination,84.46,84.47
Kerala,Co 86032,1595.0,Alluvial Soil,7.04,56.7,1400.0,31.4,69.9,Tillering,84.47,84.4
Kerala,Co 86032,790.0,Alluvial Soil,7.32,66.8,1400.0,31.4,64.4,Grand Growth,84.4,84.39
Kerala,Co 86032,760.0,Alluvial Soil,7.81,54.4,1400.0,31.4,66.8,Maturity,84.39,67.89
Kerala,Co 86032,781.0,Alluvial Soil,6.81,50.2,1400.0,31.4,68.7,Harvest,67.89,62.43
Kerala,Co 86032,2105.0,Alluvial Soil,7.43,56.5,1400.0,31.4,71.7,Planting,62.43,60.93
Kerala,Co 86032,2487.0,Alluvial Soil,6.88,57.8,1400.0,31.4,59.3,Germination,60.93,76.94
Kerala,Co 86032,2201.0,Alluvial Soil,6.73,67.5,1400.0,31.4,79.2,Tillering,76.94,100.88
Kerala,Co 86032,2173.53,Alluvial Soil,6.66,54.6,1400.0,31.4,79.5,Grand Growth,100.88,100.03
Kerala,Co 86032,2123.82,Alluvial Soil,7.04,48.6,1400.0,31.4,70.3,Maturity,100.03,106.98
Kerala,Co 86032,1371.0,Alluvial Soil,6.64,64.2,1400.0,31.4,76.8,Harvest,106.98,10.45
Kerala,Co 86032,1660.0,Alluvial Soil,7.02,58.6,1400.0,31.4,69.1,Planting,45.0,10.58
Kerala,Co 86032,1068.9,Alluvial Soil,7.38,60.5,1400.0,31.4,71.4,Germination,45.0,10.77
Kerala,Co 86032,20.0,Alluvial Soil,6.6,56.1,1400.0,31.4,70.1,Planting,74.99,70.5
Kerala,Co 86032,4.0,Alluvial Soil,6.89,50.1,1400.0,31.4,67.1,Germination,70.5,162.5
Kerala,Co 86032,5.0,Black Soil,7.79,80.9,1400.0,31.4,73.4,Tillering,162.5,162.0
Kerala,Co 86032,5.0,Alluvial Soil,7.16,57.1,1400.0,31.4,72.4,Grand Growth,162.0,162.0
Kerala,Co 86032,3.0,Alluvial Soil,7.16,53.8,1400.0,31.4,70.1,Maturity,162.0,163.33
Kerala,Co 86032,4.0,Alluvial Soil,7.31,56.1,1400.0,31.4,72.9,Harvest,163.33,162.5
Kerala,Co 86032,8.0,Alluvial Soil,7.2,56.6,1400.0,31.4,70.2,Planting,162.5,97.5
Kerala,Co 86032,2.0,Alluvial Soil,6.27,63.8,1400.0,31.4,68.9,Germination,97.5,15.0
Kerala,Co 86032,2.0,Alluvial Soil,6.69,58.9,1400.0,31.4,71.1,Tillering,45.0,25.0
Kerala,Co 86032,40.0,Alluvial Soil,6.91,55.0,1400.0,31.4,69.4,Grand Growth,25.0,180.5
Kerala,Co 86032,1.0,Alluvial Soil,7.19,62.9,1400.0,31.4,64.4,Maturity,180.5,150.0
Kerala,Co 86032,1.24,Alluvial Soil,6.81,56.5,1400.0,31.4,70.0,Harvest,150.0,141.28
Kerala,Co 86032,2.58,Alluvial Soil,7.32,57.1,1400.0,31.4,81.8,Planting,141.28,115.0
Kerala,Co 86032,4.0,Alluvial Soil,7.16,44.6,1400.0,31.4,62.3,Germination,115.0,11.25
Kerala,Co 86032,1.0,Alluvial Soil,6.76,57.6,1400.0,31.4,68.2,Tillering,45.0,9.0
Kerala,Co 86032,3.43,Alluvial Soil,7.04,54.7,1400.0,31.4,67.7,Grand Growth,45.0,13.41
Kerala,Co 86032,2.0,Alluvial Soil,7.17,55.2,1400.0,31.4,76.4,Germination,45.0,20.0
Kerala,Co 86032,2.0,Alluvial Soil,7.27,57.6,1400.0,31.4,66.2,Tillering,45.0,35.0
Kerala,Co 86032,3.0,Alluvial Soil,7.26,52.7,1400.0,31.4,76.5,Grand Growth,35.0,36.67
Kerala,Co 86032,6.0,Sandy Loam,7.17,57.3,1400.0,31.4,64.9,Maturity,36.67,36.67
Kerala,Co 86032,1.0,Sandy Loam,6.46,58.3,1400.0,31.4,73.2,Harvest,36.67,40.0
Kerala,Co 86032,2.0,Alluvial Soil,7.32,64.0,1400.0,31.4,77.7,Planting,40.0,40.0
Kerala,Co 86032,2.0,Red Loam,6.68,53.4,1400.0,31.4,64.2,Germination,40.0,5.0
Kerala,Co 86032,2.0,Alluvial Soil,6.96,50.2,1400.0,31.4,72.7,Tillering,45.0,10.0
Kerala,Co 86032,1.0,Alluvial Soil,6.88,67.7,1400.0,31.4,64.5,Grand Growth,50.68,50.0
Kerala,Co 86032,1.0,Alluvial Soil,7.46,47.2,1400.0,31.4,62.1,Maturity,50.0,60.0
Kerala,Co 86032,1.01,Alluvial Soil,7.32,46.1,1400.0,31.4,63.5,Harvest,60.0,31.05
Kerala,Co 86032,0.63,Alluvial Soil,6.88,40.2,1400.0,31.4,66.3,Planting,31.05,7.94
Kerala,Co 86032,2.0,Alluvial Soil,7.13,48.3,1400.0,31.4,72.0,Germination,45.0,3.0
Kerala,Co 86032,3.0,Clay Loam,7.25,75.6,1400.0,31.4,66.5,Grand Growth,106.09,103.33
Kerala,Co 86032,6.0,Alluvial Soil,7.05,46.3,1400.0,31.4,71.8,Maturity,103.33,103.33
Kerala,Co 86032,1.0,Sandy Loam,6.89,49.4,1400.0,31.4,69.7,Harvest,103.33,100.0
Kerala,Co 86032,2.0,Alluvial Soil,6.7,62.0,1400.0,31.4,73.8,Planting,100.0,100.0
Kerala,Co 86032,3.0,Alluvial Soil,7.19,50.8,1400.0,31.4,58.6,Germination,100.0,100.0
Kerala,Co 86032,2.0,Alluvial Soil,7.15,60.5,1400.0,31.4,69.4,Tillering,100.0,60.0
Kerala,Co 86032,1.0,Clay Loam,6.47,69.5,1400.0,31.4,66.2,Grand Growth,60.0,20.0
Kerala,Co 86032,2.0,Alluvial Soil,7.07,55.2,1400.0,31.4,68.8,Maturity,45.0,20.0
Kerala,Co 86032,137.0,Sandy Loam,6.3,53.1,1400.0,31.4,73.2,Tillering,88.32,87.81
Kerala,Co 86032,81.0,Alluvial Soil,7.07,46.4,1400.0,31.4,61.2,Grand Growth,87.81,47.04
Kerala,Co 86032,28.0,Alluvial Soil,6.96,73.6,1400.0,31.4,67.3,Maturity,47.04,46.43
Kerala,Co 86032,34.0,Alluvial Soil,6.58,50.8,1400.0,31.4,68.7,Harvest,46.43,48.24
Kerala,Co 86032,36.0,Alluvial Soil,7.62,47.5,1400.0,31.4,70.2,Planting,48.24,48.33
Kerala,Co 86032,41.0,Alluvial Soil,7.2,67.6,1400.0,31.4,75.0,Germination,48.33,48.29
Kerala,Co 86032,47.0,Alluvial Soil,7.07,55.9,1400.0,31.4,75.4,Tillering,48.29,48.3
Kerala,Co 86032,14.0,Alluvial Soil,7.35,50.8,1400.0,31.4,63.0,Grand Growth,48.3,64.29
Kerala,Co 86032,67.0,Red Loam,6.25,62.7,1400.0,31.4,66.2,Maturity,64.29,40.75
Kerala,Co 86032,29.0,Alluvial Soil,7.1,62.8,1400.0,31.4,75.9,Harvest,40.75,34.48
Kerala,Co 86032,8.0,Alluvial Soil,6.49,57.6,1400.0,31.4,75.9,Planting,34.48,68.75
Kerala,Co 86032,31.0,Alluvial Soil,7.22,49.9,1400.0,31.4,75.8,Germination,68.75,47.42
Kerala,Co 86032,18.63,Alluvial Soil,7.35,68.9,1400.0,31.4,64.4,Tillering,47.42,88.76
Kerala,Co 86032,11.0,Alluvial Soil,7.17,69.7,1400.0,31.4,63.3,Grand Growth,88.76,94.03
Kerala,Co 86032,13.0,Alluvial Soil,7.41,53.3,1400.0,31.4,64.3,Maturity,94.03,8.38
Kerala,Co 86032,7.0,Alluvial Soil,7.34,63.3,1400.0,31.4,75.7,Harvest,45.0,7.71
Kerala,Co 86032,10.21,Alluvial Soil,6.64,53.0,1400.0,31.4,61.5,Planting,45.0,7.15
Kerala,Co 86032,15.0,Alluvial Soil,6.96,55.2,1400.0,31.4,74.9,Harvest,71.18,76.67
Kerala,Co 86032,13.0,Alluvial Soil,6.86,55.3,1400.0,31.4,73.4,Planting,76.67,100.0
Kerala,Co 86032,2.0,Alluvial Soil,7.13,51.7,1400.0,31.4,71.9,Germination,100.0,100.0
Kerala,Co 86032,1.0,Alluvial Soil,7.09,60.2,1400.0,31.4,65.5,Tillering,100.0,100.0
Kerala,Co 86032,6.0,Alluvial Soil,6.87,45.6,1400.0,31.4,73.4,Tillering,72.93,76.67
Kerala,Co 86032,4.0,Alluvial Soil,6.96,55.5,1400.0,31.4,71.6,Grand Growth,76.67,100.0
Kerala,Co 86032,5.0,Alluvial Soil,6.92,61.4,1400.0,31.4,58.4,Maturity,100.0,102.0
Kerala,Co 86032,7.0,Alluvial Soil,7.08,66.3,1400.0,31.4,66.7,Harvest,102.0,101.43
Kerala,Co 86032,11.0,Clay Loam,6.56,69.1,1400.0,31.4,61.9,Planting,101.43,101.82
Kerala,Co 86032,4.0,Alluvial Soil,7.25,61.4,1400.0,31.4,70.0,Germination,101.82,102.5
Kerala,Co 86032,3.0,Clay Loam,6.41,66.9,1400.0,31.4,65.2,Tillering,102.5,103.33
Kerala,Co 86032,1.0,Alluvial Soil,7.0,61.7,1400.0,31.4,72.6,Grand Growth,103.33,90.0
Kerala,Co 86032,2653.0,Alluvial Soil,7.55,49.1,1400.0,31.4,66.0,Tillering,89.83,89.25
Kerala,Co 86032,2713.0,Alluvial Soil,7.0,56.0,1400.0,31.4,68.0,Grand Growth,89.25,123.38
Kerala,Co 86032,1643.0,Alluvial Soil,7.4,56.8,1400.0,31.4,74.7,Maturity,123.38,85.07
Kerala,Co 86032,1610.0,Alluvial Soil,7.34,53.5,1400.0,31.4,69.1,Harvest,85.07,85.07
Kerala,Co 86032,1989.0,Alluvial Soil,7.2,59.7,1400.0,31.4,72.0,Planting,85.07,85.07
Kerala,Co 86032,1592.0,Alluvial Soil,7.72,68.2,1400.0,31.4,73.6,Germination,85.07,85.1
Kerala,Co 86032,790.0,Alluvial Soil,6.91,63.2,1400.0,31.4,62.0,Tillering,85.1,85.1
Kerala,Co 86032,360.0,Alluvial Soil,7.62,49.0,1400.0,31.4,64.4,Grand Growth,85.1,96.81
Kerala,Co 86032,222.0,Alluvial Soil,7.56,55.2,1400.0,31.4,77.2,Maturity,96.81,45.59
Kerala,Co 86032,772.0,Alluvial Soil,7.17,51.6,1400.0,31.4,80.1,Harvest,45.59,35.16
Kerala,Co 86032,772.0,Alluvial Soil,7.09,54.8,1400.0,31.4,64.0,Planting,35.16,87.6
Kerala,Co 86032,647.0,Sandy Loam,6.66,48.6,1400.0,31.4,70.2,Germination,87.6,84.62
Kerala,Co 86032,567.79,Clay Loam,6.91,79.1,1400.0,31.4,69.6,Tillering,84.62,82.4
Kerala,Co 86032,329.43,Alluvial Soil,7.82,51.0,1400.0,31.4,72.0,Grand Growth,82.4,76.02
Kerala,Co 86032,264.0,Black Soil,7.21,71.8,1400.0,31.4,72.8,Maturity,76.02,5.33
Kerala,Co 86032,473.0,Alluvial Soil,7.68,69.0,1400.0,31.4,69.5,Harvest,45.0,8.36
Kerala,Co 86032,371.81,Alluvial Soil,7.25,58.5,1400.0,31.4,68.1,Planting,45.0,8.45
Kerala,Co 86032,227.0,Alluvial Soil,6.7,60.3,1400.0,31.4,61.8,Harvest,54.23,55.42
Kerala,Co 86032,230.0,Alluvial Soil,7.43,64.9,1400.0,31.4,76.6,Planting,55.42,48.87
Kerala,Co 86032,224.0,Alluvial Soil,7.57,57.6,1400.0,31.4,65.9,Germination,48.87,48.88
Kerala,Co 86032,142.0,Alluvial Soil,7.11,63.6,1400.0,31.4,80.1,Tillering,48.88,48.87
Kerala,Co 86032,95.0,Red Loam,6.85,42.3,1400.0,31.4,68.9,Grand Growth,48.87,48.84
Kerala,Co 86032,129.0,Alluvial Soil,6.83,49.3,1400.0,31.4,65.4,Maturity,48.84,48.84
Kerala,Co 86032,123.0,Alluvial Soil,7.63,50.0,1400.0,31.4,72.5,Harvest,48.84,48.86
Kerala,Co 86032,55.0,Alluvial Soil,7.35,54.3,1400.0,31.4,66.0,Planting,48.86,36.73
Kerala,Co 86032,36.0,Alluvial Soil,6.78,62.5,1400.0,31.4,70.7,Germination,36.73,33.33
Kerala,Co 86032,45.0,Alluvial Soil,7.21,55.3,1400.0,31.4,61.7,Tillering,33.33,9.78
Kerala,Co 86032,9.0,Alluvial Soil,7.51,58.8,1400.0,31.4,67.3,Maturity,229.29,80.0
Kerala,Co 86032,23.75,Red Loam,6.38,62.6,1400.0,31.4,62.6,Harvest,80.0,43.0
Kerala,Co 86032,25.28,Alluvial Soil,6.8,51.3,1400.0,31.4,49.2,Planting,43.0,44.26
Kerala,Co 86032,10.0,Alluvial Soil,6.99,56.1,1400.0,31.4,72.3,Germination,44.26,4.4
Kerala,Co 86032,16.0,Alluvial Soil,7.26,63.2,1400.0,31.4,64.7,Tillering,45.0,10.56
Kerala,Co 86032,5.3,Alluvial Soil,6.25,63.6,1400.0,31.4,71.3,Grand Growth,45.0,10.0
Kerala,Co 86032,2.0,Alluvial Soil,6.67,56.1,1400.0,31.4,77.3,Tillering,76.68,75.0
Kerala,Co 86032,2.0,Alluvial Soil,7.54,61.2,1400.0,31.4,74.2,Grand Growth,75.0,100.0
Kerala,Co 86032,1.0,Alluvial Soil,7.1,59.3,1400.0,31.4,76.1,Maturity,100.0,100.0
Kerala,Co 86032,2.0,Alluvial Soil,6.99,52.4,1400.0,31.4,68.3,Harvest,100.0,60.0
Kerala,Co 86032,1.0,Alluvial Soil,7.25,65.7,1400.0,31.4,73.0,Planting,60.0,20.0
Kerala,Co 86032,1.0,Alluvial Soil,6.73,54.1,1400.0,31.4,67.6,Germination,45.0,40.0
Kerala,Co 86032,1.0,Alluvial Soil,6.98,51.4,1400.0,31.4,72.7,Tillering,98.56,100.0
Kerala,Co 86032,2.0,Alluvial Soil,6.9,49.3,1400.0,31.4,71.7,Grand Growth,100.0,100.0
Kerala,Co 86032,2.0,Alluvial Soil,7.47,48.5,1400.0,31.4,60.3,Maturity,100.0,100.0
Kerala,Co 86032,9.0,Alluvial Soil,7.1,63.8,1400.0,31.4,72.1,Harvest,100.0,100.0
Kerala,Co 86032,1.0,Alluvial Soil,7.08,53.4,1400.0,31.4,73.2,Planting,100.0,100.0
Kerala,Co 86032,1.0,Alluvial Soil,6.64,63.0,1400.0,31.4,67.2,Germination,100.0,100.0
Kerala,Co 86032,2.0,Alluvial Soil,7.31,60.0,1400.0,31.4,70.3,Tillering,100.0,70.0
Kerala,Co 86032,1.0,Alluvial Soil,6.94,65.6,1400.0,31.4,69.4,Grand Growth,70.0,2.0
Kerala,Co 86032,0.29,Alluvial Soil,7.28,54.4,1400.0,31.4,70.8,Maturity,45.0,10.34
Kerala,Co 86032,0.24,Alluvial Soil,6.51,60.7,1400.0,31.4,66.0,Harvest,45.0,8.33
Kerala,Co 86032,1.0,Alluvial Soil,7.03,58.3,1400.0,31.4,75.4,Harvest,94.47,100.0
Kerala,Co 86032,2.0,Alluvial Soil,7.18,67.1,1400.0,31.4,68.9,Planting,100.0,100.0
Kerala,Co 86032,4.0,Alluvial Soil,7.24,67.0,1400.0,31.4,65.7,Germination,100.0,100.0
Kerala,Co 86032,5.0,Alluvial Soil,7.06,52.1,1400.0,31.4,59.4,Tillering,100.0,100.0
Kerala,Co 86032,2.0,Alluvial Soil,7.42,61.6,1400.0,31.4,66.0,Grand Growth,100.0,100.0
Kerala,Co 86032,2.0,Alluvial Soil,7.63,51.5,1400.0,31.4,72.6,Maturity,100.0,100.0
Kerala,Co 86032,2.0,Alluvial Soil,7.24,46.9,1400.0,31.4,68.9,Harvest,100.0,90.0
Kerala,Co 86032,1.0,Alluvial Soil,6.73,50.4,1400.0,31.4,67.0,Planting,90.0,30.0
Kerala,Co 86032,1.0,Alluvial Soil,6.76,63.8,1400.0,31.4,71.0,Germination,30.0,30.0
Kerala,Co 86032,2.47,Alluvial Soil,7.15,58.3,1400.0,31.4,66.7,Tillering,30.0,7.13
Madhya Pradesh,Co 86032,14.0,Black Soil,7.47,63.1,1400.0,31.4,65.2,Germination,45.0,37.86
Madhya Pradesh,Co 86032,3.0,Black Soil,7.05,70.3,1400.0,31.4,82.6,Harvest,45.0,30.0
Madhya Pradesh,Co 86032,1.0,Black Soil,8.47,66.2,1400.0,31.4,64.7,Planting,30.0,30.0
Madhya Pradesh,Co 86032,6.0,Black Soil,7.75,69.5,1400.0,31.4,72.6,Germination,30.0,36.67
Madhya Pradesh,Co 86032,8.0,Black Soil,7.58,82.1,1400.0,31.4,72.6,Tillering,36.67,50.0
Madhya Pradesh,Co 86032,9.0,Black Soil,7.5,85.0,1400.0,31.4,73.1,Grand Growth,45.0,25.56
Madhya Pradesh,Co 86032,7.0,Black Soil,7.45,70.8,1400.0,31.4,68.4,Maturity,25.56,25.71
Madhya Pradesh,Co 86032,8.0,Black Soil,7.44,71.9,1400.0,31.4,68.0,Harvest,25.71,36.25
Madhya Pradesh,Co 86032,7.0,Red Loam,6.68,58.5,1400.0,31.4,73.1,Planting,36.25,22.86
Madhya Pradesh,Co 86032,15.0,Black Soil,7.04,73.4,1400.0,31.4,72.0,Germination,22.86,36.0
Madhya Pradesh,Co 86032,16.0,Black Soil,7.75,61.5,1400.0,31.4,72.3,Tillering,36.0,32.5
Madhya Pradesh,Co 86032,2.0,Black Soil,7.82,69.4,1400.0,31.4,70.1,Grand Growth,32.5,15.0
Madhya Pradesh,Co 86032,526.0,Black Soil,7.25,62.3,1400.0,31.4,60.6,Tillering,45.0,23.19
Madhya Pradesh,Co 86032,374.0,Black Soil,7.08,71.9,1400.0,31.4,75.0,Grand Growth,23.19,23.21
Madhya Pradesh,Co 86032,578.0,Black Soil,7.63,73.1,1400.0,31.4,63.8,Maturity,23.21,21.87
Madhya Pradesh,Co 86032,769.0,Black Soil,7.5,76.0,1400.0,31.4,69.6,Harvest,21.87,24.85
Madhya Pradesh,Co 86032,1138.0,Black Soil,7.35,64.5,1400.0,31.4,65.0,Planting,24.85,24.52
Madhya Pradesh,Co 86032,1007.0,Black Soil,7.11,73.6,1400.0,31.4,72.3,Germination,24.52,24.85
Madhya Pradesh,Co 86032,612.0,Black Soil,6.57,69.3,1400.0,31.4,75.7,Tillering,24.85,24.2
Madhya Pradesh,Co 86032,657.0,Black Soil,7.55,60.9,1400.0,31.4,72.1,Grand Growth,24.2,18.25
Madhya Pradesh,Co 86032,511.0,Black Soil,7.75,67.8,1400.0,31.4,75.6,Maturity,45.0,22.37
Madhya Pradesh,Co 86032,418.0,Sandy Loam,6.56,46.2,1400.0,31.4,75.1,Harvest,22.37,34.69
Madhya Pradesh,Co 86032,233.0,Black Soil,7.77,66.2,1400.0,31.4,68.9,Planting,34.69,32.96
Madhya Pradesh,Co 86032,1767.0,Red Loam,6.52,57.1,1400.0,31.4,66.1,Grand Growth,45.0,32.0
Madhya Pradesh,Co 86032,1333.0,Sandy Loam,6.41,62.5,1400.0,31.4,71.6,Maturity,32.0,43.32
Madhya Pradesh,Co 86032,1847.0,Black Soil,7.73,68.4,1400.0,31.4,68.4,Harvest,43.32,20.26
Madhya Pradesh,Co 86032,963.0,Black Soil,6.87,68.0,1400.0,31.4,74.3,Planting,20.26,39.98
Madhya Pradesh,Co 86032,835.0,Black Soil,6.96,66.8,1400.0,31.4,72.1,Germination,39.98,43.31
Madhya Pradesh,Co 86032,1210.0,Black Soil,7.28,67.9,1400.0,31.4,58.0,Tillering,43.31,39.98
Madhya Pradesh,Co 86032,755.0,Black Soil,7.35,71.3,1400.0,31.4,69.8,Grand Growth,39.98,39.97
Madhya Pradesh,Co 86032,920.0,Black Soil,7.53,58.4,1400.0,31.4,72.6,Maturity,39.97,41.27
Madhya Pradesh,Co 86032,701.0,Red Loam,6.57,56.0,1400.0,31.4,70.4,Harvest,41.27,39.99
Madhya Pradesh,Co 86032,1032.0,Clay Loam,7.12,75.0,1400.0,31.4,73.6,Planting,39.99,39.97
Madhya Pradesh,Co 86032,784.0,Black Soil,7.57,70.2,1400.0,31.4,61.4,Germination,39.97,49.96
Madhya Pradesh,Co 86032,918.0,Black Soil,6.75,72.7,1400.0,31.4,68.1,Tillering,49.96,49.97
Madhya Pradesh,Co 86032,729.0,Red Loam,6.84,56.6,1400.0,31.4,58.4,Grand Growth,49.97,49.97
Madhya Pradesh,Co 86032,970.0,Black Soil,7.29,66.3,1400.0,31.4,71.1,Maturity,49.97,37.11
Madhya Pradesh,Co 86032,684.0,Black Soil,7.22,75.2,1400.0,31.4,66.5,Harvest,37.11,49.97
Madhya Pradesh,Co 86032,912.0,Black Soil,7.58,72.1,1400.0,31.4,63.0,Planting,49.97,53.3
Madhya Pradesh,Co 86032,3440.0,Black Soil,7.28,74.8,1400.0,31.4,71.4,Maturity,45.0,21.24
Madhya Pradesh,Co 86032,2255.0,Black Soil,7.51,83.1,1400.0,31.4,62.2,Harvest,21.24,37.53
Madhya Pradesh,Co 86032,3425.0,Black Soil,7.74,81.5,1400.0,31.4,70.8,Planting,37.53,9.83
Madhya Pradesh,Co 86032,2322.0,Black Soil,7.72,63.7,1400.0,31.4,66.4,Germination,45.0,31.37
Madhya Pradesh,Co 86032,412.0,Black Soil,7.34,75.7,1400.0,31.4,76.6,Tillering,31.37,36.04
Madhya Pradesh,Co 86032,2155.0,Black Soil,7.6,78.5,1400.0,31.4,71.2,Grand Growth,36.04,34.73
Madhya Pradesh,Co 86032,158.0,Black Soil,7.0,62.8,1400.0,31.4,66.5,Maturity,34.73,29.68
Madhya Pradesh,Co 86032,2046.0,Black Soil,7.85,61.9,1400.0,31.4,71.5,Harvest,29.68,26.31
Madhya Pradesh,Co 86032,257.0,Black Soil,7.54,74.2,1400.0,31.4,66.8,Planting,26.31,30.7
Madhya Pradesh,Co 86032,2184.0,Black Soil,7.49,72.8,1400.0,31.4,61.4,Germination,30.7,24.12
Madhya Pradesh,Co 86032,563.0,Black Soil,7.53,66.3,1400.0,31.4,63.4,Tillering,24.12,28.51
Madhya Pradesh,Co 86032,1503.0,Black Soil,7.63,63.9,1400.0,31.4,64.4,Grand Growth,28.51,24.56
Madhya Pradesh,Co 86032,971.0,Black Soil,7.06,85.0,1400.0,31.4,66.9,Maturity,24.56,35.09
Madhya Pradesh,Co 86032,1283.0,Black Soil,7.27,69.2,1400.0,31.4,69.6,Harvest,35.09,29.17
Madhya Pradesh,Co 86032,1577.0,Black Soil,7.48,81.1,1400.0,31.4,62.2,Planting,29.17,48.55
Madhya Pradesh,Co 86032,1241.0,Black Soil,7.58,64.3,1400.0,31.4,69.7,Germination,48.55,41.68
Madhya Pradesh,Co 86032,4116.0,Black Soil,7.11,71.2,1400.0,31.4,71.2,Germination,45.0,29.94
Madhya Pradesh,Co 86032,3865.0,Black Soil,7.46,65.5,1400.0,31.4,75.8,Tillering,29.94,44.73
Madhya Pradesh,Co 86032,5226.0,Black Soil,6.77,72.3,1400.0,31.4,70.0,Grand Growth,44.73,21.13
Madhya Pradesh,Co 86032,3211.0,Black Soil,7.81,69.1,1400.0,31.4,75.4,Maturity,21.13,42.13
Madhya Pradesh,Co 86032,3387.0,Black Soil,7.27,65.3,1400.0,31.4,60.9,Harvest,42.13,43.43
Madhya Pradesh,Co 86032,5452.0,Black Soil,7.36,69.0,1400.0,31.4,76.4,Planting,43.43,44.72
Madhya Pradesh,Co 86032,5700.0,Black Soil,8.18,64.7,1400.0,31.4,67.2,Germination,44.72,41.48
Madhya Pradesh,Co 86032,3825.0,Black Soil,7.1,67.5,1400.0,31.4,80.3,Tillering,41.48,43.59
Madhya Pradesh,Co 86032,4598.0,Black Soil,7.15,68.4,1400.0,31.4,58.0,Grand Growth,43.59,42.29
Madhya Pradesh,Co 86032,6406.0,Black Soil,7.07,66.1,1400.0,31.4,73.5,Maturity,42.29,45.54
Madhya Pradesh,Co 86032,5394.0,Black Soil,7.14,65.9,1400.0,31.4,71.0,Harvest,45.54,44.89
Madhya Pradesh,Co 86032,3762.0,Black Soil,7.64,62.0,1400.0,31.4,74.1,Planting,44.89,45.54
Madhya Pradesh,Co 86032,4069.0,Black Soil,6.97,75.3,1400.0,31.4,67.6,Germination,45.54,35.83
Madhya Pradesh,Co 86032,4150.0,Black Soil,6.97,70.0,1400.0,31.4,66.7,Tillering,35.83,39.05
Madhya Pradesh,Co 86032,4035.0,Black Soil,7.52,68.5,1400.0,31.4,68.4,Grand Growth,39.05,56.29
Madhya Pradesh,Co 86032,4861.0,Black Soil,7.66,66.3,1400.0,31.4,68.8,Maturity,56.29,61.12
Madhya Pradesh,Co 86032,136.0,Black Soil,7.13,72.5,1400.0,31.4,69.8,Grand Growth,45.0,17.5
Madhya Pradesh,Co 86032,78.0,Black Soil,7.1,67.1,1400.0,31.4,76.3,Maturity,45.0,25.26
Madhya Pradesh,Co 86032,89.0,Black Soil,7.33,64.6,1400.0,31.4,68.7,Harvest,25.26,22.13
Madhya Pradesh,Co 86032,43.0,Black Soil,7.44,67.2,1400.0,31.4,71.1,Planting,22.13,25.35
Madhya Pradesh,Co 86032,25.0,Black Soil,7.29,65.1,1400.0,31.4,75.4,Germination,25.35,25.2
Madhya Pradesh,Co 86032,27.0,Black Soil,7.58,60.1,1400.0,31.4,68.9,Tillering,25.2,25.19
Madhya Pradesh,Co 86032,116.0,Black Soil,6.83,76.1,1400.0,31.4,71.7,Grand Growth,25.19,25.26
Madhya Pradesh,Co 86032,90.0,Black Soil,7.27,72.6,1400.0,31.4,57.8,Maturity,25.26,25.33
Madhya Pradesh,Co 86032,66.0,Black Soil,7.04,65.3,1400.0,31.4,64.5,Harvest,25.33,25.3
Madhya Pradesh,Co 86032,72.0,Black Soil,7.29,62.8,1400.0,31.4,59.1,Planting,25.3,25.28
Madhya Pradesh,Co 86032,29.0,Black Soil,7.03,64.8,1400.0,31.4,61.4,Germination,25.28,18.97
Madhya Pradesh,Co 86032,19.0,Black Soil,7.22,81.8,1400.0,31.4,67.1,Tillering,45.0,20.0
Madhya Pradesh,Co 86032,24.0,Black Soil,7.67,70.7,1400.0,31.4,73.9,Grand Growth,45.0,26.25
Madhya Pradesh,Co 86032,26.0,Black Soil,7.06,68.0,1400.0,31.4,67.7,Maturity,26.25,19.62
Madhya Pradesh,Co 86032,16.0,Black Soil,7.77,64.2,1400.0,31.4,64.9,Harvest,45.0,15.62
Madhya Pradesh,Co 86032,30.0,Black Soil,7.48,74.0,1400.0,31.4,63.1,Planting,45.0,28.0
Madhya Pradesh,Co 86032,576.0,Black Soil,7.47,73.7,1400.0,31.4,71.5,Germination,45.0,12.95
Madhya Pradesh,Co 86032,532.0,Black Soil,7.55,59.0,1400.0,31.4,77.8,Tillering,45.0,23.5
Madhya Pradesh,Co 86032,693.0,Black Soil,7.46,65.3,1400.0,31.4,76.8,Grand Growth,23.5,14.3
Madhya Pradesh,Co 86032,228.0,Black Soil,7.37,67.3,1400.0,31.4,78.9,Maturity,45.0,21.67
Madhya Pradesh,Co 86032,256.0,Black Soil,7.55,56.4,1400.0,31.4,69.7,Harvest,21.67,19.88
Madhya Pradesh,Co 86032,260.0,Black Soil,7.19,60.8,1400.0,31.4,66.1,Planting,45.0,21.69
Madhya Pradesh,Co 86032,220.0,Black Soil,7.93,68.9,1400.0,31.4,80.2,Germination,21.69,22.05
Madhya Pradesh,Co 86032,243.0,Black Soil,7.58,67.9,1400.0,31.4,75.1,Tillering,22.05,22.88
Madhya Pradesh,Co 86032,277.0,Red Loam,6.32,63.8,1400.0,31.4,70.7,Grand Growth,22.88,26.46
Madhya Pradesh,Co 86032,235.0,Black Soil,7.32,74.9,1400.0,31.4,66.0,Maturity,26.46,25.36
Madhya Pradesh,Co 86032,206.0,Black Soil,7.7,65.8,1400.0,31.4,67.7,Harvest,25.36,21.41
Madhya Pradesh,Co 86032,233.0,Black Soil,6.35,68.0,1400.0,31.4,64.2,Planting,21.41,24.33
Madhya Pradesh,Co 86032,236.0,Alluvial Soil,6.25,60.6,1400.0,31.4,62.4,Germination,24.33,21.06
Madhya Pradesh,Co 86032,244.0,Black Soil,7.49,67.5,1400.0,31.4,62.4,Tillering,21.06,23.2
Madhya Pradesh,Co 86032,177.0,Black Soil,7.47,63.6,1400.0,31.4,56.1,Grand Growth,23.2,29.77
Madhya Pradesh,Co 86032,175.0,Black Soil,6.84,73.8,1400.0,31.4,73.1,Maturity,29.77,29.37
Madhya Pradesh,Co 86032,2609.0,Black Soil,7.29,69.7,1400.0,31.4,70.5,Grand Growth,57.57,56.6
Madhya Pradesh,Co 86032,2564.0,Black Soil,7.91,62.4,1400.0,31.4,80.7,Maturity,56.6,55.9
Madhya Pradesh,Co 86032,2396.0,Black Soil,7.49,70.7,1400.0,31.4,64.9,Harvest,55.9,55.9
Madhya Pradesh,Co 86032,2327.0,Black Soil,7.32,68.2,1400.0,31.4,79.8,Planting,55.9,55.9
Madhya Pradesh,Co 86032,2582.0,Black Soil,6.63,63.5,1400.0,31.4,75.8,Germination,55.9,55.9
Madhya Pradesh,Co 86032,3213.0,Black Soil,7.71,65.7,1400.0,31.4,65.1,Tillering,55.9,52.41
Madhya Pradesh,Co 86032,2144.0,Black Soil,7.16,77.8,1400.0,31.4,73.2,Grand Growth,52.41,48.92
Madhya Pradesh,Co 86032,3229.0,Black Soil,7.64,58.7,1400.0,31.4,64.1,Maturity,48.92,52.72
Madhya Pradesh,Co 86032,2353.0,Black Soil,7.83,85.0,1400.0,31.4,67.9,Harvest,52.72,51.95
Madhya Pradesh,Co 86032,3030.0,Black Soil,7.46,58.4,1400.0,31.4,62.7,Planting,51.95,68.31
Madhya Pradesh,Co 86032,2832.0,Black Soil,6.61,69.7,1400.0,31.4,69.8,Germination,68.31,61.04
Madhya Pradesh,Co 86032,260.0,Black Soil,7.37,64.0,1400.0,31.4,77.7,Planting,45.0,12.65
Madhya Pradesh,Co 86032,154.0,Black Soil,7.25,74.0,1400.0,31.4,64.8,Germination,45.0,22.4
Madhya Pradesh,Co 86032,314.0,Black Soil,6.91,63.7,1400.0,31.4,75.5,Tillering,22.4,11.05
Madhya Pradesh,Co 86032,167.0,Black Soil,7.26,65.5,1400.0,31.4,69.9,Grand Growth,45.0,22.34
Madhya Pradesh,Co 86032,171.0,Black Soil,7.63,72.6,1400.0,31.4,66.2,Maturity,22.34,22.34
Madhya Pradesh,Co 86032,118.0,Black Soil,7.1,69.5,1400.0,31.4,66.8,Harvest,22.34,23.9
Madhya Pradesh,Co 86032,123.0,Black Soil,7.38,67.8,1400.0,31.4,63.4,Planting,23.9,20.41
Madhya Pradesh,Co 86032,124.0,Black Soil,7.01,60.8,1400.0,31.4,71.6,Germination,20.41,21.29
Madhya Pradesh,Co 86032,192.0,Alluvial Soil,7.31,56.4,1400.0,31.4,74.9,Tillering,21.29,18.39
Madhya Pradesh,Co 86032,172.0,Black Soil,6.75,67.9,1400.0,31.4,61.2,Grand Growth,45.0,16.86
Madhya Pradesh,Co 86032,156.0,Black Soil,7.42,73.8,1400.0,31.4,73.4,Maturity,45.0,23.46
Madhya Pradesh,Co 86032,81.0,Alluvial Soil,6.4,63.9,1400.0,31.4,64.8,Harvest,23.46,24.32
Madhya Pradesh,Co 86032,81.0,Black Soil,7.55,58.5,1400.0,31.4,65.6,Planting,24.32,22.35
Madhya Pradesh,Co 86032,84.0,Red Loam,6.63,52.0,1400.0,31.4,69.1,Germination,22.35,16.31
Madhya Pradesh,Co 86032,70.0,Black Soil,6.99,69.4,1400.0,31.4,79.6,Tillering,45.0,21.86
Madhya Pradesh,Co 86032,266.0,Black Soil,7.66,67.8,1400.0,31.4,59.3,Grand Growth,21.86,36.39
Madhya Pradesh,Co 86032,120.0,Black Soil,7.23,64.6,1400.0,31.4,78.7,Germination,3043.48,216.67
Madhya Pradesh,Co 86032,13903.0,Black Soil,7.35,74.2,1400.0,31.4,56.8,Germination,45.0,26.61
Madhya Pradesh,Co 86032,8419.0,Black Soil,7.41,63.3,1400.0,31.4,80.5,Tillering,26.61,67.76
Madhya Pradesh,Co 86032,12903.0,Black Soil,7.27,77.8,1400.0,31.4,65.1,Grand Growth,67.76,28.25
Madhya Pradesh,Co 86032,5731.0,Red Loam,6.39,57.3,1400.0,31.4,66.0,Maturity,28.25,44.04
Madhya Pradesh,Co 86032,5822.0,Black Soil,7.76,63.0,1400.0,31.4,66.1,Harvest,44.04,57.6
Madhya Pradesh,Co 86032,6045.0,Black Soil,7.82,74.7,1400.0,31.4,65.3,Planting,57.6,64.37
Madhya Pradesh,Co 86032,6407.0,Black Soil,7.5,57.6,1400.0,31.4,64.6,Germination,64.37,57.59
Madhya Pradesh,Co 86032,6148.0,Black Soil,7.33,76.2,1400.0,31.4,65.5,Tillering,57.59,61.83
Madhya Pradesh,Co 86032,7966.0,Black Soil,7.24,82.5,1400.0,31.4,70.9,Grand Growth,61.83,65.22
Madhya Pradesh,Co 86032,6726.0,Black Soil,7.23,78.3,1400.0,31.4,71.7,Maturity,65.22,66.91
Madhya Pradesh,Co 86032,5871.0,Black Soil,8.02,68.8,1400.0,31.4,64.9,Harvest,66.91,65.22
Madhya Pradesh,Co 86032,4673.0,Black Soil,7.49,63.6,1400.0,31.4,73.2,Planting,65.22,66.06
Madhya Pradesh,Co 86032,4747.0,Black Soil,7.06,56.5,1400.0,31.4,62.7,Germination,66.06,67.76
Madhya Pradesh,Co 86032,5050.0,Black Soil,7.29,67.8,1400.0,31.4,64.2,Tillering,67.76,68.24
Madhya Pradesh,Co 86032,5719.0,Black Soil,7.43,73.0,1400.0,31.4,74.2,Grand Growth,68.24,67.9
Madhya Pradesh,Co 86032,4527.0,Black Soil,7.42,63.2,1400.0,31.4,69.6,Maturity,67.9,69.32
Madhya Pradesh,Co 86032,97.0,Black Soil,7.67,79.4,1400.0,31.4,63.7,Tillering,45.0,10.21
Madhya Pradesh,Co 86032,57.0,Black Soil,7.38,72.5,1400.0,31.4,70.1,Grand Growth,45.0,26.49
Madhya Pradesh,Co 86032,128.0,Black Soil,6.9,63.7,1400.0,31.4,69.2,Maturity,26.49,7.81
Madhya Pradesh,Co 86032,55.0,Black Soil,6.99,71.0,1400.0,31.4,62.0,Harvest,45.0,25.45
Madhya Pradesh,Co 86032,41.0,Black Soil,8.1,84.1,1400.0,31.4,77.8,Planting,25.45,22.44
Madhya Pradesh,Co 86032,31.0,Black Soil,6.99,72.5,1400.0,31.4,70.0,Germination,22.44,29.03
Madhya Pradesh,Co 86032,37.0,Clay Loam,7.18,65.6,1400.0,31.4,70.0,Tillering,29.03,28.65
Madhya Pradesh,Co 86032,52.0,Black Soil,7.37,70.7,1400.0,31.4,65.3,Grand Growth,28.65,28.65
Madhya Pradesh,Co 86032,54.0,Alluvial Soil,6.95,55.4,1400.0,31.4,65.2,Maturity,28.65,28.7
Madhya Pradesh,Co 86032,52.0,Black Soil,7.0,73.6,1400.0,31.4,64.9,Harvest,28.7,24.62
Madhya Pradesh,Co 86032,41.0,Black Soil,8.09,74.0,1400.0,31.4,62.6,Planting,24.62,28.29
Madhya Pradesh,Co 86032,54.0,Black Soil,7.2,73.2,1400.0,31.4,67.0,Germination,28.29,34.07
Madhya Pradesh,Co 86032,55.0,Black Soil,7.74,75.7,1400.0,31.4,65.8,Tillering,34.07,34.0
Madhya Pradesh,Co 86032,39.0,Black Soil,7.41,68.7,1400.0,31.4,64.0,Grand Growth,34.0,28.97
Madhya Pradesh,Co 86032,56.0,Black Soil,7.32,64.1,1400.0,31.4,56.5,Maturity,28.97,34.11
Madhya Pradesh,Co 86032,40.0,Black Soil,7.35,64.9,1400.0,31.4,67.1,Harvest,34.11,41.0
Madhya Pradesh,Co 86032,2394.0,Black Soil,7.86,57.7,1400.0,31.4,63.8,Planting,45.0,16.43
Madhya Pradesh,Co 86032,1380.0,Alluvial Soil,7.13,39.5,1400.0,31.4,67.3,Germination,45.0,34.74
Madhya Pradesh,Co 86032,3523.0,Black Soil,6.89,70.9,1400.0,31.4,73.8,Tillering,34.74,23.82
Madhya Pradesh,Co 86032,3434.0,Black Soil,6.28,65.0,1400.0,31.4,68.0,Grand Growth,23.82,33.42
Madhya Pradesh,Co 86032,2936.0,Black Soil,8.14,68.7,1400.0,31.4,75.9,Maturity,33.42,25.95
Madhya Pradesh,Co 86032,3512.0,Black Soil,6.65,63.6,1400.0,31.4,70.9,Harvest,25.95,32.54
Madhya Pradesh,Co 86032,3160.0,Sandy Loam,7.32,51.2,1400.0,31.4,74.2,Planting,32.54,31.66
Madhya Pradesh,Co 86032,3916.0,Black Soil,7.55,66.0,1400.0,31.4,61.8,Germination,31.66,32.28
Madhya Pradesh,Co 86032,3501.0,Black Soil,7.36,70.8,1400.0,31.4,68.0,Tillering,32.28,28.74
Madhya Pradesh,Co 86032,4676.0,Sandy Loam,8.11,73.4,1400.0,31.4,72.8,Grand Growth,28.74,35.37
Madhya Pradesh,Co 86032,2689.0,Black Soil,7.6,75.1,1400.0,31.4,74.4,Maturity,35.37,36.7
Madhya Pradesh,Co 86032,2804.0,Black Soil,8.02,65.5,1400.0,31.4,78.4,Harvest,36.7,30.51
Madhya Pradesh,Co 86032,3474.0,Black Soil,7.49,58.1,1400.0,31.4,69.6,Planting,30.51,28.74
Madhya Pradesh,Co 86032,1467.0,Black Soil,7.17,71.5,1400.0,31.4,71.1,Germination,28.74,31.62
Madhya Pradesh,Co 86032,3628.0,Black Soil,7.43,73.7,1400.0,31.4,71.6,Tillering,31.62,43.37
Madhya Pradesh,Co 86032,5908.0,Black Soil,7.06,67.5,1400.0,31.4,64.2,Grand Growth,43.37,54.22
Madhya Pradesh,Co 86032,3612.0,Black Soil,7.66,70.6,1400.0,31.4,64.4,Planting,45.0,18.86
Madhya Pradesh,Co 86032,3043.0,Black Soil,7.5,67.4,1400.0,31.4,71.3,Germination,45.0,19.28
Madhya Pradesh,Co 86032,4224.0,Black Soil,7.09,71.4,1400.0,31.4,72.5,Tillering,45.0,10.36
Madhya Pradesh,Co 86032,1640.0,Black Soil,6.93,62.1,1400.0,31.4,63.0,Grand Growth,45.0,18.67
Madhya Pradesh,Co 86032,1995.0,Black Soil,7.13,77.4,1400.0,31.4,67.8,Maturity,45.0,18.68
Madhya Pradesh,Co 86032,1445.0,Black Soil,7.81,62.5,1400.0,31.4,69.5,Harvest,45.0,20.18
Madhya Pradesh,Co 86032,334.0,Black Soil,7.57,68.1,1400.0,31.4,69.8,Planting,20.18,20.48
Madhya Pradesh,Co 86032,980.0,Black Soil,7.44,72.4,1400.0,31.4,58.6,Germination,20.48,18.08
Madhya Pradesh,Co 86032,174.0,Black Soil,8.0,72.3,1400.0,31.4,75.5,Tillering,45.0,22.59
Madhya Pradesh,Co 86032,856.0,Black Soil,7.07,70.3,1400.0,31.4,73.9,Grand Growth,22.59,22.58
Madhya Pradesh,Co 86032,310.0,Sandy Loam,6.81,51.5,1400.0,31.4,75.3,Maturity,22.58,22.58
Madhya Pradesh,Co 86032,327.0,Black Soil,7.79,75.5,1400.0,31.4,71.8,Harvest,22.58,22.57
Madhya Pradesh,Co 86032,350.0,Black Soil,6.8,77.4,1400.0,31.4,66.7,Planting,22.57,22.6
Madhya Pradesh,Co 86032,159.0,Black Soil,7.7,63.8,1400.0,31.4,72.0,Germination,22.6,20.94
Madhya Pradesh,Co 86032,220.0,Black Soil,7.19,74.4,1400.0,31.4,60.3,Tillering,20.94,29.55
Madhya Pradesh,Co 86032,97.0,Black Soil,6.98,69.1,1400.0,31.4,76.0,Grand Growth,29.55,29.48
Madhya Pradesh,Co 86032,52.0,Black Soil,7.44,71.7,1400.0,31.4,72.9,Germination,310.0,219.23
Madhya Pradesh,Co 86032,549.0,Black Soil,7.38,66.9,1400.0,31.4,61.6,Tillering,45.0,8.27
Madhya Pradesh,Co 86032,307.0,Black Soil,7.54,66.7,1400.0,31.4,67.4,Grand Growth,45.0,18.53
Madhya Pradesh,Co 86032,772.0,Red Loam,6.0,50.8,1400.0,31.4,68.3,Maturity,45.0,9.21
Madhya Pradesh,Co 86032,433.0,Black Soil,7.75,67.7,1400.0,31.4,68.7,Harvest,45.0,18.52
Madhya Pradesh,Co 86032,459.0,Black Soil,8.19,66.4,1400.0,31.4,66.8,Planting,45.0,18.82
Madhya Pradesh,Co 86032,580.0,Black Soil,7.6,80.0,1400.0,31.4,65.7,Germination,45.0,20.21
Madhya Pradesh,Co 86032,685.0,Black Soil,7.19,77.2,1400.0,31.4,66.7,Tillering,20.21,19.65
Madhya Pradesh,Co 86032,605.0,Black Soil,6.96,62.9,1400.0,31.4,56.6,Grand Growth,45.0,19.04
Madhya Pradesh,Co 86032,631.0,Black Soil,7.89,73.3,1400.0,31.4,67.6,Maturity,45.0,22.17
Madhya Pradesh,Co 86032,1075.0,Alluvial Soil,7.23,53.8,1400.0,31.4,70.0,Harvest,22.17,20.47
Madhya Pradesh,Co 86032,818.0,Black Soil,7.51,67.9,1400.0,31.4,73.8,Planting,20.47,19.33
Madhya Pradesh,Co 86032,693.0,Black Soil,6.86,69.6,1400.0,31.4,69.0,Germination,45.0,19.34
Madhya Pradesh,Co 86032,713.0,Black Soil,7.09,70.0,1400.0,31.4,69.3,Tillering,45.0,21.32
Madhya Pradesh,Co 86032,683.0,Clay Loam,7.05,66.1,1400.0,31.4,68.1,Grand Growth,21.32,16.95
Madhya Pradesh,Co 86032,775.0,Black Soil,7.21,74.8,1400.0,31.4,68.8,Maturity,45.0,19.9
Madhya Pradesh,Co 86032,873.0,Black Soil,7.08,58.7,1400.0,31.4,69.0,Harvest,45.0,28.42
Madhya Pradesh,Co 86032,13.0,Black Soil,7.37,62.5,1400.0,31.4,76.2,Grand Growth,45.0,4.62
Madhya Pradesh,Co 86032,4.0,Black Soil,7.59,69.9,1400.0,31.4,76.8,Maturity,45.0,20.0
Madhya Pradesh,Co 86032,5.0,Black Soil,7.52,62.9,1400.0,31.4,70.1,Harvest,45.0,20.0
Madhya Pradesh,Co 86032,3.0,Black Soil,7.53,75.5,1400.0,31.4,69.5,Planting,45.0,20.0
Madhya Pradesh,Co 86032,3.0,Black Soil,7.68,68.9,1400.0,31.4,68.1,Germination,45.0,20.0
Madhya Pradesh,Co 86032,1.0,Black Soil,7.26,58.9,1400.0,31.4,78.5,Tillering,45.0,20.0
Madhya Pradesh,Co 86032,1.0,Black Soil,7.42,65.7,1400.0,31.4,68.2,Grand Growth,45.0,20.0
Madhya Pradesh,Co 86032,2.0,Black Soil,6.97,73.1,1400.0,31.4,69.8,Maturity,45.0,20.0
Madhya Pradesh,Co 86032,1.0,Black Soil,7.2,68.2,1400.0,31.4,71.7,Harvest,45.0,20.0
Madhya Pradesh,Co 86032,2.0,Black Soil,7.21,72.8,1400.0,31.4,82.7,Planting,45.0,15.0
Madhya Pradesh,Co 86032,2.0,Black Soil,7.62,72.2,1400.0,31.4,75.0,Germination,45.0,10.0
Madhya Pradesh,Co 86032,1.0,Black Soil,7.39,59.9,1400.0,31.4,76.3,Maturity,1000.0,100.0
Madhya Pradesh,Co 86032,804.0,Black Soil,6.84,78.0,1400.0,31.4,65.0,Harvest,45.0,14.89
Madhya Pradesh,Co 86032,700.0,Black Soil,6.74,78.6,1400.0,31.4,70.3,Planting,45.0,23.51
Madhya Pradesh,Co 86032,1083.0,Black Soil,7.51,71.6,1400.0,31.4,71.6,Germination,23.51,12.93
Madhya Pradesh,Co 86032,1000.0,Black Soil,7.34,67.9,1400.0,31.4,69.2,Tillering,45.0,23.86
Madhya Pradesh,Co 86032,946.0,Black Soil,7.57,60.7,1400.0,31.4,71.4,Grand Growth,23.86,12.59
Madhya Pradesh,Co 86032,366.0,Black Soil,6.72,66.4,1400.0,31.4,70.0,Maturity,45.0,23.52
Madhya Pradesh,Co 86032,365.0,Black Soil,6.91,61.0,1400.0,31.4,70.2,Harvest,23.52,20.88
Madhya Pradesh,Co 86032,230.0,Black Soil,7.46,77.5,1400.0,31.4,68.4,Planting,20.88,22.87
Madhya Pradesh,Co 86032,660.0,Black Soil,7.11,68.1,1400.0,31.4,72.3,Germination,22.87,23.52
Madhya Pradesh,Co 86032,1058.0,Black Soil,8.0,73.6,1400.0,31.4,71.6,Tillering,23.52,18.21
Madhya Pradesh,Co 86032,818.0,Black Soil,7.65,69.2,1400.0,31.4,67.3,Grand Growth,45.0,21.54
Madhya Pradesh,Co 86032,714.0,Black Soil,7.27,74.5,1400.0,31.4,73.3,Maturity,21.54,21.54
Madhya Pradesh,Co 86032,461.0,Black Soil,7.57,64.8,1400.0,31.4,74.7,Harvest,21.54,21.54
Madhya Pradesh,Co 86032,522.0,Black Soil,6.55,72.7,1400.0,31.4,67.4,Planting,21.54,18.22
Madhya Pradesh,Co 86032,592.0,Black Soil,7.45,72.1,1400.0,31.4,72.9,Germination,45.0,19.26
Madhya Pradesh,Co 86032,867.0,Black Soil,7.04,73.0,1400.0,31.4,65.3,Tillering,45.0,25.77
Madhya Pradesh,Co 86032,1930.0,Black Soil,7.29,68.8,1400.0,31.4,73.0,Harvest,45.0,24.97
Madhya Pradesh,Co 86032,1044.0,Black Soil,7.15,70.1,1400.0,31.4,69.7,Planting,24.97,43.37
Madhya Pradesh,Co 86032,1665.0,Sandy Loam,7.03,57.4,1400.0,31.4,71.6,Germination,43.37,19.39
Madhya Pradesh,Co 86032,1147.0,Black Soil,8.05,74.1,1400.0,31.4,64.1,Tillering,45.92,43.91
Madhya Pradesh,Co 86032,1112.0,Clay Loam,7.73,72.5,1400.0,31.4,67.1,Grand Growth,43.91,36.32
Madhya Pradesh,Co 86032,1344.0,Black Soil,7.19,68.1,1400.0,31.4,71.4,Maturity,36.32,42.83
Madhya Pradesh,Co 86032,1117.0,Black Soil,7.45,63.1,1400.0,31.4,73.5,Harvest,42.83,42.86
Madhya Pradesh,Co 86032,2131.0,Black Soil,7.38,60.5,1400.0,31.4,70.7,Planting,42.86,42.29
Madhya Pradesh,Co 86032,2301.0,Black Soil,7.26,65.5,1400.0,31.4,66.5,Germination,42.29,41.2
Madhya Pradesh,Co 86032,2762.0,Clay Loam,6.72,72.9,1400.0,31.4,65.5,Tillering,41.2,27.11
Madhya Pradesh,Co 86032,2199.0,Black Soil,7.66,59.5,1400.0,31.4,70.7,Grand Growth,27.11,37.95
Madhya Pradesh,Co 86032,1814.0,Black Soil,7.9,76.2,1400.0,31.4,63.5,Maturity,37.95,35.78
Madhya Pradesh,Co 86032,1999.0,Black Soil,7.61,67.8,1400.0,31.4,70.6,Harvest,35.78,37.41
Madhya Pradesh,Co 86032,1462.0,Black Soil,7.85,61.0,1400.0,31.4,66.0,Planting,37.41,31.57
Madhya Pradesh,Co 86032,1790.0,Black Soil,7.42,66.9,1400.0,31.4,71.5,Germination,31.57,32.01
Madhya Pradesh,Co 86032,771.0,Black Soil,7.09,69.2,1400.0,31.4,66.6,Tillering,32.01,31.12
Madhya Pradesh,Co 86032,119.0,Black Soil,7.37,72.9,1400.0,31.4,59.4,Maturity,45.0,20.67
Madhya Pradesh,Co 86032,43.0,Alluvial Soil,6.83,58.6,1400.0,31.4,65.0,Harvest,20.67,30.93
Madhya Pradesh,Co 86032,141.0,Black Soil,6.99,63.8,1400.0,31.4,67.9,Planting,30.93,16.31
Madhya Pradesh,Co 86032,124.0,Black Soil,7.4,69.8,1400.0,31.4,61.1,Germination,45.0,28.79
Madhya Pradesh,Co 86032,74.0,Black Soil,7.48,70.4,1400.0,31.4,71.4,Tillering,28.79,31.35
Madhya Pradesh,Co 86032,85.0,Black Soil,7.47,53.8,1400.0,31.4,71.7,Grand Growth,31.35,32.94
Madhya Pradesh,Co 86032,147.0,Black Soil,7.83,77.2,1400.0,31.4,71.5,Maturity,32.94,33.4
Madhya Pradesh,Co 86032,201.0,Black Soil,7.54,59.9,1400.0,31.4,67.4,Harvest,33.4,22.89
Madhya Pradesh,Co 86032,260.0,Black Soil,7.3,83.3,1400.0,31.4,65.9,Planting,22.89,24.69
Madhya Pradesh,Co 86032,384.0,Black Soil,7.37,76.0,1400.0,31.4,64.3,Germination,24.69,29.69
Madhya Pradesh,Co 86032,226.0,Black Soil,7.39,67.4,1400.0,31.4,67.6,Tillering,29.69,26.46
Madhya Pradesh,Co 86032,166.0,Black Soil,7.6,79.3,1400.0,31.4,66.0,Grand Growth,26.46,28.98
Madhya Pradesh,Co 86032,249.0,Black Soil,7.79,76.8,1400.0,31.4,76.3,Maturity,28.98,29.32
Madhya Pradesh,Co 86032,248.0,Black Soil,6.78,64.7,1400.0,31.4,68.7,Harvest,29.32,25.65
Madhya Pradesh,Co 86032,327.0,Black Soil,6.76,72.1,1400.0,31.4,78.2,Planting,25.65,39.91
Madhya Pradesh,Co 86032,399.0,Black Soil,7.59,68.9,1400.0,31.4,69.9,Germination,39.91,37.02
Madhya Pradesh,Co 86032,425.0,Black Soil,6.94,58.3,1400.0,31.4,69.6,Maturity,45.0,6.87
Madhya Pradesh,Co 86032,187.0,Black Soil,8.07,64.5,1400.0,31.4,71.9,Harvest,45.0,33.96
Madhya Pradesh,Co 86032,680.0,Black Soil,7.04,81.3,1400.0,31.4,79.0,Planting,33.96,11.34
Madhya Pradesh,Co 86032,269.0,Black Soil,7.22,66.1,1400.0,31.4,71.8,Germination,45.0,33.98
Madhya Pradesh,Co 86032,259.0,Black Soil,6.97,81.4,1400.0,31.4,66.4,Tillering,33.98,31.89
Madhya Pradesh,Co 86032,402.0,Black Soil,7.48,66.1,1400.0,31.4,66.3,Grand Growth,31.89,31.89
Madhya Pradesh,Co 86032,179.0,Black Soil,7.07,57.9,1400.0,31.4,67.3,Maturity,31.89,32.4
Madhya Pradesh,Co 86032,817.0,Black Soil,7.85,66.3,1400.0,31.4,62.7,Harvest,32.4,33.24
Madhya Pradesh,Co 86032,1783.0,Black Soil,7.05,61.8,1400.0,31.4,67.4,Planting,33.24,33.23
Madhya Pradesh,Co 86032,2002.0,Black Soil,7.17,74.3,1400.0,31.4,63.8,Germination,33.23,31.16
Madhya Pradesh,Co 86032,1090.0,Black Soil,6.94,72.5,1400.0,31.4,68.1,Tillering,31.16,33.24
Madhya Pradesh,Co 86032,837.0,Black Soil,7.66,68.6,1400.0,31.4,72.2,Grand Growth,33.24,33.24
Madhya Pradesh,Co 86032,1572.0,Black Soil,7.21,73.9,1400.0,31.4,73.3,Maturity,33.24,34.79
Madhya Pradesh,Co 86032,1056.0,Black Soil,7.54,65.8,1400.0,31.4,77.7,Harvest,34.79,25.77
Madhya Pradesh,Co 86032,1451.0,Black Soil,7.39,68.3,1400.0,31.4,69.8,Planting,25.77,37.64
Madhya Pradesh,Co 86032,984.0,Black Soil,6.94,70.0,1400.0,31.4,64.1,Germination,37.64,32.13
Madhya Pradesh,Co 86032,351.0,Alluvial Soil,6.8,67.8,1400.0,31.4,71.4,Planting,45.0,23.02
Madhya Pradesh,Co 86032,156.0,Black Soil,6.98,71.6,1400.0,31.4,64.8,Germination,23.02,31.73
Madhya Pradesh,Co 86032,230.0,Black Soil,7.38,70.0,1400.0,31.4,64.9,Tillering,31.73,11.7
Madhya Pradesh,Co 86032,92.0,Black Soil,7.8,64.1,1400.0,31.4,58.7,Grand Growth,45.0,23.26
Madhya Pradesh,Co 86032,58.0,Black Soil,7.23,73.4,1400.0,31.4,70.2,Maturity,23.26,23.28
Madhya Pradesh,Co 86032,44.0,Black Soil,7.87,68.2,1400.0,31.4,70.0,Harvest,23.28,27.5
Madhya Pradesh,Co 86032,26.0,Black Soil,7.42,68.0,1400.0,31.4,80.1,Planting,27.5,24.23
Madhya Pradesh,Co 86032,23.0,Black Soil,8.02,66.8,1400.0,31.4,74.1,Germination,24.23,21.3
Madhya Pradesh,Co 86032,30.0,Black Soil,7.23,75.2,1400.0,31.4,66.2,Tillering,21.3,21.0
Madhya Pradesh,Co 86032,34.0,Black Soil,7.65,62.5,1400.0,31.4,65.0,Grand Growth,21.0,30.59
Madhya Pradesh,Co 86032,63.0,Black Soil,7.78,55.3,1400.0,31.4,72.8,Maturity,30.59,27.94
Madhya Pradesh,Co 86032,44.0,Black Soil,7.41,68.3,1400.0,31.4,71.6,Harvest,27.94,27.5
Madhya Pradesh,Co 86032,25.0,Black Soil,7.22,82.3,1400.0,31.4,63.0,Planting,27.5,27.6
Madhya Pradesh,Co 86032,23.0,Black Soil,7.7,73.1,1400.0,31.4,72.2,Germination,27.6,20.0
Madhya Pradesh,Co 86032,3.0,Black Soil,7.55,63.5,1400.0,31.4,72.4,Tillering,45.0,26.67
Madhya Pradesh,Co 86032,34.0,Black Soil,7.08,71.2,1400.0,31.4,64.3,Grand Growth,26.67,26.18
Madhya Pradesh,Co 86032,13.0,Black Soil,7.12,63.3,1400.0,31.4,67.9,Planting,4000.0,192.31
Madhya Pradesh,Co 86032,144.0,Black Soil,7.22,71.9,1400.0,31.4,65.5,Harvest,45.0,13.06
Madhya Pradesh,Co 86032,71.0,Black Soil,7.07,57.5,1400.0,31.4,71.0,Planting,45.0,24.37
Madhya Pradesh,Co 86032,229.0,Black Soil,7.31,79.4,1400.0,31.4,70.0,Germination,24.37,9.39
Madhya Pradesh,Co 86032,128.0,Black Soil,7.07,73.7,1400.0,31.4,69.5,Tillering,45.0,27.11
Madhya Pradesh,Co 86032,167.0,Black Soil,8.07,74.4,1400.0,31.4,65.6,Grand Growth,27.11,26.41
Madhya Pradesh,Co 86032,135.0,Black Soil,7.58,80.3,1400.0,31.4,68.1,Maturity,26.41,30.22
Madhya Pradesh,Co 86032,183.0,Black Soil,7.52,62.2,1400.0,31.4,74.8,Harvest,30.22,33.28
Madhya Pradesh,Co 86032,336.0,Black Soil,7.92,70.2,1400.0,31.4,63.2,Planting,33.28,34.67
Madhya Pradesh,Co 86032,597.0,Black Soil,7.79,60.2,1400.0,31.4,64.4,Germination,34.67,32.95
Madhya Pradesh,Co 86032,1164.0,Black Soil,7.5,78.2,1400.0,31.4,74.6,Tillering,32.95,25.07
Madhya Pradesh,Co 86032,481.0,Black Soil,7.29,64.6,1400.0,31.4,72.6,Grand Growth,25.07,27.82
Madhya Pradesh,Co 86032,685.0,Black Soil,7.71,71.2,1400.0,31.4,70.6,Maturity,27.82,26.45
Madhya Pradesh,Co 86032,373.0,Sandy Loam,6.71,48.3,1400.0,31.4,62.1,Harvest,26.45,29.14
Madhya Pradesh,Co 86032,721.0,Black Soil,7.86,78.0,1400.0,31.4,61.2,Planting,29.14,27.79
Madhya Pradesh,Co 86032,200.0,Black Soil,7.31,63.3,1400.0,31.4,73.3,Germination,27.79,31.3
Madhya Pradesh,Co 86032,845.0,Black Soil,7.17,67.7,1400.0,31.4,59.7,Tillering,31.3,30.17
Madhya Pradesh,Co 86032,36.0,Black Soil,6.93,73.2,1400.0,31.4,79.0,Maturity,45.0,21.11
Madhya Pradesh,Co 86032,21.0,Clay Loam,6.93,68.1,1400.0,31.4,70.3,Harvest,21.11,30.95
Madhya Pradesh,Co 86032,23.0,Black Soil,7.53,75.0,1400.0,31.4,67.6,Planting,30.95,6.09
Madhya Pradesh,Co 86032,11.0,Red Loam,6.91,51.3,1400.0,31.4,66.9,Germination,45.0,28.18
Madhya Pradesh,Co 86032,11.0,Black Soil,7.46,69.4,1400.0,31.4,75.4,Tillering,28.18,28.18
Madhya Pradesh,Co 86032,11.0,Black Soil,7.71,79.0,1400.0,31.4,68.6,Grand Growth,28.18,30.0
Madhya Pradesh,Co 86032,12.0,Black Soil,8.07,80.3,1400.0,31.4,76.0,Maturity,30.0,29.17
Madhya Pradesh,Co 86032,14.0,Black Soil,7.49,61.0,1400.0,31.4,77.5,Harvest,29.17,32.14
Madhya Pradesh,Co 86032,19.0,Black Soil,7.34,78.1,1400.0,31.4,68.0,Planting,32.14,30.53
Madhya Pradesh,Co 86032,14.0,Alluvial Soil,7.76,63.0,1400.0,31.4,69.9,Germination,30.53,31.43
Madhya Pradesh,Co 86032,10.0,Clay Loam,6.91,77.9,1400.0,31.4,64.1,Tillering,31.43,30.0
Madhya Pradesh,Co 86032,9.0,Black Soil,8.0,70.6,1400.0,31.4,62.9,Grand Growth,30.0,30.0
Madhya Pradesh,Co 86032,9.0,Black Soil,7.93,64.1,1400.0,31.4,68.4,Maturity,30.0,31.11
Madhya Pradesh,Co 86032,10.0,Black Soil,7.72,77.7,1400.0,31.4,68.9,Harvest,31.11,23.0
Madhya Pradesh,Co 86032,12.0,Black Soil,7.11,61.8,1400.0,31.4,65.8,Planting,23.0,39.17
Madhya Pradesh,Co 86032,8.0,Black Soil,7.24,68.4,1400.0,31.4,59.3,Germination,39.17,55.0
Madhya Pradesh,Co 86032,51.0,Sandy Loam,6.89,48.7,1400.0,31.4,69.7,Harvest,45.0,14.71
Madhya Pradesh,Co 86032,20.0,Black Soil,7.32,76.3,1400.0,31.4,61.8,Planting,45.0,20.5
Madhya Pradesh,Co 86032,56.0,Black Soil,7.06,72.6,1400.0,31.4,67.7,Germination,20.5,15.54
Madhya Pradesh,Co 86032,14.0,Black Soil,8.25,76.5,1400.0,31.4,69.1,Tillering,45.0,21.43
Madhya Pradesh,Co 86032,44.0,Black Soil,7.0,81.7,1400.0,31.4,53.0,Grand Growth,21.43,17.27
Madhya Pradesh,Co 86032,10.0,Black Soil,8.0,64.0,1400.0,31.4,73.5,Maturity,45.0,22.0
Madhya Pradesh,Co 86032,26.0,Black Soil,7.51,72.1,1400.0,31.4,71.0,Harvest,22.0,20.0
Madhya Pradesh,Co 86032,15.0,Black Soil,7.44,66.4,1400.0,31.4,80.2,Planting,45.0,18.0
Madhya Pradesh,Co 86032,19.0,Black Soil,7.09,64.0,1400.0,31.4,71.8,Germination,45.0,14.21
Madhya Pradesh,Co 86032,22.0,Black Soil,7.26,76.0,1400.0,31.4,65.3,Tillering,45.0,14.09
Madhya Pradesh,Co 86032,17.0,Black Soil,7.03,72.5,1400.0,31.4,65.8,Grand Growth,45.0,16.47
Madhya Pradesh,Co 86032,32.0,Black Soil,7.14,66.2,1400.0,31.4,72.3,Maturity,45.0,15.94
Madhya Pradesh,Co 86032,22.0,Black Soil,7.19,69.9,1400.0,31.4,70.7,Harvest,45.0,15.91
Madhya Pradesh,Co 86032,27.0,Black Soil,7.03,72.4,1400.0,31.4,74.1,Planting,45.0,12.22
Madhya Pradesh,Co 86032,29.0,Black Soil,6.7,60.3,1400.0,31.4,74.8,Germination,45.0,16.55
Madhya Pradesh,Co 86032,51.0,Black Soil,7.42,59.9,1400.0,31.4,73.1,Tillering,45.0,42.16
Madhya Pradesh,Co 86032,4009.0,Black Soil,7.98,68.9,1400.0,31.4,73.7,Grand Growth,45.0,21.17
Madhya Pradesh,Co 86032,1909.0,Black Soil,7.96,65.3,1400.0,31.4,76.2,Maturity,21.17,48.92
Madhya Pradesh,Co 86032,4981.0,Red Loam,5.51,59.9,1400.0,31.4,71.5,Harvest,48.92,25.4
Madhya Pradesh,Co 86032,2381.0,Black Soil,7.13,66.3,1400.0,31.4,68.0,Planting,25.4,45.42
Madhya Pradesh,Co 86032,2632.0,Black Soil,7.71,62.4,1400.0,31.4,63.4,Germination,45.42,45.42
Madhya Pradesh,Co 86032,317.0,Black Soil,7.44,70.0,1400.0,31.4,77.6,Tillering,45.42,45.43
Madhya Pradesh,Co 86032,233.0,Black Soil,8.15,65.2,1400.0,31.4,68.5,Grand Growth,45.43,36.95
Madhya Pradesh,Co 86032,193.0,Black Soil,6.96,71.3,1400.0,31.4,66.3,Maturity,36.95,37.05
Madhya Pradesh,Co 86032,155.0,Black Soil,7.52,74.5,1400.0,31.4,74.4,Harvest,37.05,41.94
Madhya Pradesh,Co 86032,150.0,Black Soil,8.1,68.6,1400.0,31.4,63.8,Planting,41.94,52.4
Madhya Pradesh,Co 86032,200.0,Black Soil,7.27,69.9,1400.0,31.4,75.3,Germination,52.4,48.95
Madhya Pradesh,Co 86032,130.0,Black Soil,6.83,61.8,1400.0,31.4,74.3,Tillering,48.95,38.46
Madhya Pradesh,Co 86032,149.0,Black Soil,7.49,61.4,1400.0,31.4,74.5,Grand Growth,38.46,38.46
Madhya Pradesh,Co 86032,188.0,Black Soil,7.24,66.9,1400.0,31.4,70.9,Maturity,38.46,36.97
Madhya Pradesh,Co 86032,234.0,Sandy Loam,7.41,52.1,1400.0,31.4,72.1,Harvest,36.97,45.17
Madhya Pradesh,Co 86032,195.0,Black Soil,7.51,68.4,1400.0,31.4,66.5,Planting,45.17,50.51
Madhya Pradesh,Co 86032,1220.0,Black Soil,7.0,71.6,1400.0,31.4,78.3,Grand Growth,45.0,16.2
Madhya Pradesh,Co 86032,801.0,Black Soil,6.58,66.6,1400.0,31.4,65.2,Maturity,45.0,34.17
Madhya Pradesh,Co 86032,1737.0,Black Soil,7.7,66.6,1400.0,31.4,74.3,Harvest,34.17,13.23
Madhya Pradesh,Co 86032,879.0,Black Soil,7.36,59.6,1400.0,31.4,69.6,Planting,45.0,31.37
Madhya Pradesh,Co 86032,806.0,Red Loam,6.1,62.3,1400.0,31.4,72.0,Germination,31.37,34.74
Madhya Pradesh,Co 86032,955.0,Sandy Loam,6.88,54.9,1400.0,31.4,67.2,Tillering,34.74,35.3
Madhya Pradesh,Co 86032,1102.0,Black Soil,7.41,67.9,1400.0,31.4,68.7,Grand Growth,35.3,34.73
Madhya Pradesh,Co 86032,1353.0,Black Soil,7.63,75.0,1400.0,31.4,70.2,Maturity,34.73,32.05
Madhya Pradesh,Co 86032,1378.0,Black Soil,7.4,67.6,1400.0,31.4,71.4,Harvest,32.05,37.2
Madhya Pradesh,Co 86032,1083.0,Black Soil,6.68,72.1,1400.0,31.4,69.5,Planting,37.2,34.34
Madhya Pradesh,Co 86032,887.0,Black Soil,7.17,71.8,1400.0,31.4,60.3,Germination,34.34,33.77
Madhya Pradesh,Co 86032,776.0,Black Soil,7.15,64.6,1400.0,31.4,72.7,Tillering,33.77,35.48
Madhya Pradesh,Co 86032,615.0,Black Soil,7.08,59.8,1400.0,31.4,67.3,Grand Growth,35.48,36.63
Madhya Pradesh,Co 86032,1074.0,Black Soil,7.48,60.1,1400.0,31.4,70.9,Maturity,36.63,26.68
Madhya Pradesh,Co 86032,731.0,Black Soil,7.81,75.7,1400.0,31.4,70.8,Harvest,26.68,38.5
Madhya Pradesh,Co 86032,1142.0,Black Soil,7.56,75.6,1400.0,31.4,77.1,Planting,38.5,48.34
Madhya Pradesh,Co 86032,1944.0,Black Soil,7.11,72.5,1400.0,31.4,72.5,Grand Growth,45.0,15.41
Madhya Pradesh,Co 86032,976.0,Black Soil,7.58,63.4,1400.0,31.4,70.9,Maturity,45.0,21.2
Madhya Pradesh,Co 86032,2096.0,Clay Loam,7.01,71.8,1400.0,31.4,76.2,Harvest,21.2,15.61
Madhya Pradesh,Co 86032,651.0,Black Soil,8.0,69.1,1400.0,31.4,72.9,Planting,45.0,20.78
Madhya Pradesh,Co 86032,1367.0,Black Soil,7.55,66.1,1400.0,31.4,61.6,Germination,20.78,22.45
Madhya Pradesh,Co 86032,962.0,Black Soil,7.55,68.0,1400.0,31.4,69.9,Tillering,22.45,22.44
Madhya Pradesh,Co 86032,1233.0,Black Soil,7.37,66.8,1400.0,31.4,68.2,Grand Growth,22.44,23.28
Madhya Pradesh,Co 86032,1055.0,Black Soil,7.29,74.5,1400.0,31.4,68.2,Maturity,23.28,23.7
Madhya Pradesh,Co 86032,1455.0,Black Soil,7.35,74.2,1400.0,31.4,76.8,Harvest,23.7,24.11
Madhya Pradesh,Co 86032,1388.0,Black Soil,7.51,69.5,1400.0,31.4,73.6,Planting,24.11,24.94
Madhya Pradesh,Co 86032,1386.0,Black Soil,7.74,75.2,1400.0,31.4,69.9,Germination,24.94,24.11
Madhya Pradesh,Co 86032,1227.0,Black Soil,7.24,66.0,1400.0,31.4,66.2,Tillering,24.11,24.11
Madhya Pradesh,Co 86032,1277.0,Black Soil,7.01,78.2,1400.0,31.4,71.1,Grand Growth,24.11,24.94
Madhya Pradesh,Co 86032,198.0,Clay Loam,6.29,65.8,1400.0,31.4,64.7,Maturity,24.94,17.47
Madhya Pradesh,Co 86032,2880.0,Alluvial Soil,7.24,60.9,1400.0,31.4,69.6,Harvest,45.0,24.11
Madhya Pradesh,Co 86032,247.0,Black Soil,7.63,67.1,1400.0,31.4,60.7,Planting,24.11,41.58
Madhya Pradesh,Co 86032,55.0,Black Soil,7.42,75.9,1400.0,31.4,58.4,Maturity,45.0,31.45
Madhya Pradesh,Co 86032,24.0,Black Soil,6.71,71.2,1400.0,31.4,68.7,Harvest,31.45,47.08
Madhya Pradesh,Co 86032,15.0,Black Soil,7.01,73.1,1400.0,31.4,63.7,Planting,47.08,5.33
Madhya Pradesh,Co 86032,7.0,Black Soil,7.31,72.9,1400.0,31.4,72.9,Germination,45.0,37.14
Madhya Pradesh,Co 86032,1.0,Black Soil,7.16,66.1,1400.0,31.4,67.9,Tillering,37.14,30.0
Madhya Pradesh,Co 86032,5.0,Black Soil,8.31,77.8,1400.0,31.4,71.3,Grand Growth,30.0,36.0
Madhya Pradesh,Co 86032,5.0,Black Soil,7.01,72.3,1400.0,31.4,72.7,Maturity,36.0,42.0
Madhya Pradesh,Co 86032,3.0,Black Soil,7.93,63.0,1400.0,31.4,69.1,Harvest,42.0,26.67
Madhya Pradesh,Co 86032,6.0,Black Soil,7.39,73.3,1400.0,31.4,66.4,Planting,26.67,41.67
Madhya Pradesh,Co 86032,11.0,Black Soil,7.06,74.3,1400.0,31.4,71.5,Germination,41.67,29.09
Madhya Pradesh,Co 86032,6.0,Black Soil,7.79,69.9,1400.0,31.4,64.6,Tillering,29.09,30.0
Madhya Pradesh,Co 86032,6.0,Black Soil,7.31,70.0,1400.0,31.4,66.5,Grand Growth,30.0,35.0
Madhya Pradesh,Co 86032,5.0,Black Soil,7.71,70.9,1400.0,31.4,62.7,Maturity,35.0,36.0
Madhya Pradesh,Co 86032,6.0,Black Soil,7.2,70.4,1400.0,31.4,71.3,Harvest,36.0,26.67
Madhya Pradesh,Co 86032,3.0,Black Soil,7.86,71.8,1400.0,31.4,57.1,Planting,26.67,43.33
Madhya Pradesh,Co 86032,4742.0,Black Soil,7.51,72.6,1400.0,31.4,70.3,Planting,45.0,23.73
Madhya Pradesh,Co 86032,2900.0,Black Soil,7.56,69.1,1400.0,31.4,73.4,Germination,23.73,47.38
Madhya Pradesh,Co 86032,4561.0,Black Soil,7.88,66.1,1400.0,31.4,75.9,Tillering,47.38,35.38
Madhya Pradesh,Co 86032,2939.0,Black Soil,7.18,61.4,1400.0,31.4,71.0,Grand Growth,35.38,47.38
Madhya Pradesh,Co 86032,1694.0,Black Soil,7.01,65.1,1400.0,31.4,69.6,Maturity,47.38,40.82
Madhya Pradesh,Co 86032,1226.0,Sandy Loam,6.81,59.2,1400.0,31.4,64.5,Harvest,40.82,40.82
Madhya Pradesh,Co 86032,940.0,Black Soil,7.27,70.1,1400.0,31.4,62.9,Planting,40.82,37.9
Madhya Pradesh,Co 86032,931.0,Black Soil,6.89,69.1,1400.0,31.4,61.0,Germination,37.9,39.56
Madhya Pradesh,Co 86032,1090.0,Black Soil,7.07,70.9,1400.0,31.4,76.2,Tillering,39.56,38.09
Madhya Pradesh,Co 86032,889.0,Black Soil,7.7,70.4,1400.0,31.4,70.4,Grand Growth,38.09,36.63
Madhya Pradesh,Co 86032,524.0,Black Soil,7.92,74.5,1400.0,31.4,63.5,Maturity,36.63,40.29
Madhya Pradesh,Co 86032,503.0,Black Soil,7.53,68.1,1400.0,31.4,64.9,Harvest,40.29,40.3
Madhya Pradesh,Co 86032,262.0,Black Soil,7.82,64.9,1400.0,31.4,69.8,Planting,40.3,43.97
Madhya Pradesh,Co 86032,317.0,Black Soil,6.9,66.1,1400.0,31.4,63.0,Germination,43.97,28.2
Madhya Pradesh,Co 86032,306.0,Black Soil,7.44,79.2,1400.0,31.4,68.4,Tillering,28.2,44.8
Madhya Pradesh,Co 86032,229.0,Black Soil,7.25,74.7,1400.0,31.4,73.4,Grand Growth,44.8,55.28
Madhya Pradesh,Co 86032,8016.0,Black Soil,7.25,70.2,1400.0,31.4,62.0,Planting,45.0,25.45
Madhya Pradesh,Co 86032,5759.0,Black Soil,7.71,72.8,1400.0,31.4,64.1,Germination,25.45,42.77
Madhya Pradesh,Co 86032,12332.0,Black Soil,7.43,67.7,1400.0,31.4,73.0,Tillering,42.77,27.06
Madhya Pradesh,Co 86032,8007.0,Black Soil,7.59,64.4,1400.0,31.4,77.3,Grand Growth,27.06,47.59
Madhya Pradesh,Co 86032,8250.0,Black Soil,7.05,69.3,1400.0,31.4,75.4,Maturity,47.59,46.39
Madhya Pradesh,Co 86032,8197.0,Black Soil,6.93,66.7,1400.0,31.4,67.7,Harvest,46.39,46.99
Madhya Pradesh,Co 86032,10806.0,Black Soil,6.81,70.2,1400.0,31.4,65.1,Planting,46.99,46.99
Madhya Pradesh,Co 86032,17476.0,Black Soil,7.4,73.2,1400.0,31.4,70.4,Germination,46.99,48.87
Madhya Pradesh,Co 86032,23562.0,Black Soil,7.36,63.2,1400.0,31.4,73.9,Tillering,48.87,48.87
Madhya Pradesh,Co 86032,31626.0,Black Soil,7.32,65.0,1400.0,31.4,59.4,Grand Growth,48.87,48.87
Madhya Pradesh,Co 86032,18642.0,Black Soil,8.07,78.5,1400.0,31.4,64.6,Maturity,48.87,50.12
Madhya Pradesh,Co 86032,16009.0,Black Soil,7.41,70.7,1400.0,31.4,65.3,Harvest,50.12,43.86
Madhya Pradesh,Co 86032,15248.0,Clay Loam,6.72,65.2,1400.0,31.4,66.8,Planting,43.86,43.86
Madhya Pradesh,Co 86032,21271.0,Black Soil,7.06,61.6,1400.0,31.4,74.6,Germination,43.86,40.65
Madhya Pradesh,Co 86032,19083.0,Clay Loam,7.07,71.0,1400.0,31.4,70.4,Tillering,40.65,60.96
Madhya Pradesh,Co 86032,24258.0,Black Soil,7.0,67.0,1400.0,31.4,60.3,Grand Growth,60.96,49.7
Madhya Pradesh,Co 86032,62.0,Black Soil,7.4,73.6,1400.0,31.4,81.1,Tillering,45.0,37.1
Madhya Pradesh,Co 86032,35.0,Black Soil,6.61,67.3,1400.0,31.4,60.5,Grand Growth,37.1,45.43
Madhya Pradesh,Co 86032,6.0,Black Soil,7.82,71.1,1400.0,31.4,70.3,Maturity,45.43,25.0
Madhya Pradesh,Co 86032,4.0,Alluvial Soil,7.45,43.3,1400.0,31.4,65.6,Harvest,25.0,37.5
Madhya Pradesh,Co 86032,1.0,Black Soil,7.55,72.8,1400.0,31.4,70.5,Planting,37.5,30.0
Madhya Pradesh,Co 86032,2.0,Black Soil,7.36,72.3,1400.0,31.4,81.6,Germination,30.0,30.0
Madhya Pradesh,Co 86032,1.0,Black Soil,7.74,70.0,1400.0,31.4,58.7,Tillering,30.0,40.0
Madhya Pradesh,Co 86032,1.0,Black Soil,7.58,68.9,1400.0,31.4,72.9,Grand Growth,40.0,40.0
Madhya Pradesh,Co 86032,3.0,Black Soil,7.94,76.1,1400.0,31.4,73.2,Maturity,40.0,26.67
Madhya Pradesh,Co 86032,4.0,Black Soil,7.03,71.9,1400.0,31.4,74.0,Harvest,26.67,50.0
Madhya Pradesh,Co 86032,286.0,Black Soil,7.21,70.8,1400.0,31.4,70.0,Harvest,45.0,5.03
Madhya Pradesh,Co 86032,81.0,Black Soil,7.16,62.9,1400.0,31.4,65.8,Planting,45.0,18.15
Madhya Pradesh,Co 86032,298.0,Black Soil,7.57,73.0,1400.0,31.4,74.8,Germination,45.0,6.61
Madhya Pradesh,Co 86032,109.0,Black Soil,7.74,79.7,1400.0,31.4,67.6,Tillering,45.0,17.89
Madhya Pradesh,Co 86032,162.0,Black Soil,7.25,67.5,1400.0,31.4,59.1,Grand Growth,45.0,18.27
Madhya Pradesh,Co 86032,71.0,Black Soil,7.7,74.4,1400.0,31.4,73.4,Maturity,45.0,18.59
Madhya Pradesh,Co 86032,115.0,Black Soil,7.86,78.9,1400.0,31.4,55.9,Harvest,45.0,16.52
Madhya Pradesh,Co 86032,69.0,Black Soil,7.55,75.1,1400.0,31.4,59.3,Planting,45.0,23.04
Madhya Pradesh,Co 86032,98.0,Alluvial Soil,7.36,56.5,1400.0,31.4,67.4,Germination,23.04,16.53
Madhya Pradesh,Co 86032,124.0,Black Soil,7.21,68.4,1400.0,31.4,72.3,Tillering,45.0,16.61
Madhya Pradesh,Co 86032,108.0,Black Soil,6.95,62.4,1400.0,31.4,73.0,Grand Growth,45.0,22.5
Madhya Pradesh,Co 86032,126.0,Black Soil,7.41,71.3,1400.0,31.4,64.0,Maturity,22.5,21.59
Madhya Pradesh,Co 86032,188.0,Black Soil,7.4,61.1,1400.0,31.4,63.0,Harvest,21.59,21.49
Madhya Pradesh,Co 86032,346.0,Black Soil,7.39,66.0,1400.0,31.4,63.7,Planting,21.49,15.9
Madhya Pradesh,Co 86032,153.0,Black Soil,7.99,85.0,1400.0,31.4,71.6,Germination,45.0,24.51
Madhya Pradesh,Co 86032,199.0,Red Loam,5.83,61.0,1400.0,31.4,66.1,Tillering,24.51,31.46
Madhya Pradesh,Co 86032,63.0,Black Soil,7.45,79.7,1400.0,31.4,71.2,Planting,45.0,16.19
Madhya Pradesh,Co 86032,25.0,Black Soil,7.43,71.6,1400.0,31.4,65.7,Germination,45.0,21.6
Madhya Pradesh,Co 86032,99.0,Black Soil,7.73,67.9,1400.0,31.4,68.5,Tillering,21.6,6.36
Madhya Pradesh,Co 86032,115.0,Black Soil,7.37,80.3,1400.0,31.4,72.0,Grand Growth,45.0,14.96
Madhya Pradesh,Co 86032,61.0,Black Soil,7.34,61.6,1400.0,31.4,69.7,Maturity,45.0,14.92
Madhya Pradesh,Co 86032,11.0,Black Soil,7.2,64.4,1400.0,31.4,64.5,Harvest,45.0,16.36
Madhya Pradesh,Co 86032,161.0,Black Soil,6.88,58.4,1400.0,31.4,58.9,Planting,45.0,16.34
Madhya Pradesh,Co 86032,348.0,Red Loam,6.2,64.4,1400.0,31.4,77.7,Germination,45.0,16.35
Madhya Pradesh,Co 86032,1472.0,Black Soil,6.95,71.3,1400.0,31.4,72.6,Tillering,45.0,16.33
Madhya Pradesh,Co 86032,1827.0,Alluvial Soil,7.28,49.3,1400.0,31.4,69.3,Grand Growth,45.0,16.34
Madhya Pradesh,Co 86032,420.0,Black Soil,7.74,74.3,1400.0,31.4,71.1,Maturity,45.0,16.33
Madhya Pradesh,Co 86032,1151.0,Black Soil,7.02,60.4,1400.0,31.4,73.4,Harvest,45.0,16.33
Madhya Pradesh,Co 86032,1472.0,Black Soil,7.98,66.6,1400.0,31.4,67.1,Planting,45.0,16.34
Madhya Pradesh,Co 86032,536.0,Black Soil,7.42,70.1,1400.0,31.4,64.1,Germination,45.0,12.84
Madhya Pradesh,Co 86032,1146.0,Black Soil,6.92,66.9,1400.0,31.4,73.7,Tillering,45.0,13.44
Madhya Pradesh,Co 86032,282.0,Black Soil,7.72,61.9,1400.0,31.4,73.9,Grand Growth,45.0,19.75
Madhya Pradesh,Co 86032,1400.0,Black Soil,7.87,63.2,1400.0,31.4,69.4,Germination,2000.0,135.21
Madhya Pradesh,Co 86032,955.0,Black Soil,7.29,59.3,1400.0,31.4,75.1,Planting,45.0,18.64
Madhya Pradesh,Co 86032,478.0,Black Soil,7.44,63.4,1400.0,31.4,63.1,Germination,45.0,32.62
Madhya Pradesh,Co 86032,394.0,Sandy Loam,6.52,53.0,1400.0,31.4,72.1,Tillering,32.62,23.58
Madhya Pradesh,Co 86032,284.0,Black Soil,7.56,68.0,1400.0,31.4,68.2,Grand Growth,23.58,25.67
Madhya Pradesh,Co 86032,157.0,Black Soil,7.28,65.4,1400.0,31.4,61.4,Maturity,25.67,17.71
Madhya Pradesh,Co 86032,143.0,Black Soil,7.61,65.8,1400.0,31.4,72.0,Harvest,45.0,26.43
Madhya Pradesh,Co 86032,93.0,Black Soil,7.25,59.1,1400.0,31.4,69.7,Planting,26.43,28.17
Madhya Pradesh,Co 86032,65.0,Black Soil,7.64,71.3,1400.0,31.4,65.4,Germination,28.17,26.77
Madhya Pradesh,Co 86032,85.0,Black Soil,7.25,70.2,1400.0,31.4,69.8,Tillering,26.77,28.47
Madhya Pradesh,Co 86032,82.0,Black Soil,7.69,72.0,1400.0,31.4,67.2,Grand Growth,28.47,28.9
Madhya Pradesh,Co 86032,83.0,Black Soil,7.57,79.1,1400.0,31.4,63.7,Maturity,28.9,28.92
Madhya Pradesh,Co 86032,69.0,Black Soil,7.64,67.5,1400.0,31.4,63.2,Harvest,28.92,28.99
Madhya Pradesh,Co 86032,25.0,Black Soil,6.84,68.3,1400.0,31.4,70.0,Planting,28.99,28.8
Madhya Pradesh,Co 86032,19.0,Black Soil,7.26,68.9,1400.0,31.4,72.4,Germination,28.8,27.37
Madhya Pradesh,Co 86032,14.0,Black Soil,7.6,71.4,1400.0,31.4,71.9,Tillering,27.37,32.86
Madhya Pradesh,Co 86032,3.0,Black Soil,7.22,55.2,1400.0,31.4,73.2,Grand Growth,32.86,26.67
Madhya Pradesh,Co 86032,1.0,Black Soil,6.73,57.5,1400.0,31.4,66.2,Harvest,2666.67,200.0
Madhya Pradesh,Co 86032,848.0,Black Soil,7.29,69.2,1400.0,31.4,76.7,Planting,45.0,39.62
Madhya Pradesh,Co 86032,551.0,Black Soil,7.76,64.5,1400.0,31.4,65.8,Germination,39.62,58.31
Madhya Pradesh,Co 86032,225.0,Black Soil,7.41,65.3,1400.0,31.4,73.2,Tillering,58.31,49.24
Madhya Pradesh,Co 86032,22.0,Black Soil,7.12,81.3,1400.0,31.4,64.3,Grand Growth,49.24,58.18
Madhya Pradesh,Co 86032,9.0,Black Soil,6.86,66.8,1400.0,31.4,71.2,Maturity,58.18,51.11
Madhya Pradesh,Co 86032,4.0,Black Soil,7.32,74.7,1400.0,31.4,73.0,Harvest,51.11,57.5
Madhya Pradesh,Co 86032,10.0,Black Soil,7.24,67.5,1400.0,31.4,73.0,Planting,57.5,44.0
Madhya Pradesh,Co 86032,12.0,Black Soil,7.72,67.8,1400.0,31.4,65.0,Germination,44.0,58.33
Madhya Pradesh,Co 86032,12.0,Red Loam,6.48,65.4,1400.0,31.4,66.9,Tillering,58.33,58.33
Madhya Pradesh,Co 86032,18.0,Black Soil,7.47,60.7,1400.0,31.4,74.1,Grand Growth,58.33,60.56
Madhya Pradesh,Co 86032,11.0,Black Soil,7.25,62.8,1400.0,31.4,67.4,Maturity,60.56,58.18
Madhya Pradesh,Co 86032,11.0,Black Soil,7.49,77.1,1400.0,31.4,67.8,Harvest,58.18,54.55
Madhya Pradesh,Co 86032,5.0,Black Soil,7.45,65.3,1400.0,31.4,73.5,Planting,54.55,58.0
Madhya Pradesh,Co 86032,15.0,Black Soil,7.0,62.5,1400.0,31.4,71.1,Germination,58.0,55.33
Madhya Pradesh,Co 86032,11.0,Red Loam,7.19,47.6,1400.0,31.4,64.4,Tillering,55.33,86.36
Madhya Pradesh,Co 86032,74.0,Black Soil,6.96,69.8,1400.0,31.4,70.2,Tillering,45.0,18.38
Madhya Pradesh,Co 86032,51.0,Black Soil,6.81,75.9,1400.0,31.4,71.1,Grand Growth,45.0,35.49
Madhya Pradesh,Co 86032,74.0,Black Soil,7.8,62.2,1400.0,31.4,72.6,Maturity,35.49,19.86
Madhya Pradesh,Co 86032,39.0,Clay Loam,6.62,69.9,1400.0,31.4,72.5,Harvest,45.0,30.26
Madhya Pradesh,Co 86032,35.0,Black Soil,7.21,70.7,1400.0,31.4,66.7,Planting,30.26,30.29
Madhya Pradesh,Co 86032,43.0,Black Soil,7.31,68.2,1400.0,31.4,63.4,Germination,30.29,30.47
Madhya Pradesh,Co 86032,39.0,Black Soil,7.06,68.1,1400.0,31.4,66.7,Tillering,30.47,30.26
Madhya Pradesh,Co 86032,33.0,Black Soil,7.26,64.8,1400.0,31.4,61.9,Grand Growth,30.26,30.3
Madhya Pradesh,Co 86032,42.0,Black Soil,7.54,74.6,1400.0,31.4,71.3,Maturity,30.3,23.33
Madhya Pradesh,Co 86032,48.0,Black Soil,8.08,78.6,1400.0,31.4,65.7,Harvest,23.33,22.71
Madhya Pradesh,Co 86032,25.0,Sandy Loam,6.22,56.1,1400.0,31.4,60.8,Planting,22.71,30.4
Madhya Pradesh,Co 86032,22.0,Black Soil,8.03,73.0,1400.0,31.4,68.8,Germination,30.4,27.73
Madhya Pradesh,Co 86032,28.0,Black Soil,7.09,76.5,1400.0,31.4,74.9,Tillering,27.73,27.86
Madhya Pradesh,Co 86032,28.0,Black Soil,7.27,71.6,1400.0,31.4,68.1,Grand Growth,27.86,19.64
Madhya Pradesh,Co 86032,26.0,Black Soil,7.3,63.8,1400.0,31.4,72.4,Maturity,45.0,28.08
Madhya Pradesh,Co 86032,24.0,Black Soil,7.09,69.9,1400.0,31.4,73.5,Harvest,28.08,32.5
Madhya Pradesh,Co 86032,219.0,Black Soil,7.72,65.9,1400.0,31.4,73.0,Planting,45.0,20.14
Madhya Pradesh,Co 86032,136.0,Black Soil,7.35,69.5,1400.0,31.4,62.1,Germination,20.14,28.31
Madhya Pradesh,Co 86032,334.0,Black Soil,8.14,68.5,1400.0,31.4,63.1,Tillering,28.31,10.39
Madhya Pradesh,Co 86032,217.0,Black Soil,7.57,68.3,1400.0,31.4,61.1,Grand Growth,45.0,26.08
Madhya Pradesh,Co 86032,239.0,Black Soil,7.49,73.7,1400.0,31.4,68.5,Maturity,26.08,26.07
Madhya Pradesh,Co 86032,287.0,Black Soil,7.34,65.2,1400.0,31.4,63.1,Harvest,26.07,26.06
Madhya Pradesh,Co 86032,220.0,Black Soil,7.72,82.1,1400.0,31.4,64.0,Planting,26.06,26.09
Madhya Pradesh,Co 86032,413.0,Black Soil,7.44,73.9,1400.0,31.4,73.2,Germination,26.09,26.42
Madhya Pradesh,Co 86032,418.0,Red Loam,6.98,58.3,1400.0,31.4,56.4,Tillering,26.42,23.92
Madhya Pradesh,Co 86032,337.0,Black Soil,7.29,60.6,1400.0,31.4,68.0,Grand Growth,23.92,23.92
Madhya Pradesh,Co 86032,297.0,Black Soil,7.23,74.8,1400.0,31.4,69.7,Maturity,23.92,23.91
Madhya Pradesh,Co 86032,276.0,Black Soil,7.49,62.4,1400.0,31.4,69.9,Harvest,23.91,23.91
Madhya Pradesh,Co 86032,332.0,Black Soil,7.49,67.9,1400.0,31.4,79.0,Planting,23.91,26.08
Madhya Pradesh,Co 86032,306.0,Black Soil,8.08,75.6,1400.0,31.4,71.1,Germination,26.08,17.65
Madhya Pradesh,Co 86032,496.0,Clay Loam,6.86,60.3,1400.0,31.4,62.5,Tillering,45.0,31.53
Madhya Pradesh,Co 86032,203.0,Black Soil,7.48,71.4,1400.0,31.4,74.0,Grand Growth,31.53,31.53
Madhya Pradesh,Co 86032,187.0,Black Soil,6.87,65.1,1400.0,31.4,64.2,Germination,45.0,13.8
Madhya Pradesh,Co 86032,98.0,Black Soil,7.06,62.7,1400.0,31.4,63.2,Tillering,45.0,28.98
Madhya Pradesh,Co 86032,221.0,Black Soil,7.15,74.5,1400.0,31.4,71.8,Grand Growth,28.98,11.54
Madhya Pradesh,Co 86032,120.0,Black Soil,7.76,69.6,1400.0,31.4,66.8,Maturity,45.0,26.0
Madhya Pradesh,Co 86032,111.0,Black Soil,7.41,68.9,1400.0,31.4,69.7,Harvest,26.0,22.7
Madhya Pradesh,Co 86032,78.0,Black Soil,6.97,70.3,1400.0,31.4,73.6,Planting,22.7,26.54
Madhya Pradesh,Co 86032,123.0,Black Soil,7.04,81.1,1400.0,31.4,71.7,Germination,26.54,27.4
Madhya Pradesh,Co 86032,64.0,Black Soil,7.53,71.1,1400.0,31.4,63.2,Tillering,27.4,26.56
Madhya Pradesh,Co 86032,170.0,Black Soil,7.81,70.5,1400.0,31.4,57.2,Grand Growth,26.56,23.59
Madhya Pradesh,Co 86032,70.0,Black Soil,6.91,81.8,1400.0,31.4,57.8,Maturity,23.59,24.14
Madhya Pradesh,Co 86032,160.0,Black Soil,7.4,76.3,1400.0,31.4,63.7,Harvest,24.14,26.94
Madhya Pradesh,Co 86032,141.0,Black Soil,7.26,67.7,1400.0,31.4,73.5,Planting,26.94,24.11
Madhya Pradesh,Co 86032,142.0,Black Soil,6.84,72.3,1400.0,31.4,65.4,Germination,24.11,25.99
Madhya Pradesh,Co 86032,119.0,Black Soil,6.8,66.2,1400.0,31.4,72.4,Tillering,25.99,16.97
Madhya Pradesh,Co 86032,124.0,Black Soil,6.46,66.0,1400.0,31.4,65.9,Grand Growth,45.0,34.44
Madhya Pradesh,Co 86032,97.0,Black Soil,7.83,60.7,1400.0,31.4,69.8,Maturity,34.44,27.22
Madhya Pradesh,Co 86032,4805.0,Black Soil,7.0,79.1,1400.0,31.4,77.7,Planting,45.0,19.09
Madhya Pradesh,Co 86032,1841.0,Black Soil,6.89,57.8,1400.0,31.4,64.0,Germination,48.0,46.99
Madhya Pradesh,Co 86032,4701.0,Black Soil,7.1,57.3,1400.0,31.4,65.1,Tillering,46.99,14.3
Madhya Pradesh,Co 86032,1136.0,Black Soil,6.81,64.5,1400.0,31.4,69.0,Grand Growth,45.49,43.37
Madhya Pradesh,Co 86032,2076.0,Black Soil,6.77,72.6,1400.0,31.4,67.1,Maturity,43.37,54.22
Madhya Pradesh,Co 86032,1797.0,Black Soil,7.62,63.2,1400.0,31.4,70.7,Harvest,54.22,54.22
Madhya Pradesh,Co 86032,1564.0,Black Soil,8.17,63.0,1400.0,31.4,72.5,Planting,54.22,54.22
Madhya Pradesh,Co 86032,1481.0,Black Soil,8.1,68.3,1400.0,31.4,73.2,Germination,54.22,54.21
Madhya Pradesh,Co 86032,787.0,Black Soil,7.73,67.2,1400.0,31.4,67.8,Tillering,54.21,54.22
Madhya Pradesh,Co 86032,1414.0,Black Soil,8.0,63.9,1400.0,31.4,75.5,Grand Growth,54.22,43.37
Madhya Pradesh,Co 86032,1786.0,Black Soil,7.76,65.3,1400.0,31.4,66.5,Maturity,43.37,43.38
Madhya Pradesh,Co 86032,459.0,Black Soil,7.42,71.0,1400.0,31.4,77.7,Harvest,43.38,57.84
Madhya Pradesh,Co 86032,1490.0,Black Soil,6.86,76.5,1400.0,31.4,69.8,Planting,57.84,57.83
Madhya Pradesh,Co 86032,1825.0,Black Soil,7.2,73.8,1400.0,31.4,78.3,Germination,57.83,48.77
Madhya Pradesh,Co 86032,1681.0,Black Soil,7.0,72.6,1400.0,31.4,67.2,Tillering,48.77,55.73
Madhya Pradesh,Co 86032,767.0,Black Soil,7.74,63.1,1400.0,31.4,69.0,Grand Growth,55.73,49.54
Madhya Pradesh,Co 86032,947.0,Black Soil,7.95,70.1,1400.0,31.4,61.4,Planting,45.0,20.71
Madhya Pradesh,Co 86032,844.0,Black Soil,7.13,76.3,1400.0,31.4,61.4,Germination,20.71,32.54
Madhya Pradesh,Co 86032,1302.0,Black Soil,7.58,68.2,1400.0,31.4,76.7,Tillering,32.54,17.06
Madhya Pradesh,Co 86032,1019.0,Black Soil,7.55,72.7,1400.0,31.4,62.4,Grand Growth,45.0,32.52
Madhya Pradesh,Co 86032,670.0,Black Soil,7.37,69.7,1400.0,31.4,66.2,Maturity,32.52,30.36
Madhya Pradesh,Co 86032,806.0,Black Soil,7.25,74.0,1400.0,31.4,67.6,Harvest,30.36,30.36
Madhya Pradesh,Co 86032,621.0,Black Soil,6.77,70.3,1400.0,31.4,64.5,Planting,30.36,26.02
Madhya Pradesh,Co 86032,1051.0,Black Soil,7.7,69.9,1400.0,31.4,68.3,Germination,26.02,30.36
Madhya Pradesh,Co 86032,1014.0,Black Soil,7.48,76.0,1400.0,31.4,68.0,Tillering,30.36,30.36
Madhya Pradesh,Co 86032,1169.0,Black Soil,7.53,65.9,1400.0,31.4,74.5,Grand Growth,30.36,30.36
Madhya Pradesh,Co 86032,1185.0,Black Soil,7.2,80.1,1400.0,31.4,68.7,Maturity,30.36,30.36
Madhya Pradesh,Co 86032,1020.0,Black Soil,7.68,73.2,1400.0,31.4,69.3,Harvest,30.36,30.36
Madhya Pradesh,Co 86032,1125.0,Black Soil,7.21,67.3,1400.0,31.4,71.7,Planting,30.36,30.36
Madhya Pradesh,Co 86032,721.0,Black Soil,7.28,72.0,1400.0,31.4,69.9,Germination,30.36,25.63
Madhya Pradesh,Co 86032,767.0,Clay Loam,7.03,62.6,1400.0,31.4,69.4,Tillering,25.63,30.7
Madhya Pradesh,Co 86032,625.0,Black Soil,7.51,71.6,1400.0,31.4,81.6,Grand Growth,30.7,50.43
Madhya Pradesh,Co 86032,28.0,Black Soil,7.17,71.7,1400.0,31.4,68.8,Harvest,45.0,10.71
Madhya Pradesh,Co 86032,19.0,Black Soil,7.21,66.8,1400.0,31.4,64.4,Planting,45.0,25.26
Madhya Pradesh,Co 86032,37.0,Black Soil,7.33,71.3,1400.0,31.4,55.0,Germination,25.26,14.86
Madhya Pradesh,Co 86032,23.0,Black Soil,7.55,65.6,1400.0,31.4,63.7,Tillering,45.0,25.65
Madhya Pradesh,Co 86032,27.0,Black Soil,7.35,70.3,1400.0,31.4,74.0,Grand Growth,25.65,25.56
Madhya Pradesh,Co 86032,20.0,Black Soil,7.27,65.0,1400.0,31.4,66.3,Maturity,25.56,25.5
Madhya Pradesh,Co 86032,5.0,Black Soil,7.51,72.3,1400.0,31.4,60.9,Harvest,25.5,26.0
Madhya Pradesh,Co 86032,19.0,Red Loam,6.41,46.4,1400.0,31.4,75.6,Planting,26.0,26.84
Madhya Pradesh,Co 86032,14.0,Black Soil,7.5,60.6,1400.0,31.4,55.1,Germination,26.84,22.86
Madhya Pradesh,Co 86032,18.0,Black Soil,7.44,63.1,1400.0,31.4,71.9,Tillering,22.86,22.78
Madhya Pradesh,Co 86032,18.0,Clay Loam,6.98,69.3,1400.0,31.4,75.5,Grand Growth,22.78,29.44
Madhya Pradesh,Co 86032,16.0,Sandy Loam,6.59,57.3,1400.0,31.4,70.5,Maturity,29.44,22.5
Madhya Pradesh,Co 86032,15.0,Black Soil,7.56,63.0,1400.0,31.4,62.3,Harvest,22.5,26.67
Madhya Pradesh,Co 86032,24.0,Sandy Loam,7.0,56.3,1400.0,31.4,71.1,Planting,26.67,17.92
Madhya Pradesh,Co 86032,1.0,Clay Loam,6.66,75.1,1400.0,31.4,65.1,Germination,45.0,40.0
Madhya Pradesh,Co 86032,24.0,Black Soil,6.75,74.9,1400.0,31.4,64.9,Tillering,40.0,52.08
Madhya Pradesh,Co 86032,1447.0,Black Soil,7.61,71.5,1400.0,31.4,69.4,Grand Growth,45.0,27.37
Madhya Pradesh,Co 86032,1163.0,Alluvial Soil,6.94,55.6,1400.0,31.4,63.9,Maturity,27.37,31.96
Madhya Pradesh,Co 86032,1203.0,Black Soil,8.13,73.5,1400.0,31.4,64.4,Harvest,31.96,30.42
Madhya Pradesh,Co 86032,840.0,Black Soil,7.0,70.6,1400.0,31.4,62.9,Planting,30.42,31.51
Madhya Pradesh,Co 86032,701.0,Alluvial Soil,7.23,57.5,1400.0,31.4,70.4,Germination,31.51,22.82
Madhya Pradesh,Co 86032,502.0,Red Loam,6.5,61.3,1400.0,31.4,64.2,Tillering,22.82,27.39
Madhya Pradesh,Co 86032,518.0,Black Soil,6.99,58.3,1400.0,31.4,72.2,Grand Growth,27.39,31.51
Madhya Pradesh,Co 86032,411.0,Black Soil,7.69,72.0,1400.0,31.4,74.2,Maturity,31.51,31.97
Madhya Pradesh,Co 86032,353.0,Black Soil,6.94,67.6,1400.0,31.4,68.7,Harvest,31.97,31.98
Madhya Pradesh,Co 86032,348.0,Black Soil,7.24,72.0,1400.0,31.4,73.4,Planting,31.98,32.41
Madhya Pradesh,Co 86032,237.0,Black Soil,7.29,73.8,1400.0,31.4,75.7,Germination,32.41,29.66
Madhya Pradesh,Co 86032,196.0,Black Soil,7.66,65.1,1400.0,31.4,70.8,Tillering,29.66,31.99
Madhya Pradesh,Co 86032,185.0,Black Soil,7.61,65.9,1400.0,31.4,68.2,Grand Growth,31.99,31.95
Madhya Pradesh,Co 86032,163.0,Black Soil,7.35,72.4,1400.0,31.4,71.3,Maturity,31.95,26.63
Madhya Pradesh,Co 86032,58.0,Black Soil,7.99,73.4,1400.0,31.4,78.9,Harvest,26.63,28.45
Madhya Pradesh,Co 86032,110.0,Red Loam,6.86,61.0,1400.0,31.4,63.8,Planting,28.45,38.09
Madhya Pradesh,Co 86032,374.0,Black Soil,7.01,69.6,1400.0,31.4,71.5,Planting,45.0,13.24
Madhya Pradesh,Co 86032,357.0,Black Soil,6.9,74.9,1400.0,31.4,68.6,Germination,47.62,44.51
Madhya Pradesh,Co 86032,416.0,Clay Loam,6.34,61.7,1400.0,31.4,78.1,Tillering,44.51,45.19
Madhya Pradesh,Co 86032,73.0,Black Soil,8.04,62.3,1400.0,31.4,61.9,Grand Growth,45.19,51.1
Madhya Pradesh,Co 86032,98.0,Black Soil,7.05,75.2,1400.0,31.4,71.7,Maturity,51.1,37.86
Madhya Pradesh,Co 86032,98.0,Black Soil,8.07,80.7,1400.0,31.4,69.3,Harvest,37.86,49.59
Madhya Pradesh,Co 86032,77.0,Black Soil,7.92,68.6,1400.0,31.4,65.2,Planting,49.59,43.77
Madhya Pradesh,Co 86032,63.0,Black Soil,7.47,69.4,1400.0,31.4,69.7,Germination,43.77,55.24
Madhya Pradesh,Co 86032,50.0,Black Soil,7.58,63.4,1400.0,31.4,72.2,Tillering,55.24,51.0
Madhya Pradesh,Co 86032,57.0,Black Soil,7.74,67.3,1400.0,31.4,63.2,Grand Growth,51.0,42.46
Madhya Pradesh,Co 86032,38.0,Black Soil,7.36,67.9,1400.0,31.4,67.3,Maturity,42.46,51.05
Madhya Pradesh,Co 86032,18.0,Black Soil,7.15,64.7,1400.0,31.4,66.5,Harvest,51.05,51.11
Madhya Pradesh,Co 86032,24.0,Black Soil,7.78,61.2,1400.0,31.4,69.2,Planting,51.11,50.83
Madhya Pradesh,Co 86032,2.0,Black Soil,7.79,75.2,1400.0,31.4,77.7,Germination,50.83,35.0
Madhya Pradesh,Co 86032,8.0,Black Soil,7.39,73.5,1400.0,31.4,62.5,Tillering,35.0,70.0
Madhya Pradesh,Co 86032,14.0,Black Soil,8.18,64.0,1400.0,31.4,65.2,Grand Growth,70.0,70.0
Madhya Pradesh,Co 86032,70.0,Black Soil,7.03,71.3,1400.0,31.4,70.1,Planting,2000.0,114.29
Madhya Pradesh,Co 86032,1188.0,Black Soil,6.92,77.2,1400.0,31.4,65.3,Planting,45.0,24.02
Madhya Pradesh,Co 86032,788.0,Black Soil,7.33,67.2,1400.0,31.4,64.5,Germination,24.02,24.21
Madhya Pradesh,Co 86032,1130.0,Red Loam,5.72,62.6,1400.0,31.4,77.1,Tillering,24.21,16.5
Madhya Pradesh,Co 86032,722.0,Black Soil,7.33,73.8,1400.0,31.4,67.2,Grand Growth,45.0,24.58
Madhya Pradesh,Co 86032,324.0,Black Soil,7.59,66.3,1400.0,31.4,73.1,Maturity,24.58,14.81
Madhya Pradesh,Co 86032,557.0,Black Soil,7.41,60.5,1400.0,31.4,67.1,Harvest,45.0,24.58
Madhya Pradesh,Co 86032,752.0,Black Soil,7.42,74.6,1400.0,31.4,73.9,Planting,24.58,24.23
Madhya Pradesh,Co 86032,600.0,Black Soil,7.42,70.4,1400.0,31.4,77.5,Germination,24.23,26.38
Madhya Pradesh,Co 86032,1220.0,Black Soil,7.43,64.2,1400.0,31.4,74.5,Tillering,26.38,24.57
Madhya Pradesh,Co 86032,1325.0,Black Soil,7.47,59.5,1400.0,31.4,60.0,Grand Growth,24.57,18.07
Madhya Pradesh,Co 86032,1314.0,Black Soil,7.11,79.9,1400.0,31.4,66.4,Maturity,45.0,22.05
Madhya Pradesh,Co 86032,780.0,Black Soil,7.86,74.2,1400.0,31.4,68.2,Harvest,22.05,21.35
Madhya Pradesh,Co 86032,1138.0,Black Soil,7.56,66.5,1400.0,31.4,67.1,Planting,21.35,23.5
Madhya Pradesh,Co 86032,941.0,Black Soil,6.99,70.0,1400.0,31.4,70.2,Germination,23.5,18.89
Madhya Pradesh,Co 86032,939.0,Black Soil,7.76,70.8,1400.0,31.4,65.7,Tillering,45.0,20.07
Madhya Pradesh,Co 86032,762.0,Black Soil,7.72,66.9,1400.0,31.4,67.7,Grand Growth,20.07,21.85
Madhya Pradesh,Co 86032,64.0,Black Soil,7.01,70.6,1400.0,31.4,67.8,Planting,45.0,16.56
Madhya Pradesh,Co 86032,36.0,Black Soil,6.76,72.1,1400.0,31.4,68.1,Germination,45.0,26.94
Madhya Pradesh,Co 86032,59.0,Black Soil,7.53,72.6,1400.0,31.4,74.3,Tillering,26.94,21.36
Madhya Pradesh,Co 86032,34.0,Black Soil,7.26,59.3,1400.0,31.4,76.4,Grand Growth,21.36,21.18
Madhya Pradesh,Co 86032,28.0,Black Soil,7.66,74.4,1400.0,31.4,70.1,Maturity,21.18,21.07
Madhya Pradesh,Co 86032,35.0,Black Soil,7.51,56.9,1400.0,31.4,71.2,Harvest,21.07,24.57
Madhya Pradesh,Co 86032,22.0,Black Soil,7.66,63.1,1400.0,31.4,65.6,Planting,24.57,24.55
Madhya Pradesh,Co 86032,20.0,Black Soil,7.57,64.3,1400.0,31.4,70.8,Germination,24.55,24.0
Madhya Pradesh,Co 86032,21.0,Black Soil,6.78,76.6,1400.0,31.4,68.2,Tillering,24.0,24.76
Madhya Pradesh,Co 86032,11.0,Black Soil,7.26,74.0,1400.0,31.4,73.7,Grand Growth,24.76,22.73
Madhya Pradesh,Co 86032,5.0,Black Soil,7.57,59.2,1400.0,31.4,73.9,Maturity,22.73,24.0
Madhya Pradesh,Co 86032,6.0,Black Soil,7.85,70.5,1400.0,31.4,72.4,Harvest,24.0,25.0
Madhya Pradesh,Co 86032,9.0,Black Soil,7.02,69.1,1400.0,31.4,64.7,Planting,25.0,25.56
Madhya Pradesh,Co 86032,6.0,Clay Loam,6.78,66.2,1400.0,31.4,69.8,Germination,25.56,31.67
Madhya Pradesh,Co 86032,11.0,Black Soil,6.97,76.5,1400.0,31.4,66.4,Tillering,31.67,48.18
Madhya Pradesh,Co 86032,4.0,Black Soil,7.45,63.3,1400.0,31.4,65.0,Germination,45.0,25.0
Madhya Pradesh,Co 86032,13.0,Black Soil,7.15,69.2,1400.0,31.4,71.3,Tillering,25.0,33.85
Madhya Pradesh,Co 86032,9.0,Black Soil,7.45,67.5,1400.0,31.4,73.4,Grand Growth,33.85,33.33
Madhya Pradesh,Co 86032,5.0,Black Soil,7.17,72.2,1400.0,31.4,67.4,Maturity,33.33,24.0
Madhya Pradesh,Co 86032,12.0,Black Soil,7.91,61.9,1400.0,31.4,72.5,Harvest,24.0,36.67
Madhya Pradesh,Co 86032,10.0,Black Soil,7.8,76.4,1400.0,31.4,66.6,Planting,36.67,37.0
Madhya Pradesh,Co 86032,667.0,Black Soil,7.15,69.3,1400.0,31.4,71.7,Harvest,45.0,27.38
Madhya Pradesh,Co 86032,402.0,Black Soil,7.15,70.1,1400.0,31.4,68.8,Planting,27.38,57.69
Madhya Pradesh,Co 86032,650.0,Black Soil,7.76,70.5,1400.0,31.4,60.3,Germination,57.69,26.2
Madhya Pradesh,Co 86032,420.0,Black Soil,7.64,76.7,1400.0,31.4,61.7,Tillering,26.2,60.55
Madhya Pradesh,Co 86032,287.0,Black Soil,7.35,61.9,1400.0,31.4,64.0,Grand Growth,60.55,47.28
Madhya Pradesh,Co 86032,399.0,Clay Loam,6.64,66.9,1400.0,31.4,63.2,Maturity,47.28,47.29
Madhya Pradesh,Co 86032,440.0,Black Soil,7.1,57.0,1400.0,31.4,66.4,Harvest,47.29,37.84
Madhya Pradesh,Co 86032,120.0,Black Soil,7.25,58.7,1400.0,31.4,70.2,Planting,37.84,47.25
Madhya Pradesh,Co 86032,259.0,Red Loam,6.42,48.7,1400.0,31.4,64.6,Germination,47.25,37.84
Madhya Pradesh,Co 86032,123.0,Black Soil,7.42,73.7,1400.0,31.4,69.1,Tillering,37.84,37.8
Madhya Pradesh,Co 86032,122.0,Black Soil,7.45,66.5,1400.0,31.4,72.6,Grand Growth,37.8,48.28
Madhya Pradesh,Co 86032,140.0,Black Soil,7.05,76.0,1400.0,31.4,68.5,Maturity,48.28,47.29
Madhya Pradesh,Co 86032,150.0,Black Soil,7.3,76.7,1400.0,31.4,65.2,Harvest,47.29,47.27
Madhya Pradesh,Co 86032,102.0,Alluvial Soil,6.81,65.4,1400.0,31.4,70.0,Planting,47.27,34.22
Madhya Pradesh,Co 86032,174.0,Black Soil,6.97,73.5,1400.0,31.4,63.2,Germination,34.22,36.84
Madhya Pradesh,Co 86032,189.0,Black Soil,7.82,66.9,1400.0,31.4,66.4,Tillering,36.84,36.83
Madhya Pradesh,Co 86032,538.0,Black Soil,7.07,57.6,1400.0,31.4,61.0,Planting,45.0,17.3
Madhya Pradesh,Co 86032,349.0,Clay Loam,7.12,76.3,1400.0,31.4,69.7,Germination,45.0,24.9
Madhya Pradesh,Co 86032,300.0,Black Soil,8.43,54.5,1400.0,31.4,65.1,Tillering,24.9,11.4
Madhya Pradesh,Co 86032,189.0,Black Soil,7.94,74.1,1400.0,31.4,77.0,Grand Growth,45.0,17.88
Madhya Pradesh,Co 86032,173.0,Black Soil,7.22,64.1,1400.0,31.4,66.2,Maturity,45.0,16.3
Madhya Pradesh,Co 86032,136.0,Black Soil,7.64,73.9,1400.0,31.4,63.9,Harvest,45.0,21.76
Madhya Pradesh,Co 86032,96.0,Alluvial Soil,7.11,66.0,1400.0,31.4,74.6,Planting,21.76,21.77
Madhya Pradesh,Co 86032,74.0,Black Soil,7.45,62.7,1400.0,31.4,63.5,Germination,21.77,22.43
Madhya Pradesh,Co 86032,154.0,Black Soil,6.67,63.6,1400.0,31.4,67.6,Tillering,22.43,24.22
Madhya Pradesh,Co 86032,106.0,Black Soil,7.57,62.3,1400.0,31.4,67.8,Grand Growth,24.22,24.53
Madhya Pradesh,Co 86032,86.0,Black Soil,7.38,67.5,1400.0,31.4,68.3,Maturity,24.53,23.95
Madhya Pradesh,Co 86032,76.0,Black Soil,7.87,79.6,1400.0,31.4,67.9,Harvest,23.95,24.21
Madhya Pradesh,Co 86032,10.0,Black Soil,7.9,66.4,1400.0,31.4,74.1,Planting,24.21,24.0
Madhya Pradesh,Co 86032,26.0,Black Soil,7.38,66.1,1400.0,31.4,75.1,Germination,24.0,21.54
Madhya Pradesh,Co 86032,8.0,Black Soil,7.72,73.2,1400.0,31.4,73.2,Tillering,21.54,21.25
Madhya Pradesh,Co 86032,30.0,Black Soil,7.45,66.9,1400.0,31.4,65.9,Grand Growth,21.25,32.67
Madhya Pradesh,Co 86032,2.0,Black Soil,7.38,58.7,1400.0,31.4,66.6,Planting,45.0,10.0
Madhya Pradesh,Co 86032,1.0,Black Soil,6.45,74.5,1400.0,31.4,66.7,Germination,45.0,20.0
Madhya Pradesh,Co 86032,2.0,Black Soil,7.87,65.6,1400.0,31.4,65.7,Tillering,45.0,25.0
Madhya Pradesh,Co 86032,2.0,Alluvial Soil,7.21,56.0,1400.0,31.4,72.0,Grand Growth,25.0,25.0
Madhya Pradesh,Co 86032,2.0,Black Soil,7.46,70.8,1400.0,31.4,69.7,Maturity,25.0,20.0
Madhya Pradesh,Co 86032,1.0,Black Soil,7.4,67.7,1400.0,31.4,70.1,Harvest,45.0,20.0
Madhya Pradesh,Co 86032,4.0,Clay Loam,6.96,68.8,1400.0,31.4,61.1,Planting,45.0,20.0
Madhya Pradesh,Co 86032,4.0,Black Soil,7.28,65.7,1400.0,31.4,62.5,Germination,45.0,22.5
Madhya Pradesh,Co 86032,3.0,Black Soil,7.47,76.8,1400.0,31.4,73.0,Tillering,2250.0,200.0
Madhya Pradesh,Co 86032,317.0,Black Soil,7.89,64.2,1400.0,31.4,71.6,Planting,45.0,5.27
Madhya Pradesh,Co 86032,143.0,Black Soil,8.36,66.2,1400.0,31.4,76.4,Germination,45.0,17.83
Madhya Pradesh,Co 86032,305.0,Black Soil,7.9,76.7,1400.0,31.4,70.3,Tillering,45.0,12.26
Madhya Pradesh,Co 86032,180.0,Black Soil,8.07,62.7,1400.0,31.4,62.3,Grand Growth,45.0,18.39
Madhya Pradesh,Co 86032,143.0,Black Soil,7.41,69.9,1400.0,31.4,68.5,Maturity,45.0,18.11
Madhya Pradesh,Co 86032,112.0,Black Soil,7.61,68.9,1400.0,31.4,78.4,Harvest,45.0,18.39
Madhya Pradesh,Co 86032,54.0,Black Soil,7.0,75.0,1400.0,31.4,65.9,Planting,45.0,19.26
Madhya Pradesh,Co 86032,75.0,Black Soil,7.36,75.9,1400.0,31.4,69.5,Germination,45.0,18.4
Madhya Pradesh,Co 86032,76.0,Clay Loam,7.02,80.7,1400.0,31.4,66.8,Tillering,45.0,20.66
Madhya Pradesh,Co 86032,242.0,Black Soil,7.28,66.8,1400.0,31.4,71.8,Grand Growth,20.66,18.14
Madhya Pradesh,Co 86032,155.0,Black Soil,7.63,62.8,1400.0,31.4,70.3,Maturity,45.0,19.23
Madhya Pradesh,Co 86032,234.0,Black Soil,7.61,66.9,1400.0,31.4,63.8,Harvest,45.0,19.83
Madhya Pradesh,Co 86032,238.0,Black Soil,7.31,58.2,1400.0,31.4,72.0,Planting,45.0,18.4
Madhya Pradesh,Co 86032,177.0,Black Soil,7.66,65.0,1400.0,31.4,64.9,Germination,45.0,16.21
Madhya Pradesh,Co 86032,217.0,Black Soil,7.6,70.9,1400.0,31.4,74.1,Tillering,45.0,20.23
Madhya Pradesh,Co 86032,47.0,Black Soil,7.79,70.2,1400.0,31.4,69.0,Grand Growth,20.23,20.21
Madhya Pradesh,Co 86032,41.0,Clay Loam,7.31,76.2,1400.0,31.4,67.0,Planting,383.33,202.44
Maharashtra,CoM 0265,45900.0,Black Soil,7.09,69.3,1446.5,31.7,76.2,Harvest,45.0,0.85
Maharashtra,CoM 0265,59600.0,Black Soil,7.27,74.5,1446.5,31.7,69.7,Planting,90.9,87.78
Maharashtra,CoM 0265,66600.0,Black Soil,7.14,72.5,1446.5,31.7,62.4,Germination,87.78,89.53
Maharashtra,CoM 0265,67100.0,Black Soil,7.36,62.6,1446.5,31.7,75.0,Tillering,89.53,76.96
Maharashtra,CoM 0265,52000.0,Black Soil,7.91,61.4,1446.5,31.7,77.7,Grand Growth,76.96,69.16
Maharashtra,CoM 0265,49400.0,Black Soil,7.34,65.9,1446.5,31.7,70.7,Maturity,69.16,66.86
Maharashtra,CoM 0265,31200.0,Black Soil,7.29,56.5,1446.5,31.7,67.1,Harvest,66.86,47.65
Maharashtra,CoM 0265,17000.0,Black Soil,7.46,59.3,1446.5,31.7,61.0,Planting,47.65,58.93
Maharashtra,CoM 0265,56600.0,Black Soil,7.43,74.5,1446.5,31.7,59.9,Germination,58.93,77.66
Maharashtra,CoM 0265,1333.0,Clay Loam,6.49,76.6,1446.5,31.7,65.8,Tillering,77.66,78.0
Maharashtra,CoM 0265,77500.0,Black Soil,7.5,70.1,1446.5,31.7,74.0,Grand Growth,78.0,71.8
Maharashtra,CoM 0265,77500.0,Black Soil,7.93,72.0,1446.5,31.7,57.4,Maturity,71.8,71.8
Maharashtra,CoM 0265,75600.0,Black Soil,7.72,54.8,1446.5,31.7,73.3,Harvest,71.8,83.85
Maharashtra,CoM 0265,126000.0,Black Soil,7.23,79.0,1446.5,31.7,71.4,Planting,83.85,91.4
Maharashtra,CoM 0265,129500.0,Black Soil,7.26,77.1,1446.5,31.7,67.6,Germination,91.4,91.73
Maharashtra,CoM 0265,115500.0,Sandy Loam,6.48,58.9,1446.5,31.7,73.6,Tillering,91.73,71.3
Maharashtra,CoM 0265,110800.0,Alluvial Soil,7.21,58.3,1446.5,31.7,70.8,Grand Growth,71.3,87.04
Maharashtra,CoM 0265,122000.0,Black Soil,7.13,60.2,1446.5,31.7,77.1,Maturity,87.04,96.4
Maharashtra,CoM 0265,45900.0,Black Soil,7.47,79.1,1446.5,31.7,74.6,Planting,7194.76,84.84
Maharashtra,CoM 0265,1500.0,Black Soil,7.06,66.9,1446.5,31.7,67.0,Maturity,88.01,82.93
Maharashtra,CoM 0265,200.0,Black Soil,6.55,66.1,1446.5,31.7,74.9,Harvest,82.93,91.5
Maharashtra,CoM 0265,600.0,Black Soil,7.49,60.6,1446.5,31.7,63.9,Planting,91.5,81.33
Maharashtra,CoM 0265,600.0,Black Soil,7.84,70.1,1446.5,31.7,78.0,Germination,81.33,73.5
Maharashtra,CoM 0265,400.0,Black Soil,7.57,72.8,1446.5,31.7,75.3,Tillering,73.5,70.0
Maharashtra,CoM 0265,800.0,Black Soil,7.11,58.6,1446.5,31.7,66.2,Grand Growth,70.0,60.0
Maharashtra,CoM 0265,500.0,Black Soil,7.68,71.3,1446.5,31.7,75.3,Maturity,60.0,38.4
Maharashtra,CoM 0265,300.0,Black Soil,7.01,69.4,1446.5,31.7,72.0,Harvest,38.4,69.67
Maharashtra,CoM 0265,3.0,Black Soil,7.59,78.1,1446.5,31.7,76.4,Planting,69.67,53.67
Maharashtra,CoM 0265,200.0,Black Soil,7.07,74.9,1446.5,31.7,68.9,Germination,53.67,45.0
Maharashtra,CoM 0265,200.0,Black Soil,7.61,73.2,1446.5,31.7,82.0,Tillering,45.0,45.0
Maharashtra,CoM 0265,200.0,Black Soil,6.78,75.5,1446.5,31.7,71.1,Grand Growth,45.0,78.5
Maharashtra,CoM 0265,300.0,Black Soil,7.33,65.6,1446.5,31.7,76.5,Maturity,78.5,66.67
Maharashtra,CoM 0265,100.0,Black Soil,7.28,70.1,1446.5,31.7,60.3,Harvest,66.67,63.0
Maharashtra,CoM 0265,2000.0,Black Soil,8.23,75.2,1446.5,31.7,71.0,Germination,91.65,84.95
Maharashtra,CoM 0265,1900.0,Red Loam,5.94,65.5,1446.5,31.7,61.8,Tillering,84.95,97.84
Maharashtra,CoM 0265,3500.0,Black Soil,7.7,64.3,1446.5,31.7,72.1,Grand Growth,97.84,81.97
Maharashtra,CoM 0265,3000.0,Black Soil,6.98,74.8,1446.5,31.7,64.2,Maturity,81.97,68.03
Maharashtra,CoM 0265,2300.0,Clay Loam,6.95,66.9,1446.5,31.7,62.3,Harvest,68.03,53.91
Maharashtra,CoM 0265,2500.0,Black Soil,7.1,75.6,1446.5,31.7,68.8,Planting,53.91,62.12
Maharashtra,CoM 0265,1400.0,Black Soil,7.76,64.6,1446.5,31.7,69.4,Germination,62.12,41.93
Maharashtra,CoM 0265,1100.0,Black Soil,7.73,70.8,1446.5,31.7,72.5,Tillering,41.93,65.91
Maharashtra,CoM 0265,12.0,Black Soil,8.15,66.9,1446.5,31.7,70.6,Grand Growth,65.91,79.92
Maharashtra,CoM 0265,800.0,Black Soil,7.44,73.8,1446.5,31.7,68.9,Maturity,79.92,55.62
Maharashtra,CoM 0265,800.0,Clay Loam,7.18,71.3,1446.5,31.7,62.5,Harvest,55.62,54.88
Maharashtra,CoM 0265,200.0,Alluvial Soil,7.58,64.0,1446.5,31.7,68.5,Planting,54.88,70.0
Maharashtra,CoM 0265,300.0,Black Soil,7.28,76.9,1446.5,31.7,69.2,Germination,70.0,69.0
Maharashtra,CoM 0265,400.0,Sandy Loam,7.02,61.3,1446.5,31.7,78.8,Tillering,69.0,71.75
Maharashtra,CoM 0265,300.0,Alluvial Soil,7.18,68.2,1446.5,31.7,74.3,Grand Growth,71.75,55.67
Maharashtra,CoM 0265,300.0,Black Soil,7.02,52.8,1446.5,31.7,72.6,Maturity,55.67,72.33
Maharashtra,CoM 0265,400.0,Black Soil,6.69,74.6,1446.5,31.7,71.9,Harvest,72.33,40.25
Maharashtra,CoM 0265,15800.0,Black Soil,7.37,65.6,1446.5,31.7,69.4,Maturity,45.0,21.08
Maharashtra,CoM 0265,19600.0,Black Soil,7.04,60.0,1446.5,31.7,61.7,Harvest,21.08,74.13
Maharashtra,CoM 0265,18400.0,Black Soil,7.28,83.9,1446.5,31.7,70.3,Planting,74.13,69.61
Maharashtra,CoM 0265,10300.0,Black Soil,7.52,72.2,1446.5,31.7,71.6,Germination,69.61,50.63
Maharashtra,CoM 0265,11800.0,Black Soil,7.41,73.6,1446.5,31.7,57.8,Tillering,50.63,62.29
Maharashtra,CoM 0265,8400.0,Black Soil,7.48,78.9,1446.5,31.7,69.9,Grand Growth,62.29,44.92
Maharashtra,CoM 0265,6400.0,Black Soil,7.39,76.2,1446.5,31.7,63.7,Maturity,44.92,79.61
Maharashtra,CoM 0265,10600.0,Black Soil,7.29,69.5,1446.5,31.7,64.6,Harvest,79.61,61.0
Maharashtra,CoM 0265,343.0,Black Soil,7.21,73.5,1446.5,31.7,69.4,Planting,61.0,79.05
Maharashtra,CoM 0265,17500.0,Alluvial Soil,7.07,55.7,1446.5,31.7,74.2,Germination,79.05,75.18
Maharashtra,CoM 0265,17500.0,Black Soil,7.55,69.8,1446.5,31.7,64.4,Tillering,75.18,75.18
Maharashtra,CoM 0265,13600.0,Black Soil,8.01,67.1,1446.5,31.7,72.4,Grand Growth,75.18,84.89
Maharashtra,CoM 0265,23300.0,Black Soil,7.35,79.8,1446.5,31.7,73.7,Maturity,84.89,84.1
Maharashtra,CoM 0265,20100.0,Black Soil,7.98,85.0,1446.5,31.7,75.6,Harvest,84.1,84.84
Maharashtra,CoM 0265,14800.0,Black Soil,8.25,65.7,1446.5,31.7,68.4,Planting,84.84,42.63
Maharashtra,CoM 0265,14600.0,Black Soil,7.78,80.0,1446.5,31.7,71.2,Germination,42.63,80.18
Maharashtra,CoM 0265,13900.0,Black Soil,7.1,70.5,1446.5,31.7,70.7,Tillering,80.18,67.06
Maharashtra,CoM 0265,20200.0,Black Soil,7.77,69.8,1446.5,31.7,61.7,Germination,137.92,132.94
Maharashtra,CoM 0265,32000.0,Black Soil,7.54,63.9,1446.5,31.7,69.5,Tillering,132.94,69.69
Maharashtra,CoM 0265,34000.0,Black Soil,7.75,72.5,1446.5,31.7,66.3,Grand Growth,69.69,75.06
Maharashtra,CoM 0265,34700.0,Black Soil,7.53,68.7,1446.5,31.7,75.0,Maturity,75.06,66.46
Maharashtra,CoM 0265,34000.0,Black Soil,7.71,67.3,1446.5,31.7,64.1,Harvest,66.46,65.15
Maharashtra,CoM 0265,21600.0,Black Soil,7.81,69.4,1446.5,31.7,81.0,Planting,65.15,39.31
Maharashtra,CoM 0265,13100.0,Red Loam,6.63,67.3,1446.5,31.7,72.5,Germination,39.31,66.83
Maharashtra,CoM 0265,23400.0,Red Loam,6.28,67.8,1446.5,31.7,77.2,Tillering,66.83,68.93
Maharashtra,CoM 0265,740.0,Clay Loam,7.02,66.8,1446.5,31.7,69.6,Grand Growth,68.93,87.81
Maharashtra,CoM 0265,44400.0,Black Soil,7.1,70.8,1446.5,31.7,72.0,Maturity,87.81,91.56
Maharashtra,CoM 0265,44400.0,Black Soil,7.71,73.7,1446.5,31.7,77.1,Harvest,91.56,91.56
Maharashtra,CoM 0265,43200.0,Black Soil,7.09,72.8,1446.5,31.7,66.0,Planting,91.56,73.97
Maharashtra,CoM 0265,58800.0,Sandy Loam,7.13,54.9,1446.5,31.7,69.2,Germination,73.97,65.9
Maharashtra,CoM 0265,53600.0,Alluvial Soil,7.4,60.8,1446.5,31.7,68.3,Tillering,65.9,65.07
Maharashtra,CoM 0265,51400.0,Black Soil,7.45,72.1,1446.5,31.7,74.1,Grand Growth,65.07,54.81
Maharashtra,CoM 0265,46000.0,Black Soil,7.15,76.0,1446.5,31.7,73.5,Maturity,54.81,55.81
Maharashtra,CoM 0265,37600.0,Black Soil,7.64,73.1,1446.5,31.7,65.7,Harvest,55.81,45.84
Maharashtra,CoM 0265,700.0,Alluvial Soil,6.33,59.7,1446.5,31.7,66.4,Maturity,78.3,84.71
Maharashtra,CoM 0265,1100.0,Black Soil,6.96,76.5,1446.5,31.7,70.2,Harvest,84.71,87.55
Maharashtra,CoM 0265,1500.0,Black Soil,7.43,72.5,1446.5,31.7,66.8,Planting,87.55,72.53
Maharashtra,CoM 0265,1400.0,Black Soil,7.31,67.5,1446.5,31.7,64.2,Germination,72.53,37.0
Maharashtra,CoM 0265,1400.0,Black Soil,7.71,68.4,1446.5,31.7,62.6,Tillering,37.0,47.86
Maharashtra,CoM 0265,1500.0,Black Soil,7.58,68.7,1446.5,31.7,72.1,Grand Growth,47.86,47.33
Maharashtra,CoM 0265,1000.0,Black Soil,7.73,66.3,1446.5,31.7,73.3,Maturity,47.33,58.5
Maharashtra,CoM 0265,500.0,Red Loam,7.19,53.6,1446.5,31.7,65.8,Harvest,58.5,38.0
Maharashtra,CoM 0265,18.0,Clay Loam,7.05,72.2,1446.5,31.7,68.8,Planting,38.0,47.0
Maharashtra,CoM 0265,2500.0,Alluvial Soil,7.67,53.4,1446.5,31.7,76.7,Germination,47.0,45.96
Maharashtra,CoM 0265,2500.0,Black Soil,7.96,72.5,1446.5,31.7,71.9,Tillering,45.96,45.96
Maharashtra,CoM 0265,1200.0,Black Soil,7.02,85.0,1446.5,31.7,73.4,Grand Growth,45.96,45.75
Maharashtra,CoM 0265,1100.0,Black Soil,7.88,73.7,1446.5,31.7,66.8,Maturity,45.75,54.18
Maharashtra,CoM 0265,3000.0,Black Soil,7.23,73.9,1446.5,31.7,60.0,Harvest,54.18,77.23
Maharashtra,CoM 0265,2900.0,Black Soil,7.28,75.1,1446.5,31.7,70.4,Planting,77.23,65.97
Maharashtra,CoM 0265,600.0,Black Soil,7.15,66.2,1446.5,31.7,78.1,Germination,65.97,60.17
Maharashtra,CoM 0265,6700.0,Black Soil,7.24,69.4,1446.5,31.7,69.1,Tillering,60.17,73.25
Maharashtra,CoM 0265,800.0,Black Soil,7.41,70.2,1446.5,31.7,63.6,Germination,78.52,81.38
Maharashtra,CoM 0265,1000.0,Black Soil,7.55,72.9,1446.5,31.7,76.5,Tillering,81.38,94.6
Maharashtra,CoM 0265,1200.0,Black Soil,7.53,68.6,1446.5,31.7,72.5,Grand Growth,94.6,86.33
Maharashtra,CoM 0265,1100.0,Black Soil,7.48,72.9,1446.5,31.7,75.0,Maturity,86.33,81.27
Maharashtra,CoM 0265,1300.0,Black Soil,7.39,77.7,1446.5,31.7,69.8,Harvest,81.27,64.62
Maharashtra,CoM 0265,1000.0,Black Soil,7.74,69.0,1446.5,31.7,69.5,Planting,64.62,69.2
Maharashtra,CoM 0265,700.0,Black Soil,7.72,66.0,1446.5,31.7,72.9,Germination,69.2,81.57
Maharashtra,CoM 0265,300.0,Black Soil,7.49,75.7,1446.5,31.7,67.9,Tillering,81.57,38.67
Maharashtra,CoM 0265,28.0,Black Soil,7.55,64.9,1446.5,31.7,74.2,Grand Growth,38.67,59.04
Maharashtra,CoM 0265,2200.0,Black Soil,7.35,83.1,1446.5,31.7,65.7,Maturity,59.04,55.86
Maharashtra,CoM 0265,2200.0,Black Soil,7.68,66.1,1446.5,31.7,73.1,Harvest,55.86,55.86
Maharashtra,CoM 0265,1400.0,Black Soil,7.63,69.2,1446.5,31.7,75.6,Planting,55.86,69.57
Maharashtra,CoM 0265,1000.0,Black Soil,7.63,68.8,1446.5,31.7,69.8,Germination,69.57,61.0
Maharashtra,CoM 0265,300.0,Black Soil,7.26,72.8,1446.5,31.7,61.7,Tillering,61.0,58.33
Maharashtra,CoM 0265,100.0,Black Soil,6.93,73.8,1446.5,31.7,65.7,Grand Growth,58.33,44.0
Maharashtra,CoM 0265,100.0,Black Soil,7.4,70.2,1446.5,31.7,72.9,Maturity,44.0,81.0
Maharashtra,CoM 0265,300.0,Sandy Loam,6.34,61.9,1446.5,31.7,69.9,Harvest,81.0,62.33
Maharashtra,CoM 0265,100.0,Black Soil,7.93,77.6,1446.5,31.7,75.2,Maturity,89.89,90.0
Maharashtra,CoM 0265,9800.0,Black Soil,7.24,76.7,1446.5,31.7,69.1,Maturity,45.0,0.83
Maharashtra,CoM 0265,10500.0,Black Soil,7.38,75.4,1446.5,31.7,73.1,Harvest,74.91,72.01
Maharashtra,CoM 0265,5600.0,Black Soil,7.02,68.4,1446.5,31.7,63.5,Planting,72.01,80.71
Maharashtra,CoM 0265,5300.0,Black Soil,7.06,72.6,1446.5,31.7,59.8,Germination,80.71,72.0
Maharashtra,CoM 0265,4400.0,Black Soil,7.05,64.2,1446.5,31.7,74.7,Tillering,72.0,64.07
Maharashtra,CoM 0265,4800.0,Black Soil,7.06,72.0,1446.5,31.7,68.2,Grand Growth,64.07,60.83
Maharashtra,CoM 0265,5000.0,Black Soil,7.39,75.0,1446.5,31.7,74.2,Maturity,60.83,62.32
Maharashtra,CoM 0265,3500.0,Black Soil,7.72,75.2,1446.5,31.7,66.3,Harvest,62.32,58.77
Maharashtra,CoM 0265,5700.0,Black Soil,7.36,71.7,1446.5,31.7,71.4,Planting,58.77,62.28
Maharashtra,CoM 0265,128.0,Black Soil,7.55,74.5,1446.5,31.7,75.1,Germination,62.28,64.07
Maharashtra,CoM 0265,7900.0,Black Soil,7.44,67.7,1446.5,31.7,72.1,Tillering,64.07,56.05
Maharashtra,CoM 0265,7900.0,Sandy Loam,6.51,65.5,1446.5,31.7,76.3,Grand Growth,56.05,56.05
Maharashtra,CoM 0265,4600.0,Black Soil,7.42,74.3,1446.5,31.7,66.5,Maturity,56.05,76.17
Maharashtra,CoM 0265,5300.0,Black Soil,6.99,75.7,1446.5,31.7,61.4,Harvest,76.17,83.51
Maharashtra,CoM 0265,5200.0,Black Soil,7.47,74.9,1446.5,31.7,75.9,Planting,83.51,69.15
Maharashtra,CoM 0265,5300.0,Black Soil,7.05,83.3,1446.5,31.7,76.2,Germination,69.15,81.91
Maharashtra,CoM 0265,6500.0,Black Soil,7.21,71.5,1446.5,31.7,65.7,Tillering,81.91,82.6
Maharashtra,CoM 0265,7000.0,Black Soil,7.35,69.3,1446.5,31.7,73.5,Grand Growth,82.6,62.63
Maharashtra,CoM 0265,9800.0,Black Soil,7.2,68.8,1446.5,31.7,61.9,Maturity,7000.0,83.1
Maharashtra,CoM 0265,100.0,Black Soil,7.65,76.2,1446.5,31.7,63.3,Tillering,91.88,99.0
Maharashtra,CoM 0265,700.0,Clay Loam,7.37,77.8,1446.5,31.7,80.3,Germination,60.87,67.57
Maharashtra,CoM 0265,500.0,Black Soil,7.28,66.4,1446.5,31.7,73.4,Tillering,67.57,48.4
Maharashtra,CoM 0265,500.0,Black Soil,7.52,69.6,1446.5,31.7,71.5,Grand Growth,48.4,46.0
Maharashtra,CoM 0265,500.0,Black Soil,7.49,81.9,1446.5,31.7,71.1,Maturity,46.0,57.6
Maharashtra,CoM 0265,400.0,Black Soil,7.42,73.9,1446.5,31.7,65.3,Harvest,57.6,67.25
Maharashtra,CoM 0265,200.0,Sandy Loam,7.07,62.9,1446.5,31.7,68.4,Planting,67.25,27.0
Maharashtra,CoM 0265,4.0,Black Soil,7.91,70.9,1446.5,31.7,70.9,Germination,27.0,67.25
Maharashtra,CoM 0265,400.0,Black Soil,6.9,68.0,1446.5,31.7,72.1,Tillering,67.25,44.5
Maharashtra,CoM 0265,400.0,Black Soil,7.5,75.9,1446.5,31.7,62.7,Grand Growth,44.5,44.5
Maharashtra,CoM 0265,300.0,Alluvial Soil,7.05,52.1,1446.5,31.7,62.9,Maturity,44.5,79.33
Maharashtra,CoM 0265,400.0,Black Soil,7.88,65.5,1446.5,31.7,70.9,Harvest,79.33,54.0
Maharashtra,CoM 0265,400.0,Black Soil,7.19,68.9,1446.5,31.7,70.8,Planting,54.0,63.5
Maharashtra,CoM 0265,200.0,Black Soil,6.73,69.4,1446.5,31.7,69.7,Germination,63.5,83.0
Maharashtra,CoM 0265,300.0,Red Loam,6.83,54.3,1446.5,31.7,66.8,Tillering,83.0,71.67
Maharashtra,CoM 0265,1500.0,Black Soil,7.09,71.5,1446.5,31.7,76.7,Grand Growth,71.67,64.67
Maharashtra,CoM 0265,20800.0,Black Soil,6.87,73.9,1446.5,31.7,68.8,Planting,82.22,77.6
Maharashtra,CoM 0265,15800.0,Black Soil,7.24,73.2,1446.5,31.7,72.9,Germination,77.6,67.04
Maharashtra,CoM 0265,16400.0,Black Soil,7.3,78.8,1446.5,31.7,65.9,Tillering,67.04,77.71
Maharashtra,CoM 0265,16300.0,Black Soil,6.93,71.8,1446.5,31.7,62.8,Grand Growth,77.71,75.46
Maharashtra,CoM 0265,13800.0,Black Soil,7.2,75.4,1446.5,31.7,79.5,Maturity,75.46,58.52
Maharashtra,CoM 0265,6900.0,Clay Loam,7.02,77.8,1446.5,31.7,62.2,Harvest,58.52,61.54
Maharashtra,CoM 0265,7700.0,Black Soil,7.68,75.9,1446.5,31.7,65.4,Planting,61.54,71.34
Maharashtra,CoM 0265,177.0,Black Soil,6.85,74.1,1446.5,31.7,67.0,Germination,71.34,65.5
Maharashtra,CoM 0265,8100.0,Black Soil,7.25,65.2,1446.5,31.7,69.8,Tillering,65.5,37.41
Maharashtra,CoM 0265,8100.0,Black Soil,7.52,79.1,1446.5,31.7,67.8,Grand Growth,37.41,37.41
Maharashtra,CoM 0265,7900.0,Black Soil,7.17,69.6,1446.5,31.7,66.7,Maturity,37.41,59.43
Maharashtra,CoM 0265,4600.0,Black Soil,7.13,76.1,1446.5,31.7,71.2,Harvest,59.43,66.0
Maharashtra,CoM 0265,8400.0,Black Soil,8.15,80.6,1446.5,31.7,76.2,Planting,66.0,66.29
Maharashtra,CoM 0265,9000.0,Black Soil,7.41,85.0,1446.5,31.7,75.2,Germination,66.29,75.39
Maharashtra,CoM 0265,7200.0,Black Soil,7.33,57.9,1446.5,31.7,70.2,Tillering,75.39,71.74
Maharashtra,CoM 0265,15200.0,Black Soil,7.41,74.0,1446.5,31.7,70.7,Grand Growth,71.74,56.3
Maharashtra,CoM 0265,10900.0,Black Soil,6.91,73.7,1446.5,31.7,71.5,Germination,45.0,0.8
Maharashtra,CoM 0265,10700.0,Black Soil,7.93,66.8,1446.5,31.7,70.1,Tillering,100.48,95.73
Maharashtra,CoM 0265,9400.0,Black Soil,6.92,69.9,1446.5,31.7,71.7,Grand Growth,95.73,92.71
Maharashtra,CoM 0265,14500.0,Black Soil,7.07,72.9,1446.5,31.7,73.4,Maturity,92.71,82.99
Maharashtra,CoM 0265,13500.0,Black Soil,7.36,74.5,1446.5,31.7,64.9,Harvest,82.99,74.62
Maharashtra,CoM 0265,12000.0,Black Soil,7.81,66.3,1446.5,31.7,62.3,Planting,74.62,71.25
Maharashtra,CoM 0265,13000.0,Black Soil,7.04,65.7,1446.5,31.7,69.2,Germination,71.25,33.84
Maharashtra,CoM 0265,14900.0,Sandy Loam,5.79,53.8,1446.5,31.7,64.5,Tillering,33.84,61.92
Maharashtra,CoM 0265,17000.0,Black Soil,7.45,70.5,1446.5,31.7,75.2,Grand Growth,61.92,64.65
Maharashtra,CoM 0265,224.0,Black Soil,7.2,73.9,1446.5,31.7,72.5,Maturity,64.65,66.45
Maharashtra,CoM 0265,11700.0,Black Soil,7.82,76.8,1446.5,31.7,70.7,Harvest,66.45,65.37
Maharashtra,CoM 0265,11700.0,Black Soil,7.63,57.7,1446.5,31.7,67.9,Planting,65.37,65.37
Maharashtra,CoM 0265,9600.0,Black Soil,7.85,77.9,1446.5,31.7,75.1,Germination,65.37,70.35
Maharashtra,CoM 0265,11200.0,Black Soil,7.79,72.1,1446.5,31.7,59.7,Tillering,70.35,78.3
Maharashtra,CoM 0265,11200.0,Black Soil,7.48,58.8,1446.5,31.7,71.4,Grand Growth,78.3,73.21
Maharashtra,CoM 0265,11000.0,Black Soil,7.17,68.8,1446.5,31.7,75.0,Maturity,73.21,69.01
Maharashtra,CoM 0265,11700.0,Black Soil,7.35,71.0,1446.5,31.7,65.3,Harvest,69.01,75.49
Maharashtra,CoM 0265,7900.0,Black Soil,7.48,64.4,1446.5,31.7,75.6,Planting,75.49,70.08
Maharashtra,CoM 0265,10900.0,Black Soil,7.57,77.9,1446.5,31.7,70.2,Tillering,6915.71,80.35
Maharashtra,CoM 0265,6700.0,Alluvial Soil,6.64,69.8,1446.5,31.7,79.1,Planting,82.29,81.06
Maharashtra,CoM 0265,12700.0,Black Soil,7.85,74.5,1446.5,31.7,62.7,Germination,81.06,75.65
Maharashtra,CoM 0265,16000.0,Black Soil,7.41,72.7,1446.5,31.7,70.2,Tillering,75.65,77.61
Maharashtra,CoM 0265,12700.0,Black Soil,7.19,66.7,1446.5,31.7,73.4,Grand Growth,77.61,62.77
Maharashtra,CoM 0265,16200.0,Black Soil,7.3,68.6,1446.5,31.7,69.8,Maturity,62.77,69.26
Maharashtra,CoM 0265,7300.0,Black Soil,7.06,75.2,1446.5,31.7,64.5,Harvest,69.26,46.53
Maharashtra,CoM 0265,4600.0,Black Soil,8.25,75.0,1446.5,31.7,67.2,Planting,46.53,77.39
Maharashtra,CoM 0265,10400.0,Black Soil,8.08,70.2,1446.5,31.7,77.5,Germination,77.39,69.6
Maharashtra,CoM 0265,251.0,Black Soil,7.71,68.2,1446.5,31.7,72.7,Tillering,69.6,75.75
Maharashtra,CoM 0265,20400.0,Black Soil,7.04,73.2,1446.5,31.7,70.4,Grand Growth,75.75,71.2
Maharashtra,CoM 0265,20400.0,Black Soil,7.44,66.4,1446.5,31.7,70.9,Maturity,71.2,71.2
Maharashtra,CoM 0265,18200.0,Black Soil,6.89,74.2,1446.5,31.7,69.9,Harvest,71.2,93.06
Maharashtra,CoM 0265,19300.0,Black Soil,7.11,67.9,1446.5,31.7,68.4,Planting,93.06,61.8
Maharashtra,CoM 0265,18700.0,Sandy Loam,6.85,49.9,1446.5,31.7,69.4,Germination,61.8,69.86
Maharashtra,CoM 0265,12800.0,Black Soil,7.16,74.0,1446.5,31.7,77.6,Tillering,69.86,62.7
Maharashtra,CoM 0265,13500.0,Red Loam,6.49,56.5,1446.5,31.7,54.9,Grand Growth,62.7,72.02
Maharashtra,CoM 0265,21100.0,Black Soil,6.71,74.5,1446.5,31.7,72.5,Maturity,72.02,47.75
Maharashtra,CoM 0265,94700.0,Black Soil,7.18,71.8,1446.5,31.7,81.0,Grand Growth,101.44,95.36
Maharashtra,CoM 0265,91900.0,Black Soil,7.39,71.6,1446.5,31.7,71.3,Maturity,95.36,99.11
Maharashtra,CoM 0265,89700.0,Black Soil,7.57,63.6,1446.5,31.7,75.9,Harvest,99.11,90.95
Maharashtra,CoM 0265,101900.0,Black Soil,7.13,60.6,1446.5,31.7,62.0,Planting,90.95,90.25
Maharashtra,CoM 0265,98400.0,Clay Loam,7.03,75.8,1446.5,31.7,76.5,Germination,90.25,85.58
Maharashtra,CoM 0265,86900.0,Black Soil,7.49,60.1,1446.5,31.7,69.8,Tillering,85.58,56.6
Maharashtra,CoM 0265,76300.0,Black Soil,7.73,68.1,1446.5,31.7,67.4,Grand Growth,56.6,85.58
Maharashtra,CoM 0265,94500.0,Sandy Loam,6.73,58.2,1446.5,31.7,67.0,Maturity,85.58,76.5
Maharashtra,CoM 0265,1139.0,Black Soil,7.58,61.0,1446.5,31.7,75.5,Harvest,76.5,85.54
Maharashtra,CoM 0265,102500.0,Black Soil,7.23,57.9,1446.5,31.7,76.8,Planting,85.54,82.55
Maharashtra,CoM 0265,102500.0,Red Loam,6.47,51.5,1446.5,31.7,72.8,Germination,82.55,82.55
Maharashtra,CoM 0265,112700.0,Black Soil,7.83,67.6,1446.5,31.7,65.9,Tillering,82.55,87.05
Maharashtra,CoM 0265,139900.0,Black Soil,7.67,76.8,1446.5,31.7,57.3,Grand Growth,87.05,90.0
Maharashtra,CoM 0265,146100.0,Black Soil,7.04,71.7,1446.5,31.7,74.1,Maturity,90.0,87.93
Maharashtra,CoM 0265,142000.0,Alluvial Soil,7.36,53.8,1446.5,31.7,78.8,Harvest,87.93,96.75
Maharashtra,CoM 0265,135200.0,Black Soil,7.66,71.8,1446.5,31.7,67.3,Planting,96.75,100.45
Maharashtra,CoM 0265,146300.0,Black Soil,7.72,73.9,1446.5,31.7,70.9,Germination,100.45,102.75
Maharashtra,CoM 0265,23300.0,Black Soil,6.92,77.3,1446.5,31.7,79.5,Planting,62.08,66.82
Maharashtra,CoM 0265,27900.0,Black Soil,7.37,68.2,1446.5,31.7,67.8,Germination,66.82,70.8
Maharashtra,CoM 0265,28900.0,Black Soil,7.16,71.8,1446.5,31.7,64.2,Tillering,70.8,69.45
Maharashtra,CoM 0265,36100.0,Black Soil,7.26,66.2,1446.5,31.7,70.8,Grand Growth,69.45,58.37
Maharashtra,CoM 0265,31300.0,Clay Loam,7.02,69.5,1446.5,31.7,72.4,Maturity,58.37,49.2
Maharashtra,CoM 0265,19400.0,Black Soil,6.72,66.5,1446.5,31.7,78.5,Harvest,49.2,52.78
Maharashtra,CoM 0265,15500.0,Alluvial Soil,7.28,55.0,1446.5,31.7,61.1,Planting,52.78,53.83
Maharashtra,CoM 0265,18300.0,Black Soil,7.46,72.0,1446.5,31.7,76.3,Germination,53.83,77.33
Maharashtra,CoM 0265,679.0,Black Soil,7.6,77.0,1446.5,31.7,66.9,Tillering,77.33,62.88
Maharashtra,CoM 0265,38400.0,Black Soil,7.63,68.0,1446.5,31.7,68.3,Grand Growth,62.88,54.03
Maharashtra,CoM 0265,38400.0,Black Soil,7.39,69.3,1446.5,31.7,73.6,Maturity,54.03,54.03
Maharashtra,CoM 0265,39900.0,Black Soil,7.18,76.3,1446.5,31.7,68.7,Harvest,54.03,75.97
Maharashtra,CoM 0265,33000.0,Black Soil,7.11,76.2,1446.5,31.7,67.0,Planting,75.97,68.6
Maharashtra,CoM 0265,42900.0,Black Soil,7.47,75.1,1446.5,31.7,68.7,Germination,68.6,72.57
Maharashtra,CoM 0265,46400.0,Black Soil,6.98,76.5,1446.5,31.7,61.1,Tillering,72.57,65.76
Maharashtra,CoM 0265,41500.0,Black Soil,7.03,77.5,1446.5,31.7,67.3,Grand Growth,65.76,69.95
Maharashtra,CoM 0265,46400.0,Black Soil,7.54,72.0,1446.5,31.7,70.5,Maturity,69.95,50.75
Maharashtra,CoM 0265,600.0,Black Soil,7.39,69.4,1446.5,31.7,86.7,Grand Growth,85.29,94.0
Maharashtra,CoM 0265,700.0,Black Soil,7.37,71.6,1446.5,31.7,72.6,Maturity,94.0,88.43
Maharashtra,CoM 0265,900.0,Black Soil,6.92,73.9,1446.5,31.7,82.5,Harvest,88.43,79.11
Maharashtra,CoM 0265,900.0,Black Soil,7.21,52.4,1446.5,31.7,71.8,Planting,79.11,58.22
Maharashtra,CoM 0265,1300.0,Black Soil,7.57,70.9,1446.5,31.7,73.0,Germination,58.22,37.69
Maharashtra,CoM 0265,900.0,Black Soil,7.21,75.8,1446.5,31.7,66.4,Tillering,37.69,58.78
Maharashtra,CoM 0265,400.0,Black Soil,7.43,61.9,1446.5,31.7,68.0,Grand Growth,58.78,74.0
Maharashtra,CoM 0265,3.0,Black Soil,7.41,78.4,1446.5,31.7,66.7,Maturity,74.0,76.33
Maharashtra,CoM 0265,200.0,Sandy Loam,6.87,58.5,1446.5,31.7,65.9,Harvest,76.33,57.5
Maharashtra,CoM 0265,200.0,Black Soil,7.35,71.1,1446.5,31.7,69.5,Planting,57.5,57.5
Maharashtra,CoM 0265,200.0,Black Soil,7.72,73.3,1446.5,31.7,72.9,Germination,57.5,70.5
Maharashtra,CoM 0265,300.0,Black Soil,7.77,71.0,1446.5,31.7,73.6,Tillering,70.5,20.67
Maharashtra,CoM 0265,700.0,Black Soil,6.88,74.1,1446.5,31.7,73.1,Grand Growth,20.67,68.57
Maharashtra,CoM 0265,300.0,Black Soil,7.59,79.2,1446.5,31.7,73.1,Maturity,68.57,73.67
Maharashtra,CoM 0265,300.0,Black Soil,7.03,75.7,1446.5,31.7,70.3,Harvest,73.67,66.67
Maharashtra,CoM 0265,3800.0,Black Soil,7.65,73.2,1446.5,31.7,79.4,Planting,66.67,68.03
Maharashtra,CoM 0265,11000.0,Black Soil,7.76,80.0,1446.5,31.7,74.9,Maturity,71.86,77.18
Maharashtra,CoM 0265,14800.0,Black Soil,8.1,70.8,1446.5,31.7,72.8,Harvest,77.18,76.16
Maharashtra,CoM 0265,14700.0,Black Soil,7.58,79.9,1446.5,31.7,76.8,Planting,76.16,64.87
Maharashtra,CoM 0265,14700.0,Black Soil,6.99,68.8,1446.5,31.7,79.2,Germination,64.87,62.59
Maharashtra,CoM 0265,14500.0,Black Soil,6.82,76.0,1446.5,31.7,69.7,Tillering,62.59,73.1
Maharashtra,CoM 0265,14200.0,Black Soil,7.43,71.0,1446.5,31.7,61.4,Grand Growth,73.1,70.94
Maharashtra,CoM 0265,9600.0,Black Soil,7.99,72.0,1446.5,31.7,72.9,Maturity,70.94,49.14
Maharashtra,CoM 0265,9900.0,Red Loam,5.87,57.4,1446.5,31.7,64.8,Harvest,49.14,66.79
Maharashtra,CoM 0265,338.0,Black Soil,6.85,75.6,1446.5,31.7,74.0,Planting,66.79,68.0
Maharashtra,CoM 0265,19200.0,Black Soil,7.91,68.6,1446.5,31.7,69.3,Germination,68.0,58.02
Maharashtra,CoM 0265,19200.0,Black Soil,8.19,76.5,1446.5,31.7,70.6,Tillering,58.02,58.02
Maharashtra,CoM 0265,12900.0,Black Soil,7.22,77.5,1446.5,31.7,70.2,Grand Growth,58.02,48.16
Maharashtra,CoM 0265,13700.0,Black Soil,6.7,70.9,1446.5,31.7,72.5,Maturity,48.16,60.4
Maharashtra,CoM 0265,23900.0,Black Soil,7.22,79.8,1446.5,31.7,77.6,Harvest,60.4,73.31
Maharashtra,CoM 0265,12800.0,Black Soil,7.38,65.7,1446.5,31.7,70.1,Planting,73.31,81.87
Maharashtra,CoM 0265,12200.0,Black Soil,7.44,72.0,1446.5,31.7,66.8,Germination,81.87,83.66
Maharashtra,CoM 0265,18800.0,Black Soil,7.49,64.7,1446.5,31.7,68.0,Tillering,83.66,59.21
Maharashtra,CoM 0265,7500.0,Black Soil,7.69,67.9,1446.5,31.7,76.7,Germination,62.63,60.75
Maharashtra,CoM 0265,8200.0,Black Soil,7.99,69.4,1446.5,31.7,68.3,Tillering,60.75,69.84
Maharashtra,CoM 0265,5900.0,Black Soil,7.66,66.3,1446.5,31.7,66.0,Grand Growth,69.84,60.36
Maharashtra,CoM 0265,6000.0,Black Soil,6.97,81.9,1446.5,31.7,68.2,Maturity,60.36,69.67
Maharashtra,CoM 0265,4000.0,Black Soil,7.01,70.8,1446.5,31.7,71.5,Harvest,69.67,62.02
Maharashtra,CoM 0265,4200.0,Black Soil,7.73,71.0,1446.5,31.7,69.7,Planting,62.02,61.1
Maharashtra,CoM 0265,5600.0,Sandy Loam,6.99,63.6,1446.5,31.7,71.7,Germination,61.1,63.57
Maharashtra,CoM 0265,243.0,Black Soil,7.25,60.8,1446.5,31.7,65.5,Tillering,63.57,73.84
Maharashtra,CoM 0265,11000.0,Black Soil,7.25,72.8,1446.5,31.7,74.5,Grand Growth,73.84,73.72
Maharashtra,CoM 0265,11000.0,Black Soil,7.7,66.6,1446.5,31.7,64.1,Maturity,73.72,73.72
Maharashtra,CoM 0265,9700.0,Black Soil,7.7,85.0,1446.5,31.7,69.3,Harvest,73.72,69.63
Maharashtra,CoM 0265,10200.0,Black Soil,6.64,79.6,1446.5,31.7,68.0,Planting,69.63,72.4
Maharashtra,CoM 0265,8300.0,Black Soil,7.5,81.6,1446.5,31.7,75.0,Germination,72.4,93.82
Maharashtra,CoM 0265,10800.0,Black Soil,7.9,72.7,1446.5,31.7,68.5,Tillering,93.82,73.52
Maharashtra,CoM 0265,10800.0,Black Soil,7.33,71.5,1446.5,31.7,66.3,Grand Growth,73.52,77.09
Maharashtra,CoM 0265,8000.0,Black Soil,7.14,64.7,1446.5,31.7,67.7,Maturity,77.09,79.22
Maharashtra,CoM 0265,21900.0,Clay Loam,6.94,73.8,1446.5,31.7,69.6,Tillering,45.0,0.94
Maharashtra,CoM 0265,23700.0,Sandy Loam,6.96,56.5,1446.5,31.7,70.1,Grand Growth,83.82,90.22
Maharashtra,CoM 0265,23400.0,Black Soil,6.78,67.4,1446.5,31.7,60.0,Maturity,90.22,83.92
Maharashtra,CoM 0265,25100.0,Red Loam,6.36,52.7,1446.5,31.7,63.2,Harvest,83.92,91.02
Maharashtra,CoM 0265,23600.0,Alluvial Soil,7.24,59.0,1446.5,31.7,64.5,Planting,91.02,78.26
Maharashtra,CoM 0265,23300.0,Black Soil,7.69,69.3,1446.5,31.7,71.4,Germination,78.26,70.94
Maharashtra,CoM 0265,20400.0,Black Soil,7.44,75.9,1446.5,31.7,65.9,Tillering,70.94,56.83
Maharashtra,CoM 0265,12100.0,Black Soil,6.89,76.2,1446.5,31.7,69.0,Grand Growth,56.83,55.61
Maharashtra,CoM 0265,14300.0,Black Soil,7.08,64.6,1446.5,31.7,64.8,Maturity,55.61,51.01
Maharashtra,CoM 0265,502.0,Black Soil,7.55,65.4,1446.5,31.7,62.6,Harvest,51.01,85.78
Maharashtra,CoM 0265,38300.0,Black Soil,7.7,76.3,1446.5,31.7,69.5,Planting,85.78,69.83
Maharashtra,CoM 0265,38300.0,Black Soil,8.33,71.1,1446.5,31.7,79.3,Germination,69.83,69.83
Maharashtra,CoM 0265,31100.0,Black Soil,7.78,69.5,1446.5,31.7,66.6,Tillering,69.83,72.93
Maharashtra,CoM 0265,25700.0,Black Soil,7.67,73.0,1446.5,31.7,72.5,Grand Growth,72.93,77.4
Maharashtra,CoM 0265,24600.0,Black Soil,7.29,62.1,1446.5,31.7,76.8,Maturity,77.4,75.66
Maharashtra,CoM 0265,24600.0,Black Soil,6.87,63.2,1446.5,31.7,67.5,Harvest,75.66,75.77
Maharashtra,CoM 0265,21000.0,Black Soil,7.77,69.8,1446.5,31.7,69.0,Planting,75.77,85.07
Maharashtra,CoM 0265,16800.0,Black Soil,7.42,58.1,1446.5,31.7,62.9,Germination,85.07,82.39
Maharashtra,CoM 0265,21900.0,Sandy Loam,7.2,54.6,1446.5,31.7,66.3,Grand Growth,8021.58,94.45
Maharashtra,CoM 0265,16700.0,Black Soil,6.76,65.8,1446.5,31.7,73.0,Germination,80.82,80.5
Maharashtra,CoM 0265,26600.0,Black Soil,7.09,79.2,1446.5,31.7,62.8,Tillering,80.5,69.91
Maharashtra,CoM 0265,25700.0,Black Soil,7.33,76.6,1446.5,31.7,68.9,Grand Growth,69.91,72.11
Maharashtra,CoM 0265,27100.0,Black Soil,8.15,67.4,1446.5,31.7,70.4,Maturity,72.11,61.36
Maharashtra,CoM 0265,24600.0,Black Soil,7.58,67.7,1446.5,31.7,72.8,Harvest,61.36,51.91
Maharashtra,CoM 0265,12400.0,Black Soil,7.47,73.1,1446.5,31.7,77.0,Planting,51.91,27.7
Maharashtra,CoM 0265,4200.0,Black Soil,7.93,74.2,1446.5,31.7,71.1,Germination,27.7,53.48
Maharashtra,CoM 0265,10900.0,Black Soil,7.86,65.2,1446.5,31.7,77.6,Tillering,53.48,66.37
Maharashtra,CoM 0265,538.0,Black Soil,6.74,65.9,1446.5,31.7,70.1,Grand Growth,66.37,66.66
Maharashtra,CoM 0265,35700.0,Black Soil,7.24,73.9,1446.5,31.7,61.0,Maturity,66.66,65.95
Maharashtra,CoM 0265,35700.0,Sandy Loam,6.81,62.9,1446.5,31.7,80.0,Harvest,65.95,65.95
Maharashtra,CoM 0265,38200.0,Black Soil,7.04,71.7,1446.5,31.7,68.9,Planting,65.95,83.57
Maharashtra,CoM 0265,43200.0,Black Soil,7.64,75.0,1446.5,31.7,61.2,Germination,83.57,73.5
Maharashtra,CoM 0265,54500.0,Clay Loam,6.8,76.2,1446.5,31.7,78.4,Tillering,73.5,67.21
Maharashtra,CoM 0265,52200.0,Black Soil,7.25,79.5,1446.5,31.7,69.6,Grand Growth,67.21,42.79
Maharashtra,CoM 0265,68900.0,Black Soil,7.3,72.8,1446.5,31.7,74.8,Maturity,42.79,46.08
Maharashtra,CoM 0265,39800.0,Black Soil,7.6,65.1,1446.5,31.7,75.8,Harvest,46.08,40.01
Maharashtra,CoM 0265,17300.0,Black Soil,6.92,66.8,1446.5,31.7,64.0,Maturity,76.93,75.98
Maharashtra,CoM 0265,12300.0,Black Soil,7.32,78.8,1446.5,31.7,67.7,Harvest,75.98,89.11
Maharashtra,CoM 0265,12900.0,Black Soil,7.84,62.3,1446.5,31.7,73.3,Planting,89.11,65.86
Maharashtra,CoM 0265,12100.0,Black Soil,6.7,63.9,1446.5,31.7,64.5,Germination,65.86,88.54
Maharashtra,CoM 0265,15800.0,Black Soil,7.75,67.2,1446.5,31.7,64.9,Tillering,88.54,57.09
Maharashtra,CoM 0265,13400.0,Black Soil,7.48,67.1,1446.5,31.7,76.8,Grand Growth,57.09,63.77
Maharashtra,CoM 0265,8900.0,Black Soil,7.69,60.7,1446.5,31.7,69.1,Maturity,63.77,55.8
Maharashtra,CoM 0265,11000.0,Black Soil,7.4,67.1,1446.5,31.7,79.3,Harvest,55.8,67.27
Maharashtra,CoM 0265,189.0,Black Soil,7.96,75.4,1446.5,31.7,63.8,Planting,67.27,76.5
Maharashtra,CoM 0265,12300.0,Black Soil,6.84,69.7,1446.5,31.7,71.2,Germination,76.5,76.37
Maharashtra,CoM 0265,12300.0,Alluvial Soil,6.95,52.5,1446.5,31.7,71.3,Tillering,76.37,76.37
Maharashtra,CoM 0265,11000.0,Alluvial Soil,7.05,61.5,1446.5,31.7,76.9,Grand Growth,76.37,77.87
Maharashtra,CoM 0265,15500.0,Black Soil,7.26,57.0,1446.5,31.7,70.8,Maturity,77.87,91.3
Maharashtra,CoM 0265,17200.0,Black Soil,6.5,73.3,1446.5,31.7,69.0,Harvest,91.3,67.8
Maharashtra,CoM 0265,17000.0,Black Soil,7.2,79.8,1446.5,31.7,67.8,Planting,67.8,71.32
Maharashtra,CoM 0265,35900.0,Black Soil,7.03,74.5,1446.5,31.7,67.3,Germination,71.32,71.02
Maharashtra,CoM 0265,26600.0,Black Soil,7.33,73.9,1446.5,31.7,73.7,Tillering,71.02,59.29
Maharashtra,CoM 0265,40900.0,Black Soil,6.96,69.1,1446.5,31.7,71.3,Germination,45.0,0.96
Maharashtra,CoM 0265,48500.0,Black Soil,7.29,71.1,1446.5,31.7,71.7,Tillering,82.81,88.41
Maharashtra,CoM 0265,47600.0,Black Soil,7.39,69.8,1446.5,31.7,64.9,Grand Growth,88.41,100.37
Maharashtra,CoM 0265,48700.0,Black Soil,7.7,71.5,1446.5,31.7,75.6,Maturity,100.37,93.6
Maharashtra,CoM 0265,48700.0,Clay Loam,7.36,85.0,1446.5,31.7,73.0,Harvest,93.6,85.44
Maharashtra,CoM 0265,53500.0,Black Soil,7.46,72.1,1446.5,31.7,72.5,Planting,85.44,87.66
Maharashtra,CoM 0265,39600.0,Black Soil,7.21,71.3,1446.5,31.7,60.1,Germination,87.66,69.6
Maharashtra,CoM 0265,28200.0,Black Soil,7.26,70.4,1446.5,31.7,69.9,Tillering,69.6,83.76
Maharashtra,CoM 0265,53800.0,Black Soil,7.38,60.0,1446.5,31.7,78.5,Grand Growth,83.76,93.61
Maharashtra,CoM 0265,1042.0,Black Soil,6.86,70.0,1446.5,31.7,74.5,Maturity,93.61,97.0
Maharashtra,CoM 0265,85600.0,Black Soil,7.46,62.5,1446.5,31.7,73.6,Harvest,97.0,97.35
Maharashtra,CoM 0265,85600.0,Black Soil,7.15,63.5,1446.5,31.7,73.5,Planting,97.35,97.35
Maharashtra,CoM 0265,95600.0,Black Soil,6.85,64.8,1446.5,31.7,70.8,Germination,97.35,95.31
Maharashtra,CoM 0265,111500.0,Black Soil,7.71,72.5,1446.5,31.7,63.2,Tillering,95.31,99.4
Maharashtra,CoM 0265,129900.0,Black Soil,7.59,68.0,1446.5,31.7,70.4,Grand Growth,99.4,101.29
Maharashtra,CoM 0265,137700.0,Black Soil,7.42,83.7,1446.5,31.7,70.6,Maturity,101.29,100.86
Maharashtra,CoM 0265,143900.0,Black Soil,7.33,72.0,1446.5,31.7,66.5,Harvest,100.86,117.88
Maharashtra,CoM 0265,127800.0,Black Soil,7.54,78.5,1446.5,31.7,66.4,Planting,117.88,108.25
Maharashtra,CoM 0265,40900.0,Black Soil,7.58,69.8,1446.5,31.7,73.0,Tillering,10325.72,95.91
Maharashtra,CoM 0265,48600.0,Black Soil,6.96,75.3,1446.5,31.7,73.8,Tillering,94.78,100.66
Maharashtra,CoM 0265,45600.0,Black Soil,7.52,69.7,1446.5,31.7,65.2,Grand Growth,100.66,107.6
Maharashtra,CoM 0265,45200.0,Black Soil,7.22,75.5,1446.5,31.7,66.4,Maturity,107.6,96.12
Maharashtra,CoM 0265,44900.0,Black Soil,7.69,69.6,1446.5,31.7,64.9,Harvest,96.12,99.61
Maharashtra,CoM 0265,47400.0,Black Soil,7.57,63.1,1446.5,31.7,63.8,Planting,99.61,88.73
Maharashtra,CoM 0265,35100.0,Black Soil,7.07,62.7,1446.5,31.7,72.2,Germination,88.73,79.64
Maharashtra,CoM 0265,31600.0,Black Soil,7.69,68.3,1446.5,31.7,77.1,Tillering,79.64,83.91
Maharashtra,CoM 0265,36800.0,Black Soil,7.26,65.7,1446.5,31.7,70.6,Grand Growth,83.91,81.42
Maharashtra,CoM 0265,647.0,Black Soil,7.3,72.8,1446.5,31.7,75.6,Maturity,81.42,101.24
Maharashtra,CoM 0265,55400.0,Black Soil,7.41,71.4,1446.5,31.7,69.8,Harvest,101.24,90.92
Maharashtra,CoM 0265,55400.0,Black Soil,8.03,70.3,1446.5,31.7,69.1,Planting,90.92,90.92
Maharashtra,CoM 0265,63200.0,Black Soil,7.54,76.7,1446.5,31.7,63.4,Germination,90.92,85.75
Maharashtra,CoM 0265,76300.0,Black Soil,7.05,71.2,1446.5,31.7,68.9,Tillering,85.75,102.9
Maharashtra,CoM 0265,70500.0,Black Soil,7.43,77.8,1446.5,31.7,70.2,Grand Growth,102.9,101.61
Maharashtra,CoM 0265,60700.0,Black Soil,7.29,85.0,1446.5,31.7,61.0,Maturity,101.61,116.41
Maharashtra,CoM 0265,62600.0,Black Soil,7.3,79.1,1446.5,31.7,72.1,Harvest,116.41,119.28
Maharashtra,CoM 0265,74500.0,Black Soil,7.02,72.4,1446.5,31.7,60.1,Planting,119.28,108.82
Maharashtra,CoM 0265,45100.0,Black Soil,7.57,78.1,1446.5,31.7,66.0,Harvest,96.4,98.44
Maharashtra,CoM 0265,42700.0,Black Soil,8.03,77.6,1446.5,31.7,66.0,Planting,98.44,105.73
Maharashtra,CoM 0265,38300.0,Black Soil,7.64,63.6,1446.5,31.7,68.5,Germination,105.73,91.49
Maharashtra,CoM 0265,39400.0,Black Soil,7.16,70.0,1446.5,31.7,71.5,Tillering,91.49,94.62
Maharashtra,CoM 0265,38000.0,Black Soil,6.88,62.2,1446.5,31.7,65.2,Grand Growth,94.62,93.05
Maharashtra,CoM 0265,31300.0,Black Soil,7.53,75.8,1446.5,31.7,61.7,Maturity,93.05,67.29
Maharashtra,CoM 0265,23200.0,Black Soil,7.78,69.7,1446.5,31.7,74.8,Harvest,67.29,80.83
Maharashtra,CoM 0265,38900.0,Black Soil,7.73,66.2,1446.5,31.7,62.6,Planting,80.83,88.79
Maharashtra,CoM 0265,608.0,Black Soil,7.96,67.6,1446.5,31.7,70.5,Germination,88.79,84.47
Maharashtra,CoM 0265,50400.0,Black Soil,7.14,71.2,1446.5,31.7,65.3,Tillering,84.47,83.93
Maharashtra,CoM 0265,50400.0,Black Soil,8.17,77.4,1446.5,31.7,64.3,Grand Growth,83.93,83.93
Maharashtra,CoM 0265,53800.0,Black Soil,6.61,75.6,1446.5,31.7,70.7,Maturity,83.93,89.45
Maharashtra,CoM 0265,74000.0,Black Soil,7.95,63.7,1446.5,31.7,66.0,Harvest,89.45,94.1
Maharashtra,CoM 0265,70600.0,Black Soil,6.99,66.9,1446.5,31.7,67.2,Planting,94.1,98.62
Maharashtra,CoM 0265,59800.0,Black Soil,7.12,66.7,1446.5,31.7,70.5,Germination,98.62,93.27
Maharashtra,CoM 0265,59800.0,Black Soil,7.2,72.0,1446.5,31.7,72.0,Tillering,93.27,100.59
Maharashtra,CoM 0265,70000.0,Black Soil,7.46,76.6,1446.5,31.7,74.3,Grand Growth,100.59,98.96
Maharashtra,CoM 0265,1100.0,Black Soil,7.43,66.6,1446.5,31.7,67.0,Tillering,89.67,87.91
Maharashtra,CoM 0265,53900.0,Black Soil,7.72,78.6,1446.5,31.7,60.3,Germination,45.0,0.8
Maharashtra,CoM 0265,62500.0,Black Soil,7.12,77.0,1446.5,31.7,60.2,Tillering,89.72,87.69
Maharashtra,CoM 0265,66700.0,Black Soil,7.61,65.3,1446.5,31.7,70.6,Grand Growth,87.69,94.52
Maharashtra,CoM 0265,64700.0,Black Soil,6.8,69.3,1446.5,31.7,65.7,Maturity,94.52,92.0
Maharashtra,CoM 0265,59800.0,Black Soil,7.05,60.2,1446.5,31.7,75.2,Harvest,92.0,75.81
Maharashtra,CoM 0265,56400.0,Black Soil,7.69,69.7,1446.5,31.7,82.2,Planting,75.81,71.84
Maharashtra,CoM 0265,48600.0,Black Soil,7.27,71.4,1446.5,31.7,79.3,Germination,71.84,58.26
Maharashtra,CoM 0265,36400.0,Black Soil,7.42,67.3,1446.5,31.7,62.4,Tillering,58.26,72.33
Maharashtra,CoM 0265,68300.0,Black Soil,7.76,72.7,1446.5,31.7,78.7,Grand Growth,72.33,82.88
Maharashtra,CoM 0265,1545.0,Black Soil,7.46,72.7,1446.5,31.7,65.7,Maturity,82.88,79.0
Maharashtra,CoM 0265,117500.0,Black Soil,8.16,65.9,1446.5,31.7,60.9,Harvest,79.0,84.72
Maharashtra,CoM 0265,117500.0,Black Soil,7.0,74.1,1446.5,31.7,68.5,Planting,84.72,84.72
Maharashtra,CoM 0265,107300.0,Clay Loam,6.82,74.0,1446.5,31.7,71.7,Germination,84.72,92.57
Maharashtra,CoM 0265,163100.0,Alluvial Soil,7.2,59.2,1446.5,31.7,70.8,Tillering,92.57,98.1
Maharashtra,CoM 0265,173400.0,Black Soil,7.63,69.7,1446.5,31.7,70.0,Grand Growth,98.1,91.9
Maharashtra,CoM 0265,144200.0,Black Soil,6.63,69.9,1446.5,31.7,64.5,Maturity,91.9,67.38
Maharashtra,CoM 0265,122600.0,Sandy Loam,7.07,58.7,1446.5,31.7,54.9,Harvest,67.38,85.55
Maharashtra,CoM 0265,205500.0,Black Soil,7.05,69.6,1446.5,31.7,75.9,Planting,85.55,97.57
Maharashtra,CoM 0265,53900.0,Black Soil,7.23,66.0,1446.5,31.7,64.7,Tillering,9152.91,79.99
Maharashtra,CoM 0265,2800.0,Black Soil,7.44,67.7,1446.5,31.7,71.1,Planting,78.66,82.07
Maharashtra,CoM 0265,2700.0,Black Soil,7.96,76.7,1446.5,31.7,69.3,Germination,82.07,86.19
Maharashtra,CoM 0265,3500.0,Black Soil,7.17,83.2,1446.5,31.7,74.4,Tillering,86.19,66.83
Maharashtra,CoM 0265,3200.0,Sandy Loam,6.87,59.3,1446.5,31.7,66.4,Grand Growth,66.83,59.81
Maharashtra,CoM 0265,3900.0,Black Soil,7.29,72.3,1446.5,31.7,68.0,Maturity,59.81,59.49
Maharashtra,CoM 0265,2900.0,Sandy Loam,7.06,59.4,1446.5,31.7,67.8,Harvest,59.49,59.21
Maharashtra,CoM 0265,1600.0,Black Soil,7.29,67.2,1446.5,31.7,70.1,Planting,59.21,45.0
Maharashtra,CoM 0265,1600.0,Black Soil,7.74,71.4,1446.5,31.7,71.0,Germination,45.0,55.31
Maharashtra,CoM 0265,55.0,Black Soil,7.89,72.4,1446.5,31.7,82.4,Tillering,55.31,58.04
Maharashtra,CoM 0265,1900.0,Black Soil,7.19,70.4,1446.5,31.7,62.9,Grand Growth,58.04,38.05
Maharashtra,CoM 0265,1900.0,Black Soil,7.39,69.3,1446.5,31.7,62.6,Maturity,38.05,38.05
Maharashtra,CoM 0265,1800.0,Black Soil,7.32,72.1,1446.5,31.7,63.8,Harvest,38.05,82.56
Maharashtra,CoM 0265,2000.0,Black Soil,7.45,66.9,1446.5,31.7,66.3,Planting,82.56,68.4
Maharashtra,CoM 0265,3700.0,Black Soil,7.3,68.0,1446.5,31.7,75.3,Germination,68.4,66.03
Maharashtra,CoM 0265,2100.0,Black Soil,7.41,66.1,1446.5,31.7,64.9,Tillering,66.03,85.81
Maharashtra,CoM 0265,3200.0,Black Soil,7.44,67.7,1446.5,31.7,65.9,Grand Growth,85.81,58.59
Maharashtra,CoM 0265,3100.0,Black Soil,7.44,79.7,1446.5,31.7,68.3,Maturity,58.59,65.1
Maharashtra,CoM 0265,1800.0,Black Soil,6.99,77.6,1446.5,31.7,71.7,Grand Growth,94.82,93.5
Maharashtra,CoM 0265,2800.0,Black Soil,6.77,85.0,1446.5,31.7,65.0,Maturity,93.5,66.75
Maharashtra,CoM 0265,2400.0,Red Loam,6.38,63.1,1446.5,31.7,69.8,Harvest,66.75,59.38
Maharashtra,CoM 0265,1100.0,Black Soil,7.05,73.4,1446.5,31.7,69.7,Planting,59.38,50.0
Maharashtra,CoM 0265,1200.0,Black Soil,7.63,76.3,1446.5,31.7,71.3,Germination,50.0,54.5
Maharashtra,CoM 0265,1300.0,Red Loam,6.1,60.8,1446.5,31.7,75.0,Tillering,54.5,68.23
Maharashtra,CoM 0265,300.0,Clay Loam,6.68,79.9,1446.5,31.7,72.4,Grand Growth,68.23,67.0
Maharashtra,CoM 0265,6.0,Black Soil,8.01,68.7,1446.5,31.7,68.5,Maturity,67.0,81.0
Maharashtra,CoM 0265,100.0,Black Soil,7.68,72.8,1446.5,31.7,72.9,Harvest,81.0,65.0
Maharashtra,CoM 0265,100.0,Black Soil,7.09,67.7,1446.5,31.7,66.1,Planting,65.0,65.0
Maharashtra,CoM 0265,200.0,Black Soil,7.26,62.4,1446.5,31.7,73.7,Germination,65.0,71.0
Maharashtra,CoM 0265,100.0,Black Soil,7.43,60.7,1446.5,31.7,64.8,Tillering,71.0,76.0
Maharashtra,CoM 0265,200.0,Black Soil,7.43,64.6,1446.5,31.7,67.3,Grand Growth,76.0,29.0
Maharashtra,CoM 0265,6500.0,Black Soil,7.32,79.9,1446.5,31.7,75.1,Maturity,79.28,82.85
Maharashtra,CoM 0265,7000.0,Black Soil,6.76,68.0,1446.5,31.7,73.4,Harvest,82.85,92.84
Maharashtra,CoM 0265,7400.0,Black Soil,7.31,66.5,1446.5,31.7,74.6,Planting,92.84,75.66
Maharashtra,CoM 0265,6900.0,Sandy Loam,6.51,55.4,1446.5,31.7,64.4,Germination,75.66,72.35
Maharashtra,CoM 0265,7200.0,Black Soil,7.31,68.9,1446.5,31.7,71.8,Tillering,72.35,62.22
Maharashtra,CoM 0265,5600.0,Black Soil,7.6,75.1,1446.5,31.7,72.5,Grand Growth,62.22,62.5
Maharashtra,CoM 0265,3000.0,Black Soil,7.66,75.6,1446.5,31.7,67.0,Maturity,62.5,66.53
Maharashtra,CoM 0265,2700.0,Black Soil,7.02,74.8,1446.5,31.7,61.9,Harvest,66.53,71.22
Maharashtra,CoM 0265,133.0,Sandy Loam,7.18,63.6,1446.5,31.7,64.7,Planting,71.22,83.65
Maharashtra,CoM 0265,6300.0,Black Soil,7.72,70.2,1446.5,31.7,70.5,Germination,83.65,56.71
Maharashtra,CoM 0265,6300.0,Black Soil,7.35,70.1,1446.5,31.7,66.8,Tillering,56.71,56.71
Maharashtra,CoM 0265,2300.0,Black Soil,7.46,69.9,1446.5,31.7,66.6,Grand Growth,56.71,72.7
Maharashtra,CoM 0265,4500.0,Black Soil,7.54,72.2,1446.5,31.7,72.6,Maturity,72.7,66.8
Maharashtra,CoM 0265,4700.0,Black Soil,6.83,60.4,1446.5,31.7,70.5,Harvest,66.8,70.32
Maharashtra,CoM 0265,4200.0,Black Soil,7.3,70.5,1446.5,31.7,67.1,Planting,70.32,84.55
Maharashtra,CoM 0265,6500.0,Sandy Loam,7.1,53.1,1446.5,31.7,66.2,Germination,84.55,75.49
Maharashtra,CoM 0265,8100.0,Black Soil,7.54,69.1,1446.5,31.7,70.3,Tillering,75.49,68.36
Manipur,Co 86032,7.0,Alluvial Soil,7.23,49.3,1400.0,31.4,71.4,Germination,45.0,0.29
Manipur,Co 86032,160.0,Alluvial Soil,6.87,61.2,1400.0,31.4,63.3,Tillering,45.0,32.69
Manipur,Co 86032,10.0,Alluvial Soil,7.64,58.2,1400.0,31.4,67.6,Grand Growth,32.69,33.0
Manipur,Co 86032,140.0,Alluvial Soil,6.74,63.9,1400.0,31.4,62.0,Maturity,33.0,32.64
Manipur,Co 86032,160.0,Alluvial Soil,6.91,58.8,1400.0,31.4,64.8,Harvest,32.64,32.69
Manipur,Co 86032,60.0,Alluvial Soil,7.05,58.6,1400.0,31.4,75.6,Planting,32.69,32.67
Manipur,Co 86032,120.0,Alluvial Soil,7.19,51.6,1400.0,31.4,66.4,Germination,32.67,32.67
Manipur,Co 86032,100.0,Alluvial Soil,7.53,69.8,1400.0,31.4,69.0,Tillering,32.67,32.6
Manipur,Co 86032,120.0,Alluvial Soil,6.9,55.4,1400.0,31.4,74.3,Grand Growth,32.6,32.67
Manipur,Co 86032,20.0,Alluvial Soil,7.42,51.6,1400.0,31.4,69.8,Maturity,32.67,32.5
Manipur,Co 86032,160.0,Alluvial Soil,6.99,59.4,1400.0,31.4,72.9,Harvest,32.5,32.69
Manipur,Co 86032,7.0,Alluvial Soil,6.97,55.4,1400.0,31.4,60.0,Grand Growth,6083.33,28.57
Manipur,Co 86032,180.0,Alluvial Soil,6.95,49.8,1400.0,31.4,72.4,Maturity,45.0,32.67
Manipur,Co 86032,150.0,Alluvial Soil,7.28,52.6,1400.0,31.4,75.3,Harvest,32.67,32.67
Manipur,Co 86032,120.0,Alluvial Soil,6.84,76.6,1400.0,31.4,68.5,Planting,32.67,32.67
Manipur,Co 86032,180.0,Alluvial Soil,7.2,57.7,1400.0,31.4,67.7,Germination,32.67,32.67
Manipur,Co 86032,250.0,Alluvial Soil,7.41,55.6,1400.0,31.4,78.0,Tillering,32.67,32.64
Manipur,Co 86032,90.0,Alluvial Soil,7.14,65.3,1400.0,31.4,67.8,Grand Growth,32.64,32.67
Manipur,Co 86032,110.0,Alluvial Soil,7.43,65.7,1400.0,31.4,68.8,Grand Growth,45.0,32.64
Manipur,Co 86032,10.0,Alluvial Soil,6.8,67.2,1400.0,31.4,65.1,Maturity,32.64,33.0
Manipur,Co 86032,400.0,Alluvial Soil,7.07,58.8,1400.0,31.4,68.5,Harvest,33.0,32.65
Manipur,Co 86032,120.0,Alluvial Soil,7.14,59.3,1400.0,31.4,67.2,Planting,32.65,32.67
Manipur,Co 86032,100.0,Alluvial Soil,7.16,51.4,1400.0,31.4,73.7,Germination,32.67,32.7
Manipur,Co 86032,20.0,Alluvial Soil,6.99,50.8,1400.0,31.4,70.2,Tillering,32.7,32.5
Manipur,Co 86032,170.0,Alluvial Soil,7.08,57.7,1400.0,31.4,66.6,Grand Growth,32.5,32.65
Manipur,Co 86032,90.0,Alluvial Soil,6.67,56.6,1400.0,31.4,66.3,Maturity,32.65,32.67
Manipur,Co 86032,400.0,Alluvial Soil,7.05,50.3,1400.0,31.4,62.3,Harvest,32.67,32.67
Manipur,Co 86032,10.0,Red Loam,5.76,63.1,1400.0,31.4,68.0,Tillering,45.0,33.0
Manipur,Co 86032,10.0,Alluvial Soil,6.91,60.6,1400.0,31.4,70.1,Grand Growth,33.0,32.0
Manipur,Co 86032,10.0,Clay Loam,6.52,72.6,1400.0,31.4,66.9,Maturity,32.0,33.0
Manipur,Co 86032,280.0,Alluvial Soil,7.17,67.9,1400.0,31.4,67.6,Germination,45.0,32.68
Manipur,Co 86032,130.0,Alluvial Soil,7.2,65.3,1400.0,31.4,69.0,Tillering,32.68,32.69
Manipur,Co 86032,20.0,Alluvial Soil,7.09,44.7,1400.0,31.4,56.3,Grand Growth,32.69,32.5
Manipur,Co 86032,110.0,Alluvial Soil,7.18,44.4,1400.0,31.4,67.3,Harvest,45.0,32.64
Manipur,Co 86032,30.0,Alluvial Soil,7.22,56.2,1400.0,31.4,67.0,Planting,32.64,32.67
Manipur,Co 86032,10.0,Alluvial Soil,7.18,54.1,1400.0,31.4,63.6,Germination,32.67,33.0
Manipur,Co 86032,30.0,Alluvial Soil,7.25,59.4,1400.0,31.4,66.2,Maturity,45.0,32.67
Manipur,Co 86032,20.0,Alluvial Soil,7.33,60.4,1400.0,31.4,66.1,Harvest,32.67,33.0
Manipur,Co 86032,10.0,Alluvial Soil,7.03,49.1,1400.0,31.4,70.7,Planting,33.0,33.0
Manipur,Co 86032,20.0,Alluvial Soil,7.02,51.7,1400.0,31.4,76.1,Germination,33.0,32.5
Meghalaya,Co 86032,21.0,Alluvial Soil,7.26,60.2,1400.0,31.4,76.6,Maturity,45.0,2.76
Meghalaya,Co 86032,21.0,Clay Loam,7.39,77.3,1400.0,31.4,67.6,Harvest,45.0,2.76
Meghalaya,Co 86032,24.0,Alluvial Soil,7.01,57.0,1400.0,31.4,71.9,Planting,45.0,2.92
Meghalaya,Co 86032,29.0,Red Loam,6.81,52.4,1400.0,31.4,69.1,Germination,45.0,2.76
Meghalaya,Co 86032,27.0,Alluvial Soil,7.07,51.1,1400.0,31.4,68.8,Tillering,45.0,2.78
Meghalaya,Co 86032,24.0,Alluvial Soil,7.01,58.4,1400.0,31.4,67.0,Grand Growth,45.0,2.75
Meghalaya,Co 86032,24.0,Alluvial Soil,6.69,53.0,1400.0,31.4,69.8,Maturity,45.0,2.75
Meghalaya,Co 86032,21.0,Alluvial Soil,7.27,47.2,1400.0,31.4,76.8,Harvest,45.0,2.52
Meghalaya,Co 86032,21.0,Red Loam,6.59,49.5,1400.0,31.4,70.5,Planting,45.0,2.71
Meghalaya,Co 86032,27.0,Alluvial Soil,7.29,58.3,1400.0,31.4,76.7,Germination,45.0,2.74
Meghalaya,Co 86032,32.0,Alluvial Soil,7.02,66.2,1400.0,31.4,70.7,Tillering,45.0,2.72
Meghalaya,Co 86032,34.0,Alluvial Soil,6.69,63.1,1400.0,31.4,72.0,Grand Growth,45.0,2.74
Meghalaya,Co 86032,30.0,Clay Loam,7.08,61.8,1400.0,31.4,68.9,Maturity,45.0,2.73
Meghalaya,Co 86032,24.0,Alluvial Soil,6.94,56.2,1400.0,31.4,70.8,Harvest,45.0,2.75
Meghalaya,Co 86032,25.0,Alluvial Soil,7.06,68.9,1400.0,31.4,72.8,Planting,45.0,2.76
Meghalaya,Co 86032,34.0,Alluvial Soil,6.77,52.4,1400.0,31.4,67.9,Germination,45.0,2.97
Meghalaya,Co 86032,21.0,Alluvial Soil,7.22,65.7,1400.0,31.4,75.2,Tillering,45.0,2.95
Meghalaya,Co 86032,22.0,Alluvial Soil,7.43,60.0,1400.0,31.4,73.6,Grand Growth,45.0,2.91
Meghalaya,Co 86032,6.0,Alluvial Soil,7.1,64.8,1400.0,31.4,70.2,Grand Growth,45.0,0.83
Meghalaya,Co 86032,7.0,Alluvial Soil,7.37,61.0,1400.0,31.4,70.1,Maturity,45.0,0.71
Meghalaya,Co 86032,6.0,Alluvial Soil,7.3,50.5,1400.0,31.4,65.6,Harvest,45.0,0.83
Meghalaya,Co 86032,6.0,Alluvial Soil,6.53,53.8,1400.0,31.4,78.6,Planting,45.0,0.5
Meghalaya,Co 86032,6.0,Alluvial Soil,7.02,59.3,1400.0,31.4,61.7,Germination,45.0,0.5
Meghalaya,Co 86032,7.0,Alluvial Soil,7.02,52.3,1400.0,31.4,69.6,Tillering,45.0,1.0
Meghalaya,Co 86032,7.0,Alluvial Soil,7.24,65.7,1400.0,31.4,71.6,Grand Growth,45.0,0.86
Meghalaya,Co 86032,7.0,Alluvial Soil,7.34,57.0,1400.0,31.4,69.7,Maturity,45.0,0.71
Meghalaya,Co 86032,7.0,Alluvial Soil,7.19,51.4,1400.0,31.4,73.8,Harvest,45.0,0.71
Meghalaya,Co 86032,7.0,Alluvial Soil,6.9,55.4,1400.0,31.4,61.6,Planting,45.0,0.71
Meghalaya,Co 86032,7.0,Alluvial Soil,6.31,63.4,1400.0,31.4,84.9,Germination,45.0,0.71
Meghalaya,Co 86032,7.0,Alluvial Soil,7.31,53.2,1400.0,31.4,63.5,Tillering,45.0,0.71
Meghalaya,Co 86032,7.0,Alluvial Soil,7.41,55.4,1400.0,31.4,72.7,Grand Growth,45.0,0.86
Meghalaya,Co 86032,7.0,Alluvial Soil,7.34,56.9,1400.0,31.4,71.5,Maturity,45.0,0.71
Meghalaya,Co 86032,8.0,Alluvial Soil,7.28,52.6,1400.0,31.4,68.6,Harvest,45.0,0.88
Meghalaya,Co 86032,11.0,Alluvial Soil,6.81,57.2,1400.0,31.4,69.6,Planting,45.0,1.0
Meghalaya,Co 86032,5.0,Alluvial Soil,7.09,52.9,1400.0,31.4,68.7,Germination,45.0,0.8
Meghalaya,Co 86032,5.0,Alluvial Soil,6.96,58.2,1400.0,31.4,68.4,Tillering,45.0,0.8
Meghalaya,Co 86032,6.0,Red Loam,6.52,63.6,1400.0,31.4,70.5,Grand Growth,49.66,50.0
Meghalaya,Co 86032,7.0,Alluvial Soil,6.96,51.6,1400.0,31.4,71.6,Maturity,50.0,100.0
Meghalaya,Co 86032,7.0,Alluvial Soil,7.46,61.2,1400.0,31.4,66.5,Harvest,100.0,85.71
Meghalaya,Co 86032,7.0,Alluvial Soil,6.91,52.4,1400.0,31.4,73.1,Planting,85.71,71.43
Meghalaya,Co 86032,7.0,Red Loam,7.01,43.5,1400.0,31.4,59.8,Germination,71.43,71.43
Meghalaya,Co 86032,7.0,Sandy Loam,7.18,53.9,1400.0,31.4,67.7,Tillering,71.43,71.43
Meghalaya,Co 86032,7.0,Alluvial Soil,7.03,66.4,1400.0,31.4,77.9,Grand Growth,71.43,71.43
Meghalaya,Co 86032,7.0,Sandy Loam,6.91,63.0,1400.0,31.4,71.9,Maturity,71.43,71.43
Meghalaya,Co 86032,7.0,Alluvial Soil,7.38,52.8,1400.0,31.4,70.3,Harvest,71.43,85.71
Meghalaya,Co 86032,7.0,Alluvial Soil,6.67,71.3,1400.0,31.4,61.4,Planting,85.71,71.43
Meghalaya,Co 86032,8.0,Alluvial Soil,7.68,61.2,1400.0,31.4,72.2,Germination,71.43,87.5
Meghalaya,Co 86032,11.0,Alluvial Soil,7.6,52.5,1400.0,31.4,66.8,Tillering,87.5,100.0
Meghalaya,Co 86032,5.0,Black Soil,7.39,69.0,1400.0,31.4,61.9,Grand Growth,100.0,80.0
Meghalaya,Co 86032,5.0,Alluvial Soil,7.89,60.0,1400.0,31.4,70.6,Maturity,80.0,80.0
Meghalaya,Co 86032,6.0,Red Loam,5.99,68.5,1400.0,31.4,74.1,Harvest,80.0,83.33
Meghalaya,Co 86032,6.0,Alluvial Soil,7.27,61.2,1400.0,31.4,79.9,Planting,83.33,83.33
Meghalaya,Co 86032,6.0,Alluvial Soil,7.18,52.4,1400.0,31.4,65.4,Germination,83.33,83.33
Meghalaya,Co 86032,6.0,Black Soil,7.2,68.7,1400.0,31.4,72.1,Tillering,83.33,83.33
Meghalaya,Co 86032,6.0,Clay Loam,6.99,74.6,1400.0,31.4,68.5,Grand Growth,83.33,83.33
Meghalaya,Co 86032,6.0,Alluvial Soil,7.45,51.3,1400.0,31.4,68.4,Maturity,83.33,83.33
Meghalaya,Co 86032,7.0,Alluvial Soil,6.66,50.2,1400.0,31.4,72.4,Harvest,83.33,71.43
Meghalaya,Co 86032,6.0,Alluvial Soil,6.95,55.0,1400.0,31.4,62.3,Planting,71.43,83.33
Meghalaya,Co 86032,6.0,Red Loam,6.86,65.3,1400.0,31.4,70.9,Germination,83.33,50.0
Meghalaya,Co 86032,17.0,Alluvial Soil,6.59,61.0,1400.0,31.4,65.1,Tillering,45.0,3.06
Meghalaya,Co 86032,18.0,Alluvial Soil,7.14,59.6,1400.0,31.4,74.1,Grand Growth,45.0,3.11
Meghalaya,Co 86032,6.0,Alluvial Soil,7.41,48.8,1400.0,31.4,70.8,Harvest,45.0,3.17
Meghalaya,Co 86032,6.0,Alluvial Soil,6.88,57.1,1400.0,31.4,69.3,Planting,45.0,3.17
Meghalaya,Co 86032,6.0,Alluvial Soil,6.96,61.5,1400.0,31.4,65.3,Germination,45.0,3.0
Meghalaya,Co 86032,6.0,Alluvial Soil,6.91,56.6,1400.0,31.4,61.7,Tillering,45.0,3.0
Meghalaya,Co 86032,6.0,Red Loam,6.73,56.9,1400.0,31.4,67.3,Grand Growth,45.0,3.0
Meghalaya,Co 86032,4.0,Alluvial Soil,6.75,67.1,1400.0,31.4,66.6,Maturity,45.0,3.0
Meghalaya,Co 86032,6.0,Alluvial Soil,6.85,62.1,1400.0,31.4,70.7,Harvest,45.0,3.0
Meghalaya,Co 86032,6.0,Alluvial Soil,7.08,56.0,1400.0,31.4,76.1,Planting,45.0,3.0
Meghalaya,Co 86032,6.0,Alluvial Soil,6.91,65.0,1400.0,31.4,68.3,Germination,45.0,3.17
Meghalaya,Co 86032,6.0,Sandy Loam,6.35,56.3,1400.0,31.4,66.5,Tillering,45.0,3.17
Meghalaya,Co 86032,6.0,Red Loam,6.72,57.7,1400.0,31.4,69.6,Grand Growth,45.0,3.17
Meghalaya,Co 86032,5.0,Alluvial Soil,7.09,55.1,1400.0,31.4,67.5,Maturity,45.0,3.0
Meghalaya,Co 86032,6.0,Alluvial Soil,7.18,63.9,1400.0,31.4,69.2,Harvest,45.0,3.0
Meghalaya,Co 86032,6.0,Alluvial Soil,7.33,55.1,1400.0,31.4,72.2,Planting,45.0,3.0
Meghalaya,Co 86032,7.0,Alluvial Soil,7.22,54.0,1400.0,31.4,82.3,Germination,45.0,3.14
Meghalaya,Co 86032,8.0,Alluvial Soil,7.29,61.2,1400.0,31.4,57.2,Tillering,45.0,3.5
Meghalaya,Co 86032,9.0,Alluvial Soil,7.12,57.3,1400.0,31.4,70.9,Grand Growth,45.0,3.56
Meghalaya,Co 86032,10.0,Alluvial Soil,7.45,70.0,1400.0,31.4,68.8,Maturity,45.0,3.7
Meghalaya,Co 86032,11.0,Alluvial Soil,7.1,46.9,1400.0,31.4,70.9,Maturity,45.0,3.64
Meghalaya,Co 86032,12.0,Clay Loam,6.74,70.3,1400.0,31.4,75.6,Harvest,45.0,3.58
Meghalaya,Co 86032,41.0,Alluvial Soil,7.34,42.0,1400.0,31.4,74.0,Germination,45.0,3.12
Meghalaya,Co 86032,41.0,Alluvial Soil,7.14,56.8,1400.0,31.4,58.7,Tillering,45.0,3.12
Meghalaya,Co 86032,38.0,Alluvial Soil,7.11,50.4,1400.0,31.4,64.7,Grand Growth,45.0,3.11
Meghalaya,Co 86032,39.0,Alluvial Soil,7.15,52.5,1400.0,31.4,71.5,Maturity,45.0,3.18
Meghalaya,Co 86032,38.0,Black Soil,7.3,69.0,1400.0,31.4,62.0,Harvest,45.0,3.11
Meghalaya,Co 86032,40.0,Alluvial Soil,7.17,50.9,1400.0,31.4,65.7,Planting,45.0,3.1
Meghalaya,Co 86032,41.0,Alluvial Soil,6.93,55.0,1400.0,31.4,65.6,Germination,45.0,3.12
Meghalaya,Co 86032,45.0,Alluvial Soil,7.32,53.2,1400.0,31.4,68.3,Tillering,45.0,3.09
Meghalaya,Co 86032,41.0,Clay Loam,7.26,73.4,1400.0,31.4,66.6,Grand Growth,45.0,3.12
Meghalaya,Co 86032,42.0,Alluvial Soil,7.29,54.9,1400.0,31.4,75.4,Maturity,45.0,3.12
Meghalaya,Co 86032,42.0,Alluvial Soil,6.8,55.2,1400.0,31.4,65.7,Harvest,45.0,3.12
Meghalaya,Co 86032,40.0,Black Soil,7.28,70.8,1400.0,31.4,75.1,Planting,45.0,3.12
Meghalaya,Co 86032,28.0,Red Loam,6.58,73.7,1400.0,31.4,67.0,Germination,45.0,3.11
Meghalaya,Co 86032,25.0,Alluvial Soil,7.14,57.8,1400.0,31.4,73.4,Tillering,45.0,3.12
Meghalaya,Co 86032,27.0,Alluvial Soil,7.53,56.3,1400.0,31.4,66.1,Grand Growth,45.0,3.15
Meghalaya,Co 86032,34.0,Alluvial Soil,7.18,52.0,1400.0,31.4,72.9,Maturity,45.0,3.5
Meghalaya,Co 86032,26.0,Alluvial Soil,7.26,66.9,1400.0,31.4,78.4,Harvest,45.0,3.58
Meghalaya,Co 86032,28.0,Alluvial Soil,6.56,58.3,1400.0,31.4,75.7,Planting,45.0,3.54
Meghalaya,Co 86032,7.0,Alluvial Soil,7.2,64.9,1400.0,31.4,71.1,Planting,45.0,1.14
Meghalaya,Co 86032,6.0,Alluvial Soil,7.37,56.0,1400.0,31.4,63.3,Germination,45.0,1.17
Meghalaya,Co 86032,7.0,Alluvial Soil,7.05,56.2,1400.0,31.4,58.0,Tillering,113.84,114.29
Meghalaya,Co 86032,6.0,Alluvial Soil,6.87,59.0,1400.0,31.4,67.4,Grand Growth,114.29,116.67
Meghalaya,Co 86032,7.0,Alluvial Soil,7.11,66.1,1400.0,31.4,65.5,Maturity,116.67,128.57
Meghalaya,Co 86032,7.0,Alluvial Soil,7.29,60.6,1400.0,31.4,77.0,Harvest,128.57,128.57
Meghalaya,Co 86032,7.0,Alluvial Soil,6.98,51.1,1400.0,31.4,68.4,Planting,128.57,128.57
Meghalaya,Co 86032,7.0,Alluvial Soil,7.01,65.5,1400.0,31.4,71.9,Germination,128.57,128.57
Meghalaya,Co 86032,7.0,Alluvial Soil,6.81,50.8,1400.0,31.4,71.0,Tillering,128.57,128.57
Meghalaya,Co 86032,8.0,Alluvial Soil,6.65,63.3,1400.0,31.4,70.5,Grand Growth,45.0,1.88
Meghalaya,Co 86032,8.0,Alluvial Soil,6.84,50.6,1400.0,31.4,65.6,Maturity,45.0,1.88
Meghalaya,Co 86032,6.0,Alluvial Soil,7.5,60.7,1400.0,31.4,65.3,Harvest,45.0,2.0
Meghalaya,Co 86032,6.0,Alluvial Soil,6.98,49.6,1400.0,31.4,68.4,Planting,45.0,2.0
Meghalaya,Co 86032,6.0,Alluvial Soil,6.98,58.3,1400.0,31.4,66.6,Germination,45.0,2.0
Meghalaya,Co 86032,5.0,Alluvial Soil,7.41,54.0,1400.0,31.4,72.2,Tillering,45.0,2.0
Meghalaya,Co 86032,5.0,Alluvial Soil,7.45,53.3,1400.0,31.4,70.0,Grand Growth,45.0,2.0
Meghalaya,Co 86032,5.0,Alluvial Soil,7.65,56.0,1400.0,31.4,67.2,Maturity,45.0,2.0
Meghalaya,Co 86032,5.0,Alluvial Soil,6.91,49.5,1400.0,31.4,67.1,Harvest,45.0,2.0
Meghalaya,Co 86032,5.0,Alluvial Soil,6.94,49.1,1400.0,31.4,69.0,Planting,45.0,2.0
Meghalaya,Co 86032,5.0,Alluvial Soil,6.87,52.3,1400.0,31.4,76.4,Germination,45.0,2.0
Meghalaya,Co 86032,6.0,Alluvial Soil,6.97,60.5,1400.0,31.4,71.8,Tillering,45.0,2.0
Meghalaya,Co 86032,5.0,Sandy Loam,6.67,58.2,1400.0,31.4,71.5,Grand Growth,45.0,2.6
Meghalaya,Co 86032,6.0,Alluvial Soil,6.86,68.8,1400.0,31.4,67.2,Maturity,45.0,2.17
Meghalaya,Co 86032,7.0,Alluvial Soil,7.9,52.2,1400.0,31.4,67.6,Harvest,45.0,2.29
Meghalaya,Co 86032,8.0,Alluvial Soil,7.75,61.5,1400.0,31.4,78.3,Planting,45.0,2.62
Meghalaya,Co 86032,9.0,Alluvial Soil,6.81,55.6,1400.0,31.4,73.8,Germination,45.0,2.67
Meghalaya,Co 86032,10.0,Alluvial Soil,6.85,55.5,1400.0,31.4,65.3,Tillering,45.0,2.8
Meghalaya,Co 86032,6.0,Alluvial Soil,6.95,56.5,1400.0,31.4,69.1,Grand Growth,155.0,200.0
Meghalaya,Co 86032,5.0,Alluvial Soil,6.8,55.0,1400.0,31.4,64.5,Maturity,200.0,200.0
Meghalaya,Co 86032,5.0,Alluvial Soil,7.07,66.4,1400.0,31.4,70.9,Harvest,200.0,200.0
Meghalaya,Co 86032,5.0,Alluvial Soil,7.27,58.4,1400.0,31.4,70.7,Planting,200.0,200.0
Meghalaya,Co 86032,5.0,Alluvial Soil,7.19,45.3,1400.0,31.4,69.7,Germination,200.0,200.0
Meghalaya,Co 86032,5.0,Alluvial Soil,6.74,53.6,1400.0,31.4,71.4,Tillering,200.0,200.0
Meghalaya,Co 86032,5.0,Alluvial Soil,7.71,47.8,1400.0,31.4,67.4,Grand Growth,200.0,200.0
Meghalaya,Co 86032,6.0,Alluvial Soil,7.09,50.5,1400.0,31.4,74.6,Maturity,200.0,200.0
Meghalaya,Co 86032,6.0,Alluvial Soil,7.3,49.3,1400.0,31.4,74.1,Planting,260.0,216.67
Meghalaya,Co 86032,8.0,Alluvial Soil,6.93,57.1,1400.0,31.4,73.9,Maturity,281.82,187.5
Meghalaya,Co 86032,8.0,Alluvial Soil,7.12,53.5,1400.0,31.4,68.3,Harvest,187.5,187.5
Meghalaya,Co 86032,6.0,Alluvial Soil,6.77,49.1,1400.0,31.4,72.1,Planting,187.5,200.0
Meghalaya,Co 86032,6.0,Alluvial Soil,6.86,50.6,1400.0,31.4,62.8,Germination,200.0,200.0
Mizoram,Co 86032,894.0,Alluvial Soil,6.71,56.1,1400.0,31.4,67.4,Tillering,45.0,5.47
Mizoram,Co 86032,919.0,Alluvial Soil,7.35,63.2,1400.0,31.4,76.4,Grand Growth,45.0,5.61
Mizoram,Co 86032,588.0,Alluvial Soil,7.69,45.5,1400.0,31.4,63.3,Maturity,45.0,1.74
Mizoram,Co 86032,685.0,Alluvial Soil,6.94,58.3,1400.0,31.4,74.2,Harvest,45.0,3.21
Mizoram,Co 86032,1097.0,Alluvial Soil,6.88,54.2,1400.0,31.4,73.4,Planting,45.0,4.72
Mizoram,Co 86032,1081.0,Sandy Loam,6.32,64.2,1400.0,31.4,64.1,Germination,45.0,3.94
Mizoram,Co 86032,630.0,Alluvial Soil,6.8,63.9,1400.0,31.4,77.5,Tillering,45.0,25.02
Mizoram,Co 86032,704.0,Alluvial Soil,6.85,61.6,1400.0,31.4,64.3,Grand Growth,25.02,50.0
Mizoram,Co 86032,706.0,Alluvial Soil,7.01,58.5,1400.0,31.4,71.1,Maturity,50.0,3.75
Mizoram,Co 86032,247.0,Alluvial Soil,6.94,52.6,1400.0,31.4,78.4,Harvest,45.0,1.64
Mizoram,Co 86032,339.0,Alluvial Soil,6.84,61.8,1400.0,31.4,65.9,Planting,45.0,3.84
Mizoram,Co 86032,420.0,Alluvial Soil,6.96,58.5,1400.0,31.4,74.3,Germination,45.0,3.2
Mizoram,Co 86032,247.0,Alluvial Soil,7.65,55.5,1400.0,31.4,69.0,Germination,374.65,163.97
Mizoram,Co 86032,446.0,Alluvial Soil,7.1,66.3,1400.0,31.4,65.8,Maturity,320.0,182.74
Mizoram,Co 86032,422.0,Alluvial Soil,7.4,59.3,1400.0,31.4,78.4,Harvest,182.74,204.5
Mizoram,Co 86032,398.0,Alluvial Soil,6.79,62.8,1400.0,31.4,70.5,Planting,204.5,210.8
Mizoram,Co 86032,412.0,Sandy Loam,5.9,58.4,1400.0,31.4,62.2,Germination,210.8,208.74
Mizoram,Co 86032,588.0,Alluvial Soil,7.2,51.3,1400.0,31.4,67.7,Maturity,561.26,173.64
Mizoram,Co 86032,48.0,Sandy Loam,6.74,60.6,1400.0,31.4,70.6,Planting,45.0,1.98
Mizoram,Co 86032,18.0,Alluvial Soil,6.69,65.2,1400.0,31.4,61.3,Germination,45.0,3.89
Mizoram,Co 86032,36.0,Alluvial Soil,7.5,55.6,1400.0,31.4,72.9,Tillering,45.0,2.0
Mizoram,Co 86032,23.0,Alluvial Soil,6.61,53.1,1400.0,31.4,65.9,Grand Growth,45.0,1.52
Mizoram,Co 86032,26.0,Alluvial Soil,7.17,46.4,1400.0,31.4,76.7,Maturity,45.0,1.38
Mizoram,Co 86032,300.0,Alluvial Soil,7.11,58.9,1400.0,31.4,68.5,Harvest,45.0,25.0
Mizoram,Co 86032,132.0,Alluvial Soil,6.79,62.6,1400.0,31.4,68.3,Planting,25.0,14.48
Mizoram,Co 86032,136.0,Alluvial Soil,7.39,61.6,1400.0,31.4,69.0,Germination,45.0,15.64
Mizoram,Co 86032,3.0,Alluvial Soil,7.39,58.8,1400.0,31.4,68.4,Tillering,45.0,22.33
Mizoram,Co 86032,133.0,Alluvial Soil,6.49,61.5,1400.0,31.4,64.8,Grand Growth,22.33,21.0
Mizoram,Co 86032,126.0,Alluvial Soil,7.09,53.7,1400.0,31.4,61.4,Maturity,21.0,20.57
Mizoram,Co 86032,23.0,Alluvial Soil,7.44,61.3,1400.0,31.4,66.3,Harvest,20.57,152.17
Mizoram,Co 86032,26.0,Sandy Loam,6.46,58.0,1400.0,31.4,69.8,Planting,152.17,138.46
Mizoram,Co 86032,48.0,Black Soil,7.48,79.1,1400.0,31.4,67.1,Harvest,3234.02,197.92
Mizoram,Co 86032,36.0,Alluvial Soil,6.86,56.5,1400.0,31.4,65.5,Germination,388.89,200.0
Mizoram,Co 86032,160.0,Alluvial Soil,6.97,54.0,1400.0,31.4,71.5,Tillering,45.0,14.0
Mizoram,Co 86032,170.0,Alluvial Soil,7.4,53.8,1400.0,31.4,64.7,Grand Growth,45.0,13.94
Mizoram,Co 86032,51.0,Alluvial Soil,7.44,68.4,1400.0,31.4,69.5,Maturity,45.0,5.04
Mizoram,Co 86032,155.0,Alluvial Soil,7.37,65.7,1400.0,31.4,71.1,Harvest,45.0,23.28
Mizoram,Co 86032,178.0,Alluvial Soil,7.33,53.4,1400.0,31.4,67.8,Planting,23.28,20.8
Mizoram,Co 86032,181.0,Alluvial Soil,7.07,59.1,1400.0,31.4,73.4,Germination,20.8,14.94
Mizoram,Co 86032,145.0,Alluvial Soil,6.72,62.8,1400.0,31.4,66.2,Tillering,45.0,45.2
Mizoram,Co 86032,259.0,Black Soil,7.0,62.1,1400.0,31.4,74.3,Grand Growth,45.2,27.74
Mizoram,Co 86032,237.0,Alluvial Soil,7.0,56.4,1400.0,31.4,71.5,Maturity,27.74,28.08
Mizoram,Co 86032,288.0,Alluvial Soil,7.19,53.2,1400.0,31.4,68.7,Harvest,28.08,8.14
Mizoram,Co 86032,241.0,Alluvial Soil,7.73,54.1,1400.0,31.4,62.1,Planting,45.0,13.77
Mizoram,Co 86032,5.0,Alluvial Soil,7.58,65.2,1400.0,31.4,70.2,Maturity,45.0,1.0
Mizoram,Co 86032,46.0,Alluvial Soil,6.83,53.2,1400.0,31.4,61.6,Harvest,45.0,0.63
Mizoram,Co 86032,50.0,Alluvial Soil,7.31,55.6,1400.0,31.4,70.8,Planting,45.0,10.0
Mizoram,Co 86032,5.0,Black Soil,8.16,68.5,1400.0,31.4,67.7,Germination,103.2,100.0
Mizoram,Co 86032,46.0,Alluvial Soil,6.42,54.9,1400.0,31.4,74.3,Tillering,100.0,63.04
Mizoram,Co 86032,150.0,Alluvial Soil,7.22,60.9,1400.0,31.4,69.9,Tillering,45.0,1.75
Mizoram,Co 86032,151.0,Alluvial Soil,7.14,56.0,1400.0,31.4,75.5,Grand Growth,45.0,1.75
Mizoram,Co 86032,104.0,Alluvial Soil,6.75,47.1,1400.0,31.4,65.6,Maturity,45.0,2.23
Mizoram,Co 86032,76.0,Alluvial Soil,7.22,58.0,1400.0,31.4,70.7,Harvest,45.0,6.33
Mizoram,Co 86032,81.0,Alluvial Soil,6.94,55.8,1400.0,31.4,58.9,Planting,45.0,5.42
Mizoram,Co 86032,82.0,Alluvial Soil,6.62,54.5,1400.0,31.4,72.3,Germination,45.0,5.37
Mizoram,Co 86032,183.0,Alluvial Soil,7.31,58.5,1400.0,31.4,70.4,Tillering,45.0,20.0
Mizoram,Co 86032,173.0,Alluvial Soil,7.12,59.6,1400.0,31.4,73.0,Grand Growth,45.0,1.88
Mizoram,Co 86032,154.0,Alluvial Soil,7.57,55.8,1400.0,31.4,68.9,Maturity,45.0,3.69
Mizoram,Co 86032,484.0,Clay Loam,7.23,62.1,1400.0,31.4,77.2,Harvest,45.0,0.11
Mizoram,Co 86032,167.0,Alluvial Soil,7.32,60.4,1400.0,31.4,75.3,Planting,45.0,2.11
Mizoram,Co 86032,178.0,Alluvial Soil,7.67,60.8,1400.0,31.4,66.0,Germination,45.0,3.03
Mizoram,Co 86032,173.0,Alluvial Soil,7.08,58.7,1400.0,31.4,63.2,Harvest,2000.0,187.86
Mizoram,Co 86032,484.0,Alluvial Soil,6.96,51.2,1400.0,31.4,71.3,Germination,368.83,10.95
Mizoram,Co 86032,167.0,Alluvial Soil,7.35,57.7,1400.0,31.4,75.3,Tillering,155.0,210.78
Mizoram,Co 86032,103.0,Alluvial Soil,7.27,64.0,1400.0,31.4,63.3,Planting,311.81,76.7
Mizoram,Co 86032,150.0,Alluvial Soil,7.18,59.1,1400.0,31.4,70.2,Tillering,2131.87,175.33
Mizoram,Co 86032,151.0,Alluvial Soil,6.79,56.4,1400.0,31.4,73.1,Grand Growth,175.33,175.5
Mizoram,Co 86032,97.0,Alluvial Soil,7.44,61.3,1400.0,31.4,73.2,Planting,45.0,20.0
Mizoram,Co 86032,90.0,Black Soil,7.62,66.5,1400.0,31.4,71.1,Germination,45.0,14.41
Mizoram,Co 86032,22.0,Alluvial Soil,7.12,72.8,1400.0,31.4,68.7,Tillering,45.0,3.95
Mizoram,Co 86032,15.0,Alluvial Soil,7.07,60.0,1400.0,31.4,68.6,Grand Growth,45.0,0.27
Mizoram,Co 86032,83.0,Red Loam,6.68,53.8,1400.0,31.4,61.8,Maturity,45.0,10.31
Mizoram,Co 86032,108.0,Alluvial Soil,7.15,53.0,1400.0,31.4,76.2,Harvest,45.0,1.57
Mizoram,Co 86032,15.0,Alluvial Soil,7.36,61.2,1400.0,31.4,73.6,Grand Growth,395.45,26.67
Mizoram,Co 86032,108.0,Alluvial Soil,6.88,59.4,1400.0,31.4,66.3,Harvest,1031.33,157.41
Mizoram,Co 86032,82.0,Alluvial Soil,7.3,69.8,1400.0,31.4,64.4,Planting,157.41,143.9
Mizoram,Co 86032,38.0,Alluvial Soil,6.56,56.6,1400.0,31.4,70.6,Maturity,45.0,20.0
Mizoram,Co 86032,25.0,Alluvial Soil,6.83,53.4,1400.0,31.4,61.8,Harvest,45.0,1.44
Mizoram,Co 86032,35.0,Alluvial Soil,7.02,55.4,1400.0,31.4,67.8,Planting,45.0,1.17
Mizoram,Co 86032,12.0,Alluvial Soil,7.51,53.1,1400.0,31.4,74.0,Germination,45.0,1.5
Mizoram,Co 86032,14.0,Alluvial Soil,7.47,57.5,1400.0,31.4,58.7,Tillering,45.0,22.0
Mizoram,Co 86032,6.0,Alluvial Soil,7.01,62.9,1400.0,31.4,75.3,Grand Growth,22.0,2.5
Mizoram,Co 86032,25.0,Alluvial Soil,7.22,66.2,1400.0,31.4,58.8,Harvest,2000.0,144.0
Mizoram,Co 86032,35.0,Alluvial Soil,6.84,53.0,1400.0,31.4,70.4,Planting,144.0,117.14
Mizoram,Co 86032,12.0,Alluvial Soil,7.37,55.0,1400.0,31.4,67.7,Germination,117.14,150.0
Mizoram,Co 86032,3.0,Alluvial Soil,7.2,69.6,1400.0,31.4,72.2,Maturity,250.0,33.33
Mizoram,Co 86032,12.0,Alluvial Soil,6.94,57.1,1400.0,31.4,75.5,Harvest,33.33,62.5
Mizoram,Co 86032,45.0,Alluvial Soil,7.71,58.5,1400.0,31.4,62.8,Germination,45.0,1.33
Mizoram,Co 86032,45.0,Alluvial Soil,7.45,53.4,1400.0,31.4,71.8,Tillering,45.0,6.24
Mizoram,Co 86032,272.0,Alluvial Soil,7.04,50.5,1400.0,31.4,73.4,Grand Growth,45.0,21.0
Mizoram,Co 86032,305.0,Alluvial Soil,7.86,58.8,1400.0,31.4,68.2,Maturity,21.0,12.75
Mizoram,Co 86032,45.0,Alluvial Soil,7.0,59.4,1400.0,31.4,69.9,Harvest,128.0,133.33
Mizoram,Co 86032,306.0,Alluvial Soil,7.34,57.4,1400.0,31.4,62.3,Grand Growth,1275.08,6.86
Mizoram,Co 86032,310.0,Sandy Loam,6.71,59.1,1400.0,31.4,70.0,Maturity,45.0,6.0
Mizoram,Co 86032,376.0,Alluvial Soil,7.45,69.4,1400.0,31.4,68.7,Harvest,45.0,9.04
Mizoram,Co 86032,440.0,Alluvial Soil,6.97,51.2,1400.0,31.4,79.3,Planting,45.0,9.09
Nagaland,Co 86032,230.0,Alluvial Soil,7.44,58.7,1400.0,31.4,66.9,Germination,88.28,92.65
Nagaland,Co 86032,250.0,Alluvial Soil,6.9,51.0,1400.0,31.4,77.7,Tillering,92.65,98.76
Nagaland,Co 86032,1040.0,Clay Loam,6.58,71.6,1400.0,31.4,73.8,Grand Growth,98.76,21.86
Nagaland,Co 86032,1510.0,Alluvial Soil,6.93,52.9,1400.0,31.4,72.0,Maturity,21.86,52.06
Nagaland,Co 86032,1180.0,Clay Loam,6.58,70.8,1400.0,31.4,69.0,Harvest,52.06,106.81
Nagaland,Co 86032,2120.0,Alluvial Soil,7.24,46.9,1400.0,31.4,61.2,Planting,106.81,75.52
Nagaland,Co 86032,2360.0,Sandy Loam,6.35,63.7,1400.0,31.4,69.8,Germination,75.52,57.58
Nagaland,Co 86032,1900.0,Alluvial Soil,7.28,64.7,1400.0,31.4,71.6,Tillering,57.58,55.07
Nagaland,Co 86032,1020.0,Alluvial Soil,7.24,55.2,1400.0,31.4,68.7,Grand Growth,55.07,43.1
Nagaland,Co 86032,1160.0,Alluvial Soil,7.06,43.7,1400.0,31.4,66.8,Maturity,43.1,30.09
Nagaland,Co 86032,1100.0,Alluvial Soil,6.57,59.8,1400.0,31.4,65.7,Harvest,30.09,43.49
Nagaland,Co 86032,1120.0,Alluvial Soil,7.27,52.1,1400.0,31.4,70.9,Planting,43.49,43.57
Nagaland,Co 86032,1140.0,Alluvial Soil,7.01,53.1,1400.0,31.4,65.8,Germination,43.57,43.54
Nagaland,Co 86032,1140.0,Alluvial Soil,6.44,51.1,1400.0,31.4,68.4,Tillering,43.54,43.54
Nagaland,Co 86032,180.0,Alluvial Soil,7.02,52.4,1400.0,31.4,60.0,Maturity,45.21,43.06
Nagaland,Co 86032,230.0,Alluvial Soil,6.86,64.0,1400.0,31.4,69.5,Harvest,43.06,30.0
Nagaland,Co 86032,160.0,Sandy Loam,7.06,48.8,1400.0,31.4,68.1,Planting,30.0,43.5
Nagaland,Co 86032,160.0,Red Loam,6.47,56.1,1400.0,31.4,72.9,Germination,43.5,43.5
Nagaland,Co 86032,160.0,Alluvial Soil,7.02,48.8,1400.0,31.4,66.4,Tillering,43.5,43.62
Nagaland,Co 86032,160.0,Alluvial Soil,7.1,47.6,1400.0,31.4,72.6,Grand Growth,43.62,43.5
Nagaland,Co 86032,450.0,Alluvial Soil,7.25,58.5,1400.0,31.4,73.1,Grand Growth,46.02,50.0
Nagaland,Co 86032,80.0,Alluvial Soil,6.86,54.5,1400.0,31.4,67.2,Maturity,50.0,23.25
Nagaland,Co 86032,170.0,Alluvial Soil,6.72,56.8,1400.0,31.4,70.5,Harvest,23.25,25.76
Nagaland,Co 86032,200.0,Alluvial Soil,7.15,51.1,1400.0,31.4,70.4,Planting,25.76,51.05
Nagaland,Co 86032,170.0,Sandy Loam,6.56,63.2,1400.0,31.4,71.6,Germination,51.05,14.12
Nagaland,Co 86032,340.0,Alluvial Soil,7.35,65.4,1400.0,31.4,70.7,Tillering,45.0,31.18
Nagaland,Co 86032,360.0,Alluvial Soil,7.07,57.3,1400.0,31.4,75.4,Grand Growth,31.18,51.0
Nagaland,Co 86032,290.0,Alluvial Soil,7.14,48.7,1400.0,31.4,68.0,Maturity,51.0,55.1
Nagaland,Co 86032,200.0,Black Soil,7.23,71.5,1400.0,31.4,59.8,Harvest,55.1,43.1
Nagaland,Co 86032,280.0,Red Loam,6.68,57.9,1400.0,31.4,72.7,Planting,43.1,30.0
Nagaland,Co 86032,210.0,Alluvial Soil,7.64,54.0,1400.0,31.4,60.1,Germination,30.0,43.57
Nagaland,Co 86032,210.0,Red Loam,6.84,66.4,1400.0,31.4,68.4,Tillering,43.57,43.57
Nagaland,Co 86032,210.0,Alluvial Soil,7.15,62.0,1400.0,31.4,75.4,Grand Growth,43.57,43.62
Nagaland,Co 86032,210.0,Alluvial Soil,7.3,58.0,1400.0,31.4,62.3,Maturity,43.62,43.52
Nagaland,Co 86032,140.0,Alluvial Soil,7.09,57.5,1400.0,31.4,67.1,Planting,45.0,43.5
Nagaland,Co 86032,200.0,Alluvial Soil,7.2,61.3,1400.0,31.4,65.5,Germination,43.5,30.0
Nagaland,Co 86032,120.0,Alluvial Soil,6.9,57.0,1400.0,31.4,76.7,Tillering,30.0,43.67
Nagaland,Co 86032,120.0,Alluvial Soil,6.95,67.7,1400.0,31.4,58.1,Grand Growth,43.67,43.5
Nagaland,Co 86032,120.0,Alluvial Soil,6.79,62.6,1400.0,31.4,71.4,Maturity,43.5,43.5
Nagaland,Co 86032,120.0,Alluvial Soil,6.89,54.9,1400.0,31.4,60.0,Harvest,43.5,43.5
Nagaland,Co 86032,70.0,Alluvial Soil,7.14,64.4,1400.0,31.4,70.5,Harvest,45.0,33.14
Nagaland,Co 86032,120.0,Alluvial Soil,6.79,53.1,1400.0,31.4,65.2,Planting,33.14,34.17
Nagaland,Co 86032,170.0,Red Loam,6.65,64.2,1400.0,31.4,59.9,Germination,34.17,71.18
Nagaland,Co 86032,200.0,Alluvial Soil,7.24,57.2,1400.0,31.4,71.9,Tillering,71.18,42.6
Nagaland,Co 86032,210.0,Alluvial Soil,7.35,54.3,1400.0,31.4,64.3,Grand Growth,42.6,15.95
Nagaland,Co 86032,270.0,Alluvial Soil,7.53,63.7,1400.0,31.4,72.7,Maturity,45.0,12.52
Nagaland,Co 86032,290.0,Alluvial Soil,7.25,58.4,1400.0,31.4,67.0,Harvest,45.0,16.72
Nagaland,Co 86032,260.0,Alluvial Soil,7.04,58.7,1400.0,31.4,65.4,Planting,49.96,55.08
Nagaland,Co 86032,320.0,Alluvial Soil,7.06,60.5,1400.0,31.4,75.9,Germination,55.08,42.91
Nagaland,Co 86032,410.0,Alluvial Soil,6.96,65.0,1400.0,31.4,68.3,Tillering,42.91,30.02
Nagaland,Co 86032,320.0,Alluvial Soil,7.25,63.0,1400.0,31.4,67.9,Grand Growth,30.02,43.5
Nagaland,Co 86032,330.0,Alluvial Soil,7.22,62.2,1400.0,31.4,73.8,Maturity,43.5,43.12
Nagaland,Co 86032,330.0,Alluvial Soil,6.49,65.1,1400.0,31.4,68.6,Harvest,43.12,43.12
Nagaland,Co 86032,340.0,Alluvial Soil,6.76,60.7,1400.0,31.4,61.2,Planting,43.12,43.5
Nagaland,Co 86032,70.0,Alluvial Soil,7.4,48.3,1400.0,31.4,70.1,Tillering,45.0,34.71
Nagaland,Co 86032,110.0,Alluvial Soil,7.23,60.1,1400.0,31.4,79.1,Grand Growth,34.71,38.64
Nagaland,Co 86032,150.0,Alluvial Soil,7.08,68.3,1400.0,31.4,66.7,Maturity,38.64,94.4
Nagaland,Co 86032,230.0,Alluvial Soil,6.99,63.2,1400.0,31.4,66.8,Harvest,94.4,29.43
Nagaland,Co 86032,530.0,Alluvial Soil,7.31,55.7,1400.0,31.4,64.0,Planting,29.43,42.94
Nagaland,Co 86032,600.0,Alluvial Soil,6.91,48.9,1400.0,31.4,68.1,Germination,42.94,30.02
Nagaland,Co 86032,510.0,Alluvial Soil,7.35,50.0,1400.0,31.4,62.8,Tillering,30.02,43.59
Nagaland,Co 86032,510.0,Alluvial Soil,6.67,57.4,1400.0,31.4,72.3,Grand Growth,43.59,43.59
Nagaland,Co 86032,510.0,Alluvial Soil,7.26,51.0,1400.0,31.4,73.0,Maturity,43.59,43.63
Nagaland,Co 86032,510.0,Alluvial Soil,7.58,52.7,1400.0,31.4,67.2,Harvest,43.63,43.55
Nagaland,Co 86032,500.0,Clay Loam,6.99,74.0,1400.0,31.4,69.5,Grand Growth,45.0,43.0
Nagaland,Co 86032,570.0,Alluvial Soil,7.26,53.7,1400.0,31.4,68.5,Maturity,43.0,30.04
Nagaland,Co 86032,490.0,Black Soil,7.22,65.6,1400.0,31.4,67.4,Harvest,30.04,43.45
Nagaland,Co 86032,500.0,Alluvial Soil,6.76,59.9,1400.0,31.4,67.4,Planting,43.45,43.5
Nagaland,Co 86032,500.0,Alluvial Soil,7.7,57.9,1400.0,31.4,64.6,Germination,43.5,43.5
Nagaland,Co 86032,510.0,Alluvial Soil,6.88,60.4,1400.0,31.4,62.2,Tillering,43.5,43.41
Nagaland,Co 86032,130.0,Alluvial Soil,7.51,55.5,1400.0,31.4,64.4,Tillering,45.0,6.15
Nagaland,Co 86032,210.0,Alluvial Soil,7.12,40.1,1400.0,31.4,73.6,Grand Growth,56.58,55.0
Nagaland,Co 86032,280.0,Alluvial Soil,7.37,57.8,1400.0,31.4,67.8,Maturity,55.0,42.82
Nagaland,Co 86032,350.0,Sandy Loam,6.53,54.3,1400.0,31.4,70.3,Harvest,42.82,30.03
Nagaland,Co 86032,250.0,Alluvial Soil,7.37,55.4,1400.0,31.4,70.7,Planting,30.03,43.56
Nagaland,Co 86032,250.0,Alluvial Soil,7.6,54.7,1400.0,31.4,72.6,Germination,43.56,43.56
Nagaland,Co 86032,250.0,Red Loam,6.51,47.7,1400.0,31.4,59.5,Tillering,43.56,43.56
Nagaland,Co 86032,250.0,Alluvial Soil,7.2,62.4,1400.0,31.4,65.2,Grand Growth,43.56,43.56
Nagaland,Co 86032,350.0,Alluvial Soil,7.34,60.9,1400.0,31.4,66.5,Harvest,45.0,42.89
Nagaland,Co 86032,390.0,Alluvial Soil,7.22,57.2,1400.0,31.4,71.7,Planting,42.89,30.03
Nagaland,Co 86032,350.0,Alluvial Soil,7.07,66.2,1400.0,31.4,59.7,Germination,30.03,43.46
Nagaland,Co 86032,350.0,Sandy Loam,6.36,65.4,1400.0,31.4,67.9,Tillering,43.46,43.46
Nagaland,Co 86032,350.0,Alluvial Soil,7.52,53.5,1400.0,31.4,71.4,Grand Growth,43.46,43.51
Nagaland,Co 86032,370.0,Alluvial Soil,7.1,56.2,1400.0,31.4,68.7,Maturity,43.51,43.57
Nagaland,Co 86032,100.0,Alluvial Soil,7.16,48.9,1400.0,31.4,74.9,Maturity,49.17,50.0
Nagaland,Co 86032,140.0,Alluvial Soil,6.58,54.3,1400.0,31.4,72.9,Harvest,50.0,31.14
Nagaland,Co 86032,190.0,Alluvial Soil,6.85,55.8,1400.0,31.4,82.9,Planting,31.14,28.95
Nagaland,Co 86032,240.0,Alluvial Soil,6.59,60.1,1400.0,31.4,65.2,Germination,28.95,43.5
Nagaland,Co 86032,380.0,Alluvial Soil,7.11,55.4,1400.0,31.4,58.5,Tillering,43.5,49.34
Nagaland,Co 86032,950.0,Alluvial Soil,7.84,51.2,1400.0,31.4,68.5,Grand Growth,49.34,6.75
Nagaland,Co 86032,1090.0,Alluvial Soil,6.72,58.3,1400.0,31.4,71.4,Maturity,45.0,23.21
Nagaland,Co 86032,1130.0,Alluvial Soil,6.71,62.1,1400.0,31.4,70.2,Harvest,23.21,42.0
Nagaland,Co 86032,1040.0,Alluvial Soil,6.82,55.6,1400.0,31.4,73.8,Planting,42.0,55.1
Nagaland,Co 86032,550.0,Alluvial Soil,6.92,68.5,1400.0,31.4,72.1,Germination,55.1,42.96
Nagaland,Co 86032,600.0,Alluvial Soil,7.16,61.3,1400.0,31.4,73.4,Tillering,42.96,30.02
Nagaland,Co 86032,520.0,Alluvial Soil,7.08,64.3,1400.0,31.4,66.5,Grand Growth,30.02,43.48
Nagaland,Co 86032,520.0,Alluvial Soil,7.11,63.7,1400.0,31.4,73.1,Maturity,43.48,43.56
Nagaland,Co 86032,520.0,Alluvial Soil,6.9,53.1,1400.0,31.4,74.9,Harvest,43.56,43.56
Nagaland,Co 86032,520.0,Alluvial Soil,6.96,56.6,1400.0,31.4,72.8,Planting,43.56,43.56
Nagaland,Co 86032,50.0,Alluvial Soil,7.28,58.4,1400.0,31.4,79.2,Grand Growth,47.87,50.0
Nagaland,Co 86032,110.0,Alluvial Soil,6.95,50.0,1400.0,31.4,67.7,Maturity,50.0,24.73
Nagaland,Co 86032,160.0,Clay Loam,6.95,74.3,1400.0,31.4,81.1,Harvest,24.73,31.75
Nagaland,Co 86032,200.0,Alluvial Soil,7.14,66.5,1400.0,31.4,59.5,Planting,31.75,51.8
Nagaland,Co 86032,350.0,Alluvial Soil,6.96,59.9,1400.0,31.4,60.8,Germination,51.8,44.11
Nagaland,Co 86032,470.0,Alluvial Soil,6.62,60.4,1400.0,31.4,69.8,Tillering,44.11,8.3
Nagaland,Co 86032,600.0,Alluvial Soil,6.94,48.6,1400.0,31.4,75.8,Grand Growth,45.0,19.17
Nagaland,Co 86032,650.0,Clay Loam,7.01,72.5,1400.0,31.4,77.1,Maturity,45.0,42.0
Nagaland,Co 86032,300.0,Alluvial Soil,7.22,65.5,1400.0,31.4,81.2,Harvest,42.0,55.1
Nagaland,Co 86032,250.0,Sandy Loam,6.79,54.0,1400.0,31.4,78.0,Planting,55.1,42.88
Nagaland,Co 86032,300.0,Alluvial Soil,7.21,55.8,1400.0,31.4,69.6,Germination,42.88,30.0
Nagaland,Co 86032,220.0,Alluvial Soil,7.14,60.0,1400.0,31.4,71.0,Tillering,30.0,43.55
Nagaland,Co 86032,220.0,Sandy Loam,6.92,51.1,1400.0,31.4,68.9,Grand Growth,43.55,43.55
Nagaland,Co 86032,220.0,Alluvial Soil,7.04,55.6,1400.0,31.4,73.1,Maturity,43.55,43.55
Nagaland,Co 86032,220.0,Alluvial Soil,7.0,55.0,1400.0,31.4,73.6,Harvest,43.55,43.55
Odisha,Co 86032,303.0,Red Loam,6.05,63.5,1400.0,31.4,70.6,Tillering,60.02,57.76
Odisha,Co 86032,326.0,Red Loam,6.49,61.0,1400.0,31.4,67.2,Grand Growth,57.76,54.03
Odisha,Co 86032,1200.0,Red Loam,6.65,57.6,1400.0,31.4,64.9,Maturity,54.03,61.63
Odisha,Co 86032,180.0,Red Loam,6.35,52.1,1400.0,31.4,76.7,Harvest,61.63,52.13
Odisha,Co 86032,173.0,Red Loam,6.32,64.2,1400.0,31.4,64.7,Planting,52.13,55.32
Odisha,Co 86032,223.0,Red Loam,6.54,71.4,1400.0,31.4,79.2,Germination,55.32,46.27
Odisha,Co 86032,321.0,Red Loam,6.52,58.0,1400.0,31.4,72.5,Tillering,46.27,53.5
Odisha,Co 86032,148.0,Red Loam,6.61,60.2,1400.0,31.4,70.4,Grand Growth,53.5,54.37
Odisha,Co 86032,180.0,Red Loam,6.18,59.0,1400.0,31.4,77.6,Maturity,54.37,53.59
Odisha,Co 86032,120.0,Red Loam,6.29,61.5,1400.0,31.4,64.8,Harvest,53.59,58.9
Odisha,Co 86032,180.0,Sandy Loam,6.91,60.8,1400.0,31.4,71.5,Planting,58.9,59.86
Odisha,Co 86032,112.0,Red Loam,6.57,55.8,1400.0,31.4,68.4,Germination,59.86,57.73
Odisha,Co 86032,57.0,Red Loam,6.17,53.6,1400.0,31.4,61.8,Tillering,57.73,52.78
Odisha,Co 86032,107.0,Red Loam,6.69,57.0,1400.0,31.4,69.5,Grand Growth,52.78,51.76
Odisha,Co 86032,61.0,Red Loam,6.48,57.1,1400.0,31.4,70.3,Maturity,51.76,50.26
Odisha,Co 86032,75.0,Red Loam,6.13,56.7,1400.0,31.4,60.5,Harvest,50.26,55.56
Odisha,Co 86032,42.0,Red Loam,6.48,58.3,1400.0,31.4,70.0,Planting,55.56,55.12
Odisha,Co 86032,43.0,Red Loam,6.0,62.7,1400.0,31.4,73.5,Germination,55.12,48.84
Odisha,Co 86032,10.0,Red Loam,6.57,60.4,1400.0,31.4,69.0,Tillering,48.84,57.02
Odisha,Co 86032,2174.0,Red Loam,7.07,43.1,1400.0,31.4,68.0,Tillering,65.43,64.14
Odisha,Co 86032,2899.0,Red Loam,6.47,52.1,1400.0,31.4,73.0,Grand Growth,64.14,62.04
Odisha,Co 86032,2900.0,Red Loam,6.11,61.6,1400.0,31.4,75.9,Maturity,62.04,73.67
Odisha,Co 86032,1306.0,Red Loam,6.16,60.5,1400.0,31.4,61.1,Harvest,73.67,59.3
Odisha,Co 86032,732.0,Red Loam,6.17,51.6,1400.0,31.4,63.4,Planting,59.3,57.92
Odisha,Co 86032,327.0,Red Loam,6.71,59.9,1400.0,31.4,71.7,Germination,57.92,56.57
Odisha,Co 86032,347.0,Red Loam,6.92,60.9,1400.0,31.4,72.4,Tillering,56.57,61.63
Odisha,Co 86032,958.0,Red Loam,6.78,56.1,1400.0,31.4,73.7,Grand Growth,61.63,70.79
Odisha,Co 86032,938.0,Red Loam,6.27,45.4,1400.0,31.4,74.2,Maturity,70.79,63.34
Odisha,Co 86032,934.0,Sandy Loam,6.36,58.3,1400.0,31.4,73.6,Harvest,63.34,64.29
Odisha,Co 86032,869.0,Red Loam,6.68,53.7,1400.0,31.4,69.9,Planting,64.29,66.77
Odisha,Co 86032,605.0,Red Loam,6.14,67.1,1400.0,31.4,64.8,Germination,66.77,65.54
Odisha,Co 86032,544.0,Red Loam,6.73,58.5,1400.0,31.4,63.1,Tillering,65.54,72.21
Odisha,Co 86032,490.0,Red Loam,5.98,44.9,1400.0,31.4,74.2,Grand Growth,72.21,70.1
Odisha,Co 86032,663.0,Red Loam,6.2,56.8,1400.0,31.4,72.0,Maturity,70.1,71.74
Odisha,Co 86032,648.0,Red Loam,6.19,74.7,1400.0,31.4,73.6,Harvest,71.74,80.06
Odisha,Co 86032,465.0,Red Loam,6.67,55.6,1400.0,31.4,60.4,Planting,80.06,84.88
Odisha,Co 86032,291.0,Red Loam,6.74,52.5,1400.0,31.4,64.4,Germination,84.88,60.24
Odisha,Co 86032,323.0,Red Loam,6.83,65.1,1400.0,31.4,71.8,Tillering,60.24,70.31
Odisha,Co 86032,147.0,Red Loam,6.76,53.2,1400.0,31.4,66.4,Tillering,45.0,37.51
Odisha,Co 86032,187.0,Red Loam,6.11,56.5,1400.0,31.4,74.0,Grand Growth,37.51,34.8
Odisha,Co 86032,420.0,Red Loam,6.26,62.8,1400.0,31.4,71.7,Maturity,34.8,48.0
Odisha,Co 86032,200.0,Red Loam,6.6,60.4,1400.0,31.4,73.4,Harvest,48.0,46.92
Odisha,Co 86032,157.0,Red Loam,6.66,49.3,1400.0,31.4,70.4,Planting,46.92,42.07
Odisha,Co 86032,253.0,Red Loam,6.61,55.3,1400.0,31.4,66.9,Germination,42.07,35.32
Odisha,Co 86032,118.0,Red Loam,6.1,67.5,1400.0,31.4,56.2,Tillering,35.32,53.63
Odisha,Co 86032,102.0,Red Loam,6.69,56.5,1400.0,31.4,66.6,Grand Growth,53.63,48.76
Odisha,Co 86032,293.0,Red Loam,5.5,61.3,1400.0,31.4,65.7,Maturity,48.76,49.09
Odisha,Co 86032,305.0,Red Loam,6.83,61.1,1400.0,31.4,68.7,Harvest,49.09,52.43
Odisha,Co 86032,100.0,Red Loam,6.88,51.7,1400.0,31.4,67.4,Planting,52.43,34.98
Odisha,Co 86032,117.0,Red Loam,6.15,52.8,1400.0,31.4,66.0,Germination,34.98,37.91
Odisha,Co 86032,52.0,Red Loam,6.75,62.8,1400.0,31.4,70.9,Tillering,37.91,51.56
Odisha,Co 86032,94.0,Red Loam,6.68,60.6,1400.0,31.4,59.7,Grand Growth,51.56,47.57
Odisha,Co 86032,9.0,Red Loam,7.21,64.4,1400.0,31.4,67.2,Maturity,47.57,53.87
Odisha,Co 86032,63.0,Red Loam,6.34,48.9,1400.0,31.4,74.1,Harvest,53.87,56.84
Odisha,Co 86032,71.0,Red Loam,6.34,61.4,1400.0,31.4,74.0,Planting,56.84,47.44
Odisha,Co 86032,187.0,Red Loam,6.7,56.1,1400.0,31.4,72.4,Germination,47.44,34.4
Odisha,Co 86032,508.0,Red Loam,7.11,56.3,1400.0,31.4,72.6,Tillering,34.4,53.47
Odisha,Co 86032,1149.0,Sandy Loam,6.6,66.4,1400.0,31.4,59.3,Germination,66.79,65.66
Odisha,Co 86032,1340.0,Red Loam,6.78,53.5,1400.0,31.4,71.5,Tillering,65.66,67.57
Odisha,Co 86032,860.0,Red Loam,6.13,59.3,1400.0,31.4,68.8,Grand Growth,67.57,70.7
Odisha,Co 86032,1035.0,Red Loam,6.16,70.3,1400.0,31.4,78.4,Maturity,70.7,66.62
Odisha,Co 86032,1169.0,Red Loam,6.57,63.2,1400.0,31.4,74.7,Harvest,66.62,70.87
Odisha,Co 86032,1794.0,Red Loam,7.16,56.5,1400.0,31.4,64.8,Planting,70.87,61.12
Odisha,Co 86032,1319.0,Red Loam,6.34,47.4,1400.0,31.4,76.7,Germination,61.12,74.66
Odisha,Co 86032,1318.0,Red Loam,6.75,62.4,1400.0,31.4,68.6,Tillering,74.66,72.89
Odisha,Co 86032,500.0,Red Loam,6.55,62.8,1400.0,31.4,63.2,Grand Growth,72.89,67.66
Odisha,Co 86032,934.0,Red Loam,6.86,51.0,1400.0,31.4,77.4,Maturity,67.66,68.73
Odisha,Co 86032,742.0,Red Loam,6.82,56.6,1400.0,31.4,67.6,Harvest,68.73,64.13
Odisha,Co 86032,415.0,Red Loam,7.05,51.5,1400.0,31.4,67.5,Planting,64.13,66.51
Odisha,Co 86032,196.0,Red Loam,6.25,47.3,1400.0,31.4,73.4,Germination,66.51,69.59
Odisha,Co 86032,494.0,Red Loam,6.1,58.7,1400.0,31.4,61.8,Tillering,69.59,69.61
Odisha,Co 86032,854.0,Red Loam,6.47,62.3,1400.0,31.4,72.2,Grand Growth,69.61,74.8
Odisha,Co 86032,763.0,Red Loam,6.2,47.3,1400.0,31.4,77.7,Maturity,74.8,81.85
Odisha,Co 86032,708.0,Red Loam,6.63,53.8,1400.0,31.4,71.6,Harvest,81.85,78.63
Odisha,Co 86032,431.0,Red Loam,6.39,66.0,1400.0,31.4,63.1,Planting,78.63,84.17
Odisha,Co 86032,282.0,Red Loam,6.34,51.7,1400.0,31.4,70.0,Germination,84.17,78.83
Odisha,Co 86032,246.0,Red Loam,6.33,63.9,1400.0,31.4,71.3,Germination,70.21,73.34
Odisha,Co 86032,244.0,Red Loam,6.53,61.8,1400.0,31.4,67.2,Tillering,73.34,76.84
Odisha,Co 86032,500.0,Red Loam,6.41,58.6,1400.0,31.4,68.5,Grand Growth,76.84,75.0
Odisha,Co 86032,310.0,Red Loam,6.3,61.5,1400.0,31.4,69.4,Maturity,75.0,57.77
Odisha,Co 86032,143.0,Red Loam,7.13,50.6,1400.0,31.4,66.2,Harvest,57.77,58.91
Odisha,Co 86032,252.0,Clay Loam,6.86,64.2,1400.0,31.4,69.6,Planting,58.91,78.51
Odisha,Co 86032,256.0,Red Loam,6.8,64.1,1400.0,31.4,66.1,Germination,78.51,61.44
Odisha,Co 86032,299.0,Red Loam,6.97,61.3,1400.0,31.4,60.6,Tillering,61.44,59.32
Odisha,Co 86032,315.0,Red Loam,6.4,63.6,1400.0,31.4,75.9,Grand Growth,59.32,66.82
Odisha,Co 86032,196.0,Red Loam,5.93,53.9,1400.0,31.4,66.6,Maturity,66.82,61.08
Odisha,Co 86032,367.0,Red Loam,5.94,48.1,1400.0,31.4,68.9,Harvest,61.08,57.98
Odisha,Co 86032,144.0,Red Loam,6.22,63.9,1400.0,31.4,75.1,Planting,57.98,61.72
Odisha,Co 86032,147.0,Red Loam,6.38,66.0,1400.0,31.4,72.0,Germination,61.72,52.31
Odisha,Co 86032,228.0,Red Loam,6.26,50.3,1400.0,31.4,71.8,Tillering,52.31,71.94
Odisha,Co 86032,138.0,Red Loam,6.54,47.3,1400.0,31.4,66.6,Grand Growth,71.94,48.36
Odisha,Co 86032,14.0,Red Loam,6.05,55.8,1400.0,31.4,60.4,Maturity,48.36,58.8
Odisha,Co 86032,116.0,Black Soil,7.51,66.1,1400.0,31.4,77.1,Harvest,58.8,56.69
Odisha,Co 86032,117.0,Alluvial Soil,7.01,57.6,1400.0,31.4,58.2,Planting,56.69,48.0
Odisha,Co 86032,101.0,Red Loam,7.14,48.4,1400.0,31.4,65.3,Germination,48.0,64.91
Odisha,Co 86032,259.0,Red Loam,6.7,55.2,1400.0,31.4,70.9,Germination,47.08,44.54
Odisha,Co 86032,405.0,Red Loam,6.71,57.4,1400.0,31.4,69.3,Tillering,44.54,47.08
Odisha,Co 86032,270.0,Red Loam,6.58,66.9,1400.0,31.4,61.3,Grand Growth,47.08,63.0
Odisha,Co 86032,63.0,Alluvial Soil,7.2,61.5,1400.0,31.4,65.4,Maturity,63.0,45.19
Odisha,Co 86032,76.0,Red Loam,6.59,55.4,1400.0,31.4,66.3,Harvest,45.19,43.65
Odisha,Co 86032,37.0,Red Loam,6.52,58.6,1400.0,31.4,69.7,Planting,43.65,43.57
Odisha,Co 86032,28.0,Sandy Loam,7.51,57.9,1400.0,31.4,67.1,Germination,43.57,47.01
Odisha,Co 86032,25.0,Red Loam,6.6,52.1,1400.0,31.4,68.7,Tillering,47.01,44.51
Odisha,Co 86032,11.0,Red Loam,6.74,59.9,1400.0,31.4,68.9,Grand Growth,44.51,50.92
Odisha,Co 86032,33.0,Red Loam,6.83,60.5,1400.0,31.4,65.3,Maturity,50.92,50.78
Odisha,Co 86032,23.0,Red Loam,6.28,51.4,1400.0,31.4,69.1,Harvest,50.78,53.65
Odisha,Co 86032,13.0,Red Loam,6.38,68.4,1400.0,31.4,68.9,Planting,53.65,53.55
Odisha,Co 86032,11.0,Red Loam,6.7,55.8,1400.0,31.4,65.1,Germination,53.55,56.8
Odisha,Co 86032,9.0,Red Loam,6.64,36.7,1400.0,31.4,68.5,Tillering,56.8,81.84
Odisha,Co 86032,15.0,Red Loam,6.62,44.3,1400.0,31.4,70.1,Grand Growth,81.84,53.89
Odisha,Co 86032,26.0,Red Loam,6.45,52.2,1400.0,31.4,74.0,Maturity,53.89,61.93
Odisha,Co 86032,10.0,Red Loam,6.33,54.4,1400.0,31.4,69.1,Harvest,61.93,57.87
Odisha,Co 86032,3.0,Red Loam,6.93,75.7,1400.0,31.4,65.4,Planting,57.87,58.13
Odisha,Co 86032,4.0,Red Loam,6.75,56.5,1400.0,31.4,67.7,Germination,58.13,57.2
Odisha,Co 86032,3825.0,Red Loam,6.64,61.1,1400.0,31.4,59.8,Harvest,61.81,63.04
Odisha,Co 86032,3864.0,Red Loam,6.01,58.7,1400.0,31.4,70.0,Planting,63.04,69.53
Odisha,Co 86032,3640.0,Red Loam,5.5,60.1,1400.0,31.4,71.2,Germination,69.53,31.1
Odisha,Co 86032,1580.0,Red Loam,6.66,59.6,1400.0,31.4,67.1,Tillering,31.1,50.81
Odisha,Co 86032,1151.0,Red Loam,6.21,55.5,1400.0,31.4,64.1,Grand Growth,50.81,51.93
Odisha,Co 86032,1987.0,Sandy Loam,7.24,52.3,1400.0,31.4,66.9,Maturity,51.93,47.36
Odisha,Co 86032,1745.0,Red Loam,7.15,63.0,1400.0,31.4,64.8,Harvest,47.36,45.28
Odisha,Co 86032,1733.0,Red Loam,6.38,60.2,1400.0,31.4,69.3,Planting,45.28,55.02
Odisha,Co 86032,1308.0,Red Loam,6.71,70.9,1400.0,31.4,64.5,Germination,55.02,46.02
Odisha,Co 86032,2365.0,Red Loam,6.78,65.4,1400.0,31.4,70.1,Tillering,46.02,55.4
Odisha,Co 86032,2483.0,Red Loam,7.3,55.4,1400.0,31.4,73.1,Grand Growth,55.4,55.82
Odisha,Co 86032,1603.0,Red Loam,6.11,55.5,1400.0,31.4,65.8,Maturity,55.82,48.07
Odisha,Co 86032,1594.0,Red Loam,6.36,56.1,1400.0,31.4,64.0,Harvest,48.07,51.19
Odisha,Co 86032,1426.0,Red Loam,6.57,53.0,1400.0,31.4,74.4,Planting,51.19,57.62
Odisha,Co 86032,1895.0,Red Loam,6.3,57.1,1400.0,31.4,66.3,Germination,57.62,61.58
Odisha,Co 86032,1957.0,Red Loam,6.54,53.8,1400.0,31.4,65.5,Tillering,61.58,61.91
Odisha,Co 86032,2851.0,Red Loam,6.49,48.3,1400.0,31.4,76.5,Grand Growth,61.91,61.66
Odisha,Co 86032,956.0,Red Loam,6.9,50.5,1400.0,31.4,65.0,Maturity,61.66,71.87
Odisha,Co 86032,861.0,Red Loam,6.62,64.0,1400.0,31.4,64.1,Harvest,71.87,71.06
Odisha,Co 86032,197.0,Red Loam,5.94,62.6,1400.0,31.4,70.0,Harvest,55.98,52.39
Odisha,Co 86032,136.0,Red Loam,6.62,50.0,1400.0,31.4,73.1,Planting,52.39,57.35
Odisha,Co 86032,100.0,Red Loam,6.33,64.3,1400.0,31.4,61.0,Germination,57.35,61.7
Odisha,Co 86032,67.0,Red Loam,6.33,47.5,1400.0,31.4,74.4,Tillering,61.7,53.47
Odisha,Co 86032,46.0,Red Loam,6.09,58.6,1400.0,31.4,68.4,Grand Growth,53.47,46.88
Odisha,Co 86032,60.0,Red Loam,6.39,49.8,1400.0,31.4,75.3,Maturity,46.88,46.53
Odisha,Co 86032,60.0,Red Loam,7.02,59.3,1400.0,31.4,67.3,Harvest,46.53,45.51
Odisha,Co 86032,46.0,Red Loam,6.33,57.0,1400.0,31.4,72.0,Planting,45.51,50.5
Odisha,Co 86032,33.0,Red Loam,6.89,64.6,1400.0,31.4,63.1,Germination,50.5,50.73
Odisha,Co 86032,47.0,Red Loam,6.19,60.4,1400.0,31.4,74.8,Tillering,50.73,50.16
Odisha,Co 86032,42.0,Red Loam,6.31,55.1,1400.0,31.4,86.3,Grand Growth,50.16,49.29
Odisha,Co 86032,43.0,Red Loam,5.57,62.6,1400.0,31.4,70.8,Maturity,49.29,48.47
Odisha,Co 86032,15.0,Red Loam,6.58,61.8,1400.0,31.4,67.6,Harvest,48.47,50.91
Odisha,Co 86032,29.0,Red Loam,6.39,52.4,1400.0,31.4,74.6,Planting,50.91,53.39
Odisha,Co 86032,21.0,Red Loam,6.66,59.2,1400.0,31.4,60.8,Germination,53.39,52.32
Odisha,Co 86032,12.0,Red Loam,6.73,61.3,1400.0,31.4,80.0,Tillering,52.32,46.32
Odisha,Co 86032,5.0,Red Loam,6.22,46.4,1400.0,31.4,68.2,Grand Growth,46.32,55.54
Odisha,Co 86032,11.0,Red Loam,6.27,55.1,1400.0,31.4,68.5,Maturity,55.54,49.32
Odisha,Co 86032,16.0,Red Loam,7.05,54.2,1400.0,31.4,73.8,Harvest,49.32,48.09
Odisha,Co 86032,467.0,Red Loam,7.05,55.1,1400.0,31.4,69.7,Harvest,54.99,51.15
Odisha,Co 86032,721.0,Red Loam,6.52,47.1,1400.0,31.4,68.8,Planting,51.15,71.5
Odisha,Co 86032,1500.0,Red Loam,6.31,65.5,1400.0,31.4,76.2,Germination,71.5,51.44
Odisha,Co 86032,554.0,Red Loam,5.65,54.3,1400.0,31.4,66.2,Tillering,51.44,52.66
Odisha,Co 86032,402.0,Red Loam,6.62,59.6,1400.0,31.4,75.9,Grand Growth,52.66,62.99
Odisha,Co 86032,427.0,Red Loam,6.5,60.6,1400.0,31.4,65.2,Maturity,62.99,58.89
Odisha,Co 86032,409.0,Red Loam,6.65,66.2,1400.0,31.4,58.7,Harvest,58.89,63.47
Odisha,Co 86032,656.0,Red Loam,7.04,58.2,1400.0,31.4,66.6,Planting,63.47,57.87
Odisha,Co 86032,787.0,Red Loam,6.06,52.5,1400.0,31.4,74.3,Germination,57.87,58.5
Odisha,Co 86032,1220.0,Red Loam,6.37,58.3,1400.0,31.4,77.7,Tillering,58.5,61.66
Odisha,Co 86032,779.0,Red Loam,6.42,54.4,1400.0,31.4,73.4,Grand Growth,61.66,65.22
Odisha,Co 86032,305.0,Red Loam,6.2,59.1,1400.0,31.4,64.8,Maturity,65.22,63.55
Odisha,Co 86032,151.0,Red Loam,6.5,60.4,1400.0,31.4,76.9,Harvest,63.55,78.31
Odisha,Co 86032,405.0,Red Loam,6.07,50.0,1400.0,31.4,71.7,Planting,78.31,64.35
Odisha,Co 86032,317.0,Red Loam,6.51,55.7,1400.0,31.4,68.2,Germination,64.35,69.74
Odisha,Co 86032,176.0,Red Loam,5.9,57.0,1400.0,31.4,63.9,Tillering,69.74,75.09
Odisha,Co 86032,222.0,Red Loam,6.47,54.1,1400.0,31.4,69.6,Grand Growth,75.09,77.26
Odisha,Co 86032,241.0,Red Loam,6.83,54.7,1400.0,31.4,71.3,Maturity,77.26,69.6
Odisha,Co 86032,518.0,Red Loam,6.51,62.2,1400.0,31.4,69.2,Harvest,69.6,63.41
Odisha,Co 86032,66.0,Red Loam,6.32,63.0,1400.0,31.4,68.0,Harvest,63.46,60.64
Odisha,Co 86032,345.0,Red Loam,6.11,68.4,1400.0,31.4,68.8,Planting,60.64,69.66
Odisha,Co 86032,240.0,Red Loam,6.02,59.9,1400.0,31.4,61.5,Germination,69.66,81.0
Odisha,Co 86032,108.0,Red Loam,6.42,49.0,1400.0,31.4,73.3,Tillering,81.0,60.11
Odisha,Co 86032,247.0,Red Loam,6.74,57.6,1400.0,31.4,66.5,Grand Growth,60.11,65.82
Odisha,Co 86032,297.0,Red Loam,6.11,61.7,1400.0,31.4,76.6,Maturity,65.82,56.4
Odisha,Co 86032,296.0,Red Loam,6.44,57.7,1400.0,31.4,73.2,Harvest,56.4,54.87
Odisha,Co 86032,268.0,Red Loam,6.22,60.1,1400.0,31.4,68.1,Planting,54.87,46.9
Odisha,Co 86032,204.0,Red Loam,6.17,62.7,1400.0,31.4,70.4,Germination,46.9,60.89
Odisha,Co 86032,219.0,Red Loam,6.68,61.0,1400.0,31.4,62.1,Tillering,60.89,57.16
Odisha,Co 86032,197.0,Red Loam,6.65,54.9,1400.0,31.4,78.3,Grand Growth,57.16,56.27
Odisha,Co 86032,141.0,Red Loam,6.6,57.5,1400.0,31.4,67.2,Maturity,56.27,53.2
Odisha,Co 86032,72.0,Red Loam,6.69,73.1,1400.0,31.4,60.9,Harvest,53.2,54.8
Odisha,Co 86032,152.0,Red Loam,6.49,57.6,1400.0,31.4,72.6,Planting,54.8,63.85
Odisha,Co 86032,82.0,Red Loam,6.45,67.0,1400.0,31.4,72.5,Germination,63.85,74.91
Odisha,Co 86032,55.0,Red Loam,7.02,54.9,1400.0,31.4,64.6,Tillering,74.91,56.96
Odisha,Co 86032,65.0,Alluvial Soil,6.66,62.2,1400.0,31.4,69.4,Grand Growth,56.96,66.8
Odisha,Co 86032,47.0,Red Loam,5.97,51.5,1400.0,31.4,74.0,Maturity,66.8,53.07
Odisha,Co 86032,122.0,Red Loam,6.06,59.6,1400.0,31.4,67.6,Harvest,53.07,56.2
Odisha,Co 86032,1384.0,Red Loam,6.29,60.1,1400.0,31.4,76.3,Maturity,97.33,96.12
Odisha,Co 86032,2465.0,Red Loam,6.71,54.3,1400.0,31.4,67.9,Harvest,96.12,94.01
Odisha,Co 86032,3510.0,Red Loam,6.68,61.7,1400.0,31.4,63.3,Planting,94.01,54.17
Odisha,Co 86032,2464.0,Red Loam,6.35,53.5,1400.0,31.4,74.5,Germination,54.17,67.36
Odisha,Co 86032,1506.0,Red Loam,6.34,57.2,1400.0,31.4,78.3,Tillering,67.36,77.35
Odisha,Co 86032,1339.0,Red Loam,6.5,60.8,1400.0,31.4,58.4,Grand Growth,77.35,63.49
Odisha,Co 86032,1858.0,Red Loam,6.72,48.0,1400.0,31.4,60.0,Maturity,63.49,73.35
Odisha,Co 86032,2580.0,Alluvial Soil,6.92,52.7,1400.0,31.4,76.4,Harvest,73.35,77.3
Odisha,Co 86032,1924.0,Red Loam,6.64,55.6,1400.0,31.4,70.2,Planting,77.3,78.53
Odisha,Co 86032,1618.0,Red Loam,6.48,60.4,1400.0,31.4,70.9,Germination,78.53,82.04
Odisha,Co 86032,1967.0,Red Loam,6.42,63.0,1400.0,31.4,70.2,Tillering,82.04,78.99
Odisha,Co 86032,1738.0,Red Loam,6.25,60.6,1400.0,31.4,69.2,Grand Growth,78.99,72.31
Odisha,Co 86032,513.0,Red Loam,6.74,48.7,1400.0,31.4,69.4,Maturity,72.31,69.74
Odisha,Co 86032,1696.0,Red Loam,6.32,64.1,1400.0,31.4,69.3,Harvest,69.74,68.35
Odisha,Co 86032,1733.0,Red Loam,6.12,66.3,1400.0,31.4,70.0,Planting,68.35,74.92
Odisha,Co 86032,1441.0,Red Loam,6.77,61.4,1400.0,31.4,68.6,Germination,74.92,70.96
Odisha,Co 86032,1704.0,Red Loam,6.45,52.9,1400.0,31.4,64.1,Tillering,70.96,28.68
Odisha,Co 86032,773.0,Red Loam,6.18,44.9,1400.0,31.4,73.4,Grand Growth,28.68,76.34
Odisha,Co 86032,1073.0,Red Loam,6.94,50.3,1400.0,31.4,71.8,Maturity,76.34,75.61
Odisha,Co 86032,380.0,Red Loam,5.95,55.3,1400.0,31.4,67.3,Maturity,47.24,47.71
Odisha,Co 86032,402.0,Red Loam,7.05,56.4,1400.0,31.4,73.0,Harvest,47.71,54.36
Odisha,Co 86032,230.0,Red Loam,6.27,59.1,1400.0,31.4,71.9,Planting,54.36,20.17
Odisha,Co 86032,219.0,Red Loam,6.42,55.2,1400.0,31.4,67.3,Germination,20.17,52.2
Odisha,Co 86032,55.0,Red Loam,6.26,59.1,1400.0,31.4,68.9,Tillering,52.2,54.6
Odisha,Co 86032,289.0,Red Loam,6.37,60.6,1400.0,31.4,67.4,Grand Growth,54.6,69.9
Odisha,Co 86032,712.0,Red Loam,6.25,57.8,1400.0,31.4,69.3,Maturity,69.9,72.67
Odisha,Co 86032,489.0,Red Loam,6.98,44.8,1400.0,31.4,64.1,Harvest,72.67,69.06
Odisha,Co 86032,433.0,Red Loam,6.38,59.5,1400.0,31.4,68.3,Planting,69.06,75.91
Odisha,Co 86032,363.0,Red Loam,6.26,54.0,1400.0,31.4,68.1,Germination,75.91,72.6
Odisha,Co 86032,403.0,Red Loam,6.32,54.3,1400.0,31.4,76.2,Tillering,72.6,88.98
Odisha,Co 86032,543.0,Red Loam,6.6,61.4,1400.0,31.4,62.6,Grand Growth,88.98,52.74
Odisha,Co 86032,120.0,Red Loam,6.97,62.6,1400.0,31.4,64.7,Maturity,52.74,53.83
Odisha,Co 86032,210.0,Red Loam,6.72,70.3,1400.0,31.4,66.9,Harvest,53.83,53.45
Odisha,Co 86032,598.0,Red Loam,6.39,60.1,1400.0,31.4,70.8,Planting,53.45,59.8
Odisha,Co 86032,322.0,Red Loam,6.62,61.3,1400.0,31.4,74.4,Germination,59.8,76.8
Odisha,Co 86032,266.0,Red Loam,6.57,47.3,1400.0,31.4,69.7,Tillering,76.8,69.29
Odisha,Co 86032,375.0,Red Loam,7.23,70.2,1400.0,31.4,65.2,Grand Growth,69.29,58.62
Odisha,Co 86032,196.0,Red Loam,6.17,51.5,1400.0,31.4,72.1,Maturity,58.62,62.27
Odisha,Co 86032,508.0,Red Loam,5.83,50.1,1400.0,31.4,66.4,Maturity,45.0,45.77
Odisha,Co 86032,462.0,Red Loam,6.02,61.5,1400.0,31.4,74.3,Harvest,45.77,56.13
Odisha,Co 86032,760.0,Red Loam,6.94,53.6,1400.0,31.4,73.9,Planting,56.13,38.0
Odisha,Co 86032,328.0,Red Loam,6.4,46.1,1400.0,31.4,73.1,Germination,38.0,34.0
Odisha,Co 86032,240.0,Red Loam,7.04,53.7,1400.0,31.4,71.4,Tillering,34.0,37.53
Odisha,Co 86032,421.0,Red Loam,6.52,57.6,1400.0,31.4,61.7,Grand Growth,37.53,42.34
Odisha,Co 86032,170.0,Red Loam,6.43,50.5,1400.0,31.4,71.7,Maturity,42.34,33.86
Odisha,Co 86032,239.0,Red Loam,6.49,48.6,1400.0,31.4,68.8,Harvest,33.86,47.35
Odisha,Co 86032,234.0,Red Loam,6.46,70.6,1400.0,31.4,69.0,Planting,47.35,55.45
Odisha,Co 86032,411.0,Red Loam,6.35,49.0,1400.0,31.4,61.3,Germination,55.45,56.65
Odisha,Co 86032,434.0,Red Loam,6.92,74.2,1400.0,31.4,60.1,Tillering,56.65,46.39
Odisha,Co 86032,117.0,Red Loam,7.12,59.2,1400.0,31.4,67.0,Grand Growth,46.39,43.6
Odisha,Co 86032,666.0,Red Loam,6.92,52.6,1400.0,31.4,76.1,Maturity,43.6,52.2
Odisha,Co 86032,111.0,Red Loam,6.49,42.7,1400.0,31.4,66.4,Harvest,52.2,53.78
Odisha,Co 86032,574.0,Red Loam,6.69,62.1,1400.0,31.4,67.8,Planting,53.78,42.69
Odisha,Co 86032,805.0,Red Loam,5.87,61.1,1400.0,31.4,72.4,Germination,42.69,44.5
Odisha,Co 86032,1052.0,Red Loam,6.91,69.2,1400.0,31.4,74.5,Tillering,44.5,43.83
Odisha,Co 86032,409.0,Red Loam,6.94,53.4,1400.0,31.4,70.5,Grand Growth,43.83,44.31
Odisha,Co 86032,831.0,Red Loam,6.89,62.3,1400.0,31.4,68.4,Maturity,44.31,39.41
Odisha,Co 86032,46.0,Red Loam,6.07,57.2,1400.0,31.4,70.3,Maturity,62.72,65.85
Odisha,Co 86032,102.0,Red Loam,6.88,55.2,1400.0,31.4,63.3,Harvest,65.85,100.24
Odisha,Co 86032,60.0,Red Loam,6.61,51.2,1400.0,31.4,63.5,Planting,100.24,65.0
Odisha,Co 86032,69.0,Sandy Loam,6.56,59.2,1400.0,31.4,72.5,Germination,65.0,61.48
Odisha,Co 86032,51.0,Black Soil,8.06,64.7,1400.0,31.4,61.1,Tillering,61.48,80.36
Odisha,Co 86032,53.0,Red Loam,6.97,54.4,1400.0,31.4,69.7,Grand Growth,80.36,70.44
Odisha,Co 86032,119.0,Red Loam,6.7,63.5,1400.0,31.4,67.9,Maturity,70.44,58.74
Odisha,Co 86032,79.0,Clay Loam,7.22,63.5,1400.0,31.4,71.2,Harvest,58.74,70.97
Odisha,Co 86032,40.0,Red Loam,6.5,65.9,1400.0,31.4,74.6,Planting,70.97,62.94
Odisha,Co 86032,47.0,Red Loam,6.33,60.4,1400.0,31.4,77.5,Germination,62.94,77.2
Odisha,Co 86032,53.0,Red Loam,6.83,58.8,1400.0,31.4,77.9,Tillering,77.2,63.25
Odisha,Co 86032,97.0,Red Loam,6.78,51.8,1400.0,31.4,72.1,Grand Growth,63.25,82.2
Odisha,Co 86032,34.0,Red Loam,7.03,65.9,1400.0,31.4,60.5,Maturity,82.2,78.89
Odisha,Co 86032,34.0,Red Loam,6.42,49.0,1400.0,31.4,66.5,Harvest,78.89,85.89
Odisha,Co 86032,36.0,Red Loam,6.42,54.3,1400.0,31.4,76.9,Planting,85.89,91.6
Odisha,Co 86032,26.0,Red Loam,6.74,45.1,1400.0,31.4,65.5,Germination,91.6,91.08
Odisha,Co 86032,21.0,Red Loam,6.66,47.0,1400.0,31.4,66.6,Tillering,91.08,66.94
Odisha,Co 86032,45.0,Red Loam,7.05,50.5,1400.0,31.4,66.8,Grand Growth,66.94,57.46
Odisha,Co 86032,8.0,Red Loam,6.73,58.3,1400.0,31.4,80.6,Maturity,57.46,56.06
Odisha,Co 86032,632.0,Red Loam,5.59,39.9,1400.0,31.4,63.1,Tillering,51.87,52.0
Odisha,Co 86032,764.0,Sandy Loam,6.77,66.3,1400.0,31.4,72.7,Grand Growth,52.0,50.15
Odisha,Co 86032,2670.0,Red Loam,6.36,51.8,1400.0,31.4,69.6,Maturity,50.15,81.22
Odisha,Co 86032,1141.0,Red Loam,6.42,65.2,1400.0,31.4,67.6,Harvest,81.22,44.12
Odisha,Co 86032,163.0,Red Loam,6.17,60.9,1400.0,31.4,65.0,Planting,44.12,47.74
Odisha,Co 86032,274.0,Red Loam,6.01,51.9,1400.0,31.4,58.5,Germination,47.74,51.66
Odisha,Co 86032,399.0,Sandy Loam,7.04,57.7,1400.0,31.4,69.0,Tillering,51.66,49.78
Odisha,Co 86032,290.0,Red Loam,6.46,60.5,1400.0,31.4,63.0,Grand Growth,49.78,44.73
Odisha,Co 86032,577.0,Red Loam,6.73,49.4,1400.0,31.4,70.3,Maturity,44.73,57.5
Odisha,Co 86032,374.0,Red Loam,7.11,59.0,1400.0,31.4,65.3,Harvest,57.5,49.52
Odisha,Co 86032,367.0,Red Loam,6.55,46.7,1400.0,31.4,61.1,Planting,49.52,44.14
Odisha,Co 86032,163.0,Red Loam,6.92,58.3,1400.0,31.4,68.9,Germination,44.14,46.5
Odisha,Co 86032,192.0,Red Loam,7.23,57.3,1400.0,31.4,69.8,Tillering,46.5,51.42
Odisha,Co 86032,212.0,Red Loam,6.15,56.7,1400.0,31.4,71.8,Grand Growth,51.42,50.81
Odisha,Co 86032,481.0,Red Loam,6.23,50.9,1400.0,31.4,75.1,Maturity,50.81,45.05
Odisha,Co 86032,372.0,Red Loam,6.17,52.0,1400.0,31.4,62.6,Harvest,45.05,55.43
Odisha,Co 86032,72.0,Red Loam,6.45,62.7,1400.0,31.4,67.5,Planting,55.43,52.0
Odisha,Co 86032,53.0,Red Loam,6.21,53.9,1400.0,31.4,63.3,Germination,52.0,49.05
Odisha,Co 86032,112.0,Red Loam,6.45,55.8,1400.0,31.4,77.3,Tillering,49.05,55.86
Odisha,Co 86032,4.0,Red Loam,6.91,62.2,1400.0,31.4,70.3,Tillering,45.52,43.0
Odisha,Co 86032,25.0,Red Loam,6.73,69.3,1400.0,31.4,65.0,Grand Growth,43.0,23.2
Odisha,Co 86032,10.0,Red Loam,6.61,66.3,1400.0,31.4,63.1,Maturity,23.2,63.0
Odisha,Co 86032,22.0,Red Loam,6.82,58.7,1400.0,31.4,77.9,Harvest,63.0,48.0
Odisha,Co 86032,2.0,Red Loam,6.53,66.4,1400.0,31.4,75.6,Planting,48.0,38.4
Odisha,Co 86032,7.0,Red Loam,6.37,50.6,1400.0,31.4,74.7,Germination,38.4,47.8
Odisha,Co 86032,6.0,Red Loam,6.86,51.5,1400.0,31.4,71.0,Tillering,47.8,45.6
Odisha,Co 86032,1.0,Red Loam,6.73,64.7,1400.0,31.4,61.4,Grand Growth,45.6,25.7
Odisha,Co 86032,5.0,Red Loam,6.16,62.4,1400.0,31.4,67.2,Maturity,25.7,57.2
Odisha,Co 86032,2.0,Red Loam,7.87,55.7,1400.0,31.4,80.8,Harvest,57.2,59.2
Odisha,Co 86032,2.0,Red Loam,6.65,60.8,1400.0,31.4,75.1,Planting,59.2,34.8
Odisha,Co 86032,127.0,Red Loam,6.63,57.9,1400.0,31.4,76.3,Planting,67.14,71.33
Odisha,Co 86032,161.0,Red Loam,6.89,64.8,1400.0,31.4,74.0,Germination,71.33,77.04
Odisha,Co 86032,440.0,Red Loam,7.26,59.0,1400.0,31.4,66.5,Tillering,77.04,84.86
Odisha,Co 86032,165.0,Red Loam,6.67,49.2,1400.0,31.4,67.7,Grand Growth,84.86,43.3
Odisha,Co 86032,85.0,Red Loam,6.46,60.4,1400.0,31.4,74.6,Maturity,43.3,40.93
Odisha,Co 86032,91.0,Red Loam,6.72,57.1,1400.0,31.4,78.9,Harvest,40.93,48.29
Odisha,Co 86032,56.0,Red Loam,6.59,63.8,1400.0,31.4,71.2,Planting,48.29,47.87
Odisha,Co 86032,94.0,Red Loam,6.24,59.9,1400.0,31.4,65.8,Germination,47.87,54.43
Odisha,Co 86032,84.0,Red Loam,6.87,60.8,1400.0,31.4,63.8,Tillering,54.43,60.0
Odisha,Co 86032,86.0,Red Loam,6.22,55.4,1400.0,31.4,55.8,Grand Growth,60.0,49.27
Odisha,Co 86032,80.0,Clay Loam,6.78,74.8,1400.0,31.4,63.7,Maturity,49.27,51.72
Odisha,Co 86032,40.0,Red Loam,6.25,63.8,1400.0,31.4,76.3,Harvest,51.72,39.83
Odisha,Co 86032,71.0,Red Loam,6.58,53.2,1400.0,31.4,66.8,Planting,39.83,41.27
Odisha,Co 86032,183.0,Red Loam,6.2,66.4,1400.0,31.4,64.2,Germination,41.27,48.35
Odisha,Co 86032,251.0,Black Soil,7.55,66.1,1400.0,31.4,76.8,Tillering,48.35,49.84
Odisha,Co 86032,103.0,Red Loam,6.7,52.0,1400.0,31.4,68.3,Grand Growth,49.84,51.91
Odisha,Co 86032,170.0,Red Loam,6.63,52.5,1400.0,31.4,72.8,Maturity,51.91,55.55
Odisha,Co 86032,53.0,Red Loam,6.35,58.0,1400.0,31.4,71.6,Harvest,55.55,43.8
Odisha,Co 86032,66.0,Black Soil,7.39,69.1,1400.0,31.4,69.4,Planting,43.8,46.57
Odisha,Co 86032,199.0,Red Loam,7.03,59.6,1400.0,31.4,67.2,Planting,45.0,34.92
Odisha,Co 86032,122.0,Alluvial Soil,7.01,58.3,1400.0,31.4,79.5,Germination,34.92,40.45
Odisha,Co 86032,260.0,Red Loam,6.44,51.9,1400.0,31.4,71.9,Tillering,40.45,30.54
Odisha,Co 86032,221.0,Red Loam,6.41,67.0,1400.0,31.4,71.1,Grand Growth,30.54,45.67
Odisha,Co 86032,79.0,Red Loam,6.87,56.6,1400.0,31.4,74.2,Maturity,45.67,48.93
Odisha,Co 86032,308.0,Red Loam,6.12,55.4,1400.0,31.4,69.3,Harvest,48.93,33.38
Odisha,Co 86032,139.0,Red Loam,6.54,55.6,1400.0,31.4,65.3,Planting,33.38,52.08
Odisha,Co 86032,72.0,Red Loam,6.82,64.7,1400.0,31.4,63.0,Germination,52.08,51.76
Odisha,Co 86032,89.0,Sandy Loam,7.2,46.1,1400.0,31.4,60.1,Tillering,51.76,60.72
Odisha,Co 86032,121.0,Red Loam,6.2,48.8,1400.0,31.4,69.5,Grand Growth,60.72,51.43
Odisha,Co 86032,48.0,Red Loam,6.72,60.8,1400.0,31.4,76.5,Maturity,51.43,39.11
Odisha,Co 86032,12.0,Red Loam,6.74,66.7,1400.0,31.4,68.2,Harvest,39.11,58.62
Odisha,Co 86032,13.0,Clay Loam,7.06,65.2,1400.0,31.4,79.0,Planting,58.62,28.8
Odisha,Co 86032,32.0,Red Loam,6.51,48.1,1400.0,31.4,72.9,Germination,28.8,74.4
Odisha,Co 86032,73.0,Red Loam,6.45,50.1,1400.0,31.4,69.2,Tillering,74.4,58.24
Odisha,Co 86032,9.0,Red Loam,6.72,61.7,1400.0,31.4,70.5,Grand Growth,58.24,71.83
Odisha,Co 86032,17.0,Red Loam,6.29,54.6,1400.0,31.4,78.2,Maturity,71.83,78.06
Odisha,Co 86032,58.0,Red Loam,6.53,71.0,1400.0,31.4,71.4,Harvest,78.06,78.8
Odisha,Co 86032,34.0,Red Loam,5.85,64.3,1400.0,31.4,77.2,Planting,78.8,67.6
Odisha,Co 86032,346.0,Clay Loam,6.95,67.6,1400.0,31.4,69.6,Planting,58.45,56.95
Odisha,Co 86032,280.0,Red Loam,6.05,61.3,1400.0,31.4,60.0,Germination,56.95,49.22
Odisha,Co 86032,830.0,Red Loam,6.15,57.4,1400.0,31.4,71.6,Tillering,49.22,72.36
Odisha,Co 86032,181.0,Red Loam,6.68,63.0,1400.0,31.4,71.3,Grand Growth,72.36,39.76
Odisha,Co 86032,162.0,Red Loam,7.03,69.9,1400.0,31.4,69.5,Maturity,39.76,51.35
Odisha,Co 86032,150.0,Red Loam,6.81,59.1,1400.0,31.4,67.5,Harvest,51.35,41.56
Odisha,Co 86032,460.0,Red Loam,6.46,56.8,1400.0,31.4,71.9,Planting,41.56,49.08
Odisha,Co 86032,183.0,Red Loam,6.94,60.1,1400.0,31.4,64.0,Germination,49.08,48.8
Odisha,Co 86032,482.0,Red Loam,6.75,68.4,1400.0,31.4,66.9,Tillering,48.8,60.0
Odisha,Co 86032,715.0,Red Loam,6.0,51.4,1400.0,31.4,67.5,Grand Growth,60.0,48.93
Odisha,Co 86032,175.0,Red Loam,7.2,50.1,1400.0,31.4,73.5,Maturity,48.93,40.43
Odisha,Co 86032,165.0,Red Loam,6.15,48.9,1400.0,31.4,68.6,Harvest,40.43,42.38
Odisha,Co 86032,177.0,Red Loam,6.38,59.5,1400.0,31.4,74.6,Planting,42.38,56.77
Odisha,Co 86032,675.0,Red Loam,6.52,60.1,1400.0,31.4,76.5,Germination,56.77,54.93
Odisha,Co 86032,90.0,Red Loam,6.1,45.9,1400.0,31.4,68.0,Tillering,54.93,65.55
Odisha,Co 86032,546.0,Red Loam,6.39,55.8,1400.0,31.4,75.1,Grand Growth,65.55,60.78
Odisha,Co 86032,58.0,Red Loam,7.01,58.4,1400.0,31.4,58.9,Maturity,60.78,60.1
Odisha,Co 86032,92.0,Red Loam,6.15,54.6,1400.0,31.4,66.7,Harvest,60.1,64.43
Odisha,Co 86032,354.0,Red Loam,6.39,60.5,1400.0,31.4,74.6,Planting,64.43,67.7
Odisha,Co 86032,369.0,Black Soil,8.39,73.2,1400.0,31.4,70.7,Maturity,66.46,62.35
Odisha,Co 86032,1481.0,Red Loam,6.4,56.8,1400.0,31.4,72.1,Harvest,62.35,66.32
Odisha,Co 86032,1840.0,Red Loam,6.22,51.6,1400.0,31.4,78.2,Planting,66.32,83.41
Odisha,Co 86032,2939.0,Red Loam,6.92,48.8,1400.0,31.4,66.2,Germination,83.41,62.15
Odisha,Co 86032,1201.0,Red Loam,6.9,65.6,1400.0,31.4,71.8,Tillering,62.15,65.29
Odisha,Co 86032,400.0,Red Loam,6.69,57.9,1400.0,31.4,73.8,Grand Growth,65.29,64.64
Odisha,Co 86032,1626.0,Red Loam,6.24,54.3,1400.0,31.4,63.1,Maturity,64.64,54.21
Odisha,Co 86032,1205.0,Red Loam,7.1,67.0,1400.0,31.4,75.1,Harvest,54.21,94.59
Odisha,Co 86032,3615.0,Red Loam,6.9,54.0,1400.0,31.4,67.5,Planting,94.59,84.91
Odisha,Co 86032,3656.0,Red Loam,6.09,61.9,1400.0,31.4,73.0,Germination,84.91,74.95
Odisha,Co 86032,2450.0,Red Loam,7.33,56.5,1400.0,31.4,73.7,Tillering,74.95,64.57
Odisha,Co 86032,1788.0,Red Loam,6.37,53.1,1400.0,31.4,69.8,Grand Growth,64.57,66.29
Odisha,Co 86032,1071.0,Red Loam,6.92,60.2,1400.0,31.4,65.8,Maturity,66.29,84.13
Odisha,Co 86032,3245.0,Red Loam,5.85,46.4,1400.0,31.4,65.5,Harvest,84.13,87.94
Odisha,Co 86032,1620.0,Red Loam,6.83,58.1,1400.0,31.4,70.3,Planting,87.94,76.03
Odisha,Co 86032,2218.0,Red Loam,6.77,58.6,1400.0,31.4,79.3,Germination,76.03,83.16
Odisha,Co 86032,3537.0,Red Loam,7.01,61.2,1400.0,31.4,72.3,Tillering,83.16,100.3
Odisha,Co 86032,3362.0,Red Loam,6.29,57.4,1400.0,31.4,65.2,Grand Growth,100.3,89.41
Odisha,Co 86032,2261.0,Red Loam,5.84,54.5,1400.0,31.4,63.4,Maturity,89.41,70.61
Odisha,Co 86032,1.0,Red Loam,6.77,57.3,1400.0,31.4,71.5,Maturity,45.0,44.0
Odisha,Co 86032,160.0,Red Loam,6.37,62.4,1400.0,31.4,74.5,Harvest,44.0,64.25
Odisha,Co 86032,23.0,Red Loam,6.9,53.9,1400.0,31.4,68.9,Planting,64.25,36.0
Odisha,Co 86032,1.0,Red Loam,6.26,61.1,1400.0,31.4,66.2,Germination,36.0,37.2
Odisha,Co 86032,9.0,Red Loam,6.26,48.5,1400.0,31.4,70.3,Germination,45.0,46.11
Odisha,Co 86032,17.0,Red Loam,6.61,57.1,1400.0,31.4,78.9,Tillering,46.11,37.29
Odisha,Co 86032,30.0,Red Loam,6.13,46.8,1400.0,31.4,70.2,Grand Growth,37.29,50.67
Odisha,Co 86032,1.0,Red Loam,6.17,50.2,1400.0,31.4,66.5,Maturity,50.67,29.6
Odisha,Co 86032,7.0,Red Loam,6.65,63.1,1400.0,31.4,62.6,Harvest,29.6,34.4
Odisha,Co 86032,1.0,Red Loam,6.96,55.0,1400.0,31.4,73.5,Planting,34.4,48.6
Odisha,Co 86032,4.0,Red Loam,6.47,52.5,1400.0,31.4,69.1,Germination,48.6,45.2
Odisha,Co 86032,1.0,Red Loam,6.6,57.4,1400.0,31.4,68.2,Tillering,45.2,38.8
Odisha,Co 86032,34.0,Red Loam,6.64,52.5,1400.0,31.4,73.7,Grand Growth,38.8,45.31
Odisha,Co 86032,40.0,Red Loam,7.0,56.6,1400.0,31.4,74.8,Maturity,45.31,60.5
Odisha,Co 86032,63.0,Red Loam,6.53,58.3,1400.0,31.4,59.6,Harvest,60.5,37.87
Odisha,Co 86032,13.0,Red Loam,6.54,51.3,1400.0,31.4,66.4,Planting,37.87,9.6
Odisha,Co 86032,1.0,Red Loam,6.74,66.1,1400.0,31.4,70.2,Germination,45.0,16.9
Odisha,Co 86032,5.0,Red Loam,6.2,63.4,1400.0,31.4,68.1,Tillering,53.24,51.6
Odisha,Co 86032,4.0,Red Loam,6.87,56.0,1400.0,31.4,70.9,Grand Growth,51.6,59.0
Odisha,Co 86032,28.0,Red Loam,6.27,51.1,1400.0,31.4,69.2,Maturity,59.0,63.6
Odisha,Co 86032,6.0,Red Loam,6.26,58.1,1400.0,31.4,64.4,Harvest,63.6,58.4
Odisha,Co 86032,10.0,Red Loam,5.99,61.9,1400.0,31.4,74.0,Planting,58.4,64.4
Odisha,Co 86032,13.0,Red Loam,6.98,58.2,1400.0,31.4,66.7,Germination,64.4,74.4
Odisha,Co 86032,2833.0,Red Loam,6.79,56.0,1400.0,31.4,65.8,Grand Growth,57.32,55.39
Odisha,Co 86032,1925.0,Red Loam,6.38,42.9,1400.0,31.4,63.0,Maturity,55.39,51.85
Odisha,Co 86032,3910.0,Red Loam,6.17,65.5,1400.0,31.4,65.0,Harvest,51.85,34.85
Odisha,Co 86032,754.0,Red Loam,6.15,55.8,1400.0,31.4,62.5,Planting,34.85,43.4
Odisha,Co 86032,1403.0,Red Loam,7.35,58.6,1400.0,31.4,76.1,Germination,43.4,40.25
Odisha,Co 86032,2528.0,Red Loam,7.23,53.8,1400.0,31.4,68.8,Tillering,40.25,42.6
Odisha,Co 86032,859.0,Red Loam,6.04,54.3,1400.0,31.4,69.0,Grand Growth,42.6,49.13
Odisha,Co 86032,1883.0,Red Loam,6.52,54.4,1400.0,31.4,60.2,Maturity,49.13,41.83
Odisha,Co 86032,1156.0,Red Loam,6.61,59.1,1400.0,31.4,71.6,Harvest,41.83,43.51
Odisha,Co 86032,2458.0,Red Loam,6.52,45.9,1400.0,31.4,64.1,Planting,43.51,41.63
Odisha,Co 86032,4371.0,Red Loam,6.31,56.7,1400.0,31.4,65.8,Germination,41.63,23.45
Odisha,Co 86032,515.0,Red Loam,6.63,61.9,1400.0,31.4,67.9,Tillering,23.45,35.45
Odisha,Co 86032,883.0,Red Loam,7.19,61.4,1400.0,31.4,75.5,Grand Growth,35.45,46.05
Odisha,Co 86032,582.0,Red Loam,6.45,50.2,1400.0,31.4,72.7,Maturity,46.05,50.68
Odisha,Co 86032,2436.0,Red Loam,6.39,61.5,1400.0,31.4,65.6,Harvest,50.68,41.0
Odisha,Co 86032,3361.0,Red Loam,7.2,58.1,1400.0,31.4,75.6,Planting,41.0,51.14
Odisha,Co 86032,1061.0,Red Loam,6.68,58.8,1400.0,31.4,75.3,Germination,51.14,47.05
Odisha,Co 86032,1304.0,Red Loam,6.88,43.4,1400.0,31.4,75.4,Tillering,47.05,51.3
Odisha,Co 86032,614.0,Red Loam,6.29,50.8,1400.0,31.4,68.7,Grand Growth,51.3,66.09
Odisha,Co 86032,2046.0,Red Loam,7.26,57.7,1400.0,31.4,72.4,Grand Growth,63.77,60.21
Odisha,Co 86032,2608.0,Red Loam,6.63,58.1,1400.0,31.4,66.1,Maturity,60.21,64.43
Odisha,Co 86032,3000.0,Red Loam,5.86,58.2,1400.0,31.4,76.3,Harvest,64.43,75.73
Odisha,Co 86032,2356.0,Alluvial Soil,7.52,59.1,1400.0,31.4,66.6,Planting,75.73,61.71
Odisha,Co 86032,1443.0,Red Loam,7.01,63.4,1400.0,31.4,64.0,Germination,61.71,55.95
Odisha,Co 86032,1861.0,Red Loam,6.72,53.6,1400.0,31.4,69.4,Tillering,55.95,57.17
Odisha,Co 86032,2810.0,Red Loam,6.04,58.7,1400.0,31.4,67.6,Grand Growth,57.17,57.61
Odisha,Co 86032,1462.0,Red Loam,6.14,55.7,1400.0,31.4,65.7,Maturity,57.61,61.04
Odisha,Co 86032,2522.0,Red Loam,6.49,50.9,1400.0,31.4,68.4,Harvest,61.04,59.65
Odisha,Co 86032,3336.0,Red Loam,7.18,63.6,1400.0,31.4,65.8,Planting,59.65,70.46
Odisha,Co 86032,2840.0,Red Loam,6.37,63.9,1400.0,31.4,69.5,Germination,70.46,62.66
Odisha,Co 86032,1910.0,Red Loam,6.22,48.9,1400.0,31.4,71.1,Tillering,62.66,64.02
Odisha,Co 86032,1311.0,Red Loam,6.34,67.7,1400.0,31.4,71.0,Grand Growth,64.02,66.66
Odisha,Co 86032,2533.0,Red Loam,6.3,55.2,1400.0,31.4,70.0,Maturity,66.66,65.13
Odisha,Co 86032,2375.0,Red Loam,7.05,65.7,1400.0,31.4,72.4,Harvest,65.13,60.97
Odisha,Co 86032,1241.0,Red Loam,6.44,62.9,1400.0,31.4,71.6,Planting,60.97,68.36
Odisha,Co 86032,1354.0,Red Loam,6.69,57.0,1400.0,31.4,69.4,Germination,68.36,49.25
Odisha,Co 86032,1040.0,Red Loam,5.97,56.7,1400.0,31.4,67.2,Tillering,49.25,69.03
Odisha,Co 86032,537.0,Red Loam,6.16,56.1,1400.0,31.4,61.2,Grand Growth,69.03,49.29
Odisha,Co 86032,67.0,Red Loam,6.72,50.5,1400.0,31.4,68.2,Grand Growth,45.72,43.94
Odisha,Co 86032,38.0,Red Loam,6.32,53.3,1400.0,31.4,70.5,Maturity,43.94,50.53
Odisha,Co 86032,230.0,Black Soil,7.23,75.7,1400.0,31.4,56.5,Harvest,50.53,45.7
Odisha,Co 86032,18.0,Red Loam,6.21,56.3,1400.0,31.4,66.6,Planting,45.7,40.72
Odisha,Co 86032,11.0,Red Loam,6.17,54.7,1400.0,31.4,66.5,Germination,40.72,46.35
Odisha,Co 86032,10.0,Red Loam,6.62,58.3,1400.0,31.4,73.1,Tillering,46.35,35.03
Odisha,Co 86032,1.0,Red Loam,6.72,71.1,1400.0,31.4,61.4,Grand Growth,35.03,42.4
Odisha,Co 86032,7.0,Red Loam,6.9,58.1,1400.0,31.4,62.9,Maturity,42.4,55.0
Odisha,Co 86032,19.0,Red Loam,6.59,56.9,1400.0,31.4,74.9,Harvest,55.0,41.0
Odisha,Co 86032,8.0,Red Loam,6.38,57.0,1400.0,31.4,59.8,Planting,41.0,60.8
Odisha,Co 86032,11.0,Red Loam,6.24,53.6,1400.0,31.4,73.3,Germination,60.8,48.56
Odisha,Co 86032,8.0,Alluvial Soil,7.19,56.7,1400.0,31.4,65.3,Tillering,48.56,48.75
Odisha,Co 86032,1.0,Clay Loam,7.07,72.6,1400.0,31.4,70.5,Grand Growth,48.75,40.8
Odisha,Co 86032,5.0,Red Loam,6.48,64.6,1400.0,31.4,76.6,Maturity,40.8,33.6
Odisha,Co 86032,10.0,Red Loam,6.14,57.0,1400.0,31.4,76.1,Harvest,33.6,50.86
Odisha,Co 86032,8.0,Red Loam,6.8,59.7,1400.0,31.4,69.6,Planting,50.86,29.12
Odisha,Co 86032,2.0,Red Loam,6.25,56.6,1400.0,31.4,76.5,Germination,29.12,30.0
Odisha,Co 86032,296.0,Red Loam,6.48,58.2,1400.0,31.4,62.4,Maturity,45.0,36.94
Odisha,Co 86032,132.0,Red Loam,6.75,52.4,1400.0,31.4,66.3,Harvest,36.94,54.31
Odisha,Co 86032,290.0,Red Loam,6.62,63.1,1400.0,31.4,60.5,Planting,54.31,88.31
Odisha,Co 86032,64.0,Red Loam,6.82,64.0,1400.0,31.4,73.3,Germination,88.31,36.18
Odisha,Co 86032,19.0,Red Loam,6.56,50.8,1400.0,31.4,66.7,Tillering,36.18,36.04
Odisha,Co 86032,43.0,Red Loam,6.38,67.5,1400.0,31.4,70.4,Grand Growth,36.04,51.38
Odisha,Co 86032,168.0,Black Soil,7.42,73.9,1400.0,31.4,59.0,Maturity,51.38,66.71
Odisha,Co 86032,188.0,Black Soil,7.67,66.9,1400.0,31.4,74.7,Harvest,66.71,52.9
Odisha,Co 86032,257.0,Red Loam,6.67,47.4,1400.0,31.4,74.3,Planting,52.9,62.37
Odisha,Co 86032,232.0,Red Loam,6.52,56.6,1400.0,31.4,67.4,Germination,62.37,57.53
Odisha,Co 86032,370.0,Black Soil,7.26,68.1,1400.0,31.4,61.7,Tillering,57.53,38.8
Odisha,Co 86032,71.0,Red Loam,6.62,46.9,1400.0,31.4,64.6,Grand Growth,38.8,55.67
Odisha,Co 86032,4.0,Black Soil,7.53,65.1,1400.0,31.4,73.8,Maturity,55.67,59.2
Odisha,Co 86032,47.0,Red Loam,6.02,59.3,1400.0,31.4,77.3,Harvest,59.2,61.91
Odisha,Co 86032,60.0,Red Loam,6.91,57.7,1400.0,31.4,74.4,Planting,61.91,61.03
Odisha,Co 86032,164.0,Red Loam,6.92,52.1,1400.0,31.4,72.6,Germination,61.03,79.89
Odisha,Co 86032,159.0,Red Loam,6.17,55.5,1400.0,31.4,70.4,Tillering,79.89,78.83
Odisha,Co 86032,64.0,Red Loam,5.81,54.1,1400.0,31.4,73.8,Grand Growth,78.83,53.52
Odisha,Co 86032,10.0,Red Loam,6.9,53.3,1400.0,31.4,72.0,Maturity,53.52,52.1
Odisha,Co 86032,178.0,Clay Loam,7.16,69.1,1400.0,31.4,71.3,Tillering,45.0,39.47
Odisha,Co 86032,144.0,Red Loam,6.8,56.0,1400.0,31.4,68.3,Grand Growth,39.47,47.25
Odisha,Co 86032,190.0,Red Loam,6.45,63.3,1400.0,31.4,71.7,Maturity,47.25,57.84
Odisha,Co 86032,127.0,Red Loam,6.51,43.5,1400.0,31.4,76.7,Harvest,57.84,49.8
Odisha,Co 86032,66.0,Clay Loam,6.96,63.1,1400.0,31.4,74.7,Planting,49.8,41.94
Odisha,Co 86032,271.0,Red Loam,6.47,64.6,1400.0,31.4,68.9,Germination,41.94,39.78
Odisha,Co 86032,35.0,Red Loam,6.91,48.8,1400.0,31.4,71.1,Tillering,39.78,40.9
Odisha,Co 86032,40.0,Red Loam,6.27,60.7,1400.0,31.4,77.5,Grand Growth,40.9,29.27
Odisha,Co 86032,137.0,Red Loam,6.24,48.1,1400.0,31.4,75.0,Maturity,29.27,48.68
Odisha,Co 86032,58.0,Red Loam,7.29,57.8,1400.0,31.4,75.7,Harvest,48.68,45.38
Odisha,Co 86032,82.0,Red Loam,7.0,57.3,1400.0,31.4,74.5,Planting,45.38,36.32
Odisha,Co 86032,16.0,Red Loam,6.29,55.0,1400.0,31.4,67.4,Germination,36.32,34.0
Odisha,Co 86032,18.0,Red Loam,6.93,61.4,1400.0,31.4,67.7,Tillering,34.0,29.94
Odisha,Co 86032,72.0,Red Loam,6.57,57.6,1400.0,31.4,57.0,Grand Growth,29.94,60.0
Odisha,Co 86032,15.0,Red Loam,6.16,49.5,1400.0,31.4,61.8,Maturity,60.0,52.8
Odisha,Co 86032,19.0,Red Loam,5.92,46.9,1400.0,31.4,67.4,Harvest,52.8,68.4
Odisha,Co 86032,21.0,Sandy Loam,6.16,59.9,1400.0,31.4,76.4,Planting,68.4,82.5
Odisha,Co 86032,10.0,Sandy Loam,7.49,45.5,1400.0,31.4,75.7,Germination,82.5,46.8
Odisha,Co 86032,81.0,Red Loam,6.22,57.7,1400.0,31.4,71.9,Tillering,46.8,51.47
Odisha,Co 86032,41.0,Red Loam,6.44,52.8,1400.0,31.4,72.0,Harvest,61.25,59.51
Odisha,Co 86032,182.0,Red Loam,5.71,43.8,1400.0,31.4,81.8,Planting,59.51,56.79
Odisha,Co 86032,130.0,Red Loam,6.14,68.3,1400.0,31.4,62.7,Germination,56.79,65.31
Odisha,Co 86032,54.0,Red Loam,7.17,61.7,1400.0,31.4,64.5,Tillering,65.31,57.11
Odisha,Co 86032,32.0,Red Loam,6.6,41.5,1400.0,31.4,66.8,Grand Growth,57.11,50.35
Odisha,Co 86032,55.0,Red Loam,6.89,59.1,1400.0,31.4,74.6,Maturity,50.35,48.53
Odisha,Co 86032,48.0,Red Loam,6.55,49.7,1400.0,31.4,60.8,Harvest,48.53,61.29
Odisha,Co 86032,19.0,Sandy Loam,7.54,54.2,1400.0,31.4,78.5,Planting,61.29,55.33
Odisha,Co 86032,55.0,Red Loam,6.37,58.4,1400.0,31.4,69.4,Germination,55.33,55.2
Odisha,Co 86032,52.0,Red Loam,6.61,59.7,1400.0,31.4,68.3,Tillering,55.2,50.13
Odisha,Co 86032,49.0,Red Loam,6.7,62.9,1400.0,31.4,73.1,Grand Growth,50.13,59.13
Odisha,Co 86032,30.0,Red Loam,6.01,57.4,1400.0,31.4,65.4,Maturity,59.13,61.22
Odisha,Co 86032,30.0,Red Loam,6.47,61.7,1400.0,31.4,71.7,Harvest,61.22,51.6
Odisha,Co 86032,12.0,Red Loam,6.14,60.0,1400.0,31.4,78.5,Planting,51.6,43.92
Odisha,Co 86032,16.0,Red Loam,7.09,56.0,1400.0,31.4,72.0,Germination,43.92,44.17
Odisha,Co 86032,11.0,Red Loam,6.93,52.9,1400.0,31.4,64.4,Tillering,44.17,111.2
Odisha,Co 86032,8.0,Red Loam,6.38,62.5,1400.0,31.4,68.8,Grand Growth,111.2,38.15
Odisha,Co 86032,6.0,Red Loam,6.04,54.6,1400.0,31.4,68.3,Maturity,38.15,36.1
Odisha,Co 86032,7.0,Red Loam,6.22,52.8,1400.0,31.4,60.6,Harvest,36.1,41.33
Odisha,Co 86032,295.0,Red Loam,6.35,59.6,1400.0,31.4,68.7,Tillering,62.5,62.82
Odisha,Co 86032,487.0,Red Loam,6.57,48.4,1400.0,31.4,70.2,Grand Growth,62.82,57.78
Odisha,Co 86032,580.0,Red Loam,5.99,54.9,1400.0,31.4,66.0,Maturity,57.78,70.98
Odisha,Co 86032,76.0,Red Loam,6.31,67.2,1400.0,31.4,68.6,Harvest,70.98,60.41
Odisha,Co 86032,70.0,Red Loam,6.45,52.5,1400.0,31.4,68.8,Planting,60.41,51.84
Odisha,Co 86032,69.0,Red Loam,6.09,57.8,1400.0,31.4,66.8,Germination,51.84,50.79
Odisha,Co 86032,54.0,Red Loam,6.74,65.8,1400.0,31.4,64.8,Tillering,50.79,66.69
Odisha,Co 86032,72.0,Red Loam,6.74,53.4,1400.0,31.4,63.0,Grand Growth,66.69,61.9
Odisha,Co 86032,78.0,Red Loam,6.29,62.0,1400.0,31.4,72.0,Maturity,61.9,60.92
Odisha,Co 86032,72.0,Red Loam,6.39,49.9,1400.0,31.4,63.4,Harvest,60.92,59.85
Odisha,Co 86032,105.0,Red Loam,5.86,49.9,1400.0,31.4,69.5,Planting,59.85,72.55
Odisha,Co 86032,21.0,Sandy Loam,7.06,55.7,1400.0,31.4,70.8,Germination,72.55,61.17
Odisha,Co 86032,19.0,Red Loam,6.48,63.1,1400.0,31.4,65.1,Tillering,61.17,59.85
Odisha,Co 86032,43.0,Red Loam,6.23,59.7,1400.0,31.4,64.7,Grand Growth,59.85,73.26
Odisha,Co 86032,52.0,Red Loam,6.08,53.0,1400.0,31.4,71.6,Maturity,73.26,69.89
Odisha,Co 86032,52.0,Red Loam,6.79,57.8,1400.0,31.4,66.6,Harvest,69.89,77.92
Odisha,Co 86032,58.0,Clay Loam,7.48,72.2,1400.0,31.4,80.8,Planting,77.92,79.24
Odisha,Co 86032,55.0,Red Loam,6.81,56.0,1400.0,31.4,66.3,Germination,79.24,73.52
Odisha,Co 86032,1.0,Red Loam,6.39,52.1,1400.0,31.4,66.2,Tillering,73.52,52.0
Odisha,Co 86032,89.0,Red Loam,6.66,49.9,1400.0,31.4,66.5,Harvest,62.95,63.06
Odisha,Co 86032,60.0,Red Loam,6.92,58.1,1400.0,31.4,74.3,Planting,63.06,71.55
Odisha,Co 86032,210.0,Red Loam,6.58,57.5,1400.0,31.4,68.0,Germination,71.55,57.14
Odisha,Co 86032,172.0,Red Loam,6.89,55.2,1400.0,31.4,70.6,Tillering,57.14,71.02
Odisha,Co 86032,77.0,Clay Loam,6.68,68.4,1400.0,31.4,65.9,Grand Growth,71.02,67.14
Odisha,Co 86032,357.0,Red Loam,6.22,59.4,1400.0,31.4,75.4,Maturity,67.14,68.02
Odisha,Co 86032,146.0,Red Loam,6.52,58.5,1400.0,31.4,58.4,Harvest,68.02,60.88
Odisha,Co 86032,30.0,Red Loam,6.5,59.4,1400.0,31.4,65.1,Planting,60.88,73.38
Odisha,Co 86032,20.0,Red Loam,6.6,58.6,1400.0,31.4,75.6,Germination,73.38,48.62
Odisha,Co 86032,69.0,Red Loam,6.25,60.9,1400.0,31.4,76.9,Tillering,48.62,70.16
Odisha,Co 86032,167.0,Red Loam,7.05,72.5,1400.0,31.4,71.1,Grand Growth,70.16,64.48
Odisha,Co 86032,13.0,Sandy Loam,6.76,56.9,1400.0,31.4,66.9,Maturity,64.48,56.44
Odisha,Co 86032,3.0,Red Loam,6.96,61.4,1400.0,31.4,71.2,Harvest,56.44,56.6
Odisha,Co 86032,11.0,Red Loam,6.55,53.3,1400.0,31.4,67.3,Planting,56.6,93.04
Odisha,Co 86032,20.0,Red Loam,6.57,57.2,1400.0,31.4,57.2,Germination,93.04,54.23
Odisha,Co 86032,21.0,Red Loam,6.74,54.2,1400.0,31.4,65.8,Tillering,54.23,100.25
Odisha,Co 86032,86.0,Red Loam,6.69,58.7,1400.0,31.4,67.5,Grand Growth,100.25,82.0
Odisha,Co 86032,11.0,Red Loam,6.41,59.0,1400.0,31.4,74.6,Maturity,82.0,93.6
Odisha,Co 86032,17.0,Red Loam,6.4,54.6,1400.0,31.4,67.8,Harvest,93.6,69.05
Puducherry,Co 86032,84.0,Red Loam,5.91,60.9,1400.0,31.4,72.2,Maturity,75.56,79.24
Puducherry,Co 86032,55.0,Alluvial Soil,7.02,64.7,1400.0,31.4,61.3,Harvest,79.24,81.0
Puducherry,Co 86032,27.0,Alluvial Soil,6.76,51.3,1400.0,31.4,76.0,Planting,81.0,81.0
Puducherry,Co 86032,22.0,Alluvial Soil,7.24,62.5,1400.0,31.4,65.4,Germination,81.0,90.0
Puducherry,Co 86032,24.0,Alluvial Soil,7.51,61.2,1400.0,31.4,74.8,Tillering,90.0,81.5
Puducherry,Co 86032,23.0,Red Loam,6.73,51.0,1400.0,31.4,74.2,Grand Growth,81.5,24.52
Puducherry,Co 86032,22.0,Alluvial Soil,7.16,60.1,1400.0,31.4,71.7,Maturity,24.52,50.68
Puducherry,Co 86032,25.0,Alluvial Soil,6.97,52.1,1400.0,31.4,69.0,Harvest,50.68,75.0
Puducherry,Co 86032,20.0,Alluvial Soil,6.56,59.0,1400.0,31.4,57.9,Planting,75.0,70.45
Puducherry,Co 86032,17.0,Sandy Loam,6.0,52.2,1400.0,31.4,63.9,Germination,70.45,75.0
Puducherry,Co 86032,9.0,Alluvial Soil,7.6,49.3,1400.0,31.4,67.4,Tillering,75.0,75.0
Puducherry,Co 86032,1.0,Alluvial Soil,7.51,53.5,1400.0,31.4,62.7,Grand Growth,75.0,56.0
Puducherry,Co 86032,1.0,Alluvial Soil,7.38,64.8,1400.0,31.4,66.5,Maturity,56.0,73.0
Puducherry,Co 86032,2626.0,Alluvial Soil,6.76,57.6,1400.0,31.4,76.8,Planting,92.49,85.95
Puducherry,Co 86032,2743.0,Alluvial Soil,7.05,51.2,1400.0,31.4,70.2,Germination,85.95,85.0
Puducherry,Co 86032,2437.0,Alluvial Soil,6.67,57.6,1400.0,31.4,60.1,Tillering,85.0,81.34
Puducherry,Co 86032,2095.0,Alluvial Soil,7.79,51.3,1400.0,31.4,70.3,Grand Growth,81.34,93.28
Puducherry,Co 86032,2306.0,Alluvial Soil,7.34,47.2,1400.0,31.4,73.6,Maturity,93.28,90.0
Puducherry,Co 86032,1710.0,Alluvial Soil,7.16,58.9,1400.0,31.4,61.9,Harvest,90.0,85.45
Puducherry,Co 86032,1495.0,Alluvial Soil,7.27,62.2,1400.0,31.4,72.1,Planting,85.45,76.64
Puducherry,Co 86032,2074.0,Alluvial Soil,7.22,57.6,1400.0,31.4,71.5,Germination,76.64,143.26
Puducherry,Co 86032,2480.0,Alluvial Soil,7.14,44.6,1400.0,31.4,73.2,Tillering,143.26,154.15
Puducherry,Co 86032,2306.0,Alluvial Soil,7.06,61.8,1400.0,31.4,70.5,Grand Growth,154.15,98.5
Puducherry,Co 86032,1936.0,Alluvial Soil,7.11,60.5,1400.0,31.4,73.1,Maturity,98.5,83.5
Puducherry,Co 86032,1784.0,Black Soil,7.51,68.3,1400.0,31.4,62.6,Harvest,83.5,138.56
Puducherry,Co 86032,1764.0,Alluvial Soil,7.62,57.2,1400.0,31.4,64.1,Planting,138.56,157.38
Puducherry,Co 86032,1949.0,Alluvial Soil,7.29,57.8,1400.0,31.4,70.4,Germination,157.38,147.66
Puducherry,Co 86032,2027.0,Alluvial Soil,6.62,57.8,1400.0,31.4,64.7,Tillering,147.66,150.23
Puducherry,Co 86032,2024.0,Alluvial Soil,7.24,62.9,1400.0,31.4,66.0,Grand Growth,150.23,150.23
Puducherry,Co 86032,1921.0,Alluvial Soil,7.78,56.0,1400.0,31.4,76.8,Maturity,150.23,165.0
Punjab,Co 0238,11000.0,Alluvial Soil,7.49,49.6,1404.9,23.9,70.6,Grand Growth,57.51,54.55
Punjab,Co 0238,9000.0,Alluvial Soil,6.92,66.5,1440.0,26.8,76.6,Maturity,54.55,60.0
Punjab,Co 0238,8000.0,Alluvial Soil,7.4,31.0,708.9,27.4,60.2,Harvest,60.0,66.25
Punjab,Co 0238,11000.0,Alluvial Soil,7.53,38.6,999.8,31.0,64.6,Planting,66.25,63.64
Punjab,Co 0238,11000.0,Alluvial Soil,7.29,41.9,1317.4,30.1,65.4,Germination,63.64,68.18
Punjab,Co 0238,11000.0,Red Loam,6.9,63.4,1433.5,25.5,72.3,Tillering,68.18,65.45
Punjab,Co 0238,10000.0,Red Loam,6.59,61.4,1383.5,28.3,69.2,Grand Growth,65.45,57.0
Punjab,Co 0238,7000.0,Alluvial Soil,7.16,53.9,1253.0,34.2,53.4,Maturity,57.0,62.86
Punjab,Co 0238,6000.0,Alluvial Soil,7.02,46.0,1239.0,34.2,68.5,Harvest,62.86,61.17
Punjab,Co 0238,300.0,Alluvial Soil,6.95,55.5,1098.8,28.2,66.4,Planting,61.17,60.0
Punjab,Co 0238,2000.0,Alluvial Soil,6.87,33.0,882.6,32.5,63.4,Tillering,67666.67,70.5
Punjab,Co 0238,5000.0,Clay Loam,7.35,57.9,1248.7,27.0,69.5,Grand Growth,70.5,80.2
Punjab,Co 0238,4000.0,Clay Loam,6.83,73.5,1470.7,37.6,73.1,Maturity,80.2,75.25
Punjab,Co 0238,1000.0,Clay Loam,7.03,66.1,1449.6,30.0,64.7,Planting,90.33,90.0
Punjab,Co 0238,1000.0,Alluvial Soil,6.88,47.7,1274.2,25.9,77.4,Germination,90.0,87.0
Punjab,Co 0238,1000.0,Alluvial Soil,6.78,76.2,1693.8,25.0,74.4,Grand Growth,74.94,70.0
Punjab,Co 0238,1000.0,Alluvial Soil,6.76,40.1,918.6,27.4,65.0,Maturity,70.0,60.0
Punjab,Co 0238,1000.0,Alluvial Soil,7.45,40.5,1195.6,26.3,73.7,Harvest,60.0,50.0
Punjab,Co 0238,2000.0,Alluvial Soil,7.68,49.4,1194.0,30.2,56.3,Grand Growth,62.5,65.0
Punjab,Co 0238,2000.0,Alluvial Soil,7.23,30.0,990.1,28.3,63.4,Maturity,65.0,60.0
Punjab,Co 0238,2000.0,Alluvial Soil,6.58,51.9,1158.8,30.5,67.0,Harvest,60.0,60.0
Punjab,Co 0238,2000.0,Alluvial Soil,6.57,41.7,1160.3,29.1,75.7,Planting,60.0,65.0
Punjab,Co 0238,4000.0,Alluvial Soil,7.34,57.8,1561.6,29.5,67.8,Germination,65.0,87.5
Punjab,Co 0238,5000.0,Alluvial Soil,7.2,47.2,1021.9,28.9,62.7,Tillering,87.5,52.0
Punjab,Co 0238,3000.0,Alluvial Soil,7.24,50.8,1442.6,28.9,69.1,Grand Growth,52.0,56.67
Punjab,Co 0238,1000.0,Alluvial Soil,7.19,74.1,1783.0,26.8,78.3,Maturity,56.67,70.0
Punjab,Co 0238,1000.0,Alluvial Soil,7.1,41.7,836.7,30.1,73.3,Harvest,70.0,68.0
Punjab,Co 0238,6000.0,Alluvial Soil,7.0,56.2,1481.4,28.6,72.0,Grand Growth,66.31,63.33
Punjab,Co 0238,4000.0,Alluvial Soil,7.35,50.9,1240.8,29.4,60.5,Maturity,63.33,65.0
Punjab,Co 0238,4000.0,Alluvial Soil,7.04,31.4,1008.8,27.4,66.1,Harvest,65.0,62.5
Punjab,Co 0238,4000.0,Alluvial Soil,6.85,66.5,1573.6,35.1,64.8,Planting,62.5,72.5
Punjab,Co 0238,5000.0,Alluvial Soil,7.16,37.1,931.6,23.1,64.1,Germination,72.5,74.0
Punjab,Co 0238,5000.0,Alluvial Soil,7.13,49.8,1221.0,28.0,66.8,Tillering,74.0,62.0
Punjab,Co 0238,4000.0,Alluvial Soil,7.04,47.1,1314.8,30.6,70.1,Grand Growth,62.0,62.5
Punjab,Co 0238,2000.0,Alluvial Soil,7.02,50.0,1375.8,24.2,72.0,Maturity,62.5,70.0
Punjab,Co 0238,2000.0,Alluvial Soil,7.05,30.0,813.3,29.5,65.6,Harvest,70.0,75.5
Punjab,Co 0238,200.0,Black Soil,7.72,79.6,1549.4,30.8,69.3,Planting,75.5,75.0
Punjab,Co 0238,3000.0,Alluvial Soil,6.65,55.2,1471.7,25.8,80.8,Tillering,75500.0,86.0
Punjab,Co 0238,3000.0,Alluvial Soil,7.01,56.5,1241.3,33.5,55.8,Grand Growth,86.0,81.0
Punjab,Co 0238,3000.0,Alluvial Soil,6.64,51.4,1187.9,29.7,71.9,Maturity,81.0,88.0
Punjab,Co 0238,1000.0,Alluvial Soil,7.14,71.2,1545.6,34.1,74.8,Germination,73000.0,82.0
Punjab,Co 0238,8000.0,Alluvial Soil,7.35,51.9,1384.1,34.3,64.7,Grand Growth,69.21,66.25
Punjab,Co 0238,7000.0,Alluvial Soil,6.62,45.7,1021.3,27.2,72.9,Maturity,66.25,65.71
Punjab,Co 0238,8000.0,Alluvial Soil,6.88,50.2,1412.1,36.4,64.2,Harvest,65.71,71.25
Punjab,Co 0238,8000.0,Alluvial Soil,7.14,58.4,1205.9,32.5,71.2,Planting,71.25,66.25
Punjab,Co 0238,9000.0,Alluvial Soil,6.68,49.5,1319.8,34.0,67.9,Germination,66.25,57.78
Punjab,Co 0238,9000.0,Alluvial Soil,7.48,41.3,1108.5,32.1,64.2,Tillering,57.78,51.11
Punjab,Co 0238,6000.0,Alluvial Soil,6.92,39.9,1051.4,33.4,65.2,Grand Growth,51.11,46.67
Punjab,Co 0238,2000.0,Alluvial Soil,6.67,47.4,1088.5,32.0,64.4,Maturity,46.67,70.0
Punjab,Co 0238,1000.0,Alluvial Soil,7.41,54.0,1408.4,29.8,68.0,Harvest,70.0,76.0
Punjab,Co 0238,100.0,Alluvial Soil,7.48,38.1,940.3,26.1,58.7,Planting,76.0,60.0
Punjab,Co 0238,1000.0,Alluvial Soil,7.24,49.8,1123.9,28.2,63.5,Germination,60.0,67.0
Punjab,Co 0238,2000.0,Alluvial Soil,7.08,58.2,1294.6,30.8,74.0,Tillering,67.0,85.0
Punjab,Co 0238,2000.0,Alluvial Soil,7.01,40.9,1096.6,28.2,79.7,Grand Growth,85.0,75.0
Punjab,Co 0238,19000.0,Alluvial Soil,7.05,62.3,1517.9,32.4,62.6,Harvest,54.91,51.58
Punjab,Co 0238,15000.0,Alluvial Soil,6.84,53.8,1430.4,30.6,74.5,Planting,51.58,56.0
Punjab,Co 0238,16000.0,Alluvial Soil,7.18,33.7,840.3,30.2,50.8,Germination,56.0,68.75
Punjab,Co 0238,18000.0,Alluvial Soil,6.59,37.6,1233.1,32.9,72.6,Tillering,68.75,67.78
Punjab,Co 0238,23000.0,Red Loam,6.71,45.5,1252.9,23.8,68.6,Grand Growth,67.78,68.26
Punjab,Co 0238,25000.0,Sandy Loam,7.26,73.9,1555.4,29.1,75.4,Maturity,68.26,68.0
Punjab,Co 0238,22000.0,Alluvial Soil,7.08,45.2,1314.1,25.8,69.8,Harvest,68.0,60.0
Punjab,Co 0238,20000.0,Alluvial Soil,7.24,37.8,1298.0,28.7,69.9,Planting,60.0,65.5
Punjab,Co 0238,21000.0,Alluvial Soil,6.74,30.0,618.3,28.2,56.1,Germination,65.5,67.24
Punjab,Co 0238,1900.0,Alluvial Soil,7.21,57.5,1344.5,32.8,67.0,Tillering,67.24,65.26
Punjab,Co 0238,22000.0,Alluvial Soil,6.66,43.2,1227.4,29.8,61.4,Maturity,74550.0,72.45
Punjab,Co 0238,21000.0,Alluvial Soil,7.66,38.1,961.5,33.2,50.9,Harvest,72.45,74.29
Punjab,Co 0238,24000.0,Sandy Loam,6.56,56.6,1350.9,25.0,81.9,Planting,74.29,76.67
Punjab,Co 0238,13000.0,Alluvial Soil,7.09,51.1,1258.4,28.8,67.0,Tillering,57.45,59.23
Punjab,Co 0238,13000.0,Alluvial Soil,7.53,36.5,1134.9,27.0,67.5,Grand Growth,59.23,60.0
Punjab,Co 0238,15000.0,Alluvial Soil,7.72,50.9,1293.2,31.8,72.3,Maturity,60.0,60.0
Punjab,Co 0238,17000.0,Alluvial Soil,7.03,39.3,805.0,30.5,56.9,Harvest,60.0,60.0
Punjab,Co 0238,21000.0,Black Soil,7.11,58.9,1187.7,29.1,64.4,Planting,60.0,61.43
Punjab,Co 0238,25000.0,Alluvial Soil,6.35,39.6,1081.1,35.1,63.9,Germination,61.43,52.4
Punjab,Co 0238,22000.0,Alluvial Soil,6.85,72.6,1829.2,31.5,72.8,Tillering,52.4,53.18
Punjab,Co 0238,18000.0,Alluvial Soil,7.14,42.4,1000.4,34.1,63.0,Grand Growth,53.18,57.22
Punjab,Co 0238,21000.0,Clay Loam,6.85,41.6,916.2,27.8,66.8,Maturity,57.22,55.62
Punjab,Co 0238,1400.0,Alluvial Soil,6.55,45.8,1194.0,29.4,69.9,Harvest,55.62,54.29
Punjab,Co 0238,19000.0,Alluvial Soil,6.72,55.3,1392.6,35.0,73.8,Germination,64650.0,69.53
Punjab,Co 0238,21000.0,Black Soil,7.08,66.1,1452.8,29.7,73.0,Tillering,69.53,70.52
Punjab,Co 0238,22000.0,Alluvial Soil,6.89,48.6,1303.5,31.2,62.1,Grand Growth,70.52,68.86
Punjab,Co 0238,14000.0,Alluvial Soil,7.3,52.7,1050.3,28.3,56.0,Harvest,54.78,55.71
Punjab,Co 0238,13000.0,Alluvial Soil,6.67,67.6,1549.7,27.0,80.7,Planting,55.71,56.15
Punjab,Co 0238,14000.0,Alluvial Soil,7.0,76.2,1594.8,28.6,74.5,Germination,56.15,58.57
Punjab,Co 0238,15000.0,Alluvial Soil,7.49,68.8,1528.3,31.7,68.4,Tillering,58.57,61.33
Punjab,Co 0238,16000.0,Alluvial Soil,7.23,38.1,1047.0,27.6,66.7,Grand Growth,61.33,62.5
Punjab,Co 0238,17000.0,Alluvial Soil,6.93,49.2,1285.9,25.0,67.2,Maturity,62.5,61.18
Punjab,Co 0238,15000.0,Alluvial Soil,7.05,56.5,1669.0,37.5,64.9,Harvest,61.18,46.0
Punjab,Co 0238,11000.0,Alluvial Soil,6.98,47.0,1028.3,28.0,67.8,Planting,46.0,55.45
Punjab,Co 0238,11000.0,Alluvial Soil,7.49,58.2,1247.6,29.4,62.6,Germination,55.45,61.45
Punjab,Co 0238,700.0,Alluvial Soil,7.42,63.2,1375.6,30.0,65.2,Tillering,61.45,60.0
Punjab,Co 0238,10000.0,Sandy Loam,6.4,62.8,1574.3,29.5,66.7,Maturity,66555.56,65.1
Punjab,Co 0238,10000.0,Alluvial Soil,6.99,49.3,1185.6,31.9,54.8,Harvest,65.1,76.4
Punjab,Co 0238,11000.0,Clay Loam,6.7,68.8,1366.8,35.4,61.4,Planting,76.4,75.0
Punjab,Co 0238,5000.0,Alluvial Soil,7.47,37.8,1121.2,27.8,68.1,Tillering,55.24,54.0
Punjab,Co 0238,4000.0,Alluvial Soil,7.17,62.5,1412.8,32.9,65.5,Grand Growth,54.0,60.0
Punjab,Co 0238,4000.0,Alluvial Soil,6.61,44.7,1162.6,30.9,66.2,Maturity,60.0,55.0
Punjab,Co 0238,5000.0,Alluvial Soil,7.17,43.1,1258.7,28.4,75.2,Harvest,55.0,66.0
Punjab,Co 0238,6000.0,Alluvial Soil,6.89,55.9,1139.3,30.1,65.9,Planting,66.0,61.67
Punjab,Co 0238,6000.0,Alluvial Soil,6.98,71.7,1520.3,23.6,75.9,Germination,61.67,58.33
Punjab,Co 0238,6000.0,Alluvial Soil,6.87,51.8,1487.2,28.7,68.5,Tillering,58.33,53.33
Punjab,Co 0238,5000.0,Alluvial Soil,7.74,40.3,1112.0,33.0,61.3,Grand Growth,53.33,60.0
Punjab,Co 0238,4000.0,Alluvial Soil,6.92,55.7,1266.4,27.7,67.5,Maturity,60.0,57.75
Punjab,Co 0238,300.0,Alluvial Soil,6.95,59.5,1351.1,28.4,73.2,Harvest,57.75,60.0
Punjab,Co 0238,4000.0,Alluvial Soil,7.11,78.1,1776.1,25.4,75.0,Germination,73666.67,64.5
Punjab,Co 0238,4000.0,Alluvial Soil,7.14,56.9,1200.7,31.6,71.3,Tillering,64.5,82.0
Punjab,Co 0238,4000.0,Alluvial Soil,6.74,45.2,1388.7,29.4,67.1,Grand Growth,82.0,78.0
Punjab,Co 0238,8000.0,Alluvial Soil,6.8,42.3,1337.5,30.3,75.1,Harvest,62.31,58.75
Punjab,Co 0238,5000.0,Black Soil,7.37,43.9,1069.6,33.3,61.5,Planting,58.75,66.0
Punjab,Co 0238,6000.0,Alluvial Soil,6.82,55.6,1532.3,26.6,76.8,Germination,66.0,70.0
Punjab,Co 0238,7000.0,Clay Loam,6.66,75.3,1343.5,28.4,67.7,Tillering,70.0,67.14
Punjab,Co 0238,8000.0,Alluvial Soil,7.21,50.9,1133.0,34.7,61.9,Grand Growth,67.14,67.5
Punjab,Co 0238,8000.0,Alluvial Soil,7.14,38.4,1181.9,30.0,63.2,Maturity,67.5,63.75
Punjab,Co 0238,5000.0,Alluvial Soil,7.34,59.1,1261.2,31.6,76.4,Harvest,63.75,54.0
Punjab,Co 0238,3000.0,Alluvial Soil,7.02,60.6,1338.7,30.2,66.0,Planting,54.0,46.67
Punjab,Co 0238,2000.0,Alluvial Soil,6.35,36.2,1188.7,33.1,69.0,Germination,46.67,66.5
Punjab,Co 0238,100.0,Alluvial Soil,6.8,55.1,1450.2,32.5,68.9,Tillering,66.5,60.0
Punjab,Co 0238,2000.0,Clay Loam,7.04,37.4,713.9,31.3,62.3,Maturity,80500.0,68.0
Punjab,Co 0238,2000.0,Alluvial Soil,7.03,64.4,1347.0,29.0,70.7,Harvest,68.0,85.0
Punjab,Co 0238,3000.0,Alluvial Soil,6.98,68.8,1633.8,26.9,66.4,Planting,85.0,86.0
Punjab,Co 0238,1000.0,Alluvial Soil,7.29,32.4,1033.5,29.5,64.4,Tillering,59.57,60.0
Punjab,Co 0238,1000.0,Alluvial Soil,6.86,48.8,1211.4,35.3,62.5,Grand Growth,60.0,60.0
Punjab,Co 0238,1000.0,Alluvial Soil,6.99,59.1,1482.0,24.0,72.8,Maturity,60.0,60.0
Punjab,Co 0238,1000.0,Alluvial Soil,7.07,71.5,1724.8,26.1,83.8,Harvest,60.0,60.0
Punjab,Co 0238,1000.0,Alluvial Soil,7.1,76.0,1593.9,31.3,71.3,Planting,60.0,70.0
Punjab,Co 0238,1000.0,Alluvial Soil,6.71,51.8,1351.1,35.0,53.4,Germination,70.0,50.0
Punjab,Co 0238,1000.0,Alluvial Soil,7.41,51.7,1024.9,27.7,78.3,Tillering,57.32,60.0
Punjab,Co 0238,1000.0,Alluvial Soil,7.7,64.1,1298.1,32.3,65.6,Grand Growth,60.0,60.0
Punjab,Co 0238,2000.0,Alluvial Soil,6.92,57.7,1275.4,28.4,72.2,Maturity,60.0,75.0
Punjab,Co 0238,2000.0,Alluvial Soil,7.41,55.0,1197.4,31.6,76.4,Harvest,75.0,50.0
Punjab,Co 0238,1000.0,Clay Loam,7.05,59.4,1333.2,31.7,61.0,Planting,50.0,60.0
Punjab,Co 0238,1000.0,Alluvial Soil,7.17,36.9,858.5,32.0,53.2,Germination,60.0,60.0
Punjab,Co 0238,2000.0,Alluvial Soil,7.0,58.1,1460.4,27.1,62.2,Tillering,49.57,55.0
Punjab,Co 0238,2000.0,Alluvial Soil,6.85,53.0,1288.6,33.3,64.8,Grand Growth,55.0,65.0
Punjab,Co 0238,2000.0,Sandy Loam,6.38,58.8,1130.3,35.8,64.5,Maturity,65.0,65.0
Punjab,Co 0238,4000.0,Alluvial Soil,7.06,61.8,1709.1,27.0,77.8,Harvest,65.0,72.5
Punjab,Co 0238,5000.0,Alluvial Soil,6.97,52.6,1172.4,27.0,73.7,Planting,72.5,76.0
Punjab,Co 0238,8000.0,Alluvial Soil,6.84,64.5,1391.4,28.3,65.3,Germination,76.0,62.5
Punjab,Co 0238,4000.0,Alluvial Soil,6.84,70.7,1401.3,36.3,64.7,Tillering,62.5,52.5
Punjab,Co 0238,1000.0,Alluvial Soil,7.35,48.4,1164.1,25.3,76.3,Grand Growth,52.5,50.0
Punjab,Co 0238,1000.0,Alluvial Soil,7.22,43.3,1236.4,28.9,66.9,Maturity,50.0,51.0
Punjab,Co 0238,13000.0,Alluvial Soil,6.89,61.9,1474.9,25.8,74.5,Grand Growth,52.38,56.15
Punjab,Co 0238,11000.0,Alluvial Soil,7.04,60.5,1552.2,28.9,67.1,Maturity,56.15,57.27
Punjab,Co 0238,12000.0,Alluvial Soil,6.72,56.9,1366.7,28.9,76.0,Harvest,57.27,58.33
Punjab,Co 0238,12000.0,Alluvial Soil,7.09,79.9,1718.0,26.8,74.8,Planting,58.33,63.33
Punjab,Co 0238,12000.0,Sandy Loam,6.64,39.4,1061.1,29.6,63.5,Germination,63.33,60.0
Punjab,Co 0238,12000.0,Alluvial Soil,7.07,52.6,1372.3,30.0,70.5,Tillering,60.0,53.33
Punjab,Co 0238,10000.0,Alluvial Soil,7.28,36.0,1172.9,31.2,67.5,Grand Growth,53.33,47.0
Punjab,Co 0238,7000.0,Alluvial Soil,7.23,42.6,1346.1,32.5,73.5,Maturity,47.0,54.29
Punjab,Co 0238,7000.0,Alluvial Soil,7.29,50.0,1172.7,29.3,65.2,Harvest,54.29,54.29
Punjab,Co 0238,500.0,Alluvial Soil,7.43,39.4,1140.5,23.0,70.2,Planting,54.29,62.0
Punjab,Co 0238,5000.0,Alluvial Soil,6.74,41.9,1030.7,33.2,58.8,Tillering,67833.33,65.4
Punjab,Co 0238,6000.0,Alluvial Soil,7.26,39.0,1179.7,33.9,74.6,Grand Growth,65.4,66.83
Punjab,Co 0238,6000.0,Alluvial Soil,7.84,44.2,1186.0,33.3,69.3,Maturity,66.83,65.83
Punjab,Co 0238,4000.0,Red Loam,6.84,55.2,1350.9,35.3,65.5,Planting,74500.0,74.25
Punjab,Co 0238,4000.0,Alluvial Soil,7.34,33.7,1198.6,32.6,69.9,Germination,74.25,58.5
Punjab,Co 0238,4000.0,Alluvial Soil,6.54,52.4,1243.4,31.6,66.6,Tillering,58.5,63.25
Punjab,Co 0238,5000.0,Alluvial Soil,7.28,43.1,1063.5,25.0,67.6,Planting,51.75,54.0
Punjab,Co 0238,3000.0,Alluvial Soil,6.94,30.0,777.5,33.9,60.0,Germination,54.0,56.67
Punjab,Co 0238,3000.0,Alluvial Soil,6.7,58.2,1288.7,27.2,70.1,Tillering,56.67,60.0
Punjab,Co 0238,3000.0,Alluvial Soil,7.71,40.4,1173.5,26.4,70.3,Grand Growth,60.0,73.33
Punjab,Co 0238,4000.0,Alluvial Soil,7.62,39.9,1119.7,32.9,60.9,Maturity,73.33,70.0
Punjab,Co 0238,5000.0,Alluvial Soil,7.4,57.1,1385.9,27.9,65.4,Harvest,70.0,66.0
Punjab,Co 0238,4000.0,Alluvial Soil,6.78,48.7,1227.4,27.3,68.3,Planting,66.0,60.0
Punjab,Co 0238,2000.0,Alluvial Soil,6.98,33.6,1084.6,29.4,62.1,Germination,60.0,60.0
Punjab,Co 0238,1000.0,Alluvial Soil,6.78,38.4,1143.9,30.5,76.4,Tillering,60.0,70.0
Punjab,Co 0238,100.0,Sandy Loam,6.51,40.8,1132.8,29.5,59.4,Grand Growth,70.0,80.0
Punjab,Co 0238,2000.0,Alluvial Soil,7.38,50.3,1184.6,32.0,62.1,Harvest,88000.0,92.0
Punjab,Co 0238,3000.0,Alluvial Soil,7.25,39.9,1052.6,31.8,63.2,Planting,92.0,93.67
Punjab,Co 0238,3000.0,Alluvial Soil,7.09,56.8,1376.3,33.2,60.8,Germination,93.67,90.67
Punjab,Co 0238,11000.0,Alluvial Soil,7.35,37.3,950.8,31.3,70.7,Grand Growth,50.22,50.91
Punjab,Co 0238,9000.0,Alluvial Soil,7.36,83.4,1776.9,31.9,75.8,Maturity,50.91,56.67
Punjab,Co 0238,9000.0,Alluvial Soil,7.25,48.5,1209.2,29.7,63.7,Harvest,56.67,54.44
Punjab,Co 0238,10000.0,Alluvial Soil,6.85,59.8,1541.2,27.9,75.6,Planting,54.44,55.0
Punjab,Co 0238,10000.0,Black Soil,7.13,48.7,1135.0,29.8,71.9,Germination,55.0,54.0
Punjab,Co 0238,9000.0,Alluvial Soil,6.8,56.9,1434.6,28.2,73.1,Tillering,54.0,54.44
Punjab,Co 0238,7000.0,Alluvial Soil,7.1,42.5,1094.0,30.2,67.4,Grand Growth,54.44,50.0
Punjab,Co 0238,4000.0,Alluvial Soil,7.13,50.5,1373.8,22.9,68.8,Maturity,50.0,57.5
Punjab,Co 0238,6000.0,Alluvial Soil,7.15,46.2,1348.4,28.2,78.1,Harvest,57.5,63.83
Punjab,Co 0238,200.0,Alluvial Soil,6.99,30.0,816.1,27.1,52.3,Planting,63.83,65.0
Punjab,Co 0238,3000.0,Clay Loam,7.1,59.7,1143.1,34.3,61.2,Tillering,74666.67,75.67
Punjab,Co 0238,2000.0,Alluvial Soil,6.94,68.0,1423.6,27.7,71.5,Grand Growth,75.67,76.0
Punjab,Co 0238,3000.0,Alluvial Soil,7.26,30.0,1024.1,31.7,63.6,Maturity,76.0,79.33
Punjab,Co 0238,100.0,Alluvial Soil,6.84,48.0,1019.2,28.1,63.5,Maturity,49.76,50.0
Punjab,Co 0238,1000.0,Alluvial Soil,7.14,47.0,1111.1,29.4,71.2,Planting,65000.0,57.0
Punjab,Co 0238,1000.0,Black Soil,7.61,66.9,1338.0,32.3,69.6,Germination,57.0,61.0
Punjab,Co 0238,1000.0,Sandy Loam,7.3,37.7,1041.2,31.9,64.0,Tillering,61.0,64.0
Punjab,Co 0238,7000.0,Alluvial Soil,6.78,30.0,750.4,25.0,62.0,Grand Growth,63.8,64.29
Punjab,Co 0238,5000.0,Alluvial Soil,7.27,40.0,1252.8,29.6,70.0,Maturity,64.29,66.0
Punjab,Co 0238,4000.0,Black Soil,7.45,72.8,1346.4,23.9,81.9,Harvest,66.0,70.0
Punjab,Co 0238,3000.0,Alluvial Soil,6.8,52.4,1445.2,33.1,67.4,Planting,70.0,73.33
Punjab,Co 0238,4000.0,Alluvial Soil,7.23,56.9,1130.8,31.0,68.5,Germination,73.33,70.0
Punjab,Co 0238,4000.0,Alluvial Soil,6.86,60.9,1344.6,24.3,67.7,Tillering,70.0,70.0
Punjab,Co 0238,3000.0,Alluvial Soil,7.31,69.0,1601.0,38.6,62.0,Grand Growth,70.0,66.67
Punjab,Co 0238,2000.0,Alluvial Soil,6.87,58.9,1232.2,24.1,60.9,Maturity,66.67,75.0
Punjab,Co 0238,1000.0,Alluvial Soil,7.18,58.2,1300.0,27.4,66.7,Harvest,75.0,75.0
Punjab,Co 0238,100.0,Alluvial Soil,6.8,51.5,1416.9,34.5,63.6,Planting,75.0,80.0
Punjab,Co 0238,2000.0,Alluvial Soil,6.97,32.5,1044.7,33.2,63.5,Tillering,81500.0,80.5
Punjab,Co 0238,3000.0,Alluvial Soil,7.43,46.1,953.9,37.0,53.1,Grand Growth,80.5,88.0
Punjab,Co 0238,3000.0,Alluvial Soil,7.2,50.1,1237.7,29.4,61.9,Maturity,88.0,88.33
Punjab,Co 0238,1000.0,Red Loam,6.06,35.6,1251.4,25.6,65.6,Tillering,40000.0,71.0
Punjab,Co 0238,1000.0,Alluvial Soil,6.87,54.8,1241.6,26.4,71.7,Grand Growth,71.0,75.0
Rajasthan,Co 86032,100.0,Alluvial Soil,7.52,49.9,1400.0,31.4,64.8,Grand Growth,65.35,67.0
Rajasthan,Co 86032,55.0,Alluvial Soil,7.07,49.7,1400.0,31.4,64.6,Maturity,67.0,47.76
Rajasthan,Co 86032,45.0,Alluvial Soil,7.44,53.7,1400.0,31.4,69.9,Harvest,47.76,40.82
Rajasthan,Co 86032,31.0,Sandy Loam,6.49,54.3,1400.0,31.4,73.1,Planting,40.82,41.65
Rajasthan,Co 86032,30.0,Alluvial Soil,7.65,59.6,1400.0,31.4,73.8,Germination,41.65,47.7
Rajasthan,Co 86032,35.0,Alluvial Soil,7.3,56.8,1400.0,31.4,71.2,Tillering,47.7,42.23
Rajasthan,Co 86032,34.0,Alluvial Soil,6.74,63.0,1400.0,31.4,75.9,Grand Growth,42.23,53.41
Rajasthan,Co 86032,62.0,Alluvial Soil,6.69,61.4,1400.0,31.4,72.5,Maturity,53.41,48.32
Rajasthan,Co 86032,30.0,Alluvial Soil,7.08,51.9,1400.0,31.4,78.8,Harvest,48.32,60.93
Rajasthan,Co 86032,49.0,Sandy Loam,6.11,65.2,1400.0,31.4,69.2,Planting,60.93,57.71
Rajasthan,Co 86032,42.0,Red Loam,6.57,52.8,1400.0,31.4,82.0,Germination,57.71,57.12
Rajasthan,Co 86032,15.0,Alluvial Soil,7.36,41.5,1400.0,31.4,70.4,Tillering,57.12,59.4
Rajasthan,Co 86032,14.0,Alluvial Soil,6.81,51.4,1400.0,31.4,67.8,Grand Growth,59.4,57.57
Rajasthan,Co 86032,18.0,Alluvial Soil,6.86,46.3,1400.0,31.4,71.9,Maturity,57.57,67.0
Rajasthan,Co 86032,300.0,Alluvial Soil,7.11,54.6,1400.0,31.4,72.8,Maturity,47.79,46.33
Rajasthan,Co 86032,276.0,Alluvial Soil,6.9,61.2,1400.0,31.4,68.9,Harvest,46.33,47.77
Rajasthan,Co 86032,237.0,Alluvial Soil,7.1,51.1,1400.0,31.4,70.8,Planting,47.77,40.83
Rajasthan,Co 86032,175.0,Alluvial Soil,6.71,57.5,1400.0,31.4,69.2,Germination,40.83,41.65
Rajasthan,Co 86032,99.0,Alluvial Soil,6.92,61.1,1400.0,31.4,75.6,Tillering,41.65,47.7
Rajasthan,Co 86032,123.0,Alluvial Soil,7.16,65.0,1400.0,31.4,76.2,Grand Growth,47.7,38.09
Rajasthan,Co 86032,103.0,Alluvial Soil,7.05,46.3,1400.0,31.4,63.2,Maturity,38.09,67.87
Rajasthan,Co 86032,104.0,Alluvial Soil,7.32,56.7,1400.0,31.4,61.0,Harvest,67.87,40.81
Rajasthan,Co 86032,122.0,Alluvial Soil,7.33,67.8,1400.0,31.4,73.3,Planting,40.81,32.83
Rajasthan,Co 86032,127.0,Alluvial Soil,7.03,62.4,1400.0,31.4,67.1,Germination,32.83,59.27
Rajasthan,Co 86032,98.0,Alluvial Soil,7.7,64.6,1400.0,31.4,71.4,Tillering,59.27,39.22
Rajasthan,Co 86032,75.0,Alluvial Soil,6.83,51.2,1400.0,31.4,77.5,Grand Growth,39.22,50.68
Rajasthan,Co 86032,101.0,Alluvial Soil,7.2,58.2,1400.0,31.4,68.0,Maturity,50.68,58.03
Rajasthan,Co 86032,36.0,Alluvial Soil,7.3,61.3,1400.0,31.4,68.1,Harvest,58.03,39.17
Rajasthan,Co 86032,900.0,Alluvial Soil,6.99,62.7,1400.0,31.4,75.2,Harvest,75.66,71.44
Rajasthan,Co 86032,972.0,Alluvial Soil,7.21,61.7,1400.0,31.4,66.6,Planting,71.44,49.75
Rajasthan,Co 86032,1136.0,Alluvial Soil,6.98,54.5,1400.0,31.4,68.5,Germination,49.75,41.75
Rajasthan,Co 86032,1014.0,Alluvial Soil,6.7,51.0,1400.0,31.4,82.2,Tillering,41.75,28.71
Rajasthan,Co 86032,538.0,Alluvial Soil,7.15,59.9,1400.0,31.4,68.6,Grand Growth,28.71,53.52
Rajasthan,Co 86032,453.0,Alluvial Soil,6.94,52.0,1400.0,31.4,71.5,Maturity,53.52,50.55
Rajasthan,Co 86032,346.0,Black Soil,7.58,69.5,1400.0,31.4,75.4,Harvest,50.55,61.02
Rajasthan,Co 86032,231.0,Alluvial Soil,7.34,50.8,1400.0,31.4,77.8,Planting,61.02,44.84
Rajasthan,Co 86032,252.0,Alluvial Soil,6.65,59.5,1400.0,31.4,70.6,Germination,44.84,52.88
Rajasthan,Co 86032,287.0,Alluvial Soil,6.81,60.1,1400.0,31.4,74.9,Tillering,52.88,56.91
Rajasthan,Co 86032,352.0,Alluvial Soil,6.71,63.7,1400.0,31.4,73.4,Grand Growth,56.91,55.47
Rajasthan,Co 86032,228.0,Alluvial Soil,7.42,64.4,1400.0,31.4,63.1,Maturity,55.47,37.25
Rajasthan,Co 86032,140.0,Alluvial Soil,6.18,56.3,1400.0,31.4,69.4,Harvest,37.25,45.44
Rajasthan,Co 86032,132.0,Alluvial Soil,7.12,55.7,1400.0,31.4,68.5,Planting,45.44,53.33
Rajasthan,Co 86032,200.0,Alluvial Soil,7.18,46.6,1400.0,31.4,69.2,Planting,79.12,74.5
Rajasthan,Co 86032,202.0,Alluvial Soil,7.37,46.3,1400.0,31.4,69.1,Germination,74.5,54.0
Rajasthan,Co 86032,116.0,Black Soil,7.63,70.7,1400.0,31.4,70.0,Tillering,54.0,60.62
Rajasthan,Co 86032,129.0,Alluvial Soil,6.79,56.4,1400.0,31.4,68.7,Grand Growth,60.62,45.72
Rajasthan,Co 86032,97.0,Alluvial Soil,7.27,57.9,1400.0,31.4,72.4,Maturity,45.72,40.02
Rajasthan,Co 86032,59.0,Alluvial Soil,7.1,54.7,1400.0,31.4,64.9,Harvest,40.02,48.61
Rajasthan,Co 86032,16.0,Alluvial Soil,6.87,69.2,1400.0,31.4,70.7,Planting,48.61,56.62
Rajasthan,Co 86032,16.0,Alluvial Soil,6.98,60.3,1400.0,31.4,74.3,Germination,56.62,48.19
Rajasthan,Co 86032,25.0,Alluvial Soil,7.41,55.6,1400.0,31.4,71.0,Tillering,48.19,60.92
Rajasthan,Co 86032,62.0,Alluvial Soil,7.35,60.5,1400.0,31.4,66.7,Grand Growth,60.92,57.73
Rajasthan,Co 86032,55.0,Red Loam,6.98,58.6,1400.0,31.4,75.3,Maturity,57.73,57.11
Rajasthan,Co 86032,32.0,Alluvial Soil,7.73,60.7,1400.0,31.4,72.1,Harvest,57.11,59.44
Rajasthan,Co 86032,10.0,Alluvial Soil,7.26,49.4,1400.0,31.4,69.7,Planting,59.44,57.6
Rajasthan,Co 86032,36.0,Alluvial Soil,7.02,40.5,1400.0,31.4,73.0,Germination,57.6,67.0
Rajasthan,Co 86032,500.0,Alluvial Soil,6.78,60.6,1400.0,31.4,71.9,Germination,51.41,51.2
Rajasthan,Co 86032,445.0,Alluvial Soil,7.56,70.7,1400.0,31.4,61.7,Tillering,51.2,41.46
Rajasthan,Co 86032,399.0,Alluvial Soil,6.83,38.2,1400.0,31.4,73.0,Grand Growth,41.46,31.73
Rajasthan,Co 86032,223.0,Alluvial Soil,7.03,63.6,1400.0,31.4,67.3,Maturity,31.73,49.89
Rajasthan,Co 86032,136.0,Alluvial Soil,6.73,60.6,1400.0,31.4,68.5,Harvest,49.89,45.4
Rajasthan,Co 86032,79.0,Alluvial Soil,7.62,57.9,1400.0,31.4,68.9,Planting,45.4,28.44
Rajasthan,Co 86032,49.0,Alluvial Soil,7.12,55.8,1400.0,31.4,76.4,Germination,28.44,46.22
Rajasthan,Co 86032,35.0,Alluvial Soil,7.31,54.7,1400.0,31.4,65.4,Tillering,46.22,60.11
Rajasthan,Co 86032,43.0,Alluvial Soil,6.98,51.7,1400.0,31.4,68.3,Grand Growth,60.11,62.44
Rajasthan,Co 86032,121.0,Alluvial Soil,6.95,62.5,1400.0,31.4,66.7,Maturity,62.44,81.74
Rajasthan,Co 86032,99.0,Alluvial Soil,6.93,58.5,1400.0,31.4,62.3,Harvest,81.74,54.83
Rajasthan,Co 86032,58.0,Alluvial Soil,6.91,67.9,1400.0,31.4,64.9,Planting,54.83,53.24
Rajasthan,Co 86032,16.0,Alluvial Soil,6.64,60.3,1400.0,31.4,60.1,Germination,53.24,52.88
Rajasthan,Co 86032,49.0,Alluvial Soil,7.16,56.2,1400.0,31.4,68.7,Tillering,52.88,67.02
Rajasthan,Co 86032,600.0,Alluvial Soil,6.78,55.6,1400.0,31.4,70.2,Tillering,45.0,32.5
Rajasthan,Co 86032,552.0,Clay Loam,6.65,60.8,1400.0,31.4,65.5,Grand Growth,32.5,37.55
Rajasthan,Co 86032,272.0,Alluvial Soil,7.01,55.8,1400.0,31.4,67.3,Maturity,37.55,26.89
Rajasthan,Co 86032,128.0,Alluvial Soil,7.07,54.5,1400.0,31.4,70.3,Harvest,26.89,24.44
Rajasthan,Co 86032,83.0,Alluvial Soil,6.86,52.7,1400.0,31.4,67.4,Planting,24.44,35.48
Rajasthan,Co 86032,71.0,Clay Loam,6.69,68.4,1400.0,31.4,69.4,Germination,35.48,40.24
Rajasthan,Co 86032,36.0,Alluvial Soil,7.19,56.0,1400.0,31.4,66.3,Tillering,40.24,37.25
Rajasthan,Co 86032,26.0,Alluvial Soil,6.78,57.3,1400.0,31.4,71.3,Grand Growth,37.25,35.69
Rajasthan,Co 86032,139.0,Alluvial Soil,6.91,51.8,1400.0,31.4,75.4,Maturity,35.69,75.57
Rajasthan,Co 86032,200.0,Alluvial Soil,6.94,63.6,1400.0,31.4,66.3,Harvest,75.57,69.0
Rajasthan,Co 86032,329.0,Sandy Loam,7.39,58.2,1400.0,31.4,68.4,Planting,69.0,54.12
Rajasthan,Co 86032,165.0,Alluvial Soil,7.01,47.7,1400.0,31.4,72.8,Germination,54.12,58.37
Rajasthan,Co 86032,75.0,Alluvial Soil,6.79,59.5,1400.0,31.4,71.9,Tillering,58.37,94.03
Rajasthan,Co 86032,33.0,Alluvial Soil,7.07,58.2,1400.0,31.4,65.3,Grand Growth,94.03,40.91
Rajasthan,Co 86032,100.0,Alluvial Soil,6.76,63.1,1400.0,31.4,79.9,Grand Growth,45.0,27.0
Rajasthan,Co 86032,41.0,Red Loam,6.55,52.9,1400.0,31.4,75.2,Maturity,27.0,47.78
Rajasthan,Co 86032,42.0,Alluvial Soil,6.6,45.0,1400.0,31.4,71.9,Harvest,47.78,40.83
Rajasthan,Co 86032,35.0,Alluvial Soil,7.19,59.9,1400.0,31.4,70.8,Planting,40.83,41.66
Rajasthan,Co 86032,8.0,Alluvial Soil,7.22,61.0,1400.0,31.4,68.3,Germination,41.66,47.62
Rajasthan,Co 86032,11.0,Alluvial Soil,7.07,55.8,1400.0,31.4,73.3,Tillering,47.62,42.18
Rajasthan,Co 86032,2.0,Sandy Loam,7.06,57.9,1400.0,31.4,74.9,Grand Growth,42.18,53.5
Rajasthan,Co 86032,1.0,Alluvial Soil,6.62,54.5,1400.0,31.4,63.6,Maturity,53.5,48.0
Rajasthan,Co 86032,4.0,Alluvial Soil,7.5,58.4,1400.0,31.4,65.1,Harvest,48.0,61.0
Rajasthan,Co 86032,1.0,Alluvial Soil,7.28,48.9,1400.0,31.4,68.5,Planting,61.0,58.0
Rajasthan,Co 86032,7.0,Alluvial Soil,7.51,57.3,1400.0,31.4,64.2,Germination,58.0,57.14
Rajasthan,Co 86032,3.0,Alluvial Soil,6.69,63.3,1400.0,31.4,63.0,Tillering,57.14,59.33
Rajasthan,Co 86032,2.0,Alluvial Soil,7.02,54.4,1400.0,31.4,75.6,Grand Growth,59.33,67.0
Rajasthan,Co 86032,8900.0,Alluvial Soil,7.51,66.7,1400.0,31.4,65.6,Planting,46.56,43.62
Rajasthan,Co 86032,8451.0,Alluvial Soil,7.24,54.3,1400.0,31.4,73.8,Germination,43.62,38.87
Rajasthan,Co 86032,6496.0,Alluvial Soil,7.33,63.5,1400.0,31.4,71.7,Tillering,38.87,36.84
Rajasthan,Co 86032,5251.0,Alluvial Soil,7.15,61.1,1400.0,31.4,69.3,Grand Growth,36.84,42.62
Rajasthan,Co 86032,4060.0,Alluvial Soil,7.53,56.5,1400.0,31.4,72.4,Maturity,42.62,43.66
Rajasthan,Co 86032,4447.0,Alluvial Soil,6.92,63.5,1400.0,31.4,68.0,Harvest,43.66,48.05
Rajasthan,Co 86032,1469.0,Alluvial Soil,6.51,51.8,1400.0,31.4,70.4,Planting,48.05,33.1
Rajasthan,Co 86032,1631.0,Alluvial Soil,7.15,53.5,1400.0,31.4,62.9,Germination,33.1,52.26
Rajasthan,Co 86032,3251.0,Alluvial Soil,7.03,65.3,1400.0,31.4,72.4,Tillering,52.26,54.87
Rajasthan,Co 86032,4398.0,Alluvial Soil,6.86,54.2,1400.0,31.4,71.3,Grand Growth,54.87,50.26
Rajasthan,Co 86032,3667.0,Alluvial Soil,6.91,59.7,1400.0,31.4,70.2,Maturity,50.26,54.6
Rajasthan,Co 86032,1775.0,Alluvial Soil,7.15,66.0,1400.0,31.4,67.5,Harvest,54.6,45.7
Rajasthan,Co 86032,1360.0,Alluvial Soil,7.42,58.7,1400.0,31.4,58.1,Planting,45.7,40.28
Rajasthan,Co 86032,786.0,Alluvial Soil,7.05,49.2,1400.0,31.4,67.8,Germination,40.28,51.36
Rajasthan,Co 86032,2600.0,Alluvial Soil,7.24,62.2,1400.0,31.4,67.3,Germination,51.95,55.96
Rajasthan,Co 86032,2267.0,Alluvial Soil,7.2,57.0,1400.0,31.4,73.3,Tillering,55.96,58.16
Rajasthan,Co 86032,1605.0,Alluvial Soil,7.57,55.1,1400.0,31.4,75.3,Grand Growth,58.16,52.3
Rajasthan,Co 86032,1025.0,Alluvial Soil,6.75,57.7,1400.0,31.4,75.4,Maturity,52.3,55.91
Rajasthan,Co 86032,659.0,Alluvial Soil,7.79,58.7,1400.0,31.4,69.3,Harvest,55.91,46.97
Rajasthan,Co 86032,862.0,Alluvial Soil,7.52,58.8,1400.0,31.4,73.2,Planting,46.97,50.67
Rajasthan,Co 86032,786.0,Alluvial Soil,7.36,53.4,1400.0,31.4,72.4,Germination,50.67,57.01
Rajasthan,Co 86032,759.0,Alluvial Soil,7.43,52.9,1400.0,31.4,65.3,Tillering,57.01,60.13
Rajasthan,Co 86032,1180.0,Alluvial Soil,7.06,50.7,1400.0,31.4,70.3,Grand Growth,60.13,78.31
Rajasthan,Co 86032,1375.0,Alluvial Soil,7.41,54.0,1400.0,31.4,62.7,Maturity,78.31,57.11
Rajasthan,Co 86032,1195.0,Alluvial Soil,6.53,59.1,1400.0,31.4,72.8,Harvest,57.11,36.03
Rajasthan,Co 86032,881.0,Clay Loam,6.92,73.4,1400.0,31.4,68.1,Planting,36.03,49.62
Rajasthan,Co 86032,989.0,Alluvial Soil,7.1,63.7,1400.0,31.4,70.0,Germination,49.62,54.67
Rajasthan,Co 86032,1089.0,Alluvial Soil,7.12,49.9,1400.0,31.4,71.7,Tillering,54.67,73.21
Rajasthan,Co 86032,25.0,Alluvial Soil,7.17,50.9,1400.0,31.4,69.0,Tillering,47.11,47.76
Rajasthan,Co 86032,15.0,Alluvial Soil,7.24,61.1,1400.0,31.4,69.2,Grand Growth,47.76,40.8
Rajasthan,Co 86032,6.0,Alluvial Soil,6.98,63.9,1400.0,31.4,77.6,Maturity,40.8,41.67
Rajasthan,Co 86032,2.0,Alluvial Soil,6.68,48.7,1400.0,31.4,69.4,Harvest,41.67,47.5
Rajasthan,Co 86032,2.0,Alluvial Soil,6.86,60.3,1400.0,31.4,80.6,Planting,47.5,42.0
Rajasthan,Co 86032,3.0,Alluvial Soil,7.08,73.2,1400.0,31.4,73.7,Germination,42.0,53.33
Rajasthan,Co 86032,1.0,Alluvial Soil,6.7,58.9,1400.0,31.4,73.0,Tillering,53.33,48.0
Rajasthan,Co 86032,4.0,Sandy Loam,6.85,57.7,1400.0,31.4,69.8,Grand Growth,48.0,61.0
Rajasthan,Co 86032,3.0,Alluvial Soil,7.04,54.0,1400.0,31.4,63.7,Maturity,61.0,57.67
Rajasthan,Co 86032,2.0,Alluvial Soil,6.93,58.6,1400.0,31.4,68.7,Harvest,57.67,57.0
Rajasthan,Co 86032,3.0,Alluvial Soil,7.17,60.8,1400.0,31.4,71.6,Planting,57.0,59.33
Rajasthan,Co 86032,2.0,Clay Loam,7.1,72.2,1400.0,31.4,66.8,Germination,59.33,57.5
Rajasthan,Co 86032,1.0,Alluvial Soil,6.94,57.0,1400.0,31.4,61.4,Tillering,57.5,67.0
Rajasthan,Co 86032,300.0,Alluvial Soil,7.03,60.7,1400.0,31.4,69.2,Maturity,81.34,87.67
Rajasthan,Co 86032,276.0,Alluvial Soil,7.11,59.0,1400.0,31.4,70.8,Harvest,87.67,44.41
Rajasthan,Co 86032,296.0,Alluvial Soil,6.43,46.4,1400.0,31.4,69.0,Planting,44.41,67.08
Rajasthan,Co 86032,245.0,Alluvial Soil,6.83,69.2,1400.0,31.4,74.7,Germination,67.08,90.3
Rajasthan,Co 86032,132.0,Alluvial Soil,6.69,56.0,1400.0,31.4,77.6,Tillering,90.3,33.51
Rajasthan,Co 86032,115.0,Alluvial Soil,6.94,64.8,1400.0,31.4,61.5,Grand Growth,33.51,37.29
Rajasthan,Co 86032,74.0,Alluvial Soil,7.35,63.6,1400.0,31.4,70.7,Maturity,37.29,52.59
Rajasthan,Co 86032,67.0,Alluvial Soil,7.25,58.8,1400.0,31.4,72.1,Harvest,52.59,61.49
Rajasthan,Co 86032,105.0,Alluvial Soil,7.06,58.4,1400.0,31.4,73.5,Planting,61.49,90.53
Rajasthan,Co 86032,172.0,Black Soil,7.68,64.7,1400.0,31.4,69.2,Germination,90.53,31.16
Rajasthan,Co 86032,119.0,Alluvial Soil,6.84,55.1,1400.0,31.4,79.7,Tillering,31.16,36.92
Rajasthan,Co 86032,20.0,Alluvial Soil,6.74,62.9,1400.0,31.4,62.7,Grand Growth,36.92,50.8
Rajasthan,Co 86032,13.0,Alluvial Soil,7.09,55.5,1400.0,31.4,68.4,Maturity,50.8,68.69
Rajasthan,Co 86032,65.0,Alluvial Soil,7.12,61.6,1400.0,31.4,80.0,Harvest,68.69,85.6
Rajasthan,Co 86032,500.0,Alluvial Soil,7.1,55.6,1400.0,31.4,63.9,Harvest,45.0,45.0
Rajasthan,Co 86032,583.0,Alluvial Soil,7.06,76.0,1400.0,31.4,64.1,Planting,45.0,36.8
Rajasthan,Co 86032,549.0,Alluvial Soil,7.87,59.3,1400.0,31.4,58.0,Germination,36.8,36.61
Rajasthan,Co 86032,309.0,Red Loam,6.53,60.5,1400.0,31.4,67.7,Tillering,36.61,21.35
Rajasthan,Co 86032,180.0,Alluvial Soil,7.04,58.8,1400.0,31.4,80.5,Grand Growth,21.35,60.13
Rajasthan,Co 86032,151.0,Alluvial Soil,6.9,63.0,1400.0,31.4,70.8,Maturity,60.13,38.47
Rajasthan,Co 86032,113.0,Alluvial Soil,6.65,68.9,1400.0,31.4,57.4,Harvest,38.47,39.12
Rajasthan,Co 86032,108.0,Alluvial Soil,6.89,51.0,1400.0,31.4,64.4,Planting,39.12,67.13
Rajasthan,Co 86032,177.0,Alluvial Soil,7.36,47.3,1400.0,31.4,67.5,Germination,67.13,85.93
Rajasthan,Co 86032,188.0,Alluvial Soil,7.11,56.7,1400.0,31.4,70.8,Tillering,85.93,53.76
Rajasthan,Co 86032,185.0,Alluvial Soil,6.95,47.4,1400.0,31.4,72.8,Grand Growth,53.76,88.72
Rajasthan,Co 86032,116.0,Alluvial Soil,7.37,61.3,1400.0,31.4,66.5,Maturity,88.72,42.86
Rajasthan,Co 86032,68.0,Alluvial Soil,7.09,54.4,1400.0,31.4,75.4,Harvest,42.86,37.1
Rajasthan,Co 86032,76.0,Alluvial Soil,7.43,54.8,1400.0,31.4,75.4,Planting,37.1,125.93
Rajasthan,Co 86032,2400.0,Alluvial Soil,7.48,53.9,1400.0,31.4,68.4,Planting,54.65,57.12
Rajasthan,Co 86032,3625.0,Alluvial Soil,6.92,49.1,1400.0,31.4,62.0,Germination,57.12,64.0
Rajasthan,Co 86032,4419.0,Black Soil,6.42,68.7,1400.0,31.4,74.6,Tillering,64.0,45.33
Rajasthan,Co 86032,2843.0,Alluvial Soil,7.14,52.3,1400.0,31.4,71.4,Grand Growth,45.33,40.12
Rajasthan,Co 86032,1863.0,Alluvial Soil,6.95,61.1,1400.0,31.4,61.6,Maturity,40.12,54.7
Rajasthan,Co 86032,2614.0,Alluvial Soil,7.44,56.6,1400.0,31.4,73.5,Harvest,54.7,31.34
Rajasthan,Co 86032,2125.0,Alluvial Soil,7.19,56.4,1400.0,31.4,68.7,Planting,31.34,67.49
Rajasthan,Co 86032,2112.0,Alluvial Soil,7.25,59.8,1400.0,31.4,71.7,Germination,67.49,37.49
Rajasthan,Co 86032,1858.0,Alluvial Soil,7.18,61.2,1400.0,31.4,69.7,Tillering,37.49,58.6
Rajasthan,Co 86032,2651.0,Alluvial Soil,6.91,63.6,1400.0,31.4,65.4,Grand Growth,58.6,62.98
Rajasthan,Co 86032,2675.0,Alluvial Soil,7.59,60.7,1400.0,31.4,52.7,Maturity,62.98,59.52
Rajasthan,Co 86032,1837.0,Alluvial Soil,6.78,50.1,1400.0,31.4,69.8,Harvest,59.52,79.41
Rajasthan,Co 86032,2338.0,Alluvial Soil,6.79,55.3,1400.0,31.4,69.1,Planting,79.41,68.71
Rajasthan,Co 86032,2500.0,Alluvial Soil,6.48,59.8,1400.0,31.4,59.1,Germination,68.71,68.99
Rajasthan,Co 86032,200.0,Sandy Loam,7.1,59.3,1400.0,31.4,73.0,Germination,53.66,55.0
Rajasthan,Co 86032,161.0,Black Soil,7.53,67.6,1400.0,31.4,75.3,Tillering,55.0,47.77
Rajasthan,Co 86032,139.0,Alluvial Soil,6.76,46.9,1400.0,31.4,67.1,Grand Growth,47.77,40.83
Rajasthan,Co 86032,64.0,Sandy Loam,6.79,55.4,1400.0,31.4,66.8,Maturity,40.83,41.64
Rajasthan,Co 86032,36.0,Alluvial Soil,7.29,59.4,1400.0,31.4,70.4,Harvest,41.64,47.69
Rajasthan,Co 86032,139.0,Alluvial Soil,7.36,51.0,1400.0,31.4,79.0,Planting,47.69,42.23
Rajasthan,Co 86032,40.0,Alluvial Soil,7.23,55.2,1400.0,31.4,71.5,Germination,42.23,53.4
Rajasthan,Co 86032,10.0,Alluvial Soil,7.12,50.0,1400.0,31.4,65.8,Tillering,53.4,48.4
Rajasthan,Co 86032,5.0,Alluvial Soil,7.52,51.5,1400.0,31.4,67.8,Grand Growth,48.4,61.0
Rajasthan,Co 86032,7.0,Alluvial Soil,7.02,60.7,1400.0,31.4,69.6,Maturity,61.0,57.71
Rajasthan,Co 86032,21.0,Alluvial Soil,7.25,57.8,1400.0,31.4,72.0,Harvest,57.71,57.1
Rajasthan,Co 86032,10.0,Sandy Loam,6.7,57.9,1400.0,31.4,67.6,Planting,57.1,59.4
Rajasthan,Co 86032,2.0,Alluvial Soil,6.91,55.6,1400.0,31.4,72.3,Germination,59.4,57.5
Rajasthan,Co 86032,18.0,Alluvial Soil,7.19,60.8,1400.0,31.4,76.0,Tillering,57.5,67.0
Rajasthan,Co 86032,300.0,Alluvial Soil,6.77,52.6,1400.0,31.4,66.0,Tillering,54.42,54.0
Rajasthan,Co 86032,310.0,Alluvial Soil,7.05,62.2,1400.0,31.4,66.4,Grand Growth,54.0,47.77
Rajasthan,Co 86032,197.0,Red Loam,6.16,61.4,1400.0,31.4,62.7,Maturity,47.77,40.83
Rajasthan,Co 86032,137.0,Alluvial Soil,7.11,58.6,1400.0,31.4,63.4,Harvest,40.83,41.65
Rajasthan,Co 86032,108.0,Alluvial Soil,7.63,52.2,1400.0,31.4,69.4,Planting,41.65,47.69
Rajasthan,Co 86032,50.0,Alluvial Soil,7.32,55.8,1400.0,31.4,72.9,Germination,47.69,48.6
Rajasthan,Co 86032,45.0,Alluvial Soil,6.75,56.5,1400.0,31.4,63.4,Tillering,48.6,69.69
Rajasthan,Co 86032,27.0,Alluvial Soil,6.77,60.1,1400.0,31.4,69.3,Grand Growth,69.69,66.04
Rajasthan,Co 86032,10.0,Alluvial Soil,7.43,56.4,1400.0,31.4,73.2,Maturity,66.04,76.1
Rajasthan,Co 86032,18.0,Alluvial Soil,7.48,64.1,1400.0,31.4,74.2,Harvest,76.1,57.72
Rajasthan,Co 86032,22.0,Alluvial Soil,6.99,66.1,1400.0,31.4,77.1,Planting,57.72,57.09
Rajasthan,Co 86032,18.0,Alluvial Soil,7.18,66.6,1400.0,31.4,67.4,Germination,57.09,59.44
Rajasthan,Co 86032,31.0,Alluvial Soil,7.16,62.8,1400.0,31.4,68.9,Tillering,59.44,57.55
Rajasthan,Co 86032,37.0,Alluvial Soil,6.65,46.7,1400.0,31.4,67.2,Grand Growth,57.55,67.03
Rajasthan,Co 86032,1.0,Alluvial Soil,7.11,60.5,1400.0,31.4,66.0,Grand Growth,51.38,48.0
Rajasthan,Co 86032,5.0,Alluvial Soil,6.48,55.0,1400.0,31.4,78.5,Maturity,48.0,40.8
Rajasthan,Co 86032,1.0,Alluvial Soil,6.43,51.2,1400.0,31.4,68.9,Harvest,40.8,48.0
Rajasthan,Co 86032,1.0,Alluvial Soil,6.65,53.4,1400.0,31.4,71.8,Planting,48.0,58.0
Rajasthan,Co 86032,1.0,Alluvial Soil,7.1,55.6,1400.0,31.4,60.5,Germination,58.0,58.0
Rajasthan,Co 86032,1.0,Alluvial Soil,6.68,59.0,1400.0,31.4,73.6,Tillering,58.0,67.0
Rajasthan,Co 86032,100.0,Alluvial Soil,6.98,59.1,1400.0,31.4,74.9,Maturity,81.58,89.0
Rajasthan,Co 86032,131.0,Clay Loam,6.84,65.9,1400.0,31.4,71.8,Harvest,89.0,47.77
Rajasthan,Co 86032,90.0,Alluvial Soil,7.58,56.3,1400.0,31.4,67.5,Planting,47.77,40.83
Rajasthan,Co 86032,61.0,Alluvial Soil,6.75,58.0,1400.0,31.4,67.1,Germination,40.83,41.66
Rajasthan,Co 86032,47.0,Alluvial Soil,7.04,59.4,1400.0,31.4,75.2,Tillering,41.66,47.7
Rajasthan,Co 86032,38.0,Alluvial Soil,6.71,55.9,1400.0,31.4,73.5,Grand Growth,47.7,42.24
Rajasthan,Co 86032,14.0,Alluvial Soil,7.17,55.9,1400.0,31.4,63.6,Maturity,42.24,53.43
Rajasthan,Co 86032,12.0,Alluvial Soil,7.01,57.7,1400.0,31.4,68.5,Harvest,53.43,48.33
Rajasthan,Co 86032,23.0,Alluvial Soil,7.28,60.9,1400.0,31.4,73.7,Planting,48.33,60.91
Rajasthan,Co 86032,31.0,Alluvial Soil,7.06,56.3,1400.0,31.4,77.5,Germination,60.91,57.71
Rajasthan,Co 86032,25.0,Alluvial Soil,7.27,54.3,1400.0,31.4,72.3,Tillering,57.71,57.12
Rajasthan,Co 86032,30.0,Alluvial Soil,6.93,59.9,1400.0,31.4,71.7,Grand Growth,57.12,59.43
Rajasthan,Co 86032,16.0,Alluvial Soil,7.47,55.2,1400.0,31.4,70.8,Maturity,59.43,53.94
Rajasthan,Co 86032,19.0,Alluvial Soil,7.06,55.9,1400.0,31.4,66.4,Harvest,53.94,67.0
Rajasthan,Co 86032,4.0,Alluvial Soil,7.24,51.0,1400.0,31.4,74.2,Harvest,50.8,47.75
Rajasthan,Co 86032,4.0,Alluvial Soil,7.04,53.7,1400.0,31.4,72.5,Planting,47.75,40.75
Rajasthan,Co 86032,1.0,Red Loam,6.67,53.6,1400.0,31.4,69.4,Maturity,49.37,48.0
Rajasthan,Co 86032,1.0,Black Soil,7.83,85.0,1400.0,31.4,77.6,Harvest,48.0,42.0
Rajasthan,Co 86032,306.0,Alluvial Soil,7.34,67.8,1400.0,31.4,67.4,Maturity,60.97,60.1
Rajasthan,Co 86032,240.0,Alluvial Soil,6.95,69.8,1400.0,31.4,73.7,Harvest,60.1,50.6
Rajasthan,Co 86032,157.0,Black Soil,7.55,61.2,1400.0,31.4,75.8,Planting,50.6,45.9
Rajasthan,Co 86032,88.0,Alluvial Soil,7.49,47.8,1400.0,31.4,71.9,Germination,45.9,41.08
Rajasthan,Co 86032,65.0,Alluvial Soil,6.92,55.9,1400.0,31.4,72.0,Tillering,41.08,38.09
Rajasthan,Co 86032,37.0,Alluvial Soil,6.89,62.6,1400.0,31.4,59.4,Grand Growth,38.09,56.62
Rajasthan,Co 86032,46.0,Alluvial Soil,6.58,60.1,1400.0,31.4,75.3,Maturity,56.62,70.09
Rajasthan,Co 86032,93.0,Alluvial Soil,6.84,53.4,1400.0,31.4,65.2,Harvest,70.09,49.99
Rajasthan,Co 86032,128.0,Alluvial Soil,7.48,55.5,1400.0,31.4,69.8,Planting,49.99,113.52
Rajasthan,Co 86032,114.0,Alluvial Soil,6.61,56.7,1400.0,31.4,68.2,Germination,113.52,100.42
Rajasthan,Co 86032,45.0,Black Soil,7.25,60.7,1400.0,31.4,69.6,Tillering,100.42,64.87
Rajasthan,Co 86032,28.0,Alluvial Soil,6.91,59.1,1400.0,31.4,69.4,Grand Growth,64.87,108.96
Rajasthan,Co 86032,45.0,Alluvial Soil,7.47,46.6,1400.0,31.4,66.4,Maturity,108.96,83.27
Rajasthan,Co 86032,200.0,Alluvial Soil,6.87,64.2,1400.0,31.4,65.3,Grand Growth,54.31,56.0
Rajasthan,Co 86032,39.0,Alluvial Soil,7.6,58.2,1400.0,31.4,70.1,Maturity,56.0,47.77
Rajasthan,Co 86032,30.0,Alluvial Soil,7.07,53.6,1400.0,31.4,70.2,Harvest,47.77,40.83
Rajasthan,Co 86032,21.0,Alluvial Soil,7.66,58.9,1400.0,31.4,79.1,Planting,40.83,41.67
Rajasthan,Co 86032,24.0,Alluvial Soil,7.09,60.2,1400.0,31.4,63.2,Germination,41.67,47.71
Rajasthan,Co 86032,9.0,Alluvial Soil,6.89,60.2,1400.0,31.4,73.2,Tillering,47.71,42.22
Rajasthan,Co 86032,4.0,Alluvial Soil,7.06,59.3,1400.0,31.4,62.1,Grand Growth,42.22,53.5
Rajasthan,Co 86032,5.0,Alluvial Soil,7.29,61.6,1400.0,31.4,72.0,Maturity,53.5,48.2
Rajasthan,Co 86032,16.0,Alluvial Soil,6.74,54.5,1400.0,31.4,69.5,Harvest,48.2,60.94
Rajasthan,Co 86032,28.0,Alluvial Soil,7.16,65.7,1400.0,31.4,67.5,Planting,60.94,57.71
Rajasthan,Co 86032,23.0,Alluvial Soil,7.1,63.6,1400.0,31.4,64.7,Germination,57.71,57.13
Rajasthan,Co 86032,14.0,Alluvial Soil,6.72,57.6,1400.0,31.4,71.5,Tillering,57.13,59.43
Rajasthan,Co 86032,9.0,Alluvial Soil,7.51,57.9,1400.0,31.4,72.0,Grand Growth,59.43,57.56
Rajasthan,Co 86032,5.0,Alluvial Soil,6.96,58.8,1400.0,31.4,58.7,Maturity,57.56,67.0
Rajasthan,Co 86032,1.0,Red Loam,7.48,49.5,1400.0,31.4,77.6,Maturity,51.24,48.0
Rajasthan,Co 86032,2.0,Alluvial Soil,6.91,57.2,1400.0,31.4,70.8,Harvest,48.0,42.0
Rajasthan,Co 86032,1.0,Alluvial Soil,6.68,60.7,1400.0,31.4,71.4,Planting,42.0,48.0
Rajasthan,Co 86032,2.0,Alluvial Soil,7.38,60.2,1400.0,31.4,72.0,Germination,48.0,57.5
Rajasthan,Co 86032,1.0,Alluvial Soil,7.11,63.1,1400.0,31.4,66.7,Tillering,57.5,67.0
Rajasthan,Co 86032,1.0,Alluvial Soil,6.77,55.3,1400.0,31.4,74.8,Harvest,49.53,48.0
Rajasthan,Co 86032,3.0,Alluvial Soil,6.83,61.1,1400.0,31.4,59.4,Planting,48.0,41.0
Rajasthan,Co 86032,2.0,Alluvial Soil,6.74,42.1,1400.0,31.4,68.3,Germination,41.0,41.5
Rajasthan,Co 86032,1.0,Alluvial Soil,7.08,59.6,1400.0,31.4,63.7,Tillering,41.5,53.0
Rajasthan,Co 86032,1.0,Alluvial Soil,7.22,57.1,1400.0,31.4,72.5,Grand Growth,53.0,61.0
Rajasthan,Co 86032,9.0,Alluvial Soil,6.89,60.7,1400.0,31.4,59.4,Grand Growth,62.68,59.44
Rajasthan,Co 86032,8.0,Alluvial Soil,6.94,47.1,1400.0,31.4,66.2,Maturity,59.44,57.62
Rajasthan,Co 86032,4.0,Alluvial Soil,7.36,61.0,1400.0,31.4,69.4,Harvest,57.62,67.0
Rajasthan,Co 86032,1900.0,Alluvial Soil,7.14,54.4,1400.0,31.4,71.4,Maturity,49.21,47.05
Rajasthan,Co 86032,1650.0,Red Loam,6.83,46.8,1400.0,31.4,68.8,Harvest,47.05,40.1
Rajasthan,Co 86032,1209.0,Alluvial Soil,6.9,59.5,1400.0,31.4,77.1,Planting,40.1,32.31
Rajasthan,Co 86032,600.0,Alluvial Soil,6.91,64.9,1400.0,31.4,78.8,Germination,32.31,21.58
Rajasthan,Co 86032,270.0,Black Soil,7.34,60.2,1400.0,31.4,77.0,Tillering,21.58,47.85
Rajasthan,Co 86032,214.0,Alluvial Soil,7.14,57.8,1400.0,31.4,63.1,Grand Growth,47.85,25.7
Rajasthan,Co 86032,180.0,Alluvial Soil,6.75,51.8,1400.0,31.4,75.0,Maturity,25.7,31.92
Rajasthan,Co 86032,142.0,Alluvial Soil,6.99,50.1,1400.0,31.4,75.7,Harvest,31.92,56.06
Rajasthan,Co 86032,146.0,Alluvial Soil,6.62,47.0,1400.0,31.4,72.3,Planting,56.06,50.38
Rajasthan,Co 86032,373.0,Black Soil,7.42,65.9,1400.0,31.4,72.5,Germination,50.38,72.16
Rajasthan,Co 86032,565.0,Alluvial Soil,7.12,55.5,1400.0,31.4,77.9,Tillering,72.16,72.01
Rajasthan,Co 86032,523.0,Sandy Loam,6.66,44.5,1400.0,31.4,72.2,Grand Growth,72.01,57.41
Rajasthan,Co 86032,301.0,Alluvial Soil,6.9,57.7,1400.0,31.4,77.3,Maturity,57.41,45.23
Rajasthan,Co 86032,183.0,Alluvial Soil,7.46,47.0,1400.0,31.4,68.0,Harvest,45.23,68.19
Rajasthan,Co 86032,300.0,Alluvial Soil,6.8,58.0,1400.0,31.4,70.2,Harvest,128.16,118.67
Rajasthan,Co 86032,278.0,Alluvial Soil,7.06,60.0,1400.0,31.4,75.5,Planting,118.67,52.25
Rajasthan,Co 86032,226.0,Alluvial Soil,7.0,44.0,1400.0,31.4,63.1,Germination,52.25,60.62
Rajasthan,Co 86032,109.0,Alluvial Soil,7.26,60.8,1400.0,31.4,65.2,Tillering,60.62,86.13
Rajasthan,Co 86032,45.0,Alluvial Soil,6.86,59.0,1400.0,31.4,66.8,Grand Growth,86.13,75.76
Rajasthan,Co 86032,21.0,Alluvial Soil,7.42,50.5,1400.0,31.4,86.3,Maturity,75.76,29.24
Rajasthan,Co 86032,19.0,Alluvial Soil,7.08,60.6,1400.0,31.4,57.7,Harvest,29.24,69.68
Rajasthan,Co 86032,28.0,Sandy Loam,6.82,60.3,1400.0,31.4,67.8,Planting,69.68,66.04
Rajasthan,Co 86032,57.0,Alluvial Soil,6.93,63.2,1400.0,31.4,73.4,Germination,66.04,60.91
Rajasthan,Co 86032,75.0,Alluvial Soil,7.25,57.3,1400.0,31.4,68.9,Tillering,60.91,57.72
Rajasthan,Co 86032,57.0,Alluvial Soil,6.35,46.2,1400.0,31.4,69.4,Grand Growth,57.72,57.12
Rajasthan,Co 86032,39.0,Alluvial Soil,7.25,53.5,1400.0,31.4,64.0,Maturity,57.12,59.44
Rajasthan,Co 86032,27.0,Alluvial Soil,7.39,59.3,1400.0,31.4,71.8,Harvest,59.44,57.56
Rajasthan,Co 86032,36.0,Alluvial Soil,7.31,61.0,1400.0,31.4,66.4,Planting,57.56,67.0
Rajasthan,Co 86032,27.0,Alluvial Soil,7.0,52.6,1400.0,31.4,67.3,Planting,46.86,47.78
Rajasthan,Co 86032,29.0,Alluvial Soil,7.36,62.5,1400.0,31.4,75.1,Germination,47.78,40.83
Rajasthan,Co 86032,33.0,Alluvial Soil,6.89,63.6,1400.0,31.4,73.1,Tillering,40.83,41.64
Rajasthan,Co 86032,35.0,Black Soil,7.72,66.4,1400.0,31.4,68.1,Grand Growth,41.64,47.69
Rajasthan,Co 86032,26.0,Alluvial Soil,6.95,62.1,1400.0,31.4,64.4,Maturity,47.69,42.23
Rajasthan,Co 86032,32.0,Alluvial Soil,7.05,61.1,1400.0,31.4,73.2,Harvest,42.23,53.41
Rajasthan,Co 86032,23.0,Alluvial Soil,7.33,54.3,1400.0,31.4,69.4,Planting,53.41,48.35
Rajasthan,Co 86032,23.0,Alluvial Soil,7.06,58.8,1400.0,31.4,75.7,Germination,48.35,60.91
Rajasthan,Co 86032,15.0,Alluvial Soil,6.69,63.8,1400.0,31.4,72.6,Tillering,60.91,57.73
Rajasthan,Co 86032,20.0,Alluvial Soil,6.65,55.2,1400.0,31.4,62.4,Grand Growth,57.73,57.1
Rajasthan,Co 86032,15.0,Sandy Loam,6.93,67.6,1400.0,31.4,69.4,Maturity,57.1,59.4
Rajasthan,Co 86032,12.0,Alluvial Soil,7.18,51.3,1400.0,31.4,64.0,Harvest,59.4,57.58
Rajasthan,Co 86032,15.0,Alluvial Soil,7.45,51.9,1400.0,31.4,62.3,Planting,57.58,67.0
Rajasthan,Co 86032,2.0,Alluvial Soil,7.19,63.3,1400.0,31.4,74.0,Harvest,45.31,47.5
Rajasthan,Co 86032,31.0,Alluvial Soil,6.7,56.9,1400.0,31.4,68.0,Planting,47.5,60.9
Rajasthan,Co 86032,1.0,Red Loam,6.52,60.2,1400.0,31.4,65.8,Germination,60.9,59.0
Rajasthan,Co 86032,400.0,Alluvial Soil,7.88,53.8,1400.0,31.4,76.0,Planting,49.5,46.25
Rajasthan,Co 86032,381.0,Alluvial Soil,6.77,50.0,1400.0,31.4,74.6,Germination,46.25,71.75
Rajasthan,Co 86032,320.0,Alluvial Soil,6.45,56.5,1400.0,31.4,74.1,Tillering,71.75,45.91
Rajasthan,Co 86032,201.0,Alluvial Soil,7.26,46.8,1400.0,31.4,76.2,Grand Growth,45.91,67.8
Rajasthan,Co 86032,153.0,Alluvial Soil,6.76,65.6,1400.0,31.4,67.7,Maturity,67.8,56.8
Rajasthan,Co 86032,113.0,Alluvial Soil,7.77,57.2,1400.0,31.4,71.6,Harvest,56.8,27.41
Rajasthan,Co 86032,50.0,Alluvial Soil,7.36,50.6,1400.0,31.4,69.1,Planting,27.41,42.98
Rajasthan,Co 86032,54.0,Alluvial Soil,7.17,53.1,1400.0,31.4,72.0,Germination,42.98,59.28
Rajasthan,Co 86032,84.0,Black Soil,7.87,69.9,1400.0,31.4,73.2,Tillering,59.28,74.27
Rajasthan,Co 86032,97.0,Alluvial Soil,6.77,45.4,1400.0,31.4,65.4,Grand Growth,74.27,46.6
Rajasthan,Co 86032,58.0,Alluvial Soil,6.75,55.9,1400.0,31.4,64.2,Maturity,46.6,60.29
Rajasthan,Co 86032,35.0,Alluvial Soil,7.13,60.6,1400.0,31.4,63.6,Harvest,60.29,37.86
Rajasthan,Co 86032,32.0,Alluvial Soil,7.35,49.7,1400.0,31.4,66.9,Planting,37.86,60.69
Rajasthan,Co 86032,32.0,Alluvial Soil,6.9,54.7,1400.0,31.4,70.9,Germination,60.69,79.34
Rajasthan,Co 86032,1800.0,Alluvial Soil,6.94,56.9,1400.0,31.4,76.2,Germination,49.01,53.44
Rajasthan,Co 86032,1552.0,Alluvial Soil,7.48,58.8,1400.0,31.4,72.2,Tillering,53.44,49.36
Rajasthan,Co 86032,1151.0,Alluvial Soil,7.19,65.3,1400.0,31.4,71.2,Grand Growth,49.36,30.55
Rajasthan,Co 86032,680.0,Alluvial Soil,6.79,63.4,1400.0,31.4,72.0,Maturity,30.55,31.59
Rajasthan,Co 86032,366.0,Alluvial Soil,7.23,52.5,1400.0,31.4,77.0,Harvest,31.59,48.48
Rajasthan,Co 86032,287.0,Black Soil,7.99,62.6,1400.0,31.4,64.6,Planting,48.48,40.32
Rajasthan,Co 86032,224.0,Alluvial Soil,8.06,59.1,1400.0,31.4,67.3,Germination,40.32,47.87
Rajasthan,Co 86032,222.0,Alluvial Soil,7.2,57.8,1400.0,31.4,64.0,Tillering,47.87,59.38
Rajasthan,Co 86032,243.0,Clay Loam,6.85,58.4,1400.0,31.4,69.6,Grand Growth,59.38,63.35
Rajasthan,Co 86032,490.0,Alluvial Soil,7.06,56.4,1400.0,31.4,69.4,Maturity,63.35,74.92
Rajasthan,Co 86032,671.0,Alluvial Soil,7.3,54.9,1400.0,31.4,63.1,Harvest,74.92,78.78
Rajasthan,Co 86032,579.0,Alluvial Soil,7.28,57.4,1400.0,31.4,68.2,Planting,78.78,70.12
Rajasthan,Co 86032,391.0,Alluvial Soil,7.63,50.9,1400.0,31.4,69.6,Germination,70.12,64.47
Rajasthan,Co 86032,293.0,Alluvial Soil,7.54,49.0,1400.0,31.4,69.0,Tillering,64.47,57.54
Tamil Nadu,Co 86032,6970.0,Clay Loam,7.12,71.5,1400.0,31.4,73.9,Tillering,105.02,116.2
Tamil Nadu,Co 86032,7500.0,Clay Loam,6.54,77.5,1400.0,31.4,66.6,Grand Growth,116.2,98.53
Tamil Nadu,Co 86032,7967.0,Clay Loam,6.92,66.9,1400.0,31.4,70.8,Maturity,98.53,110.49
Tamil Nadu,Co 86032,7804.0,Clay Loam,6.62,71.3,1400.0,31.4,75.3,Harvest,110.49,90.67
Tamil Nadu,Co 86032,9875.0,Clay Loam,7.08,66.3,1400.0,31.4,72.3,Planting,90.67,112.64
Tamil Nadu,Co 86032,13193.0,Sandy Loam,7.08,60.6,1400.0,31.4,69.8,Germination,1140.94,111.23
Tamil Nadu,Co 86032,11939.0,Clay Loam,6.75,69.5,1400.0,31.4,61.5,Tillering,111.23,100.1
Tamil Nadu,Co 86032,11167.0,Clay Loam,6.52,62.5,1400.0,31.4,72.6,Grand Growth,100.1,100.1
Tamil Nadu,Co 86032,13438.0,Clay Loam,6.86,58.8,1400.0,31.4,66.3,Maturity,100.1,111.39
Tamil Nadu,Co 86032,9623.0,Clay Loam,6.66,66.2,1400.0,31.4,64.4,Harvest,111.39,86.26
Tamil Nadu,Co 86032,6299.0,Clay Loam,6.85,64.0,1400.0,31.4,70.5,Planting,86.26,87.06
Tamil Nadu,Co 86032,5883.0,Clay Loam,7.02,67.9,1400.0,31.4,71.5,Germination,87.06,115.55
Tamil Nadu,Co 86032,8894.0,Clay Loam,7.14,66.7,1400.0,31.4,77.4,Tillering,115.55,139.16
Tamil Nadu,Co 86032,9456.0,Clay Loam,6.86,67.4,1400.0,31.4,66.0,Grand Growth,139.16,138.08
Tamil Nadu,Co 86032,7174.0,Clay Loam,7.25,71.9,1400.0,31.4,62.0,Maturity,138.08,112.34
Tamil Nadu,Co 86032,1813.0,Clay Loam,6.62,65.2,1400.0,31.4,67.0,Planting,314.74,92.5
Tamil Nadu,Co 86032,1505.0,Clay Loam,6.67,65.3,1400.0,31.4,78.2,Germination,92.5,116.43
Tamil Nadu,Co 86032,1484.0,Sandy Loam,6.82,49.5,1400.0,31.4,75.4,Tillering,116.43,129.67
Tamil Nadu,Co 86032,1404.0,Clay Loam,6.76,66.9,1400.0,31.4,70.9,Grand Growth,129.67,105.3
Tamil Nadu,Co 86032,1170.0,Clay Loam,7.07,72.1,1400.0,31.4,62.9,Maturity,105.3,103.57
Tamil Nadu,Co 86032,32654.0,Clay Loam,6.5,65.4,1400.0,31.4,66.8,Maturity,1188.7,134.8
Tamil Nadu,Co 86032,38500.0,Clay Loam,6.42,64.7,1400.0,31.4,76.4,Harvest,134.8,109.0
Tamil Nadu,Co 86032,37589.0,Clay Loam,7.31,71.6,1400.0,31.4,74.6,Planting,109.0,109.0
Tamil Nadu,Co 86032,39126.0,Clay Loam,7.01,63.0,1400.0,31.4,70.9,Germination,109.0,113.12
Tamil Nadu,Co 86032,40269.0,Clay Loam,6.96,73.4,1400.0,31.4,60.5,Tillering,113.12,114.2
Tamil Nadu,Co 86032,34061.0,Clay Loam,7.11,68.5,1400.0,31.4,67.7,Grand Growth,114.2,118.67
Tamil Nadu,Co 86032,29734.0,Alluvial Soil,7.03,52.3,1400.0,31.4,65.2,Maturity,118.67,119.37
Tamil Nadu,Co 86032,37151.0,Sandy Loam,6.67,64.3,1400.0,31.4,66.7,Harvest,119.37,98.55
Tamil Nadu,Co 86032,41628.0,Clay Loam,6.72,68.1,1400.0,31.4,60.0,Planting,98.55,128.19
Tamil Nadu,Co 86032,38357.0,Clay Loam,7.59,74.6,1400.0,31.4,68.9,Germination,128.19,110.19
Tamil Nadu,Co 86032,30141.0,Clay Loam,7.27,68.1,1400.0,31.4,73.0,Tillering,110.19,106.61
Tamil Nadu,Co 86032,27482.0,Clay Loam,6.86,68.0,1400.0,31.4,70.2,Grand Growth,106.61,107.6
Tamil Nadu,Co 86032,30798.0,Clay Loam,6.73,63.3,1400.0,31.4,68.4,Maturity,107.6,107.67
Tamil Nadu,Co 86032,31064.0,Clay Loam,6.96,77.3,1400.0,31.4,70.3,Harvest,107.67,94.91
Tamil Nadu,Co 86032,30638.0,Clay Loam,6.71,68.0,1400.0,31.4,74.4,Planting,94.91,112.47
Tamil Nadu,Co 86032,30304.0,Clay Loam,6.47,70.2,1400.0,31.4,72.5,Germination,112.47,108.43
Tamil Nadu,Co 86032,27836.0,Clay Loam,6.96,75.2,1400.0,31.4,72.3,Germination,955.75,99.59
Tamil Nadu,Co 86032,25826.0,Clay Loam,7.05,64.8,1400.0,31.4,72.2,Tillering,99.59,89.51
Tamil Nadu,Co 86032,25355.0,Clay Loam,6.83,75.0,1400.0,31.4,68.5,Grand Growth,89.51,89.51
Tamil Nadu,Co 86032,22942.0,Clay Loam,6.9,61.3,1400.0,31.4,65.2,Maturity,89.51,83.84
Tamil Nadu,Co 86032,16049.0,Clay Loam,7.32,76.8,1400.0,31.4,62.6,Harvest,83.84,69.43
Tamil Nadu,Co 86032,5560.0,Clay Loam,6.91,59.1,1400.0,31.4,71.3,Planting,69.43,61.58
Tamil Nadu,Co 86032,9819.0,Clay Loam,6.39,67.2,1400.0,31.4,76.0,Germination,61.58,79.76
Tamil Nadu,Co 86032,14600.0,Clay Loam,6.73,71.9,1400.0,31.4,71.6,Tillering,79.76,86.43
Tamil Nadu,Co 86032,19331.0,Clay Loam,6.82,78.4,1400.0,31.4,64.4,Grand Growth,86.43,104.28
Tamil Nadu,Co 86032,17294.0,Alluvial Soil,7.33,50.7,1400.0,31.4,74.6,Maturity,104.28,107.73
Tamil Nadu,Co 86032,16951.0,Clay Loam,7.0,71.8,1400.0,31.4,69.4,Harvest,107.73,94.38
Tamil Nadu,Co 86032,18642.0,Clay Loam,6.87,69.7,1400.0,31.4,59.7,Planting,94.38,72.84
Tamil Nadu,Co 86032,18351.0,Clay Loam,6.81,66.6,1400.0,31.4,75.3,Germination,72.84,87.83
Tamil Nadu,Co 86032,20305.0,Clay Loam,7.38,78.0,1400.0,31.4,62.6,Tillering,87.83,112.55
Tamil Nadu,Co 86032,16102.0,Clay Loam,6.8,57.8,1400.0,31.4,73.6,Grand Growth,112.55,80.73
Tamil Nadu,Co 86032,8433.0,Clay Loam,7.47,66.1,1400.0,31.4,68.0,Maturity,80.73,73.01
Tamil Nadu,Co 86032,7051.0,Clay Loam,7.33,63.0,1400.0,31.4,59.8,Maturity,842.22,125.66
Tamil Nadu,Co 86032,6655.0,Clay Loam,6.5,65.7,1400.0,31.4,74.2,Harvest,125.66,120.08
Tamil Nadu,Co 86032,7163.0,Red Loam,5.65,58.4,1400.0,31.4,66.7,Planting,120.08,120.08
Tamil Nadu,Co 86032,7437.0,Clay Loam,6.6,78.7,1400.0,31.4,64.4,Germination,120.08,104.69
Tamil Nadu,Co 86032,5770.0,Clay Loam,7.18,60.6,1400.0,31.4,69.3,Tillering,104.69,81.19
Tamil Nadu,Co 86032,2961.0,Clay Loam,6.86,62.8,1400.0,31.4,63.6,Grand Growth,81.19,64.11
Tamil Nadu,Co 86032,4185.0,Alluvial Soil,7.07,54.5,1400.0,31.4,66.7,Maturity,64.11,115.79
Tamil Nadu,Co 86032,7014.0,Clay Loam,7.37,69.5,1400.0,31.4,59.8,Harvest,115.79,98.1
Tamil Nadu,Co 86032,7561.0,Clay Loam,6.76,64.7,1400.0,31.4,68.9,Planting,98.1,119.92
Tamil Nadu,Co 86032,6372.0,Black Soil,7.36,74.7,1400.0,31.4,77.5,Germination,119.92,111.62
Tamil Nadu,Co 86032,4980.0,Clay Loam,6.78,76.5,1400.0,31.4,71.6,Tillering,111.62,112.26
Tamil Nadu,Co 86032,5055.0,Clay Loam,6.59,68.6,1400.0,31.4,71.9,Grand Growth,112.26,146.36
Tamil Nadu,Co 86032,5256.0,Clay Loam,7.08,69.4,1400.0,31.4,77.2,Maturity,146.36,132.09
Tamil Nadu,Co 86032,5739.0,Clay Loam,6.58,61.1,1400.0,31.4,72.3,Harvest,132.09,130.49
Tamil Nadu,Co 86032,5378.0,Clay Loam,6.88,68.3,1400.0,31.4,76.2,Planting,130.49,55.45
Tamil Nadu,Co 86032,3838.0,Clay Loam,6.57,68.2,1400.0,31.4,67.1,Germination,55.45,80.72
Tamil Nadu,Co 86032,21581.0,Black Soil,7.2,66.8,1400.0,31.4,61.8,Germination,1116.87,119.51
Tamil Nadu,Co 86032,22994.0,Clay Loam,7.16,74.0,1400.0,31.4,57.5,Tillering,119.51,127.56
Tamil Nadu,Co 86032,28120.0,Clay Loam,6.79,68.5,1400.0,31.4,69.2,Grand Growth,127.56,127.56
Tamil Nadu,Co 86032,35875.0,Clay Loam,6.92,72.9,1400.0,31.4,77.7,Maturity,127.56,147.66
Tamil Nadu,Co 86032,27376.0,Clay Loam,6.73,75.2,1400.0,31.4,71.3,Harvest,147.66,121.92
Tamil Nadu,Co 86032,13371.0,Sandy Loam,6.99,54.0,1400.0,31.4,64.8,Planting,121.92,102.23
Tamil Nadu,Co 86032,19948.0,Clay Loam,6.51,69.4,1400.0,31.4,70.2,Germination,102.23,134.14
Tamil Nadu,Co 86032,41402.0,Clay Loam,6.76,59.2,1400.0,31.4,70.1,Tillering,134.14,107.67
Tamil Nadu,Co 86032,43891.0,Clay Loam,7.03,57.4,1400.0,31.4,63.1,Grand Growth,107.67,137.58
Tamil Nadu,Co 86032,41906.0,Sandy Loam,7.04,66.4,1400.0,31.4,63.4,Maturity,137.58,126.15
Tamil Nadu,Co 86032,37039.0,Clay Loam,6.77,66.9,1400.0,31.4,70.1,Harvest,126.15,125.08
Tamil Nadu,Co 86032,34596.0,Clay Loam,6.39,65.2,1400.0,31.4,67.0,Planting,125.08,101.39
Tamil Nadu,Co 86032,34479.0,Clay Loam,6.88,69.1,1400.0,31.4,70.1,Germination,101.39,119.35
Tamil Nadu,Co 86032,31541.0,Alluvial Soil,7.45,58.5,1400.0,31.4,79.1,Tillering,119.35,112.42
Tamil Nadu,Co 86032,31227.0,Clay Loam,6.62,73.6,1400.0,31.4,76.4,Grand Growth,112.42,90.72
Tamil Nadu,Co 86032,23539.0,Clay Loam,6.93,59.0,1400.0,31.4,70.0,Maturity,90.72,108.87
Tamil Nadu,Co 86032,8256.0,Clay Loam,7.14,69.0,1400.0,31.4,65.7,Harvest,242.66,120.67
Tamil Nadu,Co 86032,6159.0,Clay Loam,7.18,61.0,1400.0,31.4,70.3,Planting,120.67,120.67
Tamil Nadu,Co 86032,6165.0,Clay Loam,6.61,73.3,1400.0,31.4,69.2,Germination,120.67,151.21
Tamil Nadu,Co 86032,5371.0,Clay Loam,7.04,74.0,1400.0,31.4,71.8,Tillering,151.21,78.58
Tamil Nadu,Co 86032,4819.0,Clay Loam,6.69,68.5,1400.0,31.4,71.6,Grand Growth,78.58,96.3
Tamil Nadu,Co 86032,4174.0,Clay Loam,7.07,71.2,1400.0,31.4,62.7,Maturity,96.3,95.13
Tamil Nadu,Co 86032,5902.0,Clay Loam,6.73,69.8,1400.0,31.4,71.6,Harvest,95.13,83.44
Tamil Nadu,Co 86032,5394.0,Clay Loam,7.07,61.1,1400.0,31.4,71.9,Planting,83.44,85.79
Tamil Nadu,Co 86032,4847.0,Clay Loam,7.3,73.0,1400.0,31.4,70.1,Germination,85.79,98.99
Tamil Nadu,Co 86032,1936.0,Sandy Loam,7.19,58.8,1400.0,31.4,67.5,Tillering,98.99,124.03
Tamil Nadu,Co 86032,625.0,Clay Loam,6.94,62.2,1400.0,31.4,68.7,Grand Growth,124.03,101.62
Tamil Nadu,Co 86032,1039.0,Alluvial Soil,6.74,49.1,1400.0,31.4,67.6,Maturity,101.62,127.6
Tamil Nadu,Co 86032,1819.0,Clay Loam,7.28,79.6,1400.0,31.4,75.2,Harvest,127.6,112.53
Tamil Nadu,Co 86032,1781.0,Clay Loam,6.95,68.8,1400.0,31.4,67.6,Planting,112.53,97.64
Tamil Nadu,Co 86032,1731.0,Clay Loam,6.81,67.9,1400.0,31.4,65.2,Germination,97.64,103.57
Tamil Nadu,Co 86032,6.0,Clay Loam,6.63,71.0,1400.0,31.4,71.5,Planting,98.47,101.5
Tamil Nadu,Co 86032,6.0,Clay Loam,6.91,68.9,1400.0,31.4,72.4,Germination,101.5,108.33
Tamil Nadu,Co 86032,7.0,Clay Loam,7.22,68.2,1400.0,31.4,71.8,Tillering,108.33,112.57
Tamil Nadu,Co 86032,1.0,Clay Loam,6.62,73.7,1400.0,31.4,72.2,Grand Growth,112.57,98.0
Tamil Nadu,Co 86032,2.0,Clay Loam,6.7,62.5,1400.0,31.4,72.9,Maturity,98.0,103.5
Tamil Nadu,Co 86032,10193.0,Clay Loam,6.76,59.6,1400.0,31.4,72.9,Harvest,1187.89,122.73
Tamil Nadu,Co 86032,11551.0,Clay Loam,6.67,63.3,1400.0,31.4,69.0,Planting,122.73,111.97
Tamil Nadu,Co 86032,8418.0,Clay Loam,6.8,69.3,1400.0,31.4,71.1,Germination,111.97,111.97
Tamil Nadu,Co 86032,9629.0,Clay Loam,6.63,64.4,1400.0,31.4,58.0,Tillering,111.97,83.67
Tamil Nadu,Co 86032,6682.0,Clay Loam,7.1,65.0,1400.0,31.4,67.8,Grand Growth,83.67,73.06
Tamil Nadu,Co 86032,2341.0,Clay Loam,6.51,67.3,1400.0,31.4,66.4,Maturity,73.06,64.09
Tamil Nadu,Co 86032,2842.0,Clay Loam,7.15,71.4,1400.0,31.4,66.5,Harvest,64.09,90.44
Tamil Nadu,Co 86032,7189.0,Clay Loam,6.73,74.9,1400.0,31.4,68.4,Planting,90.44,88.46
Tamil Nadu,Co 86032,7731.0,Clay Loam,7.41,71.9,1400.0,31.4,78.2,Germination,88.46,101.49
Tamil Nadu,Co 86032,6042.0,Clay Loam,6.86,68.4,1400.0,31.4,64.7,Tillering,101.49,90.48
Tamil Nadu,Co 86032,5821.0,Clay Loam,6.57,73.8,1400.0,31.4,67.0,Grand Growth,90.48,99.56
Tamil Nadu,Co 86032,5982.0,Clay Loam,6.89,75.7,1400.0,31.4,68.0,Maturity,99.56,89.8
Tamil Nadu,Co 86032,5837.0,Clay Loam,6.61,76.2,1400.0,31.4,63.9,Harvest,89.8,109.83
Tamil Nadu,Co 86032,8130.0,Clay Loam,6.78,63.1,1400.0,31.4,73.0,Planting,109.83,136.77
Tamil Nadu,Co 86032,6576.0,Clay Loam,7.13,71.6,1400.0,31.4,67.4,Germination,136.77,94.5
Tamil Nadu,Co 86032,3372.0,Clay Loam,6.83,62.5,1400.0,31.4,71.0,Tillering,94.5,100.52
Tamil Nadu,Co 86032,1645.0,Clay Loam,7.19,65.7,1400.0,31.4,73.9,Germination,54.34,53.64
Tamil Nadu,Co 86032,2198.0,Clay Loam,7.04,71.3,1400.0,31.4,70.0,Tillering,53.64,63.45
Tamil Nadu,Co 86032,2956.0,Clay Loam,7.05,79.3,1400.0,31.4,64.1,Grand Growth,63.45,122.79
Tamil Nadu,Co 86032,2568.0,Clay Loam,6.85,72.0,1400.0,31.4,64.1,Maturity,122.79,107.54
Tamil Nadu,Co 86032,2512.0,Clay Loam,6.93,71.9,1400.0,31.4,71.5,Harvest,107.54,107.54
Tamil Nadu,Co 86032,2325.0,Clay Loam,6.69,65.7,1400.0,31.4,64.9,Planting,107.54,88.5
Tamil Nadu,Co 86032,2342.0,Clay Loam,6.63,68.8,1400.0,31.4,68.9,Germination,88.5,81.0
Tamil Nadu,Co 86032,2199.0,Clay Loam,7.19,61.8,1400.0,31.4,60.6,Tillering,81.0,104.7
Tamil Nadu,Co 86032,1135.0,Clay Loam,6.69,67.2,1400.0,31.4,81.0,Grand Growth,104.7,93.3
Tamil Nadu,Co 86032,840.0,Clay Loam,7.09,64.1,1400.0,31.4,74.5,Maturity,93.3,96.66
Tamil Nadu,Co 86032,6971.0,Clay Loam,7.05,71.7,1400.0,31.4,66.6,Harvest,303.48,123.83
Tamil Nadu,Co 86032,5991.0,Red Loam,6.1,51.0,1400.0,31.4,66.5,Planting,123.83,123.83
Tamil Nadu,Co 86032,6043.0,Clay Loam,7.27,69.0,1400.0,31.4,64.9,Germination,123.83,105.25
Tamil Nadu,Co 86032,5639.0,Clay Loam,7.33,57.0,1400.0,31.4,70.2,Tillering,105.25,106.59
Tamil Nadu,Co 86032,4276.0,Clay Loam,6.75,76.8,1400.0,31.4,65.4,Grand Growth,106.59,76.44
Tamil Nadu,Co 86032,3312.0,Clay Loam,7.26,77.7,1400.0,31.4,68.9,Maturity,76.44,122.14
Tamil Nadu,Co 86032,4537.0,Clay Loam,7.66,66.2,1400.0,31.4,73.2,Harvest,122.14,89.75
Tamil Nadu,Co 86032,6006.0,Clay Loam,6.84,62.2,1400.0,31.4,74.1,Planting,89.75,109.26
Tamil Nadu,Co 86032,5827.0,Clay Loam,7.1,70.2,1400.0,31.4,70.7,Germination,109.26,97.46
Tamil Nadu,Co 86032,4966.0,Clay Loam,6.93,68.1,1400.0,31.4,73.2,Tillering,97.46,119.25
Tamil Nadu,Co 86032,3837.0,Clay Loam,6.91,68.3,1400.0,31.4,73.0,Grand Growth,119.25,67.79
Tamil Nadu,Co 86032,3571.0,Clay Loam,6.64,58.4,1400.0,31.4,71.0,Maturity,67.79,101.77
Tamil Nadu,Co 86032,4341.0,Clay Loam,6.65,68.5,1400.0,31.4,69.1,Harvest,101.77,112.93
Tamil Nadu,Co 86032,4944.0,Clay Loam,7.3,74.7,1400.0,31.4,66.6,Planting,112.93,100.07
Tamil Nadu,Co 86032,4075.0,Clay Loam,6.95,70.9,1400.0,31.4,70.7,Germination,100.07,97.97
Tamil Nadu,Co 86032,3959.0,Clay Loam,6.72,66.2,1400.0,31.4,69.4,Germination,1073.68,122.73
Tamil Nadu,Co 86032,3852.0,Clay Loam,6.75,62.5,1400.0,31.4,70.2,Tillering,122.73,89.5
Tamil Nadu,Co 86032,5001.0,Clay Loam,6.49,61.7,1400.0,31.4,70.7,Grand Growth,89.5,89.5
Tamil Nadu,Co 86032,3661.0,Clay Loam,7.45,66.8,1400.0,31.4,73.7,Maturity,89.5,100.19
Tamil Nadu,Co 86032,3288.0,Sandy Loam,6.61,63.4,1400.0,31.4,75.5,Harvest,100.19,91.84
Tamil Nadu,Co 86032,2213.0,Clay Loam,7.12,60.2,1400.0,31.4,62.7,Planting,91.84,101.68
Tamil Nadu,Co 86032,2550.0,Clay Loam,7.32,64.9,1400.0,31.4,70.5,Germination,101.68,87.15
Tamil Nadu,Co 86032,4358.0,Clay Loam,7.06,67.3,1400.0,31.4,66.7,Tillering,87.15,92.09
Tamil Nadu,Co 86032,6246.0,Clay Loam,7.0,83.7,1400.0,31.4,66.9,Grand Growth,92.09,93.81
Tamil Nadu,Co 86032,6443.0,Clay Loam,6.84,79.2,1400.0,31.4,69.3,Maturity,93.81,78.41
Tamil Nadu,Co 86032,4958.0,Clay Loam,7.2,60.5,1400.0,31.4,69.9,Harvest,78.41,66.45
Tamil Nadu,Co 86032,3958.0,Clay Loam,6.76,69.2,1400.0,31.4,70.2,Planting,66.45,72.94
Tamil Nadu,Co 86032,3046.0,Alluvial Soil,7.41,61.1,1400.0,31.4,76.3,Germination,72.94,94.9
Tamil Nadu,Co 86032,3079.0,Clay Loam,6.45,70.0,1400.0,31.4,72.6,Tillering,94.9,86.5
Tamil Nadu,Co 86032,3421.0,Clay Loam,6.63,81.4,1400.0,31.4,76.6,Grand Growth,86.5,93.43
Tamil Nadu,Co 86032,2962.0,Clay Loam,6.85,65.5,1400.0,31.4,64.2,Maturity,93.43,94.16
Tamil Nadu,Co 86032,9411.0,Clay Loam,7.17,68.9,1400.0,31.4,75.0,Maturity,1445.35,159.95
Tamil Nadu,Co 86032,10190.0,Clay Loam,7.04,78.6,1400.0,31.4,72.7,Harvest,159.95,133.61
Tamil Nadu,Co 86032,10930.0,Clay Loam,6.84,71.1,1400.0,31.4,72.1,Planting,133.61,133.61
Tamil Nadu,Co 86032,11574.0,Sandy Loam,6.83,68.1,1400.0,31.4,69.6,Germination,133.61,117.62
Tamil Nadu,Co 86032,10661.0,Clay Loam,6.75,60.1,1400.0,31.4,75.6,Tillering,117.62,135.69
Tamil Nadu,Co 86032,10628.0,Clay Loam,7.2,66.4,1400.0,31.4,71.6,Grand Growth,135.69,125.81
Tamil Nadu,Co 86032,9476.0,Clay Loam,6.59,60.9,1400.0,31.4,68.0,Maturity,125.81,137.92
Tamil Nadu,Co 86032,13278.0,Red Loam,6.18,47.5,1400.0,31.4,62.6,Harvest,137.92,138.92
Tamil Nadu,Co 86032,21058.0,Clay Loam,7.24,61.3,1400.0,31.4,64.9,Planting,138.92,188.41
Tamil Nadu,Co 86032,19450.0,Clay Loam,6.66,70.4,1400.0,31.4,70.2,Germination,188.41,126.36
Tamil Nadu,Co 86032,18959.0,Clay Loam,6.76,72.5,1400.0,31.4,64.6,Tillering,126.36,124.28
Tamil Nadu,Co 86032,19050.0,Clay Loam,7.44,75.6,1400.0,31.4,74.4,Grand Growth,124.28,135.01
Tamil Nadu,Co 86032,18445.0,Clay Loam,6.8,67.3,1400.0,31.4,78.7,Maturity,135.01,129.76
Tamil Nadu,Co 86032,19733.0,Clay Loam,7.12,74.4,1400.0,31.4,66.4,Harvest,129.76,135.72
Tamil Nadu,Co 86032,20299.0,Clay Loam,6.9,60.8,1400.0,31.4,64.0,Planting,135.72,79.2
Tamil Nadu,Co 86032,16544.0,Clay Loam,7.69,69.6,1400.0,31.4,76.6,Germination,79.2,118.83
Tamil Nadu,Co 86032,9029.0,Clay Loam,7.34,70.5,1400.0,31.4,67.3,Germination,907.89,96.58
Tamil Nadu,Co 86032,12445.0,Black Soil,7.72,67.0,1400.0,31.4,73.3,Tillering,96.58,111.97
Tamil Nadu,Co 86032,11921.0,Clay Loam,7.01,72.4,1400.0,31.4,72.5,Grand Growth,111.97,111.97
Tamil Nadu,Co 86032,12673.0,Clay Loam,7.33,68.0,1400.0,31.4,71.8,Maturity,111.97,63.07
Tamil Nadu,Co 86032,11435.0,Clay Loam,7.14,74.9,1400.0,31.4,67.0,Harvest,63.07,77.68
Tamil Nadu,Co 86032,8654.0,Clay Loam,7.26,75.8,1400.0,31.4,78.7,Planting,77.68,95.5
Tamil Nadu,Co 86032,10721.0,Clay Loam,6.88,67.5,1400.0,31.4,69.4,Germination,95.5,113.85
Tamil Nadu,Co 86032,15984.0,Clay Loam,7.05,60.4,1400.0,31.4,72.1,Tillering,113.85,124.95
Tamil Nadu,Co 86032,18660.0,Clay Loam,6.81,72.1,1400.0,31.4,63.7,Grand Growth,124.95,113.61
Tamil Nadu,Co 86032,15803.0,Clay Loam,7.04,76.2,1400.0,31.4,68.3,Maturity,113.61,84.38
Tamil Nadu,Co 86032,4594.0,Clay Loam,6.91,72.4,1400.0,31.4,78.7,Planting,258.35,94.75
Tamil Nadu,Co 86032,5316.0,Clay Loam,7.22,65.4,1400.0,31.4,72.1,Germination,94.75,106.74
Tamil Nadu,Co 86032,6729.0,Clay Loam,6.66,76.6,1400.0,31.4,66.9,Tillering,106.74,120.18
Tamil Nadu,Co 86032,6500.0,Clay Loam,6.42,64.6,1400.0,31.4,66.0,Grand Growth,120.18,87.28
Tamil Nadu,Co 86032,5241.0,Clay Loam,7.59,75.3,1400.0,31.4,68.0,Maturity,87.28,92.49
Tamil Nadu,Co 86032,2829.0,Clay Loam,6.49,63.1,1400.0,31.4,61.0,Maturity,1073.62,122.73
Tamil Nadu,Co 86032,3854.0,Clay Loam,6.9,68.5,1400.0,31.4,67.0,Harvest,122.73,106.79
Tamil Nadu,Co 86032,5000.0,Clay Loam,6.89,71.7,1400.0,31.4,62.1,Planting,106.79,107.04
Tamil Nadu,Co 86032,5811.0,Clay Loam,7.11,82.4,1400.0,31.4,69.9,Germination,107.04,100.19
Tamil Nadu,Co 86032,6349.0,Clay Loam,6.63,60.5,1400.0,31.4,63.5,Tillering,100.19,91.84
Tamil Nadu,Co 86032,6091.0,Clay Loam,7.59,70.6,1400.0,31.4,64.5,Grand Growth,91.84,101.68
Tamil Nadu,Co 86032,7472.0,Clay Loam,7.09,72.1,1400.0,31.4,81.0,Maturity,101.68,124.55
Tamil Nadu,Co 86032,9459.0,Clay Loam,6.87,65.4,1400.0,31.4,78.1,Harvest,124.55,134.9
Tamil Nadu,Co 86032,10204.0,Clay Loam,6.54,68.2,1400.0,31.4,67.4,Planting,134.9,145.54
Tamil Nadu,Co 86032,8760.0,Black Soil,7.03,81.5,1400.0,31.4,66.4,Germination,145.54,113.87
Tamil Nadu,Co 86032,7297.0,Clay Loam,7.11,69.0,1400.0,31.4,56.6,Tillering,113.87,105.41
Tamil Nadu,Co 86032,7133.0,Clay Loam,7.08,76.1,1400.0,31.4,65.6,Grand Growth,105.41,101.49
Tamil Nadu,Co 86032,7858.0,Clay Loam,6.85,62.2,1400.0,31.4,67.1,Maturity,101.49,108.66
Tamil Nadu,Co 86032,9243.0,Black Soil,7.95,63.2,1400.0,31.4,74.5,Harvest,108.66,131.61
Tamil Nadu,Co 86032,9124.0,Clay Loam,7.05,71.9,1400.0,31.4,75.1,Planting,131.61,87.36
Tamil Nadu,Co 86032,6826.0,Clay Loam,6.63,68.6,1400.0,31.4,73.4,Germination,87.36,69.01
Tamil Nadu,Co 86032,257.0,Clay Loam,6.46,68.4,1400.0,31.4,75.8,Germination,1071.43,122.72
Tamil Nadu,Co 86032,352.0,Clay Loam,6.65,60.3,1400.0,31.4,60.8,Tillering,122.72,106.33
Tamil Nadu,Co 86032,220.0,Clay Loam,7.16,65.4,1400.0,31.4,68.3,Grand Growth,106.33,106.33
Tamil Nadu,Co 86032,597.0,Clay Loam,6.72,70.5,1400.0,31.4,68.5,Maturity,106.33,100.17
Tamil Nadu,Co 86032,685.0,Clay Loam,6.84,69.4,1400.0,31.4,67.3,Harvest,100.17,91.84
Tamil Nadu,Co 86032,451.0,Clay Loam,7.35,70.2,1400.0,31.4,73.9,Planting,91.84,101.68
Tamil Nadu,Co 86032,260.0,Clay Loam,7.03,72.2,1400.0,31.4,70.3,Germination,101.68,110.07
Tamil Nadu,Co 86032,361.0,Clay Loam,6.77,83.9,1400.0,31.4,69.6,Tillering,110.07,104.69
Tamil Nadu,Co 86032,502.0,Clay Loam,7.1,64.8,1400.0,31.4,63.7,Grand Growth,104.69,122.79
Tamil Nadu,Co 86032,334.0,Clay Loam,6.49,70.6,1400.0,31.4,66.1,Maturity,122.79,107.54
Tamil Nadu,Co 86032,323.0,Clay Loam,6.85,71.8,1400.0,31.4,68.6,Harvest,107.54,106.21
Tamil Nadu,Co 86032,456.0,Clay Loam,6.54,81.6,1400.0,31.4,67.7,Planting,106.21,101.45
Tamil Nadu,Co 86032,550.0,Clay Loam,7.08,63.0,1400.0,31.4,70.6,Germination,101.45,108.41
Tamil Nadu,Co 86032,592.0,Clay Loam,7.1,66.8,1400.0,31.4,69.7,Tillering,108.41,112.53
Tamil Nadu,Co 86032,472.0,Clay Loam,7.06,66.7,1400.0,31.4,73.1,Grand Growth,112.53,97.64
Tamil Nadu,Co 86032,422.0,Clay Loam,6.64,68.9,1400.0,31.4,64.2,Maturity,97.64,103.57
Tamil Nadu,Co 86032,10765.0,Clay Loam,6.75,71.3,1400.0,31.4,71.5,Maturity,1153.14,133.8
Tamil Nadu,Co 86032,8926.0,Clay Loam,6.8,83.6,1400.0,31.4,66.9,Harvest,133.8,133.61
Tamil Nadu,Co 86032,9953.0,Clay Loam,7.01,64.9,1400.0,31.4,69.7,Planting,133.61,133.61
Tamil Nadu,Co 86032,9455.0,Clay Loam,6.71,81.0,1400.0,31.4,72.4,Germination,133.61,85.92
Tamil Nadu,Co 86032,4986.0,Clay Loam,6.59,71.2,1400.0,31.4,67.0,Tillering,85.92,64.26
Tamil Nadu,Co 86032,4756.0,Clay Loam,6.86,68.9,1400.0,31.4,70.3,Grand Growth,64.26,94.65
Tamil Nadu,Co 86032,6399.0,Clay Loam,7.29,62.9,1400.0,31.4,69.7,Maturity,94.65,91.24
Tamil Nadu,Co 86032,10468.0,Clay Loam,7.13,81.5,1400.0,31.4,60.2,Harvest,91.24,93.8
Tamil Nadu,Co 86032,12797.0,Clay Loam,6.69,75.8,1400.0,31.4,64.7,Planting,93.8,105.39
Tamil Nadu,Co 86032,11610.0,Clay Loam,7.21,64.1,1400.0,31.4,76.8,Germination,105.39,92.39
Tamil Nadu,Co 86032,11453.0,Clay Loam,6.69,67.2,1400.0,31.4,67.3,Tillering,92.39,93.01
Tamil Nadu,Co 86032,11296.0,Clay Loam,6.04,74.6,1400.0,31.4,64.5,Grand Growth,93.01,82.39
Tamil Nadu,Co 86032,12339.0,Black Soil,7.53,72.2,1400.0,31.4,70.5,Maturity,82.39,105.55
Tamil Nadu,Co 86032,12218.0,Clay Loam,6.77,60.0,1400.0,31.4,71.0,Harvest,105.55,100.07
Tamil Nadu,Co 86032,15485.0,Clay Loam,7.12,67.1,1400.0,31.4,74.0,Planting,100.07,85.34
Tamil Nadu,Co 86032,12652.0,Clay Loam,6.7,66.3,1400.0,31.4,66.8,Germination,85.34,96.08
Tamil Nadu,Co 86032,4390.0,Clay Loam,6.34,74.1,1400.0,31.4,70.8,Germination,821.44,122.73
Tamil Nadu,Co 86032,5594.0,Clay Loam,6.96,74.7,1400.0,31.4,55.0,Tillering,122.73,89.29
Tamil Nadu,Co 86032,7050.0,Alluvial Soil,6.9,62.6,1400.0,31.4,71.6,Grand Growth,89.29,89.29
Tamil Nadu,Co 86032,5033.0,Red Loam,6.39,63.1,1400.0,31.4,67.9,Maturity,89.29,86.61
Tamil Nadu,Co 86032,5039.0,Clay Loam,7.16,74.8,1400.0,31.4,68.0,Harvest,86.61,91.84
Tamil Nadu,Co 86032,3357.0,Clay Loam,7.41,71.2,1400.0,31.4,68.4,Planting,91.84,101.68
Tamil Nadu,Co 86032,2248.0,Clay Loam,7.37,73.4,1400.0,31.4,85.4,Germination,101.68,86.97
Tamil Nadu,Co 86032,3995.0,Clay Loam,6.62,80.3,1400.0,31.4,67.2,Tillering,86.97,95.59
Tamil Nadu,Co 86032,6090.0,Clay Loam,7.02,70.1,1400.0,31.4,69.2,Grand Growth,95.59,106.11
Tamil Nadu,Co 86032,5992.0,Clay Loam,6.78,72.4,1400.0,31.4,71.8,Maturity,106.11,100.51
Tamil Nadu,Co 86032,5298.0,Clay Loam,6.87,64.0,1400.0,31.4,61.8,Harvest,100.51,110.73
Tamil Nadu,Co 86032,4980.0,Clay Loam,7.1,74.1,1400.0,31.4,77.4,Planting,110.73,97.88
Tamil Nadu,Co 86032,5219.0,Clay Loam,6.26,70.3,1400.0,31.4,75.4,Germination,97.88,87.4
Tamil Nadu,Co 86032,6283.0,Clay Loam,6.61,74.3,1400.0,31.4,57.3,Tillering,87.4,123.93
Tamil Nadu,Co 86032,6091.0,Clay Loam,6.66,70.4,1400.0,31.4,62.8,Grand Growth,123.93,90.11
Tamil Nadu,Co 86032,5257.0,Clay Loam,6.98,73.8,1400.0,31.4,66.8,Maturity,90.11,63.09
Tamil Nadu,Co 86032,13897.0,Clay Loam,7.39,65.8,1400.0,31.4,75.8,Maturity,785.46,89.53
Tamil Nadu,Co 86032,11718.0,Clay Loam,6.68,69.5,1400.0,31.4,71.1,Harvest,89.53,91.25
Tamil Nadu,Co 86032,11593.0,Black Soil,7.65,64.7,1400.0,31.4,70.4,Planting,91.25,91.25
Tamil Nadu,Co 86032,11356.0,Clay Loam,6.53,71.4,1400.0,31.4,67.2,Germination,91.25,95.7
Tamil Nadu,Co 86032,10966.0,Clay Loam,6.46,65.0,1400.0,31.4,77.5,Tillering,95.7,102.31
Tamil Nadu,Co 86032,9711.0,Clay Loam,6.35,73.3,1400.0,31.4,67.2,Grand Growth,102.31,124.19
Tamil Nadu,Co 86032,12000.0,Clay Loam,6.38,73.0,1400.0,31.4,75.0,Maturity,124.19,113.55
Tamil Nadu,Co 86032,15353.0,Clay Loam,7.14,69.4,1400.0,31.4,66.9,Harvest,113.55,99.64
Tamil Nadu,Co 86032,18374.0,Clay Loam,6.72,63.1,1400.0,31.4,77.5,Planting,99.64,105.38
Tamil Nadu,Co 86032,15507.0,Black Soil,7.24,69.0,1400.0,31.4,68.1,Germination,105.38,108.04
Tamil Nadu,Co 86032,11296.0,Black Soil,7.73,72.7,1400.0,31.4,70.3,Tillering,108.04,99.69
Tamil Nadu,Co 86032,8564.0,Clay Loam,6.92,73.8,1400.0,31.4,67.2,Grand Growth,99.69,106.87
Tamil Nadu,Co 86032,8817.0,Clay Loam,7.02,71.2,1400.0,31.4,67.6,Maturity,106.87,134.39
Tamil Nadu,Co 86032,10665.0,Clay Loam,6.81,73.4,1400.0,31.4,66.7,Harvest,134.39,111.35
Tamil Nadu,Co 86032,11671.0,Clay Loam,7.04,77.2,1400.0,31.4,83.9,Planting,111.35,110.43
Tamil Nadu,Co 86032,8580.0,Clay Loam,6.56,72.2,1400.0,31.4,63.0,Germination,110.43,118.0
Tamil Nadu,Co 86032,104.0,Clay Loam,6.88,67.4,1400.0,31.4,73.7,Germination,1090.91,122.69
Tamil Nadu,Co 86032,240.0,Clay Loam,6.95,68.7,1400.0,31.4,59.3,Tillering,122.69,107.18
Tamil Nadu,Co 86032,14.0,Clay Loam,6.75,73.0,1400.0,31.4,66.3,Grand Growth,107.18,107.14
Tamil Nadu,Co 86032,7.0,Clay Loam,6.8,73.2,1400.0,31.4,66.4,Maturity,107.14,100.0
Tamil Nadu,Co 86032,14.0,Clay Loam,6.87,66.9,1400.0,31.4,66.6,Harvest,100.0,92.14
Tamil Nadu,Co 86032,11.0,Red Loam,6.86,56.9,1400.0,31.4,70.3,Planting,92.14,110.09
Tamil Nadu,Co 86032,11.0,Clay Loam,7.37,70.3,1400.0,31.4,81.3,Germination,110.09,104.73
Tamil Nadu,Co 86032,10.0,Clay Loam,7.04,65.8,1400.0,31.4,66.5,Tillering,104.73,122.8
Tamil Nadu,Co 86032,10.0,Clay Loam,7.08,66.9,1400.0,31.4,64.4,Grand Growth,122.8,107.5
Tamil Nadu,Co 86032,5.0,Clay Loam,6.91,66.3,1400.0,31.4,71.6,Maturity,107.5,106.2
Tamil Nadu,Co 86032,4.0,Clay Loam,6.66,62.6,1400.0,31.4,68.5,Harvest,106.2,97.75
Tamil Nadu,Co 86032,3.0,Clay Loam,7.18,73.6,1400.0,31.4,70.6,Planting,97.75,103.67
Tamil Nadu,Co 86032,13515.0,Clay Loam,6.82,70.4,1400.0,31.4,74.7,Grand Growth,224.25,120.08
Tamil Nadu,Co 86032,12673.0,Clay Loam,6.72,62.0,1400.0,31.4,69.5,Maturity,120.08,123.83
Tamil Nadu,Co 86032,10790.0,Clay Loam,7.27,74.6,1400.0,31.4,69.6,Harvest,123.83,158.57
Tamil Nadu,Co 86032,10590.0,Clay Loam,6.89,70.0,1400.0,31.4,66.9,Planting,158.57,82.91
Tamil Nadu,Co 86032,6988.0,Alluvial Soil,6.73,51.6,1400.0,31.4,64.5,Germination,82.91,99.17
Tamil Nadu,Co 86032,5940.0,Alluvial Soil,7.1,56.1,1400.0,31.4,70.3,Tillering,99.17,121.77
Tamil Nadu,Co 86032,7510.0,Sandy Loam,7.02,54.7,1400.0,31.4,73.8,Grand Growth,121.77,147.26
Tamil Nadu,Co 86032,9055.0,Alluvial Soil,6.74,55.9,1400.0,31.4,70.3,Maturity,147.26,115.07
Tamil Nadu,Co 86032,7658.0,Clay Loam,6.65,71.5,1400.0,31.4,76.6,Harvest,115.07,100.52
Tamil Nadu,Co 86032,6366.0,Clay Loam,6.91,72.1,1400.0,31.4,64.5,Planting,100.52,133.89
Tamil Nadu,Co 86032,5551.0,Clay Loam,7.05,63.4,1400.0,31.4,71.5,Germination,133.89,130.66
Tamil Nadu,Co 86032,5979.0,Clay Loam,7.03,72.0,1400.0,31.4,68.0,Tillering,130.66,119.73
Tamil Nadu,Co 86032,7130.0,Clay Loam,6.98,65.3,1400.0,31.4,68.6,Grand Growth,119.73,130.7
Tamil Nadu,Co 86032,6408.0,Clay Loam,7.04,61.6,1400.0,31.4,81.0,Maturity,130.7,125.79
Tamil Nadu,Co 86032,6425.0,Clay Loam,6.56,69.3,1400.0,31.4,70.7,Harvest,125.79,104.7
Tamil Nadu,Co 86032,8284.0,Clay Loam,6.8,77.0,1400.0,31.4,74.6,Harvest,1980.38,172.87
Tamil Nadu,Co 86032,11280.0,Black Soil,7.63,75.5,1400.0,31.4,67.4,Planting,172.87,120.67
Tamil Nadu,Co 86032,7039.0,Clay Loam,7.41,67.5,1400.0,31.4,72.9,Germination,120.67,120.67
Tamil Nadu,Co 86032,6206.0,Clay Loam,7.09,55.1,1400.0,31.4,70.0,Tillering,120.67,131.03
Tamil Nadu,Co 86032,5993.0,Clay Loam,6.71,79.0,1400.0,31.4,66.4,Grand Growth,131.03,111.06
Tamil Nadu,Co 86032,4530.0,Clay Loam,6.97,62.5,1400.0,31.4,66.4,Maturity,111.06,101.12
Tamil Nadu,Co 86032,3240.0,Clay Loam,6.7,74.5,1400.0,31.4,77.8,Harvest,101.12,101.68
Tamil Nadu,Co 86032,5558.0,Clay Loam,6.8,64.3,1400.0,31.4,71.6,Planting,101.68,102.61
Tamil Nadu,Co 86032,8436.0,Clay Loam,6.97,71.5,1400.0,31.4,62.4,Germination,102.61,135.54
Tamil Nadu,Co 86032,6393.0,Clay Loam,6.82,73.3,1400.0,31.4,70.7,Tillering,135.54,116.97
Tamil Nadu,Co 86032,5615.0,Clay Loam,6.87,72.3,1400.0,31.4,73.3,Grand Growth,116.97,111.64
Tamil Nadu,Co 86032,6200.0,Clay Loam,7.1,63.4,1400.0,31.4,65.5,Maturity,111.64,101.58
Tamil Nadu,Co 86032,6698.0,Clay Loam,6.44,68.2,1400.0,31.4,73.0,Harvest,101.58,110.11
Tamil Nadu,Co 86032,7380.0,Clay Loam,6.61,69.7,1400.0,31.4,77.4,Planting,110.11,108.13
Tamil Nadu,Co 86032,7669.0,Clay Loam,6.7,62.6,1400.0,31.4,76.0,Germination,108.13,97.28
Tamil Nadu,Co 86032,7352.0,Clay Loam,6.74,68.2,1400.0,31.4,76.5,Tillering,97.28,94.99
Tamil Nadu,Co 86032,3126.0,Alluvial Soil,6.75,49.3,1400.0,31.4,66.9,Tillering,623.33,122.73
Tamil Nadu,Co 86032,2174.0,Sandy Loam,6.46,45.6,1400.0,31.4,64.9,Grand Growth,122.73,91.25
Tamil Nadu,Co 86032,2338.0,Clay Loam,7.32,70.5,1400.0,31.4,65.4,Maturity,91.25,91.25
Tamil Nadu,Co 86032,1738.0,Clay Loam,6.15,70.1,1400.0,31.4,84.1,Harvest,91.25,100.17
Tamil Nadu,Co 86032,1632.0,Clay Loam,6.74,59.6,1400.0,31.4,77.8,Planting,100.17,91.84
Tamil Nadu,Co 86032,1765.0,Clay Loam,7.11,78.1,1400.0,31.4,63.7,Germination,91.84,101.68
Tamil Nadu,Co 86032,1834.0,Clay Loam,7.03,75.1,1400.0,31.4,67.5,Tillering,101.68,110.07
Tamil Nadu,Co 86032,3683.0,Clay Loam,6.76,60.7,1400.0,31.4,72.5,Grand Growth,110.07,104.69
Tamil Nadu,Co 86032,2853.0,Clay Loam,6.85,72.7,1400.0,31.4,71.0,Maturity,104.69,122.79
Tamil Nadu,Co 86032,2281.0,Clay Loam,6.34,66.7,1400.0,31.4,69.4,Harvest,122.79,107.54
Tamil Nadu,Co 86032,2370.0,Clay Loam,6.84,65.1,1400.0,31.4,69.3,Planting,107.54,106.21
Tamil Nadu,Co 86032,1695.0,Clay Loam,6.18,66.1,1400.0,31.4,65.6,Germination,106.21,101.45
Tamil Nadu,Co 86032,846.0,Clay Loam,6.38,74.8,1400.0,31.4,71.7,Tillering,101.45,108.41
Tamil Nadu,Co 86032,548.0,Clay Loam,6.96,67.6,1400.0,31.4,71.0,Grand Growth,108.41,112.53
Tamil Nadu,Co 86032,593.0,Clay Loam,6.74,69.1,1400.0,31.4,75.2,Maturity,112.53,97.64
Tamil Nadu,Co 86032,503.0,Clay Loam,6.37,54.5,1400.0,31.4,61.7,Harvest,97.64,103.57
Tamil Nadu,Co 86032,13204.0,Clay Loam,7.02,66.7,1400.0,31.4,65.3,Tillering,1345.54,143.86
Tamil Nadu,Co 86032,6241.0,Clay Loam,6.83,66.5,1400.0,31.4,74.0,Grand Growth,143.86,111.97
Tamil Nadu,Co 86032,4964.0,Clay Loam,7.2,72.9,1400.0,31.4,65.9,Maturity,111.97,111.97
Tamil Nadu,Co 86032,4789.0,Clay Loam,6.52,65.0,1400.0,31.4,61.0,Harvest,111.97,100.19
Tamil Nadu,Co 86032,4614.0,Clay Loam,6.17,61.8,1400.0,31.4,71.5,Planting,100.19,91.84
Tamil Nadu,Co 86032,3135.0,Clay Loam,7.01,80.2,1400.0,31.4,77.6,Germination,91.84,101.68
Tamil Nadu,Co 86032,4470.0,Clay Loam,7.05,59.4,1400.0,31.4,78.7,Tillering,101.68,87.67
Tamil Nadu,Co 86032,7485.0,Clay Loam,6.43,75.0,1400.0,31.4,67.2,Grand Growth,87.67,86.59
Tamil Nadu,Co 86032,7464.0,Clay Loam,6.6,61.3,1400.0,31.4,67.6,Maturity,86.59,98.84
Tamil Nadu,Co 86032,6767.0,Clay Loam,6.91,62.3,1400.0,31.4,66.9,Harvest,98.84,112.84
Tamil Nadu,Co 86032,4962.0,Sandy Loam,7.0,53.3,1400.0,31.4,73.4,Planting,112.84,103.51
Tamil Nadu,Co 86032,4478.0,Black Soil,7.15,69.8,1400.0,31.4,70.8,Germination,103.51,112.84
Tamil Nadu,Co 86032,4817.0,Clay Loam,6.83,74.8,1400.0,31.4,69.5,Tillering,112.84,102.49
Tamil Nadu,Co 86032,5232.0,Clay Loam,6.62,64.6,1400.0,31.4,75.2,Grand Growth,102.49,111.78
Tamil Nadu,Co 86032,4899.0,Red Loam,6.09,54.9,1400.0,31.4,61.9,Maturity,111.78,70.5
Tamil Nadu,Co 86032,4034.0,Clay Loam,6.87,62.3,1400.0,31.4,74.5,Harvest,70.5,111.31
Tamil Nadu,Co 86032,2662.0,Clay Loam,6.9,61.8,1400.0,31.4,61.4,Harvest,1073.76,122.73
Tamil Nadu,Co 86032,5911.0,Red Loam,6.52,51.5,1400.0,31.4,72.6,Planting,122.73,99.81
Tamil Nadu,Co 86032,3585.0,Clay Loam,7.06,64.6,1400.0,31.4,67.4,Germination,99.81,99.81
Tamil Nadu,Co 86032,3736.0,Clay Loam,6.99,72.9,1400.0,31.4,65.7,Tillering,99.81,100.19
Tamil Nadu,Co 86032,3476.0,Red Loam,6.11,63.0,1400.0,31.4,72.0,Grand Growth,100.19,91.84
Tamil Nadu,Co 86032,2707.0,Black Soil,7.44,68.6,1400.0,31.4,70.3,Maturity,91.84,101.68
Tamil Nadu,Co 86032,2771.0,Clay Loam,6.59,60.9,1400.0,31.4,63.8,Harvest,101.68,110.07
Tamil Nadu,Co 86032,4614.0,Clay Loam,6.48,61.4,1400.0,31.4,68.8,Planting,110.07,76.59
Tamil Nadu,Co 86032,5454.0,Clay Loam,7.24,63.7,1400.0,31.4,76.9,Germination,76.59,122.79
Tamil Nadu,Co 86032,6095.0,Clay Loam,7.43,62.9,1400.0,31.4,69.7,Tillering,122.79,102.36
Tamil Nadu,Co 86032,6177.0,Clay Loam,6.87,77.5,1400.0,31.4,64.9,Grand Growth,102.36,100.37
Tamil Nadu,Co 86032,4782.0,Clay Loam,7.05,59.4,1400.0,31.4,74.1,Maturity,100.37,87.04
Tamil Nadu,Co 86032,4776.0,Clay Loam,6.82,68.3,1400.0,31.4,74.3,Harvest,87.04,101.27
Tamil Nadu,Co 86032,5110.0,Clay Loam,7.05,63.7,1400.0,31.4,69.7,Planting,101.27,85.58
Tamil Nadu,Co 86032,3534.0,Clay Loam,7.46,76.3,1400.0,31.4,71.0,Germination,85.58,77.42
Tamil Nadu,Co 86032,3369.0,Sandy Loam,6.99,45.3,1400.0,31.4,71.3,Tillering,77.42,63.82
Tamil Nadu,Co 86032,6703.0,Clay Loam,6.78,69.0,1400.0,31.4,59.6,Germination,119.49,110.85
Tamil Nadu,Co 86032,6878.0,Sandy Loam,7.32,64.9,1400.0,31.4,68.1,Tillering,110.85,122.3
Tamil Nadu,Co 86032,7633.0,Clay Loam,7.0,69.3,1400.0,31.4,68.4,Grand Growth,122.3,121.14
Tamil Nadu,Co 86032,5347.0,Clay Loam,7.11,66.7,1400.0,31.4,73.9,Maturity,121.14,91.89
Tamil Nadu,Co 86032,4713.0,Sandy Loam,7.4,57.8,1400.0,31.4,72.8,Harvest,91.89,98.01
Tamil Nadu,Co 86032,27897.0,Black Soil,7.79,62.0,1400.0,31.4,82.2,Planting,865.32,97.91
Tamil Nadu,Co 86032,26753.0,Clay Loam,6.67,71.8,1400.0,31.4,61.7,Germination,97.91,91.44
Tamil Nadu,Co 86032,24586.0,Red Loam,5.59,63.5,1400.0,31.4,74.6,Tillering,91.44,91.44
Tamil Nadu,Co 86032,23586.0,Clay Loam,6.51,84.1,1400.0,31.4,73.1,Grand Growth,91.44,46.09
Tamil Nadu,Co 86032,12014.0,Clay Loam,6.96,67.0,1400.0,31.4,60.3,Maturity,46.09,14.31
Tamil Nadu,Co 86032,7404.0,Clay Loam,7.29,65.1,1400.0,31.4,70.6,Harvest,85.26,87.34
Tamil Nadu,Co 86032,17231.0,Clay Loam,6.6,57.3,1400.0,31.4,72.5,Planting,87.34,92.66
Tamil Nadu,Co 86032,27263.0,Clay Loam,6.93,70.1,1400.0,31.4,73.5,Germination,92.66,94.81
Tamil Nadu,Co 86032,31014.0,Clay Loam,7.27,65.2,1400.0,31.4,69.5,Tillering,94.81,102.36
Tamil Nadu,Co 86032,28227.0,Clay Loam,6.69,61.0,1400.0,31.4,58.8,Grand Growth,102.36,116.15
Tamil Nadu,Co 86032,24198.0,Red Loam,7.13,52.7,1400.0,31.4,62.6,Maturity,116.15,98.91
Tamil Nadu,Co 86032,24467.0,Clay Loam,6.51,74.4,1400.0,31.4,67.4,Harvest,98.91,93.68
Tamil Nadu,Co 86032,31435.0,Clay Loam,6.71,76.4,1400.0,31.4,65.3,Planting,93.68,93.83
Tamil Nadu,Co 86032,37794.0,Clay Loam,7.1,67.4,1400.0,31.4,72.6,Germination,93.83,116.72
Tamil Nadu,Co 86032,43477.0,Clay Loam,7.17,71.5,1400.0,31.4,74.9,Tillering,116.72,100.67
Tamil Nadu,Co 86032,37783.0,Clay Loam,6.95,60.9,1400.0,31.4,64.3,Grand Growth,100.67,81.64
Tamil Nadu,Co 86032,31.0,Clay Loam,6.96,73.3,1400.0,31.4,67.1,Grand Growth,1077.78,122.58
Tamil Nadu,Co 86032,131.0,Clay Loam,7.04,75.5,1400.0,31.4,64.6,Maturity,122.58,107.02
Tamil Nadu,Co 86032,57.0,Clay Loam,7.1,66.0,1400.0,31.4,67.9,Harvest,107.02,107.02
Tamil Nadu,Co 86032,113.0,Clay Loam,6.65,73.9,1400.0,31.4,73.0,Planting,107.02,100.0
Tamil Nadu,Co 86032,113.0,Clay Loam,6.78,85.0,1400.0,31.4,65.3,Germination,100.0,91.86
Tamil Nadu,Co 86032,69.0,Clay Loam,6.56,80.1,1400.0,31.4,65.2,Tillering,91.86,101.68
Tamil Nadu,Co 86032,60.0,Clay Loam,7.28,65.1,1400.0,31.4,77.1,Grand Growth,101.68,110.07
Tamil Nadu,Co 86032,155.0,Clay Loam,6.45,61.2,1400.0,31.4,68.9,Maturity,110.07,104.69
Tamil Nadu,Co 86032,219.0,Clay Loam,6.84,62.8,1400.0,31.4,62.8,Harvest,104.69,122.79
Tamil Nadu,Co 86032,231.0,Clay Loam,6.84,74.7,1400.0,31.4,76.0,Planting,122.79,107.54
Tamil Nadu,Co 86032,253.0,Black Soil,7.53,78.8,1400.0,31.4,72.3,Germination,107.54,106.21
Tamil Nadu,Co 86032,428.0,Clay Loam,6.85,71.3,1400.0,31.4,68.2,Tillering,106.21,101.45
Tamil Nadu,Co 86032,562.0,Clay Loam,6.29,78.4,1400.0,31.4,66.9,Grand Growth,101.45,108.41
Tamil Nadu,Co 86032,581.0,Clay Loam,6.85,72.0,1400.0,31.4,69.9,Maturity,108.41,112.53
Tamil Nadu,Co 86032,457.0,Alluvial Soil,6.94,57.5,1400.0,31.4,69.5,Harvest,112.53,97.63
Tamil Nadu,Co 86032,204.0,Clay Loam,7.15,68.9,1400.0,31.4,70.0,Planting,97.63,103.57
Tamil Nadu,Co 86032,27098.0,Clay Loam,6.74,64.2,1400.0,31.4,67.6,Grand Growth,759.12,79.58
Tamil Nadu,Co 86032,30528.0,Clay Loam,6.95,63.3,1400.0,31.4,70.0,Maturity,79.58,87.14
Tamil Nadu,Co 86032,26879.0,Clay Loam,7.26,75.4,1400.0,31.4,70.8,Harvest,87.14,87.14
Tamil Nadu,Co 86032,28682.0,Clay Loam,6.93,60.6,1400.0,31.4,73.4,Planting,87.14,48.87
Tamil Nadu,Co 86032,14397.0,Clay Loam,6.51,68.2,1400.0,31.4,66.5,Germination,48.87,78.8
Tamil Nadu,Co 86032,12772.0,Clay Loam,7.08,73.5,1400.0,31.4,73.7,Tillering,78.8,82.36
Tamil Nadu,Co 86032,12325.0,Clay Loam,7.18,82.2,1400.0,31.4,63.6,Grand Growth,82.36,81.19
Tamil Nadu,Co 86032,17202.0,Clay Loam,7.21,68.3,1400.0,31.4,70.3,Maturity,81.19,82.02
Tamil Nadu,Co 86032,22680.0,Clay Loam,6.53,66.9,1400.0,31.4,68.0,Harvest,82.02,96.36
Tamil Nadu,Co 86032,20938.0,Clay Loam,6.78,72.5,1400.0,31.4,68.1,Planting,96.36,92.89
Tamil Nadu,Co 86032,16775.0,Clay Loam,6.35,67.7,1400.0,31.4,73.7,Germination,92.89,94.3
Tamil Nadu,Co 86032,14329.0,Clay Loam,7.11,70.1,1400.0,31.4,76.8,Tillering,94.3,76.36
Tamil Nadu,Co 86032,14034.0,Clay Loam,6.76,72.2,1400.0,31.4,67.6,Grand Growth,76.36,90.33
Tamil Nadu,Co 86032,15085.0,Clay Loam,7.61,72.6,1400.0,31.4,66.1,Maturity,90.33,96.81
Tamil Nadu,Co 86032,13182.0,Clay Loam,6.7,58.1,1400.0,31.4,66.9,Harvest,96.81,94.4
Tamil Nadu,Co 86032,11591.0,Clay Loam,6.86,71.1,1400.0,31.4,62.1,Planting,94.4,94.36
Tamil Nadu,Co 86032,44737.0,Clay Loam,6.99,76.0,1400.0,31.4,66.9,Planting,1120.06,111.67
Tamil Nadu,Co 86032,42884.0,Clay Loam,6.68,71.5,1400.0,31.4,70.0,Germination,111.67,108.87
Tamil Nadu,Co 86032,40233.0,Clay Loam,7.15,69.6,1400.0,31.4,69.7,Tillering,108.87,108.87
Tamil Nadu,Co 86032,36886.0,Clay Loam,6.66,73.0,1400.0,31.4,74.1,Grand Growth,108.87,118.7
Tamil Nadu,Co 86032,34805.0,Clay Loam,7.16,67.8,1400.0,31.4,62.2,Maturity,118.7,87.16
Tamil Nadu,Co 86032,30279.0,Clay Loam,6.78,77.6,1400.0,31.4,60.8,Harvest,87.16,103.22
Tamil Nadu,Co 86032,39444.0,Clay Loam,7.2,70.3,1400.0,31.4,72.3,Planting,103.22,114.38
Tamil Nadu,Co 86032,56564.0,Clay Loam,6.97,57.2,1400.0,31.4,69.4,Germination,114.38,110.2
Tamil Nadu,Co 86032,61920.0,Clay Loam,7.02,67.5,1400.0,31.4,59.7,Tillering,110.2,132.9
Tamil Nadu,Co 86032,56698.0,Clay Loam,6.8,67.4,1400.0,31.4,67.8,Grand Growth,132.9,102.07
Tamil Nadu,Co 86032,52991.0,Clay Loam,6.49,63.1,1400.0,31.4,63.8,Maturity,102.07,109.48
Tamil Nadu,Co 86032,54139.0,Clay Loam,6.8,60.5,1400.0,31.4,66.7,Harvest,109.48,107.07
Tamil Nadu,Co 86032,64348.0,Clay Loam,6.94,78.6,1400.0,31.4,76.6,Planting,107.07,112.46
Tamil Nadu,Co 86032,73460.0,Clay Loam,7.46,63.4,1400.0,31.4,65.8,Germination,112.46,109.75
Tamil Nadu,Co 86032,79437.0,Clay Loam,6.82,72.1,1400.0,31.4,75.0,Tillering,109.75,109.58
Tamil Nadu,Co 86032,88786.0,Clay Loam,6.95,63.1,1400.0,31.4,74.1,Grand Growth,109.58,119.38
Tamil Nadu,Co 86032,3707.0,Clay Loam,6.99,81.8,1400.0,31.4,66.3,Grand Growth,1073.51,122.73
Tamil Nadu,Co 86032,3052.0,Clay Loam,7.16,63.3,1400.0,31.4,70.3,Maturity,122.73,104.01
Tamil Nadu,Co 86032,3475.0,Black Soil,7.09,70.5,1400.0,31.4,71.9,Harvest,104.01,104.01
Tamil Nadu,Co 86032,3825.0,Alluvial Soil,7.28,51.6,1400.0,31.4,76.5,Planting,104.01,100.18
Tamil Nadu,Co 86032,3580.0,Clay Loam,7.15,67.1,1400.0,31.4,70.5,Germination,100.18,91.84
Tamil Nadu,Co 86032,2871.0,Clay Loam,6.15,74.0,1400.0,31.4,74.0,Tillering,91.84,101.68
Tamil Nadu,Co 86032,2194.0,Clay Loam,7.16,74.9,1400.0,31.4,62.3,Grand Growth,101.68,99.57
Tamil Nadu,Co 86032,3209.0,Clay Loam,6.77,66.3,1400.0,31.4,68.3,Maturity,99.57,115.78
Tamil Nadu,Co 86032,4211.0,Clay Loam,6.94,59.2,1400.0,31.4,64.6,Harvest,115.78,108.23
Tamil Nadu,Co 86032,4438.0,Clay Loam,7.15,70.9,1400.0,31.4,59.8,Planting,108.23,99.07
Tamil Nadu,Co 86032,3903.0,Red Loam,6.49,56.9,1400.0,31.4,65.4,Germination,99.07,105.36
Tamil Nadu,Co 86032,3193.0,Clay Loam,7.13,60.3,1400.0,31.4,71.4,Tillering,105.36,104.39
Tamil Nadu,Co 86032,3314.0,Clay Loam,6.39,63.8,1400.0,31.4,65.3,Grand Growth,104.39,86.8
Tamil Nadu,Co 86032,3259.0,Clay Loam,7.37,61.3,1400.0,31.4,71.7,Maturity,86.8,114.49
Tamil Nadu,Co 86032,3319.0,Clay Loam,7.33,69.3,1400.0,31.4,77.6,Harvest,114.49,89.66
Tamil Nadu,Co 86032,2917.0,Sandy Loam,6.99,62.8,1400.0,31.4,70.6,Planting,89.66,101.48
Telangana,Co 86032,200.0,Red Loam,7.29,57.1,1400.0,31.4,79.3,Harvest,73.09,77.0
Telangana,Co 86032,300.0,Red Loam,6.49,53.1,1400.0,31.4,68.2,Planting,77.0,96.0
Telangana,Co 86032,316.0,Clay Loam,6.46,57.2,1400.0,31.4,63.4,Germination,96.0,65.11
Telangana,Co 86032,149.0,Red Loam,6.03,55.2,1400.0,31.4,69.1,Tillering,65.11,77.93
Telangana,Co 86032,8.0,Red Loam,6.81,58.0,1400.0,31.4,64.5,Grand Growth,77.93,88.0
Telangana,Co 86032,56.0,Red Loam,6.7,60.1,1400.0,31.4,58.8,Maturity,88.0,71.25
Telangana,Co 86032,121.0,Red Loam,5.96,60.9,1400.0,31.4,70.5,Harvest,71.25,80.0
Telangana,Co 86032,131.0,Red Loam,6.1,63.8,1400.0,31.4,70.0,Planting,80.0,72.0
Telangana,Co 86032,156.0,Red Loam,6.18,58.7,1400.0,31.4,63.5,Germination,72.0,88.99
Telangana,Co 86032,566.0,Red Loam,6.65,53.4,1400.0,31.4,69.8,Tillering,88.99,89.75
Telangana,Co 86032,40.0,Red Loam,7.04,57.5,1400.0,31.4,71.8,Grand Growth,89.75,85.0
Telangana,Co 86032,8.0,Red Loam,6.69,62.9,1400.0,31.4,67.6,Maturity,85.0,84.0
Telangana,Co 86032,2.0,Alluvial Soil,7.18,58.7,1400.0,31.4,66.6,Harvest,84.0,88.0
Telangana,Co 86032,3.0,Red Loam,6.18,56.5,1400.0,31.4,66.4,Planting,88.0,87.67
Telangana,Co 86032,2000.0,Red Loam,5.76,70.1,1400.0,31.4,70.1,Grand Growth,71.38,76.85
Telangana,Co 86032,2000.0,Clay Loam,6.74,65.6,1400.0,31.4,67.3,Maturity,76.85,89.4
Telangana,Co 86032,963.0,Red Loam,6.43,49.5,1400.0,31.4,74.2,Harvest,89.4,0.0
Telangana,Co 86032,2243.0,Red Loam,6.56,50.8,1400.0,31.4,68.0,Planting,52.07,51.74
Telangana,Co 86032,2106.0,Red Loam,6.29,49.9,1400.0,31.4,72.1,Germination,51.74,85.84
Telangana,Co 86032,579.0,Alluvial Soil,6.61,41.0,1400.0,31.4,74.5,Tillering,85.84,64.61
Telangana,Co 86032,1623.0,Sandy Loam,6.98,58.3,1400.0,31.4,68.6,Grand Growth,64.61,77.81
Telangana,Co 86032,1289.0,Red Loam,6.35,53.1,1400.0,31.4,75.6,Maturity,77.81,71.07
Telangana,Co 86032,1378.0,Red Loam,6.8,57.3,1400.0,31.4,68.6,Harvest,71.07,93.32
Telangana,Co 86032,1503.0,Red Loam,6.24,58.8,1400.0,31.4,77.7,Planting,93.32,89.86
Telangana,Co 86032,2000.0,Red Loam,6.26,51.3,1400.0,31.4,85.3,Germination,89.86,86.0
Telangana,Co 86032,1633.0,Red Loam,6.72,52.8,1400.0,31.4,71.3,Tillering,86.0,85.0
Telangana,Co 86032,1194.0,Alluvial Soil,7.04,61.6,1400.0,31.4,64.8,Grand Growth,85.0,102.85
Telangana,Co 86032,1500.0,Red Loam,7.13,58.9,1400.0,31.4,76.1,Maturity,102.85,77.93
Telangana,Co 86032,1700.0,Red Loam,6.95,52.0,1400.0,31.4,66.9,Harvest,77.93,91.37
Telangana,Co 86032,2016.0,Red Loam,6.16,52.5,1400.0,31.4,65.3,Planting,91.37,81.85
Telangana,Co 86032,2046.0,Sandy Loam,6.97,69.3,1400.0,31.4,58.0,Germination,81.85,81.0
Telangana,Co 86032,2400.0,Red Loam,6.94,52.4,1400.0,31.4,73.3,Harvest,65.98,72.04
Telangana,Co 86032,3800.0,Red Loam,6.19,44.6,1400.0,31.4,74.1,Planting,72.04,83.13
Telangana,Co 86032,4157.0,Red Loam,6.47,48.2,1400.0,31.4,75.8,Germination,83.13,68.01
Telangana,Co 86032,3748.0,Alluvial Soil,7.66,65.4,1400.0,31.4,78.2,Tillering,68.01,78.76
Telangana,Co 86032,5081.0,Red Loam,6.49,62.7,1400.0,31.4,70.4,Grand Growth,78.76,84.94
Telangana,Co 86032,6031.0,Red Loam,6.63,67.4,1400.0,31.4,66.2,Maturity,84.94,64.2
Telangana,Co 86032,3310.0,Red Loam,6.22,49.5,1400.0,31.4,69.6,Harvest,64.2,76.65
Telangana,Co 86032,3624.0,Red Loam,7.07,57.2,1400.0,31.4,71.4,Planting,76.65,69.71
Telangana,Co 86032,3639.0,Red Loam,6.21,56.6,1400.0,31.4,70.0,Germination,69.71,91.12
Telangana,Co 86032,5397.0,Red Loam,5.73,68.9,1400.0,31.4,73.0,Tillering,91.12,96.4
Telangana,Co 86032,5000.0,Red Loam,6.97,57.7,1400.0,31.4,72.0,Grand Growth,96.4,106.4
Telangana,Co 86032,3037.0,Alluvial Soil,6.95,64.4,1400.0,31.4,60.6,Maturity,106.4,92.9
Telangana,Co 86032,1150.0,Red Loam,6.28,60.0,1400.0,31.4,67.4,Harvest,92.9,98.37
Telangana,Co 86032,3049.0,Red Loam,5.88,54.1,1400.0,31.4,67.1,Planting,98.37,95.05
Telangana,Co 86032,4680.0,Sandy Loam,7.37,63.8,1400.0,31.4,69.7,Germination,95.05,89.98
Telangana,Co 86032,5140.0,Red Loam,6.66,60.3,1400.0,31.4,62.5,Tillering,89.98,95.33
Telangana,Co 86032,5581.0,Alluvial Soil,7.21,53.0,1400.0,31.4,63.1,Grand Growth,95.33,83.15
Telangana,Co 86032,23.0,Red Loam,6.35,51.6,1400.0,31.4,66.0,Maturity,63.99,65.57
Telangana,Co 86032,50.0,Red Loam,5.99,63.5,1400.0,31.4,72.7,Harvest,65.57,69.6
Telangana,Co 86032,44.0,Red Loam,6.81,50.3,1400.0,31.4,74.2,Planting,69.6,80.0
Telangana,Co 86032,6.0,Red Loam,6.83,64.7,1400.0,31.4,72.7,Germination,80.0,72.0
Telangana,Co 86032,10.0,Red Loam,6.11,59.3,1400.0,31.4,74.0,Tillering,72.0,94.0
Telangana,Co 86032,257.0,Red Loam,6.14,55.4,1400.0,31.4,68.1,Grand Growth,94.0,89.79
Telangana,Co 86032,78.0,Red Loam,7.34,45.0,1400.0,31.4,78.3,Maturity,89.79,81.42
Telangana,Co 86032,130.0,Red Loam,6.5,60.3,1400.0,31.4,66.0,Harvest,81.42,88.0
Telangana,Co 86032,1945.0,Red Loam,6.8,60.2,1400.0,31.4,71.2,Planting,88.0,83.02
Telangana,Co 86032,2685.0,Red Loam,6.43,50.9,1400.0,31.4,68.8,Germination,83.02,82.08
Telangana,Co 86032,1927.0,Red Loam,6.81,56.8,1400.0,31.4,58.9,Tillering,82.08,71.61
Telangana,Co 86032,1320.0,Red Loam,6.34,67.7,1400.0,31.4,83.4,Grand Growth,71.61,82.7
Telangana,Co 86032,19100.0,Red Loam,7.29,58.6,1400.0,31.4,73.2,Harvest,71.8,68.87
Telangana,Co 86032,16300.0,Red Loam,6.51,70.6,1400.0,31.4,71.8,Planting,68.87,74.07
Telangana,Co 86032,28327.0,Red Loam,6.29,60.1,1400.0,31.4,72.1,Germination,74.07,66.5
Telangana,Co 86032,38027.0,Red Loam,6.98,70.4,1400.0,31.4,67.4,Tillering,66.5,54.8
Telangana,Co 86032,27207.0,Red Loam,6.76,57.4,1400.0,31.4,72.5,Grand Growth,54.8,86.93
Telangana,Co 86032,30902.0,Red Loam,6.71,61.0,1400.0,31.4,73.0,Maturity,86.93,72.46
Telangana,Co 86032,25967.0,Red Loam,6.08,63.3,1400.0,31.4,77.6,Harvest,72.46,73.66
Telangana,Co 86032,22868.0,Red Loam,7.26,51.3,1400.0,31.4,73.2,Planting,73.66,65.31
Telangana,Co 86032,27111.0,Red Loam,6.4,62.4,1400.0,31.4,69.8,Germination,65.31,89.84
Telangana,Co 86032,30433.0,Red Loam,6.57,63.7,1400.0,31.4,61.0,Tillering,89.84,83.43
Telangana,Co 86032,33000.0,Red Loam,6.67,56.1,1400.0,31.4,64.6,Grand Growth,83.43,80.15
Telangana,Co 86032,26002.0,Red Loam,6.67,50.9,1400.0,31.4,62.6,Maturity,80.15,79.74
Telangana,Co 86032,17127.0,Red Loam,6.3,52.2,1400.0,31.4,73.0,Harvest,79.74,81.67
Telangana,Co 86032,23128.0,Clay Loam,6.4,57.2,1400.0,31.4,70.0,Planting,81.67,74.41
Telangana,Co 86032,25205.0,Red Loam,6.97,55.9,1400.0,31.4,63.4,Germination,74.41,87.9
Telangana,Co 86032,21419.0,Red Loam,6.77,58.2,1400.0,31.4,66.2,Tillering,87.9,86.7
Telangana,Co 86032,22076.0,Red Loam,6.9,57.1,1400.0,31.4,73.7,Grand Growth,86.7,90.48
Telangana,Co 86032,300.0,Red Loam,6.43,59.6,1400.0,31.4,77.9,Grand Growth,67.86,63.67
Telangana,Co 86032,100.0,Red Loam,7.11,54.4,1400.0,31.4,68.9,Maturity,63.67,70.0
Telangana,Co 86032,186.0,Red Loam,6.9,56.9,1400.0,31.4,65.4,Harvest,70.0,66.11
Telangana,Co 86032,112.0,Red Loam,5.5,53.8,1400.0,31.4,64.9,Planting,66.11,22.97
Telangana,Co 86032,28.0,Red Loam,6.1,60.8,1400.0,31.4,65.2,Germination,22.97,85.75
Telangana,Co 86032,50.0,Red Loam,6.82,43.0,1400.0,31.4,62.9,Tillering,85.75,68.4
Telangana,Co 86032,123.0,Red Loam,6.93,55.1,1400.0,31.4,75.5,Grand Growth,68.4,75.85
Telangana,Co 86032,381.0,Red Loam,6.87,57.7,1400.0,31.4,69.9,Maturity,75.85,69.19
Telangana,Co 86032,681.0,Red Loam,6.95,62.3,1400.0,31.4,59.6,Harvest,69.19,92.48
Telangana,Co 86032,646.0,Red Loam,6.96,64.2,1400.0,31.4,76.0,Planting,92.48,85.27
Telangana,Co 86032,166.0,Red Loam,6.91,50.0,1400.0,31.4,71.8,Germination,85.27,77.52
Telangana,Co 86032,122.0,Red Loam,6.33,58.5,1400.0,31.4,71.0,Tillering,77.52,87.77
Telangana,Co 86032,398.0,Red Loam,6.03,47.7,1400.0,31.4,66.3,Grand Growth,87.77,78.98
Telangana,Co 86032,672.0,Red Loam,6.87,61.6,1400.0,31.4,70.4,Maturity,78.98,92.05
Telangana,Co 86032,910.0,Red Loam,6.66,54.8,1400.0,31.4,63.9,Harvest,92.05,95.6
Telangana,Co 86032,743.0,Red Loam,6.59,62.5,1400.0,31.4,69.7,Planting,95.6,83.23
Telangana,Co 86032,16200.0,Red Loam,6.45,53.0,1400.0,31.4,71.1,Harvest,72.11,74.59
Telangana,Co 86032,22100.0,Red Loam,6.08,46.6,1400.0,31.4,75.5,Planting,74.59,88.98
Telangana,Co 86032,22405.0,Red Loam,6.72,45.4,1400.0,31.4,71.1,Germination,88.98,68.31
Telangana,Co 86032,19262.0,Red Loam,6.68,53.6,1400.0,31.4,75.6,Tillering,68.31,80.99
Telangana,Co 86032,19824.0,Red Loam,6.28,70.3,1400.0,31.4,76.3,Grand Growth,80.99,82.31
Telangana,Co 86032,18108.0,Red Loam,6.73,56.4,1400.0,31.4,71.0,Maturity,82.31,51.35
Telangana,Co 86032,15242.0,Red Loam,6.31,57.3,1400.0,31.4,67.8,Harvest,51.35,76.97
Telangana,Co 86032,14737.0,Red Loam,6.54,50.9,1400.0,31.4,65.9,Planting,76.97,73.07
Telangana,Co 86032,15314.0,Red Loam,6.65,53.8,1400.0,31.4,74.3,Germination,73.07,86.91
Telangana,Co 86032,17234.0,Red Loam,7.01,60.0,1400.0,31.4,70.6,Tillering,86.91,84.24
Telangana,Co 86032,19000.0,Red Loam,6.84,61.4,1400.0,31.4,72.1,Grand Growth,84.24,82.68
Telangana,Co 86032,10619.0,Red Loam,6.61,60.6,1400.0,31.4,70.0,Maturity,82.68,77.43
Telangana,Co 86032,5936.0,Red Loam,6.67,49.9,1400.0,31.4,74.7,Harvest,77.43,66.67
Telangana,Co 86032,8298.0,Red Loam,6.63,54.6,1400.0,31.4,70.0,Planting,66.67,76.72
Telangana,Co 86032,9298.0,Red Loam,6.46,59.1,1400.0,31.4,68.4,Germination,76.72,73.72
Telangana,Co 86032,7032.0,Red Loam,7.22,52.5,1400.0,31.4,77.5,Tillering,73.72,82.91
Telangana,Co 86032,5429.0,Red Loam,7.04,62.6,1400.0,31.4,65.9,Grand Growth,82.91,87.23
Telangana,Co 86032,600.0,Sandy Loam,7.17,45.9,1400.0,31.4,74.0,Tillering,68.34,67.0
Telangana,Co 86032,1300.0,Red Loam,6.74,54.5,1400.0,31.4,67.1,Grand Growth,67.0,84.77
Telangana,Co 86032,1579.0,Red Loam,6.37,59.2,1400.0,31.4,68.1,Maturity,84.77,66.06
Telangana,Co 86032,1398.0,Red Loam,6.41,66.5,1400.0,31.4,65.0,Harvest,66.06,44.45
Telangana,Co 86032,1034.0,Red Loam,6.14,54.6,1400.0,31.4,69.6,Planting,44.45,83.45
Telangana,Co 86032,432.0,Red Loam,6.05,52.0,1400.0,31.4,66.4,Germination,83.45,63.5
Telangana,Co 86032,890.0,Red Loam,6.47,56.1,1400.0,31.4,66.1,Tillering,63.5,73.78
Telangana,Co 86032,1239.0,Red Loam,7.12,59.7,1400.0,31.4,76.0,Grand Growth,73.78,70.1
Telangana,Co 86032,1333.0,Red Loam,6.54,56.3,1400.0,31.4,72.7,Maturity,70.1,86.23
Telangana,Co 86032,1296.0,Red Loam,6.44,51.8,1400.0,31.4,70.6,Harvest,86.23,85.48
Telangana,Co 86032,1000.0,Red Loam,6.54,56.7,1400.0,31.4,55.5,Planting,85.48,103.0
Telangana,Co 86032,1265.0,Red Loam,6.82,49.8,1400.0,31.4,74.2,Germination,103.0,81.59
Telangana,Co 86032,1094.0,Red Loam,6.15,58.0,1400.0,31.4,70.5,Tillering,81.59,75.14
Telangana,Co 86032,1503.0,Red Loam,6.03,68.0,1400.0,31.4,73.5,Grand Growth,75.14,71.94
Telangana,Co 86032,1207.0,Black Soil,7.43,71.0,1400.0,31.4,69.7,Maturity,71.94,70.36
Telangana,Co 86032,858.0,Red Loam,6.66,51.6,1400.0,31.4,66.6,Harvest,70.36,65.27
Telangana,Co 86032,941.0,Red Loam,6.27,58.0,1400.0,31.4,71.6,Planting,65.27,75.4
Telangana,Co 86032,5.0,Red Loam,6.45,52.6,1400.0,31.4,61.5,Grand Growth,79.35,88.0
Tripura,Co 86032,350.0,Alluvial Soil,6.87,45.0,1400.0,31.4,68.2,Planting,45.0,43.23
Tripura,Co 86032,318.0,Alluvial Soil,7.44,60.1,1400.0,31.4,73.1,Germination,43.23,49.98
Tripura,Co 86032,295.0,Alluvial Soil,6.5,61.2,1400.0,31.4,78.7,Tillering,49.98,51.32
Tripura,Co 86032,275.0,Alluvial Soil,7.13,58.9,1400.0,31.4,68.7,Grand Growth,51.32,51.84
Tripura,Co 86032,344.0,Alluvial Soil,7.28,61.0,1400.0,31.4,72.5,Maturity,51.84,45.38
Tripura,Co 86032,347.0,Alluvial Soil,6.88,51.0,1400.0,31.4,69.3,Harvest,45.38,36.82
Tripura,Co 86032,211.0,Alluvial Soil,7.07,52.7,1400.0,31.4,65.3,Planting,36.82,46.24
Tripura,Co 86032,156.0,Alluvial Soil,7.49,70.7,1400.0,31.4,75.9,Germination,46.24,45.87
Tripura,Co 86032,150.0,Sandy Loam,6.8,61.0,1400.0,31.4,63.2,Tillering,45.87,44.57
Tripura,Co 86032,231.0,Alluvial Soil,7.12,58.0,1400.0,31.4,74.2,Grand Growth,44.57,45.39
Tripura,Co 86032,186.0,Alluvial Soil,7.44,51.3,1400.0,31.4,73.2,Maturity,45.39,53.31
Tripura,Co 86032,213.0,Alluvial Soil,6.96,52.1,1400.0,31.4,62.7,Harvest,53.31,53.13
Tripura,Co 86032,201.0,Red Loam,6.38,54.4,1400.0,31.4,71.2,Planting,53.13,49.26
Tripura,Co 86032,182.0,Alluvial Soil,7.47,59.6,1400.0,31.4,76.0,Germination,49.26,46.77
Tripura,Co 86032,141.0,Alluvial Soil,7.14,59.9,1400.0,31.4,72.6,Tillering,46.77,49.86
Tripura,Co 86032,111.0,Alluvial Soil,6.96,59.9,1400.0,31.4,71.7,Grand Growth,49.86,49.51
Tripura,Co 86032,120.0,Alluvial Soil,6.98,56.3,1400.0,31.4,81.5,Maturity,49.51,50.17
Tripura,Co 86032,45.0,Alluvial Soil,7.18,63.4,1400.0,31.4,63.6,Grand Growth,49.31,49.2
Tripura,Co 86032,64.0,Alluvial Soil,7.21,55.3,1400.0,31.4,69.0,Maturity,49.2,49.41
Tripura,Co 86032,61.0,Alluvial Soil,6.8,67.4,1400.0,31.4,63.1,Harvest,49.41,50.74
Tripura,Co 86032,35.0,Alluvial Soil,7.07,53.0,1400.0,31.4,72.3,Tillering,50.46,53.74
Tripura,Co 86032,48.0,Alluvial Soil,6.5,55.4,1400.0,31.4,68.1,Grand Growth,53.74,55.58
Tripura,Co 86032,48.0,Alluvial Soil,7.66,56.4,1400.0,31.4,63.3,Maturity,55.58,54.42
Tripura,Co 86032,235.0,Alluvial Soil,7.2,54.5,1400.0,31.4,71.3,Germination,45.0,46.7
Tripura,Co 86032,230.0,Alluvial Soil,7.87,51.5,1400.0,31.4,68.1,Tillering,46.7,55.05
Tripura,Co 86032,168.0,Alluvial Soil,7.14,68.3,1400.0,31.4,76.8,Grand Growth,55.05,53.15
Tripura,Co 86032,155.0,Alluvial Soil,6.91,67.5,1400.0,31.4,65.4,Maturity,53.15,52.26
Tripura,Co 86032,216.0,Alluvial Soil,7.07,50.8,1400.0,31.4,68.5,Harvest,52.26,49.68
Tripura,Co 86032,169.0,Alluvial Soil,6.9,68.6,1400.0,31.4,71.9,Planting,49.68,41.36
Tripura,Co 86032,174.0,Alluvial Soil,7.05,52.3,1400.0,31.4,69.9,Germination,41.36,48.45
Tripura,Co 86032,170.0,Alluvial Soil,7.55,56.2,1400.0,31.4,71.9,Tillering,48.45,48.32
Tripura,Co 86032,188.0,Sandy Loam,5.97,56.2,1400.0,31.4,72.0,Grand Growth,48.32,48.09
Tripura,Co 86032,150.0,Clay Loam,7.14,67.4,1400.0,31.4,71.1,Maturity,48.09,49.07
Tripura,Co 86032,170.0,Alluvial Soil,6.95,61.3,1400.0,31.4,68.7,Harvest,49.07,66.01
Tripura,Co 86032,202.0,Alluvial Soil,7.07,55.6,1400.0,31.4,74.2,Planting,66.01,54.97
Tripura,Co 86032,311.0,Alluvial Soil,6.99,51.6,1400.0,31.4,67.0,Germination,54.97,53.27
Tripura,Co 86032,276.0,Alluvial Soil,7.51,52.8,1400.0,31.4,71.4,Tillering,53.27,50.25
Tripura,Co 86032,164.0,Alluvial Soil,6.91,43.4,1400.0,31.4,72.7,Grand Growth,50.25,50.47
Tripura,Co 86032,180.0,Alluvial Soil,7.51,61.5,1400.0,31.4,69.8,Maturity,50.47,53.23
Tripura,Co 86032,163.0,Red Loam,6.4,64.5,1400.0,31.4,68.1,Harvest,53.23,54.96
Tripura,Co 86032,56.0,Alluvial Soil,7.26,45.8,1400.0,31.4,65.7,Maturity,53.05,53.66
Tripura,Co 86032,74.0,Alluvial Soil,7.54,48.9,1400.0,31.4,66.2,Harvest,53.66,56.88
Tripura,Co 86032,49.0,Alluvial Soil,7.1,54.7,1400.0,31.4,57.1,Planting,56.88,57.31
Tripura,Co 86032,335.0,Alluvial Soil,6.75,53.3,1400.0,31.4,70.3,Grand Growth,46.46,49.88
Tripura,Co 86032,302.0,Alluvial Soil,7.04,53.7,1400.0,31.4,73.2,Maturity,49.88,48.21
Tripura,Co 86032,412.0,Alluvial Soil,7.31,49.3,1400.0,31.4,63.8,Harvest,48.21,51.42
Tripura,Co 86032,420.0,Alluvial Soil,6.73,51.0,1400.0,31.4,60.4,Planting,51.42,50.74
Tripura,Co 86032,430.0,Alluvial Soil,7.35,53.5,1400.0,31.4,54.6,Germination,50.74,49.58
Tripura,Co 86032,452.0,Alluvial Soil,7.11,59.8,1400.0,31.4,63.7,Tillering,49.58,48.45
Tripura,Co 86032,463.0,Alluvial Soil,7.0,54.8,1400.0,31.4,69.1,Grand Growth,48.45,49.45
Tripura,Co 86032,461.0,Sandy Loam,6.22,63.1,1400.0,31.4,68.9,Maturity,49.45,51.28
Tripura,Co 86032,433.0,Alluvial Soil,7.64,58.7,1400.0,31.4,75.0,Harvest,51.28,49.1
Tripura,Co 86032,468.0,Alluvial Soil,6.85,62.8,1400.0,31.4,70.9,Planting,49.1,49.29
Tripura,Co 86032,511.0,Alluvial Soil,6.71,53.3,1400.0,31.4,74.5,Germination,49.29,49.23
Tripura,Co 86032,386.0,Alluvial Soil,7.35,70.2,1400.0,31.4,67.6,Tillering,49.23,48.32
Tripura,Co 86032,283.0,Alluvial Soil,7.14,56.0,1400.0,31.4,75.2,Grand Growth,48.32,49.57
Tripura,Co 86032,355.0,Alluvial Soil,6.96,60.3,1400.0,31.4,74.8,Maturity,49.57,48.59
Tripura,Co 86032,310.0,Alluvial Soil,6.8,56.1,1400.0,31.4,65.2,Harvest,48.59,48.51
Tripura,Co 86032,350.0,Alluvial Soil,7.12,56.1,1400.0,31.4,67.9,Planting,48.51,48.38
Tripura,Co 86032,240.0,Alluvial Soil,7.72,53.1,1400.0,31.4,67.8,Germination,48.38,49.54
Tripura,Co 86032,100.0,Alluvial Soil,7.4,45.1,1400.0,31.4,74.3,Planting,57.72,54.89
Tripura,Co 86032,103.0,Alluvial Soil,6.89,57.1,1400.0,31.4,69.3,Germination,54.89,58.0
Tripura,Co 86032,81.0,Red Loam,6.08,53.8,1400.0,31.4,78.4,Tillering,58.0,58.0
Tripura,Co 86032,160.0,Alluvial Soil,6.86,51.3,1400.0,31.4,69.1,Harvest,52.63,53.03
Tripura,Co 86032,165.0,Alluvial Soil,6.95,61.4,1400.0,31.4,70.2,Planting,53.03,49.61
Tripura,Co 86032,165.0,Alluvial Soil,7.17,52.0,1400.0,31.4,74.1,Germination,49.61,53.61
Tripura,Co 86032,170.0,Alluvial Soil,7.24,45.9,1400.0,31.4,71.6,Tillering,53.61,53.15
Tripura,Co 86032,160.0,Alluvial Soil,6.98,59.5,1400.0,31.4,70.0,Grand Growth,53.15,53.41
Tripura,Co 86032,152.0,Alluvial Soil,6.37,67.3,1400.0,31.4,69.9,Maturity,53.41,38.45
Tripura,Co 86032,182.0,Alluvial Soil,6.63,53.3,1400.0,31.4,66.7,Harvest,38.45,51.27
Tripura,Co 86032,87.0,Alluvial Soil,7.52,63.0,1400.0,31.4,65.2,Planting,51.27,49.69
Tripura,Co 86032,98.0,Alluvial Soil,7.52,54.8,1400.0,31.4,74.5,Germination,49.69,54.96
Tripura,Co 86032,110.0,Alluvial Soil,7.08,65.9,1400.0,31.4,69.4,Tillering,54.96,52.4
Tripura,Co 86032,105.0,Alluvial Soil,7.03,58.9,1400.0,31.4,67.0,Grand Growth,52.4,51.44
Tripura,Co 86032,78.0,Alluvial Soil,7.82,64.1,1400.0,31.4,64.9,Maturity,51.44,49.27
Tripura,Co 86032,114.0,Alluvial Soil,6.81,64.2,1400.0,31.4,75.4,Harvest,49.27,52.47
Tripura,Co 86032,108.0,Alluvial Soil,7.17,45.9,1400.0,31.4,70.1,Planting,52.47,49.74
Tripura,Co 86032,49.0,Alluvial Soil,7.51,61.4,1400.0,31.4,72.8,Germination,49.74,51.1
Tripura,Co 86032,34.0,Alluvial Soil,7.28,49.8,1400.0,31.4,66.6,Tillering,51.1,46.35
Tripura,Co 86032,31.0,Alluvial Soil,7.29,54.1,1400.0,31.4,66.9,Grand Growth,46.35,46.13
Uttar Pradesh,Co 0238,587.0,Alluvial Soil,7.0,57.5,1221.5,29.8,78.1,Tillering,45.0,38.13
Uttar Pradesh,Co 0238,544.0,Alluvial Soil,7.73,48.1,1221.5,29.8,62.2,Grand Growth,38.13,53.41
Uttar Pradesh,Co 0238,444.0,Alluvial Soil,6.8,55.2,1221.5,29.8,68.2,Maturity,53.41,54.92
Uttar Pradesh,Co 0238,623.0,Alluvial Soil,7.59,45.3,1221.5,29.8,64.7,Harvest,54.92,44.71
Uttar Pradesh,Co 0238,327.0,Alluvial Soil,7.25,55.8,1221.5,29.8,68.9,Planting,44.71,52.42
Uttar Pradesh,Co 0238,263.0,Alluvial Soil,7.3,47.2,1221.5,29.8,71.0,Germination,52.42,54.41
Uttar Pradesh,Co 0238,194.0,Alluvial Soil,7.14,43.4,1221.5,29.8,59.5,Tillering,54.41,51.72
Uttar Pradesh,Co 0238,230.0,Alluvial Soil,7.31,49.1,1221.5,29.8,67.2,Grand Growth,51.72,49.67
Uttar Pradesh,Co 0238,231.0,Alluvial Soil,6.98,51.9,1221.5,29.8,64.8,Maturity,49.67,50.38
Uttar Pradesh,Co 0238,178.0,Alluvial Soil,7.33,42.9,1221.5,29.8,64.3,Harvest,50.38,53.85
Uttar Pradesh,Co 0238,247.0,Alluvial Soil,7.08,45.9,1221.5,29.8,61.3,Planting,53.85,52.53
Uttar Pradesh,Co 0238,172.0,Alluvial Soil,6.35,51.8,1221.5,29.8,67.2,Germination,52.53,51.15
Uttar Pradesh,Co 0238,388.0,Alluvial Soil,6.86,43.5,1221.5,29.8,69.1,Tillering,51.15,43.2
Uttar Pradesh,Co 0238,163.0,Alluvial Soil,6.76,50.6,1221.5,29.8,71.2,Grand Growth,43.2,50.9
Uttar Pradesh,Co 0238,206.0,Alluvial Soil,6.92,51.9,1221.5,29.8,72.8,Maturity,50.9,47.48
Uttar Pradesh,Co 0238,297.0,Alluvial Soil,6.68,47.7,1221.5,29.8,72.7,Harvest,47.48,45.35
Uttar Pradesh,Co 0238,255.0,Alluvial Soil,6.8,48.5,1221.5,29.8,70.8,Planting,45.35,47.99
Uttar Pradesh,Co 0238,145.0,Alluvial Soil,7.52,59.9,1221.5,29.8,72.6,Germination,47.99,42.11
Uttar Pradesh,Co 0238,10099.0,Alluvial Soil,7.0,51.8,1221.5,29.8,73.1,Germination,63.95,59.25
Uttar Pradesh,Co 0238,9503.0,Clay Loam,6.99,54.7,1221.5,29.8,64.3,Tillering,59.25,55.56
Uttar Pradesh,Co 0238,8614.0,Alluvial Soil,7.29,46.6,1221.5,29.8,71.7,Grand Growth,55.56,66.75
Uttar Pradesh,Co 0238,9246.0,Alluvial Soil,7.48,48.3,1221.5,29.8,67.7,Maturity,66.75,57.45
Uttar Pradesh,Co 0238,9109.0,Alluvial Soil,7.08,40.8,1221.5,29.8,72.4,Harvest,57.45,63.42
Uttar Pradesh,Co 0238,10135.0,Alluvial Soil,7.12,47.5,1221.5,29.8,65.2,Planting,63.42,62.11
Uttar Pradesh,Co 0238,10735.0,Alluvial Soil,6.64,46.1,1221.5,29.8,78.5,Germination,62.11,57.22
Uttar Pradesh,Co 0238,9156.0,Alluvial Soil,6.85,43.4,1221.5,29.8,64.8,Tillering,57.22,50.9
Uttar Pradesh,Co 0238,11251.0,Alluvial Soil,6.97,44.7,1221.5,29.8,62.1,Grand Growth,50.9,53.8
Uttar Pradesh,Co 0238,12617.0,Alluvial Soil,6.97,59.3,1221.5,29.8,57.2,Maturity,53.8,59.7
Uttar Pradesh,Co 0238,8371.0,Red Loam,6.56,47.3,1221.5,29.8,64.0,Harvest,59.7,55.6
Uttar Pradesh,Co 0238,11462.0,Alluvial Soil,7.19,44.8,1221.5,29.8,60.5,Planting,55.6,57.21
Uttar Pradesh,Co 0238,6441.0,Alluvial Soil,7.0,59.1,1221.5,29.8,66.0,Germination,57.21,55.79
Uttar Pradesh,Co 0238,9195.0,Alluvial Soil,7.38,50.0,1221.5,29.8,70.5,Tillering,55.79,59.09
Uttar Pradesh,Co 0238,8967.0,Alluvial Soil,7.38,45.4,1221.5,29.8,66.0,Grand Growth,59.09,60.5
Uttar Pradesh,Co 0238,10593.0,Alluvial Soil,7.46,52.2,1221.5,29.8,63.4,Maturity,60.5,61.57
Uttar Pradesh,Co 0238,7301.0,Alluvial Soil,7.71,50.7,1221.5,29.8,67.4,Harvest,61.57,60.93
Uttar Pradesh,Co 0238,6478.0,Alluvial Soil,7.32,43.0,1221.5,29.8,73.0,Planting,60.93,59.88
Uttar Pradesh,Co 0238,1455.0,Alluvial Soil,7.01,34.8,1221.5,29.8,72.6,Planting,56.96,54.45
Uttar Pradesh,Co 0238,1437.0,Red Loam,6.09,48.4,1221.5,29.8,76.7,Germination,54.45,44.93
Uttar Pradesh,Co 0238,1456.0,Alluvial Soil,6.95,57.1,1221.5,29.8,71.0,Tillering,44.93,60.75
Uttar Pradesh,Co 0238,1164.0,Black Soil,7.37,59.9,1221.5,29.8,67.5,Grand Growth,60.75,46.19
Uttar Pradesh,Co 0238,932.0,Clay Loam,7.15,64.4,1221.5,29.8,69.8,Maturity,46.19,42.02
Uttar Pradesh,Co 0238,862.0,Alluvial Soil,6.68,56.5,1221.5,29.8,68.0,Harvest,42.02,43.41
Uttar Pradesh,Co 0238,868.0,Alluvial Soil,6.9,53.1,1221.5,29.8,71.7,Planting,43.41,43.92
Uttar Pradesh,Co 0238,745.0,Alluvial Soil,6.85,42.6,1221.5,29.8,68.4,Germination,43.92,54.59
Uttar Pradesh,Co 0238,937.0,Alluvial Soil,7.32,51.7,1221.5,29.8,65.0,Tillering,54.59,33.97
Uttar Pradesh,Co 0238,788.0,Alluvial Soil,7.49,47.3,1221.5,29.8,66.8,Grand Growth,33.97,45.16
Uttar Pradesh,Co 0238,689.0,Alluvial Soil,7.0,57.7,1221.5,29.8,62.1,Maturity,45.16,44.6
Uttar Pradesh,Co 0238,741.0,Alluvial Soil,6.85,45.5,1221.5,29.8,67.7,Harvest,44.6,55.28
Uttar Pradesh,Co 0238,757.0,Alluvial Soil,7.11,36.2,1221.5,29.8,74.9,Planting,55.28,43.55
Uttar Pradesh,Co 0238,608.0,Alluvial Soil,7.04,49.5,1221.5,29.8,65.9,Germination,43.55,58.34
Uttar Pradesh,Co 0238,762.0,Alluvial Soil,6.74,45.4,1221.5,29.8,67.5,Tillering,58.34,55.88
Uttar Pradesh,Co 0238,1019.0,Alluvial Soil,7.37,42.2,1221.5,29.8,64.0,Grand Growth,55.88,61.14
Uttar Pradesh,Co 0238,763.0,Alluvial Soil,6.97,55.7,1221.5,29.8,63.2,Maturity,61.14,68.23
Uttar Pradesh,Co 0238,700.0,Alluvial Soil,6.91,48.4,1221.5,29.8,66.1,Harvest,68.23,65.78
Uttar Pradesh,Co 0238,10257.0,Alluvial Soil,7.33,50.8,1221.5,29.8,70.1,Harvest,48.5,50.95
Uttar Pradesh,Co 0238,10644.0,Alluvial Soil,6.97,49.5,1221.5,29.8,61.3,Planting,50.95,45.31
Uttar Pradesh,Co 0238,10672.0,Alluvial Soil,7.31,48.4,1221.5,29.8,69.9,Germination,45.31,49.32
Uttar Pradesh,Co 0238,9556.0,Alluvial Soil,6.59,36.2,1221.5,29.8,70.9,Tillering,49.32,53.69
Uttar Pradesh,Co 0238,9072.0,Alluvial Soil,7.22,57.8,1221.5,29.8,62.0,Grand Growth,53.69,56.77
Uttar Pradesh,Co 0238,9662.0,Alluvial Soil,7.02,43.7,1221.5,29.8,67.3,Maturity,56.77,51.14
Uttar Pradesh,Co 0238,9080.0,Alluvial Soil,7.11,50.4,1221.5,29.8,59.8,Harvest,51.14,45.18
Uttar Pradesh,Co 0238,7589.0,Alluvial Soil,7.3,66.0,1221.5,29.8,66.4,Planting,45.18,54.82
Uttar Pradesh,Co 0238,9165.0,Alluvial Soil,7.03,64.1,1221.5,29.8,70.3,Germination,54.82,54.69
Uttar Pradesh,Co 0238,9033.0,Alluvial Soil,7.49,48.0,1221.5,29.8,57.0,Tillering,54.69,41.6
Uttar Pradesh,Co 0238,10701.0,Sandy Loam,6.04,38.4,1221.5,29.8,71.4,Grand Growth,41.6,53.22
Uttar Pradesh,Co 0238,11361.0,Alluvial Soil,7.02,54.1,1221.5,29.8,63.3,Maturity,53.22,46.91
Uttar Pradesh,Co 0238,10762.0,Alluvial Soil,6.82,47.0,1221.5,29.8,63.4,Harvest,46.91,52.91
Uttar Pradesh,Co 0238,11122.0,Alluvial Soil,7.14,50.8,1221.5,29.8,73.8,Planting,52.91,51.38
Uttar Pradesh,Co 0238,11315.0,Alluvial Soil,6.91,50.5,1221.5,29.8,75.8,Germination,51.38,58.4
Uttar Pradesh,Co 0238,12563.0,Alluvial Soil,7.04,48.4,1221.5,29.8,69.4,Tillering,58.4,62.29
Uttar Pradesh,Co 0238,11972.0,Alluvial Soil,6.78,39.2,1221.5,29.8,63.5,Grand Growth,62.29,61.83
Uttar Pradesh,Co 0238,11458.0,Alluvial Soil,6.95,49.3,1221.5,29.8,65.7,Maturity,61.83,62.45
Uttar Pradesh,Co 0238,1740.0,Alluvial Soil,6.88,50.7,1221.5,29.8,63.1,Maturity,57.52,58.4
Uttar Pradesh,Co 0238,1506.0,Alluvial Soil,6.87,42.9,1221.5,29.8,72.0,Harvest,58.4,62.29
Uttar Pradesh,Co 0238,1605.0,Alluvial Soil,6.54,49.5,1221.5,29.8,58.5,Planting,62.29,61.83
Uttar Pradesh,Co 0238,1602.0,Alluvial Soil,7.24,49.4,1221.5,29.8,58.6,Germination,61.83,62.45
Uttar Pradesh,Co 0238,80142.0,Alluvial Soil,7.09,49.0,1221.5,29.8,67.6,Harvest,57.09,63.4
Uttar Pradesh,Co 0238,81750.0,Alluvial Soil,7.05,53.9,1221.5,29.8,60.9,Planting,63.4,63.39
Uttar Pradesh,Co 0238,66208.0,Alluvial Soil,7.24,64.3,1221.5,29.8,70.4,Germination,63.39,56.26
Uttar Pradesh,Co 0238,68473.0,Alluvial Soil,7.05,59.4,1221.5,29.8,67.9,Tillering,56.26,57.7
Uttar Pradesh,Co 0238,68202.0,Alluvial Soil,7.1,49.4,1221.5,29.8,77.9,Grand Growth,57.7,59.57
Uttar Pradesh,Co 0238,69583.0,Alluvial Soil,8.16,59.0,1221.5,29.8,65.2,Maturity,59.57,60.48
Uttar Pradesh,Co 0238,73751.0,Alluvial Soil,7.25,54.3,1221.5,29.8,68.1,Harvest,60.48,60.09
Uttar Pradesh,Co 0238,73271.0,Alluvial Soil,6.93,51.5,1221.5,29.8,71.4,Planting,60.09,62.04
Uttar Pradesh,Co 0238,76851.0,Alluvial Soil,7.01,51.2,1221.5,29.8,61.0,Germination,62.04,62.42
Uttar Pradesh,Co 0238,73271.0,Alluvial Soil,7.17,48.5,1221.5,29.8,68.4,Tillering,62.42,63.23
Uttar Pradesh,Co 0238,76488.0,Alluvial Soil,7.45,47.2,1221.5,29.8,69.8,Grand Growth,63.23,54.89
Uttar Pradesh,Co 0238,69445.0,Sandy Loam,6.66,58.9,1221.5,29.8,56.3,Maturity,54.89,55.6
Uttar Pradesh,Co 0238,71482.0,Alluvial Soil,6.99,53.8,1221.5,29.8,62.8,Harvest,55.6,60.73
Uttar Pradesh,Co 0238,73251.0,Alluvial Soil,7.68,49.8,1221.5,29.8,70.9,Planting,60.73,63.0
Uttar Pradesh,Co 0238,74955.0,Sandy Loam,6.98,30.0,1221.5,29.8,64.1,Germination,63.0,60.94
Uttar Pradesh,Co 0238,80944.0,Alluvial Soil,6.92,45.5,1221.5,29.8,66.4,Tillering,60.94,64.25
Uttar Pradesh,Co 0238,75729.0,Alluvial Soil,6.93,49.6,1221.5,29.8,64.0,Grand Growth,64.25,69.68
Uttar Pradesh,Co 0238,75824.0,Alluvial Soil,7.26,56.6,1221.5,29.8,72.5,Maturity,69.68,70.54
Uttar Pradesh,Co 0238,1592.0,Alluvial Soil,6.72,53.3,1221.5,29.8,61.4,Maturity,49.2,50.66
Uttar Pradesh,Co 0238,1822.0,Alluvial Soil,7.49,49.0,1221.5,29.8,58.5,Harvest,50.66,57.5
Uttar Pradesh,Co 0238,1492.0,Alluvial Soil,7.2,57.4,1221.5,29.8,71.9,Planting,57.5,66.4
Uttar Pradesh,Co 0238,1296.0,Alluvial Soil,6.8,49.4,1221.5,29.8,70.6,Germination,66.4,43.4
Uttar Pradesh,Co 0238,1306.0,Alluvial Soil,7.17,63.2,1221.5,29.8,63.4,Tillering,43.4,59.71
Uttar Pradesh,Co 0238,1154.0,Alluvial Soil,6.94,54.9,1221.5,29.8,60.0,Grand Growth,59.71,57.27
Uttar Pradesh,Co 0238,1009.0,Alluvial Soil,6.93,61.6,1221.5,29.8,82.1,Maturity,57.27,70.17
Uttar Pradesh,Co 0238,910.0,Alluvial Soil,7.19,46.4,1221.5,29.8,73.1,Harvest,70.17,53.46
Uttar Pradesh,Co 0238,1009.0,Alluvial Soil,7.79,56.9,1221.5,29.8,66.8,Planting,53.46,46.5
Uttar Pradesh,Co 0238,1000.0,Clay Loam,7.15,65.8,1221.5,29.8,69.1,Germination,46.5,56.77
Uttar Pradesh,Co 0238,921.0,Alluvial Soil,6.32,44.4,1221.5,29.8,71.2,Tillering,56.77,50.64
Uttar Pradesh,Co 0238,656.0,Alluvial Soil,6.57,49.8,1221.5,29.8,65.5,Grand Growth,50.64,44.72
Uttar Pradesh,Co 0238,765.0,Alluvial Soil,7.13,48.1,1221.5,29.8,79.4,Maturity,44.72,51.36
Uttar Pradesh,Co 0238,529.0,Alluvial Soil,7.4,47.2,1221.5,29.8,63.9,Harvest,51.36,53.45
Uttar Pradesh,Co 0238,885.0,Alluvial Soil,7.52,54.2,1221.5,29.8,61.9,Planting,53.45,57.97
Uttar Pradesh,Co 0238,684.0,Alluvial Soil,7.0,48.6,1221.5,29.8,66.5,Germination,57.97,60.7
Uttar Pradesh,Co 0238,1047.0,Alluvial Soil,6.89,55.2,1221.5,29.8,66.7,Tillering,60.7,59.59
Uttar Pradesh,Co 0238,920.0,Alluvial Soil,7.43,58.4,1221.5,29.8,62.5,Grand Growth,59.59,57.61
Uttar Pradesh,Co 0238,27664.0,Alluvial Soil,6.71,51.5,1221.5,29.8,71.8,Grand Growth,45.0,46.85
Uttar Pradesh,Co 0238,24802.0,Alluvial Soil,7.05,60.2,1221.5,29.8,73.1,Maturity,46.85,43.86
Uttar Pradesh,Co 0238,23194.0,Alluvial Soil,7.1,61.8,1221.5,29.8,64.8,Harvest,43.86,43.49
Uttar Pradesh,Co 0238,22517.0,Alluvial Soil,7.23,50.3,1221.5,29.8,78.0,Planting,43.49,42.42
Uttar Pradesh,Co 0238,22612.0,Alluvial Soil,7.31,62.4,1221.5,29.8,66.0,Germination,42.42,42.5
Uttar Pradesh,Co 0238,22119.0,Alluvial Soil,7.04,49.7,1221.5,29.8,65.6,Tillering,42.5,42.2
Uttar Pradesh,Co 0238,21335.0,Alluvial Soil,7.42,56.8,1221.5,29.8,70.6,Grand Growth,42.2,43.55
Uttar Pradesh,Co 0238,19272.0,Sandy Loam,6.76,43.6,1221.5,29.8,79.1,Maturity,43.55,39.12
Uttar Pradesh,Co 0238,26219.0,Alluvial Soil,7.06,52.7,1221.5,29.8,71.2,Harvest,39.12,38.66
Uttar Pradesh,Co 0238,20697.0,Alluvial Soil,6.91,43.0,1221.5,29.8,68.4,Planting,38.66,40.68
Uttar Pradesh,Co 0238,21399.0,Alluvial Soil,7.67,49.4,1221.5,29.8,71.6,Germination,40.68,41.41
Uttar Pradesh,Co 0238,21399.0,Alluvial Soil,6.79,48.9,1221.5,29.8,69.0,Tillering,41.41,42.63
Uttar Pradesh,Co 0238,18820.0,Sandy Loam,6.85,57.3,1221.5,29.8,63.5,Grand Growth,42.63,43.15
Uttar Pradesh,Co 0238,19204.0,Alluvial Soil,6.98,41.2,1221.5,29.8,67.2,Maturity,43.15,44.51
Uttar Pradesh,Co 0238,20972.0,Alluvial Soil,7.38,46.6,1221.5,29.8,70.2,Harvest,44.51,48.93
Uttar Pradesh,Co 0238,19099.0,Black Soil,8.02,53.5,1221.5,29.8,63.5,Planting,48.93,58.1
Uttar Pradesh,Co 0238,19641.0,Alluvial Soil,6.93,52.5,1221.5,29.8,61.5,Germination,58.1,57.53
Uttar Pradesh,Co 0238,20282.0,Red Loam,6.63,60.4,1221.5,29.8,71.6,Tillering,57.53,61.61
Uttar Pradesh,Co 0238,64142.0,Alluvial Soil,7.31,44.2,1221.5,29.8,70.9,Tillering,72.01,67.6
Uttar Pradesh,Co 0238,64314.0,Alluvial Soil,7.09,41.3,1221.5,29.8,70.5,Grand Growth,67.6,66.99
Uttar Pradesh,Co 0238,63061.0,Alluvial Soil,6.97,60.1,1221.5,29.8,78.6,Maturity,66.99,64.72
Uttar Pradesh,Co 0238,63723.0,Alluvial Soil,7.07,39.1,1221.5,29.8,64.3,Harvest,64.72,61.28
Uttar Pradesh,Co 0238,63610.0,Alluvial Soil,6.77,55.7,1221.5,29.8,70.2,Planting,61.28,64.55
Uttar Pradesh,Co 0238,69410.0,Alluvial Soil,7.32,50.4,1221.5,29.8,69.1,Germination,64.55,61.26
Uttar Pradesh,Co 0238,70774.0,Alluvial Soil,7.16,46.2,1221.5,29.8,71.4,Tillering,61.26,62.93
Uttar Pradesh,Co 0238,70317.0,Alluvial Soil,7.14,48.7,1221.5,29.8,76.4,Grand Growth,62.93,70.13
Uttar Pradesh,Co 0238,56758.0,Alluvial Soil,6.58,48.8,1221.5,29.8,68.3,Maturity,70.13,65.6
Uttar Pradesh,Co 0238,67999.0,Alluvial Soil,7.05,40.6,1221.5,29.8,66.3,Harvest,65.6,72.12
Uttar Pradesh,Co 0238,75521.0,Alluvial Soil,6.84,48.5,1221.5,29.8,61.1,Planting,72.12,71.32
Uttar Pradesh,Co 0238,67501.0,Clay Loam,6.49,53.5,1221.5,29.8,66.9,Germination,71.32,65.12
Uttar Pradesh,Co 0238,72690.0,Alluvial Soil,7.06,41.7,1221.5,29.8,66.8,Tillering,65.12,71.72
Uttar Pradesh,Co 0238,72926.0,Alluvial Soil,7.27,47.7,1221.5,29.8,68.1,Grand Growth,71.72,66.22
Uttar Pradesh,Co 0238,73363.0,Alluvial Soil,6.7,54.9,1221.5,29.8,71.7,Maturity,66.22,67.72
Uttar Pradesh,Co 0238,73561.0,Alluvial Soil,6.91,56.7,1221.5,29.8,76.7,Harvest,67.72,73.46
Uttar Pradesh,Co 0238,71950.0,Alluvial Soil,7.22,54.3,1221.5,29.8,70.1,Planting,73.46,77.3
Uttar Pradesh,Co 0238,77107.0,Alluvial Soil,7.15,49.9,1221.5,29.8,67.8,Germination,77.3,73.56
Uttar Pradesh,Co 0238,12907.0,Alluvial Soil,7.15,42.4,1221.5,29.8,65.0,Germination,51.84,48.83
Uttar Pradesh,Co 0238,15344.0,Alluvial Soil,6.95,44.1,1221.5,29.8,61.1,Tillering,48.83,41.72
Uttar Pradesh,Co 0238,17474.0,Alluvial Soil,7.25,42.3,1221.5,29.8,71.4,Grand Growth,41.72,50.41
Uttar Pradesh,Co 0238,18268.0,Black Soil,7.62,54.8,1221.5,29.8,69.0,Maturity,50.41,48.6
Uttar Pradesh,Co 0238,21637.0,Alluvial Soil,7.33,49.7,1221.5,29.8,62.3,Harvest,48.6,54.66
Uttar Pradesh,Co 0238,24247.0,Alluvial Soil,6.88,51.5,1221.5,29.8,71.5,Planting,54.66,50.43
Uttar Pradesh,Co 0238,18989.0,Alluvial Soil,6.44,48.4,1221.5,29.8,60.3,Germination,50.43,44.7
Uttar Pradesh,Co 0238,19616.0,Red Loam,5.79,54.8,1221.5,29.8,68.9,Tillering,44.7,51.75
Uttar Pradesh,Co 0238,21303.0,Alluvial Soil,7.2,46.1,1221.5,29.8,72.2,Grand Growth,51.75,50.07
Uttar Pradesh,Co 0238,34304.0,Alluvial Soil,6.73,59.2,1221.5,29.8,70.0,Maturity,50.07,59.12
Uttar Pradesh,Co 0238,22162.0,Alluvial Soil,6.92,53.7,1221.5,29.8,72.3,Harvest,59.12,54.46
Uttar Pradesh,Co 0238,22221.0,Alluvial Soil,7.47,47.8,1221.5,29.8,65.4,Planting,54.46,45.07
Uttar Pradesh,Co 0238,22208.0,Alluvial Soil,7.21,58.9,1221.5,29.8,62.0,Germination,45.07,47.17
Uttar Pradesh,Co 0238,20802.0,Alluvial Soil,7.62,41.1,1221.5,29.8,69.8,Tillering,47.17,52.02
Uttar Pradesh,Co 0238,24371.0,Alluvial Soil,7.2,59.5,1221.5,29.8,63.3,Grand Growth,52.02,62.58
Uttar Pradesh,Co 0238,24326.0,Alluvial Soil,7.07,33.7,1221.5,29.8,67.7,Maturity,62.58,53.94
Uttar Pradesh,Co 0238,22923.0,Alluvial Soil,7.41,52.6,1221.5,29.8,69.5,Harvest,53.94,55.97
Uttar Pradesh,Co 0238,38237.0,Alluvial Soil,7.1,41.4,1221.5,29.8,59.1,Planting,55.97,57.69
Uttar Pradesh,Co 0238,11215.0,Alluvial Soil,7.23,42.8,1221.5,29.8,78.2,Planting,45.0,41.79
Uttar Pradesh,Co 0238,10771.0,Alluvial Soil,6.95,52.1,1221.5,29.8,68.1,Germination,41.79,37.07
Uttar Pradesh,Co 0238,11062.0,Clay Loam,7.01,63.0,1221.5,29.8,72.9,Tillering,37.07,41.59
Uttar Pradesh,Co 0238,10369.0,Alluvial Soil,6.95,40.7,1221.5,29.8,61.8,Grand Growth,41.59,36.73
Uttar Pradesh,Co 0238,8502.0,Alluvial Soil,7.11,55.7,1221.5,29.8,73.7,Maturity,36.73,46.78
Uttar Pradesh,Co 0238,8605.0,Alluvial Soil,7.14,48.7,1221.5,29.8,67.7,Harvest,46.78,39.71
Uttar Pradesh,Co 0238,8339.0,Alluvial Soil,6.96,54.2,1221.5,29.8,65.5,Planting,39.71,36.35
Uttar Pradesh,Co 0238,7227.0,Alluvial Soil,7.61,48.9,1221.5,29.8,63.2,Germination,36.35,36.68
Uttar Pradesh,Co 0238,7655.0,Red Loam,6.95,41.0,1221.5,29.8,64.2,Tillering,36.68,48.81
Uttar Pradesh,Co 0238,7497.0,Alluvial Soil,7.16,51.3,1221.5,29.8,72.5,Grand Growth,48.81,31.7
Uttar Pradesh,Co 0238,6992.0,Alluvial Soil,7.67,55.3,1221.5,29.8,62.7,Maturity,31.7,34.22
Uttar Pradesh,Co 0238,7216.0,Clay Loam,6.5,61.8,1221.5,29.8,73.0,Harvest,34.22,33.36
Uttar Pradesh,Co 0238,7286.0,Black Soil,7.38,53.5,1221.5,29.8,61.8,Planting,33.36,39.39
Uttar Pradesh,Co 0238,5856.0,Alluvial Soil,6.87,46.9,1221.5,29.8,60.9,Germination,39.39,38.39
Uttar Pradesh,Co 0238,6107.0,Alluvial Soil,7.03,41.0,1221.5,29.8,67.8,Tillering,38.39,39.9
Uttar Pradesh,Co 0238,5870.0,Alluvial Soil,7.35,55.5,1221.5,29.8,78.3,Grand Growth,39.9,48.03
Uttar Pradesh,Co 0238,6151.0,Alluvial Soil,7.13,50.4,1221.5,29.8,74.7,Maturity,48.03,52.01
Uttar Pradesh,Co 0238,4096.0,Alluvial Soil,6.87,44.6,1221.5,29.8,61.8,Harvest,52.01,52.06
Uttar Pradesh,Co 0238,12024.0,Alluvial Soil,6.99,52.8,1221.5,29.8,75.1,Harvest,53.11,50.04
Uttar Pradesh,Co 0238,12066.0,Alluvial Soil,6.7,53.2,1221.5,29.8,72.6,Planting,50.04,53.48
Uttar Pradesh,Co 0238,12972.0,Alluvial Soil,7.26,47.8,1221.5,29.8,69.3,Germination,53.48,58.85
Uttar Pradesh,Co 0238,36645.0,Clay Loam,6.43,68.9,1221.5,29.8,64.2,Tillering,58.85,51.31
Uttar Pradesh,Co 0238,38368.0,Alluvial Soil,6.93,53.3,1221.5,29.8,74.1,Grand Growth,51.31,52.93
Uttar Pradesh,Co 0238,40681.0,Alluvial Soil,7.32,56.1,1221.5,29.8,70.5,Maturity,52.93,50.83
Uttar Pradesh,Co 0238,49746.0,Alluvial Soil,7.72,45.0,1221.5,29.8,70.7,Harvest,50.83,48.57
Uttar Pradesh,Co 0238,54333.0,Alluvial Soil,7.28,46.2,1221.5,29.8,65.9,Planting,48.57,51.26
Uttar Pradesh,Co 0238,49746.0,Alluvial Soil,6.37,51.6,1221.5,29.8,74.3,Germination,51.26,53.62
Uttar Pradesh,Co 0238,86605.0,Alluvial Soil,7.27,54.6,1221.5,29.8,69.8,Tillering,53.62,54.72
Uttar Pradesh,Co 0238,52908.0,Alluvial Soil,7.09,44.7,1221.5,29.8,59.1,Grand Growth,54.72,49.02
Uttar Pradesh,Co 0238,57342.0,Alluvial Soil,7.29,43.6,1221.5,29.8,67.8,Maturity,49.02,40.28
Uttar Pradesh,Co 0238,43791.0,Alluvial Soil,6.5,57.9,1221.5,29.8,79.1,Harvest,40.28,47.1
Uttar Pradesh,Co 0238,52272.0,Alluvial Soil,7.3,49.8,1221.5,29.8,66.3,Planting,47.1,49.26
Uttar Pradesh,Co 0238,52623.0,Alluvial Soil,6.99,55.4,1221.5,29.8,57.5,Germination,49.26,50.73
Uttar Pradesh,Co 0238,52493.0,Alluvial Soil,7.16,44.6,1221.5,29.8,72.7,Tillering,50.73,50.44
Uttar Pradesh,Co 0238,44097.0,Alluvial Soil,6.97,51.1,1221.5,29.8,74.4,Grand Growth,50.44,48.28
Uttar Pradesh,Co 0238,43539.0,Alluvial Soil,6.87,62.4,1221.5,29.8,65.7,Maturity,48.28,51.17
Uttar Pradesh,Co 0238,744.0,Alluvial Soil,7.27,47.0,1221.5,29.8,70.1,Maturity,45.0,20.97
Uttar Pradesh,Co 0238,691.0,Alluvial Soil,7.17,41.7,1221.5,29.8,73.7,Harvest,20.97,41.85
Uttar Pradesh,Co 0238,688.0,Alluvial Soil,7.24,53.1,1221.5,29.8,76.5,Planting,41.85,32.74
Uttar Pradesh,Co 0238,694.0,Alluvial Soil,7.97,48.9,1221.5,29.8,62.5,Germination,32.74,36.46
Uttar Pradesh,Co 0238,608.0,Alluvial Soil,7.18,59.2,1221.5,29.8,69.4,Tillering,36.46,51.67
Uttar Pradesh,Co 0238,590.0,Alluvial Soil,7.67,41.7,1221.5,29.8,64.5,Grand Growth,51.67,50.55
Uttar Pradesh,Co 0238,681.0,Red Loam,6.68,50.9,1221.5,29.8,67.0,Maturity,50.55,42.18
Uttar Pradesh,Co 0238,722.0,Clay Loam,6.67,72.7,1221.5,29.8,63.6,Harvest,42.18,38.69
Uttar Pradesh,Co 0238,624.0,Alluvial Soil,7.46,41.0,1221.5,29.8,63.9,Planting,38.69,31.47
Uttar Pradesh,Co 0238,844.0,Alluvial Soil,6.97,42.9,1221.5,29.8,71.2,Germination,31.47,42.66
Uttar Pradesh,Co 0238,935.0,Alluvial Soil,7.07,55.9,1221.5,29.8,76.3,Tillering,42.66,26.42
Uttar Pradesh,Co 0238,715.0,Sandy Loam,6.77,36.7,1221.5,29.8,66.7,Grand Growth,26.42,40.74
Uttar Pradesh,Co 0238,783.0,Sandy Loam,7.09,55.2,1221.5,29.8,74.0,Maturity,40.74,40.09
Uttar Pradesh,Co 0238,257.0,Alluvial Soil,6.93,54.0,1221.5,29.8,66.8,Harvest,40.09,49.27
Uttar Pradesh,Co 0238,394.0,Alluvial Soil,7.02,42.5,1221.5,29.8,70.5,Planting,49.27,48.1
Uttar Pradesh,Co 0238,481.0,Alluvial Soil,7.12,52.3,1221.5,29.8,62.8,Germination,48.1,37.15
Uttar Pradesh,Co 0238,558.0,Red Loam,6.43,51.8,1221.5,29.8,66.2,Tillering,37.15,44.67
Uttar Pradesh,Co 0238,398.0,Alluvial Soil,7.29,36.2,1221.5,29.8,80.6,Grand Growth,44.67,40.44
Uttar Pradesh,Co 0238,13816.0,Alluvial Soil,6.81,42.5,1221.5,29.8,66.7,Grand Growth,47.01,51.43
Uttar Pradesh,Co 0238,15089.0,Red Loam,6.7,45.1,1221.5,29.8,69.6,Maturity,51.43,49.1
Uttar Pradesh,Co 0238,14878.0,Alluvial Soil,7.39,50.2,1221.5,29.8,76.2,Harvest,49.1,51.04
Uttar Pradesh,Co 0238,15243.0,Alluvial Soil,7.74,50.3,1221.5,29.8,71.5,Planting,51.04,56.19
Uttar Pradesh,Co 0238,14165.0,Alluvial Soil,6.97,56.6,1221.5,29.8,74.1,Germination,56.19,52.8
Uttar Pradesh,Co 0238,14014.0,Alluvial Soil,7.04,52.6,1221.5,29.8,75.8,Tillering,52.8,47.45
Uttar Pradesh,Co 0238,18289.0,Alluvial Soil,6.73,52.1,1221.5,29.8,78.3,Grand Growth,47.45,48.03
Uttar Pradesh,Co 0238,15795.0,Alluvial Soil,7.03,42.5,1221.5,29.8,64.0,Maturity,48.03,54.12
Uttar Pradesh,Co 0238,14958.0,Alluvial Soil,7.03,46.5,1221.5,29.8,67.0,Harvest,54.12,49.44
Uttar Pradesh,Co 0238,18861.0,Alluvial Soil,6.88,45.5,1221.5,29.8,70.6,Planting,49.44,56.59
Uttar Pradesh,Co 0238,17519.0,Alluvial Soil,7.23,54.3,1221.5,29.8,67.0,Germination,56.59,54.07
Uttar Pradesh,Co 0238,12912.0,Alluvial Soil,7.07,40.5,1221.5,29.8,59.4,Tillering,54.07,50.72
Uttar Pradesh,Co 0238,10218.0,Alluvial Soil,6.65,49.6,1221.5,29.8,69.9,Grand Growth,50.72,53.26
Uttar Pradesh,Co 0238,8866.0,Alluvial Soil,7.54,52.1,1221.5,29.8,74.0,Maturity,53.26,55.37
Uttar Pradesh,Co 0238,9686.0,Alluvial Soil,7.05,50.8,1221.5,29.8,70.2,Harvest,55.37,55.91
Uttar Pradesh,Co 0238,9746.0,Sandy Loam,7.0,50.2,1221.5,29.8,62.0,Planting,55.91,60.31
Uttar Pradesh,Co 0238,9881.0,Alluvial Soil,7.09,35.3,1221.5,29.8,67.9,Germination,60.31,61.24
Uttar Pradesh,Co 0238,9736.0,Alluvial Soil,7.03,45.0,1221.5,29.8,64.3,Tillering,61.24,57.94
Uttar Pradesh,Co 0238,69858.0,Sandy Loam,7.06,60.1,1221.5,29.8,70.9,Tillering,61.06,62.97
Uttar Pradesh,Co 0238,62797.0,Alluvial Soil,7.01,47.7,1221.5,29.8,61.9,Grand Growth,62.97,58.18
Uttar Pradesh,Co 0238,65645.0,Alluvial Soil,7.34,58.1,1221.5,29.8,59.4,Maturity,58.18,57.66
Uttar Pradesh,Co 0238,70552.0,Alluvial Soil,6.82,57.0,1221.5,29.8,73.0,Harvest,57.66,55.58
Uttar Pradesh,Co 0238,78257.0,Sandy Loam,6.05,57.6,1221.5,29.8,63.3,Planting,55.58,60.38
Uttar Pradesh,Co 0238,90381.0,Alluvial Soil,6.97,49.6,1221.5,29.8,65.5,Germination,60.38,54.97
Uttar Pradesh,Co 0238,83380.0,Alluvial Soil,7.0,46.3,1221.5,29.8,64.5,Tillering,54.97,52.82
Uttar Pradesh,Co 0238,64088.0,Alluvial Soil,7.03,49.3,1221.5,29.8,53.4,Grand Growth,52.82,62.58
Uttar Pradesh,Co 0238,97484.0,Alluvial Soil,7.38,53.2,1221.5,29.8,60.3,Maturity,62.58,56.56
Uttar Pradesh,Co 0238,71317.0,Black Soil,7.98,58.9,1221.5,29.8,67.2,Harvest,56.56,55.1
Uttar Pradesh,Co 0238,84507.0,Alluvial Soil,7.08,52.9,1221.5,29.8,73.6,Planting,55.1,56.0
Uttar Pradesh,Co 0238,83043.0,Alluvial Soil,6.68,46.1,1221.5,29.8,71.3,Germination,56.0,50.5
Uttar Pradesh,Co 0238,66657.0,Alluvial Soil,7.67,53.7,1221.5,29.8,67.0,Tillering,50.5,59.72
Uttar Pradesh,Co 0238,75026.0,Alluvial Soil,7.44,55.1,1221.5,29.8,61.3,Grand Growth,59.72,56.9
Uttar Pradesh,Co 0238,82466.0,Alluvial Soil,6.91,45.3,1221.5,29.8,68.3,Maturity,56.9,57.64
Uttar Pradesh,Co 0238,96523.0,Alluvial Soil,6.61,49.1,1221.5,29.8,76.5,Harvest,57.64,62.65
Uttar Pradesh,Co 0238,94008.0,Alluvial Soil,7.03,48.9,1221.5,29.8,71.4,Planting,62.65,61.56
Uttar Pradesh,Co 0238,99211.0,Alluvial Soil,7.1,54.8,1221.5,29.8,65.5,Germination,61.56,61.69
Uttar Pradesh,Co 0238,23834.0,Alluvial Soil,6.86,38.4,1221.5,29.8,67.8,Germination,59.16,61.06
Uttar Pradesh,Co 0238,24055.0,Alluvial Soil,7.19,61.5,1221.5,29.8,64.1,Tillering,61.06,52.15
Uttar Pradesh,Co 0238,24227.0,Alluvial Soil,7.33,46.2,1221.5,29.8,71.6,Grand Growth,52.15,55.11
Uttar Pradesh,Co 0238,24053.0,Alluvial Soil,6.82,46.9,1221.5,29.8,69.7,Maturity,55.11,48.71
Uttar Pradesh,Co 0238,34029.0,Alluvial Soil,7.43,45.0,1221.5,29.8,59.3,Harvest,48.71,51.11
Uttar Pradesh,Co 0238,35743.0,Alluvial Soil,7.49,45.8,1221.5,29.8,68.2,Planting,51.11,53.03
Uttar Pradesh,Co 0238,34171.0,Alluvial Soil,6.53,56.0,1221.5,29.8,59.2,Germination,53.03,47.11
Uttar Pradesh,Co 0238,36518.0,Alluvial Soil,7.68,49.0,1221.5,29.8,67.6,Tillering,47.11,55.51
Uttar Pradesh,Co 0238,30093.0,Black Soil,7.67,58.8,1221.5,29.8,67.6,Grand Growth,55.51,57.81
Uttar Pradesh,Co 0238,39063.0,Alluvial Soil,6.76,48.9,1221.5,29.8,72.2,Maturity,57.81,53.12
Uttar Pradesh,Co 0238,38062.0,Alluvial Soil,6.91,48.1,1221.5,29.8,68.4,Harvest,53.12,51.69
Uttar Pradesh,Co 0238,43570.0,Sandy Loam,6.3,55.4,1221.5,29.8,63.2,Planting,51.69,46.34
Uttar Pradesh,Co 0238,35595.0,Sandy Loam,6.87,54.5,1221.5,29.8,61.2,Germination,46.34,50.97
Uttar Pradesh,Co 0238,33496.0,Alluvial Soil,7.13,44.8,1221.5,29.8,59.1,Tillering,50.97,52.51
Uttar Pradesh,Co 0238,37379.0,Alluvial Soil,7.67,41.9,1221.5,29.8,66.7,Grand Growth,52.51,56.08
Uttar Pradesh,Co 0238,38841.0,Red Loam,5.58,46.6,1221.5,29.8,72.8,Maturity,56.08,60.34
Uttar Pradesh,Co 0238,39953.0,Alluvial Soil,7.76,50.3,1221.5,29.8,72.6,Harvest,60.34,61.56
Uttar Pradesh,Co 0238,36515.0,Alluvial Soil,7.31,53.8,1221.5,29.8,65.5,Planting,61.56,62.72
Uttar Pradesh,Co 0238,201435.0,Alluvial Soil,6.9,45.7,1221.5,29.8,62.7,Planting,66.87,66.02
Uttar Pradesh,Co 0238,201080.0,Alluvial Soil,7.64,38.4,1221.5,29.8,71.5,Germination,66.02,63.76
Uttar Pradesh,Co 0238,204652.0,Alluvial Soil,7.2,41.5,1221.5,29.8,76.4,Tillering,63.76,57.6
Uttar Pradesh,Co 0238,213205.0,Alluvial Soil,6.58,43.7,1221.5,29.8,74.1,Grand Growth,57.6,55.12
Uttar Pradesh,Co 0238,213642.0,Alluvial Soil,7.4,55.0,1221.5,29.8,72.0,Maturity,55.12,63.99
Uttar Pradesh,Co 0238,218507.0,Alluvial Soil,6.81,51.8,1221.5,29.8,64.9,Harvest,63.99,62.84
Uttar Pradesh,Co 0238,216616.0,Alluvial Soil,7.28,55.0,1221.5,29.8,67.6,Planting,62.84,61.9
Uttar Pradesh,Co 0238,214347.0,Alluvial Soil,7.81,48.1,1221.5,29.8,54.9,Germination,61.9,64.23
Uttar Pradesh,Co 0238,215833.0,Alluvial Soil,7.42,51.1,1221.5,29.8,69.8,Tillering,64.23,60.42
Uttar Pradesh,Co 0238,222127.0,Alluvial Soil,7.21,51.5,1221.5,29.8,62.2,Grand Growth,60.42,62.19
Uttar Pradesh,Co 0238,220174.0,Alluvial Soil,7.4,41.1,1221.5,29.8,69.4,Maturity,62.19,57.85
Uttar Pradesh,Co 0238,204850.0,Alluvial Soil,7.2,48.2,1221.5,29.8,65.7,Harvest,57.85,53.84
Uttar Pradesh,Co 0238,193561.0,Alluvial Soil,7.22,46.3,1221.5,29.8,71.5,Planting,53.84,59.23
Uttar Pradesh,Co 0238,224907.0,Clay Loam,7.12,56.9,1221.5,29.8,61.0,Germination,59.23,55.55
Uttar Pradesh,Co 0238,233294.0,Alluvial Soil,7.14,57.2,1221.5,29.8,67.7,Tillering,55.55,57.69
Uttar Pradesh,Co 0238,215538.0,Alluvial Soil,6.66,47.9,1221.5,29.8,78.8,Grand Growth,57.69,58.47
Uttar Pradesh,Co 0238,201239.0,Alluvial Soil,7.52,52.8,1221.5,29.8,73.1,Maturity,58.47,59.93
Uttar Pradesh,Co 0238,212471.0,Alluvial Soil,7.32,48.9,1221.5,29.8,62.3,Harvest,59.93,65.74
Uttar Pradesh,Co 0238,24875.0,Alluvial Soil,6.82,38.0,1221.5,29.8,67.7,Harvest,62.29,68.74
Uttar Pradesh,Co 0238,23288.0,Alluvial Soil,7.48,48.8,1221.5,29.8,65.9,Planting,68.74,64.61
Uttar Pradesh,Co 0238,22263.0,Alluvial Soil,6.81,43.6,1221.5,29.8,60.6,Germination,64.61,69.56
Uttar Pradesh,Co 0238,20691.0,Alluvial Soil,6.52,40.3,1221.5,29.8,72.9,Tillering,69.56,64.96
Uttar Pradesh,Co 0238,22049.0,Alluvial Soil,6.7,65.5,1221.5,29.8,69.9,Grand Growth,64.96,65.62
Uttar Pradesh,Co 0238,25161.0,Alluvial Soil,7.28,54.2,1221.5,29.8,68.9,Maturity,65.62,51.02
Uttar Pradesh,Co 0238,24529.0,Sandy Loam,6.43,59.1,1221.5,29.8,72.4,Harvest,51.02,62.39
Uttar Pradesh,Co 0238,18809.0,Alluvial Soil,7.17,60.5,1221.5,29.8,64.4,Planting,62.39,63.25
Uttar Pradesh,Co 0238,27076.0,Alluvial Soil,7.15,43.8,1221.5,29.8,64.6,Germination,63.25,63.32
Uttar Pradesh,Co 0238,22430.0,Sandy Loam,6.73,59.5,1221.5,29.8,66.4,Tillering,63.32,63.31
Uttar Pradesh,Co 0238,27902.0,Alluvial Soil,7.75,44.1,1221.5,29.8,71.2,Grand Growth,63.31,58.14
Uttar Pradesh,Co 0238,26622.0,Alluvial Soil,7.11,53.1,1221.5,29.8,60.6,Maturity,58.14,59.84
Uttar Pradesh,Co 0238,22133.0,Alluvial Soil,6.65,49.2,1221.5,29.8,67.8,Harvest,59.84,63.09
Uttar Pradesh,Co 0238,28716.0,Clay Loam,6.9,61.8,1221.5,29.8,72.7,Planting,63.09,55.11
Uttar Pradesh,Co 0238,34337.0,Alluvial Soil,6.71,57.7,1221.5,29.8,60.1,Germination,55.11,62.84
Uttar Pradesh,Co 0238,32069.0,Alluvial Soil,7.18,52.7,1221.5,29.8,72.8,Tillering,62.84,58.02
Uttar Pradesh,Co 0238,24998.0,Red Loam,6.3,40.9,1221.5,29.8,62.0,Grand Growth,58.02,61.3
Uttar Pradesh,Co 0238,29629.0,Alluvial Soil,6.82,52.7,1221.5,29.8,71.8,Maturity,61.3,59.0
Uttar Pradesh,Co 0238,41748.0,Alluvial Soil,7.22,38.7,1221.5,29.8,80.1,Maturity,64.43,62.69
Uttar Pradesh,Co 0238,42493.0,Alluvial Soil,7.03,43.9,1221.5,29.8,60.1,Harvest,62.69,61.89
Uttar Pradesh,Co 0238,39594.0,Alluvial Soil,7.25,46.8,1221.5,29.8,67.5,Planting,61.89,61.62
Uttar Pradesh,Co 0238,44832.0,Alluvial Soil,6.9,59.8,1221.5,29.8,73.4,Germination,61.62,56.01
Uttar Pradesh,Co 0238,45116.0,Alluvial Soil,7.31,57.1,1221.5,29.8,69.8,Tillering,56.01,61.17
Uttar Pradesh,Co 0238,53364.0,Alluvial Soil,7.52,41.8,1221.5,29.8,67.3,Grand Growth,61.17,58.69
Uttar Pradesh,Co 0238,56578.0,Clay Loam,6.8,69.9,1221.5,29.8,66.3,Maturity,58.69,59.42
Uttar Pradesh,Co 0238,53523.0,Alluvial Soil,7.34,51.5,1221.5,29.8,70.8,Harvest,59.42,60.21
Uttar Pradesh,Co 0238,56891.0,Alluvial Soil,7.3,53.7,1221.5,29.8,75.4,Planting,60.21,56.84
Uttar Pradesh,Co 0238,60208.0,Alluvial Soil,6.94,56.2,1221.5,29.8,62.1,Germination,56.84,59.49
Uttar Pradesh,Co 0238,57107.0,Alluvial Soil,6.87,42.0,1221.5,29.8,60.6,Tillering,59.49,60.64
Uttar Pradesh,Co 0238,53228.0,Sandy Loam,6.61,41.4,1221.5,29.8,70.2,Grand Growth,60.64,56.14
Uttar Pradesh,Co 0238,45841.0,Clay Loam,6.55,65.3,1221.5,29.8,67.4,Maturity,56.14,56.18
Uttar Pradesh,Co 0238,52578.0,Alluvial Soil,6.59,51.9,1221.5,29.8,58.9,Harvest,56.18,57.56
Uttar Pradesh,Co 0238,54477.0,Alluvial Soil,6.76,48.9,1221.5,29.8,64.0,Planting,57.56,59.32
Uttar Pradesh,Co 0238,54231.0,Alluvial Soil,7.2,52.2,1221.5,29.8,74.4,Germination,59.32,60.96
Uttar Pradesh,Co 0238,51056.0,Alluvial Soil,7.24,43.5,1221.5,29.8,70.3,Tillering,60.96,65.37
Uttar Pradesh,Co 0238,48031.0,Red Loam,6.49,49.2,1221.5,29.8,69.9,Grand Growth,65.37,63.05
Uttar Pradesh,Co 0238,1806.0,Alluvial Soil,7.14,49.8,1221.5,29.8,61.8,Grand Growth,45.0,41.06
Uttar Pradesh,Co 0238,1742.0,Clay Loam,6.94,53.6,1221.5,29.8,66.8,Maturity,41.06,42.8
Uttar Pradesh,Co 0238,1658.0,Alluvial Soil,7.42,56.3,1221.5,29.8,69.0,Harvest,42.8,41.2
Uttar Pradesh,Co 0238,1734.0,Alluvial Soil,7.0,48.5,1221.5,29.8,64.2,Planting,41.2,40.81
Uttar Pradesh,Co 0238,1053.0,Sandy Loam,7.45,50.9,1221.5,29.8,65.9,Germination,40.81,34.22
Uttar Pradesh,Co 0238,943.0,Alluvial Soil,7.38,36.0,1221.5,29.8,67.1,Tillering,34.22,38.61
Uttar Pradesh,Co 0238,807.0,Alluvial Soil,6.94,54.5,1221.5,29.8,75.6,Grand Growth,38.61,31.32
Uttar Pradesh,Co 0238,857.0,Alluvial Soil,7.12,53.3,1221.5,29.8,73.4,Maturity,31.32,36.25
Uttar Pradesh,Co 0238,784.0,Alluvial Soil,7.27,41.4,1221.5,29.8,67.6,Harvest,36.25,44.07
Uttar Pradesh,Co 0238,821.0,Alluvial Soil,6.82,40.9,1221.5,29.8,68.9,Planting,44.07,41.47
Uttar Pradesh,Co 0238,726.0,Alluvial Soil,7.65,38.7,1221.5,29.8,74.6,Germination,41.47,50.4
Uttar Pradesh,Co 0238,684.0,Alluvial Soil,6.72,37.2,1221.5,29.8,67.3,Tillering,50.4,46.89
Uttar Pradesh,Co 0238,556.0,Alluvial Soil,7.31,46.9,1221.5,29.8,72.2,Grand Growth,46.89,47.22
Uttar Pradesh,Co 0238,738.0,Alluvial Soil,7.02,52.4,1221.5,29.8,60.7,Maturity,47.22,43.91
Uttar Pradesh,Co 0238,547.0,Alluvial Soil,7.21,54.6,1221.5,29.8,66.9,Harvest,43.91,49.77
Uttar Pradesh,Co 0238,655.0,Alluvial Soil,7.23,50.5,1221.5,29.8,67.1,Planting,49.77,51.54
Uttar Pradesh,Co 0238,628.0,Alluvial Soil,7.55,51.9,1221.5,29.8,64.0,Germination,51.54,55.08
Uttar Pradesh,Co 0238,618.0,Clay Loam,6.36,78.3,1221.5,29.8,68.2,Tillering,55.08,57.52
Uttar Pradesh,Co 0238,284.0,Alluvial Soil,6.87,46.7,1221.5,29.8,64.8,Tillering,45.0,38.45
Uttar Pradesh,Co 0238,301.0,Alluvial Soil,7.55,50.4,1221.5,29.8,63.7,Grand Growth,38.45,44.58
Uttar Pradesh,Co 0238,323.0,Alluvial Soil,7.42,44.4,1221.5,29.8,74.4,Maturity,44.58,49.89
Uttar Pradesh,Co 0238,398.0,Sandy Loam,6.62,46.1,1221.5,29.8,62.7,Harvest,49.89,43.15
Uttar Pradesh,Co 0238,421.0,Black Soil,7.23,64.5,1221.5,29.8,71.7,Planting,43.15,51.67
Uttar Pradesh,Co 0238,522.0,Alluvial Soil,7.12,46.3,1221.5,29.8,64.8,Germination,51.67,50.55
Uttar Pradesh,Co 0238,494.0,Alluvial Soil,6.97,56.9,1221.5,29.8,67.9,Tillering,50.55,42.18
Uttar Pradesh,Co 0238,424.0,Alluvial Soil,7.01,45.8,1221.5,29.8,71.6,Grand Growth,42.18,38.68
Uttar Pradesh,Co 0238,474.0,Alluvial Soil,7.0,71.9,1221.5,29.8,53.9,Maturity,38.68,31.47
Uttar Pradesh,Co 0238,421.0,Alluvial Soil,7.14,63.4,1221.5,29.8,54.3,Harvest,31.47,42.67
Uttar Pradesh,Co 0238,251.0,Alluvial Soil,7.2,51.2,1221.5,29.8,70.9,Planting,42.67,26.42
Uttar Pradesh,Co 0238,215.0,Alluvial Soil,6.74,46.3,1221.5,29.8,67.4,Germination,26.42,40.73
Uttar Pradesh,Co 0238,134.0,Alluvial Soil,6.94,54.7,1221.5,29.8,61.1,Tillering,40.73,40.09
Uttar Pradesh,Co 0238,253.0,Alluvial Soil,6.63,51.2,1221.5,29.8,71.7,Grand Growth,40.09,49.27
Uttar Pradesh,Co 0238,381.0,Alluvial Soil,7.0,61.2,1221.5,29.8,75.9,Maturity,49.27,48.1
Uttar Pradesh,Co 0238,217.0,Alluvial Soil,7.17,53.4,1221.5,29.8,70.1,Harvest,48.1,37.15
Uttar Pradesh,Co 0238,313.0,Alluvial Soil,6.94,41.4,1221.5,29.8,59.0,Planting,37.15,44.67
Uttar Pradesh,Co 0238,340.0,Alluvial Soil,7.81,42.5,1221.5,29.8,64.1,Germination,44.67,40.44
Uttar Pradesh,Co 0238,19218.0,Alluvial Soil,7.27,52.5,1221.5,29.8,67.8,Maturity,49.98,52.56
Uttar Pradesh,Co 0238,18227.0,Alluvial Soil,7.0,49.7,1221.5,29.8,63.5,Harvest,52.56,47.16
Uttar Pradesh,Co 0238,17436.0,Alluvial Soil,6.8,47.8,1221.5,29.8,65.3,Planting,47.16,47.7
Uttar Pradesh,Co 0238,14726.0,Clay Loam,7.18,51.8,1221.5,29.8,67.5,Germination,47.7,45.08
Uttar Pradesh,Co 0238,12708.0,Alluvial Soil,6.99,55.9,1221.5,29.8,67.9,Tillering,45.08,53.84
Uttar Pradesh,Co 0238,13696.0,Alluvial Soil,7.09,54.6,1221.5,29.8,69.3,Grand Growth,53.84,49.24
Uttar Pradesh,Co 0238,12992.0,Alluvial Soil,7.58,43.8,1221.5,29.8,68.6,Maturity,49.24,44.33
Uttar Pradesh,Co 0238,11072.0,Alluvial Soil,7.0,41.7,1221.5,29.8,61.3,Harvest,44.33,49.27
Uttar Pradesh,Co 0238,11454.0,Alluvial Soil,7.14,56.3,1221.5,29.8,72.3,Planting,49.27,54.78
Uttar Pradesh,Co 0238,18002.0,Alluvial Soil,7.48,40.7,1221.5,29.8,62.6,Germination,54.78,48.4
Uttar Pradesh,Co 0238,10875.0,Alluvial Soil,7.35,54.1,1221.5,29.8,68.2,Tillering,48.4,50.21
Uttar Pradesh,Co 0238,9405.0,Alluvial Soil,6.82,55.1,1221.5,29.8,62.9,Grand Growth,50.21,44.43
Uttar Pradesh,Co 0238,9257.0,Alluvial Soil,7.45,46.1,1221.5,29.8,65.8,Maturity,44.43,44.73
Uttar Pradesh,Co 0238,10156.0,Alluvial Soil,7.29,60.2,1221.5,29.8,69.4,Harvest,44.73,46.49
Uttar Pradesh,Co 0238,8926.0,Alluvial Soil,7.28,51.7,1221.5,29.8,69.6,Planting,46.49,50.57
Uttar Pradesh,Co 0238,9315.0,Alluvial Soil,6.64,53.8,1221.5,29.8,65.5,Germination,50.57,59.28
Uttar Pradesh,Co 0238,9768.0,Alluvial Soil,6.39,55.3,1221.5,29.8,61.9,Tillering,59.28,56.58
Uttar Pradesh,Co 0238,8996.0,Alluvial Soil,7.62,44.9,1221.5,29.8,65.9,Grand Growth,56.58,63.12
Uttar Pradesh,Co 0238,8729.0,Alluvial Soil,7.3,56.9,1221.5,29.8,67.3,Grand Growth,58.25,57.9
Uttar Pradesh,Co 0238,10011.0,Alluvial Soil,6.72,49.4,1221.5,29.8,67.9,Maturity,57.9,54.53
Uttar Pradesh,Co 0238,10445.0,Alluvial Soil,7.02,45.5,1221.5,29.8,62.7,Harvest,54.53,51.75
Uttar Pradesh,Co 0238,10345.0,Alluvial Soil,6.89,54.4,1221.5,29.8,73.8,Planting,51.75,51.01
Uttar Pradesh,Co 0238,8480.0,Alluvial Soil,6.76,46.5,1221.5,29.8,60.9,Germination,51.01,52.91
Uttar Pradesh,Co 0238,9973.0,Alluvial Soil,6.98,48.6,1221.5,29.8,68.3,Tillering,52.91,46.94
Uttar Pradesh,Co 0238,9049.0,Alluvial Soil,6.84,49.7,1221.5,29.8,66.2,Grand Growth,46.94,47.39
Uttar Pradesh,Co 0238,8197.0,Alluvial Soil,7.21,51.2,1221.5,29.8,55.7,Maturity,47.39,49.82
Uttar Pradesh,Co 0238,8228.0,Alluvial Soil,6.68,47.8,1221.5,29.8,74.3,Harvest,49.82,50.4
Uttar Pradesh,Co 0238,8197.0,Alluvial Soil,7.08,47.5,1221.5,29.8,66.0,Planting,50.4,52.17
Uttar Pradesh,Co 0238,9359.0,Alluvial Soil,6.83,41.3,1221.5,29.8,64.9,Germination,52.17,52.37
Uttar Pradesh,Co 0238,7083.0,Alluvial Soil,7.21,54.0,1221.5,29.8,74.5,Tillering,52.37,47.05
Uttar Pradesh,Co 0238,160.0,Alluvial Soil,6.25,46.1,1221.5,29.8,61.9,Grand Growth,47.05,54.83
Uttar Pradesh,Co 0238,101.0,Alluvial Soil,7.27,60.1,1221.5,29.8,62.7,Maturity,54.83,55.13
Uttar Pradesh,Co 0238,525.0,Alluvial Soil,6.85,48.7,1221.5,29.8,61.6,Harvest,55.13,58.48
Uttar Pradesh,Co 0238,289.0,Alluvial Soil,7.37,46.8,1221.5,29.8,67.0,Planting,58.48,60.4
Uttar Pradesh,Co 0238,212.0,Sandy Loam,7.18,39.4,1221.5,29.8,69.2,Germination,60.4,61.47
Uttar Pradesh,Co 0238,353.0,Alluvial Soil,7.47,53.0,1221.5,29.8,61.9,Tillering,61.47,57.4
Uttar Pradesh,Co 0238,1549.0,Alluvial Soil,7.05,47.7,1221.5,29.8,68.2,Tillering,51.67,51.71
Uttar Pradesh,Co 0238,1278.0,Alluvial Soil,6.96,49.9,1221.5,29.8,57.8,Grand Growth,51.71,52.07
Uttar Pradesh,Co 0238,1192.0,Alluvial Soil,7.61,49.2,1221.5,29.8,67.2,Maturity,52.07,44.95
Uttar Pradesh,Co 0238,1103.0,Alluvial Soil,7.67,50.4,1221.5,29.8,77.5,Harvest,44.95,51.37
Uttar Pradesh,Co 0238,973.0,Alluvial Soil,6.83,59.0,1221.5,29.8,65.2,Planting,51.37,53.4
Uttar Pradesh,Co 0238,963.0,Alluvial Soil,6.87,49.2,1221.5,29.8,60.7,Germination,53.4,49.35
Uttar Pradesh,Co 0238,818.0,Alluvial Soil,6.55,44.4,1221.5,29.8,61.9,Tillering,49.35,47.28
Uttar Pradesh,Co 0238,697.0,Clay Loam,6.8,58.6,1221.5,29.8,61.1,Grand Growth,47.28,53.46
Uttar Pradesh,Co 0238,1061.0,Alluvial Soil,6.98,54.6,1221.5,29.8,69.8,Maturity,53.46,46.5
Uttar Pradesh,Co 0238,749.0,Alluvial Soil,7.55,56.5,1221.5,29.8,70.6,Harvest,46.5,56.77
Uttar Pradesh,Co 0238,652.0,Red Loam,6.85,59.3,1221.5,29.8,66.3,Planting,56.77,50.64
Uttar Pradesh,Co 0238,373.0,Alluvial Soil,7.2,48.1,1221.5,29.8,67.2,Germination,50.64,44.72
Uttar Pradesh,Co 0238,402.0,Alluvial Soil,7.23,47.3,1221.5,29.8,70.5,Tillering,44.72,51.36
Uttar Pradesh,Co 0238,317.0,Alluvial Soil,7.92,47.4,1221.5,29.8,78.4,Grand Growth,51.36,53.45
Uttar Pradesh,Co 0238,428.0,Alluvial Soil,7.17,52.1,1221.5,29.8,65.1,Maturity,53.45,57.97
Uttar Pradesh,Co 0238,374.0,Alluvial Soil,7.59,68.8,1221.5,29.8,68.5,Harvest,57.97,60.7
Uttar Pradesh,Co 0238,348.0,Alluvial Soil,6.8,44.9,1221.5,29.8,66.9,Planting,60.7,59.59
Uttar Pradesh,Co 0238,408.0,Alluvial Soil,6.84,44.7,1221.5,29.8,70.8,Germination,59.59,57.61
Uttar Pradesh,Co 0238,13894.0,Alluvial Soil,6.74,52.0,1221.5,29.8,62.1,Germination,50.1,52.58
Uttar Pradesh,Co 0238,14261.0,Alluvial Soil,7.42,39.1,1221.5,29.8,72.4,Tillering,52.58,45.64
Uttar Pradesh,Co 0238,13547.0,Sandy Loam,6.72,37.3,1221.5,29.8,69.9,Grand Growth,45.64,54.6
Uttar Pradesh,Co 0238,17284.0,Alluvial Soil,7.73,46.3,1221.5,29.8,68.3,Maturity,54.6,55.56
Uttar Pradesh,Co 0238,20790.0,Alluvial Soil,6.81,54.5,1221.5,29.8,67.1,Harvest,55.56,57.54
Uttar Pradesh,Co 0238,21596.0,Alluvial Soil,6.76,51.7,1221.5,29.8,59.9,Planting,57.54,50.15
Uttar Pradesh,Co 0238,16665.0,Alluvial Soil,7.47,51.7,1221.5,29.8,61.0,Germination,50.15,51.8
Uttar Pradesh,Co 0238,16316.0,Alluvial Soil,6.71,46.5,1221.5,29.8,64.0,Tillering,51.8,54.82
Uttar Pradesh,Co 0238,19794.0,Alluvial Soil,7.1,41.2,1221.5,29.8,77.6,Grand Growth,54.82,54.69
Uttar Pradesh,Co 0238,18529.0,Alluvial Soil,6.76,53.4,1221.5,29.8,66.7,Maturity,54.69,41.6
Uttar Pradesh,Co 0238,16256.0,Alluvial Soil,6.65,43.9,1221.5,29.8,65.0,Harvest,41.6,54.1
Uttar Pradesh,Co 0238,19820.0,Alluvial Soil,7.19,57.1,1221.5,29.8,66.0,Planting,54.1,44.76
Uttar Pradesh,Co 0238,19933.0,Alluvial Soil,7.13,49.8,1221.5,29.8,55.9,Germination,44.76,53.96
Uttar Pradesh,Co 0238,19549.0,Alluvial Soil,7.58,46.3,1221.5,29.8,69.7,Tillering,53.96,53.4
Uttar Pradesh,Co 0238,20811.0,Alluvial Soil,7.35,45.2,1221.5,29.8,69.6,Grand Growth,53.4,58.93
Uttar Pradesh,Co 0238,21013.0,Alluvial Soil,7.29,54.8,1221.5,29.8,63.4,Maturity,58.93,63.91
Uttar Pradesh,Co 0238,19239.0,Alluvial Soil,6.78,43.1,1221.5,29.8,63.8,Harvest,63.91,65.98
Uttar Pradesh,Co 0238,20004.0,Alluvial Soil,7.05,46.6,1221.5,29.8,63.9,Planting,65.98,66.4
Uttar Pradesh,Co 0238,9381.0,Alluvial Soil,6.82,48.0,1221.5,29.8,67.8,Planting,60.9,57.42
Uttar Pradesh,Co 0238,7944.0,Red Loam,6.51,48.4,1221.5,29.8,59.1,Germination,57.42,52.88
Uttar Pradesh,Co 0238,7407.0,Alluvial Soil,6.52,42.9,1221.5,29.8,65.6,Tillering,52.88,44.08
Uttar Pradesh,Co 0238,7391.0,Alluvial Soil,6.58,53.4,1221.5,29.8,62.0,Grand Growth,44.08,56.76
Uttar Pradesh,Co 0238,7483.0,Alluvial Soil,6.04,53.6,1221.5,29.8,64.0,Maturity,56.76,57.43
Uttar Pradesh,Co 0238,7091.0,Black Soil,7.39,49.4,1221.5,29.8,64.3,Harvest,57.43,53.48
Uttar Pradesh,Co 0238,7867.0,Alluvial Soil,6.83,50.7,1221.5,29.8,69.3,Planting,53.48,48.92
Uttar Pradesh,Co 0238,7439.0,Alluvial Soil,7.49,53.0,1221.5,29.8,75.7,Germination,48.92,57.16
Uttar Pradesh,Co 0238,10155.0,Sandy Loam,7.26,50.6,1221.5,29.8,70.7,Tillering,57.16,54.33
Uttar Pradesh,Co 0238,12774.0,Clay Loam,6.69,57.1,1221.5,29.8,68.8,Grand Growth,54.33,61.94
Uttar Pradesh,Co 0238,8112.0,Alluvial Soil,7.27,42.8,1221.5,29.8,77.5,Maturity,61.94,57.16
Uttar Pradesh,Co 0238,8112.0,Alluvial Soil,7.36,55.5,1221.5,29.8,68.5,Harvest,57.16,49.0
Uttar Pradesh,Co 0238,7720.0,Alluvial Soil,6.82,44.0,1221.5,29.8,66.8,Planting,49.0,54.52
Uttar Pradesh,Co 0238,7715.0,Alluvial Soil,6.96,51.3,1221.5,29.8,64.8,Germination,54.52,57.2
Uttar Pradesh,Co 0238,7000.0,Alluvial Soil,7.21,37.9,1221.5,29.8,71.0,Tillering,57.2,62.49
Uttar Pradesh,Co 0238,8086.0,Black Soil,7.44,63.1,1221.5,29.8,69.4,Grand Growth,62.49,62.73
Uttar Pradesh,Co 0238,8172.0,Alluvial Soil,7.1,49.6,1221.5,29.8,63.8,Maturity,62.73,61.72
Uttar Pradesh,Co 0238,7198.0,Black Soil,7.23,70.5,1221.5,29.8,61.7,Harvest,61.72,60.69
Uttar Pradesh,Co 0238,9113.0,Alluvial Soil,6.75,50.1,1221.5,29.8,75.5,Harvest,60.01,64.28
Uttar Pradesh,Co 0238,9161.0,Alluvial Soil,6.65,53.4,1221.5,29.8,71.1,Planting,64.28,48.65
Uttar Pradesh,Co 0238,9203.0,Alluvial Soil,7.22,53.3,1221.5,29.8,76.8,Germination,48.65,73.41
Uttar Pradesh,Co 0238,9598.0,Black Soil,7.42,58.8,1221.5,29.8,76.1,Tillering,73.41,47.25
Uttar Pradesh,Co 0238,9755.0,Alluvial Soil,7.12,38.5,1221.5,29.8,70.7,Grand Growth,47.25,43.21
Uttar Pradesh,Co 0238,9193.0,Alluvial Soil,7.11,49.2,1221.5,29.8,67.2,Maturity,43.21,43.72
Uttar Pradesh,Co 0238,8895.0,Alluvial Soil,6.59,45.3,1221.5,29.8,63.3,Harvest,43.72,43.92
Uttar Pradesh,Co 0238,8040.0,Red Loam,6.52,44.9,1221.5,29.8,73.5,Planting,43.92,51.76
Uttar Pradesh,Co 0238,7073.0,Alluvial Soil,6.92,47.8,1221.5,29.8,65.6,Germination,51.76,32.7
Uttar Pradesh,Co 0238,9440.0,Alluvial Soil,6.64,40.1,1221.5,29.8,68.8,Tillering,32.7,47.55
Uttar Pradesh,Co 0238,8514.0,Alluvial Soil,6.71,46.4,1221.5,29.8,66.7,Grand Growth,47.55,44.6
Uttar Pradesh,Co 0238,6450.0,Alluvial Soil,6.73,58.9,1221.5,29.8,64.7,Maturity,44.6,55.27
Uttar Pradesh,Co 0238,5968.0,Alluvial Soil,7.11,41.3,1221.5,29.8,58.3,Harvest,55.27,43.55
Uttar Pradesh,Co 0238,5940.0,Alluvial Soil,7.49,40.8,1221.5,29.8,73.1,Planting,43.55,58.34
Uttar Pradesh,Co 0238,6428.0,Alluvial Soil,7.01,60.9,1221.5,29.8,66.6,Germination,58.34,55.88
Uttar Pradesh,Co 0238,6676.0,Alluvial Soil,6.72,44.5,1221.5,29.8,67.3,Tillering,55.88,61.14
Uttar Pradesh,Co 0238,7357.0,Alluvial Soil,6.91,48.5,1221.5,29.8,71.5,Grand Growth,61.14,68.23
Uttar Pradesh,Co 0238,7882.0,Black Soil,7.24,68.9,1221.5,29.8,65.9,Maturity,68.23,65.78
Uttar Pradesh,Co 0238,192.0,Alluvial Soil,7.32,46.2,1221.5,29.8,70.7,Maturity,45.0,28.8
Uttar Pradesh,Co 0238,198.0,Alluvial Soil,6.93,55.7,1221.5,29.8,61.8,Harvest,28.8,29.19
Uttar Pradesh,Co 0238,205.0,Alluvial Soil,7.07,42.7,1221.5,29.8,63.8,Planting,29.19,52.55
Uttar Pradesh,Co 0238,187.0,Alluvial Soil,6.98,47.4,1221.5,29.8,66.2,Germination,52.55,46.67
Uttar Pradesh,Co 0238,174.0,Red Loam,5.98,56.8,1221.5,29.8,63.0,Tillering,46.67,52.42
Uttar Pradesh,Co 0238,140.0,Alluvial Soil,7.41,54.3,1221.5,29.8,64.8,Grand Growth,52.42,54.41
Uttar Pradesh,Co 0238,88.0,Alluvial Soil,7.11,43.1,1221.5,29.8,61.8,Maturity,54.41,51.73
Uttar Pradesh,Co 0238,94.0,Alluvial Soil,7.21,41.8,1221.5,29.8,65.7,Harvest,51.73,49.67
Uttar Pradesh,Co 0238,147.0,Clay Loam,6.7,58.6,1221.5,29.8,70.1,Planting,49.67,50.38
Uttar Pradesh,Co 0238,95.0,Alluvial Soil,6.98,50.5,1221.5,29.8,72.5,Germination,50.38,53.84
Uttar Pradesh,Co 0238,165.0,Alluvial Soil,7.04,48.9,1221.5,29.8,67.5,Tillering,53.84,52.53
Uttar Pradesh,Co 0238,129.0,Alluvial Soil,7.67,63.3,1221.5,29.8,72.9,Grand Growth,52.53,51.15
Uttar Pradesh,Co 0238,91.0,Alluvial Soil,7.48,55.7,1221.5,29.8,70.7,Maturity,51.15,43.21
Uttar Pradesh,Co 0238,98.0,Alluvial Soil,6.76,50.8,1221.5,29.8,68.9,Harvest,43.21,50.9
Uttar Pradesh,Co 0238,92.0,Alluvial Soil,6.93,47.5,1221.5,29.8,60.2,Planting,50.9,47.48
Uttar Pradesh,Co 0238,141.0,Alluvial Soil,7.14,57.1,1221.5,29.8,72.0,Germination,47.48,45.35
Uttar Pradesh,Co 0238,154.0,Alluvial Soil,7.26,48.9,1221.5,29.8,68.4,Tillering,45.35,47.99
Uttar Pradesh,Co 0238,117.0,Alluvial Soil,6.88,53.9,1221.5,29.8,61.7,Grand Growth,47.99,42.11
Uttar Pradesh,Co 0238,1206.0,Alluvial Soil,7.31,53.2,1221.5,29.8,68.3,Grand Growth,62.88,67.68
Uttar Pradesh,Co 0238,4265.0,Alluvial Soil,7.18,50.9,1221.5,29.8,57.4,Maturity,67.68,64.53
Uttar Pradesh,Co 0238,4509.0,Alluvial Soil,6.67,50.1,1221.5,29.8,64.2,Harvest,64.53,60.0
Uttar Pradesh,Co 0238,4385.0,Alluvial Soil,6.69,46.3,1221.5,29.8,55.7,Planting,60.0,57.7
Uttar Pradesh,Co 0238,4394.0,Alluvial Soil,6.85,44.8,1221.5,29.8,66.8,Germination,57.7,64.49
Uttar Pradesh,Co 0238,3385.0,Alluvial Soil,7.03,47.7,1221.5,29.8,63.9,Tillering,64.49,62.23
Uttar Pradesh,Co 0238,3166.0,Alluvial Soil,7.35,40.3,1221.5,29.8,62.6,Grand Growth,62.23,62.87
Uttar Pradesh,Co 0238,2759.0,Alluvial Soil,7.1,40.7,1221.5,29.8,65.7,Maturity,62.87,63.19
Uttar Pradesh,Co 0238,2591.0,Alluvial Soil,6.7,45.9,1221.5,29.8,71.2,Harvest,63.19,62.19
Uttar Pradesh,Co 0238,2406.0,Alluvial Soil,7.28,40.6,1221.5,29.8,67.9,Planting,62.19,66.07
Uttar Pradesh,Co 0238,2819.0,Alluvial Soil,7.01,44.8,1221.5,29.8,69.3,Germination,66.07,66.65
Uttar Pradesh,Co 0238,2781.0,Alluvial Soil,6.6,47.7,1221.5,29.8,71.3,Tillering,66.65,60.6
Uttar Pradesh,Co 0238,2139.0,Alluvial Soil,6.55,52.7,1221.5,29.8,64.7,Grand Growth,60.6,64.29
Uttar Pradesh,Co 0238,2028.0,Alluvial Soil,7.22,51.1,1221.5,29.8,75.1,Maturity,64.29,62.47
Uttar Pradesh,Co 0238,2033.0,Alluvial Soil,6.98,44.9,1221.5,29.8,74.5,Harvest,62.47,63.11
Uttar Pradesh,Co 0238,1940.0,Alluvial Soil,7.32,49.9,1221.5,29.8,66.7,Planting,63.11,67.19
Uttar Pradesh,Co 0238,1888.0,Alluvial Soil,6.99,38.5,1221.5,29.8,66.7,Germination,67.19,70.68
Uttar Pradesh,Co 0238,1798.0,Alluvial Soil,6.94,46.7,1221.5,29.8,62.1,Tillering,70.68,73.2
Uttar Pradesh,Co 0238,58679.0,Alluvial Soil,6.95,53.5,1221.5,29.8,70.5,Tillering,61.53,67.68
Uttar Pradesh,Co 0238,54811.0,Clay Loam,7.34,50.9,1221.5,29.8,62.5,Grand Growth,67.68,63.12
Uttar Pradesh,Co 0238,58646.0,Sandy Loam,6.76,44.8,1221.5,29.8,66.2,Maturity,63.12,60.14
Uttar Pradesh,Co 0238,59152.0,Alluvial Soil,7.04,52.7,1221.5,29.8,75.0,Harvest,60.14,58.38
Uttar Pradesh,Co 0238,61232.0,Red Loam,6.95,42.1,1221.5,29.8,69.6,Planting,58.38,66.51
Uttar Pradesh,Co 0238,64885.0,Alluvial Soil,7.04,51.8,1221.5,29.8,66.3,Germination,66.51,65.74
Uttar Pradesh,Co 0238,65950.0,Alluvial Soil,7.38,52.3,1221.5,29.8,62.6,Tillering,65.74,62.5
Uttar Pradesh,Co 0238,64548.0,Alluvial Soil,6.33,54.3,1221.5,29.8,58.3,Grand Growth,62.5,63.19
Uttar Pradesh,Co 0238,63260.0,Alluvial Soil,7.67,55.8,1221.5,29.8,67.9,Maturity,63.19,52.55
Uttar Pradesh,Co 0238,65587.0,Alluvial Soil,7.04,38.7,1221.5,29.8,70.2,Harvest,52.55,59.24
Uttar Pradesh,Co 0238,66459.0,Alluvial Soil,7.53,55.4,1221.5,29.8,67.9,Planting,59.24,60.52
Uttar Pradesh,Co 0238,60776.0,Alluvial Soil,7.17,43.5,1221.5,29.8,68.2,Germination,60.52,53.59
Uttar Pradesh,Co 0238,56992.0,Alluvial Soil,7.21,46.9,1221.5,29.8,67.1,Tillering,53.59,58.26
Uttar Pradesh,Co 0238,56546.0,Alluvial Soil,6.94,41.3,1221.5,29.8,68.2,Grand Growth,58.26,53.83
Uttar Pradesh,Co 0238,61150.0,Alluvial Soil,7.39,49.3,1221.5,29.8,76.3,Maturity,53.83,61.29
Uttar Pradesh,Co 0238,21381.0,Black Soil,7.63,73.9,1221.5,29.8,69.0,Harvest,61.29,64.24
Uttar Pradesh,Co 0238,21384.0,Alluvial Soil,6.92,45.3,1221.5,29.8,73.0,Planting,64.24,69.14
Uttar Pradesh,Co 0238,11136.0,Alluvial Soil,6.78,41.8,1221.5,29.8,69.9,Germination,69.14,67.36
Uttar Pradesh,Co 0238,11808.0,Clay Loam,6.88,55.5,1221.5,29.8,68.8,Germination,45.0,37.75
Uttar Pradesh,Co 0238,12229.0,Alluvial Soil,6.58,50.0,1221.5,29.8,74.6,Tillering,37.75,43.29
Uttar Pradesh,Co 0238,11972.0,Black Soil,7.81,53.6,1221.5,29.8,78.0,Grand Growth,43.29,41.46
Uttar Pradesh,Co 0238,11950.0,Alluvial Soil,7.54,50.3,1221.5,29.8,63.4,Maturity,41.46,42.19
Uttar Pradesh,Co 0238,9747.0,Alluvial Soil,7.04,51.8,1221.5,29.8,71.0,Harvest,42.19,44.17
Uttar Pradesh,Co 0238,8743.0,Alluvial Soil,7.6,50.4,1221.5,29.8,65.1,Planting,44.17,40.56
Uttar Pradesh,Co 0238,8203.0,Alluvial Soil,7.34,46.4,1221.5,29.8,61.7,Germination,40.56,35.78
Uttar Pradesh,Co 0238,7372.0,Alluvial Soil,7.43,54.9,1221.5,29.8,66.1,Tillering,35.78,40.56
Uttar Pradesh,Co 0238,8601.0,Alluvial Soil,7.07,56.5,1221.5,29.8,64.6,Grand Growth,40.56,46.66
Uttar Pradesh,Co 0238,7448.0,Alluvial Soil,6.98,44.2,1221.5,29.8,69.3,Maturity,46.66,52.8
Uttar Pradesh,Co 0238,7422.0,Red Loam,6.47,43.9,1221.5,29.8,75.5,Harvest,52.8,50.4
Uttar Pradesh,Co 0238,5485.0,Alluvial Soil,7.14,56.1,1221.5,29.8,63.5,Planting,50.4,36.75
Uttar Pradesh,Co 0238,4553.0,Alluvial Soil,7.29,53.5,1221.5,29.8,64.7,Germination,36.75,35.66
Uttar Pradesh,Co 0238,7250.0,Alluvial Soil,7.53,44.2,1221.5,29.8,68.1,Tillering,35.66,29.64
Uttar Pradesh,Co 0238,7530.0,Alluvial Soil,7.74,57.2,1221.5,29.8,61.2,Grand Growth,29.64,45.92
Uttar Pradesh,Co 0238,7631.0,Alluvial Soil,7.5,55.2,1221.5,29.8,64.6,Maturity,45.92,46.12
Uttar Pradesh,Co 0238,7382.0,Red Loam,6.49,53.5,1221.5,29.8,71.5,Harvest,46.12,48.58
Uttar Pradesh,Co 0238,7239.0,Alluvial Soil,6.77,42.0,1221.5,29.8,70.4,Planting,48.58,54.72
Uttar Pradesh,Co 0238,13334.0,Alluvial Soil,7.44,35.5,1221.5,29.8,73.0,Planting,45.61,50.04
Uttar Pradesh,Co 0238,14362.0,Alluvial Soil,6.92,48.2,1221.5,29.8,64.3,Germination,50.04,52.29
Uttar Pradesh,Co 0238,27462.0,Alluvial Soil,7.54,45.1,1221.5,29.8,67.5,Tillering,52.29,50.29
Uttar Pradesh,Co 0238,32185.0,Alluvial Soil,6.68,51.1,1221.5,29.8,77.5,Grand Growth,50.29,45.58
Uttar Pradesh,Co 0238,45117.0,Alluvial Soil,7.7,40.8,1221.5,29.8,61.0,Maturity,45.58,49.2
Uttar Pradesh,Co 0238,50221.0,Alluvial Soil,6.87,53.8,1221.5,29.8,65.5,Harvest,49.2,44.63
Uttar Pradesh,Co 0238,52101.0,Alluvial Soil,6.57,53.3,1221.5,29.8,64.5,Planting,44.63,47.42
Uttar Pradesh,Co 0238,53374.0,Alluvial Soil,7.15,56.3,1221.5,29.8,63.5,Germination,47.42,47.36
Uttar Pradesh,Co 0238,55171.0,Alluvial Soil,7.33,59.2,1221.5,29.8,71.2,Tillering,47.36,52.43
Uttar Pradesh,Co 0238,66268.0,Alluvial Soil,6.7,55.1,1221.5,29.8,72.6,Grand Growth,52.43,45.88
Uttar Pradesh,Co 0238,61549.0,Alluvial Soil,6.62,50.6,1221.5,29.8,68.6,Maturity,45.88,46.75
Uttar Pradesh,Co 0238,66034.0,Black Soil,7.17,66.7,1221.5,29.8,66.4,Harvest,46.75,39.9
Uttar Pradesh,Co 0238,65823.0,Alluvial Soil,7.26,56.2,1221.5,29.8,67.9,Planting,39.9,51.45
Uttar Pradesh,Co 0238,70037.0,Alluvial Soil,6.87,42.3,1221.5,29.8,71.0,Germination,51.45,55.38
Uttar Pradesh,Co 0238,71422.0,Alluvial Soil,7.0,41.6,1221.5,29.8,61.5,Tillering,55.38,60.86
Uttar Pradesh,Co 0238,73651.0,Alluvial Soil,6.72,46.4,1221.5,29.8,73.3,Grand Growth,60.86,59.34
Uttar Pradesh,Co 0238,81115.0,Alluvial Soil,6.75,42.6,1221.5,29.8,68.9,Maturity,59.34,57.71
Uttar Pradesh,Co 0238,79442.0,Black Soil,6.93,58.1,1221.5,29.8,73.0,Harvest,57.71,51.47
Uttar Pradesh,Co 0238,6719.0,Alluvial Soil,7.18,51.4,1221.5,29.8,75.9,Harvest,57.49,56.43
Uttar Pradesh,Co 0238,6719.0,Clay Loam,7.04,59.1,1221.5,29.8,70.8,Planting,56.43,56.44
Uttar Pradesh,Co 0238,5701.0,Alluvial Soil,6.88,57.3,1221.5,29.8,73.3,Germination,56.44,50.59
Uttar Pradesh,Co 0238,5217.0,Alluvial Soil,7.09,48.8,1221.5,29.8,61.2,Tillering,50.59,56.61
Uttar Pradesh,Co 0238,4213.0,Alluvial Soil,7.14,59.4,1221.5,29.8,62.9,Grand Growth,56.61,54.68
Uttar Pradesh,Co 0238,4216.0,Alluvial Soil,6.6,49.3,1221.5,29.8,68.9,Maturity,54.68,55.98
Uttar Pradesh,Co 0238,3909.0,Sandy Loam,6.97,45.0,1221.5,29.8,66.3,Harvest,55.98,56.63
Uttar Pradesh,Co 0238,3830.0,Alluvial Soil,7.48,60.1,1221.5,29.8,73.1,Planting,56.63,52.77
Uttar Pradesh,Co 0238,3114.0,Alluvial Soil,6.95,52.0,1221.5,29.8,81.2,Germination,52.77,55.56
Uttar Pradesh,Co 0238,3337.0,Alluvial Soil,7.37,43.0,1221.5,29.8,68.3,Tillering,55.56,56.32
Uttar Pradesh,Co 0238,4225.0,Alluvial Soil,6.64,46.0,1221.5,29.8,59.4,Grand Growth,56.32,54.75
Uttar Pradesh,Co 0238,2046.0,Alluvial Soil,6.82,51.6,1221.5,29.8,69.9,Maturity,54.75,52.49
Uttar Pradesh,Co 0238,3312.0,Alluvial Soil,7.33,61.6,1221.5,29.8,67.3,Harvest,52.49,48.5
Uttar Pradesh,Co 0238,2812.0,Alluvial Soil,6.96,45.1,1221.5,29.8,61.5,Planting,48.5,49.88
Uttar Pradesh,Co 0238,3097.0,Alluvial Soil,6.97,57.2,1221.5,29.8,71.2,Germination,49.88,52.49
Uttar Pradesh,Co 0238,2839.0,Alluvial Soil,7.11,47.4,1221.5,29.8,63.6,Tillering,52.49,57.88
Uttar Pradesh,Co 0238,2714.0,Alluvial Soil,7.12,43.2,1221.5,29.8,65.7,Grand Growth,57.88,64.75
Uttar Pradesh,Co 0238,2722.0,Alluvial Soil,7.03,50.2,1221.5,29.8,62.0,Maturity,64.75,62.56
Uttar Pradesh,Co 0238,2948.0,Alluvial Soil,7.16,36.8,1221.5,29.8,67.8,Harvest,62.56,61.47
Uttar Pradesh,Co 0238,2687.0,Sandy Loam,7.01,45.3,1221.5,29.8,74.4,Planting,45.0,43.29
Uttar Pradesh,Co 0238,2781.0,Red Loam,6.17,50.7,1221.5,29.8,68.2,Germination,43.29,45.26
Uttar Pradesh,Co 0238,3063.0,Alluvial Soil,7.5,47.5,1221.5,29.8,69.2,Tillering,45.26,53.73
Uttar Pradesh,Co 0238,3340.0,Alluvial Soil,7.34,41.4,1221.5,29.8,63.6,Grand Growth,53.73,44.55
Uttar Pradesh,Co 0238,3220.0,Red Loam,6.86,50.9,1221.5,29.8,62.8,Maturity,44.55,51.67
Uttar Pradesh,Co 0238,3405.0,Alluvial Soil,6.77,51.9,1221.5,29.8,73.1,Harvest,51.67,50.55
Uttar Pradesh,Co 0238,2964.0,Alluvial Soil,7.6,47.9,1221.5,29.8,63.1,Planting,50.55,42.18
Uttar Pradesh,Co 0238,2996.0,Alluvial Soil,6.87,53.4,1221.5,29.8,71.9,Germination,42.18,38.68
Uttar Pradesh,Co 0238,4065.0,Red Loam,6.1,53.3,1221.5,29.8,65.8,Tillering,38.68,31.47
Uttar Pradesh,Co 0238,4430.0,Alluvial Soil,7.21,48.9,1221.5,29.8,68.1,Grand Growth,31.47,42.66
Uttar Pradesh,Co 0238,3452.0,Alluvial Soil,7.38,52.1,1221.5,29.8,56.8,Maturity,42.66,26.42
Uttar Pradesh,Co 0238,1005.0,Alluvial Soil,7.54,44.6,1221.5,29.8,75.9,Harvest,26.42,40.74
Uttar Pradesh,Co 0238,902.0,Alluvial Soil,6.98,48.0,1221.5,29.8,76.1,Planting,40.74,40.09
Uttar Pradesh,Co 0238,2009.0,Alluvial Soil,7.06,48.1,1221.5,29.8,66.6,Germination,40.09,49.27
Uttar Pradesh,Co 0238,2925.0,Alluvial Soil,7.13,53.4,1221.5,29.8,56.4,Tillering,49.27,48.1
Uttar Pradesh,Co 0238,3426.0,Alluvial Soil,7.04,47.1,1221.5,29.8,67.5,Grand Growth,48.1,37.15
Uttar Pradesh,Co 0238,4828.0,Alluvial Soil,7.4,53.1,1221.5,29.8,64.4,Maturity,37.15,44.67
Uttar Pradesh,Co 0238,5381.0,Alluvial Soil,7.1,56.1,1221.5,29.8,71.9,Harvest,44.67,40.45
Uttar Pradesh,Co 0238,37894.0,Alluvial Soil,6.95,47.3,1221.5,29.8,65.1,Harvest,64.55,62.5
Uttar Pradesh,Co 0238,38509.0,Alluvial Soil,6.62,52.6,1221.5,29.8,72.2,Planting,62.5,65.18
Uttar Pradesh,Co 0238,35923.0,Alluvial Soil,6.96,50.2,1221.5,29.8,65.1,Germination,65.18,70.33
Uttar Pradesh,Co 0238,23549.0,Alluvial Soil,7.4,47.0,1221.5,29.8,61.9,Maturity,48.51,50.89
Uttar Pradesh,Co 0238,23489.0,Alluvial Soil,7.19,47.1,1221.5,29.8,70.3,Harvest,50.89,50.05
Uttar Pradesh,Co 0238,23480.0,Alluvial Soil,6.84,47.0,1221.5,29.8,66.4,Planting,50.05,53.56
Uttar Pradesh,Co 0238,24127.0,Alluvial Soil,6.89,42.1,1221.5,29.8,65.5,Germination,53.56,55.09
Uttar Pradesh,Co 0238,25536.0,Alluvial Soil,7.44,53.8,1221.5,29.8,63.2,Tillering,55.09,51.96
Uttar Pradesh,Co 0238,27383.0,Alluvial Soil,7.1,44.4,1221.5,29.8,64.1,Grand Growth,51.96,48.5
Uttar Pradesh,Co 0238,27449.0,Alluvial Soil,7.08,42.4,1221.5,29.8,70.8,Maturity,48.5,47.08
Uttar Pradesh,Co 0238,25856.0,Sandy Loam,6.77,44.9,1221.5,29.8,69.6,Harvest,47.08,50.48
Uttar Pradesh,Co 0238,32683.0,Alluvial Soil,7.51,54.1,1221.5,29.8,65.8,Planting,50.48,47.74
Uttar Pradesh,Co 0238,25856.0,Alluvial Soil,6.55,56.2,1221.5,29.8,71.7,Germination,47.74,52.89
Uttar Pradesh,Co 0238,43216.0,Alluvial Soil,7.19,47.1,1221.5,29.8,69.7,Tillering,52.89,48.16
Uttar Pradesh,Co 0238,39157.0,Alluvial Soil,7.39,54.3,1221.5,29.8,56.9,Grand Growth,48.16,47.98
Uttar Pradesh,Co 0238,31654.0,Clay Loam,7.3,59.8,1221.5,29.8,64.9,Maturity,47.98,50.88
Uttar Pradesh,Co 0238,30600.0,Alluvial Soil,7.36,48.8,1221.5,29.8,65.4,Harvest,50.88,53.25
Uttar Pradesh,Co 0238,31481.0,Alluvial Soil,7.0,44.0,1221.5,29.8,63.2,Planting,53.25,56.41
Uttar Pradesh,Co 0238,35834.0,Alluvial Soil,6.98,46.1,1221.5,29.8,70.0,Germination,56.41,61.68
Uttar Pradesh,Co 0238,39111.0,Alluvial Soil,6.82,48.4,1221.5,29.8,61.0,Tillering,61.68,58.09
Uttar Pradesh,Co 0238,37032.0,Alluvial Soil,6.75,44.7,1221.5,29.8,58.1,Grand Growth,58.09,60.12
Uttar Pradesh,Co 0238,516.0,Alluvial Soil,7.45,41.9,1221.5,29.8,70.9,Planting,58.6,59.25
Uttar Pradesh,Co 0238,486.0,Alluvial Soil,6.86,50.4,1221.5,29.8,65.7,Germination,59.25,55.97
Uttar Pradesh,Co 0238,504.0,Alluvial Soil,6.58,42.3,1221.5,29.8,65.0,Tillering,55.97,60.39
Uttar Pradesh,Co 0238,468.0,Alluvial Soil,7.1,52.3,1221.5,29.8,63.8,Grand Growth,60.39,51.63
Uttar Pradesh,Co 0238,479.0,Sandy Loam,6.08,55.3,1221.5,29.8,71.2,Maturity,51.63,52.42
Uttar Pradesh,Co 0238,481.0,Alluvial Soil,7.08,56.5,1221.5,29.8,68.3,Harvest,52.42,54.41
Uttar Pradesh,Co 0238,543.0,Alluvial Soil,7.09,50.2,1221.5,29.8,74.6,Planting,54.41,51.72
Uttar Pradesh,Co 0238,490.0,Alluvial Soil,6.82,61.1,1221.5,29.8,61.1,Germination,51.72,49.67
Uttar Pradesh,Co 0238,1337.0,Alluvial Soil,6.95,48.0,1221.5,29.8,61.0,Tillering,49.67,50.38
Uttar Pradesh,Co 0238,516.0,Alluvial Soil,6.87,52.3,1221.5,29.8,69.9,Grand Growth,50.38,53.85
Uttar Pradesh,Co 0238,362.0,Black Soil,7.03,70.3,1221.5,29.8,62.6,Maturity,53.85,52.53
Uttar Pradesh,Co 0238,212.0,Alluvial Soil,7.32,45.5,1221.5,29.8,59.1,Harvest,52.53,51.15
Uttar Pradesh,Co 0238,365.0,Alluvial Soil,7.63,46.4,1221.5,29.8,60.7,Planting,51.15,54.83
Uttar Pradesh,Co 0238,387.0,Alluvial Soil,6.83,51.1,1221.5,29.8,72.6,Germination,54.83,55.13
Uttar Pradesh,Co 0238,223.0,Alluvial Soil,7.13,54.4,1221.5,29.8,69.6,Tillering,55.13,58.48
Uttar Pradesh,Co 0238,530.0,Alluvial Soil,7.23,60.6,1221.5,29.8,67.4,Grand Growth,58.48,60.4
Uttar Pradesh,Co 0238,326.0,Alluvial Soil,7.19,48.7,1221.5,29.8,69.5,Maturity,60.4,61.47
Uttar Pradesh,Co 0238,262.0,Alluvial Soil,7.15,48.2,1221.5,29.8,73.3,Harvest,61.47,57.4
Uttar Pradesh,Co 0238,1509.0,Clay Loam,6.76,57.9,1221.5,29.8,68.6,Harvest,54.59,52.6
Uttar Pradesh,Co 0238,1488.0,Red Loam,5.6,57.8,1221.5,29.8,65.1,Planting,52.6,52.95
Uttar Pradesh,Co 0238,1737.0,Alluvial Soil,7.06,48.2,1221.5,29.8,73.8,Germination,52.95,42.95
Uttar Pradesh,Co 0238,1947.0,Alluvial Soil,7.06,56.4,1221.5,29.8,63.8,Tillering,42.95,41.72
Uttar Pradesh,Co 0238,1777.0,Alluvial Soil,7.18,50.6,1221.5,29.8,67.9,Grand Growth,41.72,46.62
Uttar Pradesh,Co 0238,1856.0,Alluvial Soil,7.1,50.2,1221.5,29.8,62.3,Maturity,46.62,45.15
Uttar Pradesh,Co 0238,1851.0,Alluvial Soil,7.46,45.4,1221.5,29.8,68.0,Harvest,45.15,49.58
Uttar Pradesh,Co 0238,1579.0,Alluvial Soil,6.75,47.5,1221.5,29.8,65.3,Planting,49.58,60.29
Uttar Pradesh,Co 0238,2447.0,Alluvial Soil,7.17,56.4,1221.5,29.8,72.4,Germination,60.29,22.47
Uttar Pradesh,Co 0238,3644.0,Alluvial Soil,6.98,47.8,1221.5,29.8,56.0,Tillering,22.47,38.53
Uttar Pradesh,Co 0238,1153.0,Alluvial Soil,6.56,51.5,1221.5,29.8,57.5,Grand Growth,38.53,19.95
Uttar Pradesh,Co 0238,1998.0,Alluvial Soil,7.18,51.4,1221.5,29.8,63.3,Maturity,45.0,23.05
Uttar Pradesh,Co 0238,493.0,Alluvial Soil,6.93,56.5,1221.5,29.8,66.0,Harvest,23.05,32.05
Uttar Pradesh,Co 0238,1769.0,Alluvial Soil,7.65,45.3,1221.5,29.8,71.7,Planting,32.05,37.68
Uttar Pradesh,Co 0238,1709.0,Alluvial Soil,6.74,49.6,1221.5,29.8,67.3,Germination,37.68,40.58
Uttar Pradesh,Co 0238,1752.0,Alluvial Soil,7.09,54.0,1221.5,29.8,75.2,Tillering,40.58,37.15
Uttar Pradesh,Co 0238,1609.0,Alluvial Soil,7.06,52.3,1221.5,29.8,75.6,Grand Growth,37.15,40.16
Uttar Pradesh,Co 0238,1344.0,Alluvial Soil,7.43,52.1,1221.5,29.8,64.7,Maturity,40.16,40.43
Uttar Pradesh,Co 0238,14939.0,Alluvial Soil,7.07,48.5,1221.5,29.8,61.7,Maturity,55.29,55.85
Uttar Pradesh,Co 0238,14713.0,Alluvial Soil,7.12,43.9,1221.5,29.8,71.4,Harvest,55.85,41.45
Uttar Pradesh,Co 0238,14731.0,Alluvial Soil,7.03,47.7,1221.5,29.8,68.0,Planting,41.45,41.54
Uttar Pradesh,Co 0238,14775.0,Alluvial Soil,7.52,48.3,1221.5,29.8,72.9,Germination,41.54,49.86
Uttar Pradesh,Co 0238,14409.0,Alluvial Soil,7.48,46.2,1221.5,29.8,67.4,Tillering,49.86,50.4
Uttar Pradesh,Co 0238,13119.0,Alluvial Soil,7.09,43.7,1221.5,29.8,59.0,Grand Growth,50.4,47.16
Uttar Pradesh,Co 0238,12763.0,Alluvial Soil,6.34,53.5,1221.5,29.8,66.8,Maturity,47.16,38.56
Uttar Pradesh,Co 0238,10237.0,Alluvial Soil,6.95,45.9,1221.5,29.8,67.9,Harvest,38.56,42.64
Uttar Pradesh,Co 0238,12667.0,Alluvial Soil,6.97,48.0,1221.5,29.8,68.5,Planting,42.64,47.91
Uttar Pradesh,Co 0238,10545.0,Sandy Loam,5.92,43.0,1221.5,29.8,66.4,Germination,47.91,58.86
Uttar Pradesh,Co 0238,7699.0,Alluvial Soil,7.28,59.1,1221.5,29.8,76.1,Tillering,58.86,53.77
Uttar Pradesh,Co 0238,10010.0,Alluvial Soil,7.03,51.9,1221.5,29.8,70.7,Grand Growth,53.77,53.54
Uttar Pradesh,Co 0238,7451.0,Alluvial Soil,6.62,49.3,1221.5,29.8,70.3,Maturity,53.54,54.28
Uttar Pradesh,Co 0238,8640.0,Alluvial Soil,7.4,52.0,1221.5,29.8,69.0,Harvest,54.28,55.88
Uttar Pradesh,Co 0238,10082.0,Alluvial Soil,6.72,49.3,1221.5,29.8,62.2,Planting,55.88,52.64
Uttar Pradesh,Co 0238,9578.0,Alluvial Soil,6.94,45.8,1221.5,29.8,70.8,Germination,52.64,55.86
Uttar Pradesh,Co 0238,11306.0,Alluvial Soil,6.75,54.7,1221.5,29.8,65.1,Tillering,55.86,57.36
Uttar Pradesh,Co 0238,9870.0,Alluvial Soil,7.11,44.1,1221.5,29.8,69.0,Grand Growth,57.36,57.26
Uttar Pradesh,Co 0238,106.0,Alluvial Soil,7.14,43.0,1221.5,29.8,78.4,Grand Growth,48.1,52.59
Uttar Pradesh,Co 0238,111.0,Alluvial Soil,6.9,57.6,1221.5,29.8,68.3,Maturity,52.59,52.95
Uttar Pradesh,Co 0238,101.0,Alluvial Soil,6.6,50.3,1221.5,29.8,69.2,Harvest,52.95,42.95
Uttar Pradesh,Co 0238,95.0,Sandy Loam,7.02,47.0,1221.5,29.8,74.8,Planting,42.95,41.72
Uttar Pradesh,Co 0238,80.0,Alluvial Soil,7.17,43.1,1221.5,29.8,64.9,Germination,41.72,46.62
Uttar Pradesh,Co 0238,37.0,Alluvial Soil,7.08,47.2,1221.5,29.8,66.8,Tillering,46.62,45.16
Uttar Pradesh,Co 0238,67.0,Alluvial Soil,7.48,53.8,1221.5,29.8,58.2,Grand Growth,45.16,49.57
Uttar Pradesh,Co 0238,67.0,Alluvial Soil,7.55,39.7,1221.5,29.8,67.5,Maturity,49.57,60.3
Uttar Pradesh,Co 0238,67.0,Alluvial Soil,6.98,49.6,1221.5,29.8,63.9,Harvest,60.3,22.48
Uttar Pradesh,Co 0238,139.0,Alluvial Soil,7.12,48.6,1221.5,29.8,63.0,Planting,22.48,38.53
Uttar Pradesh,Co 0238,22.0,Sandy Loam,6.25,42.6,1221.5,29.8,66.6,Germination,38.53,19.95
Uttar Pradesh,Co 0238,41.0,Alluvial Soil,7.1,49.6,1221.5,29.8,65.4,Tillering,45.0,23.07
Uttar Pradesh,Co 0238,39.0,Alluvial Soil,7.56,54.5,1221.5,29.8,68.3,Grand Growth,23.07,32.05
Uttar Pradesh,Co 0238,80.0,Alluvial Soil,6.8,58.1,1221.5,29.8,60.6,Maturity,32.05,37.69
Uttar Pradesh,Co 0238,333.0,Alluvial Soil,7.47,46.4,1221.5,29.8,76.2,Harvest,37.69,40.58
Uttar Pradesh,Co 0238,228.0,Alluvial Soil,7.31,48.6,1221.5,29.8,64.0,Planting,40.58,37.15
Uttar Pradesh,Co 0238,208.0,Alluvial Soil,7.06,52.0,1221.5,29.8,54.5,Germination,37.15,40.16
Uttar Pradesh,Co 0238,165.0,Alluvial Soil,7.03,56.6,1221.5,29.8,66.5,Tillering,40.16,40.43
Uttar Pradesh,Co 0238,570.0,Alluvial Soil,7.13,50.3,1221.5,29.8,62.5,Tillering,60.16,57.42
Uttar Pradesh,Co 0238,663.0,Alluvial Soil,7.18,56.5,1221.5,29.8,64.6,Grand Growth,57.42,52.07
Uttar Pradesh,Co 0238,592.0,Alluvial Soil,7.08,63.8,1221.5,29.8,60.6,Maturity,52.07,44.95
Uttar Pradesh,Co 0238,474.0,Clay Loam,6.98,58.9,1221.5,29.8,63.9,Harvest,44.95,51.37
Uttar Pradesh,Co 0238,539.0,Alluvial Soil,6.93,53.9,1221.5,29.8,67.7,Planting,51.37,53.4
Uttar Pradesh,Co 0238,404.0,Alluvial Soil,7.26,45.5,1221.5,29.8,62.5,Germination,53.4,49.35
Uttar Pradesh,Co 0238,348.0,Alluvial Soil,6.86,45.8,1221.5,29.8,68.2,Tillering,49.35,47.28
Uttar Pradesh,Co 0238,358.0,Alluvial Soil,7.14,52.2,1221.5,29.8,62.7,Grand Growth,47.28,53.46
Uttar Pradesh,Co 0238,355.0,Alluvial Soil,7.14,43.7,1221.5,29.8,76.4,Maturity,53.46,46.5
Uttar Pradesh,Co 0238,358.0,Alluvial Soil,6.44,51.6,1221.5,29.8,75.1,Harvest,46.5,56.77
Uttar Pradesh,Co 0238,399.0,Black Soil,7.44,50.7,1221.5,29.8,71.1,Planting,56.77,50.64
Uttar Pradesh,Co 0238,94.0,Alluvial Soil,6.99,48.7,1221.5,29.8,71.1,Germination,50.64,44.71
Uttar Pradesh,Co 0238,163.0,Alluvial Soil,6.94,46.7,1221.5,29.8,66.9,Tillering,44.71,51.36
Uttar Pradesh,Co 0238,197.0,Alluvial Soil,7.88,55.4,1221.5,29.8,56.1,Grand Growth,51.36,53.45
Uttar Pradesh,Co 0238,226.0,Alluvial Soil,7.11,48.8,1221.5,29.8,65.2,Maturity,53.45,57.97
Uttar Pradesh,Co 0238,215.0,Alluvial Soil,6.81,55.3,1221.5,29.8,66.4,Harvest,57.97,60.7
Uttar Pradesh,Co 0238,204.0,Alluvial Soil,7.2,49.4,1221.5,29.8,68.7,Planting,60.7,59.59
Uttar Pradesh,Co 0238,130.0,Alluvial Soil,7.36,39.3,1221.5,29.8,77.5,Germination,59.59,57.62
Uttar Pradesh,Co 0238,3899.0,Alluvial Soil,7.25,47.6,1221.5,29.8,64.0,Germination,45.0,38.31
Uttar Pradesh,Co 0238,3951.0,Alluvial Soil,7.24,47.0,1221.5,29.8,70.6,Tillering,38.31,48.05
Uttar Pradesh,Co 0238,2785.0,Alluvial Soil,6.67,49.5,1221.5,29.8,69.6,Grand Growth,48.05,41.68
Uttar Pradesh,Co 0238,2501.0,Alluvial Soil,6.92,49.3,1221.5,29.8,74.6,Maturity,41.68,45.51
Uttar Pradesh,Co 0238,2772.0,Alluvial Soil,7.03,48.8,1221.5,29.8,70.3,Harvest,45.51,42.41
Uttar Pradesh,Co 0238,2408.0,Red Loam,7.34,48.9,1221.5,29.8,59.7,Planting,42.41,45.11
Uttar Pradesh,Co 0238,2592.0,Alluvial Soil,7.14,59.7,1221.5,29.8,71.7,Germination,45.11,50.64
Uttar Pradesh,Co 0238,2595.0,Alluvial Soil,7.12,54.9,1221.5,29.8,68.2,Tillering,50.64,44.72
Uttar Pradesh,Co 0238,1663.0,Alluvial Soil,7.24,57.8,1221.5,29.8,73.0,Grand Growth,44.72,51.36
Uttar Pradesh,Co 0238,2695.0,Alluvial Soil,7.35,49.1,1221.5,29.8,69.5,Maturity,51.36,53.45
Uttar Pradesh,Co 0238,2461.0,Alluvial Soil,6.71,56.8,1221.5,29.8,68.3,Harvest,53.45,57.97
Uttar Pradesh,Co 0238,2575.0,Alluvial Soil,6.81,49.0,1221.5,29.8,70.7,Planting,57.97,60.7
Uttar Pradesh,Co 0238,2313.0,Alluvial Soil,7.02,41.0,1221.5,29.8,58.8,Germination,60.7,59.59
Uttar Pradesh,Co 0238,2304.0,Alluvial Soil,7.23,47.4,1221.5,29.8,69.5,Tillering,59.59,57.61
Uttar Pradesh,Co 0238,4125.0,Alluvial Soil,7.63,56.8,1221.5,29.8,66.5,Maturity,49.02,48.49
Uttar Pradesh,Co 0238,3932.0,Alluvial Soil,7.13,48.8,1221.5,29.8,78.0,Harvest,48.49,51.97
Uttar Pradesh,Co 0238,7645.0,Alluvial Soil,7.4,39.0,1221.5,29.8,68.0,Planting,51.97,41.62
Uttar Pradesh,Co 0238,7609.0,Alluvial Soil,6.88,45.4,1221.5,29.8,78.4,Germination,41.62,47.49
Uttar Pradesh,Co 0238,7085.0,Alluvial Soil,7.28,55.7,1221.5,29.8,64.7,Tillering,47.49,47.97
Uttar Pradesh,Co 0238,6595.0,Alluvial Soil,7.32,41.1,1221.5,29.8,69.4,Grand Growth,47.97,43.53
Uttar Pradesh,Co 0238,4099.0,Sandy Loam,6.75,40.4,1221.5,29.8,64.3,Maturity,43.53,42.31
Uttar Pradesh,Co 0238,4090.0,Alluvial Soil,7.16,54.0,1221.5,29.8,67.3,Harvest,42.31,51.58
Uttar Pradesh,Co 0238,4652.0,Alluvial Soil,6.83,47.7,1221.5,29.8,76.3,Planting,51.58,31.83
Uttar Pradesh,Co 0238,4492.0,Black Soil,6.84,63.9,1221.5,29.8,72.3,Germination,31.83,48.3
Uttar Pradesh,Co 0238,5413.0,Alluvial Soil,7.53,46.3,1221.5,29.8,72.3,Tillering,48.3,40.87
Uttar Pradesh,Co 0238,5891.0,Black Soil,7.25,52.7,1221.5,29.8,69.6,Grand Growth,40.87,38.82
Uttar Pradesh,Co 0238,2391.0,Alluvial Soil,6.69,48.8,1221.5,29.8,67.4,Maturity,38.82,41.16
Uttar Pradesh,Co 0238,2972.0,Alluvial Soil,6.99,46.7,1221.5,29.8,59.7,Harvest,41.16,43.72
Uttar Pradesh,Co 0238,2932.0,Alluvial Soil,7.7,50.7,1221.5,29.8,67.2,Planting,43.72,47.17
Uttar Pradesh,Co 0238,3031.0,Alluvial Soil,6.69,52.3,1221.5,29.8,71.2,Germination,47.17,55.3
Uttar Pradesh,Co 0238,3109.0,Alluvial Soil,7.18,53.8,1221.5,29.8,70.2,Tillering,55.3,54.01
Uttar Pradesh,Co 0238,2819.0,Alluvial Soil,7.1,50.4,1221.5,29.8,70.1,Grand Growth,54.01,49.76
Uttar Pradesh,Co 0238,5236.0,Alluvial Soil,7.59,55.0,1221.5,29.8,66.5,Grand Growth,53.29,53.64
Uttar Pradesh,Co 0238,5778.0,Alluvial Soil,7.25,52.7,1221.5,29.8,56.9,Maturity,53.64,48.84
Uttar Pradesh,Co 0238,8721.0,Alluvial Soil,6.92,44.2,1221.5,29.8,67.8,Harvest,48.84,56.41
Uttar Pradesh,Co 0238,7013.0,Alluvial Soil,7.61,45.0,1221.5,29.8,61.2,Planting,56.41,58.62
Uttar Pradesh,Co 0238,7531.0,Alluvial Soil,7.28,50.0,1221.5,29.8,62.4,Germination,58.62,62.01
Uttar Pradesh,Co 0238,7331.0,Alluvial Soil,6.81,47.9,1221.5,29.8,64.3,Tillering,62.01,55.23
Uttar Pradesh,Co 0238,3183.0,Alluvial Soil,7.49,54.1,1221.5,29.8,68.9,Tillering,45.0,27.85
Uttar Pradesh,Co 0238,2703.0,Alluvial Soil,6.9,47.0,1221.5,29.8,65.7,Grand Growth,27.85,39.62
Uttar Pradesh,Co 0238,3333.0,Alluvial Soil,7.27,45.3,1221.5,29.8,60.3,Maturity,39.62,28.62
Uttar Pradesh,Co 0238,2753.0,Clay Loam,6.52,65.6,1221.5,29.8,67.3,Harvest,28.62,41.39
Uttar Pradesh,Co 0238,2827.0,Alluvial Soil,7.42,52.1,1221.5,29.8,65.8,Planting,41.39,40.16
Uttar Pradesh,Co 0238,2407.0,Alluvial Soil,7.53,53.9,1221.5,29.8,64.0,Germination,40.16,42.44
Uttar Pradesh,Co 0238,2352.0,Alluvial Soil,6.91,44.6,1221.5,29.8,66.0,Tillering,42.44,45.29
Uttar Pradesh,Co 0238,1659.0,Alluvial Soil,7.17,50.8,1221.5,29.8,71.7,Grand Growth,45.29,68.27
Uttar Pradesh,Co 0238,2927.0,Alluvial Soil,6.88,40.4,1221.5,29.8,74.7,Maturity,68.27,37.05
Uttar Pradesh,Co 0238,1832.0,Alluvial Soil,7.37,51.4,1221.5,29.8,69.9,Harvest,37.05,32.88
Uttar Pradesh,Co 0238,1548.0,Alluvial Soil,7.04,43.2,1221.5,29.8,61.8,Planting,32.88,44.6
Uttar Pradesh,Co 0238,1480.0,Alluvial Soil,6.62,50.1,1221.5,29.8,68.3,Germination,44.6,55.27
Uttar Pradesh,Co 0238,484.0,Alluvial Soil,6.45,49.7,1221.5,29.8,76.6,Tillering,55.27,43.55
Uttar Pradesh,Co 0238,1572.0,Alluvial Soil,7.19,47.4,1221.5,29.8,72.3,Grand Growth,43.55,58.34
Uttar Pradesh,Co 0238,1846.0,Alluvial Soil,7.47,45.8,1221.5,29.8,74.1,Maturity,58.34,55.87
Uttar Pradesh,Co 0238,1787.0,Alluvial Soil,7.04,46.9,1221.5,29.8,71.3,Harvest,55.87,61.14
Uttar Pradesh,Co 0238,1401.0,Alluvial Soil,7.43,57.8,1221.5,29.8,58.8,Planting,61.14,68.23
Uttar Pradesh,Co 0238,1439.0,Alluvial Soil,7.39,48.2,1221.5,29.8,72.7,Germination,68.23,65.78
Uttar Pradesh,Co 0238,182084.0,Alluvial Soil,7.12,50.9,1221.5,29.8,65.3,Germination,54.41,56.5
Uttar Pradesh,Co 0238,189213.0,Alluvial Soil,7.91,46.4,1221.5,29.8,64.1,Tillering,56.5,51.85
Uttar Pradesh,Co 0238,189363.0,Alluvial Soil,7.31,33.8,1221.5,29.8,70.9,Grand Growth,51.85,57.69
Uttar Pradesh,Co 0238,191836.0,Clay Loam,6.88,63.5,1221.5,29.8,61.1,Maturity,57.69,50.2
Uttar Pradesh,Co 0238,215963.0,Alluvial Soil,7.0,53.9,1221.5,29.8,56.6,Harvest,50.2,53.25
Uttar Pradesh,Co 0238,224036.0,Alluvial Soil,7.06,45.7,1221.5,29.8,66.3,Planting,53.25,53.59
Uttar Pradesh,Co 0238,219325.0,Alluvial Soil,6.9,49.7,1221.5,29.8,58.0,Germination,53.59,50.04
Uttar Pradesh,Co 0238,211097.0,Alluvial Soil,7.86,50.0,1221.5,29.8,61.9,Tillering,50.04,60.59
Uttar Pradesh,Co 0238,231170.0,Alluvial Soil,6.92,46.4,1221.5,29.8,65.3,Grand Growth,60.59,56.75
Uttar Pradesh,Co 0238,227118.0,Alluvial Soil,7.01,54.3,1221.5,29.8,65.4,Maturity,56.75,59.1
Uttar Pradesh,Co 0238,224650.0,Alluvial Soil,6.7,56.6,1221.5,29.8,67.8,Harvest,59.1,53.16
Uttar Pradesh,Co 0238,215109.0,Alluvial Soil,7.04,52.1,1221.5,29.8,65.7,Planting,53.16,49.57
Uttar Pradesh,Co 0238,213876.0,Alluvial Soil,6.85,56.9,1221.5,29.8,68.6,Germination,49.57,60.14
Uttar Pradesh,Co 0238,232123.0,Black Soil,7.47,59.6,1221.5,29.8,73.4,Tillering,60.14,55.93
Uttar Pradesh,Co 0238,231031.0,Alluvial Soil,7.05,30.0,1221.5,29.8,61.0,Grand Growth,55.93,61.92
Uttar Pradesh,Co 0238,238233.0,Alluvial Soil,7.02,50.7,1221.5,29.8,72.2,Maturity,61.92,60.28
Uttar Pradesh,Co 0238,240036.0,Alluvial Soil,6.96,56.1,1221.5,29.8,65.7,Harvest,60.28,62.66
Uttar Pradesh,Co 0238,268653.0,Alluvial Soil,6.36,51.9,1221.5,29.8,55.2,Planting,62.66,66.1
Uttar Pradesh,Co 0238,74539.0,Alluvial Soil,7.25,40.8,1221.5,29.8,72.0,Planting,58.33,55.42
Uttar Pradesh,Co 0238,73192.0,Alluvial Soil,7.06,48.3,1221.5,29.8,70.8,Germination,55.42,48.22
Uttar Pradesh,Co 0238,73096.0,Sandy Loam,7.5,52.2,1221.5,29.8,60.2,Tillering,48.22,53.64
Uttar Pradesh,Co 0238,69640.0,Alluvial Soil,7.31,49.8,1221.5,29.8,75.0,Grand Growth,53.64,47.7
Uttar Pradesh,Co 0238,74161.0,Alluvial Soil,7.35,50.8,1221.5,29.8,74.9,Maturity,47.7,52.74
Uttar Pradesh,Co 0238,74974.0,Alluvial Soil,6.71,50.9,1221.5,29.8,62.3,Harvest,52.74,52.13
Uttar Pradesh,Co 0238,71161.0,Alluvial Soil,6.98,49.6,1221.5,29.8,73.7,Planting,52.13,50.18
Uttar Pradesh,Co 0238,68437.0,Alluvial Soil,7.72,49.6,1221.5,29.8,74.2,Germination,50.18,53.22
Uttar Pradesh,Co 0238,70771.0,Alluvial Soil,6.7,54.6,1221.5,29.8,65.6,Tillering,53.22,52.7
Uttar Pradesh,Co 0238,74959.0,Alluvial Soil,7.01,47.8,1221.5,29.8,62.7,Grand Growth,52.7,53.91
Uttar Pradesh,Co 0238,72109.0,Alluvial Soil,7.35,50.8,1221.5,29.8,73.1,Maturity,53.91,51.78
Uttar Pradesh,Co 0238,66418.0,Alluvial Soil,6.93,42.8,1221.5,29.8,65.4,Harvest,51.78,48.5
Uttar Pradesh,Co 0238,67018.0,Alluvial Soil,7.26,49.9,1221.5,29.8,71.1,Planting,48.5,52.74
Uttar Pradesh,Co 0238,73143.0,Alluvial Soil,7.21,47.3,1221.5,29.8,72.7,Germination,52.74,51.46
Uttar Pradesh,Co 0238,72231.0,Alluvial Soil,6.42,46.9,1221.5,29.8,61.7,Tillering,51.46,52.04
Uttar Pradesh,Co 0238,70220.0,Alluvial Soil,6.77,57.1,1221.5,29.8,77.1,Grand Growth,52.04,56.82
Uttar Pradesh,Co 0238,99104.0,Alluvial Soil,7.17,55.3,1221.5,29.8,64.3,Maturity,56.82,59.77
Uttar Pradesh,Co 0238,70102.0,Alluvial Soil,7.02,59.3,1221.5,29.8,63.5,Harvest,59.77,60.17
Uttar Pradesh,Co 0238,252.0,Alluvial Soil,6.87,40.2,1221.5,29.8,66.9,Harvest,54.92,52.6
Uttar Pradesh,Co 0238,243.0,Alluvial Soil,6.82,59.5,1221.5,29.8,67.4,Planting,52.6,52.95
Uttar Pradesh,Co 0238,195.0,Alluvial Soil,7.26,55.3,1221.5,29.8,59.6,Germination,52.95,42.94
Uttar Pradesh,Co 0238,191.0,Alluvial Soil,7.38,42.5,1221.5,29.8,67.8,Tillering,42.94,41.72
Uttar Pradesh,Co 0238,170.0,Alluvial Soil,7.0,46.1,1221.5,29.8,72.8,Grand Growth,41.72,46.62
Uttar Pradesh,Co 0238,126.0,Alluvial Soil,7.1,57.3,1221.5,29.8,67.0,Maturity,46.62,45.15
Uttar Pradesh,Co 0238,93.0,Alluvial Soil,6.68,46.0,1221.5,29.8,63.1,Harvest,45.15,49.57
Uttar Pradesh,Co 0238,104.0,Alluvial Soil,7.12,48.5,1221.5,29.8,70.4,Planting,49.57,60.29
Uttar Pradesh,Co 0238,95.0,Alluvial Soil,6.68,54.2,1221.5,29.8,67.5,Germination,60.29,22.47
Uttar Pradesh,Co 0238,398.0,Alluvial Soil,7.13,49.7,1221.5,29.8,57.3,Tillering,22.47,38.53
Uttar Pradesh,Co 0238,148.0,Alluvial Soil,7.05,58.4,1221.5,29.8,72.2,Grand Growth,38.53,19.95
Uttar Pradesh,Co 0238,73.0,Sandy Loam,7.2,47.6,1221.5,29.8,68.9,Maturity,45.0,23.07
Uttar Pradesh,Co 0238,129.0,Alluvial Soil,7.13,50.1,1221.5,29.8,69.7,Harvest,23.07,32.05
Uttar Pradesh,Co 0238,284.0,Alluvial Soil,7.49,51.1,1221.5,29.8,69.8,Planting,32.05,37.68
Uttar Pradesh,Co 0238,199.0,Alluvial Soil,6.92,65.9,1221.5,29.8,62.4,Germination,37.68,40.58
Uttar Pradesh,Co 0238,37.0,Alluvial Soil,7.29,45.1,1221.5,29.8,71.2,Tillering,40.58,37.16
Uttar Pradesh,Co 0238,56.0,Alluvial Soil,7.34,51.6,1221.5,29.8,65.3,Grand Growth,37.16,40.16
Uttar Pradesh,Co 0238,52.0,Alluvial Soil,7.13,43.5,1221.5,29.8,72.0,Maturity,40.16,40.42
Uttar Pradesh,Co 0238,518.0,Red Loam,7.0,63.3,1221.5,29.8,75.8,Maturity,51.1,51.43
Uttar Pradesh,Co 0238,516.0,Alluvial Soil,6.98,62.1,1221.5,29.8,61.8,Harvest,51.43,49.1
Uttar Pradesh,Co 0238,391.0,Alluvial Soil,7.16,47.0,1221.5,29.8,67.4,Planting,49.1,51.04
Uttar Pradesh,Co 0238,488.0,Alluvial Soil,7.16,52.7,1221.5,29.8,71.1,Germination,51.04,56.19
Uttar Pradesh,Co 0238,540.0,Alluvial Soil,7.1,52.1,1221.5,29.8,69.6,Tillering,56.19,52.8
Uttar Pradesh,Co 0238,427.0,Alluvial Soil,6.83,50.6,1221.5,29.8,67.2,Grand Growth,52.8,47.45
Uttar Pradesh,Co 0238,425.0,Alluvial Soil,6.79,49.6,1221.5,29.8,67.7,Maturity,47.45,48.03
Uttar Pradesh,Co 0238,428.0,Alluvial Soil,7.71,46.5,1221.5,29.8,71.6,Harvest,48.03,54.12
Uttar Pradesh,Co 0238,398.0,Alluvial Soil,6.86,49.1,1221.5,29.8,58.0,Planting,54.12,49.44
Uttar Pradesh,Co 0238,428.0,Alluvial Soil,7.33,45.6,1221.5,29.8,67.0,Germination,49.44,56.59
Uttar Pradesh,Co 0238,472.0,Alluvial Soil,7.38,56.6,1221.5,29.8,62.5,Tillering,56.59,54.07
Uttar Pradesh,Co 0238,398.0,Alluvial Soil,7.08,58.8,1221.5,29.8,64.5,Grand Growth,54.07,50.72
Uttar Pradesh,Co 0238,277.0,Alluvial Soil,7.18,50.8,1221.5,29.8,63.7,Maturity,50.72,53.26
Uttar Pradesh,Co 0238,184.0,Sandy Loam,6.73,52.5,1221.5,29.8,80.7,Harvest,53.26,55.37
Uttar Pradesh,Co 0238,174.0,Alluvial Soil,6.72,49.0,1221.5,29.8,74.5,Planting,55.37,55.91
Uttar Pradesh,Co 0238,264.0,Alluvial Soil,7.02,43.7,1221.5,29.8,69.2,Germination,55.91,61.33
Uttar Pradesh,Co 0238,202.0,Alluvial Soil,6.61,58.8,1221.5,29.8,77.1,Tillering,61.33,62.71
Uttar Pradesh,Co 0238,195.0,Alluvial Soil,7.05,49.1,1221.5,29.8,69.9,Grand Growth,62.71,65.91
Uttar Pradesh,Co 0238,19706.0,Alluvial Soil,6.83,49.1,1221.5,29.8,64.4,Grand Growth,58.16,56.16
Uttar Pradesh,Co 0238,18602.0,Alluvial Soil,7.09,49.5,1221.5,29.8,68.6,Maturity,56.16,55.85
Uttar Pradesh,Co 0238,18041.0,Alluvial Soil,6.87,54.3,1221.5,29.8,70.5,Harvest,55.85,55.87
Uttar Pradesh,Co 0238,17444.0,Alluvial Soil,6.78,38.2,1221.5,29.8,66.2,Planting,55.87,47.56
Uttar Pradesh,Co 0238,18186.0,Alluvial Soil,7.71,50.2,1221.5,29.8,72.3,Germination,47.56,58.14
Uttar Pradesh,Co 0238,22684.0,Alluvial Soil,7.35,48.8,1221.5,29.8,76.0,Tillering,58.14,55.9
Uttar Pradesh,Co 0238,20595.0,Alluvial Soil,6.49,37.2,1221.5,29.8,66.7,Grand Growth,55.9,48.55
Uttar Pradesh,Co 0238,17972.0,Alluvial Soil,7.15,49.7,1221.5,29.8,67.1,Maturity,48.55,56.9
Uttar Pradesh,Co 0238,22815.0,Clay Loam,7.02,59.6,1221.5,29.8,69.6,Harvest,56.9,60.02
Uttar Pradesh,Co 0238,22711.0,Alluvial Soil,6.73,44.8,1221.5,29.8,74.0,Planting,60.02,50.35
Uttar Pradesh,Co 0238,19911.0,Alluvial Soil,7.11,61.6,1221.5,29.8,62.3,Germination,50.35,56.1
Uttar Pradesh,Co 0238,19090.0,Alluvial Soil,7.22,52.6,1221.5,29.8,71.6,Tillering,56.1,52.21
Uttar Pradesh,Co 0238,13746.0,Alluvial Soil,6.52,49.3,1221.5,29.8,72.2,Grand Growth,52.21,51.17
Uttar Pradesh,Co 0238,18632.0,Sandy Loam,7.01,53.8,1221.5,29.8,63.8,Maturity,51.17,56.88
Uttar Pradesh,Co 0238,18812.0,Alluvial Soil,7.0,45.1,1221.5,29.8,73.5,Harvest,56.88,59.64
Uttar Pradesh,Co 0238,18611.0,Alluvial Soil,7.14,58.2,1221.5,29.8,66.4,Planting,59.64,60.73
Uttar Pradesh,Co 0238,18510.0,Alluvial Soil,7.35,48.4,1221.5,29.8,76.7,Germination,60.73,61.02
Uttar Pradesh,Co 0238,15932.0,Alluvial Soil,7.22,40.3,1221.5,29.8,65.1,Tillering,61.02,59.76
Uttar Pradesh,Co 0238,1027.0,Alluvial Soil,6.95,54.1,1221.5,29.8,77.1,Tillering,45.0,38.45
Uttar Pradesh,Co 0238,893.0,Alluvial Soil,7.13,48.4,1221.5,29.8,69.0,Grand Growth,38.45,44.58
Uttar Pradesh,Co 0238,991.0,Clay Loam,6.87,68.1,1221.5,29.8,67.1,Maturity,44.58,49.88
Uttar Pradesh,Co 0238,1015.0,Alluvial Soil,7.2,37.0,1221.5,29.8,74.6,Harvest,49.88,43.15
Uttar Pradesh,Co 0238,1014.0,Clay Loam,7.35,59.3,1221.5,29.8,63.8,Planting,43.15,51.67
Uttar Pradesh,Co 0238,1224.0,Alluvial Soil,6.47,48.0,1221.5,29.8,66.9,Germination,51.67,50.55
Uttar Pradesh,Co 0238,1315.0,Alluvial Soil,7.16,47.2,1221.5,29.8,65.2,Tillering,50.55,42.18
Uttar Pradesh,Co 0238,1547.0,Alluvial Soil,7.22,60.3,1221.5,29.8,62.0,Grand Growth,42.18,38.69
Uttar Pradesh,Co 0238,1876.0,Alluvial Soil,7.09,53.2,1221.5,29.8,70.4,Maturity,38.69,31.47
Uttar Pradesh,Co 0238,1869.0,Alluvial Soil,6.85,51.4,1221.5,29.8,67.5,Harvest,31.47,42.66
Uttar Pradesh,Co 0238,2603.0,Alluvial Soil,6.5,48.8,1221.5,29.8,63.3,Planting,42.66,26.42
Uttar Pradesh,Co 0238,1617.0,Black Soil,7.1,53.0,1221.5,29.8,68.3,Germination,26.42,40.74
Uttar Pradesh,Co 0238,1477.0,Red Loam,6.52,48.8,1221.5,29.8,60.8,Tillering,40.74,40.09
Uttar Pradesh,Co 0238,1570.0,Alluvial Soil,6.39,39.0,1221.5,29.8,61.5,Grand Growth,40.09,49.27
Uttar Pradesh,Co 0238,2577.0,Alluvial Soil,7.5,62.6,1221.5,29.8,64.4,Maturity,49.27,48.11
Uttar Pradesh,Co 0238,2487.0,Alluvial Soil,7.16,45.4,1221.5,29.8,65.9,Harvest,48.11,37.15
Uttar Pradesh,Co 0238,3617.0,Alluvial Soil,7.68,42.9,1221.5,29.8,70.1,Planting,37.15,44.67
Uttar Pradesh,Co 0238,2545.0,Alluvial Soil,6.94,42.5,1221.5,29.8,74.9,Germination,44.67,40.44
Uttar Pradesh,Co 0238,499.0,Alluvial Soil,7.44,50.1,1221.5,29.8,75.7,Germination,58.36,55.24
Uttar Pradesh,Co 0238,486.0,Alluvial Soil,7.47,60.5,1221.5,29.8,67.9,Tillering,55.24,55.97
Uttar Pradesh,Co 0238,457.0,Sandy Loam,6.55,57.9,1221.5,29.8,62.1,Grand Growth,55.97,60.39
Uttar Pradesh,Co 0238,436.0,Alluvial Soil,6.99,48.0,1221.5,29.8,53.4,Maturity,60.39,51.63
Uttar Pradesh,Co 0238,524.0,Alluvial Soil,7.03,42.9,1221.5,29.8,70.1,Harvest,51.63,52.42
Uttar Pradesh,Co 0238,420.0,Alluvial Soil,7.17,47.3,1221.5,29.8,62.4,Planting,52.42,54.41
Uttar Pradesh,Co 0238,527.0,Alluvial Soil,7.44,59.2,1221.5,29.8,60.6,Germination,54.41,51.72
Uttar Pradesh,Co 0238,361.0,Alluvial Soil,7.09,45.5,1221.5,29.8,71.4,Tillering,51.72,49.67
Uttar Pradesh,Co 0238,527.0,Alluvial Soil,7.31,52.5,1221.5,29.8,68.2,Grand Growth,49.67,50.38
Uttar Pradesh,Co 0238,361.0,Sandy Loam,7.34,47.9,1221.5,29.8,67.0,Maturity,50.38,53.84
Uttar Pradesh,Co 0238,453.0,Alluvial Soil,6.34,38.8,1221.5,29.8,68.0,Harvest,53.84,52.53
Uttar Pradesh,Co 0238,423.0,Red Loam,6.56,53.9,1221.5,29.8,65.2,Planting,52.53,51.15
Uttar Pradesh,Co 0238,369.0,Alluvial Soil,6.86,59.9,1221.5,29.8,74.9,Germination,51.15,43.2
Uttar Pradesh,Co 0238,430.0,Alluvial Soil,7.52,52.3,1221.5,29.8,62.0,Tillering,43.2,50.9
Uttar Pradesh,Co 0238,529.0,Alluvial Soil,6.93,47.8,1221.5,29.8,57.5,Grand Growth,50.9,47.47
Uttar Pradesh,Co 0238,555.0,Alluvial Soil,6.48,57.2,1221.5,29.8,67.1,Maturity,47.47,45.35
Uttar Pradesh,Co 0238,547.0,Alluvial Soil,7.69,43.7,1221.5,29.8,66.8,Harvest,45.35,47.99
Uttar Pradesh,Co 0238,338.0,Alluvial Soil,6.56,45.7,1221.5,29.8,62.7,Planting,47.99,42.11
Uttar Pradesh,Co 0238,14488.0,Alluvial Soil,6.97,42.4,1221.5,29.8,66.7,Planting,50.04,51.7
Uttar Pradesh,Co 0238,11769.0,Alluvial Soil,7.19,52.0,1221.5,29.8,72.5,Germination,51.7,58.09
Uttar Pradesh,Co 0238,10269.0,Alluvial Soil,7.7,51.1,1221.5,29.8,69.9,Tillering,58.09,64.26
Uttar Pradesh,Co 0238,10454.0,Alluvial Soil,6.59,52.2,1221.5,29.8,69.2,Grand Growth,64.26,47.57
Uttar Pradesh,Co 0238,10576.0,Black Soil,7.52,52.3,1221.5,29.8,54.0,Maturity,47.57,42.53
Uttar Pradesh,Co 0238,9275.0,Alluvial Soil,6.73,44.5,1221.5,29.8,66.1,Harvest,42.53,53.98
Uttar Pradesh,Co 0238,8048.0,Alluvial Soil,7.08,55.1,1221.5,29.8,76.8,Planting,53.98,49.28
Uttar Pradesh,Co 0238,6292.0,Alluvial Soil,7.23,46.6,1221.5,29.8,68.2,Germination,49.28,47.7
Uttar Pradesh,Co 0238,8048.0,Alluvial Soil,7.03,55.2,1221.5,29.8,69.7,Tillering,47.7,45.58
Uttar Pradesh,Co 0238,6292.0,Alluvial Soil,7.22,44.6,1221.5,29.8,63.2,Grand Growth,45.58,44.29
Uttar Pradesh,Co 0238,5910.0,Alluvial Soil,7.64,41.7,1221.5,29.8,65.9,Maturity,44.29,48.46
Uttar Pradesh,Co 0238,5602.0,Alluvial Soil,7.41,47.9,1221.5,29.8,66.5,Harvest,48.46,43.92
Uttar Pradesh,Co 0238,5487.0,Alluvial Soil,7.12,50.2,1221.5,29.8,61.4,Planting,43.92,43.2
Uttar Pradesh,Co 0238,4983.0,Alluvial Soil,6.61,42.0,1221.5,29.8,63.3,Germination,43.2,50.9
Uttar Pradesh,Co 0238,4375.0,Alluvial Soil,6.83,44.9,1221.5,29.8,67.9,Tillering,50.9,47.48
Uttar Pradesh,Co 0238,856.0,Alluvial Soil,7.38,40.1,1221.5,29.8,68.8,Grand Growth,47.48,45.35
Uttar Pradesh,Co 0238,585.0,Alluvial Soil,7.28,41.0,1221.5,29.8,66.5,Maturity,45.35,47.99
Uttar Pradesh,Co 0238,990.0,Sandy Loam,7.42,48.3,1221.5,29.8,65.1,Harvest,47.99,42.11
Uttar Pradesh,Co 0238,11434.0,Clay Loam,6.58,61.8,1221.5,29.8,73.4,Harvest,50.93,48.38
Uttar Pradesh,Co 0238,10402.0,Alluvial Soil,7.4,49.8,1221.5,29.8,58.1,Planting,48.38,35.76
Uttar Pradesh,Co 0238,10166.0,Alluvial Soil,7.29,43.3,1221.5,29.8,67.9,Germination,35.76,41.2
Uttar Pradesh,Co 0238,9474.0,Alluvial Soil,7.19,55.7,1221.5,29.8,65.5,Tillering,41.2,47.0
Uttar Pradesh,Co 0238,9024.0,Alluvial Soil,6.89,58.1,1221.5,29.8,70.1,Grand Growth,47.0,46.72
Uttar Pradesh,Co 0238,9261.0,Sandy Loam,6.57,56.1,1221.5,29.8,71.3,Maturity,46.72,43.28
Uttar Pradesh,Co 0238,8784.0,Alluvial Soil,7.12,53.2,1221.5,29.8,61.6,Harvest,43.28,43.34
Uttar Pradesh,Co 0238,7040.0,Alluvial Soil,7.54,46.1,1221.5,29.8,71.0,Planting,43.34,44.16
Uttar Pradesh,Co 0238,9386.0,Alluvial Soil,7.62,49.9,1221.5,29.8,62.7,Germination,44.16,46.44
Uttar Pradesh,Co 0238,7040.0,Clay Loam,7.07,65.1,1221.5,29.8,67.3,Tillering,46.44,38.28
Uttar Pradesh,Co 0238,6253.0,Alluvial Soil,6.64,46.2,1221.5,29.8,68.5,Grand Growth,38.28,40.9
Uttar Pradesh,Co 0238,7306.0,Alluvial Soil,7.01,50.8,1221.5,29.8,70.7,Maturity,40.9,39.77
Uttar Pradesh,Co 0238,6148.0,Alluvial Soil,6.82,59.6,1221.5,29.8,72.9,Harvest,39.77,41.91
Uttar Pradesh,Co 0238,6873.0,Alluvial Soil,7.46,40.7,1221.5,29.8,67.0,Planting,41.91,43.06
Uttar Pradesh,Co 0238,6973.0,Alluvial Soil,7.07,60.3,1221.5,29.8,71.3,Germination,43.06,44.59
Uttar Pradesh,Co 0238,7161.0,Alluvial Soil,6.72,54.3,1221.5,29.8,71.4,Tillering,44.59,47.87
Uttar Pradesh,Co 0238,6662.0,Alluvial Soil,7.13,52.6,1221.5,29.8,70.2,Grand Growth,47.87,51.22
Uttar Pradesh,Co 0238,6411.0,Alluvial Soil,7.17,49.4,1221.5,29.8,65.4,Maturity,51.22,51.8
Uttar Pradesh,Co 0238,119796.0,Alluvial Soil,7.09,51.3,1221.5,29.8,70.1,Maturity,69.7,67.6
Uttar Pradesh,Co 0238,118335.0,Alluvial Soil,6.47,50.4,1221.5,29.8,62.2,Harvest,67.6,64.79
Uttar Pradesh,Co 0238,119706.0,Alluvial Soil,7.11,50.8,1221.5,29.8,61.7,Planting,64.79,56.88
Uttar Pradesh,Co 0238,120582.0,Alluvial Soil,6.85,52.7,1221.5,29.8,69.7,Germination,56.88,61.78
Uttar Pradesh,Co 0238,122707.0,Clay Loam,6.89,56.8,1221.5,29.8,67.1,Tillering,61.78,64.65
Uttar Pradesh,Co 0238,127563.0,Alluvial Soil,7.21,55.0,1221.5,29.8,67.9,Grand Growth,64.65,62.43
Uttar Pradesh,Co 0238,128721.0,Alluvial Soil,6.55,52.9,1221.5,29.8,65.4,Maturity,62.43,64.5
Uttar Pradesh,Co 0238,128829.0,Alluvial Soil,6.65,44.8,1221.5,29.8,75.6,Harvest,64.5,68.02
Uttar Pradesh,Co 0238,129623.0,Alluvial Soil,7.21,47.8,1221.5,29.8,66.7,Planting,68.02,67.83
Uttar Pradesh,Co 0238,128829.0,Red Loam,6.66,56.9,1221.5,29.8,66.6,Germination,67.83,69.3
Uttar Pradesh,Co 0238,136578.0,Alluvial Soil,7.21,50.8,1221.5,29.8,68.1,Tillering,69.3,69.57
Uttar Pradesh,Co 0238,129457.0,Alluvial Soil,7.02,47.9,1221.5,29.8,72.1,Grand Growth,69.57,63.5
Uttar Pradesh,Co 0238,128483.0,Alluvial Soil,7.1,50.6,1221.5,29.8,63.6,Maturity,63.5,65.61
Uttar Pradesh,Co 0238,129711.0,Alluvial Soil,7.54,49.1,1221.5,29.8,71.3,Harvest,65.61,66.0
Uttar Pradesh,Co 0238,130586.0,Alluvial Soil,7.36,50.7,1221.5,29.8,70.9,Planting,66.0,63.08
Uttar Pradesh,Co 0238,132541.0,Alluvial Soil,6.85,47.3,1221.5,29.8,65.8,Germination,63.08,68.08
Uttar Pradesh,Co 0238,135532.0,Alluvial Soil,6.95,59.1,1221.5,29.8,63.0,Tillering,68.08,71.15
Uttar Pradesh,Co 0238,121109.0,Alluvial Soil,7.03,46.2,1221.5,29.8,69.1,Grand Growth,71.15,78.49
Uttar Pradesh,Co 0238,3011.0,Alluvial Soil,6.81,49.2,1221.5,29.8,71.2,Grand Growth,45.0,43.36
Uttar Pradesh,Co 0238,2684.0,Alluvial Soil,7.52,45.6,1221.5,29.8,70.6,Maturity,43.36,41.31
Uttar Pradesh,Co 0238,2475.0,Alluvial Soil,7.16,62.9,1221.5,29.8,63.3,Harvest,41.31,31.3
Uttar Pradesh,Co 0238,2384.0,Alluvial Soil,7.39,50.5,1221.5,29.8,46.5,Planting,31.3,71.29
Uttar Pradesh,Co 0238,2456.0,Sandy Loam,6.95,45.1,1221.5,29.8,63.1,Germination,71.29,51.95
Uttar Pradesh,Co 0238,1859.0,Alluvial Soil,6.81,47.6,1221.5,29.8,67.5,Tillering,51.95,65.83
Uttar Pradesh,Co 0238,1933.0,Alluvial Soil,7.03,53.2,1221.5,29.8,65.1,Grand Growth,65.83,49.88
Uttar Pradesh,Co 0238,1756.0,Alluvial Soil,7.2,42.6,1221.5,29.8,65.3,Maturity,49.88,43.04
Uttar Pradesh,Co 0238,1885.0,Alluvial Soil,6.8,45.9,1221.5,29.8,63.4,Harvest,43.04,35.35
Uttar Pradesh,Co 0238,1756.0,Alluvial Soil,6.98,54.5,1221.5,29.8,59.7,Planting,35.35,43.3
Uttar Pradesh,Co 0238,1604.0,Alluvial Soil,6.82,44.3,1221.5,29.8,66.4,Germination,43.3,57.21
Uttar Pradesh,Co 0238,678.0,Alluvial Soil,6.79,46.2,1221.5,29.8,69.2,Tillering,57.21,52.32
Uttar Pradesh,Co 0238,1696.0,Alluvial Soil,6.85,56.7,1221.5,29.8,65.3,Grand Growth,52.32,51.04
Uttar Pradesh,Co 0238,1817.0,Clay Loam,7.06,55.7,1221.5,29.8,77.3,Maturity,51.04,53.5
Uttar Pradesh,Co 0238,1697.0,Alluvial Soil,6.54,47.7,1221.5,29.8,68.1,Harvest,53.5,55.65
Uttar Pradesh,Co 0238,1444.0,Alluvial Soil,6.65,49.0,1221.5,29.8,65.0,Planting,55.65,54.24
Uttar Pradesh,Co 0238,1718.0,Alluvial Soil,6.79,42.3,1221.5,29.8,74.2,Germination,54.24,63.75
Uttar Pradesh,Co 0238,1596.0,Alluvial Soil,7.3,45.9,1221.5,29.8,72.5,Tillering,63.75,65.78
Uttar Pradesh,Co 0238,58797.0,Alluvial Soil,6.69,44.0,1221.5,29.8,68.9,Tillering,66.95,65.89
Uttar Pradesh,Co 0238,57258.0,Alluvial Soil,6.87,54.1,1221.5,29.8,62.9,Grand Growth,65.89,66.33
Uttar Pradesh,Co 0238,72143.0,Alluvial Soil,6.88,44.9,1221.5,29.8,69.1,Maturity,66.33,54.21
Uttar Pradesh,Co 0238,66451.0,Alluvial Soil,6.78,52.5,1221.5,29.8,61.7,Harvest,54.21,52.32
Uttar Pradesh,Co 0238,66165.0,Alluvial Soil,6.86,54.5,1221.5,29.8,75.1,Planting,52.32,53.88
Uttar Pradesh,Co 0238,74269.0,Alluvial Soil,6.76,46.3,1221.5,29.8,68.6,Germination,53.88,52.36
Uttar Pradesh,Co 0238,68174.0,Alluvial Soil,6.88,51.5,1221.5,29.8,70.4,Tillering,52.36,52.72
Uttar Pradesh,Co 0238,59559.0,Alluvial Soil,6.6,45.8,1221.5,29.8,74.5,Grand Growth,52.72,63.13
Uttar Pradesh,Co 0238,68437.0,Alluvial Soil,6.87,48.0,1221.5,29.8,69.8,Maturity,63.13,59.69
Uttar Pradesh,Co 0238,77814.0,Alluvial Soil,7.62,46.8,1221.5,29.8,57.6,Harvest,59.69,63.42
Uttar Pradesh,Co 0238,72167.0,Red Loam,6.63,47.0,1221.5,29.8,66.7,Planting,63.42,56.44
Uttar Pradesh,Co 0238,58520.0,Alluvial Soil,7.69,58.9,1221.5,29.8,66.9,Germination,56.44,54.27
Uttar Pradesh,Co 0238,62780.0,Alluvial Soil,7.06,47.1,1221.5,29.8,67.9,Tillering,54.27,56.17
Uttar Pradesh,Co 0238,71306.0,Alluvial Soil,7.38,40.1,1221.5,29.8,74.7,Grand Growth,56.17,51.74
Uttar Pradesh,Co 0238,69975.0,Alluvial Soil,7.27,45.3,1221.5,29.8,69.0,Maturity,51.74,56.1
Uttar Pradesh,Co 0238,53415.0,Alluvial Soil,7.57,49.9,1221.5,29.8,68.2,Harvest,56.1,63.48
Uttar Pradesh,Co 0238,47214.0,Alluvial Soil,7.09,45.8,1221.5,29.8,65.5,Planting,63.48,64.06
Uttar Pradesh,Co 0238,44938.0,Alluvial Soil,7.28,47.0,1221.5,29.8,63.2,Germination,64.06,64.54
Uttar Pradesh,Co 0238,207556.0,Alluvial Soil,6.92,52.5,1221.5,29.8,64.0,Germination,72.21,67.84
Uttar Pradesh,Co 0238,209326.0,Black Soil,7.43,54.0,1221.5,29.8,72.7,Tillering,67.84,68.73
Uttar Pradesh,Co 0238,212099.0,Alluvial Soil,6.48,54.4,1221.5,29.8,69.3,Grand Growth,68.73,63.5
Uttar Pradesh,Co 0238,214102.0,Alluvial Soil,6.74,48.4,1221.5,29.8,70.8,Maturity,63.5,62.8
Uttar Pradesh,Co 0238,218382.0,Alluvial Soil,7.2,48.1,1221.5,29.8,68.0,Harvest,62.8,64.52
Uttar Pradesh,Co 0238,227040.0,Alluvial Soil,7.17,38.0,1221.5,29.8,66.8,Planting,64.52,64.26
Uttar Pradesh,Co 0238,228041.0,Alluvial Soil,6.72,62.2,1221.5,29.8,72.9,Germination,64.26,67.98
Uttar Pradesh,Co 0238,225693.0,Alluvial Soil,7.27,61.5,1221.5,29.8,66.7,Tillering,67.98,70.73
Uttar Pradesh,Co 0238,224740.0,Alluvial Soil,7.05,45.1,1221.5,29.8,70.4,Grand Growth,70.73,67.66
Uttar Pradesh,Co 0238,232610.0,Alluvial Soil,7.45,52.4,1221.5,29.8,68.5,Maturity,67.66,69.16
Uttar Pradesh,Co 0238,230067.0,Alluvial Soil,6.99,55.0,1221.5,29.8,62.5,Harvest,69.16,65.72
Uttar Pradesh,Co 0238,230648.0,Black Soil,7.6,58.8,1221.5,29.8,70.7,Planting,65.72,59.54
Uttar Pradesh,Co 0238,233825.0,Alluvial Soil,6.9,39.1,1221.5,29.8,66.5,Germination,59.54,70.23
Uttar Pradesh,Co 0238,231873.0,Alluvial Soil,7.02,44.4,1221.5,29.8,60.0,Tillering,70.23,62.08
Uttar Pradesh,Co 0238,232053.0,Alluvial Soil,6.88,57.1,1221.5,29.8,62.7,Grand Growth,62.08,66.64
Uttar Pradesh,Co 0238,172512.0,Alluvial Soil,6.67,55.0,1221.5,29.8,64.2,Maturity,66.64,71.42
Uttar Pradesh,Co 0238,172978.0,Alluvial Soil,7.55,47.5,1221.5,29.8,70.3,Harvest,71.42,72.94
Uttar Pradesh,Co 0238,164216.0,Alluvial Soil,7.38,55.4,1221.5,29.8,70.6,Planting,72.94,71.88
Uttar Pradesh,Co 0238,48198.0,Red Loam,5.93,56.9,1221.5,29.8,67.0,Planting,62.01,63.05
Uttar Pradesh,Co 0238,45485.0,Alluvial Soil,7.37,52.0,1221.5,29.8,59.4,Germination,63.05,62.28
Uttar Pradesh,Co 0238,43328.0,Sandy Loam,6.75,52.5,1221.5,29.8,70.4,Tillering,62.28,61.78
Uttar Pradesh,Co 0238,43675.0,Alluvial Soil,7.34,59.4,1221.5,29.8,74.7,Grand Growth,61.78,55.72
Uttar Pradesh,Co 0238,49713.0,Alluvial Soil,7.09,47.7,1221.5,29.8,71.1,Maturity,55.72,61.09
Uttar Pradesh,Co 0238,57731.0,Alluvial Soil,6.83,54.7,1221.5,29.8,59.7,Harvest,61.09,57.54
Uttar Pradesh,Co 0238,48994.0,Alluvial Soil,6.61,44.5,1221.5,29.8,66.3,Planting,57.54,48.92
Uttar Pradesh,Co 0238,44817.0,Alluvial Soil,7.0,53.8,1221.5,29.8,65.3,Germination,48.92,62.09
Uttar Pradesh,Co 0238,52083.0,Alluvial Soil,6.93,50.1,1221.5,29.8,69.2,Tillering,62.09,57.8
Uttar Pradesh,Co 0238,61177.0,Alluvial Soil,6.99,46.6,1221.5,29.8,58.8,Grand Growth,57.8,63.05
Uttar Pradesh,Co 0238,73023.0,Alluvial Soil,7.91,56.2,1221.5,29.8,70.6,Maturity,63.05,56.1
Uttar Pradesh,Co 0238,61556.0,Alluvial Soil,7.28,59.1,1221.5,29.8,65.9,Harvest,56.1,52.06
Uttar Pradesh,Co 0238,50456.0,Alluvial Soil,7.17,50.5,1221.5,29.8,68.5,Planting,52.06,65.58
Uttar Pradesh,Co 0238,56183.0,Alluvial Soil,6.77,51.6,1221.5,29.8,78.4,Germination,65.58,60.1
Uttar Pradesh,Co 0238,55543.0,Alluvial Soil,6.93,49.4,1221.5,29.8,65.6,Tillering,60.1,64.37
Uttar Pradesh,Co 0238,55380.0,Alluvial Soil,6.58,51.0,1221.5,29.8,59.4,Grand Growth,64.37,65.66
Uttar Pradesh,Co 0238,74784.0,Alluvial Soil,6.74,45.8,1221.5,29.8,76.7,Maturity,65.66,59.25
Uttar Pradesh,Co 0238,93620.0,Alluvial Soil,7.28,40.4,1221.5,29.8,78.0,Harvest,59.25,69.44
Uttar Pradesh,Co 0238,2051.0,Alluvial Soil,6.94,50.4,1221.5,29.8,67.2,Tillering,55.85,52.13
Uttar Pradesh,Co 0238,2280.0,Alluvial Soil,7.0,49.4,1221.5,29.8,64.0,Grand Growth,52.13,36.32
Uttar Pradesh,Co 0238,2108.0,Alluvial Soil,7.43,54.6,1221.5,29.8,65.8,Maturity,36.32,56.26
Uttar Pradesh,Co 0238,2094.0,Alluvial Soil,7.57,49.8,1221.5,29.8,69.0,Harvest,56.26,47.62
Uttar Pradesh,Co 0238,2115.0,Alluvial Soil,7.2,47.6,1221.5,29.8,64.5,Planting,47.62,39.01
Uttar Pradesh,Co 0238,1272.0,Alluvial Soil,7.48,65.2,1221.5,29.8,70.3,Germination,39.01,43.02
Uttar Pradesh,Co 0238,1571.0,Alluvial Soil,7.39,55.6,1221.5,29.8,56.2,Tillering,43.02,41.88
Uttar Pradesh,Co 0238,1221.0,Alluvial Soil,7.84,48.9,1221.5,29.8,67.2,Grand Growth,41.88,54.59
Uttar Pradesh,Co 0238,827.0,Alluvial Soil,7.29,60.4,1221.5,29.8,68.6,Maturity,54.59,33.97
Uttar Pradesh,Co 0238,1221.0,Alluvial Soil,7.44,45.4,1221.5,29.8,70.3,Harvest,33.97,45.16
Uttar Pradesh,Co 0238,1136.0,Alluvial Soil,7.02,50.7,1221.5,29.8,67.2,Planting,45.16,44.6
Uttar Pradesh,Co 0238,1158.0,Black Soil,7.21,65.0,1221.5,29.8,67.9,Germination,44.6,55.27
Uttar Pradesh,Co 0238,1081.0,Alluvial Soil,7.25,52.0,1221.5,29.8,65.4,Tillering,55.27,43.55
Uttar Pradesh,Co 0238,946.0,Alluvial Soil,7.1,44.3,1221.5,29.8,58.7,Grand Growth,43.55,58.34
Uttar Pradesh,Co 0238,1084.0,Alluvial Soil,7.53,43.6,1221.5,29.8,73.4,Maturity,58.34,55.87
Uttar Pradesh,Co 0238,1039.0,Alluvial Soil,6.67,45.3,1221.5,29.8,69.2,Harvest,55.87,61.14
Uttar Pradesh,Co 0238,1000.0,Sandy Loam,6.86,39.0,1221.5,29.8,65.3,Planting,61.14,68.23
Uttar Pradesh,Co 0238,846.0,Alluvial Soil,7.1,48.6,1221.5,29.8,73.8,Germination,68.23,65.78
Uttar Pradesh,Co 0238,4404.0,Alluvial Soil,7.02,59.1,1221.5,29.8,73.3,Germination,47.87,44.61
Uttar Pradesh,Co 0238,4632.0,Alluvial Soil,7.02,58.3,1221.5,29.8,72.5,Tillering,44.61,54.5
Uttar Pradesh,Co 0238,4483.0,Alluvial Soil,7.3,45.5,1221.5,29.8,75.3,Grand Growth,54.5,50.63
Uttar Pradesh,Co 0238,4487.0,Alluvial Soil,7.28,51.9,1221.5,29.8,63.4,Maturity,50.63,47.88
Uttar Pradesh,Co 0238,5078.0,Alluvial Soil,6.98,52.3,1221.5,29.8,63.3,Harvest,47.88,48.66
Uttar Pradesh,Co 0238,5177.0,Alluvial Soil,7.03,46.0,1221.5,29.8,61.0,Planting,48.66,38.78
Uttar Pradesh,Co 0238,4873.0,Alluvial Soil,6.89,46.0,1221.5,29.8,60.0,Germination,38.78,37.64
Uttar Pradesh,Co 0238,4883.0,Alluvial Soil,7.21,40.9,1221.5,29.8,60.2,Tillering,37.64,48.37
Uttar Pradesh,Co 0238,4241.0,Alluvial Soil,6.98,41.6,1221.5,29.8,63.6,Grand Growth,48.37,47.12
Uttar Pradesh,Co 0238,6532.0,Black Soil,8.05,61.5,1221.5,29.8,83.3,Maturity,47.12,36.4
Uttar Pradesh,Co 0238,4971.0,Alluvial Soil,6.69,54.8,1221.5,29.8,66.5,Harvest,36.4,38.98
Uttar Pradesh,Co 0238,3398.0,Alluvial Soil,7.37,56.5,1221.5,29.8,69.3,Planting,38.98,34.52
Uttar Pradesh,Co 0238,2977.0,Alluvial Soil,6.74,53.9,1221.5,29.8,70.9,Germination,34.52,29.85
Uttar Pradesh,Co 0238,2246.0,Red Loam,6.34,56.7,1221.5,29.8,71.0,Tillering,29.85,44.23
Uttar Pradesh,Co 0238,2169.0,Alluvial Soil,7.53,48.5,1221.5,29.8,60.4,Grand Growth,44.23,51.4
Uttar Pradesh,Co 0238,2295.0,Alluvial Soil,6.83,51.3,1221.5,29.8,59.0,Maturity,51.4,51.53
Uttar Pradesh,Co 0238,2146.0,Alluvial Soil,7.0,45.6,1221.5,29.8,74.7,Harvest,51.53,53.21
Uttar Pradesh,Co 0238,2306.0,Black Soil,7.16,55.4,1221.5,29.8,69.0,Planting,53.21,54.34
Uttar Pradesh,Co 0238,25408.0,Alluvial Soil,7.08,45.4,1221.5,29.8,66.8,Planting,59.59,60.41
Uttar Pradesh,Co 0238,24675.0,Alluvial Soil,7.41,50.7,1221.5,29.8,68.7,Germination,60.41,61.76
Uttar Pradesh,Co 0238,24380.0,Alluvial Soil,6.56,52.7,1221.5,29.8,61.1,Tillering,61.76,61.93
Uttar Pradesh,Co 0238,21210.0,Alluvial Soil,7.12,50.5,1221.5,29.8,62.0,Grand Growth,61.93,58.18
Uttar Pradesh,Co 0238,23820.0,Red Loam,6.22,45.9,1221.5,29.8,77.9,Maturity,58.18,60.22
Uttar Pradesh,Co 0238,22714.0,Red Loam,6.88,57.2,1221.5,29.8,65.3,Harvest,60.22,60.8
Uttar Pradesh,Co 0238,21101.0,Alluvial Soil,7.49,51.7,1221.5,29.8,61.5,Planting,60.8,57.06
Uttar Pradesh,Co 0238,17457.0,Alluvial Soil,7.29,59.5,1221.5,29.8,67.4,Germination,57.06,65.37
Uttar Pradesh,Co 0238,22385.0,Alluvial Soil,7.25,42.9,1221.5,29.8,72.9,Tillering,65.37,57.7
Uttar Pradesh,Co 0238,17457.0,Alluvial Soil,6.82,48.2,1221.5,29.8,69.1,Grand Growth,57.7,61.05
Uttar Pradesh,Co 0238,18562.0,Alluvial Soil,7.02,49.1,1221.5,29.8,66.9,Maturity,61.05,59.12
Uttar Pradesh,Co 0238,24001.0,Alluvial Soil,7.03,55.8,1221.5,29.8,66.3,Harvest,59.12,50.78
Uttar Pradesh,Co 0238,19403.0,Alluvial Soil,7.26,46.7,1221.5,29.8,65.2,Planting,50.78,55.62
Uttar Pradesh,Co 0238,24643.0,Alluvial Soil,7.48,51.5,1221.5,29.8,66.8,Germination,55.62,52.83
Uttar Pradesh,Co 0238,23487.0,Alluvial Soil,7.55,54.5,1221.5,29.8,66.4,Tillering,52.83,58.18
Uttar Pradesh,Co 0238,24650.0,Alluvial Soil,7.09,40.1,1221.5,29.8,65.1,Grand Growth,58.18,58.8
Uttar Pradesh,Co 0238,22271.0,Alluvial Soil,7.1,41.6,1221.5,29.8,65.5,Maturity,58.8,62.38
Uttar Pradesh,Co 0238,28625.0,Alluvial Soil,7.25,54.7,1221.5,29.8,68.7,Harvest,62.38,62.34
Uttar Pradesh,Co 0238,113902.0,Alluvial Soil,7.03,32.2,1221.5,29.8,66.2,Harvest,65.88,66.27
Uttar Pradesh,Co 0238,114027.0,Alluvial Soil,6.73,43.5,1221.5,29.8,73.9,Planting,66.27,65.31
Uttar Pradesh,Co 0238,117551.0,Alluvial Soil,7.0,41.5,1221.5,29.8,69.4,Germination,65.31,62.17
Uttar Pradesh,Co 0238,123149.0,Alluvial Soil,6.98,47.3,1221.5,29.8,55.9,Tillering,62.17,57.27
Uttar Pradesh,Co 0238,131558.0,Alluvial Soil,7.43,51.3,1221.5,29.8,66.2,Grand Growth,57.27,55.86
Uttar Pradesh,Co 0238,135765.0,Alluvial Soil,7.0,48.3,1221.5,29.8,70.6,Maturity,55.86,57.74
Uttar Pradesh,Co 0238,133770.0,Alluvial Soil,6.81,52.6,1221.5,29.8,60.0,Harvest,57.74,61.3
Uttar Pradesh,Co 0238,127284.0,Alluvial Soil,7.15,35.2,1221.5,29.8,57.5,Planting,61.3,63.6
Uttar Pradesh,Co 0238,140825.0,Alluvial Soil,6.82,54.6,1221.5,29.8,68.7,Germination,63.6,61.89
Uttar Pradesh,Co 0238,137615.0,Alluvial Soil,7.18,52.4,1221.5,29.8,72.4,Tillering,61.89,63.16
Uttar Pradesh,Co 0238,132262.0,Alluvial Soil,7.66,48.8,1221.5,29.8,80.6,Grand Growth,63.16,63.27
Uttar Pradesh,Co 0238,125345.0,Alluvial Soil,6.82,48.7,1221.5,29.8,75.0,Maturity,63.27,54.7
Uttar Pradesh,Co 0238,128136.0,Alluvial Soil,7.3,48.2,1221.5,29.8,71.4,Harvest,54.7,62.66
Uttar Pradesh,Co 0238,142703.0,Alluvial Soil,7.34,58.6,1221.5,29.8,69.9,Planting,62.66,60.87
Uttar Pradesh,Co 0238,139043.0,Alluvial Soil,6.71,47.4,1221.5,29.8,65.6,Germination,60.87,57.02
Uttar Pradesh,Co 0238,137383.0,Alluvial Soil,6.93,59.1,1221.5,29.8,60.6,Tillering,57.02,62.29
Uttar Pradesh,Co 0238,136450.0,Alluvial Soil,7.44,45.5,1221.5,29.8,63.2,Grand Growth,62.29,61.8
Uttar Pradesh,Co 0238,124052.0,Alluvial Soil,6.42,51.7,1221.5,29.8,66.4,Maturity,61.8,65.86
Uttar Pradesh,Co 0238,29444.0,Alluvial Soil,7.0,48.7,1221.5,29.8,57.8,Maturity,62.55,59.56
Uttar Pradesh,Co 0238,28638.0,Alluvial Soil,7.68,46.6,1221.5,29.8,73.9,Harvest,59.56,61.53
Uttar Pradesh,Co 0238,28914.0,Alluvial Soil,7.16,52.6,1221.5,29.8,67.5,Planting,61.53,63.4
Uttar Pradesh,Co 0238,4645.0,Alluvial Soil,7.21,47.6,1221.5,29.8,70.0,Grand Growth,64.97,61.06
Uttar Pradesh,Co 0238,4656.0,Alluvial Soil,7.48,49.4,1221.5,29.8,73.1,Maturity,61.06,52.15
Uttar Pradesh,Co 0238,4959.0,Alluvial Soil,7.55,50.8,1221.5,29.8,62.7,Harvest,52.15,55.11
Uttar Pradesh,Co 0238,3665.0,Alluvial Soil,7.25,59.3,1221.5,29.8,49.2,Planting,55.11,52.62
Uttar Pradesh,Co 0238,3933.0,Alluvial Soil,7.44,58.8,1221.5,29.8,69.2,Germination,52.62,60.67
Uttar Pradesh,Co 0238,4022.0,Alluvial Soil,6.8,47.7,1221.5,29.8,63.4,Tillering,60.67,57.71
Uttar Pradesh,Co 0238,3881.0,Alluvial Soil,7.48,59.0,1221.5,29.8,67.7,Grand Growth,57.71,49.14
Uttar Pradesh,Co 0238,3937.0,Sandy Loam,7.26,43.9,1221.5,29.8,65.8,Maturity,49.14,55.51
Uttar Pradesh,Co 0238,4031.0,Alluvial Soil,6.84,56.9,1221.5,29.8,77.5,Harvest,55.51,57.81
Uttar Pradesh,Co 0238,4475.0,Alluvial Soil,7.15,45.9,1221.5,29.8,72.0,Planting,57.81,53.12
Uttar Pradesh,Co 0238,3994.0,Alluvial Soil,7.48,48.9,1221.5,29.8,66.2,Germination,53.12,51.69
Uttar Pradesh,Co 0238,3355.0,Alluvial Soil,7.27,52.4,1221.5,29.8,61.3,Tillering,51.69,46.34
Uttar Pradesh,Co 0238,3790.0,Black Soil,7.56,72.5,1221.5,29.8,64.4,Grand Growth,46.34,50.97
Uttar Pradesh,Co 0238,3877.0,Alluvial Soil,6.76,48.5,1221.5,29.8,70.2,Maturity,50.97,52.51
Uttar Pradesh,Co 0238,3737.0,Alluvial Soil,6.2,62.2,1221.5,29.8,68.3,Harvest,52.51,56.08
Uttar Pradesh,Co 0238,3981.0,Alluvial Soil,7.29,39.9,1221.5,29.8,61.7,Planting,56.08,60.34
Uttar Pradesh,Co 0238,3031.0,Alluvial Soil,7.47,58.7,1221.5,29.8,74.5,Germination,60.34,61.56
Uttar Pradesh,Co 0238,3606.0,Alluvial Soil,7.19,47.8,1221.5,29.8,63.7,Tillering,61.56,62.72
Uttar Pradesh,Co 0238,2079.0,Alluvial Soil,6.62,57.5,1221.5,29.8,67.2,Tillering,45.06,43.36
Uttar Pradesh,Co 0238,2078.0,Alluvial Soil,7.08,52.0,1221.5,29.8,72.1,Grand Growth,43.36,41.31
Uttar Pradesh,Co 0238,1993.0,Alluvial Soil,7.35,47.4,1221.5,29.8,63.2,Maturity,41.31,31.3
Uttar Pradesh,Co 0238,1544.0,Alluvial Soil,7.11,57.2,1221.5,29.8,69.0,Harvest,31.3,36.03
Uttar Pradesh,Co 0238,1549.0,Alluvial Soil,7.34,39.2,1221.5,29.8,62.7,Planting,36.03,31.3
Uttar Pradesh,Co 0238,1213.0,Alluvial Soil,6.96,59.6,1221.5,29.8,70.6,Germination,31.3,34.84
Uttar Pradesh,Co 0238,1080.0,Alluvial Soil,7.04,50.0,1221.5,29.8,61.6,Tillering,34.84,35.74
Uttar Pradesh,Co 0238,1079.0,Alluvial Soil,6.87,47.1,1221.5,29.8,71.2,Grand Growth,35.74,43.04
Uttar Pradesh,Co 0238,1197.0,Alluvial Soil,7.38,49.1,1221.5,29.8,72.7,Maturity,43.04,35.35
Uttar Pradesh,Co 0238,1223.0,Alluvial Soil,7.45,46.1,1221.5,29.8,60.8,Harvest,35.35,43.3
Uttar Pradesh,Co 0238,977.0,Alluvial Soil,7.04,46.6,1221.5,29.8,67.8,Planting,43.3,57.21
Uttar Pradesh,Co 0238,785.0,Alluvial Soil,7.04,51.0,1221.5,29.8,65.1,Germination,57.21,52.32
Uttar Pradesh,Co 0238,938.0,Alluvial Soil,6.74,49.2,1221.5,29.8,71.4,Tillering,52.32,51.04
Uttar Pradesh,Co 0238,1084.0,Alluvial Soil,6.87,46.5,1221.5,29.8,71.9,Grand Growth,51.04,53.5
Uttar Pradesh,Co 0238,1043.0,Alluvial Soil,6.26,46.5,1221.5,29.8,64.9,Maturity,53.5,55.65
Uttar Pradesh,Co 0238,1003.0,Alluvial Soil,7.01,38.0,1221.5,29.8,59.2,Harvest,55.65,54.24
Uttar Pradesh,Co 0238,946.0,Red Loam,6.53,42.6,1221.5,29.8,66.1,Planting,54.24,63.75
Uttar Pradesh,Co 0238,1100.0,Alluvial Soil,6.76,39.5,1221.5,29.8,68.7,Germination,63.75,65.78
Uttar Pradesh,Co 0238,46691.0,Alluvial Soil,7.13,56.5,1221.5,29.8,65.4,Germination,59.53,60.67
Uttar Pradesh,Co 0238,49925.0,Alluvial Soil,7.15,39.5,1221.5,29.8,63.4,Tillering,60.67,57.61
Uttar Pradesh,Co 0238,52941.0,Alluvial Soil,7.64,53.8,1221.5,29.8,67.2,Grand Growth,57.61,56.03
Uttar Pradesh,Co 0238,51148.0,Alluvial Soil,7.64,43.0,1221.5,29.8,67.5,Maturity,56.03,51.78
Uttar Pradesh,Co 0238,48261.0,Alluvial Soil,7.3,52.4,1221.5,29.8,72.8,Harvest,51.78,51.45
Uttar Pradesh,Co 0238,51226.0,Alluvial Soil,6.85,58.3,1221.5,29.8,68.8,Planting,51.45,51.86
Uttar Pradesh,Co 0238,45657.0,Alluvial Soil,6.38,43.6,1221.5,29.8,66.6,Germination,51.86,51.65
Uttar Pradesh,Co 0238,38905.0,Alluvial Soil,7.41,40.8,1221.5,29.8,63.9,Tillering,51.65,59.86
Uttar Pradesh,Co 0238,49860.0,Alluvial Soil,7.44,49.4,1221.5,29.8,70.8,Grand Growth,59.86,59.38
Uttar Pradesh,Co 0238,50232.0,Alluvial Soil,7.19,45.6,1221.5,29.8,70.7,Maturity,59.38,56.91
Uttar Pradesh,Co 0238,41285.0,Alluvial Soil,6.52,51.6,1221.5,29.8,71.1,Harvest,56.91,52.88
Uttar Pradesh,Co 0238,37629.0,Alluvial Soil,7.0,60.2,1221.5,29.8,67.0,Planting,52.88,52.76
Uttar Pradesh,Co 0238,38892.0,Alluvial Soil,7.01,48.5,1221.5,29.8,59.9,Germination,52.76,57.03
Uttar Pradesh,Co 0238,45579.0,Alluvial Soil,7.14,47.1,1221.5,29.8,65.8,Tillering,57.03,56.32
Uttar Pradesh,Co 0238,41556.0,Clay Loam,6.87,47.5,1221.5,29.8,63.2,Grand Growth,56.32,59.17
Uttar Pradesh,Co 0238,46086.0,Alluvial Soil,7.16,51.4,1221.5,29.8,65.3,Maturity,59.17,61.4
Uttar Pradesh,Co 0238,40137.0,Alluvial Soil,7.17,47.9,1221.5,29.8,63.3,Harvest,61.4,60.91
Uttar Pradesh,Co 0238,42195.0,Alluvial Soil,6.81,48.8,1221.5,29.8,70.0,Planting,60.91,67.56
Uttar Pradesh,Co 0238,65987.0,Alluvial Soil,6.86,43.3,1221.5,29.8,67.0,Planting,76.34,71.06
Uttar Pradesh,Co 0238,65837.0,Red Loam,6.8,48.6,1221.5,29.8,74.1,Germination,71.06,76.63
Uttar Pradesh,Co 0238,62990.0,Black Soil,7.22,56.9,1221.5,29.8,67.1,Tillering,76.63,78.84
Uttar Pradesh,Co 0238,1561.0,Black Soil,7.1,64.7,1221.5,29.8,67.2,Harvest,49.04,48.83
Uttar Pradesh,Co 0238,1686.0,Clay Loam,7.17,61.5,1221.5,29.8,70.1,Planting,48.83,48.76
Uttar Pradesh,Co 0238,2322.0,Alluvial Soil,7.02,50.3,1221.5,29.8,72.2,Germination,48.76,52.25
Uttar Pradesh,Co 0238,3041.0,Alluvial Soil,6.51,54.9,1221.5,29.8,67.1,Tillering,52.25,53.36
Uttar Pradesh,Co 0238,3055.0,Alluvial Soil,6.72,49.5,1221.5,29.8,71.2,Grand Growth,53.36,52.28
Uttar Pradesh,Co 0238,3063.0,Alluvial Soil,6.82,51.5,1221.5,29.8,66.1,Maturity,52.28,52.85
Uttar Pradesh,Co 0238,2799.0,Alluvial Soil,6.85,54.2,1221.5,29.8,63.1,Harvest,52.85,50.73
Uttar Pradesh,Co 0238,2452.0,Alluvial Soil,6.6,47.5,1221.5,29.8,61.1,Planting,50.73,51.75
Uttar Pradesh,Co 0238,3721.0,Clay Loam,6.82,58.1,1221.5,29.8,69.1,Germination,51.75,50.07
Uttar Pradesh,Co 0238,3459.0,Alluvial Soil,7.48,54.4,1221.5,29.8,71.3,Tillering,50.07,59.12
Uttar Pradesh,Co 0238,2731.0,Alluvial Soil,7.25,53.0,1221.5,29.8,54.2,Grand Growth,59.12,48.9
Uttar Pradesh,Co 0238,2809.0,Alluvial Soil,7.34,45.6,1221.5,29.8,60.6,Maturity,48.9,40.81
Uttar Pradesh,Co 0238,8233.0,Alluvial Soil,7.14,49.6,1221.5,29.8,66.7,Harvest,40.81,49.28
Uttar Pradesh,Co 0238,6436.0,Alluvial Soil,7.14,50.4,1221.5,29.8,69.5,Planting,49.28,52.65
Uttar Pradesh,Co 0238,6838.0,Alluvial Soil,6.42,39.5,1221.5,29.8,73.0,Germination,52.65,57.55
Uttar Pradesh,Co 0238,7126.0,Alluvial Soil,7.19,51.0,1221.5,29.8,63.9,Tillering,57.55,55.35
Uttar Pradesh,Co 0238,8308.0,Alluvial Soil,7.3,45.7,1221.5,29.8,69.2,Grand Growth,55.35,54.63
Uttar Pradesh,Co 0238,7179.0,Alluvial Soil,7.07,44.2,1221.5,29.8,69.3,Maturity,54.63,52.86
Uttar Pradesh,Co 0238,3968.0,Alluvial Soil,6.89,49.8,1221.5,29.8,66.4,Maturity,57.58,61.06
Uttar Pradesh,Co 0238,3068.0,Alluvial Soil,7.12,51.0,1221.5,29.8,57.6,Harvest,61.06,52.15
Uttar Pradesh,Co 0238,3227.0,Sandy Loam,7.27,43.8,1221.5,29.8,69.0,Planting,52.15,55.11
Uttar Pradesh,Co 0238,3327.0,Sandy Loam,6.76,53.2,1221.5,29.8,60.7,Germination,55.11,47.05
Uttar Pradesh,Co 0238,3117.0,Alluvial Soil,7.36,49.0,1221.5,29.8,70.6,Tillering,47.05,49.95
Uttar Pradesh,Co 0238,3074.0,Alluvial Soil,7.05,37.6,1221.5,29.8,73.2,Grand Growth,49.95,44.26
Uttar Pradesh,Co 0238,4749.0,Alluvial Soil,7.3,51.7,1221.5,29.8,70.4,Maturity,44.26,55.7
Uttar Pradesh,Co 0238,5069.0,Alluvial Soil,6.57,51.1,1221.5,29.8,68.6,Harvest,55.7,55.51
Uttar Pradesh,Co 0238,4749.0,Alluvial Soil,6.85,56.7,1221.5,29.8,68.2,Planting,55.51,57.81
Uttar Pradesh,Co 0238,5069.0,Alluvial Soil,7.45,55.3,1221.5,29.8,65.9,Germination,57.81,53.12
Uttar Pradesh,Co 0238,4024.0,Alluvial Soil,7.2,48.9,1221.5,29.8,64.8,Tillering,53.12,51.69
Uttar Pradesh,Co 0238,2249.0,Alluvial Soil,6.89,54.1,1221.5,29.8,78.2,Grand Growth,51.69,46.34
Uttar Pradesh,Co 0238,2577.0,Black Soil,7.33,72.3,1221.5,29.8,67.8,Maturity,46.34,50.97
Uttar Pradesh,Co 0238,2343.0,Alluvial Soil,6.54,49.1,1221.5,29.8,65.0,Harvest,50.97,52.51
Uttar Pradesh,Co 0238,2217.0,Alluvial Soil,7.47,62.7,1221.5,29.8,70.3,Planting,52.51,56.08
Uttar Pradesh,Co 0238,2231.0,Alluvial Soil,7.34,47.5,1221.5,29.8,68.5,Germination,56.08,60.34
Uttar Pradesh,Co 0238,2114.0,Alluvial Soil,6.89,38.0,1221.5,29.8,68.7,Tillering,60.34,61.56
Uttar Pradesh,Co 0238,2377.0,Alluvial Soil,7.01,55.2,1221.5,29.8,75.6,Grand Growth,61.56,62.72
Uttar Pradesh,Co 0238,84364.0,Alluvial Soil,7.02,48.1,1221.5,29.8,67.1,Grand Growth,49.41,49.84
Uttar Pradesh,Co 0238,84044.0,Alluvial Soil,7.3,43.1,1221.5,29.8,61.7,Maturity,49.84,53.34
Uttar Pradesh,Co 0238,95830.0,Alluvial Soil,7.13,51.0,1221.5,29.8,70.0,Harvest,53.34,54.78
Uttar Pradesh,Co 0238,94889.0,Alluvial Soil,6.83,46.0,1221.5,29.8,72.4,Planting,54.78,52.76
Uttar Pradesh,Co 0238,112345.0,Alluvial Soil,6.88,50.9,1221.5,29.8,71.5,Germination,52.76,56.5
Uttar Pradesh,Co 0238,128516.0,Alluvial Soil,6.98,44.6,1221.5,29.8,71.0,Tillering,56.5,49.78
Uttar Pradesh,Co 0238,122227.0,Alluvial Soil,7.31,53.9,1221.5,29.8,67.3,Grand Growth,49.78,46.56
Uttar Pradesh,Co 0238,110205.0,Alluvial Soil,7.19,47.9,1221.5,29.8,64.4,Maturity,46.56,55.35
Uttar Pradesh,Co 0238,125376.0,Alluvial Soil,7.14,51.4,1221.5,29.8,75.5,Harvest,55.35,53.79
Uttar Pradesh,Co 0238,137821.0,Alluvial Soil,7.54,50.0,1221.5,29.8,80.1,Planting,53.79,55.48
Uttar Pradesh,Co 0238,122295.0,Alluvial Soil,6.9,43.7,1221.5,29.8,63.1,Germination,55.48,52.1
Uttar Pradesh,Co 0238,125569.0,Alluvial Soil,7.21,43.9,1221.5,29.8,58.1,Tillering,52.1,44.29
Uttar Pradesh,Co 0238,112607.0,Alluvial Soil,6.39,47.9,1221.5,29.8,68.0,Grand Growth,44.29,54.3
Uttar Pradesh,Co 0238,120267.0,Alluvial Soil,7.37,54.5,1221.5,29.8,59.9,Maturity,54.3,50.43
Uttar Pradesh,Co 0238,118735.0,Alluvial Soil,7.05,54.0,1221.5,29.8,66.1,Harvest,50.43,56.5
Uttar Pradesh,Co 0238,133669.0,Clay Loam,7.04,64.4,1221.5,29.8,61.6,Planting,56.5,63.16
Uttar Pradesh,Co 0238,144143.0,Alluvial Soil,7.33,45.7,1221.5,29.8,72.7,Germination,63.16,64.68
Uttar Pradesh,Co 0238,148655.0,Alluvial Soil,7.47,49.5,1221.5,29.8,68.1,Tillering,64.68,66.62
Uttar Pradesh,Co 0238,322.0,Clay Loam,6.94,63.0,1221.5,29.8,67.9,Tillering,45.0,43.36
Uttar Pradesh,Co 0238,346.0,Alluvial Soil,6.65,44.6,1221.5,29.8,74.8,Grand Growth,43.36,41.31
Uttar Pradesh,Co 0238,357.0,Alluvial Soil,7.7,51.5,1221.5,29.8,69.4,Maturity,41.31,31.3
Uttar Pradesh,Co 0238,352.0,Alluvial Soil,6.81,43.3,1221.5,29.8,66.0,Harvest,31.3,57.42
Uttar Pradesh,Co 0238,350.0,Alluvial Soil,7.76,51.1,1221.5,29.8,64.4,Planting,57.42,43.97
Uttar Pradesh,Co 0238,271.0,Alluvial Soil,7.17,48.9,1221.5,29.8,78.7,Germination,43.97,53.59
Uttar Pradesh,Co 0238,384.0,Alluvial Soil,7.07,54.3,1221.5,29.8,70.6,Tillering,53.59,35.74
Uttar Pradesh,Co 0238,235.0,Alluvial Soil,7.03,48.8,1221.5,29.8,67.7,Grand Growth,35.74,43.04
Uttar Pradesh,Co 0238,414.0,Alluvial Soil,6.69,44.6,1221.5,29.8,64.4,Maturity,43.04,35.35
Uttar Pradesh,Co 0238,186.0,Alluvial Soil,7.32,59.7,1221.5,29.8,64.8,Harvest,35.35,43.3
Uttar Pradesh,Co 0238,174.0,Alluvial Soil,7.32,47.5,1221.5,29.8,69.3,Planting,43.3,57.21
Uttar Pradesh,Co 0238,88.0,Alluvial Soil,7.2,50.7,1221.5,29.8,68.4,Germination,57.21,52.32
Uttar Pradesh,Co 0238,199.0,Black Soil,7.07,70.0,1221.5,29.8,80.2,Tillering,52.32,51.04
Uttar Pradesh,Co 0238,174.0,Alluvial Soil,6.86,48.0,1221.5,29.8,69.5,Grand Growth,51.04,53.49
Uttar Pradesh,Co 0238,206.0,Alluvial Soil,7.13,53.5,1221.5,29.8,64.4,Maturity,53.49,55.65
Uttar Pradesh,Co 0238,185.0,Alluvial Soil,7.07,37.6,1221.5,29.8,63.9,Harvest,55.65,54.24
Uttar Pradesh,Co 0238,230.0,Alluvial Soil,7.03,55.4,1221.5,29.8,70.8,Planting,54.24,63.75
Uttar Pradesh,Co 0238,219.0,Alluvial Soil,7.07,58.5,1221.5,29.8,66.2,Germination,63.75,65.78
Uttar Pradesh,Co 0238,10323.0,Alluvial Soil,6.46,50.2,1221.5,29.8,60.4,Germination,47.55,48.11
Uttar Pradesh,Co 0238,10230.0,Alluvial Soil,7.11,57.0,1221.5,29.8,63.0,Tillering,48.11,39.27
Uttar Pradesh,Co 0238,10266.0,Alluvial Soil,6.68,45.0,1221.5,29.8,73.3,Grand Growth,39.27,39.84
Uttar Pradesh,Co 0238,9650.0,Alluvial Soil,6.9,48.0,1221.5,29.8,65.7,Maturity,39.84,46.4
Uttar Pradesh,Co 0238,9637.0,Alluvial Soil,6.78,44.9,1221.5,29.8,69.0,Harvest,46.4,49.98
Uttar Pradesh,Co 0238,9999.0,Alluvial Soil,6.92,46.8,1221.5,29.8,57.6,Planting,49.98,42.71
Uttar Pradesh,Co 0238,10419.0,Alluvial Soil,6.83,49.6,1221.5,29.8,67.5,Germination,42.71,40.84
Uttar Pradesh,Co 0238,9823.0,Alluvial Soil,6.72,35.0,1221.5,29.8,71.4,Tillering,40.84,53.03
Uttar Pradesh,Co 0238,9984.0,Alluvial Soil,7.15,46.5,1221.5,29.8,62.6,Grand Growth,53.03,58.3
Uttar Pradesh,Co 0238,10423.0,Alluvial Soil,7.63,56.7,1221.5,29.8,66.7,Maturity,58.3,54.26
Uttar Pradesh,Co 0238,11431.0,Alluvial Soil,6.86,40.5,1221.5,29.8,66.9,Harvest,54.26,50.69
Uttar Pradesh,Co 0238,7724.0,Alluvial Soil,7.64,49.8,1221.5,29.8,67.1,Planting,50.69,46.06
Uttar Pradesh,Co 0238,10689.0,Alluvial Soil,7.23,47.9,1221.5,29.8,68.2,Germination,46.06,50.64
Uttar Pradesh,Co 0238,10140.0,Alluvial Soil,6.74,44.4,1221.5,29.8,78.1,Tillering,50.64,43.99
Uttar Pradesh,Co 0238,8973.0,Alluvial Soil,6.85,52.5,1221.5,29.8,71.4,Grand Growth,43.99,59.86
Uttar Pradesh,Co 0238,9482.0,Alluvial Soil,7.3,44.2,1221.5,29.8,64.2,Maturity,59.86,60.74
Uttar Pradesh,Co 0238,10192.0,Alluvial Soil,6.9,50.9,1221.5,29.8,60.6,Harvest,60.74,54.57
Uttar Pradesh,Co 0238,10951.0,Alluvial Soil,6.7,37.8,1221.5,29.8,68.3,Planting,54.57,59.25
Uttar Pradesh,Co 0238,2361.0,Alluvial Soil,6.72,36.1,1221.5,29.8,63.2,Grand Growth,45.0,40.02
Uttar Pradesh,Co 0238,2205.0,Alluvial Soil,7.6,47.5,1221.5,29.8,60.1,Maturity,40.02,30.9
Uttar Pradesh,Co 0238,2104.0,Alluvial Soil,7.23,48.7,1221.5,29.8,57.4,Harvest,30.9,39.93
Uttar Pradesh,Co 0238,1532.0,Alluvial Soil,7.63,49.2,1221.5,29.8,64.6,Planting,39.93,37.43
Uttar Pradesh,Co 0238,1402.0,Alluvial Soil,7.16,55.5,1221.5,29.8,68.3,Germination,37.43,48.22
Uttar Pradesh,Co 0238,1346.0,Alluvial Soil,6.95,42.9,1221.5,29.8,71.3,Tillering,48.22,60.75
Uttar Pradesh,Co 0238,1254.0,Alluvial Soil,6.68,50.0,1221.5,29.8,62.7,Grand Growth,60.75,39.51
Uttar Pradesh,Co 0238,1142.0,Alluvial Soil,7.46,43.6,1221.5,29.8,73.3,Maturity,39.51,57.91
Uttar Pradesh,Co 0238,779.0,Clay Loam,6.61,66.5,1221.5,29.8,67.5,Harvest,57.91,54.97
Uttar Pradesh,Co 0238,4606.0,Alluvial Soil,7.0,53.4,1221.5,29.8,68.6,Planting,54.97,57.05
Uttar Pradesh,Co 0238,1436.0,Alluvial Soil,6.75,45.5,1221.5,29.8,68.2,Germination,57.05,52.15
Uttar Pradesh,Co 0238,1434.0,Alluvial Soil,6.82,54.0,1221.5,29.8,66.3,Tillering,52.15,47.61
Uttar Pradesh,Co 0238,688.0,Alluvial Soil,7.25,38.5,1221.5,29.8,63.8,Grand Growth,47.61,57.17
Uttar Pradesh,Co 0238,1030.0,Alluvial Soil,7.67,59.4,1221.5,29.8,69.6,Maturity,57.17,54.0
Uttar Pradesh,Co 0238,1155.0,Alluvial Soil,7.47,49.2,1221.5,29.8,62.3,Harvest,54.0,59.71
Uttar Pradesh,Co 0238,942.0,Sandy Loam,6.87,47.6,1221.5,29.8,66.9,Planting,59.71,61.33
Uttar Pradesh,Co 0238,927.0,Alluvial Soil,6.92,48.6,1221.5,29.8,66.0,Germination,61.33,62.71
Uttar Pradesh,Co 0238,695.0,Alluvial Soil,7.05,48.9,1221.5,29.8,69.0,Tillering,62.71,65.91
Uttar Pradesh,Co 0238,7943.0,Clay Loam,6.75,63.4,1221.5,29.8,59.9,Tillering,45.0,41.06
Uttar Pradesh,Co 0238,8629.0,Alluvial Soil,7.3,50.4,1221.5,29.8,62.7,Grand Growth,41.06,44.44
Uttar Pradesh,Co 0238,8720.0,Alluvial Soil,6.87,43.5,1221.5,29.8,64.4,Maturity,44.44,40.24
Uttar Pradesh,Co 0238,8717.0,Alluvial Soil,7.23,47.5,1221.5,29.8,65.2,Harvest,40.24,32.45
Uttar Pradesh,Co 0238,5044.0,Alluvial Soil,6.69,49.9,1221.5,29.8,68.3,Planting,32.45,42.96
Uttar Pradesh,Co 0238,5006.0,Alluvial Soil,7.79,52.6,1221.5,29.8,72.3,Germination,42.96,42.05
Uttar Pradesh,Co 0238,5015.0,Sandy Loam,6.94,64.1,1221.5,29.8,66.5,Tillering,42.05,40.46
Uttar Pradesh,Co 0238,4092.0,Alluvial Soil,7.43,46.5,1221.5,29.8,62.3,Grand Growth,40.46,36.25
Uttar Pradesh,Co 0238,5362.0,Sandy Loam,6.44,46.5,1221.5,29.8,62.0,Maturity,36.25,44.07
Uttar Pradesh,Co 0238,4818.0,Alluvial Soil,6.92,42.6,1221.5,29.8,67.5,Harvest,44.07,41.47
Uttar Pradesh,Co 0238,4095.0,Alluvial Soil,7.39,51.9,1221.5,29.8,64.8,Planting,41.47,44.06
Uttar Pradesh,Co 0238,4142.0,Alluvial Soil,7.02,51.0,1221.5,29.8,71.9,Germination,44.06,44.18
Uttar Pradesh,Co 0238,3788.0,Red Loam,6.69,43.6,1221.5,29.8,68.7,Tillering,44.18,47.21
Uttar Pradesh,Co 0238,3972.0,Alluvial Soil,6.98,54.1,1221.5,29.8,71.3,Grand Growth,47.21,43.91
Uttar Pradesh,Co 0238,4056.0,Alluvial Soil,6.96,50.9,1221.5,29.8,69.1,Maturity,43.91,49.77
Uttar Pradesh,Co 0238,4163.0,Alluvial Soil,6.83,52.5,1221.5,29.8,66.5,Harvest,49.77,51.54
Uttar Pradesh,Co 0238,3901.0,Alluvial Soil,6.98,38.3,1221.5,29.8,73.6,Planting,51.54,60.74
Uttar Pradesh,Co 0238,3996.0,Alluvial Soil,6.84,49.4,1221.5,29.8,70.8,Germination,60.74,63.24
Uttarakhand,Co 86032,6795.0,Clay Loam,6.59,65.0,1400.0,31.4,70.5,Germination,58.61,55.0
Uttarakhand,Co 86032,6174.0,Alluvial Soil,7.5,53.4,1400.0,31.4,71.5,Tillering,55.0,55.0
Uttarakhand,Co 86032,42.0,Alluvial Soil,6.63,54.4,1400.0,31.4,63.1,Harvest,52.42,57.9
Uttarakhand,Co 86032,17.0,Alluvial Soil,6.82,58.0,1400.0,31.4,69.9,Planting,57.9,61.53
Uttarakhand,Co 86032,7.0,Alluvial Soil,7.06,60.6,1400.0,31.4,74.4,Germination,61.53,61.0
Uttarakhand,Co 86032,7.0,Alluvial Soil,6.88,54.0,1400.0,31.4,65.9,Tillering,61.0,62.0
Uttarakhand,Co 86032,2.0,Alluvial Soil,7.13,41.7,1400.0,31.4,68.7,Grand Growth,62.0,53.0
Uttarakhand,Co 86032,2.0,Alluvial Soil,6.68,65.1,1400.0,31.4,69.1,Maturity,53.0,62.5
Uttarakhand,Co 86032,2.0,Alluvial Soil,7.42,49.1,1400.0,31.4,59.8,Harvest,62.5,62.5
Uttarakhand,Co 86032,1.0,Alluvial Soil,7.05,53.2,1400.0,31.4,64.0,Planting,62.5,61.0
Uttarakhand,Co 86032,9.0,Alluvial Soil,6.65,70.3,1400.0,31.4,58.9,Germination,61.0,60.0
Uttarakhand,Co 86032,1.0,Alluvial Soil,7.44,51.5,1400.0,31.4,66.2,Tillering,60.0,57.0
Uttarakhand,Co 86032,9.0,Alluvial Soil,7.24,61.4,1400.0,31.4,76.6,Grand Growth,57.0,64.11
Uttarakhand,Co 86032,64543.0,Alluvial Soil,7.47,45.5,1400.0,31.4,69.7,Grand Growth,55.67,58.3
Uttarakhand,Co 86032,67615.0,Alluvial Soil,7.21,64.2,1400.0,31.4,72.1,Maturity,58.3,58.3
Uttarakhand,Co 86032,6071.0,Alluvial Soil,6.89,52.8,1400.0,31.4,64.5,Harvest,58.3,55.04
Uttarakhand,Co 86032,8154.0,Alluvial Soil,7.09,54.5,1400.0,31.4,72.8,Planting,55.04,55.0
Uttarakhand,Co 86032,5324.0,Alluvial Soil,7.25,63.0,1400.0,31.4,69.2,Germination,55.0,53.1
Uttarakhand,Co 86032,4899.0,Alluvial Soil,7.68,64.9,1400.0,31.4,64.7,Tillering,53.1,65.8
Uttarakhand,Co 86032,4855.0,Clay Loam,6.86,76.1,1400.0,31.4,64.0,Grand Growth,65.8,63.8
Uttarakhand,Co 86032,4988.0,Alluvial Soil,6.7,66.1,1400.0,31.4,66.7,Maturity,63.8,63.0
Uttarakhand,Co 86032,4966.0,Alluvial Soil,7.09,56.0,1400.0,31.4,64.3,Harvest,63.0,63.2
Uttarakhand,Co 86032,4556.0,Alluvial Soil,7.13,62.1,1400.0,31.4,80.4,Planting,63.2,58.7
Uttarakhand,Co 86032,4546.0,Alluvial Soil,7.19,50.7,1400.0,31.4,69.3,Germination,58.7,58.7
Uttarakhand,Co 86032,4414.0,Red Loam,6.72,56.9,1400.0,31.4,67.7,Tillering,58.7,60.0
Uttarakhand,Co 86032,4420.0,Alluvial Soil,7.04,62.5,1400.0,31.4,69.0,Grand Growth,60.0,60.2
Uttarakhand,Co 86032,3905.0,Alluvial Soil,6.7,60.6,1400.0,31.4,76.7,Maturity,60.2,65.2
Uttarakhand,Co 86032,4707.0,Alluvial Soil,7.11,56.8,1400.0,31.4,67.6,Harvest,65.2,65.8
Uttarakhand,Co 86032,72498.0,Alluvial Soil,7.03,61.9,1400.0,31.4,74.1,Grand Growth,59.88,61.9
Uttarakhand,Co 86032,69922.0,Alluvial Soil,7.23,50.1,1400.0,31.4,71.2,Maturity,61.9,61.9
Uttarakhand,Co 86032,67703.0,Alluvial Soil,6.67,49.5,1400.0,31.4,74.6,Harvest,61.9,62.1
Uttarakhand,Co 86032,70591.0,Alluvial Soil,6.87,51.5,1400.0,31.4,66.9,Planting,62.1,62.2
Uttarakhand,Co 86032,74944.0,Alluvial Soil,6.81,56.6,1400.0,31.4,69.2,Germination,62.2,61.4
Uttarakhand,Co 86032,74811.0,Alluvial Soil,7.3,50.8,1400.0,31.4,66.6,Tillering,61.4,61.9
Uttarakhand,Co 86032,69035.0,Alluvial Soil,7.16,63.6,1400.0,31.4,64.2,Grand Growth,61.9,51.7
Uttarakhand,Co 86032,66518.0,Alluvial Soil,7.61,51.2,1400.0,31.4,71.7,Maturity,51.7,60.3
Uttarakhand,Co 86032,68331.0,Clay Loam,7.18,73.6,1400.0,31.4,63.1,Harvest,60.3,60.3
Uttarakhand,Co 86032,69409.0,Alluvial Soil,7.13,56.2,1400.0,31.4,62.4,Planting,60.3,60.5
Uttarakhand,Co 86032,72123.0,Alluvial Soil,7.47,52.9,1400.0,31.4,67.3,Germination,60.5,60.5
Uttarakhand,Co 86032,75730.0,Alluvial Soil,7.04,41.6,1400.0,31.4,67.9,Tillering,60.5,56.6
Uttarakhand,Co 86032,72710.0,Alluvial Soil,7.57,58.1,1400.0,31.4,69.6,Grand Growth,56.6,59.2
Uttarakhand,Co 86032,6741.0,Alluvial Soil,7.09,55.2,1400.0,31.4,70.3,Harvest,62.8,59.7
Uttarakhand,Co 86032,6580.0,Red Loam,6.71,52.8,1400.0,31.4,69.0,Planting,59.7,59.7
Uttarakhand,Co 86032,6403.0,Alluvial Soil,6.82,57.0,1400.0,31.4,70.1,Germination,59.7,57.9
Uttarakhand,Co 86032,5133.0,Alluvial Soil,7.15,58.0,1400.0,31.4,68.1,Tillering,57.9,57.9
Uttarakhand,Co 86032,4559.0,Alluvial Soil,6.66,57.9,1400.0,31.4,72.1,Grand Growth,57.9,56.3
Uttarakhand,Co 86032,4550.0,Alluvial Soil,6.92,58.6,1400.0,31.4,60.3,Maturity,56.3,59.6
Uttarakhand,Co 86032,4680.0,Alluvial Soil,7.1,65.4,1400.0,31.4,64.4,Harvest,59.6,60.3
Uttarakhand,Co 86032,5354.0,Alluvial Soil,7.14,52.1,1400.0,31.4,72.7,Planting,60.3,62.0
Uttarakhand,Co 86032,4652.0,Alluvial Soil,7.34,64.4,1400.0,31.4,68.0,Germination,62.0,53.1
Uttarakhand,Co 86032,4004.0,Alluvial Soil,7.69,58.4,1400.0,31.4,66.0,Tillering,53.1,62.6
Uttarakhand,Co 86032,3953.0,Alluvial Soil,7.11,56.2,1400.0,31.4,60.7,Grand Growth,62.6,62.6
Uttarakhand,Co 86032,3952.0,Alluvial Soil,6.92,55.9,1400.0,31.4,82.3,Maturity,62.6,62.0
Uttarakhand,Co 86032,3960.0,Clay Loam,7.22,61.6,1400.0,31.4,61.9,Harvest,62.0,62.5
Uttarakhand,Co 86032,3915.0,Alluvial Soil,7.22,74.4,1400.0,31.4,68.7,Planting,62.5,56.6
Uttarakhand,Co 86032,3721.0,Alluvial Soil,7.23,54.5,1400.0,31.4,63.9,Germination,56.6,64.1
Uttarakhand,Co 86032,18.0,Alluvial Soil,6.98,53.0,1400.0,31.4,68.3,Harvest,56.13,61.5
Uttarakhand,Co 86032,10.0,Alluvial Soil,7.16,57.6,1400.0,31.4,66.8,Planting,61.5,61.0
Uttarakhand,Co 86032,5.0,Alluvial Soil,7.58,51.6,1400.0,31.4,58.3,Germination,61.0,61.4
Uttarakhand,Co 86032,5.0,Alluvial Soil,7.39,62.9,1400.0,31.4,69.0,Tillering,61.4,62.0
Uttarakhand,Co 86032,38399.0,Alluvial Soil,7.43,54.1,1400.0,31.4,69.7,Germination,55.48,59.7
Uttarakhand,Co 86032,38268.0,Alluvial Soil,7.36,56.7,1400.0,31.4,69.9,Tillering,59.7,59.7
Uttarakhand,Co 86032,37481.0,Alluvial Soil,7.04,69.3,1400.0,31.4,67.5,Grand Growth,59.7,57.9
Uttarakhand,Co 86032,33626.0,Alluvial Soil,6.71,56.9,1400.0,31.4,62.2,Maturity,57.9,57.9
Uttarakhand,Co 86032,28646.0,Alluvial Soil,7.43,48.6,1400.0,31.4,67.8,Harvest,57.9,56.3
Uttarakhand,Co 86032,27691.0,Alluvial Soil,6.47,62.2,1400.0,31.4,65.9,Planting,56.3,59.6
Uttarakhand,Co 86032,34385.0,Alluvial Soil,6.22,64.7,1400.0,31.4,70.7,Germination,59.6,60.3
Uttarakhand,Co 86032,37367.0,Alluvial Soil,7.49,52.5,1400.0,31.4,65.8,Tillering,60.3,62.0
Uttarakhand,Co 86032,29252.0,Alluvial Soil,7.13,50.5,1400.0,31.4,65.7,Grand Growth,62.0,53.1
Uttarakhand,Co 86032,24908.0,Alluvial Soil,6.83,62.0,1400.0,31.4,70.5,Maturity,53.1,62.6
Uttarakhand,Co 86032,25570.0,Alluvial Soil,7.58,61.6,1400.0,31.4,73.4,Harvest,62.6,62.6
Uttarakhand,Co 86032,26434.0,Alluvial Soil,7.06,72.9,1400.0,31.4,75.7,Planting,62.6,62.0
Uttarakhand,Co 86032,23471.0,Alluvial Soil,6.81,61.4,1400.0,31.4,74.4,Germination,62.0,62.5
Uttarakhand,Co 86032,22948.0,Alluvial Soil,7.04,47.2,1400.0,31.4,71.1,Tillering,62.5,56.6
Uttarakhand,Co 86032,19590.0,Alluvial Soil,6.97,56.1,1400.0,31.4,67.8,Grand Growth,56.6,64.1
Uttarakhand,Co 86032,1.0,Alluvial Soil,7.07,63.6,1400.0,31.4,70.0,Germination,63.24,62.0
West Bengal,Co 0238,183.0,Alluvial Soil,7.12,45.8,1221.5,29.8,58.5,Grand Growth,64.73,65.9
West Bengal,Co 0238,352.0,Alluvial Soil,7.1,52.2,1221.5,29.8,64.4,Maturity,65.9,65.8
West Bengal,Co 0238,1003.0,Alluvial Soil,7.13,44.0,1221.5,29.8,67.4,Harvest,65.8,59.28
West Bengal,Co 0238,1005.0,Alluvial Soil,6.53,43.5,1221.5,29.8,71.7,Planting,59.28,64.32
West Bengal,Co 0238,2453.0,Alluvial Soil,6.93,48.0,1221.5,29.8,68.1,Germination,64.32,73.43
West Bengal,Co 0238,407.0,Alluvial Soil,7.23,58.2,1221.5,29.8,68.4,Tillering,73.43,71.69
West Bengal,Co 0238,482.0,Alluvial Soil,6.8,53.9,1221.5,29.8,65.9,Grand Growth,71.69,76.0
West Bengal,Co 0238,317.0,Alluvial Soil,6.76,57.4,1221.5,29.8,67.5,Maturity,76.0,72.83
West Bengal,Co 0238,503.0,Alluvial Soil,7.61,46.1,1221.5,29.8,73.4,Harvest,72.83,76.32
West Bengal,Co 0238,403.0,Alluvial Soil,6.71,63.7,1221.5,29.8,62.0,Planting,76.32,67.96
West Bengal,Co 0238,447.0,Alluvial Soil,7.01,52.2,1221.5,29.8,60.4,Germination,67.96,110.42
West Bengal,Co 0238,403.0,Alluvial Soil,6.75,45.4,1221.5,29.8,62.7,Tillering,110.42,87.75
West Bengal,Co 0238,376.0,Alluvial Soil,7.56,52.8,1221.5,29.8,62.8,Grand Growth,87.75,47.09
West Bengal,Co 0238,824.0,Alluvial Soil,7.23,55.5,1221.5,29.8,69.8,Maturity,47.09,81.19
West Bengal,Co 0238,453.0,Alluvial Soil,7.39,41.7,1221.5,29.8,69.8,Harvest,81.19,85.67
West Bengal,Co 0238,714.0,Alluvial Soil,6.81,50.2,1221.5,29.8,64.2,Planting,85.67,101.32
West Bengal,Co 0238,1781.0,Alluvial Soil,7.2,44.5,1221.5,29.8,60.8,Germination,101.32,100.23
West Bengal,Co 0238,885.0,Black Soil,6.91,66.9,1221.5,29.8,68.7,Tillering,100.23,93.03
West Bengal,Co 0238,35.0,Alluvial Soil,7.16,56.0,1221.5,29.8,63.9,Tillering,68.46,66.0
West Bengal,Co 0238,308.0,Alluvial Soil,7.47,48.1,1221.5,29.8,54.3,Grand Growth,66.0,65.81
West Bengal,Co 0238,28.0,Sandy Loam,7.31,41.9,1221.5,29.8,65.1,Maturity,65.81,59.29
West Bengal,Co 0238,27.0,Alluvial Soil,7.31,55.2,1221.5,29.8,69.1,Harvest,59.29,64.44
West Bengal,Co 0238,58.0,Alluvial Soil,7.09,50.7,1221.5,29.8,73.7,Planting,64.44,73.43
West Bengal,Co 0238,214.0,Clay Loam,7.22,56.4,1221.5,29.8,74.0,Germination,73.43,71.69
West Bengal,Co 0238,205.0,Alluvial Soil,7.24,55.4,1221.5,29.8,69.6,Tillering,71.69,111.81
West Bengal,Co 0238,47.0,Alluvial Soil,7.19,47.0,1221.5,29.8,68.3,Grand Growth,111.81,72.83
West Bengal,Co 0238,59.0,Alluvial Soil,6.85,43.9,1221.5,29.8,69.0,Maturity,72.83,76.32
West Bengal,Co 0238,51.0,Alluvial Soil,7.13,44.5,1221.5,29.8,78.8,Harvest,76.32,67.96
West Bengal,Co 0238,56.0,Black Soil,6.86,64.7,1221.5,29.8,63.8,Planting,67.96,110.43
West Bengal,Co 0238,19.0,Black Soil,7.01,64.3,1221.5,29.8,68.1,Germination,110.43,87.74
West Bengal,Co 0238,76.0,Red Loam,6.24,45.9,1221.5,29.8,70.8,Tillering,87.74,47.09
West Bengal,Co 0238,28.0,Black Soil,7.77,53.3,1221.5,29.8,71.9,Grand Growth,47.09,81.18
West Bengal,Co 0238,86.0,Alluvial Soil,6.5,52.2,1221.5,29.8,64.7,Maturity,81.18,85.67
West Bengal,Co 0238,74.0,Alluvial Soil,7.32,53.9,1221.5,29.8,57.5,Harvest,85.67,101.32
West Bengal,Co 0238,27.0,Alluvial Soil,7.2,59.5,1221.5,29.8,61.7,Planting,101.32,100.22
West Bengal,Co 0238,26.0,Alluvial Soil,7.12,48.4,1221.5,29.8,63.2,Germination,100.22,93.04
West Bengal,Co 0238,468.0,Alluvial Soil,7.21,46.0,1221.5,29.8,67.6,Harvest,82.51,84.44
West Bengal,Co 0238,364.0,Alluvial Soil,7.42,50.4,1221.5,29.8,76.7,Planting,84.44,89.59
West Bengal,Co 0238,297.0,Alluvial Soil,7.41,59.5,1221.5,29.8,64.9,Germination,89.59,97.1
West Bengal,Co 0238,24.0,Alluvial Soil,6.87,43.9,1221.5,29.8,74.6,Tillering,97.1,72.08
West Bengal,Co 0238,12.0,Alluvial Soil,7.4,46.5,1221.5,29.8,61.9,Grand Growth,72.08,98.67
West Bengal,Co 0238,13.0,Alluvial Soil,6.92,47.0,1221.5,29.8,72.9,Maturity,98.67,55.54
West Bengal,Co 0238,8.0,Alluvial Soil,7.1,45.8,1221.5,29.8,68.6,Harvest,55.54,70.62
West Bengal,Co 0238,18.0,Alluvial Soil,7.11,46.0,1221.5,29.8,62.0,Planting,70.62,54.89
West Bengal,Co 0238,13.0,Alluvial Soil,6.82,46.5,1221.5,29.8,68.1,Germination,54.89,44.08
West Bengal,Co 0238,9.0,Alluvial Soil,7.29,53.6,1221.5,29.8,62.4,Tillering,44.08,73.56
West Bengal,Co 0238,14.0,Alluvial Soil,7.12,43.4,1221.5,29.8,66.9,Grand Growth,73.56,78.07
West Bengal,Co 0238,26.0,Alluvial Soil,7.09,43.4,1221.5,29.8,70.5,Maturity,78.07,121.88
West Bengal,Co 0238,10.0,Alluvial Soil,7.22,49.0,1221.5,29.8,68.7,Harvest,121.88,83.1
West Bengal,Co 0238,1.0,Black Soil,8.16,52.3,1221.5,29.8,66.4,Planting,83.1,38.0
West Bengal,Co 0238,12.0,Clay Loam,7.13,63.0,1221.5,29.8,61.1,Germination,38.0,176.17
West Bengal,Co 0238,1.0,Clay Loam,6.88,65.1,1221.5,29.8,60.5,Tillering,176.17,141.0
West Bengal,Co 0238,1.0,Alluvial Soil,7.02,52.4,1221.5,29.8,65.3,Grand Growth,141.0,125.0
West Bengal,Co 0238,5.0,Sandy Loam,7.05,38.7,1221.5,29.8,69.7,Maturity,125.0,78.6
West Bengal,Co 0238,1181.0,Clay Loam,6.77,58.8,1221.5,29.8,71.7,Maturity,62.28,60.76
West Bengal,Co 0238,1116.0,Alluvial Soil,7.38,45.4,1221.5,29.8,70.6,Harvest,60.76,65.15
West Bengal,Co 0238,923.0,Alluvial Soil,7.11,44.8,1221.5,29.8,72.1,Planting,65.15,64.98
West Bengal,Co 0238,373.0,Alluvial Soil,7.14,42.4,1221.5,29.8,67.9,Germination,64.98,63.19
West Bengal,Co 0238,762.0,Alluvial Soil,7.3,40.3,1221.5,29.8,69.3,Tillering,63.19,66.15
West Bengal,Co 0238,705.0,Alluvial Soil,7.04,50.5,1221.5,29.8,66.8,Grand Growth,66.15,66.29
West Bengal,Co 0238,709.0,Alluvial Soil,6.77,62.5,1221.5,29.8,78.8,Maturity,66.29,68.59
West Bengal,Co 0238,740.0,Alluvial Soil,7.07,42.9,1221.5,29.8,72.2,Harvest,68.59,53.34
West Bengal,Co 0238,462.0,Alluvial Soil,6.89,50.6,1221.5,29.8,68.4,Planting,53.34,70.59
West Bengal,Co 0238,2820.0,Alluvial Soil,7.6,57.5,1221.5,29.8,77.8,Germination,70.59,80.61
West Bengal,Co 0238,817.0,Alluvial Soil,7.34,60.6,1221.5,29.8,68.9,Tillering,80.61,68.73
West Bengal,Co 0238,636.0,Alluvial Soil,7.12,56.2,1221.5,29.8,67.6,Grand Growth,68.73,74.2
West Bengal,Co 0238,1070.0,Black Soil,7.58,54.4,1221.5,29.8,62.4,Maturity,74.2,80.83
West Bengal,Co 0238,1193.0,Alluvial Soil,6.83,50.3,1221.5,29.8,74.4,Harvest,80.83,95.06
West Bengal,Co 0238,1469.0,Alluvial Soil,7.3,45.5,1221.5,29.8,65.7,Planting,95.06,45.18
West Bengal,Co 0238,1527.0,Alluvial Soil,7.34,56.0,1221.5,29.8,68.2,Germination,45.18,45.52
West Bengal,Co 0238,1577.0,Alluvial Soil,7.01,57.2,1221.5,29.8,71.3,Tillering,45.52,64.4
West Bengal,Co 0238,1440.0,Alluvial Soil,6.69,47.4,1221.5,29.8,62.7,Grand Growth,64.4,79.0
West Bengal,Co 0238,1891.0,Alluvial Soil,7.39,63.0,1221.5,29.8,69.1,Maturity,45.0,42.21
West Bengal,Co 0238,1738.0,Alluvial Soil,7.03,55.0,1221.5,29.8,61.8,Harvest,42.21,42.96
West Bengal,Co 0238,814.0,Black Soil,7.55,54.7,1221.5,29.8,73.5,Planting,42.96,97.1
West Bengal,Co 0238,843.0,Alluvial Soil,7.22,39.2,1221.5,29.8,64.4,Germination,97.1,62.49
West Bengal,Co 0238,893.0,Alluvial Soil,6.61,54.0,1221.5,29.8,62.7,Tillering,62.49,53.42
West Bengal,Co 0238,1045.0,Alluvial Soil,7.06,46.5,1221.5,29.8,62.5,Grand Growth,53.42,50.92
West Bengal,Co 0238,948.0,Alluvial Soil,7.03,47.9,1221.5,29.8,78.1,Maturity,50.92,58.55
West Bengal,Co 0238,1137.0,Alluvial Soil,6.59,56.3,1221.5,29.8,66.1,Harvest,58.55,61.09
West Bengal,Co 0238,1431.0,Alluvial Soil,7.23,49.7,1221.5,29.8,68.7,Planting,61.09,64.04
West Bengal,Co 0238,1547.0,Alluvial Soil,7.2,57.1,1221.5,29.8,65.4,Germination,64.04,66.72
West Bengal,Co 0238,1548.0,Alluvial Soil,6.65,50.4,1221.5,29.8,68.5,Tillering,66.72,76.1
West Bengal,Co 0238,1614.0,Alluvial Soil,6.79,46.6,1221.5,29.8,62.1,Grand Growth,76.1,78.34
West Bengal,Co 0238,654.0,Alluvial Soil,7.16,44.5,1221.5,29.8,72.5,Maturity,78.34,99.37
West Bengal,Co 0238,652.0,Alluvial Soil,6.7,44.5,1221.5,29.8,62.9,Harvest,99.37,89.12
West Bengal,Co 0238,843.0,Alluvial Soil,7.58,41.6,1221.5,29.8,61.1,Planting,89.12,85.99
West Bengal,Co 0238,842.0,Alluvial Soil,7.12,49.2,1221.5,29.8,61.4,Germination,85.99,63.94
West Bengal,Co 0238,756.0,Alluvial Soil,7.29,38.1,1221.5,29.8,72.2,Tillering,63.94,67.17
West Bengal,Co 0238,717.0,Alluvial Soil,7.12,51.6,1221.5,29.8,71.8,Grand Growth,67.17,84.81
West Bengal,Co 0238,8.0,Alluvial Soil,7.25,49.3,1221.5,29.8,62.2,Grand Growth,79.5,77.5
West Bengal,Co 0238,1.0,Alluvial Soil,6.73,60.4,1221.5,29.8,71.7,Maturity,77.5,84.0
West Bengal,Co 0238,9.0,Alluvial Soil,7.19,56.6,1221.5,29.8,70.6,Harvest,84.0,65.78
West Bengal,Co 0238,3.0,Alluvial Soil,6.94,56.9,1221.5,29.8,70.3,Planting,65.78,74.33
West Bengal,Co 0238,5.0,Alluvial Soil,7.49,50.9,1221.5,29.8,61.0,Germination,74.33,68.0
West Bengal,Co 0238,8.0,Alluvial Soil,7.03,63.6,1221.5,29.8,67.3,Tillering,68.0,102.5
West Bengal,Co 0238,756.0,Alluvial Soil,7.32,48.6,1221.5,29.8,74.4,Grand Growth,102.5,116.39
West Bengal,Co 0238,760.0,Alluvial Soil,7.07,43.9,1221.5,29.8,61.9,Maturity,116.39,104.57
West Bengal,Co 0238,735.0,Black Soil,7.35,60.4,1221.5,29.8,69.7,Harvest,104.57,102.37
West Bengal,Co 0238,455.0,Sandy Loam,6.7,53.4,1221.5,29.8,75.2,Planting,102.37,107.02
West Bengal,Co 0238,19.0,Alluvial Soil,6.84,38.3,1221.5,29.8,67.6,Maturity,115.01,121.37
Maharashtra,Co 86032,7.37,Black Soil,8.07,73.0,1400.0,31.4,74.2,Maturity,96.01,103.0
Maharashtra,Co 86032,1.72,Black Soil,7.73,71.8,1400.0,31.4,66.4,Harvest,86.06,83.0
Maharashtra,Co 86032,0.98,Black Soil,7.52,67.0,1400.0,31.4,58.2,Planting,117.06,117.0
Maharashtra,Co 86032,1.31,Black Soil,7.36,61.8,1400.0,31.4,65.8,Germination,97.53,102.0
Maharashtra,Co 86032,0.8,Black Soil,7.17,56.8,1400.0,31.4,84.9,Tillering,103.14,99.0
Maharashtra,Co 86032,6.15,Black Soil,7.49,69.5,1400.0,31.4,64.3,Grand Growth,88.48,93.0
Maharashtra,Co 86032,2.18,Black Soil,7.64,81.4,1400.0,31.4,74.2,Maturity,93.4,95.0
Maharashtra,Co 86032,2.29,Black Soil,7.27,70.9,1400.0,31.4,68.7,Harvest,112.61,117.0
Maharashtra,Co 86032,5.67,Sandy Loam,6.37,60.1,1400.0,31.4,65.6,Planting,84.82,92.0
Maharashtra,Co 86032,7.26,Black Soil,7.62,61.4,1400.0,31.4,68.8,Germination,101.42,103.0
Maharashtra,Co 86032,5.01,Black Soil,7.8,72.6,1400.0,31.4,69.2,Tillering,95.53,103.0
Maharashtra,Co 86032,5.19,Black Soil,8.18,68.0,1400.0,31.4,66.1,Grand Growth,123.86,135.0
Maharashtra,Co 86032,8.08,Sandy Loam,6.75,59.4,1400.0,31.4,74.2,Maturity,117.46,129.0
Maharashtra,Co 86032,1.72,Black Soil,7.36,59.6,1400.0,31.4,75.6,Harvest,82.35,81.0
Maharashtra,Co 86032,7.64,Black Soil,7.41,75.5,1400.0,31.4,61.6,Planting,105.31,101.0
Maharashtra,Co 86032,4.46,Black Soil,7.11,59.9,1400.0,31.4,68.5,Germination,81.57,80.0
Maharashtra,Co 86032,4.28,Black Soil,7.36,71.8,1400.0,31.4,71.9,Tillering,84.21,86.0
Maharashtra,Co 86032,6.6,Black Soil,7.77,73.4,1400.0,31.4,67.4,Grand Growth,89.5,88.0
Maharashtra,Co 86032,7.37,Black Soil,7.68,65.1,1400.0,31.4,72.1,Maturity,100.16,94.0
Maharashtra,Co 86032,3.43,Black Soil,7.45,73.1,1400.0,31.4,69.0,Harvest,107.16,103.0
Maharashtra,Co 86032,7.06,Red Loam,7.13,47.7,1400.0,31.4,64.2,Planting,106.81,103.0
Maharashtra,Co 86032,1.17,Black Soil,7.16,65.6,1400.0,31.4,75.7,Germination,76.13,80.0
Maharashtra,Co 86032,4.07,Clay Loam,6.96,70.1,1400.0,31.4,67.8,Tillering,122.64,121.0
Maharashtra,Co 86032,3.68,Black Soil,7.94,59.6,1400.0,31.4,79.0,Grand Growth,114.02,115.0
Maharashtra,Co 86032,2.86,Black Soil,7.17,74.7,1400.0,31.4,72.5,Maturity,94.26,103.0
Maharashtra,Co 86032,2.05,Black Soil,7.63,76.3,1400.0,31.4,72.8,Harvest,116.13,108.0
Maharashtra,Co 86032,8.27,Sandy Loam,6.66,65.8,1400.0,31.4,72.2,Planting,45.0,48.0
Maharashtra,Co 86032,3.99,Black Soil,7.33,83.3,1400.0,31.4,59.4,Germination,109.09,103.0
Maharashtra,Co 86032,2.14,Black Soil,7.32,65.2,1400.0,31.4,60.8,Tillering,109.75,103.0
Maharashtra,Co 86032,0.86,Black Soil,7.08,73.7,1400.0,31.4,73.8,Grand Growth,97.42,103.0
Maharashtra,Co 86032,2.28,Black Soil,7.58,64.0,1400.0,31.4,66.1,Maturity,108.81,103.0
Maharashtra,Co 86032,6.73,Black Soil,7.07,83.3,1400.0,31.4,71.4,Harvest,100.59,103.0
